file,masked_line_no,cntx_start,cntx_end,masked_line,prediction,whole_prediction,loss,generated_tokens,log_prob_scores,first_token_var,exact_match,num_generated_lines,log_seq_prob,normalized_seq_prob,generated_token_length,log_seq_prob_first_line,normalized_log_seq_prob_first_line,first_line_length,seq_prob_first_line_var,vul_label,mask_ast_complexity,pred_ast_complexity,first_line_pred_ast_complexity,mask_pred_ast_ratio,loss_to_pred_ratio,scaled_first_token_var,neg_exact_match,masked_line_token_length,length_ratio,lev_dist,lev_ratio,ast_dist,new_score
~/anvil/data/cve-targets/libtiff_repo_libtiff_tif_pixarlog.c,877,866,919,: LogK1*log(v*LogK2) + 0.5 ),: (int32_t) (v*4095.99999999999999999,		  : (int32_t) (v*4095.99999999999999999,1.627616047859192,"[[12, 12, 29871, 584, 313, 524, 29941, 29906, 29918, 29873, 29897, 313, 29894, 29930, 29946, 29900, 29929, 29945, 29889, 29929, 29929, 29929, 29929, 29929, 29929, 29929, 29929, 29929, 29929, 29929, 29929, 29929, 29929, 29929, 29929, 29929]]","[-0.006709073204547167, -0.005356839392334223, -0.0279531367123127, -0.0012973472476005554, -0.9270895719528198, -1.0898038148880005, -0.544445276260376, -1.2993727978027891e-05, -0.0010296764085069299, -8.082063141046092e-05, -0.6262006163597107, -1.0366477966308594, -0.3610328733921051, -0.4792104959487915, -1.2376106977462769, -0.6538232564926147, -0.03473028913140297, -0.48614078760147095, -0.5179368853569031, -0.9868373274803162, -0.10894603282213211, -0.5009477138519287, -0.954717755317688, -0.776278555393219, -0.7641010880470276, -0.7950511574745178, -0.5287966728210449, -0.3124768137931824, -0.36374256014823914, -0.3601822555065155, -0.28105029463768005, -0.519891083240509, -0.8767870664596558, -0.5034957528114319, -0.4459850788116455, -0.46149104833602905]",8.721515655517578,False,0.0,-17.577890506038784,-0.4882747362788551,36.0,-17.577890506038784,-0.4882747362788551,36.0,0.12341008080767457,0,18,11,11,1.6363636363636365,-3.3334021339364477,-1.0599411765482047,True,19,0.5277777777777778,32.0,0.24615384615384617,13.0,2.3492555500510877
~/anvil/data/cve-targets/libsndfile_repo_src_common.c,620,470,684,psf->header.ptr [psf->header.indx] = 0 ;,psf->header.ptr [psf->header.indx - 1] = 0 ;,					psf->header.ptr [psf->header.indx - 1] = 0 ;,0.1738153100013733,"[[12, 12, 12, 12, 12, 567, 29888, 976, 6672, 29889, 7414, 518, 567, 29888, 976, 6672, 29889, 513, 29916, 448, 29871, 29896, 29962, 353, 29871, 29900, 2056, 32010, 2]]","[-0.005641728173941374, -5.0424259825376794e-05, -2.586808113846928e-05, -2.169585604860913e-05, -0.000120751719805412, -0.3705822229385376, -6.198863957251888e-06, -0.0029714026022702456, -0.00020728347590193152, -1.4662635294371285e-05, -0.0034407719504088163, -0.0011435167398303747, -0.0006803343421779573, -8.344646857949556e-07, -1.2874520507466514e-05, -2.407998726994265e-05, -4.887569048150908e-06, -0.0004472924047149718, -5.8412379075889476e-06, -0.026946302503347397, -0.013277093879878521, -0.01395609974861145, -0.001085764612071216, -0.0002609150833450258, -0.006404944229871035, -0.0005952732171863317, -0.00031096869497559965, -0.10948158800601959, 0.0]",9.439495086669922,False,0.0,-0.5577216217985779,-0.019231780062019928,29.0,-0.4482400337925583,-0.016601482733057712,27.0,0.004854968272095108,1,24,27,27,0.8888888888888888,-10.469866625543238,-1.0410855084930721,True,19,0.6551724137931034,4.0,0.9523809523809523,3.0,2.1906136578015385
~/anvil/data/cve-targets/poppler_repo_poppler_SplashOutputDev.cc,1699,1633,1887,doAdjustFontMatrix = true;,faceIndex = fontLoc->faceIndex;,"           faceIndex = fontLoc->faceIndex;
            if (font",0.5644024610519409,"[[9651, 3700, 3220, 353, 4079, 3524, 976, 2161, 3220, 29936, 13, 9651, 565, 313, 5657]]","[-0.10982739180326462, -0.7391136288642883, -0.0001652104256208986, -0.00041154498467221856, -0.07195935398340225, -0.0005062728887423873, -4.756337511935271e-05, -0.014983609318733215, -0.0020140379201620817, -0.00395575538277626, -0.08330141752958298, -0.1770009696483612, -0.9407652616500854, -0.2543143630027771, -0.12029344588518143]",11.765582084655762,False,1.0,-2.5186598266627698,-0.16791065511085132,15.0,-1.2032867561247258,-0.10027389634372715,12.0,0.04011533725735843,0,7,13,10,0.5384615384615384,-5.628608058843505,-1.018049200964455,True,8,0.5333333333333333,25.0,0.2807017543859649,5.0,2.121063048040564
~/anvil/data/cve-targets/libtiff_repo_libtiff_tif_next.c,34,26,38,case 1:	op[0] |= (v) << 4; break;	\,case 1:	op[0] |= (v) << 4; break;	\,	case 1:	op[0] |= (v) << 4; break;	\,0.0083096781745553,"[[12, 4878, 29871, 29896, 29901, 12, 459, 29961, 29900, 29962, 891, 29922, 313, 29894, 29897, 3532, 29871, 29946, 29936, 2867, 29936, 12, 29905, 32010, 2]]","[-0.0016568278660997748, -0.0013947292463853955, -2.145764938177308e-06, -0.00036244976217858493, -5.602820692729438e-06, -0.003389449091628194, -0.0037549480330199003, -8.904537389753386e-05, -0.028122950345277786, -8.940656698541716e-06, -0.05445702373981476, -1.1205610462639015e-05, -0.013081209734082222, -0.019979069009423256, -0.0013260389678180218, -0.0253270473331213, -0.00016532962035853416, -0.004364963620901108, -0.00024625606602057815, -0.010079083032906055, -0.003946850076317787, -0.006521846167743206, -0.012058809399604797, -0.0789007619023323, -3.576278118089249e-07]",13.732789993286133,True,0.0,-0.269252940869535,-0.0107701176347814,25.0,-0.19035182133939088,-0.008276166145190908,23.0,0.00016301117815572394,0,25,25,25,1.0,-1.0040492214361676,-1.0693686693382065,False,22,0.88,0.0,1.0,0.0,1.108271155971859
~/anvil/data/cve-targets/libtiff_repo_libtiff_tif_next.c,118,39,140,while (n-- > 0 && npixels < imagewidth),if (npixels + n > imagewidth),"				if (npixels + n > imagewidth)
					n = imagewidth",0.564393937587738,"[[12, 12, 12, 12, 361, 313, 9302, 861, 1379, 718, 302, 1405, 1967, 2103, 29897, 13, 12, 12, 12, 12, 12, 29876, 353, 1967, 2103]]","[-0.5130116939544678, -0.0012417471734806895, -0.0006384003208950162, -0.001348301419056952, -0.21636095643043518, -0.4573896527290344, -0.6226800084114075, -3.3378044463461265e-05, -3.4570634852570947e-06, -0.3071037828922272, -0.04709329828619957, -0.03751453012228012, -0.0379609651863575, -4.291525328881107e-06, -0.14849314093589783, -0.13946519792079926, -0.06086502969264984, -0.00027426297310739756, -0.0003630455757956952, -0.0002706876548472792, -0.2450464367866516, -0.2932966351509094, -0.007674022112041712, -0.28373774886131287, -9.059865078597795e-06]",9.930146217346191,False,1.0,-3.421879731088211,-0.13687518924352843,25.0,-2.8371622650988684,-0.13510296500470803,21.0,0.034678843473717164,1,20,19,15,1.0526315789473684,-4.177509631769149,-1.0283932663739215,True,15,0.6,19.0,0.6764705882352942,11.0,2.245712843639668
~/anvil/data/cve-targets/libxml2_repo_xmlstring.c,636,628,685,goto error;,goto error;,       goto error;,0.0197969414293766,"[[4706, 2355, 29877, 1059, 29936, 32010, 2]]","[-0.043378498405218124, -0.08019216358661652, -4.172316494077677e-06, -5.590759246842936e-05, -0.00013493580627255142, -0.0867546871304512, -1.1920928244535389e-07]",7.752561092376709,True,0.0,-0.21052048404680335,-0.03007435486382905,7.0,-0.1237656777070697,-0.02475313554141394,5.0,0.001049781995935012,0,5,5,5,1.0,-0.7997750990477454,-1.0859305583069512,False,4,0.5714285714285714,0.0,1.0,0.0,0.8461762168871438
~/anvil/data/cve-targets/libsndfile_repo_src_ulaw.c,829,823,835,{,{	/*,		{	/* ,1.026976227760315,"[[12, 12, 29912, 12, 5515, 29871]]","[-0.002172730630263686, -0.14766013622283936, -0.013608070090413094, -0.6604443788528442, -0.5979700088500977, -2.7180469036102295]",9.075632095336914,False,0.0,-4.1399022282566875,-0.6899837047094479,6.0,-4.1399022282566875,-0.6899837047094479,6.0,0.8911770364732564,1,2,4,4,0.5,-1.4884064953284288,-1.050599025283694,True,1,0.16666666666666666,3.0,0.4,3.0,2.077186877855634
~/anvil/data/cve-targets/libpng_repo_png.c,2391,2368,2463,default:  goto PNG_FP_End;,default:  goto PNG_FP_End; /* not a number */,     default:  goto PNG_FP_End; /* not a number */,0.1201835200190544,"[[418, 2322, 29901, 29871, 2355, 29877, 349, 9312, 29918, 26353, 29918, 5044, 29936, 4949, 451, 263, 1353, 3776, 32010, 2]]","[-0.07438859343528748, -0.4225720763206482, -0.005480265710502863, -0.283523291349411, -0.7220499515533447, -8.344646857949556e-07, -0.00021944021864328533, -2.622600959512056e-06, -2.7418097943154862e-06, -2.8132995794294402e-05, -5.722029527532868e-06, -0.0005569098866544664, -0.0008027906878851354, -0.8508352637290955, -0.7529903650283813, -0.2951100170612335, -0.7821776866912842, -0.28641313314437866, -0.15606334805488586, 0.0]",6.790149211883545,False,0.0,-4.633223186772398,-0.2316611593386199,20.0,-4.477159838717512,-0.24873110215097288,18.0,0.09689466788486317,0,8,9,9,0.8888888888888888,-0.48318653750871227,-1.1123752276560765,True,12,0.6,19.0,0.7323943661971831,1.0,1.8398404293756487
~/anvil/data/cve-targets/lua_repo_lvm.c,884,783,922,}},}}," }}
/*",0.0210373438894748,"[[29871, 9156, 13, 5515]]","[-0.0036497190594673157, -0.03841982036828995, -0.002379326382651925, -0.03279544413089752]",9.598594665527344,True,1.0,-0.07724430994130671,-0.019311077485326678,4.0,-0.04444886581040919,-0.01481628860346973,3.0,0.0002788323388119895,0,3,5,3,0.6,-1.4198794618881954,-1.0369528261428422,False,1,0.25,0.0,1.0,0.0,0.932939590050713
~/anvil/data/cve-targets/sqlite3_repo_src_window.c,870,847,878,pSub->flags &= ~(EP_IntValue|EP_IsTrue|EP_IsFalse);,"pSub->u.zToken = sqlite3DbStrDup(db, ""NULL"");","         pSub->u.zToken = sqlite3DbStrDup(db, ""NULL"");",0.8464462757110596,"[[3986, 282, 4035, 976, 29884, 29889, 29920, 6066, 353, 21120, 29941, 10234, 5015, 29928, 786, 29898, 2585, 29892, 376, 10074, 1496, 32010, 2]]","[-0.2165941596031189, -0.39671415090560913, -0.05775589868426323, -0.0167726781219244, -0.7730904221534729, -0.002466971054673195, -0.05936408042907715, -0.001821407931856811, -0.07872746139764786, -0.798846960067749, -0.0037292949855327606, -0.1371653825044632, -0.01519544143229723, -0.01754525490105152, -1.4305104514278355e-06, -0.010537815280258656, -0.07090893387794495, -0.011108577251434326, -0.08083394169807434, -0.12312889844179153, -0.008507557213306427, -0.5422923564910889, 0.0]",10.803062438964844,False,0.0,-3.423109074937088,-0.1488308293450908,23.0,-2.880816718445999,-0.13718174849742854,21.0,0.0526033455765132,1,21,23,23,0.9130434782608695,-6.170254315769464,-1.006193846200666,True,22,0.9565217391304348,39.0,0.3125,16.0,2.358766684053201
~/anvil/data/cve-targets/php_repo_ext_phar_util.c,399,288,436,return FAILURE;,return FAILURE;,					return FAILURE;,0.0011065825819969,"[[12, 12, 12, 12, 12, 2457, 13515, 6227, 11499, 29936, 32010, 2]]","[-0.0006618693005293608, -1.0967194612021558e-05, -0.00019929806876461953, -1.156323378381785e-05, -0.0005351065192371607, -0.009501710534095764, -0.00019929806876461953, -1.4305104514278355e-06, -6.9141146923357155e-06, -1.2755313036905136e-05, -0.3673834502696991, 0.0]",16.932125091552734,True,0.0,-0.37852436312766713,-0.031543696927305596,12.0,-0.011140912857968033,-0.0011140912857968033,10.0,7.86748250782886e-06,0,5,5,5,1.0,-0.9932602436661794,-1.158413994124,False,5,0.4166666666666667,0.0,1.0,0.0,0.6810207750578436
~/anvil/data/cve-targets/openssl_repo_crypto_x509_x509_obj.c,79,17,173,"ascii2ebcdic(ebcdic_buf, q, (num > (int)sizeof(ebcdic_buf))","memcpy(ebcdic_buf, q, num > sizeof(ebcdic_buf)","           memcpy(ebcdic_buf, q, num > sizeof(ebcdic_buf)",0.3106167614459991,"[[9651, 2626, 23141, 29898, 774, 2252, 293, 29918, 9721, 29892, 3855, 29892, 954, 1405, 13810, 29898, 774, 2252, 293, 29918, 9721, 29897, 32010, 2]]","[-0.011471973732113838, -1.73134183883667, -0.45493990182876587, -0.018990252166986465, -0.00518121849745512, -1.6331539882230572e-05, -7.152555099310121e-07, -1.728519782773219e-05, -2.4676019165781327e-05, -0.002277996391057968, -0.39449062943458557, -0.0002325502864550799, -0.917558491230011, -0.3037779629230499, -0.41779041290283203, -0.0009179668850265443, -0.00014411364099942148, -1.4305104514278355e-06, -2.3841855067985307e-07, -4.768360213347478e-06, -3.576272320060525e-06, -0.00012110930401831865, -0.041478175669908524, 0.0]",11.611860275268556,False,0.0,-4.300783615303857,-0.17919931730432737,24.0,-4.259305439633948,-0.19360479271063402,22.0,0.16567202070021947,1,24,16,16,1.5,-1.604385702942043,-1.0141442999955035,True,29,1.2083333333333333,17.0,0.8,9.0,2.2760171428439664
~/anvil/data/cve-targets/poppler_repo_poppler_FileSpec.cc,237,195,266,name->del(0);,name->del(0);,"           name->del(0);
            name->del",0.0881145969033241,"[[9651, 1024, 976, 6144, 29898, 29900, 416, 13, 9651, 1024, 976, 6144]]","[-0.001082311267964542, -0.24859490990638733, -0.0043060919269919395, -0.18641875684261322, -0.0017861855449154973, -0.08296047151088715, -0.0021749907173216343, -0.289819598197937, -0.0894012376666069, -0.6932649612426758, -0.00033945043105632067, -0.23915494978427887]",10.019575119018556,True,1.0,-1.8393039150396362,-0.153275326253303,12.0,-0.9065445535816252,-0.10072717262018058,9.0,0.011570640877293174,0,12,18,12,0.6666666666666666,-0.8747847736735781,-1.026096632640983,False,6,0.5,0.0,1.0,0.0,1.0718369586936944
~/anvil/data/cve-targets/libxml2_repo_parser.c,3215,3152,3216,"return(xmlDictLookup(ctxt->dict, (end - len), len));",if (ctxt->input->cur == end) {,"   if (ctxt->input->cur == end) {
	return(NULL);
    }
    if (ctxt->input->",0.9568278789520264,"[[1678, 565, 313, 312, 486, 976, 2080, 976, 2764, 1275, 1095, 29897, 426, 13, 12, 2457, 29898, 10074, 416, 13, 1678, 500, 13, 1678, 565, 313, 312, 486, 976, 2080, 976]]","[-0.24042575061321259, -0.774289608001709, -0.33746132254600525, -1.1926817893981934, -0.0006955826538614929, -0.0006021831650286913, -0.929631769657135, -0.44452422857284546, -0.5045489072799683, -1.2377461194992065, -0.5769359469413757, -0.006226545665413141, -0.3362771272659302, -0.0320507287979126, -0.4546375274658203, -1.6289502382278442, -0.08727767318487167, -0.3861057758331299, -0.0001879753835964948, -0.026915086433291435, -0.0034096459858119488, -0.0002615109842736274, -0.10369621217250824, -0.12558209896087646, -1.0590755939483643, -0.34846585988998413, -1.0035676956176758, -7.629365427419543e-06, -0.00044324109330773354, -0.9691318869590759, -0.10842987149953842]",9.0797700881958,False,3.0,-12.920243133063195,-0.41678203655042567,31.0,-7.068735137523618,-0.4712490091682412,15.0,0.15764440781352643,1,26,34,19,0.7647058823529411,-2.0304082562228327,-1.0504903466235804,True,19,0.6129032258064516,39.0,0.3902439024390244,23.0,2.337182312908838
~/anvil/data/cve-targets/poppler_repo_fofi_FoFiType1C.cc,1222,1216,1225,if(ok) {,if (ok) {,                   if (ok) {,1.4125521183013916,"[[462, 1678, 565, 313, 554, 29897, 426, 32010, 2]]","[-0.15211325883865356, -0.01593439094722271, -0.10974396765232086, -0.06682243198156357, -0.09840398281812668, -0.15589915215969086, -0.014188366010785103, -0.2976817190647125, -3.576278118089249e-07]",9.931665420532228,False,0.0,-0.9107876271008877,-0.10119862523343197,9.0,-0.6131055504083633,-0.08758650720119476,7.0,0.0029129642405829295,1,10,10,10,1.0,-16.127508259424268,-1.0283542086574644,True,5,0.5555555555555556,1.0,0.9411764705882353,0.0,2.289034634513036
~/anvil/data/cve-targets/php_repo_ext_phar_phar.c,698,632,1125,"if (manifest_len < 10 || manifest_len != php_stream_read(fp, buffer, manifest_len)) {","if (manifest_len != php_stream_read(fp, buffer, manifest_len)) {","	if (manifest_len != php_stream_read(fp, buffer, manifest_len)) {
		efree(savebuf);
		php_stream_close(fp);
		if (error",0.2939421832561493,"[[12, 361, 313, 29135, 29918, 2435, 2804, 3989, 29918, 5461, 29918, 949, 29898, 18091, 29892, 6835, 29892, 10419, 29918, 2435, 876, 426, 13, 12, 12, 1389, 929, 29898, 7620, 9721, 416, 13, 12, 12, 1961, 29918, 5461, 29918, 5358, 29898, 18091, 416, 13, 12, 12, 361, 313, 2704]]","[-0.026685990393161774, -0.33897680044174194, -0.11737605184316635, -0.333259642124176, -4.529942543740617e-06, -0.007526730187237263, -0.07963364571332932, -0.02045033685863018, -3.576278118089249e-07, -5.722029527532868e-06, 0.0, -0.001919690752401948, -0.00011669908417388797, -0.00037424711626954377, -8.594620157964528e-05, -0.03835775703191757, -0.003989357966929674, -0.004047298803925514, -5.960462772236497e-07, -8.797258487902582e-05, -0.01749066635966301, -0.0027939353603869677, -0.20178304612636566, -0.0009947833605110645, -0.00029392691794782877, -0.3680712580680847, -1.9550132492440753e-05, -0.00018034738604910672, -0.016796475276350975, -3.3378546504536644e-06, -4.207999518257566e-05, -0.008899547159671783, -0.0011982887517660856, -9.822363062994555e-05, -0.3403083384037018, -7.152555099310121e-07, -0.00029416524921543896, -2.3841855067985307e-07, -0.00019369633810129017, -5.221230458118953e-05, -4.5298504119273275e-05, -4.6491513785440475e-06, -0.0071755084209144115, -0.002471370855346322, -8.105902816168964e-05, -0.18877311050891876, -0.00112255965359509, -0.002601574407890439]",10.879150390625,False,3.0,-2.1346893356294174,-0.04447269449227953,48.0,-1.1962557308745545,-0.04984398878643977,24.0,0.009302819393639828,1,28,38,22,0.7368421052631579,-5.897244390202521,-1.0042816847146125,True,29,0.6041666666666666,21.0,0.8590604026845637,6.0,2.340389508116559
~/anvil/data/cve-targets/sqlite3_repo_src_vdbemem.c,1155,1144,1179,if( pVal->flags & (MEM_Blob|MEM_Str) ){,assert( (pVal->flags & (MEM_Blob|MEM_Zero))!=0 || pVal->n>=0 );," assert( (pVal->flags & (MEM_Blob|MEM_Zero))!=0 || pVal->n>=0 );
 ",0.2251559197902679,"[[29871, 4974, 29898, 313, 29886, 1440, 976, 15764, 669, 313, 2303, 29924, 29918, 29933, 2127, 29989, 2303, 29924, 29918, 24214, 876, 19216, 29900, 3830, 282, 1440, 976, 29876, 18572, 29900, 3482, 13, 29871]]","[-0.1964147835969925, -0.39717182517051697, -0.004881369415670633, -0.9059730768203735, -0.1823393851518631, -1.2040065485052764e-05, -0.00012492353562265635, -0.010108585469424725, -0.045434143394231796, -0.3198220133781433, -0.000954768096562475, -5.602820692729438e-06, -3.099436753473128e-06, -0.3212816119194031, -0.001938013592734933, -0.10469665378332138, -0.0001951265730895102, -2.622600959512056e-06, -1.311301275563892e-06, -0.3703131675720215, -0.023388229310512543, -0.33832427859306335, -0.022628430277109146, -0.2977754771709442, -0.7206472158432007, -9.464769391342998e-05, -0.00016306500765495002, -0.12051665782928467, -1.0206713676452637, -0.00014983485743869096, -0.024518005549907684, -0.0025127525441348553, -0.11015310883522034]",15.63381290435791,False,1.0,-5.543217194852787,-0.16797627863190262,33.0,-5.543217194852787,-0.16797627863190262,33.0,0.06871475307738416,1,22,36,36,0.6111111111111112,-1.3404030713388213,-1.121418070106952,True,20,0.6060606060606061,29.0,0.6666666666666667,21.0,1.998173412351577
~/anvil/data/cve-targets/lua_repo_ldebug.c,438,356,568,},},   },0.0003287251747678,"[[1678, 500, 32010, 2]]","[-0.004131473135203123, -0.00032872517476789653, -0.26655060052871704, 0.0]",10.746051788330078,True,0.0,-0.27101079883868806,-0.06775269970967202,4.0,-0.00446019830997102,-0.00223009915498551,2.0,3.6152230126485686e-06,0,2,2,2,1.0,-0.1474038380907489,-1.0076289628152908,False,1,0.25,0.0,1.0,0.0,0.9831624864963615
~/anvil/data/cve-targets/openssl_repo_crypto_pkcs7_pk7_doit.c,739,587,741,EVP_MD_CTX_free(ctx_tmp);,EVP_MD_CTX_free(ctx_tmp);,   EVP_MD_CTX_free(ctx_tmp);,0.0440885387361049,"[[1678, 382, 18510, 29918, 5773, 29918, 1783, 29990, 29918, 9021, 29898, 13073, 29918, 7050, 416, 32010, 2]]","[-0.029043031856417656, -0.15895968675613403, -0.0003404037852305919, -0.0003762729174923152, -0.004166850354522467, -0.0007649118197150528, -0.0007036832394078374, -0.00013398226292338222, -0.0007097586058080196, -0.008509802632033825, -0.001134705264121294, -0.440555602312088, -0.0007495454628951848, -2.0861407392658293e-05, -0.00011014331539627165, -0.35400864481925964, 0.0]",6.606577396392822,True,0.0,-1.0002878868108382,-0.05884046393004931,17.0,-0.6462792419915786,-0.04308528279943857,15.0,0.012829953018775783,0,9,9,9,1.0,-1.0232853510869704,-1.117491978316782,False,14,0.8235294117647058,0.0,1.0,0.0,0.8257152998054932
~/anvil/data/cve-targets/poppler_repo_poppler_JPEG2000Stream.cc,256,202,276,const int componentPixels = priv->image->comps[component].w * priv->image->comps[component].h;,},"       }
        for (int component = 0; component < priv->ncomps; component++) {",0.6888763308525085,"[[4706, 500, 13, 4706, 363, 313, 524, 4163, 353, 29871, 29900, 29936, 4163, 529, 5999, 976, 29876, 510, 567, 29936, 4163, 4862, 426, 32010, 2]]","[-0.622253954410553, -0.00016175392374861985, -0.015686923637986183, -0.035150233656167984, -0.8213703632354736, -0.0007053509471006691, -0.0018099845619872212, -0.021294649690389633, -0.0004698126285802573, -0.010623332113027573, -0.002446636324748397, -0.0005993238883093, -0.0046298447996377945, -0.0003759154351428151, -0.02573573775589466, -3.576272320060525e-06, -0.006716059520840645, -2.8371408916427754e-05, -4.768370445162873e-07, -0.008436398580670357, -0.021712923422455788, -0.00030858523678034544, -0.00381860276684165, -0.16072507202625275, 0.0]",10.432682991027832,False,1.0,-1.7650638830808703,-0.07060255532323481,25.0,-0.6732528656284558,-0.16831321640711394,4.0,0.06884106829349443,1,41,27,2,1.5185185185185186,-4.092823757739041,-1.0155539522424886,True,29,1.16,94.0,0.0,40.0,2.536015225845814
~/anvil/data/cve-targets/openssl_repo_ssl_record_rec_layer_s3.c,798,589,1025,|| (eivlen > 0,|| !WPACKET_put_bytes_u16(,               || !WPACKET_put_bytes_u16(,0.3849586248397827,"[[18884, 3830, 1738, 26433, 11375, 2544, 29918, 649, 29918, 13193, 29918, 29884, 29896, 29953, 29898]]","[-0.24870795011520386, -0.024560345336794853, -0.2391013652086258, -0.023756038397550583, -6.794906312279636e-06, -1.1920922133867862e-06, -5.960462772236497e-07, -0.8548582792282104, -3.158996332786046e-05, -0.0024898024275898933, -0.004071756266057491, -0.00013124081306159496, -0.1254284828901291, -4.768360213347478e-06, -0.006202732678502798]",8.31176471710205,False,0.0,-1.5293529347300705,-0.10195686231533803,15.0,-1.5293529347300705,-0.10195686231533803,15.0,0.0473893928671006,0,7,5,5,1.4,-3.775700978803767,-1.0708547766309213,True,8,0.5333333333333333,22.0,0.19999999999999996,5.0,1.9700735150825992
~/anvil/data/cve-targets/poppler_repo_poppler_FileSpec.cc,132,126,139,if (!ok || !fileSpec.isDict()),if (!fileSpec.isFileStream()),   if (!fileSpec.isFileStream()),1.1351476907730105,"[[1678, 565, 5384, 1445, 10299, 29889, 275, 2283, 3835, 3101, 32010, 2]]","[-0.005977610591799021, -0.12721581757068634, -0.5855478048324585, -0.4091640114784241, -0.48948800563812256, -0.11740265786647797, -0.16055838763713837, -0.9631603956222534, -0.6853697299957275, -0.09287112951278687, -0.136921226978302, -1.1920928244535389e-07]",7.50511360168457,False,0.0,-3.773676896933459,-0.3144730747444549,12.0,-3.6367555507458746,-0.3636755550745875,10.0,0.08890974712786497,0,23,18,18,1.2777777777777777,-3.121319744848397,-1.0926691497042091,True,11,0.9166666666666666,15.0,0.711864406779661,6.0,2.2419785892082724
~/anvil/data/cve-targets/openssl_repo_crypto_asn1_a_int.c,177,164,213,if (pneg),if (pneg != NULL),   if (pneg != NULL),0.6191381812095642,"[[1678, 565, 313, 29886, 10052, 2804, 4265, 29897, 32010, 2]]","[-0.03260957822203636, -0.7878368496894836, -0.016795184463262558, -0.528255820274353, -0.2607315480709076, -0.25676390528678894, -0.03180040419101715, -0.0009869233472272754, -0.007224506698548794, 0.0]",11.972267150878906,False,0.0,-1.9230047202436253,-0.19230047202436254,10.0,-1.9157802135450765,-0.23947252669313457,8.0,0.07215384135137273,0,9,13,13,0.6923076923076923,-2.585424682151292,-1.0233232041142781,True,5,0.5,8.0,0.6923076923076923,4.0,2.14214853162193
~/anvil/data/cve-targets/libsndfile_repo_src_common.c,616,470,684,"header_put_le_int (psf, size) ;","header_put_le_int (psf, size) ;","						header_put_le_int (psf, size) ;",0.0004905900568701,"[[12, 12, 12, 12, 12, 12, 6672, 29918, 649, 29918, 280, 29918, 524, 313, 567, 29888, 29892, 2159, 29897, 2056, 32010, 2]]","[-0.00028272447525523603, -2.0265558760002023e-06, -1.7881377516459906e-06, -1.5497195136049413e-06, -6.437280717364047e-06, -0.0013754441170021892, -9.60780744208023e-05, -3.576278118089249e-07, -1.9073468138230965e-06, -1.9073468138230965e-06, -0.003717299783602357, -5.602820692729438e-06, -0.0002611534437164664, -0.00010942813969450071, -9.298280929215252e-06, -1.1920928244535389e-07, -2.372236667724792e-05, -0.00029774048016406596, -0.0035677608102560043, -0.00012015574611723423, -0.4398641586303711, 0.0]",16.21767807006836,True,0.0,-0.44974666039347966,-0.02044303001788544,22.0,-0.009882501763108564,-0.0004941250881554283,20.0,1.1914527534240202e-06,0,11,11,11,1.0,-0.9928458777543061,-1.137907042736661,False,14,0.6363636363636364,0.0,1.0,0.0,0.7948362823647083
~/anvil/data/cve-targets/sqlite3_repo_src_shell.c.in,9328,9173,9478,"utf8_printf(p->out, ""%12.12s: %s\n"",""stats"", zOut);","utf8_printf(p->out, ""%12.12s: %s\n"",""stats"", zOut);","   utf8_printf(p->out, ""%12.12s: %s\n"",""stats"", zOut);
    utf8_printf(p->out, ""%12.",0.0208037607371807,"[[1678, 23616, 29947, 29918, 8124, 29898, 29886, 976, 449, 29892, 11860, 29896, 29906, 29889, 29896, 29906, 29879, 29901, 1273, 29879, 29905, 29876, 3284, 16202, 613, 503, 3744, 416, 13, 1678, 23616, 29947, 29918, 8124, 29898, 29886, 976, 449, 29892, 11860, 29896, 29906, 29889]]","[-0.0036114726681262255, -0.027048295363783836, -3.576278118089249e-07, -2.264974000354414e-06, -4.2676016164477915e-05, -8.141662692651153e-05, -0.0002637753786984831, -9.894321920000948e-06, -1.5616295058862306e-05, -0.231981560587883, -0.012896466068923473, -0.007584229577332735, -0.012296815402805805, -0.001798085169866681, -5.507317473529838e-05, -6.16293036728166e-05, -4.458328112377785e-05, -0.00020859450160060078, -0.0021899782586842775, -0.010600686073303223, -0.0035188202746212482, -0.00019298121333122253, -0.19060225784778595, -0.010396607220172882, -0.0005704921204596758, -0.04722839221358299, -5.8412379075889476e-06, -0.0010162194957956672, -0.08248977363109589, -0.07147346436977386, -0.1799951046705246, -2.264974000354414e-06, -5.245195097813848e-06, -0.00011693747364915907, -3.325883881188929e-05, -0.0006322053959593177, -4.160317621426657e-05, -9.667406266089529e-05, -0.3771986961364746, -0.007167341653257608, -0.0032063524704426527, -0.004223950207233429, -0.002044255845248699]",9.128569602966309,True,1.0,-1.2930522103965245,-0.03007098163712848,43.0,-0.7182883202969492,-0.02394294400989831,30.0,0.00294841244703279,0,25,34,25,0.7352941176470589,-0.8688890024794014,-1.0492095425854762,False,27,0.627906976744186,0.0,1.0,0.0,1.1555536786194547
~/anvil/data/cve-targets/php_repo_ext_phar_util.c,379,288,436,},},"		}
		return",0.0181349199265241,"[[12, 12, 29913, 13, 12, 12, 2457]]","[-0.0018617454916238785, -3.93382906622719e-05, -0.05250413343310356, -0.034020889550447464, -0.01374000683426857, -0.004438548814505339, -0.5572709441184998]",15.473200798034668,True,1.0,-0.6638756065331108,-0.09483937236187298,7.0,-0.10660466241461108,-0.017767443735768513,6.0,0.00037199479318397955,0,2,3,2,0.6666666666666666,-1.020682558291478,-1.1169242651803355,False,1,0.14285714285714285,0.0,1.0,0.0,0.7426360701287479
~/anvil/data/cve-targets/sqlite3_repo_src_pragma.c,513,510,526,if( !zRight ){,if( zRight==0 ){,   if( zRight==0 ){,0.4982530772686004,"[[1678, 565, 29898, 503, 7341, 1360, 29900, 29545, 32010, 2]]","[-0.07579579204320908, -0.18899911642074585, -0.0049626268446445465, -0.40619441866874695, -0.07288354635238647, -0.24149000644683838, -0.002731047570705414, -0.0727391242980957, -0.12004048377275467, 0.0]",8.527006149291992,False,0.0,-1.185836162418127,-0.11858361624181271,10.0,-1.0657956786453724,-0.13322445983067155,8.0,0.016677752663976066,0,12,13,13,0.9230769230769231,-3.7399519420223633,-1.0651079445576412,True,6,0.6,4.0,0.8666666666666667,4.0,2.060666295330152
~/anvil/data/cve-targets/libxml2_repo_HTMLparser.c,3862,3808,3891,},},"   }
   ",0.0001935771433636,"[[1678, 500, 13, 1678]]","[-0.0020561523269861937, -0.0001934579631779343, -0.20642222464084625, -0.2501767575740814]",10.212284088134766,True,1.0,-0.4588485925050918,-0.11471214812627295,4.0,-0.4588485925050918,-0.11471214812627295,4.0,0.013141825583339008,0,2,2,2,1.0,-0.001687503429458177,-1.0211650710243279,False,1,0.25,0.0,1.0,0.0,0.9529406695006933
~/anvil/data/cve-targets/libsndfile_repo_src_common.c,1453,1438,1462,#if CPU_CLIPS_NEGATIVE == 0,#if CPU_CLIPS_NEGATIVE == 0,#if CPU_CLIPS_NEGATIVE == 0,0.0080207074061036,"[[29937, 361, 10808, 29918, 27205, 7024, 29918, 8186, 29954, 1299, 18474, 1275, 29871, 29900, 32010, 2]]","[-0.08864603191614151, -3.576214658096433e-05, -0.0019928612746298313, -8.4638240878121e-06, -0.00075049843871966, -0.00016425691137555987, -4.6491513785440475e-06, -0.01702292449772358, -9.917721035890281e-05, -3.790783375734463e-05, -7.450303382938728e-05, -0.002975324634462595, -0.00019488819816615433, -0.0002884448622353375, -0.19716499745845795, -1.1920928244535389e-07]",25.86615753173828,True,0.0,-0.3094608106011876,-0.019341300662574223,16.0,-0.11229569393344718,-0.008021120995246227,14.0,0.0005186225173916163,0,6,6,6,1.0,-0.9999484374886164,-1.4483176394153512,False,14,0.875,0.0,1.0,0.0,0.046936083915668544
~/anvil/data/cve-targets/libpng_repo_pngset.c,474,444,497,return;,return;,"     return;
   }",0.1356918811798095,"[[418, 736, 29936, 13, 259, 500]]","[-0.10323452949523926, -0.27318650484085083, -0.00014101465058047324, -0.19703638553619385, -0.0024378362577408552, -0.00011491115583339706]",11.337064743041992,True,1.0,-0.5761511819364387,-0.09602519698940644,6.0,-0.5760362707806053,-0.11520725415612106,5.0,0.011550795522443428,1,4,5,4,0.8,-1.1778067464044326,-1.0072011186759275,False,2,0.3333333333333333,0.0,1.0,0.0,1.0318802896513415
~/anvil/data/cve-targets/php_repo_ext_exif_exif.c,945,878,977,"{ 0x0079, ""IntelligentDRange""},","{ 0x0078, ""BurstMode""},"," { 0x0078, ""BurstMode""},
  { 0x0079, """,0.4222629964351654,"[[29871, 426, 29871, 29900, 29916, 29900, 29900, 29955, 29947, 29892, 376, 29933, 26268, 6818, 10758, 13, 29871, 426, 29871, 29900, 29916, 29900, 29900, 29955, 29929, 29892, 376]]","[-0.0004253674705978483, -0.0005441615357995033, -6.139089964563027e-05, -2.861018856492592e-06, -2.038458114839159e-05, -2.8132995794294402e-05, -0.00011312322021694854, -0.028664303943514824, -0.7462809085845947, -5.030505417380482e-05, -7.915183232398704e-05, -1.0189141035079956, -0.6445238590240479, -0.7514796853065491, -0.4185263216495514, -0.22017943859100342, -8.49926145747304e-05, -0.00016711745411157608, -1.549708758830093e-05, -1.4305104514278355e-06, -9.190614218823612e-05, -2.312633478140924e-05, -4.029192859889008e-05, -0.004710529465228319, -0.4002534747123718, -1.645074735279195e-05, -6.317892984952778e-05]",10.559165954589844,False,1.0,-4.235361495142911,-0.15686524056084855,27.0,-3.8299784918303885,-0.2252928524606111,17.0,0.11393250047644699,0,10,14,10,0.7142857142857143,-1.874284922150344,-1.012347767172913,True,16,0.5925925925925926,16.0,0.5555555555555556,2.0,2.141583521388485
~/anvil/data/cve-targets/openssl_repo_crypto_bn_bn_gf2m.c,246,227,255,for (i = 0; i < bt->top; i++) {,for (i = 0; i < bt->top; i++) {,   for (i = 0; i < bt->top; i++) {,0.0182734709233045,"[[1678, 363, 313, 29875, 353, 29871, 29900, 29936, 474, 529, 289, 29873, 976, 3332, 29936, 474, 4862, 426, 32010, 2]]","[-0.09306742250919342, -0.2994731366634369, -0.0002498314715921879, -0.000690460205078125, -0.0002547178009990603, -0.003792476374655962, -0.00014911970356479287, -0.0005087750032544136, -0.0003678122302517295, -0.00023958197562023997, -0.001595296896994114, -5.9126061387360096e-05, -2.002696055569686e-05, -2.52720492426306e-05, -0.001617077155970037, -0.0003492222458589822, -0.00040570611599832773, -0.0008743754005990922, -0.05418502911925316, -1.1920928244535389e-07]",16.457260131835938,True,0.0,-0.45792458515278867,-0.022896229257639435,20.0,-0.40373943682425306,-0.022429968712458503,18.0,0.004961750999735734,0,24,24,24,1.0,-0.8146899872024645,-1.1447430474863924,False,17,0.85,0.0,1.0,0.0,0.9306025892767882
~/anvil/data/cve-targets/sqlite3_repo_src_resolve.c,184,173,190,assert( pExTab!=0 );,assert( pExpr->op==TK_COLUMN );," assert( pExpr->op==TK_COLUMN );
",0.3773380815982818,"[[29871, 4974, 29898, 282, 21176, 976, 459, 1360, 29911, 29968, 29918, 15032, 29127, 3482, 13]]","[-0.6952511668205261, -1.1280834674835205, -0.0027938163839280605, -0.20679551362991333, -0.5189160108566284, -0.05438205972313881, -0.04527681693434715, -0.01702526956796646, -0.0005452338373288512, -2.5152843591058627e-05, -1.7404405298293568e-05, -0.006462864112108946, -0.00012742661056108773, -0.15071643888950348, -0.19452087581157684]",9.78622817993164,False,1.0,-3.0209395179099374,-0.2013959678606625,15.0,-3.0209395179099374,-0.2013959678606625,15.0,0.10169870868177862,1,12,15,15,0.8,-1.8736128910949517,-1.0321000392833637,True,8,0.5333333333333333,16.0,0.5882352941176471,6.0,2.111937655158709
~/anvil/data/cve-targets/openssl_repo_crypto_rsa_rsa_ameth.c,832,677,982,};,};,"};
",0.0207964610308408,"[[3400, 13, 32010]]","[-0.020796576514840126, -0.5367826819419861, -0.7177428603172302]",6.02548885345459,True,1.0,-1.2753221187740564,-0.4251073729246855,3.0,-0.5575792584568262,-0.2787896292284131,2.0,0.06656041524846845,0,4,4,4,1.0,-0.07459553315665915,-1.1338445137543092,False,1,0.3333333333333333,0.0,1.0,0.0,0.7281093293007085
~/anvil/data/cve-targets/lua_repo_ldo.c,446,291,596,"** to be executed, if it was a Lua function. Otherwise (a C function)","** for the function call. If the function is a C function,","** for the function call. If the function is a C function,",0.8293009996414185,"[[1068, 363, 278, 740, 1246, 29889, 960, 278, 740, 338, 263, 315, 740, 29892, 32010, 2]]","[-0.016620038077235222, -1.5632237195968628, -0.33971142768859863, -0.8419961333274841, -0.534163236618042, -0.45403367280960083, -0.6308038830757141, -1.1609333753585815, -0.2340850532054901, -0.6010328531265259, -0.049125779420137405, -0.8763577938079834, -0.0016734894597902894, -0.03773622214794159, -1.0219531059265137, 0.0]",16.93564224243164,False,0.0,-8.363449783646502,-0.5227156114779064,16.0,-7.341496677719988,-0.524392619837142,14.0,0.20310825146126282,0,24,19,19,1.263157894736842,-1.5814505549276614,-1.1585158565221914,True,19,1.1875,34.0,0.6141732283464567,20.0,2.0498812548008862
~/anvil/data/cve-targets/php_repo_ext_exif_exif.c,1807,1770,1852,typedef struct {,typedef struct {,"typedef struct {
",0.0497226230800151,"[[1017, 9795, 1389, 2281, 426, 13]]","[-0.15608415007591248, -3.576278118089249e-07, -7.152555099310121e-07, -0.016391033306717873, -0.07617896050214767, -0.07270664721727371]",6.379951000213623,True,1.0,-0.3213618639853735,-0.053560310664228915,6.0,-0.3213618639853735,-0.053560310664228915,6.0,0.003084696196748997,0,4,4,4,1.0,-0.9283482949105283,-1.123841277312071,False,3,0.5,0.0,1.0,0.0,0.7557749326733191
~/anvil/data/cve-targets/sqlite3_repo_src_where.c,2442,2336,2707,"** However, the nIn multiplier should only be applied once, not once","** This loop is to find the first such term in use, and set nIn back","       ** This loop is to find the first such term in use, and set nIn back",1.4903627634048462,"[[4706, 3579, 910, 2425, 338, 304, 1284, 278, 937, 1316, 1840, 297, 671, 29892, 322, 731, 302, 797, 1250, 32010, 2]]","[-9.500529267825186e-05, -0.00045372682507149875, -1.830689549446106, -1.1854122877120972, -2.265380859375, -2.174499273300171, -1.6206612586975098, -0.23916789889335632, -0.7165038585662842, -0.7238571047782898, -0.3084663152694702, -1.4187310934066772, -0.6840959191322327, -0.926861047744751, -0.693871259689331, -1.0729408264160156, -0.09321686625480652, -0.0011449456214904785, -0.5294821262359619, -0.8715018033981323, 0.0]",14.021767616271973,False,0.0,-17.357033026055433,-0.8265253821931159,21.0,-16.4855312226573,-0.8676595380345947,19.0,0.494262963853284,0,18,22,22,0.8181818181818182,-1.7176815306851654,-1.0771222336012023,True,16,0.7619047619047619,53.0,0.4117647058823529,19.0,2.285541781375343
~/anvil/data/cve-targets/lua_repo_ldebug.c,754,747,794,lu_byte mask = L->hookmask;,lu_byte mask = L->hookmask;, lu_byte mask = L->hookmask;,0.127602145075798,"[[29871, 8092, 29918, 10389, 11105, 353, 365, 976, 20849, 13168, 29936, 32010, 2]]","[-0.005328500177711248, -1.1882845163345337, -0.0011169631034135818, -0.021273409947752953, -0.016401469707489014, -0.014265932142734528, -0.15610292553901672, -0.0004017737810499966, -0.0012265071272850037, -0.00014852374442853034, -0.00045908879837952554, -0.5107945203781128, 0.0]",8.84908676147461,True,0.0,-1.9158041307819076,-0.1473695485216852,13.0,-1.4050096104037948,-0.127728146400345,11.0,0.11435323309040099,1,11,11,11,1.0,-0.9990135195092235,-1.0565661147100895,False,10,0.7692307692307693,0.0,1.0,0.0,0.9998043586898196
~/anvil/data/cve-targets/sqlite3_repo_src_select.c,5223,5100,5396,if(,if( p->p, if( p->p,0.1788994073867797,"[[29871, 565, 29898, 282, 976, 29886]]","[-0.014015581458806992, -0.5213645696640015, -0.001320205512456596, -1.1206201314926147, -0.7280278205871582, -0.04878954961895943]",12.338719367980955,False,0.0,-2.4341378583339974,-0.40568964305566624,6.0,-2.4341378583339974,-0.40568964305566624,6.0,0.1787848469797972,1,3,7,7,0.42857142857142855,-0.4409760279786887,-1.0327412554899118,True,2,0.3333333333333333,5.0,0.5454545454545454,4.0,1.9715322726016222
~/anvil/data/cve-targets/libtiff_repo_libtiff_tif_lzw.c,704,542,732,} while (codep);,} while (--len);,			} while (--len);,1.520610213279724,"[[12, 12, 12, 29913, 1550, 313, 489, 2435, 416, 32010, 2]]","[-0.0005484507419168949, -7.533743337262422e-05, -0.00010156115604331717, -0.013504225760698318, -0.04204458370804787, -0.004079829435795546, -0.0654180645942688, -0.0010991015005856752, -0.009061404503881931, -0.5084925889968872, 0.0]",11.589941024780272,False,0.0,-0.6444251478314982,-0.05858410434831802,11.0,-0.13593255883461097,-0.015103617648290109,9.0,0.0004752044206419502,1,10,12,12,0.8333333333333334,-100.67854263060434,-1.0135887201595044,True,6,0.5454545454545454,4.0,0.75,3.0,2.3419598751391155
~/anvil/data/cve-targets/php_repo_ext_phar_phar.c,976,632,1125,if (buffer + 4 > endbuffer) {,if (buffer + 20 > endbuffer) {,		if (buffer + 20 > endbuffer) {,0.2878512740135193,"[[12, 12, 361, 313, 9040, 718, 29871, 29906, 29900, 1405, 1095, 9040, 29897, 426, 32010, 2]]","[-0.00974174216389656, -0.00032050241134129465, -0.339006632566452, -0.07204122096300125, -0.30484539270401, -0.15273170173168182, -0.07536350190639496, -0.5307819247245789, -0.08112670481204987, -0.04091281816363335, -0.007754343096166849, -5.364403477869928e-06, -0.023108119145035744, -0.0014454403426498175, -0.13506099581718445, 0.0]",11.90439796447754,False,0.0,-1.7742464049515547,-0.11089040030947217,16.0,-1.6391854091343703,-0.11708467208102645,14.0,0.024343239503842595,1,16,16,16,1.0,-2.4584881086254975,-1.0215883734675621,True,11,0.6875,2.0,0.9491525423728814,1.0,2.1642909653144113
~/anvil/data/cve-targets/libsndfile_repo_src_wavlike.c,287,95,384,buffer [--bit] = 0 ;,/* Terminate the buffer we're going to append_snprintf into. */,"					/* Terminate the buffer we're going to append_snprintf into. */
	",0.1456373035907745,"[[12, 12, 12, 12, 12, 5515, 11814, 16976, 278, 6835, 591, 29915, 276, 2675, 304, 9773, 29918, 16586, 8124, 964, 29889, 3776, 13, 12]]","[-0.27364757657051086, -0.00047017011092975736, -0.0002650863316375762, -0.00014423283573705703, -0.0007076143519952893, -0.8196980953216553, -1.4944368600845337, -0.00781324878334999, -0.12518364191055298, -0.13913841545581818, -0.3797169029712677, -0.020142413675785065, -0.0038582661654800177, -0.031798094511032104, -0.0018705505644902587, -0.17598146200180054, -0.01067062932997942, -0.0025527053512632847, -0.004349058959633112, -0.005819402169436216, -0.01350022666156292, -0.006623694207519293, -0.04802313819527626, -0.0493510402739048]",8.446422576904297,False,1.0,-3.6157625267951516,-0.15065677194979799,24.0,-3.6157625267951516,-0.15065677194979799,24.0,0.11050888923176809,1,14,2,2,7.0,-0.966682756479768,-1.0672558624962178,True,9,0.375,51.0,0.28915662650602414,13.0,2.013383898035902
~/anvil/data/cve-targets/sqlite3_repo_src_window.c,1445,1290,1595,** eDelete:,** pMWin:,"** pMWin:
**",0.3635178208351135,"[[1068, 282, 29924, 17734, 29901, 13, 1068]]","[-0.0004253674705978483, -1.024099349975586, -0.6876598596572876, -0.0028917661402374506, -0.11927463114261627, -0.028859708458185196, -0.0003575639275368303]",14.836671829223633,False,1.0,-1.8635682467720471,-0.2662240352531496,7.0,-1.8632106828445103,-0.3105351138074184,6.0,0.15968851390256233,0,5,9,5,0.5555555555555556,-1.1706174428330605,-1.0992910714977844,True,4,0.5714285714285714,7.0,0.4,1.0,1.8799439852741573
~/anvil/data/cve-targets/openssl_repo_ssl_statem_extensions_srvr.c,289,256,335,},},       },0.0001801090111257,"[[4706, 500, 32010, 2]]","[-0.0025236920919269323, -0.00018010901112575084, -0.1831820160150528, 0.0]",11.195596694946287,True,0.0,-0.18588581711810548,-0.04647145427952637,4.0,-0.002703801103052683,-0.0013519005515263416,2.0,1.3730954141543892e-06,1,2,2,2,1.0,-0.13322652389064477,-1.0036452410133425,False,1,0.25,0.0,1.0,0.0,0.992022024275208
~/anvil/data/cve-targets/libxml2_repo_xmlmemory.c,199,186,235,TEST_POINT,if (size == 0) return(NULL);,   if (size == 0) return(NULL);,0.4703080356121063,"[[1678, 565, 313, 2311, 1275, 29871, 29900, 29897, 736, 29898, 10074, 416]]","[-0.10879560559988022, -0.23216776549816132, -0.18721318244934082, -0.2679840624332428, -0.35017603635787964, -0.007237288635224104, -0.0007321537705138326, -0.003960979636758566, -0.6598912477493286, -0.020701883360743523, -0.009654142893850803, -9.452849917579442e-05]",9.794057846069336,False,0.0,-1.8486088768841,-0.15405073974034167,12.0,-1.8486088768841,-0.15405073974034167,12.0,0.037207760166430105,1,2,18,18,0.1111111111111111,-3.0529424032940593,-1.0318980340862172,True,6,0.5,27.0,0.052631578947368474,17.0,2.0159471815679018
~/anvil/data/cve-targets/php_repo_ext_standard_http_fopen_wrapper.c,623,569,637,if (tmp_line[tmp_line_len - 1] == '\n') {,if (response_code == 401) {,"
			if (response_code == 401) {
				auth_failed = 1;
			}

		",0.2503722608089447,"[[13, 12, 12, 12, 361, 313, 5327, 29918, 401, 1275, 29871, 29946, 29900, 29896, 29897, 426, 13, 12, 12, 12, 12, 5150, 29918, 26061, 353, 29871, 29896, 29936, 13, 12, 12, 12, 29913, 13, 13, 12, 12]]","[-0.6081386208534241, -0.0441242977976799, -0.00038652101648040116, -0.003229167079553008, -0.7665214538574219, -0.22863249480724335, -1.0621111392974854, -0.0031777145341038704, -0.008609320968389511, -0.8316108584403992, -0.02007102780044079, -0.9112308025360107, -0.35615646839141846, -0.22126629948616028, -0.326142281293869, -0.02138298563659191, -0.010510330088436604, -0.012568432837724686, -0.0001070442158379592, -0.0002535260282456875, -0.003504090243950486, -1.6761387586593628, -0.31082165241241455, -1.341478943824768, -0.001666586846113205, -0.009089401923120022, -0.001210671616718173, -0.00013815402053296566, -0.009358939714729786, -0.010481429286301136, -5.0424259825376794e-05, -0.00012420836719684303, -0.12541796267032623, -0.04306842386722565, -0.22756871581077576, -0.019289877265691757, -0.00019965562387369573]",13.830787658691406,False,5.0,-9.215838683379843,-0.24907672117242818,37.0,-5.439734877210867,-0.25903499415289843,21.0,0.12075879626071154,1,24,19,13,1.263157894736842,-0.9665576715907332,-1.0719917720767946,True,20,0.5405405405405406,26.0,0.5,13.0,2.135826474944918
~/anvil/data/cve-targets/libxml2_repo_valid.c,1217,1186,1278,},},"       }
	",0.0001654488005442,"[[4706, 500, 13, 12]]","[-0.004027708433568478, -0.00016532962035853416, -0.11745184659957886, -0.16352394223213196]",14.148082733154297,True,1.0,-0.2851688268856378,-0.07129220672140946,4.0,-0.2851688268856378,-0.07129220672140946,4.0,0.00505523769126628,1,2,2,2,1.0,-0.0023207136958283375,-1.080529030415169,False,1,0.25,0.0,1.0,0.0,0.8205042829456398
~/anvil/data/cve-targets/openssl_repo_crypto_mdc2_mdc2dgst.c,45,36,69,if (i + len < MDC2_BLOCK) {,if (i + len < MDC2_BLOCK) {,       if (i + len < MDC2_BLOCK) {,0.0993655249476432,"[[4706, 565, 313, 29875, 718, 7431, 529, 341, 12696, 29906, 29918, 29933, 21339, 29897, 426, 32010, 2]]","[-0.00941361766308546, -0.6228199601173401, -0.24920423328876495, -0.3831820487976074, -0.006557730957865715, -0.042879316955804825, -0.0661945790052414, -0.01999274082481861, -3.1470757676288486e-05, -3.4570634852570947e-06, -3.2186455882765586e-06, -0.0002203936892328784, -7.629365427419543e-06, -0.0003738896339200437, -0.0010194348869845271, -0.039428696036338806, 0.0]",8.257744789123535,True,0.0,-1.441332417689182,-0.08478425986406952,17.0,-1.4019037216528432,-0.09346024811018955,15.0,0.031504438799607064,1,16,16,16,1.0,-1.0631849043508994,-1.072301941055172,False,14,0.8235294117647058,0.0,1.0,0.0,1.016296010483839
~/anvil/data/cve-targets/libtiff_repo_libtiff_tif_luv.c,1444,1428,1453,*/,* for a better approach,        * for a better approach,2.228299856185913,"[[308, 334, 363, 263, 2253, 2948]]","[-0.36974388360977173, -0.15166859328746796, -0.6756495833396912, -0.8180211186408997, -0.6884523630142212, -1.1190862655639648]",9.315333366394045,False,0.0,-3.8226218074560165,-0.6371036345760027,6.0,-3.8226218074560165,-0.6371036345760027,6.0,0.09604821507338195,1,3,6,6,0.5,-3.497546922124944,-1.0443221033513719,True,1,0.16666666666666666,22.0,0.07999999999999996,6.0,2.324743997984617
~/anvil/data/cve-targets/openssl_repo_ssl_statem_statem_dtls.c,599,560,646,"frag_len, 0, &readbytes);","frag_len, 0, &readbytes);","                                         frag_len, 0, &readbytes);
            if (i <= 0",0.0129765747115015,"[[462, 462, 3986, 13855, 29918, 2435, 29892, 29871, 29900, 29892, 669, 949, 13193, 416, 13, 9651, 565, 313, 29875, 5277, 29871, 29900]]","[-0.0008336406317539513, -0.0011089849285781384, -0.019992975518107414, -0.016374966129660606, -2.6464111215318553e-05, -2.264974000354414e-06, -0.027956614270806313, -0.060803670436143875, -0.009546462446451187, -0.002072450239211321, -0.02360294573009014, -0.0005103239673189819, -4.446407547220588e-05, -0.0015387610765174031, -0.5908404588699341, -0.005792616866528988, -0.03529144078493118, -0.01855820044875145, -0.013818077743053436, -0.11036504060029984, -0.0003152588615193963, -2.8013790142722428e-05]",9.878325462341309,True,1.0,-0.9394240965004883,-0.04270109529547674,22.0,-0.7610480642717903,-0.04756550401698689,16.0,0.019920623090046823,0,11,17,11,0.6470588235294118,-0.272814826199828,-1.02972643264613,False,11,0.5,0.0,1.0,0.0,1.0384786918907825
~/anvil/data/cve-targets/libtiff_repo_libtiff_tif_luv.c,863,851,880,while (upper - lower > 1) {,for ( ; ; ) {,	for ( ; ; ) {,0.3285319805145263,"[[12, 1454, 313, 2056, 2056, 1723, 426, 32010, 2]]","[-0.006169678643345833, -0.4734479784965515, -0.0036330902948975563, -0.11831408739089966, -0.2965964376926422, -0.021339576691389084, -0.004130523186177015, -0.33591434359550476, -1.1920928244535389e-07]",13.65461254119873,False,0.0,-1.25954583520069,-0.1399495372445211,9.0,-0.9236313723959029,-0.13194733891370042,7.0,0.029253379968505966,0,16,10,10,1.6,-2.489871968766276,-1.0672806974590916,True,10,1.1111111111111112,19.0,0.4,10.0,2.069883037268697
~/anvil/data/cve-targets/libtiff_repo_libtiff_tif_predict.c,419,408,430,assert(rowsize > 0);,assert(rowsize > 0);,		assert(rowsize > 0);,0.2225031405687332,"[[12, 12, 9294, 29898, 798, 2311, 1405, 29871, 29900, 416, 32010, 2]]","[-0.1572461724281311, -0.0020911272149533033, -1.0014715194702148, -0.11804526299238205, -0.5740021467208862, -6.210611172718927e-05, -0.3384498953819275, -0.008801475167274475, -0.010515756905078888, -0.009618604555726051, -0.22782228887081146, -1.1920928244535389e-07]",8.554875373840332,True,0.0,-2.4481264750283955,-0.20401053958569962,12.0,-2.2203040669483016,-0.22203040669483015,10.0,0.09929429696539302,1,12,12,12,1.0,-1.0021291402422767,-1.0643661097052992,False,8,0.6666666666666666,0.0,1.0,0.0,1.011319900533442
~/anvil/data/cve-targets/sqlite3_repo_ext_misc_zipfile.c,1493,1401,1575,zPath = (const char*)sqlite3_value_text(apVal[2]);,zPath = (const char*)sqlite3_value_text(apVal[2]);,     zPath = (const char*)sqlite3_value_text(apVal[2]);,0.049877256155014,"[[418, 503, 2605, 353, 313, 3075, 1373, 7528, 22793, 29941, 29918, 1767, 29918, 726, 29898, 481, 1440, 29961, 29906, 5691, 32010, 2]]","[-0.0021570289973169565, -0.6747217178344727, -0.008701384998857975, -0.0004451475979294628, -0.036521416157484055, -0.003971547354012728, -8.070142939686775e-05, -0.01925070397555828, -0.002526070224121213, -1.6689286894688848e-06, -2.861018856492592e-06, -0.0004567056894302368, -3.3378546504536644e-06, -0.0037748999893665314, -0.0004326361231505871, -0.000266278104390949, -2.861018856492592e-06, -1.4781842764932662e-05, -0.19531741738319397, -0.00010692501382436603, -0.32962870597839355, 0.0]",8.584027290344238,True,0.0,-1.2783847975147182,-0.05810839988703265,22.0,-0.9487560915363247,-0.047437804576816234,20.0,0.022510662070208055,1,26,26,26,1.0,-1.051424209023998,-1.063590684504762,False,19,0.8636363636363636,0.0,1.0,0.0,1.1402126495447358
~/anvil/data/cve-targets/libxml2_repo_HTMLparser.c,694,539,844,"static const char* const object_attrs[] = { ATTRS, ""declare"", ""classid"", ""codebase"", ""data"", ""type"", ""codetype"", ""archive"", ""standby"", ""height"", ""width"", ""usemap"", ""name"", ""tabindex"", NULL } ;","static const char* const ol_attrs[] = { ""type"", ""compact"", ""start"", NULL} ;","static const char* const ol_attrs[] = { ""type"", ""compact"", ""start"", NULL} ;
static const char* const option_elt[] = { ""option"", NULL } ;
static const char* const optgroup_attrs[] = { ATTRS, ""disabled"", NULL } ;
static const char* const option_attrs[] = { ATTRS, ""disabled"", ""label"", ""selected"", ""value"", NULL } ;
static const",0.1537813991308212,"[[7959, 1040, 1373, 29930, 1040, 13386, 29918, 5552, 29879, 2636, 353, 426, 376, 1853, 613, 376, 2388, 627, 613, 376, 2962, 613, 4265, 29913, 2056, 13, 7959, 1040, 1373, 29930, 1040, 2984, 29918, 2152, 2636, 353, 426, 376, 3385, 613, 4265, 500, 2056, 13, 7959, 1040, 1373, 29930, 1040, 3523, 2972, 29918, 5552, 29879, 2636, 353, 426, 15531, 5659, 29903, 29892, 376, 18279, 613, 4265, 500, 2056, 13, 7959, 1040, 1373, 29930, 1040, 2984, 29918, 5552, 29879, 2636, 353, 426, 15531, 5659, 29903, 29892, 376, 18279, 613, 376, 1643, 613, 376, 8391, 613, 376, 1767, 613, 4265, 500, 2056, 13, 7959, 1040]]","[-0.041765421628952026, -5.245071224635467e-05, -0.00018749863374978304, -0.00019167017308063805, -6.23445157543756e-05, -1.34951651096344, -0.001925639808177948, -0.33323803544044495, -0.007511703763157129, -0.0013084192760288715, -0.0004668337933253497, -0.000856509490404278, -0.04738245904445648, -0.005614464171230793, -0.0012842511059716344, -0.0035792829003185034, -0.019536105915904045, -2.8132995794294402e-05, -0.005890036001801491, -0.08130036294460297, -0.00017510310863144696, -0.012286570854485035, -0.011421414092183113, -0.07176442444324493, -0.00015245705435518175, -0.0006861716392450035, -0.006629615556448698, -7.4741430580616e-05, -0.0001463782973587513, -5.209310256759636e-05, -0.0001225396408699453, -0.2675265669822693, -0.00015198028995655477, -0.030241968110203743, -0.00011324241495458409, -7.784063927829266e-05, -0.0007388246012851596, -0.0020737587474286556, -0.0008850948070175946, -0.002879166277125478, -0.0033768555149435997, -0.0023135582450777292, -3.373566141817719e-05, -2.9444261599564925e-05, -0.0019696613308042288, -5.411955135059543e-05, -1.0609570381348021e-05, -3.6954811548639555e-06, -2.2411095415009186e-05, -0.07529982179403305, -0.00015841660206206143, -4.088794958079234e-05, -0.0017774987500160933, -0.00238277530297637, -5.543078441405669e-05, -3.6477376852417365e-05, -0.0010206258157268167, -0.04567299410700798, -2.7418097943154862e-06, -2.002696055569686e-05, -0.0030730189755558968, -0.0020060669630765915, -0.00641584163531661, -0.0014038955559954047, -0.00828342605382204, -0.0026032389141619205, -3.373566141817719e-05, -1.9430925021879375e-05, -0.0013827058719471097, -1.0847986231965479e-05, -9.179073458653875e-06, -9.691245941212401e-05, -2.9444261599564925e-05, -0.02194257825613022, -3.433168603805825e-05, -0.00033146608620882034, -0.00015758226800244302, -6.0437283536884934e-05, -5.2569914259947836e-05, -0.0015751824248582125, -0.004541440401226282, -4.768370445162873e-07, -2.622600959512056e-06, -0.00038187362952157855, -0.0004114258335903287, -0.004452078603208065, -0.00042083943844772875, -0.0015531631652265787, -0.035524096339941025, -0.00025376438861712813, -0.0015544723719358444, -0.005374980624765158, -0.0005253365379758179, -0.0032228692434728146, -8.082063141046092e-05, -0.000668659748043865, -0.002632725518196821, -0.0013423488708212972, -3.683499380713329e-05, -6.067568756407127e-05, -0.0029592791106551886, -1.823885577323381e-05]",10.864032745361328,False,4.0,-2.5597207890217533,-0.025095301853154443,102.0,-1.9981842744709866,-0.07685324132580718,26.0,0.06904738221029508,0,90,142,38,0.6338028169014085,-2.0009747992135978,-1.0046613158055537,True,67,0.6568627450980392,121.0,0.5318352059925093,55.0,3.0181646426831885
~/anvil/data/cve-targets/openssl_repo_crypto_pkcs7_pk7_doit.c,605,587,741,return 0;,goto err;,"       goto err;
    }
",0.4260313808917999,"[[4706, 2355, 29877, 4589, 29936, 13, 1678, 500, 13]]","[-0.0029949357267469168, -0.21139013767242432, -7.033323527139146e-06, -0.0011194637045264244, -0.00021431533969007432, -0.04069263115525246, -0.0005517867393791676, -0.00021586472576018423, -0.001416156766936183]",10.657522201538086,False,2.0,-0.25860232515424286,-0.028733591683804762,9.0,-0.2569703036615465,-0.03671004338022093,7.0,0.005274123261255905,0,5,6,5,0.8333333333333334,-11.605308565811779,-1.0098615569298128,True,4,0.4444444444444444,7.0,0.33333333333333337,3.0,2.091008645022744
~/anvil/data/cve-targets/poppler_repo_fofi_FoFiTrueType.cc,1313,1022,1326,} else if (needVerticalMetrics && i == t42VmtxTable) {,} else if (needVerticalMetrics && i == t42VmtxTable) {,               } else if (needVerticalMetrics && i == t42VmtxTable) {,0.0007691519567742,"[[18884, 500, 1683, 565, 313, 26180, 29270, 10095, 10817, 2607, 474, 1275, 260, 29946, 29906, 29963, 4378, 29916, 3562, 29897, 426, 32010, 2]]","[-0.0004970983718521893, -8.606540359323844e-05, -0.0002580548170953989, -0.0005135409301146865, -0.00015317220822907984, -0.0006874820101074874, -0.00013433984713628888, -4.708655978902243e-05, -1.2397689715726301e-05, -0.0001494772732257843, -0.0009290431626141071, -5.3165931603871286e-05, -7.712543447269127e-05, -9.298280929215252e-06, -2.264974000354414e-06, -5.578839045483619e-05, -0.00012981049076188356, -8.821448318485636e-06, -4.207999518257566e-05, -0.012017703615128994, -8.821448318485636e-06, -0.06798195838928223, 0.0]",14.93077564239502,True,0.0,-0.08385459667192663,-0.003645852029214201,23.0,-0.015872638282644402,-0.000755839918221162,21.0,6.402170910535024e-06,1,15,15,15,1.0,-1.0176122459691828,-1.1018803030509243,False,20,0.8695652173913043,0.0,1.0,0.0,0.9207120523794183
~/anvil/data/cve-targets/php_repo_ext_phar_phar.c,717,632,1125,"PHAR_GET_32(buffer, manifest_flags);",/* extract flags */,"	/* extract flags */
	PHAR_GET_32(buffer, manifest_flags);
	if (",0.124340534210205,"[[12, 5515, 6597, 13449, 3776, 13, 12, 19689, 1718, 29918, 7194, 29918, 29941, 29906, 29898, 9040, 29892, 10419, 29918, 15764, 416, 13, 12, 361, 313]]","[-0.056841034442186356, -0.8998737931251526, -0.9921751022338867, -0.7668523192405701, -0.4184340536594391, -0.0009202298242598772, -0.002528210636228323, -0.0917021706700325, -1.9073468138230965e-06, -5.960462772236497e-07, -0.0001311216183239594, -5.125986263010418e-06, -0.0035387768875807524, -1.5497195136049413e-06, -0.0002768848498817533, -0.00020168177434243262, -0.0003363520372658968, -0.024014202877879143, 0.0, -0.002282872796058655, -0.000595034915022552, -0.17329908907413483, -0.03205927088856697, -0.8058924078941345, -0.07631802558898926]",12.794395446777344,False,2.0,-4.348281814132804,-0.17393127256531216,25.0,-3.137624743161723,-0.44823210616596043,7.0,0.16488397267362623,1,11,14,2,0.7857142857142857,-0.2774021148859141,-1.0445734100451582,True,15,0.6,29.0,0.32727272727272727,10.0,2.0259548501621465
~/anvil/data/cve-targets/poppler_repo_poppler_GfxState.cc,2408,2399,2421,int i;,int i;,"   int i;

   ",0.0899719223380088,"[[1678, 938, 474, 29936, 13, 13, 1678]]","[-0.09331231564283371, -0.24022458493709564, -0.005530177149921656, -0.0237960834056139, -0.00033778208307921886, -0.02848554588854313, -0.05123693123459816]",11.54612922668457,True,2.0,-0.4429234203416854,-0.06327477433452648,7.0,-0.4429234203416854,-0.06327477433452648,7.0,0.006060394282518611,1,5,5,5,1.0,-1.4219240334598042,-1.0124791493151108,False,3,0.42857142857142855,0.0,1.0,0.0,1.0230133807562782
~/anvil/data/cve-targets/libxml2_repo_valid.c,713,599,739,"xmlValidBuildAContentModel(content, ctxt, name);","xmlValidBuildAContentModel(content, ctxt, name);","	    xmlValidBuildAContentModel(content, ctxt, name);",0.0018863840959966,"[[12, 1678, 4903, 7211, 8893, 29909, 3916, 3195, 29898, 3051, 29892, 274, 3945, 29892, 1024, 416, 32010, 2]]","[-0.003821927821263671, -0.00016509123088326305, -0.019104523584246635, -0.002244930947199464, -1.2755313036905136e-05, -2.825220326485578e-05, -1.0490362910786644e-05, -1.0013530300057027e-05, -2.539125671319198e-05, -2.729855441430118e-05, -0.0018724543042480946, -0.00043132537393830717, -2.264974000354414e-06, -9.357491217087954e-05, -0.0005629861843772233, -4.088794958079234e-05, -0.049523498862981796, 0.0]",13.526751518249512,True,0.0,-0.07797766736553058,-0.004332092631418366,18.0,-0.028454168502548782,-0.001778385531409299,16.0,2.1129782290230506e-05,0,13,13,13,1.0,-1.0607284318725405,-1.0638745542275554,False,14,0.7777777777777778,0.0,1.0,0.0,0.9829759627680302
~/anvil/data/cve-targets/poppler_repo_poppler_GfxState.cc,2401,2386,2402,"alt->getGray(&color2, gray);","alt->getGray(&color2, gray);","       alt->getGray(&color2, gray);",0.024839574471116,"[[4706, 5272, 976, 657, 29954, 764, 6243, 2780, 29906, 29892, 16749, 416, 32010, 2]]","[-0.6198059320449829, -0.09648794680833817, -0.001033129869028926, -0.0027695654425770044, -0.135625422000885, -0.00016759421851020306, -0.02969869039952755, -0.00021753329201601446, -0.00033504117163829505, -0.0003164505760651082, -0.005800913088023663, -0.0006429274217225611, -0.5056588053703308, -1.1920928244535389e-07]",7.231759071350098,True,0.0,-1.3985600709129287,-0.09989714792235205,14.0,-0.8929011463333154,-0.07440842886110961,12.0,0.028862441896279872,1,16,16,16,1.0,-0.33382742857642406,-1.1001618742271122,False,11,0.7857142857142857,0.0,1.0,0.0,0.9403611624163516
~/anvil/data/cve-targets/openssl_repo_ssl_statem_extensions_srvr.c,284,256,335,if (PACKET_remaining(&responder_id_list) > 0 && s->ext.ocsp.ids == NULL) {,if (PACKET_remaining(&responder_id_list) > 0) {,"   if (PACKET_remaining(&responder_id_list) > 0) {
        if (s->ext.ocsp.ids != NULL) {
            sk_OCSP_RESPID_pop_",0.272113561630249,"[[1678, 565, 313, 29925, 11375, 2544, 29918, 1745, 17225, 6243, 690, 27582, 29918, 333, 29918, 1761, 29897, 1405, 29871, 29900, 29897, 426, 13, 4706, 565, 313, 29879, 976, 1062, 29889, 542, 1028, 29889, 4841, 2804, 4265, 29897, 426, 13, 9651, 2071, 29918, 20166, 5550, 29918, 1525, 5550, 1367, 29918, 7323, 29918]]","[-0.06184805557131767, -0.2671835124492645, -0.10936522483825684, -0.3708207607269287, -1.5616295058862306e-05, -2.264974000354414e-06, -1.4305104514278355e-06, -0.008120851591229439, -2.0265558760002023e-06, -0.020422304049134254, -0.00015615197480656207, -1.311301275563892e-06, -1.1920928244535389e-07, -3.099436753473128e-06, -1.6689286894688848e-06, -1.1920928244535389e-07, -0.0007265550084412098, -0.2852667272090912, -0.02036612294614315, -0.0008387623238377273, -0.11631733179092407, -0.00043132537393830717, -0.02241315320134163, -0.00177714170422405, -1.2462571859359741, -0.009553901851177216, -0.04553188011050224, -0.00024125049822032452, -0.019751768559217453, -8.344646857949556e-07, -0.0007245299639180303, -8.34461570775602e-06, -1.168244216387393e-05, -0.005416598170995712, -0.0012035276740789413, -7.83174327807501e-05, -0.015013907104730606, -0.2570771872997284, -0.07053551822900772, -0.0020582936704158783, -0.8012555837631226, -3.4570634852570947e-06, -0.0006125480867922306, -1.1920928244535389e-07, -3.576278118089249e-07, -1.4305104514278355e-06, -5.960462772236497e-07, -9.536738616588991e-07, -1.6689286894688848e-06, -0.00022635281493421644, -2.3841830625315197e-06]",14.826231002807615,False,2.0,-3.761651817110625,-0.073757878766875,51.0,-1.2860816371795494,-0.053586734882481224,24.0,0.010503152473181933,1,36,37,20,0.972972972972973,-5.078002274760902,-1.0990041712614032,True,32,0.6274509803921569,27.0,0.7768595041322314,16.0,2.215951072685046
~/anvil/data/cve-targets/php_repo_ext_phar_phar.c,1513,1391,1530,},},"			}
		}
",0.0022960337810218,"[[12, 12, 12, 29913, 13, 12, 12, 29913, 13]]","[-0.0038826095405966043, -0.00014399446081370115, -0.0003847335756290704, -0.004851593170315027, -0.21713176369667053, -0.04604226350784302, -0.0002549561613705009, -0.3930416703224182, -0.19034035503864288]",13.018816947937012,True,2.0,-0.8560739394742996,-0.0951193266082555,9.0,-0.27269191411323845,-0.03895598773046264,7.0,0.005525993763524128,0,2,3,2,0.6666666666666666,-0.058939175073883625,-1.0504504997635746,False,1,0.1111111111111111,0.0,1.0,0.0,0.8879985768039593
~/anvil/data/cve-targets/openssl_repo_ssl_statem_extensions_srvr.c,335,180,485,},},"}
#",0.0054916474036872,"[[29913, 13, 29937]]","[-0.005491528660058975, -0.03808961063623428, -0.12217163294553757]",11.46519374847412,True,1.0,-0.16575277224183083,-0.055250924080610275,3.0,-0.04358113929629326,-0.02179056964814663,2.0,0.00026565873713136137,0,2,2,2,1.0,-0.2520194511828324,-1.0104325834075292,False,1,0.3333333333333333,0.0,1.0,0.0,0.9778629800620907
~/anvil/data/cve-targets/libpng_repo_pngrutil.c,312,278,370,*/,*/,"   */
  ",0.423530101776123,"[[1678, 3776, 13, 259]]","[-0.0009037939016707242, -0.4235294759273529, -0.007256579585373402, -0.21542109549045563]",12.860593795776367,True,1.0,-0.6471109449048527,-0.16177773622621316,4.0,-0.6471109449048527,-0.16177773622621316,4.0,0.030287199099597237,0,3,3,3,1.0,-2.6179752026193674,-1.046303567198436,False,1,0.25,0.0,1.0,0.0,0.9865226452133081
~/anvil/data/cve-targets/lua_repo_lstate.h,120,-35,270,TString **hash;,TString **hash;," TString **hash;
  int n",0.0832441672682762,"[[29871, 323, 1231, 3579, 8568, 29936, 13, 29871, 938, 302]]","[-0.0015337619697675109, -0.44929206371307373, -0.025974690914154053, -0.005810157395899296, -0.002300832187756896, -0.014419520273804665, -0.7247073650360107, -0.002393359551206231, -0.48989731073379517, -0.021768447011709213]",9.628070831298828,True,1.0,-1.7380975087871775,-0.17380975087871775,10.0,-1.2264317510416731,-0.15330396888020914,8.0,0.06749712599300656,0,9,13,9,0.6923076923076923,-0.5430007316596136,-1.0361889727857458,False,5,0.5,0.0,1.0,0.0,1.014330896508294
~/anvil/data/cve-targets/php_repo_ext_intl_locale_locale_methods.c,967,951,983,while( (*str)!='\0' ){,while( *str != '\0' ){,		while( *str != '\0' ){,0.999466359615326,"[[12, 12, 8000, 29898, 334, 710, 2804, 11297, 29900, 29915, 29545, 32010, 2]]","[-0.0569646880030632, -0.04673192650079727, -0.14486420154571533, -0.3932308256626129, -0.17884837090969086, -0.010739977471530437, -0.6010515093803406, -0.031623475253582, -0.000519617460668087, -0.41300734877586365, -0.27641844749450684, -0.17014575004577637, -8.344646857949556e-07]",7.09510612487793,False,0.0,-2.3241469729688333,-0.17878053638221794,13.0,-2.154000388458371,-0.1958182171325792,11.0,0.036418181661165866,0,21,18,18,1.1666666666666667,-5.104051983777561,-1.1039268107288795,True,10,0.7692307692307693,3.0,0.9090909090909091,3.0,2.169042406046923
~/anvil/data/cve-targets/sqlite3_repo_src_whereexpr.c,1369,985,1371,*/,*/," */
 ",0.1549465358257293,"[[29871, 3776, 13, 29871]]","[-0.000482442817883566, -0.3095408082008362, -0.015553013421595097, -0.00852812360972166]",13.160701751708984,True,1.0,-0.3341043880500365,-0.08352609701250913,4.0,-0.3341043880500365,-0.08352609701250913,4.0,0.017055983570730508,1,3,3,3,1.0,-1.8550673546080336,-1.0541831900760152,False,1,0.25,0.0,1.0,0.0,0.9192686583179839
~/anvil/data/cve-targets/libsndfile_repo_src_alaw.c,307,301,313,{,{	/*,		{	/* ,0.6205825805664062,"[[12, 12, 29912, 12, 5515, 29871]]","[-0.0030337998177856207, -0.34755897521972656, -0.035865962505340576, -0.6387240290641785, -0.6747642755508423, -1.9513050317764282]",9.001110076904297,False,0.0,-3.6512520739343017,-0.6085420123223836,6.0,-3.6512520739343017,-0.6085420123223836,6.0,0.4285031779658229,1,2,4,4,0.5,-1.0197859276766648,-1.0525581687067345,True,1,0.16666666666666666,3.0,0.4,3.0,1.9976518506248728
~/anvil/data/cve-targets/openssl_repo_crypto_x509_v3_addr.c,77,68,78,: 0);,: 0);,"           : 0);
}

",0.0393173061311244,"[[9651, 584, 29871, 29900, 416, 13, 29913, 13, 13]]","[-0.012339441105723381, -0.0014194899704307318, -0.10059086233377457, -0.003215858479961753, -0.05255537107586861, -0.5717676281929016, -0.019585086032748222, -0.006350456736981869, -0.5670458078384399]",6.480891227722168,True,3.0,-1.3348700017668307,-0.1483188890852034,9.0,-0.7418886511586607,-0.12364810852644344,6.0,0.04137171655244149,1,6,7,6,0.8571428571428571,-0.31797741671653623,-1.1210088328047016,False,4,0.4444444444444444,0.0,1.0,0.0,0.7828964065631356
~/anvil/data/cve-targets/libtiff_repo_libtiff_tif_predict.c,343,335,352,tmsize_t wc = cc / 4;,tmsize_t wc = cc/sizeof (uint32_t);,"	tmsize_t wc = cc/sizeof (uint32_t);
",0.2297675758600235,"[[12, 29873, 1516, 675, 29918, 29873, 28678, 353, 21759, 29914, 17921, 313, 13470, 29941, 29906, 29918, 29873, 416, 13, 32010, 2]]","[-0.015921134501695633, -0.22806401550769806, -0.0001573438785271719, -0.0004213160718791187, -1.549708758830093e-05, -1.3232143828645349e-05, -0.006935806944966316, -0.02137703448534012, -0.08316507190465927, -0.8274505138397217, -0.1600997895002365, -0.13365712761878967, -0.010088051669299603, -0.0006906984490342438, -5.602820692729438e-06, -0.0007831366965547204, -2.4676019165781327e-05, -0.006055224221199751, -0.421891987323761, -0.667028546333313, 0.0]",12.36768627166748,False,1.0,-2.5838458070179513,-0.12304027652466434,21.0,-1.9168172606846383,-0.10088511898340202,19.0,0.040663839625425156,1,11,16,16,0.6875,-2.2775170230787523,-1.0334894092654674,True,12,0.5714285714285714,17.0,0.6785714285714286,6.0,2.0701806737775033
~/anvil/data/cve-targets/libsndfile_repo_src_alaw.c,257,98,274,"0xa9, 0xa9, 0xa9, 0xa9, 0xa9, 0xa9, 0xa9, 0xa9, 0xa8, 0xa8, 0xa8, 0xa8,","0xa8, 0xa8, 0xa8, 0xa8, 0xa8, 0xa8, 0xa8, 0xa8, 0xa8, 0xa8, 0xa8, 0xa8,","	0xa8, 0xa8, 0xa8, 0xa8, 0xa8, 0xa8, 0xa8, 0xa8, 0xa8, 0xa8, 0xa8, 0xa8,
	0xa8, 0xa8, 0xa8, 0xa8, 0xa8, 0xa8, 0",0.0296031069010496,"[[12, 29900, 17367, 29947, 29892, 29871, 29900, 17367, 29947, 29892, 29871, 29900, 17367, 29947, 29892, 29871, 29900, 17367, 29947, 29892, 29871, 29900, 17367, 29947, 29892, 29871, 29900, 17367, 29947, 29892, 29871, 29900, 17367, 29947, 29892, 29871, 29900, 17367, 29947, 29892, 29871, 29900, 17367, 29947, 29892, 29871, 29900, 17367, 29947, 29892, 29871, 29900, 17367, 29947, 29892, 29871, 29900, 17367, 29947, 29892, 13, 12, 29900, 17367, 29947, 29892, 29871, 29900, 17367, 29947, 29892, 29871, 29900, 17367, 29947, 29892, 29871, 29900, 17367, 29947, 29892, 29871, 29900, 17367, 29947, 29892, 29871, 29900, 17367, 29947, 29892, 29871, 29900]]","[-0.002704060636460781, -0.002367552602663636, -0.041356708854436874, -0.6989364624023438, -0.00024351492174901068, -0.000286657246761024, -0.005664961878210306, -0.00031871485407464206, -5.113947918289341e-05, -2.884823152271565e-05, -8.189342770492658e-05, -0.001680511049926281, -8.225102646974847e-05, -2.2411095415009186e-05, -2.455681169521995e-05, -0.00033849707688204944, -0.0015286438865587115, -0.00011765264935093, -4.088794958079234e-05, -0.00019929806876461953, -0.0055944304913282394, -0.007497150916606188, -0.0001934579631779343, -3.2782016205601394e-05, -2.753696753643453e-05, -0.0002348147245356813, -0.0005808573332615197, -4.8040190449682996e-05, -1.3351351299206726e-05, -2.825220326485578e-05, -0.0001896439935080707, -0.0005125877796672285, -4.100715523236431e-05, -1.728519782773219e-05, -2.9682672902708873e-05, -0.00024053541710600257, -0.0005547653418034315, -5.435795901576057e-05, -2.2172682292875834e-05, -0.00031132620642893016, -0.02162356674671173, -0.01029655896127224, -0.00015031162183731794, -3.290122185717337e-05, -1.966933996300213e-05, -0.00018439977429807186, -0.00020811776630580425, -1.8715683836489916e-05, -1.0490362910786644e-05, -2.95634672511369e-05, -0.00014327930693980306, -0.00020561488054227084, -1.9311717551317997e-05, -1.0967194612021558e-05, -5.340433563105762e-05, -0.0012702024541795254, -0.0005005536950193346, -4.792098479811102e-05, -2.13382354559144e-05, -0.00023278864682652056, -0.17293725907802582, -4.005352093372494e-05, -3.766942609217949e-05, -1.823885577323381e-05, -1.847726889536716e-05, -3.933898824470816e-06, -1.0490362910786644e-05, -3.099436753473128e-06, -8.821448318485636e-06, -5.722029527532868e-06, -4.172316494077677e-06, -1.1205610462639015e-05, -6.794906312279636e-06, -1.3351351299206726e-05, -7.986990567587782e-06, -4.529942543740617e-06, -1.0847986231965479e-05, -1.5020257706055418e-05, -1.6093124941107817e-05, -1.0609570381348021e-05, -1.9192511899746023e-05, -5.674201020156033e-05, -0.00021896349790040404, -4.053033626405522e-05, -3.8980677345534787e-05, -4.529942543740617e-06, -8.22540732769994e-06, -1.168244216387393e-05, -9.059865078597795e-06, -9.65590606938349e-06, -5.006777428206988e-06, -5.8412379075889476e-06, -3.4570634852570947e-06]",12.525979042053224,False,1.0,-0.9809951841696147,-0.010548335313651772,93.0,-0.9803562517099635,-0.015812197608225217,62.0,0.00815069777667903,0,25,38,25,0.6578947368421053,-1.872169045348295,-1.037587359910946,True,60,0.6451612903225806,8.0,0.8873239436619719,8.0,2.183108330024045
~/anvil/data/cve-targets/libpng_repo_pngrutil.c,1712,1691,1740,},},"  }
  ",3.6000557884108275e-05,"[[259, 500, 13, 259]]","[-0.00047839165199548006, -3.6477376852417365e-05, -0.19322188198566437, -0.17539185285568237]",12.525023460388184,True,1.0,-0.36912860387019464,-0.09228215096754866,4.0,-0.36912860387019464,-0.09228215096754866,4.0,0.008508311591653325,1,2,2,2,1.0,-0.0003901139874466948,-1.0375625727205993,False,1,0.25,0.0,1.0,0.0,0.9163314081813668
~/anvil/data/cve-targets/libsndfile_repo_src_wav.c,902,828,934,"psf_binheader_writef (psf, ""44"", BHW4 (psf->instrument->loop_count), BHW4 (0)) ;","psf_binheader_writef (psf, ""44"", BHW4 (psf->instrument->key_lo), BHW4 (psf->instrument->key_hi)) ;","		psf_binheader_writef (psf, ""44"", BHW4 (psf->instrument->key_lo), BHW4 (psf->instrument->key_hi)) ;
		psf_binheader_writef (psf,",0.1721189022064209,"[[12, 12, 567, 29888, 29918, 2109, 6672, 29918, 3539, 29888, 313, 567, 29888, 29892, 376, 29946, 29946, 613, 350, 29950, 29956, 29946, 313, 567, 29888, 976, 2611, 15461, 976, 1989, 29918, 417, 511, 350, 29950, 29956, 29946, 313, 567, 29888, 976, 2611, 15461, 976, 1989, 29918, 2918, 876, 2056, 13, 12, 12, 567, 29888, 29918, 2109, 6672, 29918, 3539, 29888, 313, 567, 29888, 29892]]","[-0.010764390230178833, -0.003219066886231303, -0.26038384437561035, -3.576272320060525e-06, -0.00020430385484360158, -0.0025620989035815, -0.00013863079948350787, -1.5497195136049413e-06, -7.509902934543788e-05, -0.00020847532141488045, -7.319182623177767e-05, -1.2278481335670222e-05, -1.1920928244535389e-07, -0.00014959646796341985, -0.00042548662167973816, -0.08635171502828598, -0.24011245369911194, -0.5358836650848389, -0.0006157647585496306, -9.298280929215252e-06, -3.933898824470816e-06, -0.00010644822759786621, -0.049553219228982925, -0.7979855537414551, -1.5139465176616795e-05, -0.00011693747364915907, -0.22604556381702423, -5.602820692729438e-06, -1.2516897186287679e-05, -1.518471121788025, -0.719054639339447, -0.6771377325057983, -0.0734233632683754, -0.0013424679636955261, -5.960462772236497e-07, -4.768370445162873e-07, -2.455681169521995e-05, -0.002451036125421524, -0.012345210649073124, -1.0728830375228426e-06, -6.437280717364047e-06, -0.00048458753735758364, -3.576272320060525e-06, -2.7418097943154862e-06, -0.0035813022404909134, -0.0008476955117657781, -0.0009706076816655695, -0.011847253888845444, -8.940297266235575e-05, -0.07178306579589844, -0.037899330258369446, -9.500529267825186e-05, -0.2084123194217682, -6.079655122448457e-06, -0.00014447122521232814, -0.0017281135078519583, -8.821448318485636e-06, -3.2305197237292305e-05, -0.000228140561375767, -0.0002783149539027363, -6.758938252460212e-05, -2.50339189733495e-06, -2.3841855067985307e-07, -6.5205356804654e-05]",13.88888931274414,False,1.0,-5.557876903702343,-0.08684182662034912,64.0,-5.346902801181777,-0.10282505386888033,52.0,0.07412226487827145,1,34,44,40,0.7727272727272727,-1.6739004331172262,-1.073550015886819,True,39,0.609375,31.0,0.797752808988764,8.0,2.231513310931381
~/anvil/data/cve-targets/libxml2_repo_valid.c,694,599,739,if ((ocur == XML_ELEMENT_CONTENT_PLUS) ||,/*,"	    /*
	     * Create a new state for the end of the subtypes
	     */
	    if ((ocur == XML_E",0.1057348623871803,"[[12, 1678, 4949, 13, 12, 268, 334, 6204, 263, 716, 2106, 363, 278, 1095, 310, 278, 1014, 8768, 13, 12, 268, 3776, 13, 12, 1678, 565, 5135, 542, 332, 1275, 6560, 29918, 29923]]","[-0.053992707282304764, -0.0017219253350049257, -0.7294974327087402, -0.021679094061255455, -0.00012063252506777644, -0.003022271441295743, -0.0005030558677390218, -2.1366002559661865, -0.5314551591873169, -0.43149709701538086, -0.6564364433288574, -1.334790825843811, -0.4025617241859436, -2.574474811553955, -0.24385230243206024, -0.29201918840408325, -1.1538262367248535, -0.5467864871025085, -0.7182726860046387, -0.0004769618099089712, -0.0005267662927508354, -0.1626262664794922, -0.00015746307326480746, -0.00802554190158844, -0.0005007919971831143, -0.05319319665431976, -0.1590702086687088, -0.06473580747842789, -0.005672784987837076, -0.1858261674642563, -0.000856509490404278, -2.3841855067985307e-07, -1.0371154530730564e-05]",13.86878490447998,False,3.0,-12.474789412842227,-0.3780239216012796,33.0,-0.8100340633536689,-0.1350056772256115,6.0,0.07103410271541447,0,11,9,3,1.2222222222222223,-0.7831882670421632,-1.0730105742673222,True,18,0.5454545454545454,41.0,0.0,10.0,1.9590750253212061
~/anvil/data/cve-targets/poppler_repo_poppler_GfxState.cc,2623,2566,2644,"GfxSeparationColorSpace *cs = (GfxSeparationColorSpace *)GfxSeparationColorSpace::parse(res, obj3.getArray(), out, state, recursion);","GfxSeparationColorSpace *cs = GfxSeparationColorSpace::parse(res, &obj3, out, state, recursion + 1);","                   GfxSeparationColorSpace *cs = GfxSeparationColorSpace::parse(res, &obj3, out, state, recursion + 1);",0.3546302616596222,"[[462, 1678, 402, 11093, 2008, 862, 362, 3306, 14936, 334, 2395, 353, 402, 11093, 2008, 862, 362, 3306, 14936, 1057, 5510, 29898, 690, 29892, 669, 5415, 29941, 29892, 714, 29892, 2106, 29892, 20437, 718, 29871, 29896, 416, 32010, 2]]","[-0.0008765193051658571, -0.00042763148667290807, -1.339281678199768, -0.01602848246693611, -0.16687488555908203, -4.6132929128361866e-05, -3.814624506048858e-05, -0.00015925093612167984, -0.0002706876548472792, -0.005121089518070221, -0.010817458853125572, -0.18233540654182434, -0.5130892395973206, -0.00012706902634818107, -0.006917811930179596, -0.0003513672563713044, -6.818538531661034e-05, -0.00046957432641647756, -0.00016950124700088054, -0.0008472190820612013, -0.017207728698849678, -0.1762729436159134, -0.3310816287994385, -0.0034058440942317247, -0.6788813471794128, -0.0322188101708889, -0.009190752170979977, -0.17866583168506622, -0.08648871630430222, -0.024453677237033844, -0.005910893436521292, -0.10187147557735443, -0.09067218750715256, -0.09972969442605972, -0.00030155404238030314, -0.043023090809583664, -0.03933368995785713, -0.1608780473470688, 0.0]",12.953235626220703,False,0.0,-4.323905250606913,-0.11086936540017725,39.0,-4.163027203259844,-0.11251424873675255,37.0,0.06283932928242693,0,40,31,31,1.2903225806451613,-3.1518697910816957,-1.048729662529504,True,43,1.1025641025641026,43.0,0.8154506437768241,18.0,2.388821608883849
~/anvil/data/cve-targets/libsndfile_repo_src_common.c,1260,1105,1410,} /* psf_strlcpy_crlf */,return ;,"	return ;
} /* psf_strlcpy_crlf */
void
ps",0.1422359347343444,"[[12, 2457, 2056, 13, 29913, 4949, 282, 4668, 29918, 710, 29880, 23141, 29918, 29883, 2096, 29888, 3776, 13, 5405, 13, 567]]","[-0.2374175488948822, -0.04039042070508003, -0.003327073995023966, -0.002503596246242523, -0.002126457868143916, -0.010908493772149086, -0.020755011588335037, -0.00010179955279454589, -8.797258487902582e-05, -0.014918195083737373, -0.0023924082051962614, -0.0046235560439527035, -0.027987217530608177, -0.0025429551023989916, -6.508615479106084e-05, -8.427741704508662e-05, -0.0021048076450824738, -0.07756246626377106, -1.194802165031433, -0.007577367592602968, -0.05018718168139458]",17.941354751586914,False,3.0,-1.7024660589595442,-0.08106981233140687,21.0,-0.2836386398412287,-0.07090965996030718,4.0,0.009475774130193534,0,3,10,4,0.3,-2.0058752899670265,-1.188013476391551,True,13,0.6190476190476191,21.0,0.1875,4.0,1.6183645155815778
~/anvil/data/cve-targets/libsndfile_repo_src_wavlike.c,416,409,457,int format = 0 ;,int format = 0 ;,"	int format = 0 ;
",0.1553339511156082,"[[12, 524, 3402, 353, 29871, 29900, 2056, 13, 32010, 2]]","[-0.00993426889181137, -0.10549187660217285, -0.4155237078666687, -0.44577986001968384, -0.043765731155872345, -0.0006968930247239769, -0.06366077065467834, -0.10280200839042664, -0.5388825535774231, 0.0]",12.555959701538086,True,1.0,-1.7265376701834612,-0.17265376701834612,10.0,-1.187655116606038,-0.14845688957575476,8.0,0.027853518519847825,0,8,8,8,1.0,-1.0463236267411098,-1.038365340262157,False,6,0.6,0.0,1.0,0.0,1.0114455036854642
~/anvil/data/cve-targets/libtiff_repo_libtiff_tif_predict.c,40,-115,190,"static int swabHorDiff16(TIFF* tif, uint8_t* cp0, tmsize_t cc);","static int swabHorDiff16(TIFF* tif, uint8_t* cp0, tmsize_t cc);","static int swabHorDiff16(TIFF* tif, uint8_t* cp0, tmsize_t cc);",0.0104187633842229,"[[7959, 938, 2381, 370, 17241, 26023, 29896, 29953, 29898, 24301, 4198, 29930, 260, 361, 29892, 13122, 29947, 29918, 29873, 29930, 21447, 29900, 29892, 260, 1516, 675, 29918, 29873, 21759, 416, 32010, 2]]","[-0.0017247814685106277, -0.00013839241000823677, -0.30341973900794983, -1.597391747054644e-05, -0.0009712031460367143, -0.0008179179858416319, -0.00357512547634542, -2.312633478140924e-05, -3.2782016205601394e-05, -1.8358061424805783e-05, -2.3841855067985307e-07, -0.00013863079948350787, -2.0861407392658293e-05, -2.2291887944447808e-05, -1.2397689715726301e-05, -0.00029869386344216764, -4.172316494077677e-06, -2.264974000354414e-06, -4.768370445162873e-07, -4.31528314948082e-05, -0.00018189683032687753, -0.0003545847721397877, -1.5735502529423684e-05, -8.475421054754406e-05, -3.576278118089249e-07, -2.9802276912960224e-06, -6.079655122448457e-06, -9.536738616588991e-07, -2.8967437174287625e-05, -0.0006750926841050386, -0.0016807490028440952, 0.0]",14.006063461303713,True,0.0,-0.31431273247429203,-0.009822272889821626,32.0,-0.31263198347144794,-0.010421066115714932,30.0,0.002960790123799202,0,26,26,26,1.0,-0.9997790311023399,-1.0766994342410607,False,30,0.9375,0.0,1.0,0.0,1.1036711528484897
~/anvil/data/cve-targets/libxml2_repo_HTMLparser.c,6620,6607,6631,htmlCtxtReset(ctxt);,if (ctxt->sax == NULL) {,"   if (ctxt->sax == NULL) {
        c",0.6519825458526611,"[[1678, 565, 313, 312, 486, 976, 29879, 1165, 1275, 4265, 29897, 426, 13, 4706, 274]]","[-0.26899272203445435, -0.7721601724624634, -0.2518588900566101, -0.5694471001625061, -1.1801649634435307e-05, -0.0028041587211191654, -0.6995465755462646, -0.002218168694525957, -0.6391212940216064, -0.0216501634567976, -0.00046302087139338255, -0.48517435789108276, -0.0014331794809550047, -0.1970476359128952, -0.7610062956809998]",8.010527610778809,False,1.0,-4.672935536643308,-0.31152903577622054,15.0,-3.9119292409623085,-0.2794235172115935,14.0,0.08112524565197897,0,9,15,17,0.6,-2.3333130738560826,-1.0789497495550393,True,8,0.5333333333333333,19.0,0.2727272727272727,14.0,2.024129627124364
~/anvil/data/cve-targets/libtiff_repo_libtiff_tif_dirread.c,2080,2074,2081,"return TIFFReadDirEntryLong8ArrayWithLimit(tif, direntry, value, ~((uint64_t)0));",uint64_t* data;,"	uint64_t* data;
	uint32_t count;
	uint32_t i;
	if(direntry->tdir_count==0)
	{
		*value",0.667817234992981,"[[12, 13470, 29953, 29946, 29918, 29873, 29930, 848, 29936, 13, 12, 13470, 29941, 29906, 29918, 29873, 2302, 29936, 13, 12, 13470, 29941, 29906, 29918, 29873, 474, 29936, 13, 12, 361, 29898, 3972, 8269, 976, 1594, 381, 29918, 2798, 1360, 29900, 29897, 13, 12, 29912, 13, 12, 12, 29930, 1767]]","[-0.09328114986419678, -0.575350284576416, -0.2225061058998108, -2.074220174108632e-05, -0.009661226533353329, -0.0002889215829782188, -0.7199479341506958, -0.055244579911231995, -0.39024388790130615, -0.010948584415018559, -0.11417897045612335, -0.8809125423431396, -0.7710587382316589, -1.645074735279195e-05, -0.004732716828584671, -3.242440288886428e-05, -0.9982369542121887, -0.2888980209827423, -0.008093418553471565, -0.26937323808670044, -1.196333408355713, -0.4798535108566284, -1.3470558769768104e-05, -0.00036352223833091557, -0.00013517419574782252, -0.6094376444816589, -0.053462181240320206, -0.0048158844001591206, -0.3909641206264496, -1.3717141151428223, -1.0787006616592407, -0.7291833162307739, -7.939023635117337e-05, -0.039355579763650894, -0.16610026359558105, -0.009685901924967766, -0.00076908094342798, -0.14052623510360718, -1.2906348705291748, -0.2691798806190491, -0.13733519613742828, -0.12018584460020065, -0.001434369827620685, -0.1030147448182106, -0.010919577442109585, -0.008703039959073067, -0.010754483751952648, -0.29196470975875854, -0.0011953121284022927]",3.421224594116211,False,5.0,-13.92984238300778,-0.2842824976124037,49.0,-2.191672387492872,-0.19924294431753384,11.0,0.058134586011112814,0,26,30,7,0.8666666666666667,-3.351773571106636,-1.2101214050127296,True,31,0.6326530612244898,71.0,0.20833333333333337,24.0,1.9276178603946006
~/anvil/data/cve-targets/libxml2_repo_valid.c,1214,1186,1278,if (size - len < xmlStrlen(content->name) + 10) {,if (size - len < xmlStrlen(content->name) + 10) {,       if (size - len < xmlStrlen(content->name) + 10) {,0.0350393429398536,"[[4706, 565, 313, 2311, 448, 7431, 529, 4903, 5015, 2435, 29898, 3051, 976, 978, 29897, 718, 29871, 29896, 29900, 29897, 426, 32010, 2]]","[-0.3390836715698242, -0.04632057622075081, -0.025450007990002632, -0.02599618025124073, -0.0027607681695371866, -0.006834700703620911, -0.036248985677957535, -0.08426833897829056, -0.0007894498412497342, -0.0001419681793777272, -0.005450388882309198, -0.0004037995240651071, -2.4914430468925275e-05, -0.001053255284205079, -0.008409446105360985, -0.0024219010956585407, -0.005817150231450796, -0.29940304160118103, -0.14288973808288574, -0.003963948227465153, -0.0007613382767885923, -0.038026608526706696, -1.1920928244535389e-07]",11.324098587036133,True,0.0,-1.0765202970596803,-0.04680523030694262,23.0,-1.0384935693236912,-0.04945207472969958,21.0,0.008846602359948472,1,27,27,27,1.0,-0.7085515245088376,-1.0068746834155666,False,20,0.8695652173913043,0.0,1.0,0.0,1.2753559676071717
~/anvil/data/cve-targets/php_repo_ext_iconv_iconv.c,1138,968,1463,--str_left;,--str_left;,"								--str_left;
							}",0.0831158980727195,"[[12, 12, 12, 12, 12, 12, 12, 12, 489, 710, 29918, 1563, 29936, 13, 12, 12, 12, 12, 12, 12, 12, 29913]]","[-0.000647692708298564, -0.00018690270371735096, -0.0001280225842492655, -4.3987260141875595e-05, -1.8000440832111053e-05, -1.2278481335670222e-05, -7.652943895664066e-05, -0.3826581537723541, -0.6760774254798889, -0.018847309052944183, -2.861018856492592e-06, -0.00029738296871073544, -0.0011518517276272178, -0.11889440566301346, -0.0009409529156982899, -1.1444026313256472e-05, -8.666139910928905e-05, -5.245195097813848e-06, -2.7418097943154862e-06, -5.364403477869928e-06, -3.731181277544238e-05, -0.17486073076725006]",13.524750709533691,True,1.0,-1.374993255630443,-0.06249969343774741,22.0,-1.2001325248631929,-0.057149167850628235,21.0,0.026162631539689632,1,6,7,6,0.8571428571428571,-1.4543675997166041,-1.063821340321436,False,5,0.22727272727272727,0.0,1.0,0.0,0.9185730174091998
~/anvil/data/cve-targets/sqlite3_repo_src_select.c,5799,5644,5949,** Deallocate a single AggInfo object,** This routine is called to handle SELECT statements that can be,"** This routine is called to handle SELECT statements that can be
** implemented using",1.8769174814224243,"[[1068, 910, 26529, 338, 2000, 304, 4386, 5097, 9506, 393, 508, 367, 13, 1068, 8762, 773]]","[-0.002605022396892309, -2.180459976196289, -0.8219901323318481, -0.7769519090652466, -0.8908363580703735, -1.1569545269012451, -1.508600115776062, -1.3810354471206665, -0.02101943828165531, -0.2118036299943924, -0.514209508895874, -0.007917804643511772, -1.4194592237472534, -0.00041476229671388865, -0.877806544303894, -0.009953035973012447]",8.768205642700195,False,1.0,-11.78201743599493,-0.7363760897496832,16.0,-10.89384309342131,-0.8379879302631777,13.0,0.42651793206418254,0,8,22,14,0.36363636363636365,-2.239790590817891,-1.0587046823386463,True,10,0.625,49.0,0.37254901960784315,11.0,2.2844871258311206
~/anvil/data/cve-targets/php_repo_ext_phar_phar.c,173,159,201,},},"	}
	if (",0.0034597415942698,"[[12, 29913, 13, 12, 361, 313]]","[-0.00038413776201196015, -0.006535821128636599, -0.5761380195617676, -0.024713989347219467, -0.044241663068532944, -0.0034429102670401335]",13.037405967712402,True,1.0,-0.6554565411352087,-0.10924275685586811,6.0,-0.6077719677996356,-0.1519429919499089,4.0,0.06006049304072389,0,2,4,2,0.5,-0.022769997812142426,-1.0509387843417621,False,1,0.16666666666666666,0.0,1.0,0.0,0.8871245280726168
~/anvil/data/cve-targets/libxml2_repo_HTMLparser.c,2500,2468,2509,c = CUR_CHAR(l);,c = CUR_CHAR(l);,"	c = CUR_CHAR(l);
    }
    if (ct",0.0446757227182388,"[[12, 29883, 353, 315, 4574, 29918, 11282, 29898, 29880, 416, 13, 1678, 500, 13, 1678, 565, 313, 312]]","[-0.03616436570882797, -0.13652227818965912, -0.00038354191929101944, -0.03140712529420853, -5.483612312673358e-06, -0.20212143659591675, -0.0001113352773245424, -0.03953607380390167, -0.00021002470748499036, -0.000278195773717016, -0.1086764931678772, -0.22850368916988373, -0.0012960376916453242, -0.004054778255522251, -0.088679738342762, -0.2797456979751587, -0.23477201163768768, -1.0939005613327026]",10.851605415344238,True,2.0,-2.486368868455884,-0.13813160380310466,18.0,-0.7839200432204052,-0.0653266702683671,12.0,0.006346890713038541,1,12,16,12,0.75,-0.683881828580998,-1.0049734957407541,False,9,0.5,0.0,1.0,0.0,1.1109249534934305
~/anvil/data/cve-targets/php_repo_ext_exif_exif.c,3659,3617,3700,if (pos+length>=ImageInfo->Thumbnail.size) {,if (length < 2) {,"		if (length < 2) {
			exif_error_docref(NULL EXIFERR_CC",0.1876129508018493,"[[12, 12, 361, 313, 2848, 529, 29871, 29906, 29897, 426, 13, 12, 12, 12, 735, 361, 29918, 2704, 29918, 1514, 999, 29898, 10074, 8528, 6545, 21662, 29918, 4174]]","[-0.04971294105052948, -0.0005082983989268541, -0.4098748564720154, -0.08753764629364014, -0.6176659464836121, -0.37396010756492615, -0.01439860463142395, -0.030735129490494728, -0.7025775909423828, -0.24905332922935486, -0.21868818998336792, -0.04808074235916138, -4.2437604861333966e-05, -0.0007949291029945016, -0.7857444882392883, -2.861018856492592e-06, -5.245195097813848e-06, -0.029179895296692848, -0.0002755738969426602, -0.0005573864909820259, -1.6689160474925302e-05, -0.004468812141567469, -0.00019751029321923852, -0.0008948612376116216, -9.536738616588991e-07, -1.7046782886609435e-05, -2.7418097943154862e-06, -2.8013790142722428e-05]",10.47228717803955,False,1.0,-3.6250228286351103,-0.12946510102268252,28.0,-2.8036307496076915,-0.20025933925769226,14.0,0.053211980746444294,1,22,15,13,1.4666666666666666,-0.9368499441638042,-1.014548945139578,True,15,0.5357142857142857,31.0,0.42622950819672134,11.0,2.229637014469849
~/anvil/data/cve-targets/libsndfile_repo_src_flac.c,339,331,397,{	case FLAC__METADATA_TYPE_STREAMINFO :,{	case FLAC__METADATA_TYPE_STREAMINFO :,"	{	case FLAC__METADATA_TYPE_STREAMINFO :
			psf->sf.format = SF_",0.0022052593994885,"[[12, 29912, 12, 4878, 383, 29931, 2477, 1649, 2303, 29911, 3035, 8254, 29918, 11116, 29918, 1254, 1525, 5194, 11690, 584, 13, 12, 12, 12, 567, 29888, 976, 4668, 29889, 4830, 353, 28768, 29918]]","[-0.0011716175358742476, -0.0011794761521741748, -0.01787458546459675, -0.014549234881997108, -0.001629216712899506, -4.6491513785440475e-06, 0.0, -1.6093124941107817e-05, -1.728519782773219e-05, -1.1920928244535389e-07, -8.344646857949556e-07, -1.311301275563892e-06, -5.960462772236497e-07, -5.722029527532868e-06, -2.0265558760002023e-06, -0.0056493147276341915, -1.1920928244535389e-07, -5.006777428206988e-06, -6.01988795096986e-05, -0.0018899451242759824, -0.36457112431526184, -0.052354246377944946, -0.0007051127031445503, -0.0072953966446220875, -0.25714319944381714, -3.969590397900902e-05, -0.2590998113155365, -0.028683070093393326, -0.0003129946126136929, -0.03598441556096077, -0.644310712814331, -0.10509767383337021, -7.521823135903105e-05]",12.797768592834473,True,1.0,-1.7997300243970784,-0.054537273466578134,33.0,-0.4689832325877177,-0.020390575329900767,23.0,0.005296437316658193,1,8,15,8,0.5333333333333333,-0.10815091598983499,-1.0446615012263982,False,19,0.5757575757575758,0.0,1.0,0.0,0.969077904978191
~/anvil/data/cve-targets/libpng_repo_pngrutil.c,823,760,919,max_palette_length = PNG_MAX_PALETTE_LENGTH;,max_palette_length = PNG_MAX_PALETTE_LENGTH;,"     max_palette_length = PNG_MAX_PALETTE_LENGTH;
   if (num > max_palette_",0.0235999226570129,"[[418, 4236, 29918, 29886, 26456, 29918, 2848, 353, 349, 9312, 29918, 12648, 29918, 7228, 1307, 29911, 4330, 29918, 19433, 29936, 13, 259, 565, 313, 1949, 1405, 4236, 29918, 29886, 26456, 29918]]","[-0.07550787925720215, -0.06763207167387009, -1.5497195136049413e-06, -1.6689286894688848e-06, -7.748573807475623e-06, -2.9802276912960224e-06, -1.1920922133867862e-06, -0.005358262453228235, -0.3722781836986542, -7.629365427419543e-06, -2.407998726994265e-05, -0.0010726656764745712, -1.0013530300057027e-05, -0.00018559163436293602, -8.344646857949556e-07, -8.940656698541716e-06, -1.5497195136049413e-06, -1.7165990357170813e-05, -2.074220174108632e-05, -0.0035995945800095797, -0.043150633573532104, -0.18207907676696777, -0.09111053496599197, -0.012808083556592464, -0.03970908746123314, -0.0783965215086937, -0.01029113121330738, -8.344646857949556e-07, -5.960462772236497e-07, -3.933898824470816e-06, -3.576278118089249e-07]",9.859291076660156,True,1.0,-0.9832911355156284,-0.03171906888760092,31.0,-0.7509700547722105,-0.03413500248964593,22.0,0.007194992746680091,1,7,13,7,0.5384615384615384,-0.6913701753550888,-1.0302165545031134,False,19,0.6129032258064516,0.0,1.0,0.0,0.9938956059646855
~/anvil/data/cve-targets/openssl_repo_crypto_asn1_a_type.c,125,-30,275,},},"}
AS",0.0016715852543711,"[[29913, 13, 3289]]","[-0.0016715852543711662, -0.07323005050420761, -0.801928699016571]",10.127718925476074,True,1.0,-0.8768303347751498,-0.2922767782583833,3.0,-0.07490163575857878,-0.03745081787928939,2.0,0.0012801534872280125,0,2,3,2,0.6666666666666666,-0.04463414550141241,-1.0233262294616274,False,1,0.3333333333333333,0.0,1.0,0.0,0.9483928470004032
~/anvil/data/cve-targets/lua_repo_ldebug.c,166,156,182,"return findvararg(ci, -n, pos);","name = luaF_getvarargname(ci_func(ci)->p, n","     name = luaF_getvarargname(ci_func(ci)->p, n",0.9655770659446716,"[[418, 1024, 353, 301, 3357, 29943, 29918, 657, 1707, 1191, 978, 29898, 455, 29918, 9891, 29898, 455, 19969, 29886, 29892, 302]]","[-0.0020158225670456886, -0.16937749087810516, -9.250213042832911e-05, -0.04012156277894974, -0.00017450717859901488, -0.7334610223770142, -1.966933996300213e-05, -0.13567496836185455, -0.6868664622306824, -0.23138472437858582, -0.04848410189151764, -0.00419581588357687, -0.37615394592285156, -0.014432093128561974, -0.0005725175142288208, -0.00012265883560758084, -0.0009282094542868435, -0.0010126468259841204, -0.010734434239566326, -0.0002915434306487441, -0.20342692732810974]",10.843805313110352,False,0.0,-2.659543626676168,-0.12664493460362705,21.0,-2.659543626676168,-0.12664493460362705,21.0,0.04575002340547515,1,16,16,16,1.0,-7.6242849267262995,-1.0051694872497838,True,12,0.5714285714285714,32.0,0.3783783783783784,17.0,2.326267502826972
~/anvil/data/cve-targets/libtiff_repo_libtiff_tif_ojpeg.c,735,727,747,(void)s;,if (sp==NULL),"	if (sp==NULL)
	{
	",0.5518370866775513,"[[12, 361, 313, 1028, 1360, 10074, 29897, 13, 12, 29912, 13, 12]]","[-0.6847211718559265, -1.374760389328003, -0.35133031010627747, -0.4288876950740814, -0.4319731891155243, -0.4257051944732666, -0.048966534435749054, -0.0850272998213768, -0.010564237833023071, -0.2512485980987549, -0.008105361834168434, -0.05064386501908302]",4.565270900726318,False,2.0,-4.1519338469952345,-0.34599448724960286,12.0,-3.841936022043228,-0.42688178022702533,9.0,0.15596656438632556,1,9,14,13,0.6428571428571429,-1.2927164199513783,-1.1760008022145942,True,5,0.4166666666666667,12.0,0.19047619047619047,11.0,1.7891023706216567
~/anvil/data/cve-targets/libpng_repo_pngrutil.c,128,-27,278,*/,*/,*/,0.583413302898407,"[[3776, 32010, 2]]","[-0.5834134221076965, -0.20724618434906006, 0.0]",18.96759605407715,True,0.0,-0.7906596064567566,-0.2635532021522522,3.0,-0.5834134221076965,-0.5834134221076965,1.0,0.0,0,3,3,3,1.0,-0.9999997956692716,-1.2188875484182544,False,1,0.3333333333333333,0.0,1.0,0.0,0.6310874846293076
~/anvil/data/cve-targets/sqlite3_repo_src_where.c,2686,2336,2707,&& pProbe->aiRowLogEst[saved_nEq+1]>=42  /* TUNING: Minimum for skip-scan */,&& pNew->nOut>42,"  && pNew->nOut>42
  ){
    pNew->wsFlags |= WHERE_SKIPSCAN;
    pNew->nSkip = saved_nSkip + 1;
    pNew->",0.8076829314231873,"[[259, 2607, 282, 4373, 976, 29876, 3744, 29958, 29946, 29906, 13, 29871, 29545, 13, 1678, 282, 4373, 976, 5652, 15675, 891, 29922, 5754, 29918, 16033, 5690, 7187, 2190, 29936, 13, 1678, 282, 4373, 976, 29876, 15797, 666, 353, 7160, 29918, 29876, 15797, 666, 718, 29871, 29896, 29936, 13, 1678, 282, 4373, 976]]","[-0.3631685972213745, -0.008096256293356419, -0.879704475402832, -0.5513960123062134, -0.00011765264935093, -0.5200603604316711, -0.11121112108230591, -1.2558118104934692, -0.6825376152992249, -0.01888076588511467, -0.5361326932907104, -0.37881001830101013, -0.011511923745274544, -0.007872624322772026, -0.010653055272996426, -0.9119999408721924, -0.012546654790639877, -0.0019042231142520905, -0.49865347146987915, -0.0001829695247579366, -0.037528879940509796, -1.9073468138230965e-06, -0.0038968592416495085, -5.960446742392378e-06, -0.04370742291212082, -0.0003123987407889217, -0.07708602398633957, -3.194758028257638e-05, -0.03307216241955757, -0.0027059626299887896, -0.40869492292404175, -0.4313848316669464, -0.018514785915613174, -0.0002889215829782188, -0.4938119649887085, -0.624065637588501, -4.172316494077677e-06, -0.5629005432128906, -0.4977990686893463, -1.9073468138230965e-06, -5.1020273531321436e-05, -0.5444999933242798, 0.0, -0.5489158630371094, -0.04701175168156624, -0.004710054956376553, -0.005988867953419685, -0.004304073750972748, -0.2333974391222, -0.8795616030693054, -0.016226252540946007, -0.0009253510506823659]",12.958768844604492,False,4.0,-12.282660794006915,-0.23620501526936374,52.0,-5.305927378656634,-0.4421606148880528,12.0,0.13507048142228006,1,18,33,9,0.5454545454545454,-1.8266731685898305,-1.0488747438200619,True,33,0.6346153846153846,66.0,0.23913043478260865,14.0,2.2222922739785096
~/anvil/data/cve-targets/poppler_repo_poppler_FileSpec.cc,124,119,129,{,{,{,0.007911299355328,"[[29912, 32010, 2]]","[-0.007911890745162964, -0.2517518699169159, -1.7523612768854946e-05]",7.534982681274414,True,0.0,-0.2596812842748477,-0.0865604280916159,3.0,-0.007911890745162964,-0.007911890745162964,1.0,0.0,0,2,2,2,1.0,-0.999925253033186,-1.0918535287202624,False,1,0.3333333333333333,0.0,1.0,0.0,0.7966738316126111
~/anvil/data/cve-targets/php_repo_ext_exif_exif.c,2659,2639,2730,switch(ImageInfo->Thumbnail.filetype) {,switch (ImageInfo->Thumbnail.filetype) {,	switch (ImageInfo->Thumbnail.filetype) {,0.1919757425785064,"[[12, 15123, 313, 2940, 3401, 976, 1349, 21145, 29889, 1445, 1853, 29897, 426, 32010, 2]]","[-0.07240542024374008, -0.2537931203842163, -0.1291513442993164, -0.015286548994481564, -2.861018856492592e-06, -1.3708974620385561e-05, -0.008554007858037949, -4.160317621426657e-05, -2.825220326485578e-05, -0.001531976624391973, -5.3165931603871286e-05, -0.0012744885170832276, -0.006186265032738447, -0.2231055051088333, 0.0]",11.833768844604492,False,0.0,-0.7114282683673991,-0.04742855122449328,15.0,-0.48832276325856583,-0.03756328948142814,13.0,0.005256896121804324,0,16,16,16,1.0,-5.110727660670456,-1.0197861178901189,True,12,0.8,1.0,0.9873417721518988,0.0,2.150578849050763
~/anvil/data/cve-targets/libsndfile_repo_src_flac.c,8,-147,158,** (at your option) any later version.,** (at your option) any later version.,** (at your option) any later version.,0.00507024070248,"[[1068, 313, 271, 596, 2984, 29897, 738, 2678, 1873, 29889, 32010, 2]]","[-0.00022063204960431904, -0.03260369226336479, -0.0005259322933852673, -0.00034397884155623615, -0.00031192204914987087, -0.0006717570940963924, -0.0011938833631575108, -0.00029762129997834563, -0.0005690624238923192, -0.014147699810564518, -0.199332594871521, 0.0]",15.94478702545166,True,0.0,-0.25021877636027057,-0.020851564696689213,12.0,-0.05088618148874957,-0.005088618148874957,10.0,0.00010070477381289469,0,16,16,16,1.0,-0.9963885192684343,-1.1301703476402023,False,10,0.8333333333333334,0.0,1.0,0.0,0.869760781419291
~/anvil/data/cve-targets/lua_repo_ldo.c,320,309,331,Proto *p = clLvalue(s2v(ci->func))->p;,Proto *p = ci_func(ci)->p;,     Proto *p = ci_func(ci)->p;,0.2194898426532745,"[[418, 1019, 517, 334, 29886, 353, 4583, 29918, 9891, 29898, 455, 19969, 29886, 29936, 32010, 2]]","[-0.0028974716551601887, -0.609821081161499, -0.0017379907658323646, -0.010877599008381367, -0.0007203606073744595, -0.005397864617407322, -0.11775506287813187, -0.05838974192738533, -0.0008473381749354303, -0.00045253525604493916, -0.004941038321703672, -0.010183165781199932, -0.3879542350769043, -0.008664513006806374, -0.45853322744369507, 0.0]",9.110623359680176,False,0.0,-1.6791732256824616,-0.10494832660515385,16.0,-1.2206399982387666,-0.08718857130276904,14.0,0.03097167857672403,1,26,18,18,1.4444444444444444,-2.5174152916335686,-1.0496803824428953,True,20,1.25,17.0,0.6875,9.0,2.202614916215942
~/anvil/data/cve-targets/libxml2_repo_HTMLparser.c,2761,2727,2765,"ret = xmlStrndup(q, CUR_PTR - q);",NEXT;,"       NEXT;
    }
    if (err) {
        return(NULL);
    }
    ret = xml",0.6553798317909241,"[[4706, 405, 12194, 29936, 13, 1678, 500, 13, 1678, 565, 313, 3127, 29897, 426, 13, 4706, 736, 29898, 10074, 416, 13, 1678, 500, 13, 1678, 3240, 353, 4903]]","[-0.15932844579219818, -0.29639750719070435, -0.0005153281381353736, -0.0017450118903070688, -0.007041519042104483, -0.11795733124017715, -0.00018320789968129247, -0.012295873835682869, -0.15449370443820953, -0.38216230273246765, -0.345588356256485, -0.6524598598480225, -0.157820925116539, -0.5318559408187866, -0.00777350552380085, -0.20116965472698212, -0.5824238061904907, -0.035212378948926926, -0.02332243137061596, -2.610649426060263e-05, -0.02344144694507122, -0.001341991825029254, -0.00019453064305707812, -0.06472776085138321, -0.1035168319940567, -0.41434937715530396, -0.0009117737063206732, -0.11389008909463882]",8.663562774658203,False,5.0,-4.392146999709439,-0.15686239284676567,28.0,-0.5829851432936266,-0.09716419054893777,6.0,0.011759763661758635,1,17,28,4,0.6071428571428571,-6.745075815362607,-1.0614779556571543,True,17,0.6071428571428571,31.0,0.10526315789473684,14.0,2.154643747902231
~/anvil/data/cve-targets/poppler_repo_poppler_GfxState.cc,4624,4518,4911,case 1:,case 1:,           case 1:,4.529771103989333e-05,"[[9651, 1206, 29871, 29896, 29901, 32010, 2]]","[-0.0002656822034623474, -8.701899787411094e-05, -1.311301275563892e-06, -8.248942322097719e-05, -1.0847986231965479e-05, -0.0038707349449396133, 0.0]",17.110647201538086,True,0.0,-0.004318084857004578,-0.0006168692652863683,7.0,-0.0004473499120649649,-8.946998241299298e-05,5.0,9.011770744474e-09,0,5,5,5,1.0,-0.5062894818823069,-1.1635956111998778,False,4,0.5714285714285714,0.0,1.0,0.0,0.6692651537219342
~/anvil/data/cve-targets/openssl_repo_crypto_asn1_a_type.c,23,-132,173,"void ASN1_TYPE_set(ASN1_TYPE *a, int type, void *value)",void *ASN1_TYPE_get0(const ASN1_TYPE *a),"void *ASN1_TYPE_get0(const ASN1_TYPE *a)
{
    if (a->type == V_ASN1_BO",0.0741614326834678,"[[5405, 334, 3289, 29940, 29896, 29918, 11116, 29918, 657, 29900, 29898, 3075, 3339, 29940, 29896, 29918, 11116, 334, 29874, 29897, 13, 29912, 13, 1678, 565, 313, 29874, 976, 1853, 1275, 478, 29918, 3289, 29940, 29896, 29918, 8456]]","[-0.5061668753623962, -0.4992930293083191, -0.0015063855098560452, -1.311301275563892e-06, -2.3841855067985307e-07, -2.861018856492592e-06, -0.0009396428358741105, -2.264974000354414e-06, -0.6066482663154602, -0.007501528598368168, -0.03638118878006935, -0.4619044065475464, -0.00010418349120300263, -2.3841855067985307e-07, -2.3841855067985307e-07, -7.152555099310121e-07, -0.00022873646230436862, -6.747018051100895e-05, -0.017984066158533096, -0.15364687144756317, -0.0010270564816892147, -9.369411418447271e-05, -0.0005992047372274101, -0.0016304069431498647, -0.2108173817396164, -0.05299050733447075, -0.019306598231196404, -0.20995964109897614, -0.08786436915397644, -0.1192784458398819, -0.005161294247955084, -1.0728830375228426e-06, -7.510157047363464e-06, -5.960462772236497e-07, -4.768370445162873e-07, -2.145764938177308e-06, -0.25492650270462036]",4.683835506439209,False,2.0,-3.256047423118588,-0.08800128170590778,37.0,-2.293407575284988,-0.10920988453738037,21.0,0.041034684972888105,0,24,26,18,0.9230769230769231,-0.6790725308209974,-1.1725201614871248,True,24,0.6486486486486487,32.0,0.6526315789473685,15.0,1.8789731909905734
~/anvil/data/cve-targets/sqlite3_repo_src_build.c,2315,2288,2556,if( db->init.busy ){,if( db->init.busy ){," if( db->init.busy ){
    if( pEnd",0.0784948393702507,"[[29871, 565, 29898, 4833, 976, 2344, 29889, 8262, 29891, 29545, 13, 1678, 565, 29898, 282, 5044]]","[-0.005790838971734047, -0.13246306777000427, -0.0002919009421020746, -0.156977117061615, -0.00040546778473071754, -0.0006331584881991148, -5.602820692729438e-06, -0.00210111984051764, -3.4570634852570947e-06, -0.48686647415161133, -0.025634190067648888, -0.004647999536246061, -0.9619197845458984, -0.0009519098093733191, -0.901068389415741, -0.9389126896858215]",14.535561561584473,True,1.0,-3.6186731679554214,-0.22616707299721384,16.0,-0.8158203944985871,-0.06798503287488226,12.0,0.018706748465070422,1,16,16,16,1.0,-1.1545900038720345,-1.0910469446005637,False,9,0.5625,0.0,1.0,0.0,0.9706188691531197
~/anvil/data/cve-targets/libpng_repo_pngrutil.c,2365,2347,2397,limit = PNG_USER_CHUNK_MALLOC_MAX;,limit = PNG_USER_CHUNK_MALLOC_MAX;,     limit = PNG_USER_CHUNK_MALLOC_MAX;,0.0014167597983032,"[[418, 4046, 353, 349, 9312, 29918, 11889, 29918, 3210, 3904, 29968, 29918, 1529, 2208, 20166, 29918, 12648, 29936, 32010, 2]]","[-0.0094956886023283, -0.0024785057175904512, -0.0007895689341239631, -0.018614016473293304, -2.50339189733495e-06, -2.2172682292875834e-05, -0.0007065422250889242, -4.0531076592742465e-06, -5.376194530981593e-05, -5.602820692729438e-06, -3.2186455882765586e-06, -2.622600959512056e-06, -3.659658250398934e-05, -1.6689286894688848e-06, -3.4570634852570947e-06, -5.245195097813848e-06, -1.0847986231965479e-05, -0.0013103241799399257, -0.1776161789894104, 0.0]",11.22840976715088,True,0.0,-0.21116257607218358,-0.01055812880360918,20.0,-0.03354639708277318,-0.0018636887268207324,18.0,2.128428793521927e-05,0,7,7,7,1.0,-0.7601912153646234,-1.0044688958942711,False,17,0.85,0.0,1.0,0.0,1.0472314927947914
~/anvil/data/cve-targets/libxml2_repo_parser.c,12664,12587,12769,xmlFree((xmlChar *) ctxt->encoding);,xmlFree((char *) ctxt->encoding);,	    xmlFree((char *) ctxt->encoding);,0.1802820712327957,"[[12, 1678, 4903, 20475, 3552, 3090, 4748, 274, 3945, 976, 22331, 416, 32010, 2]]","[-0.1904970407485962, -0.0037329767365008593, -0.06735238432884216, -0.3055576980113983, -0.5333191156387329, -0.601514458656311, -0.007029563654214144, -0.10813023895025253, -2.1219027985353023e-05, -0.00018737945356406271, -0.0009023646707646549, -0.0005684667266905308, -0.17621436715126038, 0.0]",8.70556640625,False,0.0,-1.9950272737551131,-0.14250194812536524,14.0,-1.8188129066038528,-0.15156774221698774,12.0,0.04304360014713642,0,19,19,19,1.0,-1.1894488140801087,-1.0603638924684673,True,11,0.7857142857142857,4.0,0.927536231884058,1.0,2.09198464616716
~/anvil/data/cve-targets/php_repo_ext_exif_exif.c,2939,2908,2994,if (maker_note->offset >= value_len) {,if (i==sizeof(maker_note_array)/sizeof(maker_note_type)) {,"	if (i==sizeof(maker_note_array)/sizeof(maker_note_type)) {
	",0.2798997759819031,"[[12, 361, 313, 29875, 1360, 17921, 29898, 28107, 29918, 6812, 29918, 2378, 6802, 17921, 29898, 28107, 29918, 6812, 29918, 1853, 876, 426, 13, 12]]","[-0.252077579498291, -0.10181107372045517, -0.686275064945221, -1.055898904800415, -0.6726900935173035, -0.006317525636404753, -0.00021419614495243877, -0.0009413101943209767, -1.4305104514278355e-06, -0.0002097863471135497, -0.0006416169344447553, -0.0004981707315891981, -0.0014541300479322672, -0.00011824862303910777, -0.00012027494085486978, -0.0014550823252648115, -1.4305104514278355e-06, -0.00011312322021694854, -0.00014220656885299832, -0.0002768848498817533, -0.04695078730583191, -0.2053341567516327, -0.015293828211724758, -0.529646635055542]",15.231229782104492,False,1.0,-3.5784835413921883,-0.14910348089134118,24.0,-3.5784835413921883,-0.14910348089134118,24.0,0.0793301683632175,1,16,26,26,0.6153846153846154,-1.877218253448284,-1.110188077769499,True,13,0.5416666666666666,36.0,0.5,16.0,1.9651689966295252
~/anvil/data/cve-targets/poppler_repo_poppler_Parser.cc,266,188,287,length += 5000;,length += 5000;,"           length += 5000;
            dict.dictSet",0.1646405607461929,"[[9651, 3309, 4619, 29871, 29945, 29900, 29900, 29900, 29936, 13, 9651, 9657, 29889, 8977, 2697]]","[-0.003021201817318797, -0.6590474843978882, -0.28760331869125366, -0.025288458913564682, -0.05833621695637703, -0.26642870903015137, -0.0016144587425515056, -0.0015925593907013535, -0.009695109911262989, -0.09369317442178726, -0.17797283828258514, -0.8564363718032837, -0.0004396664153318852, -0.0003129946126136929, -0.0011333954753354192]",11.38906192779541,True,1.0,-2.4426159588620067,-0.16284106392413378,15.0,-1.584293530555442,-0.14402668459594928,11.0,0.03676969054343827,1,7,13,7,0.5384615384615384,-1.1431253951868263,-1.0085112606038755,False,8,0.5333333333333333,0.0,1.0,0.0,1.0684026891229759
~/anvil/data/cve-targets/lua_repo_lstate.h,162,7,312,} transferinfo;,unsigned short ftransferidx;,     unsigned short ftransferidx; ,0.0342966094613075,"[[418, 12780, 3273, 285, 3286, 571, 13140, 29936, 29871]]","[-0.250712126493454, -0.9132381677627563, -0.03121776320040226, -0.9282704591751099, -0.19129128754138947, -0.007906096056103706, -0.9464895725250244, -0.0038877157494425774, -0.054481517523527145]",7.98112154006958,False,0.0,-3.3274947060272098,-0.3697216340030233,9.0,-3.3274947060272098,-0.3697216340030233,9.0,0.16275056219169676,0,5,7,7,0.7142857142857143,-0.0927633286967109,-1.0797432330003598,True,4,0.4444444444444444,18.0,0.5116279069767442,6.0,1.8626609021012794
~/anvil/data/cve-targets/openssl_repo_crypto_rsa_rsa_ameth.c,546,534,551,if (magma_int) {,if (magma_int == 0) {,"   if (magma_int == 0) {
        return",0.4050268530845642,"[[1678, 565, 313, 11082, 655, 29918, 524, 1275, 29871, 29900, 29897, 426, 13, 4706, 736]]","[-0.1054505705833435, -0.10714457184076309, -0.07148400694131851, -0.016408389434218407, -0.00011538793478393927, -0.0005887205479666591, -0.0010422994382679462, -0.8524308800697327, -0.12400975078344345, -0.9680798053741455, -0.04762868583202362, -0.4361054301261902, -0.04650834947824478, -0.010890924371778965, -1.0397682189941406]",11.251476287841797,False,1.0,-3.827655991750362,-0.2551770661166908,15.0,-2.7878877727562212,-0.19913484091115866,14.0,0.09619630347539142,1,10,11,13,0.9090909090909091,-2.0339326419793187,-1.005048303003804,True,8,0.5333333333333333,5.0,0.8648648648648649,3.0,2.1546795103762246
~/anvil/data/cve-targets/openssl_repo_crypto_x509_x509_obj.c,147,17,173,*(p++) = 'x';,*(p++) = 'x';,               *(p++) = 'x';,0.0009256268385797,"[[18884, 334, 29898, 29886, 4862, 353, 525, 29916, 2670, 32010, 2]]","[-8.797258487902582e-05, -0.00039641151670366526, -7.593343616463244e-05, -1.3470558769768104e-05, -1.8715683836489916e-05, -6.198863957251888e-06, -0.005395611748099327, -0.001497934339568019, -8.821448318485636e-06, -0.004499549046158791, 0.0]",17.388954162597656,True,0.0,-0.012000619226455456,-0.0010909653842232233,11.0,-0.007501070180296665,-0.000833452242255185,9.0,2.808438310048444e-06,0,17,17,17,1.0,-1.1105937348912824,-1.1717197599771063,False,8,0.7272727272727273,0.0,1.0,0.0,0.7876679777986162
~/anvil/data/cve-targets/libxml2_repo_xmlmemory.c,415,405,446,TEST_POINT,if (size == 0) return(NULL);,   if (size == 0) return(NULL);,0.4289174079895019,"[[1678, 565, 313, 2311, 1275, 29871, 29900, 29897, 736, 29898, 10074, 416]]","[-0.29856234788894653, -0.35988593101501465, -0.35535481572151184, -1.1889079809188843, -0.787620484828949, -0.02259952761232853, -0.14041860401630402, -0.004750038962811232, -0.7225566506385803, -0.09351742267608643, -0.05159531906247139, -0.0001746263587847352]",6.717432022094727,False,0.0,-4.025943749700673,-0.3354953124750561,12.0,-4.025943749700673,-0.3354953124750561,12.0,0.13182031482665293,1,2,18,18,0.1111111111111111,-1.2784602110391383,-1.1143992869110475,True,6,0.5,27.0,0.052631578947368474,17.0,1.8242451190873399
~/anvil/data/cve-targets/libsndfile_repo_src_common.c,611,470,684,"if (psf->header.indx + (sf_count_t) size > psf->header.len && psf_bump_header_allocation (psf, size))",size = (size & 1) ? size : size + 1 ;,"					size = (size & 1) ? size : size + 1 ;
					size = (size > 254) ? 254 : size ;
					if (psf->header.indx + (sf_count_t) size >= psf->",0.0859703421592712,"[[12, 12, 12, 12, 12, 2311, 353, 313, 2311, 669, 29871, 29896, 29897, 1577, 2159, 584, 2159, 718, 29871, 29896, 2056, 13, 12, 12, 12, 12, 12, 2311, 353, 313, 2311, 1405, 29871, 29906, 29945, 29946, 29897, 1577, 29871, 29906, 29945, 29946, 584, 2159, 2056, 13, 12, 12, 12, 12, 12, 361, 313, 567, 29888, 976, 6672, 29889, 513, 29916, 718, 313, 4668, 29918, 2798, 29918, 29873, 29897, 2159, 6736, 282, 4668, 976]]","[-0.19441182911396027, -0.0002919009421020746, -0.00024720950750634074, -8.141662692651153e-05, -0.00019536493346095085, -0.40996670722961426, -0.08531741052865982, -0.034212253987789154, -0.0026634002570062876, -0.5413963794708252, -0.00047434045700356364, -0.006107121240347624, -0.0012076949933543801, -0.0028941433411091566, -0.020345564931631088, -0.2546970844268799, -0.0031861516181379557, -0.008023649454116821, -0.00035315475543029606, -0.000537727726623416, -0.0006509092636406422, -0.007293858099728823, -0.03970175236463547, -3.659658250398934e-05, -2.682172998902388e-05, -3.3854863431770355e-05, -8.976056415122002e-05, -0.2696499228477478, -0.028883567079901695, -0.008019983768463135, -0.0006369707407429814, -0.019967617467045784, -0.004816833417862654, -0.014555813744664192, -0.0017002663807943463, -0.2924799621105194, -0.000985494232736528, -7.438383181579411e-05, -0.001835924806073308, -0.0026863461825996637, -0.00013553177996072918, -0.007679582107812166, -0.000851387856528163, -0.0004820853646378964, -0.0021182496566325426, -0.0037873697001487017, -0.021278545260429382, -1.5020257706055418e-05, -7.271740287251305e-06, -1.7762025890988298e-05, -5.328513361746445e-05, -0.023139802739024162, -0.003701859852299094, -0.0019443194614723325, -1.311301275563892e-06, -0.0006177900941111147, -0.0021736822091042995, -3.2186455882765586e-06, -0.00016497205069754273, -1.1920922133867862e-06, -0.0001726001501083374, -0.026788823306560516, -0.0028865360654890537, -6.198863957251888e-06, -3.2186455882765586e-06, -1.1920922133867862e-06, -9.536738616588991e-07, -0.00046850196667946875, -0.06622716039419174, -0.9920878410339355, -0.00146793806925416, -8.344646857949556e-07, -6.9141146923357155e-06]",12.399250984191896,False,2.0,-3.419030097792188,-0.04683602873687929,73.0,-1.614444059010566,-0.05979422440779874,27.0,0.017701400205297688,1,42,58,21,0.7241379310344828,-1.437770002215438,-1.0343052760331422,True,42,0.5753424657534246,83.0,0.30434782608695654,41.0,2.394037332142605
~/anvil/data/cve-targets/libtiff_repo_libtiff_tif_print.c,518,208,627,for (i = 1; i < td->td_samplesperpixel; i++),for (i = 1; i < td->td_samplesperpixel; i++),				for (i = 1; i < td->td_samplesperpixel; i++),0.0157745741307735,"[[12, 12, 12, 12, 1454, 313, 29875, 353, 29871, 29896, 29936, 474, 529, 22599, 976, 1594, 29918, 27736, 24598, 15711, 29936, 474, 4862, 32010, 2]]","[-0.004114259034395218, -8.248942322097719e-05, -8.380061626667157e-05, -0.002768138889223337, -0.08930017799139023, -0.07115466147661209, -0.010284406132996082, -0.0048258500173687935, -0.0013930626446381211, -0.021956222131848335, -0.006633405108004808, -0.00836145132780075, -0.0038852221332490444, -0.12123044580221176, -9.179073458653875e-06, -3.611976353568025e-05, -8.344646857949556e-07, -0.0013054428854957223, -8.106198947643861e-06, -2.109982233378105e-05, -0.0037712184712290764, -0.010940330103039742, -0.0018989879172295332, -0.07008383423089981, 0.0]",11.995250701904297,True,0.0,-0.43414874566008166,-0.017365949826403267,25.0,-0.36406491142918185,-0.015828909192573123,23.0,0.0009946735624063686,1,23,23,23,1.0,-0.9965673527380448,-1.0239113630998027,False,19,0.76,0.0,1.0,0.0,1.1883322912695657
~/anvil/data/cve-targets/openssl_repo_crypto_asn1_a_d2i_fp.c,99,89,226,uint32_t eos = 0;,unsigned int eos = 0;,   unsigned int eos = 0;,0.1930181831121444,"[[1678, 12780, 938, 321, 359, 353, 29871, 29900, 29936, 32010, 2]]","[-0.025453610345721245, -0.709521472454071, -0.16789039969444275, -0.004416236653923988, -3.611976353568025e-05, -0.0015868464251980186, -0.02390037663280964, -0.0009485750924795866, -0.0035188202746212482, -0.5747426152229309, 0.0]",10.463675498962402,False,0.0,-1.512015072559734,-0.13745591568724855,11.0,-0.9372724573368032,-0.10414138414853369,9.0,0.04836149709529463,0,8,10,10,0.8,-1.853424406543785,-1.0147673929018495,True,11,1.0,8.0,0.6842105263157895,3.0,2.0710585087936875
~/anvil/data/cve-targets/sqlite3_repo_src_select.c,6330,6180,6480,"&& sqlite3ExprListCompare(sSort.pOrderBy, pEList, -1)==0",&& p->pOrderBy && p->pOrderBy->nExpr==pEList->nExpr,"  && p->pOrderBy && p->pOrderBy->nExpr==pEList->nExpr
   && sqlite3ExprListCompare(p->pOrderBy,",0.5333532691001892,"[[259, 2607, 282, 976, 29886, 7514, 2059, 2607, 282, 976, 29886, 7514, 2059, 976, 29876, 21176, 1360, 29886, 29923, 1293, 976, 29876, 21176, 13, 259, 2607, 21120, 29941, 21176, 1293, 6843, 598, 29898, 29886, 976, 29886, 7514, 2059, 29892]]","[-0.3775929808616638, -0.0020048771984875202, -0.805908739566803, -0.6256369352340698, -0.21531584858894348, -0.24209992587566376, -9.595887240720913e-05, -1.1424756050109863, -0.8665660619735718, -0.5355566740036011, -0.03610871732234955, -0.15769091248512268, -6.472854875028133e-05, -0.524074912071228, -0.16144999861717224, -0.009358584880828857, -0.230997696518898, -0.05033852532505989, -0.3306320011615753, -3.981510963058099e-05, -0.00015639036428183317, -0.0002273062855238095, -0.0003597089380491525, -0.30864474177360535, -0.0824526697397232, -0.06248972564935684, -0.2999519109725952, -0.0007139279623515904, -0.10828878730535507, -0.37821221351623535, -0.5220534205436707, -0.0001565095444675535, -0.252419650554657, -0.09174773842096329, -0.45108067989349365, -0.0017761897761374712, -0.434032678604126, -4.768360213347478e-06, -0.019691340625286102]",3.351803779602051,False,1.0,-9.328469858056906,-0.23919153482197195,39.0,-6.7058503163279966,-0.26823401265311986,25.0,0.09707941695905661,1,16,29,22,0.5517241379310345,-1.988387914809005,-1.2122234188689691,True,24,0.6153846153846154,44.0,0.4299065420560748,22.0,1.7844224799622568
~/anvil/data/cve-targets/sqlite3_repo_src_sqliteInt.h,2107,1952,2257,((X)->op==TK_COLUMN && (X)->y.pTab==0),(((X)->op==TK_FUNCTION && (X)->x.pList->nExpr==1) ? \,"     (((X)->op==TK_FUNCTION && (X)->x.pList->nExpr==1) ? \
        (X)->x",0.6637048721313477,"[[418, 313, 3552, 29990, 19969, 459, 1360, 29911, 29968, 29918, 29943, 28700, 2607, 313, 29990, 19969, 29916, 29889, 29886, 1293, 976, 29876, 21176, 1360, 29896, 29897, 1577, 320, 13, 4706, 313, 29990, 19969, 29916]]","[-1.807929277420044, -0.6384510397911072, -0.6340615749359131, -0.058796945959329605, -0.1580578088760376, -0.18229278922080994, -0.07609865069389343, -0.05827008932828903, -6.258291978156194e-05, -6.9141146923357155e-06, -0.8131267428398132, -0.0006845038151368499, -0.5490447282791138, -0.4066593647003174, -0.023513175547122955, -0.004104880150407553, -0.7450791597366333, -0.0015813715290278196, -0.004849932622164488, -0.133355975151062, -0.8724380731582642, -0.40658140182495117, -0.0180265661329031, -0.47415557503700256, -0.15472891926765442, -0.9434381127357483, -0.8280094265937805, -0.27701079845428467, -0.0027699219062924385, -1.433714509010315, -1.2343765497207642, -0.7797266244888306, -0.0038582661654800177, -0.031506121158599854]",0.2166910469532013,False,1.0,-13.756368373285568,-0.4045990698025167,34.0,-11.706900811751893,-0.39023002705839643,30.0,0.20552518282827942,1,31,41,34,0.7560975609756098,-1.7008042080575894,-1.3110574534665298,True,21,0.6176470588235294,25.0,0.6593406593406593,11.0,1.7585037951012643
~/anvil/data/cve-targets/libtiff_repo_libtiff_tif_predict.c,334,326,336,"TIFFSwabArrayOfLong(wp, wc);",while (wc-- > 0) {,"
	while (wc-- > 0) {
		uint32_t w =",0.3650878369808197,"[[13, 12, 8000, 313, 29893, 29883, 489, 1405, 29871, 29900, 29897, 426, 13, 12, 12, 13470, 29941, 29906, 29918, 29873, 281, 353]]","[-0.466830849647522, -0.04657286778092384, -0.7868689298629761, -0.04997764527797699, -0.05034022778272629, -4.446407547220588e-05, -0.18030960857868195, -0.1202954575419426, -0.00031454383861273527, -0.0006516240537166595, -0.004112715367227793, -0.6313504576683044, -0.003398240776732564, -0.07452680170536041, -0.026053206995129585, -1.1030349731445312, -0.016971591860055923, -2.5987286790041253e-05, -0.009851408191025257, -0.0002033503697020933, -1.9471967220306396, -0.1873502880334854]",8.751032829284668,False,2.0,-5.706281961869536,-0.25937645281225163,22.0,-2.441647640953306,-0.16277650939688706,15.0,0.059913317638794324,0,11,15,15,0.7333333333333333,-2.242877908695354,-1.0591593033699889,True,13,0.5909090909090909,26.0,0.21739130434782605,13.0,2.0379435289627588
~/anvil/data/cve-targets/libpng_repo_pngrutil.c,1633,1594,1691,"if (png_crc_finish(png_ptr, 0) != 0)","png_crc_finish(png_ptr, 0);","  png_crc_finish(png_ptr, 0);
   if (png_ptr->color_type == PNG_COLOR",0.1708230227231979,"[[259, 282, 865, 29918, 29883, 2214, 29918, 4951, 728, 29898, 2732, 29918, 7414, 29892, 29871, 29900, 416, 13, 259, 565, 313, 2732, 29918, 7414, 976, 2780, 29918, 1853, 1275, 349, 9312, 29918, 15032, 1955]]","[-0.03106396086513996, -0.18173640966415405, -7.033323527139146e-06, -1.811964830267243e-05, -0.03515943884849548, -5.960446742392378e-06, -7.629365427419543e-06, -0.0006302992696873844, -3.3378546504536644e-06, -0.00020323118951637298, -8.106198947643861e-06, -7.152555099310121e-07, -2.622600959512056e-06, -1.883488948806189e-05, -0.04431704804301262, -5.519237674889155e-05, -0.000302745756926015, -0.09086672961711884, -0.2018442153930664, -0.18792885541915894, -0.29686835408210754, -0.41905102133750916, -1.2636104656849056e-05, -0.0627349466085434, -2.3245540432981215e-05, -0.14486338198184967, -5.483612312673358e-06, -0.0002602000313345343, -0.09680591523647308, -0.010582049377262592, -1.1920928244535389e-07, -4.768370445162873e-07, -1.7881377516459906e-06, -1.1920928244535389e-07]",10.614585876464844,False,1.0,-1.8053902233324237,-0.053099712450953636,34.0,-0.5862516306074212,-0.03085534897933796,19.0,0.0035843507646466646,0,19,20,11,0.95,-5.536253141638041,-1.0109461325239864,True,21,0.6176470588235294,10.0,0.8253968253968254,10.0,2.2004780052939177
~/anvil/data/cve-targets/libsndfile_repo_src_flac.c,137,129,257,"unsigned i = 0, j, offset, channels, len ;","int				channels, i, j, len, offset ;","	int				channels, i, j, len, offset ;
",1.0983049869537354,"[[12, 524, 12, 12, 12, 12, 305, 12629, 29892, 474, 29892, 432, 29892, 7431, 29892, 9210, 2056, 13, 32010, 2]]","[-0.025064917281270027, -0.22526170313358307, -1.421021819114685, -0.32745426893234253, -0.5697974562644958, -0.8591656684875488, -1.0961053371429443, -0.00022873646230436862, -0.1311541497707367, -0.7191137671470642, -0.009838187135756016, -0.0557677298784256, -0.07075445353984833, -0.6376825571060181, -0.04619138687849045, -0.014361824840307236, -0.08001424372196198, -0.17556028068065643, -0.6455498933792114, 0.0]",11.46115493774414,False,1.0,-7.1100883808976505,-0.3555044190448825,20.0,-6.464538487518439,-0.35914102708435774,18.0,0.17273571309638971,1,17,13,13,1.3076923076923077,-3.058144027348224,-1.0103305649090386,True,14,0.7,31.0,0.46153846153846156,10.0,2.3506663089394553
~/anvil/data/cve-targets/libtiff_repo_libtiff_tif_ojpeg.c,1299,1215,1349,if (OJPEGReadHeaderInfoSecStreamDqt(tif)==0),if (OJPEGReadHeaderInfoSecStreamDqt(tif)==0),"				if (OJPEGReadHeaderInfoSecStreamDqt(tif)==0)
					return(0);
				",0.0088089983910322,"[[12, 12, 12, 12, 361, 313, 29949, 29967, 4162, 29954, 6359, 7850, 3401, 7898, 3835, 29928, 17915, 29898, 29873, 361, 29897, 1360, 29900, 29897, 13, 12, 12, 12, 12, 12, 2457, 29898, 29900, 416, 13, 12, 12, 12, 12]]","[-0.0027403205167502165, -7.009260298218578e-05, -0.00022504181833937764, -0.027510561048984528, -0.02809675596654415, -0.005612567532807589, -0.04214470461010933, -1.728519782773219e-05, -2.9802276912960224e-06, -4.351044481154531e-05, -0.00043406602344475687, -0.011540206149220467, -5.876845170860179e-05, -0.00016211149340961128, -0.01125086285173893, -0.0035182263236492872, -0.030772468075156212, -0.0023180777207016945, -0.003116039326414466, -2.9802276912960224e-06, -0.04091956838965416, -0.0006044468027539551, -0.0002512616047170013, -0.0001174142598756589, -0.6703275442123413, -0.0014396075857803226, -1.2278481335670222e-05, -5.483612312673358e-06, -4.410734163684538e-06, -0.0017972521018236876, -0.0017939202953130007, -0.0001234931987710297, -0.00010287232726113871, -3.111314072157256e-05, -0.00042417587246745825, -0.0005758534534834325, -8.583032467868179e-06, -2.1219027985353023e-05, -0.0006236277404241264]",10.424396514892578,True,2.0,-0.8888217524836364,-0.022790301345734267,39.0,-0.8851168943947414,-0.029503896479824713,30.0,0.01431668868614885,0,17,22,17,0.7727272727272727,-0.29857067852227415,-1.0157643581255107,False,20,0.5128205128205128,0.0,1.0,0.0,1.137036777511005
~/anvil/data/cve-targets/libxml2_repo_xmlregexp.c,4854,4774,4859,} else {,return;,"	return;
    }
",0.1192196235060691,"[[12, 2457, 29936, 13, 1678, 500, 13]]","[-0.21733342111110687, -0.01939721405506134, -0.00016068121476564556, -0.001053374377079308, -0.0009946642676368356, -0.0001662831346038729, -0.23725846409797668]",14.415355682373049,False,2.0,-0.47636410225823056,-0.06805201460831865,7.0,-0.23893935502565,-0.04778787100513,5.0,0.007238757908395449,1,4,5,4,0.8,-2.4947674168885015,-1.0877731098108219,True,3,0.42857142857142855,7.0,0.1333333333333333,4.0,1.849090866174958
~/anvil/data/cve-targets/sqlite3_repo_ext_misc_zipfile.c,1873,1762,1918,nName++;,nName = sqlite3_,     nName = sqlite3_,0.7741498351097107,"[[418, 302, 1170, 353, 21120, 29941, 29918]]","[-0.013850998133420944, -0.017789803445339203, -0.00036137725692242384, -0.14865580201148987, -1.023768424987793, -1.156323378381785e-05, -0.002476840978488326]",17.001789093017578,False,0.0,-1.2069148100472376,-0.17241640143531964,7.0,-1.2069148100472376,-0.17241640143531964,7.0,0.12323185997295816,1,6,7,7,0.8571428571428571,-4.490001117440823,-1.160433245832619,True,3,0.42857142857142855,11.0,0.41666666666666663,4.0,1.8308579426522953
~/anvil/data/cve-targets/openssl_repo_crypto_bn_bn_local.h,579,424,729,(c)=h&BN_MASK2; \,(c)=h&BN_MASK2; \,"       (c)=h&BN_MASK2; \
        (r)=l&B",0.0043542138300836,"[[4706, 313, 29883, 3892, 29882, 29987, 29933, 29940, 29918, 1529, 16033, 29906, 29936, 320, 13, 4706, 313, 29878, 3892, 29880, 29987, 29933]]","[-0.0009087961516343057, -0.009229849092662334, -0.015952225774526596, -0.0011333954753354192, -0.027425432577729225, -7.486063259420916e-05, -6.246371776796877e-05, -2.264974000354414e-06, -2.145764938177308e-06, -3.93382906622719e-05, -8.344646857949556e-07, -8.320462075062096e-05, -0.0010893370490521193, -0.001861388562247157, -0.0052339909598231316, -0.0005245024804025888, -0.0007726544863544405, -0.0001389883691444993, -0.00014184899919200689, -0.00023135847004596144, -0.007132070604711771, -4.7444173105759546e-05]",13.617080688476562,True,1.0,-0.07208839569136671,-0.003276745258698487,22.0,-0.06362403058881227,-0.003976501911800767,16.0,5.4579160222681145e-05,0,13,25,13,0.52,-1.0949859767857586,-1.06627974158038,False,13,0.5909090909090909,0.0,1.0,0.0,0.9780668244535949
~/anvil/data/cve-targets/php_repo_ext_phar_phar.c,945,632,1125,"PHAR_GET_32(buffer, len);",if (manifest_flags & PHAR_HDR_HASMETA) {,"	if (manifest_flags & PHAR_HDR_HASMETA) {
	",0.0708797574043273,"[[12, 361, 313, 29135, 29918, 15764, 669, 349, 29950, 1718, 29918, 29950, 8353, 29918, 29950, 3289, 2303, 6040, 29897, 426, 13, 12]]","[-0.005520456004887819, -0.8042121529579163, -0.3366171419620514, -0.830720067024231, -9.405170567333698e-05, -1.0079286098480225, -0.10638271272182465, -0.05708460882306099, -1.2993727978027891e-05, -1.3112935448589269e-05, -6.747018051100895e-05, -0.013765404000878334, -0.15511098504066467, -0.00019608005823101848, -0.1723857820034027, -0.014717932790517807, -0.595855712890625, -0.7366262674331665, -0.01736520044505596, -0.023313114419579506, -0.15415585041046143, -0.0048661851324141026]",9.838848114013672,False,1.0,-5.0370118925166025,-0.22895508602348194,22.0,-5.0370118925166025,-0.22895508602348194,22.0,0.10472357252111585,1,11,13,13,0.8461538461538461,-0.30957930935440225,-1.0307432060341573,True,13,0.5909090909090909,38.0,0.24615384615384617,11.0,2.0469199166374734
~/anvil/data/cve-targets/poppler_repo_poppler_SplashOutputDev.cc,3329,3315,3489,GfxRGB rgb;,GfxRGB rgb;,   GfxRGB rgb;,0.0046341842971742,"[[1678, 402, 11093, 28212, 15552, 29890, 29936, 32010, 2]]","[-0.00047755756531842053, -0.020142298191785812, -8.284702198579907e-05, -0.0054470691829919815, -0.001949435449205339, -8.34461570775602e-06, -0.0001833270798670128, -0.02593368850648403, 0.0]",16.448837280273438,True,0.0,-0.05422456761334615,-0.006024951957038461,9.0,-0.02829087910686212,-0.0040415541581231606,7.0,4.6444645845501114e-05,0,5,5,5,1.0,-1.1466342193781829,-1.1445020228445633,False,6,0.6666666666666666,0.0,1.0,0.0,0.712708531434465
~/anvil/data/cve-targets/libxml2_repo_xmlmemory.c,943,788,1093,"xmlMallocFunc mallocAtomicFunc, xmlReallocFunc reallocFunc,","xmlMallocFunc mallocAtomicFunc, xmlReallocFunc reallocFunc,","             xmlMallocFunc mallocAtomicFunc, xmlReallocFunc reallocFunc,",0.0079504922032356,"[[795, 4903, 29924, 15956, 14400, 25465, 4178, 25426, 14400, 29892, 4903, 1123, 15956, 14400, 1855, 2029, 14400, 29892, 32010, 2]]","[-0.6339477896690369, -0.00017081231635529548, -0.013916011899709702, -1.5497195136049413e-06, -0.0031154451426118612, -0.0007152383332140744, -0.0005769256968051195, -3.4570634852570947e-06, -4.076874756719917e-05, -0.000759074988309294, -0.11364773660898209, -0.00021371940965764225, -4.0531076592742465e-06, -6.437280717364047e-06, -0.00014244495832826942, -2.3841855067985307e-07, -3.814689989667386e-06, -3.8980677345534787e-05, -0.0024770786985754967, 0.0]",8.361273765563965,True,0.0,-0.7697815774264143,-0.03848907887132071,20.0,-0.7673044987278388,-0.042628027707102153,18.0,0.021238989501803293,0,9,9,9,1.0,-0.1865085632829076,-1.069530171523459,False,17,0.85,0.0,1.0,0.0,0.9260262562546938
~/anvil/data/cve-targets/lua_repo_ldebug.c,788,747,794,L->hookcount = 1;  /* undo decrement to zero */,"luaD_hook(L, LUA_HOOKCOUNT, -1, 0, 0);  /*","     luaD_hook(L, LUA_HOOKCOUNT, -1, 0, 0);  /*",0.1704094856977462,"[[418, 301, 3357, 29928, 29918, 20849, 29898, 29931, 29892, 365, 29965, 29909, 29918, 8187, 8949, 18736, 29892, 448, 29896, 29892, 29871, 29900, 29892, 29871, 29900, 416, 29871, 4949]]","[-0.0013754441170021892, -1.283071756362915, -0.005145639646798372, -0.23051738739013672, -1.1086402082582936e-05, -0.038047727197408676, -0.00023850933939684182, -4.31528314948082e-05, -2.9801878554280847e-05, -0.0002809368306770921, -7.152555099310121e-07, -3.099436753473128e-06, -9.775113539944869e-06, -5.94836674281396e-05, -5.006777428206988e-06, -0.00949368067085743, -7.390703103737906e-05, -0.0003274143091402948, -0.000608854868914932, -8.654219709569588e-05, -0.0007995745982043445, -0.0017816636245697737, -4.9828242481453344e-05, -0.0004731489170808345, -0.0003965306677855551, -0.00020632999076042324, -0.01733122393488884, -5.280832192511298e-05]",12.03954029083252,False,0.0,-1.5905210296218684,-0.0568043224864953,28.0,-1.5905210296218684,-0.0568043224864953,28.0,0.05753336801704708,0,11,19,19,0.5789473684210527,-2.999938706042299,-1.0250457063131109,True,17,0.6071428571428571,41.0,0.2696629213483146,17.0,2.078038609374835
~/anvil/data/cve-targets/sqlite3_repo_src_select.c,3867,3780,4171,|| IsVirtual(pSubSrc->a[0].pTab)     /* (3c) */,|| pSubSrc->nSrc>1                   /* (3c) */,"    || pSubSrc->nSrc>1                   /* (3c) */
     || pSub->pGroupBy                   /* (3d) */",0.5231471061706543,"[[268, 3830, 282, 4035, 29903, 2214, 976, 29876, 29903, 2214, 29958, 29896, 462, 259, 4949, 313, 29941, 29883, 29897, 3776, 13, 268, 3830, 282, 4035, 976, 29886, 4782, 2059, 462, 259, 4949, 313, 29941, 29881, 29897, 3776]]","[-0.05818652734160423, -0.022874653339385986, -0.8411476612091064, -0.5241201519966125, -0.8819167613983154, -2.884823152271565e-05, -0.0027743205428123474, -0.48045843839645386, -0.007628239691257477, -0.00041547726141288877, -0.875093400478363, -0.14992263913154602, -0.4428614377975464, -0.16417168080806732, -0.0004768426588270813, -0.034072622656822205, -0.03621944040060043, -0.2597609758377075, -0.019850991666316986, -0.01804225519299507, -0.061787426471710205, -0.3000393509864807, -0.030490025877952576, -0.5359618663787842, -0.41004860401153564, -0.5049100518226624, -0.16084140539169312, -0.7922081351280212, -0.0011980506824329495, -0.26845622062683105, -0.7046837210655212, -9.881961887003854e-05, -0.012082483619451523, -0.009962950833141804, -0.34927818179130554, -0.011828050948679447, -0.007313502952456474]",7.484702110290527,False,1.0,-8.981212214244806,-0.24273546524985962,37.0,-5.181850143495467,-0.23553864288615758,22.0,0.08864324345537299,1,20,17,10,1.1764705882352942,-2.221066996736947,-1.0932268671638141,True,23,0.6216216216216216,29.0,0.574468085106383,14.0,2.09345098925493
~/anvil/data/cve-targets/libtiff_repo_libtiff_tif_print.c,262,208,627,break;,break;,				break;,0.0002074873191304,"[[12, 12, 12, 12, 8690, 29936, 32010, 2]]","[-0.000129691296024248, -1.3828182090946939e-05, -4.029192859889008e-05, -0.00030357998912222683, -0.000750736624468118, -9.298280929215252e-06, -0.07445255666971207, 0.0]",16.815269470214844,True,0.0,-0.07569998297094571,-0.009462497871368214,8.0,-0.001247426301233645,-0.00020790438353894083,6.0,6.91903068946399e-08,0,4,4,4,1.0,-0.9979939604858657,-1.1550347528927754,False,2,0.25,0.0,1.0,0.0,0.6770293754072454
~/anvil/data/cve-targets/poppler_repo_poppler_GfxState.cc,2427,2418,2434,int i;,int i;,"   int i;

   ",0.1659343391656875,"[[1678, 938, 474, 29936, 13, 13, 1678]]","[-0.07438427954912186, -0.4497082829475403, -0.010001898743212223, -0.03750752657651901, -0.00022015532886143774, -0.06005607172846794, -0.02762014977633953]",10.52722454071045,True,2.0,-0.6594983646500623,-0.09421405209286604,7.0,-0.6594983646500623,-0.09421405209286604,7.0,0.02164472184788784,1,5,5,5,1.0,-1.7612483008599116,-1.0131564855005533,False,3,0.42857142857142855,0.0,1.0,0.0,1.0355519779058273
~/anvil/data/cve-targets/libtiff_repo_libtiff_tif_predict.c,437,429,475,unsigned char* cp = (unsigned char*) cp0;,uint8_t* cp = cp0 + stride;,"	uint8_t* cp = cp0 + stride;

	if (cc > st",0.2122874110937118,"[[12, 13470, 29947, 29918, 29873, 29930, 21447, 353, 21447, 29900, 718, 380, 2426, 29936, 13, 13, 12, 361, 313, 617, 1405, 380]]","[-0.15102192759513855, -0.616009533405304, -0.01887398213148117, -0.0004951919545419514, -7.390948667307384e-06, -0.08134794980287552, -0.05288061127066612, -0.18661335110664368, -0.1169859766960144, -0.00018451895448379219, -0.3055393397808075, -0.4917846918106079, -0.00013004888023715466, -0.01944877579808235, -0.31681951880455017, -0.8140079975128174, -0.037270162254571915, -0.8092492818832397, -0.02953585796058178, -0.47515323758125305, -0.033949218690395355, -0.02502201870083809]",8.896997451782227,False,2.0,-4.582330583523799,-0.2082877537965363,22.0,-3.209420968707491,-0.18878946874749947,17.0,0.05615344351768595,1,21,19,13,1.105263157894737,-1.1244663831203432,-1.0553013520091876,True,12,0.5454545454545454,28.0,0.4117647058823529,13.0,2.131925154998101
~/anvil/data/cve-targets/libtiff_repo_libtiff_tif_predict.c,364,353,388,uint8_t *tmp;,uint8_t *tmp;,"	uint8_t *tmp;
",0.0763160362839698,"[[12, 13470, 29947, 29918, 29873, 334, 7050, 29936, 13, 32010, 2]]","[-0.16438601911067963, -0.057260241359472275, -0.010701058432459831, -0.00011955977242905647, -2.2053474822314456e-05, -0.27035683393478394, -0.018004555255174637, -0.09702502191066742, -0.15278367698192596, -0.8440408706665039, 0.0]",11.052249908447266,True,1.0,-1.614699890898919,-0.146790899172629,11.0,-0.7706590202324151,-0.0856287800258239,9.0,0.007844346969748126,1,7,7,7,1.0,-0.8912428305174315,-1.000054945070979,False,7,0.6363636363636364,0.0,1.0,0.0,1.0709312769444965
~/anvil/data/cve-targets/lua_repo_lstate.c,220,200,221,L->errfunc = 0;,L->errfunc = 0;," L->errfunc = 0;
}


L",0.0451653003692626,"[[29871, 365, 976, 3127, 9891, 353, 29871, 29900, 29936, 13, 29913, 13, 13, 13, 29931]]","[-0.0846678763628006, -0.0924508348107338, -0.0005890780012123287, -0.18806901574134827, -0.005057754926383495, -0.00015841660206206143, -0.03639566898345947, -6.675497570540756e-05, -0.0017852336168289185, -0.0026811149436980486, -0.5372108221054077, -0.10553006082773209, -0.0799800232052803, -0.08340615779161453, -0.3753947913646698]",8.622859001159668,True,4.0,-1.5934436042589368,-0.10622957361726246,15.0,-0.4119217489642324,-0.04119217489642324,10.0,0.0035478785706927357,1,10,14,10,0.7142857142857143,-1.0964534036580902,-1.062558659379912,False,8,0.5333333333333333,0.0,1.0,0.0,0.9598252458717482
~/anvil/data/cve-targets/php_repo_ext_phar_phar.c,949,632,1125,"PHAR_GET_32(buffer, len);",mydata->metadata_str.s = NULL;,"			mydata->metadata_str.s = NULL;
		} else {
			my",0.3099946081638336,"[[12, 12, 12, 1357, 1272, 976, 19635, 29918, 710, 29889, 29879, 353, 4265, 29936, 13, 12, 12, 29913, 1683, 426, 13, 12, 12, 12, 1357]]","[-0.005270515102893114, -0.00017569905321579427, -0.004150467924773693, -0.5955307483673096, -7.283422019099817e-05, -0.0019257587846368551, -0.25670838356018066, -0.12035411596298218, -0.6279507875442505, -0.45604661107063293, -0.9389311671257019, -0.006946816574782133, -0.9403932094573975, -7.855583680793643e-05, -0.0021609545219689608, -0.003951243124902248, -3.397406908334233e-05, -0.49836528301239014, -0.04001528024673462, -0.1906663030385971, -0.0015053142560645938, -0.00504731759428978, -8.356221951544285e-05, -0.000865680689457804, -0.403184175491333]",11.30346965789795,False,2.0,-5.100414758850093,-0.2040165903540037,25.0,-3.9606818423017103,-0.2329812848412771,17.0,0.11062503295947776,1,11,18,14,0.6111111111111112,-1.330555835740297,-1.0063555486296265,True,13,0.52,27.0,0.1454545454545455,12.0,2.145550217091331
~/anvil/data/cve-targets/libxml2_repo_xmlmemory.c,985,830,1135,"xmlGcMemGet(xmlFreeFunc *freeFunc, xmlMallocFunc *mallocFunc,","xmlGcMemGet(xmlFreeFunc *freeFunc, xmlMallocFunc *mallocFunc,","xmlGcMemGet(xmlFreeFunc *freeFunc, xmlMallocFunc *mallocFunc,",0.0006221846560947,"[[3134, 29954, 29883, 11442, 2577, 29898, 3134, 20475, 14400, 334, 9021, 14400, 29892, 4903, 29924, 15956, 14400, 334, 27631, 14400, 29892, 32010, 2]]","[-0.00043764073052443564, -0.008001535199582577, -4.160317621426657e-05, -1.5735502529423684e-05, -7.176141662057489e-05, -0.0002908283786382526, -0.0002177716523874551, -3.2186455882765586e-06, -7.152555099310121e-07, -0.0010400369064882398, -0.000530936405993998, -1.0847986231965479e-05, -4.935142715112306e-05, -0.0016107691917568445, -8.630380034446716e-05, -8.344646857949556e-07, -2.9802276912960224e-06, -0.0005913416389375925, -0.00013362467871047556, -1.9788545614574105e-05, -4.541770613286644e-05, -0.08179501444101334, 0.0]",11.992960929870604,True,0.0,-0.09499805737834777,-0.004130350320797729,23.0,-0.01320304293733443,-0.0006287163303492586,21.0,2.875829739415675e-06,0,15,15,15,1.0,-0.9896110949576732,-1.0238527516872982,False,21,0.9130434782608695,0.0,1.0,0.0,1.0947514438477284
~/anvil/data/cve-targets/poppler_repo_poppler_JPEG2000Stream.cc,31,25,39,opj_image_t *image;,OPJ_CODEC_FORMAT format;,"   OPJ_CODEC_FORMAT format;
    OPJ_",0.5241820216178894,"[[1678, 6418, 29967, 29918, 16524, 29907, 29918, 19094, 1299, 3402, 29936, 13, 1678, 6418, 29967, 29918]]","[-0.03198942542076111, -1.6520698070526123, -0.0007995745982043445, -0.007849561050534248, -0.5235490202903748, -2.6225699912174605e-05, -0.036774467676877975, -0.0025550834834575653, -3.528532761265524e-05, -0.1487496942281723, -0.010160272940993309, -0.020940527319908142, -0.00977491494268179, -1.0691421031951904, -0.0006840273272246122, -0.004230122547596693]",5.816232204437256,False,1.0,-3.5193301131021144,-0.21995813206888215,16.0,-2.4452738600321027,-0.18809798923323867,13.0,0.1975919504057964,0,7,8,5,0.875,-2.78674973483056,-1.139791668799049,True,9,0.5625,19.0,0.2790697674418605,4.0,1.8420367511606666
~/anvil/data/cve-targets/poppler_repo_poppler_JBIG2Stream.cc,3121,2745,3214,buf0 <<= 1;,buf0 <<= 1;,"                           buf0 <<= 1;
                            buf1 <<",1.0439223842695355e-05,"[[462, 9651, 18392, 29900, 3532, 29922, 29871, 29896, 29936, 13, 462, 9651, 18392, 29896, 3532]]","[-1.9550132492440753e-05, -1.5139465176616795e-05, -2.884823152271565e-05, -1.0967194612021558e-05, -2.098061486321967e-05, -4.768370445162873e-07, -5.960446742392378e-06, -3.2186455882765586e-06, -3.099436753473128e-06, -0.12145999073982239, -3.2186455882765586e-06, -4.768360213347478e-06, -9.65590606938349e-06, -1.5020257706055418e-05, -2.3841830625315197e-06]",19.830730438232425,True,1.0,-0.12160327909725765,-0.00810688527315051,15.0,-0.12157621875041968,-0.010131351562534974,12.0,0.0011267333358023427,0,7,9,7,0.7777777777777778,-0.0010303880758909673,-1.245474967054287,False,7,0.4666666666666667,0.0,1.0,0.0,0.5093266660625405
~/anvil/data/cve-targets/libsndfile_repo_src_aiff.c,1461,1448,1466,pos = psf_ftell (psf) ;,pos = psf_ftell (psf) ;,	pos = psf_ftell (psf) ;,0.0672051683068275,"[[12, 1066, 353, 282, 4668, 29918, 615, 514, 313, 567, 29888, 29897, 2056, 32010, 2]]","[-0.11013869941234589, -0.7075227499008179, -0.0025252378545701504, -0.008045881986618042, -5.1616290875244886e-05, -0.006163636222481728, -0.03243613988161087, -0.00014399446081370115, -0.001335801207460463, -3.504691630951129e-05, -4.6491513785440475e-06, -0.011942317709326744, -0.0010488491971045732, -0.08738505840301514, 0.0]",18.449657440185547,True,0.0,-0.9687796785947285,-0.06458531190631524,15.0,-0.8813946201917133,-0.06779958616859333,13.0,0.03494365530081728,0,12,12,12,1.0,-0.9912327213872999,-1.2032065666522593,False,12,0.8,0.0,1.0,0.0,0.6728666600575851
~/anvil/data/cve-targets/sqlite3_repo_src_select.c,1067,942,1302,#endif,#endif,"#endif
   ",0.1420213431119918,"[[29937, 15224, 13, 1678]]","[-0.22053241729736328, -0.06350986659526825, -0.26110944151878357, -0.12952812016010284]",13.918429374694824,True,1.0,-0.6746798455715179,-0.16866996139287949,4.0,-0.6746798455715179,-0.16866996139287949,4.0,0.005956375272831604,0,2,3,2,0.6666666666666666,-0.842007325662359,-1.0743431270570982,False,2,0.5,0.0,1.0,0.0,0.8605409558803445
~/anvil/data/cve-targets/openssl_repo_crypto_bn_bn_gf2m.c,599,495,643,break;,break;,"               break;
            if (",0.003506411332637,"[[18884, 2867, 29936, 13, 9651, 565, 313]]","[-0.0036591021344065666, -0.005424186121672392, -6.806619057897478e-05, -0.2954552471637726, -0.035533759742975235, -0.2709304988384247, -0.11597535759210587]",12.952463150024414,True,1.0,-0.7270462177839363,-0.10386374539770518,7.0,-0.34014036135340575,-0.06802807227068115,5.0,0.013092034706054242,1,4,6,4,0.6666666666666666,-0.05154359392524193,-1.0487094097575482,False,2,0.2857142857142857,0.0,1.0,0.0,0.9148337989120817
~/anvil/data/cve-targets/sqlite3_repo_src_whereexpr.c,933,919,942,if( pIdx->aiColumn[i]!=XN_EXPR ) continue;,if( pIdx->aColExpr->a[i].iTable!=iCur ) continue;,     if( pIdx->aColExpr->a[i].iTable!=iCur ) continue;,0.2438899278640747,"[[418, 565, 29898, 282, 1204, 29916, 976, 29874, 1625, 21176, 976, 29874, 29961, 29875, 1822, 29875, 3562, 19216, 29875, 23902, 1723, 6773, 29936, 32010, 2]]","[-0.00932350941002369, -0.6188480854034424, -0.0019785843323916197, -0.6358239650726318, -0.058359045535326004, -1.0013530300057027e-05, -0.0021385911386460066, -0.5167840123176575, -0.05410225689411163, -0.0018994638230651617, -0.28940698504447937, -0.009715298190712929, -0.0018431833013892174, -0.001082192175090313, -0.0007120219524949789, -0.7217922806739807, -1.3374258279800415, -0.06373626738786697, -0.02460605651140213, -0.016683347523212433, -0.08003327995538712, -0.0118456045165658, -0.00015889335190877318, -0.5408926010131836, 0.0]",7.6345367431640625,False,0.0,-4.999201367035312,-0.19996805468141246,25.0,-4.458308766022128,-0.19383951156617948,23.0,0.11311242723521896,0,21,27,27,0.7777777777777778,-1.2582054396108366,-1.0891394462511277,True,20,0.8,21.0,0.6813186813186813,8.0,2.062282998927662
~/anvil/data/cve-targets/php_repo_ext_phar_zip.c,390,170,664,if (read != entry.uncompressed_filesize) {,if (read != entry.uncompressed_filesize) {,			if (read != entry.uncompressed_filesize) {,0.0420459173619747,"[[12, 12, 12, 361, 313, 949, 2804, 6251, 29889, 348, 510, 13120, 29918, 5325, 675, 29897, 426, 32010, 2]]","[-0.024141982197761536, -8.5588610090781e-05, -7.414542778860778e-05, -0.21491515636444092, -0.062208373099565506, -0.1720002293586731, -0.14921866357326508, -0.03451000154018402, -1.9073468138230965e-06, -0.0016351675149053335, -1.0728830375228426e-06, -1.9073468138230965e-06, -3.2186455882765586e-06, -7.629365427419543e-06, -1.9073468138230965e-06, -0.05623561888933182, -0.0003277718205936253, -0.4127921462059021, 0.0]",12.9624605178833,True,0.0,-1.128162487536997,-0.059376973028263,19.0,-0.715370341331095,-0.04208060831359382,17.0,0.004514381758677643,1,16,16,16,1.0,-0.9991756071737224,-1.048971550858857,False,14,0.7368421052631579,0.0,1.0,0.0,1.0577407128103335
~/anvil/data/cve-targets/libxml2_repo_valid.c,1262,1186,1278,},},   },0.0022988102864474,"[[1678, 500, 32010, 2]]","[-0.4812809228897095, -0.0023023784160614014, -0.29359379410743713, -1.9073468138230965e-06]",12.529719352722168,True,0.0,-0.7771790027600218,-0.19429475069000546,4.0,-0.4835833013057709,-0.24179165065288544,2.0,0.057355111516523616,1,2,2,2,1.0,-0.009507401435244584,-1.0376843869240708,False,1,0.25,0.0,1.0,0.0,0.9164781786003232
~/anvil/data/cve-targets/libxml2_repo_xmlregexp.c,4850,4774,4859,NEXTL(len);,NEXTL(len);,   NEXTL(len);,0.0260404273867607,"[[1678, 405, 12194, 29931, 29898, 2435, 416, 32010, 2]]","[-0.06452259421348572, -0.14857174456119537, -0.00028308198670856655, -0.004297545645385981, -0.0006126672378741205, -0.0016077938489615917, -0.0008045773720368743, -0.5006567239761353, -1.1920928244535389e-07]",10.588716506958008,True,0.0,-0.7213568480510659,-0.08015076089456288,9.0,-0.22070000486564822,-0.031528572123664035,7.0,0.002757218452261962,1,9,9,9,1.0,-0.8259310724451058,-1.011600157467696,False,6,0.6666666666666666,0.0,1.0,0.0,1.0586043676400105
~/anvil/data/cve-targets/sqlite3_repo_ext_misc_zipfile.c,1634,1592,1635,return a-aBuf;,assert( a==&aBuf[ZIPFILE, assert( a==&aBuf[ZIPFILE,0.6690375804901123,"[[29871, 4974, 29898, 263, 1360, 29987, 29874, 29933, 1137, 29961, 29999, 5690, 7724]]","[-0.031588364392519, -0.742649257183075, -0.0076864431612193584, -0.4156379997730255, -0.28381770849227905, -0.2092292159795761, -0.004104880150407553, -0.00027569307712838054, -5.245195097813848e-06, -0.0030523398891091347, -0.3186313509941101, -0.0006160030607134104, -0.0029790091793984175]",10.551258087158203,False,0.0,-2.020273510527659,-0.15540565465597375,13.0,-2.020273510527659,-0.15540565465597375,13.0,0.04902066429651918,0,8,9,9,0.8888888888888888,-4.305104482659793,-1.0125479247559446,True,7,0.5384615384615384,17.0,0.42105263157894735,8.0,2.1640519020882016
~/anvil/data/cve-targets/libxml2_repo_valid.c,6151,6120,6153,ctxt->finishDtd = save;,ctxt->finishDtd = save;,   ctxt->finishDtd = save;,0.0624257326126098,"[[1678, 274, 3945, 976, 4951, 728, 29928, 1594, 353, 4078, 29936, 32010, 2]]","[-0.1266300231218338, -0.28077730536460876, -2.2291887944447808e-05, -0.0001919085334520787, -0.31999775767326355, -0.0001746263587847352, -0.000399033073335886, -8.070142939686775e-05, -0.0021123019978404045, -0.01590423844754696, -0.0007102350937202573, -0.5569537878036499, -7.152555099310121e-07]",9.823904037475586,True,0.0,-1.3039549260408876,-0.10030422508006828,13.0,-0.7470004229817278,-0.06790912936197525,11.0,0.013345419921486827,0,10,10,10,1.0,-0.9192539088502023,-1.031128365611907,False,10,0.7692307692307693,0.0,1.0,0.0,1.0331334394732081
~/anvil/data/cve-targets/libsndfile_repo_src_alaw.c,326,320,332,{,{	/*,		{	/* ,0.9863977432250975,"[[12, 12, 29912, 12, 5515, 29871]]","[-0.002195212058722973, -0.15820324420928955, -0.014444900676608086, -0.4870695173740387, -0.5356667637825012, -2.538512706756592]",9.15436553955078,False,0.0,-3.7360923448577523,-0.622682057476292,6.0,-3.7360923448577523,-0.622682057476292,6.0,0.777844405218885,1,2,4,4,0.5,-1.58411139582684,-1.048533127147932,True,1,0.16666666666666666,3.0,0.4,3.0,2.074290365117665
~/anvil/data/cve-targets/libsndfile_repo_src_common.c,594,470,684,return count ;,break ;,						break ;,0.8201722502708435,"[[12, 12, 12, 12, 12, 12, 8690, 2056, 32010, 2]]","[-0.01937219314277172, -4.053033626405522e-05, -0.00012003655137959868, -1.9907753085135482e-05, -0.0001387499796692282, -0.01125050988048315, -0.004509280435740948, -0.00038890427094884217, -0.27045178413391113, -1.1920928244535389e-07]",11.106281280517578,False,0.0,-0.30629201569353626,-0.030629201569353625,10.0,-0.03584011235034268,-0.004480014043792835,8.0,4.522652362606083e-05,1,5,4,4,1.25,-183.07358911234027,-1.001406716361857,True,3,0.3,11.0,0.38095238095238093,3.0,2.182768287768079
~/anvil/data/cve-targets/libsndfile_repo_src_ulaw.c,811,804,816,if (ptr [i] >= 0),if (ptr [i] >= 0),		if (ptr [i] >= 0),0.0536191202700138,"[[12, 12, 361, 313, 7414, 518, 29875, 29962, 6736, 29871, 29900, 29897, 32010, 2]]","[-0.01034835446625948, -0.001644212519749999, -0.051018211990594864, -0.02124050073325634, -0.032049573957920074, -0.004385853186249733, -0.00040260792593471706, -0.0003532739356160164, -0.5096595287322998, -0.003900302806869149, -0.0029829314444214106, -0.00472061475738883, -0.03987737372517586, -7.152555099310121e-07]",9.752115249633787,True,0.0,-0.6825840554372462,-0.0487560039598033,14.0,-0.6427059664565604,-0.0535588305380467,12.0,0.019132263018818655,1,17,17,17,1.0,-1.0011256730470295,-1.0329806136346484,False,10,0.7142857142857143,0.0,1.0,0.0,1.1069180085193802
~/anvil/data/cve-targets/libxml2_repo_valid.c,540,530,558,switch (state->cont->type) {,switch (state->cont->type) {,	switch (state->cont->type) {,0.040740106254816,"[[12, 15123, 313, 3859, 976, 1285, 976, 1853, 29897, 426, 32010, 2]]","[-0.2126965969800949, -0.02536110021173954, -0.14751799404621124, -0.0024905160535126925, -2.7894584491150454e-05, -0.0041427514515817165, -0.0014386551920324564, -0.0038381970953196287, -0.0013438966125249863, -0.008464531041681767, -0.3104633092880249, -7.152555099310121e-07]",10.315225601196287,True,0.0,-0.7177861578127249,-0.05981551315106041,12.0,-0.4073221332691901,-0.04073221332691901,10.0,0.005116707598065951,0,16,16,16,1.0,-1.000193776062048,-1.0185404428254796,False,9,0.75,0.0,1.0,0.0,1.1253859702052496
~/anvil/data/cve-targets/libsndfile_repo_src_ulaw.c,810,804,816,{,{,		{,0.7912220358848572,"[[12, 12, 29912, 32010, 2]]","[-0.002645209664478898, -0.23284347355365753, -0.030815238133072853, -0.7062882781028748, -1.1920922133867862e-06]",9.178192138671877,True,0.0,-0.9725933915462974,-0.19451867830925948,5.0,-0.2663039213512093,-0.08876797378373642,3.0,0.010511133234296503,1,2,2,2,1.0,-8.913372719450543,-1.0479087386674255,False,1,0.2,0.0,1.0,0.0,1.0395845665175583
~/anvil/data/cve-targets/openssl_repo_crypto_pkcs7_pk7_doit.c,185,159,299,break;,break;,       break;,0.2069592326879501,"[[4706, 2867, 29936, 32010, 2]]","[-0.010217385366559029, -0.41387704014778137, -2.4914430468925275e-05, -0.5296322107315063, 0.0]",9.19433879852295,True,0.0,-0.9537515506763157,-0.19075031013526314,5.0,-0.4241193399448093,-0.14137311331493643,3.0,0.03714650948029077,0,4,4,4,1.0,-1.4639221548931138,-1.0474858183835871,False,2,0.4,0.0,1.0,0.0,0.9551930281158036
~/anvil/data/cve-targets/poppler_repo_poppler_XRef.cc,1493,1486,1515,if ((!xRefStream) && mainXRefEntriesOffset) {,if (i >= size) {,"       if (i >= size) {
            if (complainIfMissing) {
                error(errSyntaxError,",1.421067237854004,"[[4706, 565, 313, 29875, 6736, 2159, 29897, 426, 13, 9651, 565, 313, 2388, 7420, 3644, 18552, 292, 29897, 426, 13, 18884, 1059, 29898, 3127, 16676, 2392, 29892]]","[-0.0052160839550197124, -0.34885457158088684, -0.11894499510526657, -0.9715808629989624, -0.4396167993545532, -0.276064932346344, -0.11683633178472519, -0.012988136149942875, -0.030095534399151802, -0.0024787436705082655, -0.933775007724762, -0.030680563300848007, -0.12704972922801971, -3.45700973412022e-05, -0.00017033556650858372, -1.0251946150674485e-05, -5.960462772236497e-07, -0.009515290148556232, -0.014084698632359505, -0.0027272433508187532, -0.0015325717395171523, -0.008620076812803745, -0.0003449321957305074, -0.00026425207033753395, -0.002956783166155219, -0.022601857781410217, -8.046303264563903e-05]",8.408119201660156,False,2.0,-3.4771262141856027,-0.12878245237724453,27.0,-2.322676991345361,-0.2322676991345361,10.0,0.08245672468512441,1,18,20,13,0.9,-6.1182301419832,-1.0682783395166664,True,16,0.5925925925925926,34.0,0.360655737704918,8.0,2.2924544997552125
~/anvil/data/cve-targets/sqlite3_repo_src_pragma.c,1587,1465,1707,"sqlite3ExprCodeGetColumnOfTable(v, pTab, iDataCur, j, 3);","sqlite3VdbeAddOp3(v, OP_Column, iDataCur, j, 3);","         sqlite3VdbeAddOp3(v, OP_Column, iDataCur, j, 3);",0.6038205623626709,"[[3986, 21120, 29941, 29963, 29881, 915, 2528, 11746, 29941, 29898, 29894, 29892, 6418, 29918, 4409, 29892, 474, 1469, 23902, 29892, 432, 29892, 29871, 29941, 416, 32010, 2]]","[-0.009644106961786747, -0.3472209870815277, -6.997340824455023e-05, -0.07041953504085541, -9.417489309271332e-06, -3.576278118089249e-07, -0.019293269142508507, -9.881961887003854e-05, -0.3645683228969574, -0.00013541258522309363, -9.905801562126726e-05, -3.4689302992774174e-05, -0.010707426816225052, -1.311301275563892e-06, -0.0037975830491632223, -0.00047946401173248887, -0.0061414809897542, -0.0003625689132604748, -1.311301275563892e-06, -0.0018009409541264176, -0.08577747642993927, -0.046900853514671326, -0.09959719330072403, -0.021807869896292686, -0.0011254174169152975, -0.2588178813457489, -1.1920928244535389e-07]",7.780276775360107,False,0.0,-1.3489128476220955,-0.04995973509711465,27.0,-1.0900948470670642,-0.04360379388268257,25.0,0.009259548331836872,1,17,17,17,1.0,-13.847890483733362,-1.0851783862466735,True,23,0.8518518518518519,29.0,0.6285714285714286,2.0,2.0922358632919185
~/anvil/data/cve-targets/libsndfile_repo_src_alaw.c,163,98,274,"0xb3, 0xb3, 0xb3, 0xb3, 0xb3, 0xb3, 0xb3, 0xb3, 0xb3, 0xb3, 0xb3, 0xb3,","0xb3, 0xb3, 0xb3, 0xb3, 0xb3, 0xb3, 0xb3, 0xb3, 0xb3, 0xb3, 0xb3, 0xb3,","	0xb3, 0xb3, 0xb3, 0xb3, 0xb3, 0xb3, 0xb3, 0xb3, 0xb3, 0xb3, 0xb3, 0xb3,
	0xb3, 0xb3, 0xb3, 0xb3, 0xb3, 0xb3, 0",0.0050759729929268,"[[12, 29900, 29916, 29890, 29941, 29892, 29871, 29900, 29916, 29890, 29941, 29892, 29871, 29900, 29916, 29890, 29941, 29892, 29871, 29900, 29916, 29890, 29941, 29892, 29871, 29900, 29916, 29890, 29941, 29892, 29871, 29900, 29916, 29890, 29941, 29892, 29871, 29900, 29916, 29890, 29941, 29892, 29871, 29900, 29916, 29890, 29941, 29892, 29871, 29900, 29916, 29890, 29941, 29892, 29871, 29900, 29916, 29890, 29941, 29892, 29871, 29900, 29916, 29890, 29941, 29892, 29871, 29900, 29916, 29890, 29941, 29892, 13, 12, 29900, 29916, 29890, 29941, 29892, 29871, 29900, 29916, 29890, 29941, 29892, 29871, 29900, 29916, 29890, 29941, 29892, 29871, 29900, 29916, 29890, 29941, 29892, 29871, 29900, 29916, 29890, 29941, 29892, 29871, 29900, 29916, 29890, 29941, 29892, 29871, 29900]]","[-0.0007192885386757553, -0.00044764988706447184, -0.0006348263123072684, -0.003733451943844557, -0.06815925240516663, -2.7656173188006505e-05, -0.00022194306075107306, -0.00037531962152570486, -4.0649541915627196e-05, -0.00010215714428341016, -0.0007574073388241231, -4.136476854910143e-05, -0.0002525725867599249, -0.00029774048016406596, -2.2649508537142538e-05, -6.151010165922344e-05, -0.000714523543138057, -2.884823152271565e-05, -0.0001232548092957586, -0.00021419614495243877, -3.0397906812140718e-05, -5.113947918289341e-05, -0.0004024887748528272, -9.822363062994555e-05, -0.00032443503732793033, -0.0007345362100750208, -5.400034933700226e-05, -0.00021872512297704816, -0.09354684501886368, -6.496695277746767e-05, -0.0006582954083569348, -0.00048268112004734576, -1.6689160474925302e-05, -5.721882189391181e-05, -0.0009384519071318209, -7.390703103737906e-05, -0.0009298768127337098, -0.0011556621175259352, -2.5629668016335927e-05, -8.320462075062096e-05, -0.0017472729086875916, -5.686121585313231e-05, -0.0006071869283914566, -0.0008203001925721765, -3.302042750874534e-05, -9.476689592702314e-05, -0.0009317824151366949, -0.00040642108069732785, -0.0049719978123903275, -0.002921957289800048, -0.00011443436960689723, -0.00039867559098638594, -0.1634017527103424, -8.821448318485636e-06, -0.00011550712952157483, -6.317892984952778e-05, -7.510157047363464e-06, -4.362964682513848e-05, -0.0031001148745417595, -2.1457441107486375e-05, -0.00019894051365554333, -6.758938252460212e-05, -1.3589766240329482e-05, -5.364274329622276e-05, -0.0032069466542452574, -5.340433563105762e-05, -0.0012942517641931772, -0.0003177614707965404, -2.109982233378105e-05, -8.332382276421413e-05, -0.005206122528761625, -0.0004487222759053111, -0.40807920694351196, -3.290122185717337e-05, -3.886147169396281e-05, -7.30726242181845e-05, -0.0002926159941125661, -0.04674717038869858, -1.9073468138230965e-06, -2.50339189733495e-06, -3.814689989667386e-06, -3.933898824470816e-06, -2.2649508537142538e-05, -0.0008141063735820353, -3.4570634852570947e-06, -6.6756979322235566e-06, -1.7404405298293568e-05, -8.106198947643861e-06, -3.349725011503324e-05, -0.0015593523858115077, -5.364403477869928e-06, -1.537788011773955e-05, -0.0002320735511602834, -1.1205610462639015e-05, -5.173549288883805e-05, -0.0021095657721161842, -2.7179348762729205e-05, -4.672895011026412e-05, -7.080780778778717e-05, -4.303362584323622e-05, -0.00023982033599168062, -0.053905509412288666, -3.2186455882765586e-06, -1.1086402082582936e-05, -1.3351351299206726e-05, -2.7418097943154862e-06, -3.123234637314454e-05, -0.0009324969723820686, -5.245195097813848e-06, -2.0265373677830212e-05, -0.00010334911348763853]",14.184748649597168,True,1.0,-0.8833783080945068,-0.007958363135986548,111.0,-0.7758677900037583,-0.010484699864915653,74.0,0.0026837778279981623,0,25,38,25,0.6578947368421053,-0.4841314542452699,-1.0815199491861778,False,72,0.6486486486486487,0.0,1.0,0.0,1.0805655688496043
~/anvil/data/cve-targets/libsndfile_repo_src_ulaw.c,830,823,835,if (ptr [i] >= 0),if (ptr [i] >= 0),		if (ptr [i] >= 0),0.1449190527200698,"[[12, 12, 361, 313, 7414, 518, 29875, 29962, 6736, 29871, 29900, 29897, 32010, 2]]","[-0.009991512633860111, -0.002148702275007963, -0.059306785464286804, -0.007798345293849707, -0.5546457171440125, -0.00226693507283926, -0.0009511952521279454, -0.0003582789213396609, -0.5987160801887512, -0.01426299475133419, -0.007053474895656109, -0.48154324293136597, -0.04870746284723282, -9.536738616588991e-07]",10.064139366149902,True,0.0,-1.7877516813455259,-0.12769654866753757,14.0,-1.7390432648244314,-0.14492027206870262,12.0,0.054158000071153345,1,17,17,17,1.0,-0.9999915860727047,-1.024954088618899,False,10,0.7142857142857143,0.0,1.0,0.0,1.1417102306595226
~/anvil/data/cve-targets/php_repo_ext_phar_phar.c,701,632,1125,"PHAR_GET_32(buffer, manifest_count);",/* extract number of entries */,"	/* extract number of entries */
	PHAR_GET_32(buffer, manifest_count);",0.1300634294748306,"[[12, 5515, 6597, 1353, 310, 9976, 3776, 13, 12, 19689, 1718, 29918, 7194, 29918, 29941, 29906, 29898, 9040, 29892, 10419, 29918, 2798, 416, 32010, 2]]","[-0.039609406143426895, -1.3205921649932861, -1.1343498229980469, -0.9023556709289551, -0.0018091516103595495, -0.557763934135437, -0.5596000552177429, -0.0015519729349762201, -0.002671128138899803, -0.13630759716033936, -2.622600959512056e-06, -2.0265558760002023e-06, -0.00020251607929822057, -1.5258672647178173e-05, -0.007277290336787701, -1.0967194612021558e-05, -0.0014327033422887325, -0.0016837242292240262, -0.0017216873820871115, -0.018741082400083542, -4.768370445162873e-07, -0.004070331808179617, -0.001865553087554872, -0.3775867819786072, 0.0]",10.16075611114502,False,1.0,-5.07122392676672,-0.2028489570706688,25.0,-4.5203033071011305,-0.5022559230112367,9.0,0.24449382043202514,1,11,12,2,0.9166666666666666,-0.2589584781699444,-1.0224813829354829,True,15,0.6,30.0,0.23880597014925375,10.0,2.0762969897499746
~/anvil/data/cve-targets/libxml2_repo_parser.c,7503,7419,7540,return;,return;,"		return;
	    /*
",0.0576201826333999,"[[12, 12, 2457, 29936, 13, 12, 1678, 4949, 13]]","[-0.11187060922384262, -0.1025121882557869, -0.07724383473396301, -0.0020656692795455456, -0.5228339433670044, -0.8023428320884705, -0.033271320164203644, -0.7520239353179932, -0.05896654725074768]",9.269423484802246,True,2.0,-2.4631308796815574,-0.2736812088535064,9.0,-1.6521403971128166,-0.23602005673040236,7.0,0.0796103888536908,1,4,6,4,0.6666666666666666,-0.24413256835717764,-1.0455214090722253,False,2,0.2222222222222222,0.0,1.0,0.0,0.9319543095607465
~/anvil/data/cve-targets/php_repo_ext_exif_exif.c,1917,1911,1921,if ((offset + length) > (info->valid_end - info->valid_start)) {,if (offset + length > info->valid_end - info->offset_base) {,	if (offset + length > info->valid_end - info->offset_base) {,0.3586357235908508,"[[12, 361, 313, 10289, 718, 3309, 1405, 5235, 976, 3084, 29918, 355, 448, 5235, 976, 10289, 29918, 3188, 29897, 426, 32010, 2]]","[-0.031209329143166542, -0.14462397992610931, -0.2546187937259674, -0.7585245966911316, -1.0906790494918823, -0.00925807747989893, -0.39887428283691406, -0.09938912093639374, -0.00020311199477873743, -0.1745067685842514, -0.00026854246971197426, -0.1685408651828766, -0.7835436463356018, -0.0108446991071105, -7.390703103737906e-05, -0.4484557509422302, -0.0003579214389901608, -0.0004960260121151805, -0.06349296867847443, -0.006370120216161013, -0.1517740935087204, 0.0]",8.428428649902344,False,0.0,-4.596105651733524,-0.2089138932606147,22.0,-4.444331558224803,-0.22221657791124017,20.0,0.09556117656817098,1,31,25,25,1.24,-1.6139017482939568,-1.0677360736012185,True,21,0.9545454545454546,14.0,0.8387096774193549,7.0,2.2448895490022496
~/anvil/data/cve-targets/libpng_repo_png.c,2441,2368,2463,goto PNG_FP_End; /* not a part of the number */,goto PNG_FP_End; /* not a part of the number */,           goto PNG_FP_End; /* not a part of the number */,0.0505385920405387,"[[9651, 2355, 29877, 349, 9312, 29918, 26353, 29918, 5044, 29936, 4949, 451, 263, 760, 310, 278, 1353, 3776, 32010, 2]]","[-0.0012571059633046389, -0.0023112983908504248, -2.0265558760002023e-06, -8.129743218887597e-05, -1.7404405298293568e-05, -5.483612312673358e-06, -2.777537883957848e-05, -9.298280929215252e-06, -0.00016068121476564556, -8.77341881277971e-05, -0.3371559977531433, -0.34752488136291504, -0.07704728096723557, -0.010490158572793007, -0.00045134371612221, -0.01267108041793108, -0.0639386996626854, -0.0052365995943546295, -0.09178689122200012, 0.0]",10.895463943481444,True,0.0,-0.9502630386916735,-0.04751315193458368,20.0,-0.8584761474696734,-0.04769311930387074,18.0,0.011324107478523093,0,6,6,6,1.0,-1.0596621227170817,-1.0038721831669442,False,17,0.85,0.0,1.0,0.0,1.0462843481726085
~/anvil/data/cve-targets/openssl_repo_crypto_asn1_tasn_enc.c,523,454,567,case V_ASN1_NEG_INTEGER:,case V_ASN1_INTEGER:,"   case V_ASN1_INTEGER:
    case V_ASN1_ENUMER",0.320606380701065,"[[1678, 1206, 478, 29918, 3289, 29940, 29896, 29918, 1177, 4330, 17070, 29901, 13, 1678, 1206, 478, 29918, 3289, 29940, 29896, 29918, 1430, 5005, 1001]]","[-0.04898390173912048, -0.010558458045125008, -0.00031275625224225223, -0.00017617580306250602, -2.3841574147809297e-05, -2.7418097943154862e-06, -6.9141146923357155e-06, -0.00020275443966966122, -0.7866348624229431, -0.00021646064124070108, -0.00010489867418073118, -0.0230136439204216, -0.32043886184692383, -0.10461946576833725, -0.0026601902209222317, -0.00017128908075392246, -8.4638240878121e-06, -1.4305012882687151e-05, -3.2186455882765586e-06, -1.1920922133867862e-06, -2.0265558760002023e-06, -0.4674561619758606, -2.50339189733495e-06, -6.05564855504781e-05]",11.09105110168457,False,1.0,-1.7656756443375343,-0.07356981851406393,24.0,-1.2952957370519016,-0.09252112407513582,14.0,0.04397280327825727,1,5,9,5,0.5555555555555556,-3.4652235790034562,-1.001025498857228,True,14,0.5833333333333334,4.0,0.9090909090909091,1.0,2.0912215586873044
~/anvil/data/cve-targets/poppler_repo_poppler_JPEG2000Stream.cc,215,202,276,if (oLen.isInt()) bufSize = oLen.getInt();,if (oLen.isInt()),"   if (oLen.isInt())
        bufSize = oLen.getInt();
    if (bufSize < B",0.39544877409935,"[[1678, 565, 313, 29877, 21515, 29889, 275, 2928, 3101, 13, 4706, 18392, 3505, 353, 288, 21515, 29889, 657, 2928, 890, 13, 1678, 565, 313, 9721, 3505, 529, 350]]","[-0.022339947521686554, -0.22285358607769012, -0.026178402826189995, -0.05356636643409729, -0.001897679059766233, -0.0002798642381094396, -0.0005489272880367935, -0.06614258885383606, -0.05038171634078026, -0.44365715980529785, -0.0020386644173413515, -0.0070434133522212505, -1.2755313036905136e-05, -0.0037839256692677736, -0.19802477955818176, -1.3112935448589269e-05, -7.509902934543788e-05, -0.0018067717319354415, -0.0011884062550961971, -0.04825989529490471, -0.18119214475154877, -0.018898196518421173, -0.6894934177398682, -0.031893473118543625, -0.0782887190580368, -0.00011097769311163574, -0.7615499496459961, -0.45467907190322876]",11.910540580749512,False,2.0,-3.366199012431025,-0.12022139330110804,28.0,-0.889884902862832,-0.08089862753298473,11.0,0.016861814818029786,1,27,32,16,0.84375,-4.888201273107062,-1.0217452661480508,True,17,0.6071428571428571,25.0,0.576271186440678,12.0,2.30884165002215
~/anvil/data/cve-targets/openssl_repo_ssl_t1_lib.c,1715,1599,1840,if (eticklen < 48) {,if (eticklen <= TLSEXT_KEYNAME_LENGTH + EVP,   if (eticklen <= TLSEXT_KEYNAME_LENGTH + EVP,0.7232035994529724,"[[1678, 565, 313, 300, 860, 2435, 5277, 323, 29931, 1660, 12188, 29918, 10818, 5813, 29918, 19433, 718, 382, 18510]]","[-0.014501181431114674, -0.021062394604086876, -0.02038854919373989, -0.029636316001415253, -2.3841830625315197e-06, -0.00013016807497479022, -0.1082269474864006, -0.33495762944221497, -3.4689302992774174e-05, -5.006777428206988e-06, -1.7881377516459906e-06, -2.3841855067985307e-07, -0.00031001531169749796, -3.683499380713329e-05, -5.960462772236497e-07, -6.294052582234144e-05, -0.04168195277452469, -0.24766439199447632, -1.7881377516459906e-06]",14.698501586914062,False,0.0,-0.8187058128380897,-0.04308977962305736,19.0,-0.8187058128380897,-0.04308977962305736,19.0,0.008087100073038244,1,13,10,10,1.3,-16.78364581530572,-1.0955003894172786,True,11,0.5789473684210527,27.0,0.5079365079365079,11.0,2.045835113708714
~/anvil/data/cve-targets/openssl_repo_crypto_asn1_a_type.c,66,54,98,break;,break;,"       break;
    case",0.0032902769744396,"[[4706, 2867, 29936, 13, 1678, 1206]]","[-0.005039489362388849, -0.006549677811563015, -3.1470757676288486e-05, -0.2836529314517975, -0.030623221769928932, -0.004931785631924868]",11.33018684387207,True,1.0,-0.33082857678527944,-0.05513809613087991,6.0,-0.32589679115335457,-0.06517935823067092,5.0,0.012044663851767046,1,4,5,4,0.8,-0.050480352426841194,-1.0070279478710438,False,2,0.3333333333333333,0.0,1.0,0.0,1.0077782778101396
~/anvil/data/cve-targets/libpng_repo_png.h,2652,2497,2802,#define PNG_IMAGE_FLAG_INVALID 0x08,#define PNG_IMAGE_FLAG_16BIT_sRGB_INTENT_PERCEPTUAL,#define PNG_IMAGE_FLAG_16BIT_sRGB_INTENT_PERCEPTUAL ,0.6334353685379028,"[[29937, 7922, 349, 9312, 29918, 2382, 29918, 26516, 29918, 29896, 29953, 22698, 29918, 29879, 28212, 29918, 10192, 3919, 29918, 13171, 4741, 7982, 29965, 1964, 29871]]","[-0.42013847827911377, -0.03175421059131622, -0.0012184107908979058, -3.731181277544238e-05, -0.0003123987407889217, -0.007681592833250761, -0.000474936212413013, -0.6675519347190857, -0.0008853329927660525, -2.3337745666503906, -0.0018286664271727204, -0.6435182690620422, -0.08165571838617325, -0.9674205780029297, -0.40369701385498047, -0.029577292501926422, -1.3535758256912231, -0.04938008636236191, -0.12128186970949173, -0.9269615411758423, -0.10051291435956955, -0.0010715939570218325, -1.8358061424805783e-05, -2.264974000354414e-06, -0.0897228866815567]",5.093210220336914,False,0.0,-8.234054052830516,-0.3293621621132206,25.0,-8.234054052830516,-0.3293621621132206,25.0,0.3041996904717267,1,5,4,4,1.25,-1.923218394225123,-1.1605813561167968,True,16,0.64,26.0,0.627906976744186,2.0,1.7931380646839865
~/anvil/data/cve-targets/poppler_repo_splash_SplashXPathScanner.cc,283,203,293,"if (!addIntersection(segYMin, segYMax, y, x0, x1, count))","if (!addIntersection(segYMin, segYMax, y, x0, x1, count))","               if (!addIntersection(segYMin, segYMax, y, x0, x1, count))",0.0323135778307914,"[[18884, 565, 5384, 1202, 4074, 2042, 29898, 10199, 29979, 8140, 29892, 2377, 29979, 7976, 29892, 343, 29892, 921, 29900, 29892, 921, 29896, 29892, 2302, 876, 32010, 2]]","[-0.005959954112768173, -0.2753509283065796, -0.406471848487854, -0.00851724948734045, -0.0008205384365282953, -0.0001793938863556832, -0.0012824652949348092, -0.004469524137675762, -0.015269290655851364, -0.0002575780963525176, -0.0010368215152993798, -0.0008610355434939265, -0.00019298121333122253, -1.2636104656849056e-05, -0.00011514954530866817, -0.007782495114952326, -0.00324758468195796, -0.024924583733081818, -0.001423656358383596, -0.005586724728345871, -0.0021453716326504946, -0.00026890001026913524, -0.0037639739457517862, -0.004620708059519529, -0.006729558110237122, -0.017035935074090958, 0.0]",10.571517944335938,True,0.0,-0.7983268862735713,-0.029567662454576715,27.0,-0.7812909511994803,-0.031251638047979216,25.0,0.008711896755388172,0,26,26,26,1.0,-1.033980291886839,-1.0120352027043207,False,24,0.8888888888888888,0.0,1.0,0.0,1.2519759217855417
~/anvil/data/cve-targets/php_repo_ext_phar_phar.c,2801,2651,2951,cleanup:,cleanup:,"cleanup:
	if",0.1083681359887123,"[[14941, 786, 29901, 13, 12, 361]]","[-0.31999653577804565, -0.00029118589009158313, -0.004810901824384928, -0.34938913583755493, -0.009868170134723186, -0.5805135369300842]",9.258611679077148,True,1.0,-1.2648694663948845,-0.21081157773248074,6.0,-0.6843559294648003,-0.13687118589296005,5.0,0.026184510771986323,0,6,4,6,1.5,-0.7917527365727763,-1.0458040466271916,False,3,0.5,0.0,1.0,0.0,0.9634371479441096
~/anvil/data/cve-targets/sqlite3_repo_src_shell.c.in,3423,3268,3573,sqlite3_finalize(pStmt);,sqlite3_finalize(pStmt);," sqlite3_finalize(pStmt);
  if( nCol==",0.0174733120948076,"[[29871, 21120, 29941, 29918, 8394, 675, 29898, 29886, 855, 4378, 416, 13, 29871, 565, 29898, 302, 1625, 1360]]","[-0.0066527072340250015, -0.18439260125160217, -0.00011276562872808427, -4.95898348162882e-05, -0.0005614373367279768, -2.145764938177308e-06, -0.00041083001997321844, -0.00012444675667211413, -1.311301275563892e-06, -2.3841855067985307e-07, -4.005352093372494e-05, -0.22998881340026855, -0.014447367750108242, -0.6339762210845947, -0.0005875291535630822, -0.3197908401489258, -0.5709364414215088, -0.7789592146873474]",13.409733772277832,True,1.0,-2.7410345547145596,-0.1522796974841422,18.0,-0.4367843082186198,-0.03359879293989383,13.0,0.005574889336069218,1,9,13,9,0.6923076923076923,-0.5200577332068529,-1.0607667971697268,False,10,0.5555555555555556,0.0,1.0,0.0,0.9473371887069972
~/anvil/data/cve-targets/php_repo_ext_exif_exif.c,2970,2908,2994,},},	},0.0007525221444666,"[[12, 29913, 32010, 2]]","[-0.0008039817912504077, -0.0007009433466009796, -0.6058552265167236, 0.0]",10.600521087646484,True,0.0,-0.607360151654575,-0.15184003791364376,4.0,-0.0015049251378513873,-0.0007524625689256936,2.0,2.654230268943316e-09,1,2,2,2,1.0,-1.0000791740923292,-1.0113016636227132,False,1,0.25,0.0,1.0,0.0,0.9750476812053479
~/anvil/data/cve-targets/libsndfile_repo_src_common.c,583,470,684,"double64_le_write (doubledata, psf->header.ptr + psf->header.indx) ;","double64_le_write (doubledata, psf->header.ptr + psf->header.indx) ;","						double64_le_write (doubledata, psf->header.ptr + psf->header.indx) ;",0.0001686120376689,"[[12, 12, 12, 12, 12, 12, 8896, 29953, 29946, 29918, 280, 29918, 3539, 313, 8896, 1272, 29892, 282, 4668, 976, 6672, 29889, 7414, 718, 282, 4668, 976, 6672, 29889, 513, 29916, 29897, 2056, 32010, 2]]","[-0.0014073477359488606, -4.529942543740617e-06, -9.775113539944869e-06, -1.0132738680113107e-05, -3.290122185717337e-05, -0.0005793085438199341, -0.0012372228084132075, -8.34430247778073e-05, -1.1920922133867862e-06, -1.0728830375228426e-06, -0.0008163695456460118, -1.6569954823353328e-05, -2.825220326485578e-05, -0.00013565097469836473, -0.0003361137059982866, -6.961580220377073e-05, -6.3774932641536e-05, -0.0001515035255579278, 0.0, -3.576278118089249e-07, -1.8000440832111053e-05, -1.0728830375228426e-06, -1.0371154530730564e-05, -3.2543604902457446e-05, -9.452849917579442e-05, 0.0, -5.960462772236497e-07, -2.622600959512056e-06, -3.2186455882765586e-06, -1.311301275563892e-06, -4.768370445162873e-07, -0.0002540027489885688, -0.0001461399078834802, -0.14489050209522247, 0.0]",17.22882843017578,True,0.0,-0.15044052114319584,-0.00429830060409131,35.0,-0.005550019047973365,-0.00017903287251526984,31.0,1.1663306876185343e-07,0,26,26,26,1.0,-0.9417937348601664,-1.1670385738389988,False,27,0.7714285714285715,0.0,1.0,0.0,0.9002436442174048
~/anvil/data/cve-targets/libpng_repo_pngrutil.c,2895,2647,3067,bytes_to_copy = row_width;,bytes_to_copy = row_width;,              bytes_to_copy = row_width;,0.0023123561404645,"[[1669, 6262, 29918, 517, 29918, 8552, 353, 1948, 29918, 2103, 29936, 32010, 2]]","[-0.13812492787837982, -0.01093478873372078, -7.510157047363464e-06, -1.9073468138230965e-06, -0.00016878610767889768, -0.0002181292074965313, -0.0005647733341902494, -0.007357761263847351, -1.311301275563892e-06, -1.4305104514278355e-06, -0.0038780972827225924, -0.3619755208492279, 0.0]",10.349674224853516,True,0.0,-0.5232349439728523,-0.04024884184406556,13.0,-0.1612594231236244,-0.014659947556693127,11.0,0.0015366892737473153,1,7,7,7,1.0,-0.15773290671894483,-1.017663637529005,False,10,0.7692307692307693,0.0,1.0,0.0,1.0179618494556206
~/anvil/data/cve-targets/poppler_repo_poppler_GfxState.cc,2420,2399,2421,"alt->getRGB(&color2, rgb);","alt->getRGB(&color2, rgb);","       alt->getRGB(&color2, rgb);
}
void GfxSe",0.0050192615017294,"[[4706, 5272, 976, 657, 28212, 6243, 2780, 29906, 29892, 15552, 29890, 416, 13, 29913, 13, 5405, 402, 11093, 2008]]","[-0.12584713101387024, -0.03913596644997597, -0.00016616393986623734, -0.00022182388056535274, -0.00017450717859901488, -0.009617896750569344, -0.00019369633810129017, -0.00011848701251437888, -0.0001778444420779124, -0.004835815168917179, -4.0531076592742465e-06, -0.0003668589051812887, -0.6119150519371033, -0.07927966117858887, -0.0048795901238918304, -0.32936275005340576, -0.0012674640165641904, -2.7656173188006505e-05, -0.0045912801288068295]",7.252193927764893,True,2.0,-1.2121836977994462,-0.06379914198944454,19.0,-0.7927752961250008,-0.06098271508653852,13.0,0.02642921377950896,1,16,21,16,0.7619047619047619,-0.08230629768790607,-1.0995999765197486,False,11,0.5789473684210527,0.0,1.0,0.0,0.9379487990766703
~/anvil/data/cve-targets/poppler_repo_poppler_Parser.cc,322,305,331,},},"   }
",0.0008806879632174,"[[1678, 500, 13, 32010]]","[-0.10762414336204529, -0.0008927173912525177, -0.9357932806015015, -0.7683676481246948]",11.04785442352295,True,1.0,-1.812677789479494,-0.4531694473698735,4.0,-1.0443101413547993,-0.3481033804515998,3.0,0.17458830891739383,0,2,2,2,1.0,-0.0025299609618121784,-1.000054945070979,False,1,0.25,0.0,1.0,0.0,1.0001609567805712
~/anvil/data/cve-targets/php_repo_ext_exif_exif.c,133,118,137,exif_globals->decode_jis_be     = NULL;,exif_globals->decode_jis_be     = NULL;,	exif_globals->decode_jis_be     = NULL;,0.0003902293683495,"[[12, 735, 361, 29918, 23705, 1338, 976, 13808, 29918, 29926, 275, 29918, 915, 268, 353, 4265, 29936, 32010, 2]]","[-0.0014893640764057636, -0.00013565097469836473, -2.3841855067985307e-07, -8.344646857949556e-07, -1.8954096958623268e-05, -7.390948667307384e-06, -1.1801649634435307e-05, -0.002901631873100996, -4.6491513785440475e-06, -0.00023922442051116377, -7.152531907195225e-06, -0.00010907054820563644, -0.00041130665340460837, -0.002971640322357416, -8.34461570775602e-06, -0.0009126074146479368, -2.253030106658116e-05, -0.0024323659017682076, 0.0]",11.35598087310791,True,0.0,-0.01168475836365701,-0.0006149872822977374,19.0,-0.009252392461888803,-0.000544258380111106,17.0,9.131401316883631e-07,0,11,11,11,1.0,-0.716992852310033,-1.0076775400017313,False,16,0.8421052631578947,0.0,1.0,0.0,1.0853382215958731
~/anvil/data/cve-targets/libsndfile_repo_src_alaw.c,327,320,332,if (ptr [i] >= 0),if (ptr [i] >= 0),		if (ptr [i] >= 0),0.1360254734754562,"[[12, 12, 361, 313, 7414, 518, 29875, 29962, 6736, 29871, 29900, 29897, 32010, 2]]","[-0.00995598640292883, -0.0023494756314903498, -0.05598834529519081, -0.00829725805670023, -0.5138335227966309, -0.0023254514671862125, -0.0011411352315917611, -0.0004124982515349984, -0.5600263476371765, -0.012061282992362976, -0.006530373357236385, -0.4603630602359772, -0.04932607710361481, -7.152555099310121e-07]",10.222646713256836,True,0.0,-1.6826115297151318,-0.12018653783679513,14.0,-1.633284737356007,-0.13610706144633392,12.0,0.04756584514285839,1,17,17,17,1.0,-0.9994005603382314,-1.0209005565186462,False,10,0.7142857142857143,0.0,1.0,0.0,1.1491080797856292
~/anvil/data/cve-targets/libpng_repo_pngrtran.c,3987,3829,4027,else if (row_info->bit_depth == 16),else if (row_info->bit_depth == 16),     else if (row_info->bit_depth == 16),0.0173287969082593,"[[418, 1683, 565, 313, 798, 29918, 3888, 976, 2966, 29918, 19488, 1275, 29871, 29896, 29953, 29897, 32010, 2]]","[-0.008404363878071308, -0.032714687287807465, -0.2221810221672058, -0.0016500442288815975, -0.00013565097469836473, -7.867782187531702e-06, -1.1920858014491387e-05, -6.723177648382261e-05, -0.00015341058315243572, -3.576278118089249e-07, -6.6756979322235566e-06, -0.0010415849974378943, -9.512448741588742e-05, -0.0003738896339200437, -7.617183291586116e-05, -0.0017502479022368789, -0.34871208667755127, 0.0]",10.63135814666748,True,0.0,-0.6173823383937247,-0.03429901879965137,18.0,-0.2686702517161734,-0.01679189073226084,16.0,0.0028750550912523066,0,16,16,16,1.0,-1.0319741346915121,-1.010522324840533,False,15,0.8333333333333334,0.0,1.0,0.0,1.1389430298110674
~/anvil/data/cve-targets/php_repo_ext_phar_phar.c,1074,632,1125,if (mydata->ext) {,if (mydata->ext) {,"		if (mydata->ext) {
			++mydata->",0.0300829019397497,"[[12, 12, 361, 313, 1357, 1272, 976, 1062, 29897, 426, 13, 12, 12, 12, 1817, 1357, 1272, 976]]","[-0.017973996698856354, -0.024046672508120537, -0.06441976875066757, -0.055794112384319305, -0.04785962775349617, -4.529942543740617e-06, -2.4437606043647975e-05, -0.0014317509485408664, -0.08571029454469681, -0.0023808723781257868, -0.3012734055519104, -0.0026260672602802515, -2.8013790142722428e-05, -0.00031835734262131155, -0.4966912269592285, -0.20239469408988953, -2.5987286790041253e-05, -1.9073468138230965e-06]",17.73509407043457,True,1.0,-1.3030057231430874,-0.07238920684128264,18.0,-0.6038919074603655,-0.04313513624716896,14.0,0.005895172699393649,0,13,13,13,1.0,-0.6974106159621577,-1.1819032319988227,False,8,0.4444444444444444,0.0,1.0,0.0,0.7248885702868797
~/anvil/data/cve-targets/poppler_repo_splash_SplashXPathScanner.cc,413,391,477,const int intersectionIndex = splashAASize * y + yy - yMin;,"// set [0, xx) to 0","           // set [0, xx) to 0
            p = aaBuf->getDataPtr() + yy * aaBuf->",0.6274314522743225,"[[9651, 849, 731, 518, 29900, 29892, 15473, 29897, 304, 29871, 29900, 13, 9651, 282, 353, 29099, 29933, 1137, 976, 657, 1469, 12058, 580, 718, 343, 29891, 334, 29099, 29933, 1137, 976]]","[-0.0034981505014002323, -0.7627356648445129, -2.4301679134368896, -0.2672678232192993, -0.5266484618186951, -0.0036762054078280926, -0.047969281673431396, -0.3291611075401306, -0.009335791692137718, -0.05950898677110672, -0.35163456201553345, -0.04230298474431038, -0.000753476400859654, -0.5428584814071655, -4.303362584323622e-05, -0.0037170620635151863, -6.6756979322235566e-06, 0.0, -1.5139465176616795e-05, -5.936446541454643e-05, -0.0003010773507412523, -1.0967194612021558e-05, -0.0008148210472427309, -0.0002044230350293219, -0.06864163279533386, -0.001116367639042437, -0.0006873629172332585, -0.0005839549703523517, -4.768370445162873e-07, -4.768370445162873e-07, -1.3112935448589269e-05]",7.86137056350708,False,1.0,-5.453734840350307,-0.17592693033388088,31.0,-4.834660410066135,-0.37189695462047195,13.0,0.40600125235899487,1,19,17,2,1.1176470588235294,-1.687111024919869,-1.0829805841967175,True,19,0.6129032258064516,51.0,0.20512820512820518,18.0,2.1242330193353016
~/anvil/data/cve-targets/poppler_repo_poppler_XRef.cc,1491,1486,1515,{,{,"{
   ",0.0021382344420999,"[[29912, 13, 1678]]","[-0.002138353418558836, -0.5644882917404175, -0.020483389496803284]",10.516919136047363,True,1.0,-0.5871100346557796,-0.19570334488525987,3.0,-0.5871100346557796,-0.19570334488525987,3.0,0.0680572585715994,1,2,2,2,1.0,-0.010925896250539502,-1.013417543817257,False,1,0.3333333333333333,0.0,1.0,0.0,0.9705837964186473
~/anvil/data/cve-targets/libsndfile_repo_src_paf.c,155,118,206,} ;,} ;,"		} ;
	psf->",0.0565289184451103,"[[12, 12, 29913, 2056, 13, 12, 567, 29888, 976]]","[-0.000388665939681232, -0.0019961923826485872, -0.006592193618416786, -0.21412944793701172, -0.5674967765808105, -0.13991180062294006, -0.3282720744609833, -9.262132516596466e-05, -0.6776979565620422]",13.156424522399902,True,1.0,-1.9365777294297004,-0.2151753032699667,9.0,-0.9305150770815089,-0.15508584618025148,6.0,0.040536199767708225,1,4,6,4,0.6666666666666666,-0.3645008222053255,-1.0540704715217182,False,2,0.2222222222222222,0.0,1.0,0.0,0.9126809292120847
~/anvil/data/cve-targets/openssl_repo_crypto_asn1_tasn_dec.c,815,760,890,case V_ASN1_NEG_INTEGER:,case V_ASN1_INTEGER:,   case V_ASN1_INTEGER:,0.4543838798999786,"[[1678, 1206, 478, 29918, 3289, 29940, 29896, 29918, 1177, 4330, 17070, 29901, 32010, 2]]","[-0.01597357727587223, -0.009969323873519897, -0.0003474347176961601, -0.0002740246127359569, -2.52720492426306e-05, -2.145764938177308e-06, -7.390948667307384e-06, -2.4437606043647975e-05, -0.12626570463180542, -5.328513361746445e-05, -0.00024339574156329036, -0.006361354608088732, -0.6678070425987244, 0.0]",11.909072875976562,False,0.0,-0.8273543895625153,-0.05909674211160824,14.0,-0.15954734696379091,-0.013295612246982577,12.0,0.0011847514253418027,1,5,5,5,1.0,-34.175476199157394,-1.0217077763257585,True,14,1.0,4.0,0.9090909090909091,1.0,2.069825621033694
~/anvil/data/cve-targets/libxml2_repo_parser.c,2591,2479,2636,"xmlLoadEntityContent(ctxt, ent);",if (ent->name != NULL),"		    if (ent->name != NULL)
			m_tmp += xmlStrlen",1.3237861394882202,"[[12, 12, 1678, 565, 313, 296, 976, 978, 2804, 4265, 29897, 13, 12, 12, 12, 29885, 29918, 7050, 4619, 4903, 5015, 2435]]","[-0.41128140687942505, -0.010226234793663025, -0.007031931076198816, -1.2602593898773193, -0.22767989337444305, -0.2914820909500122, -0.012752884067595005, -0.9265311360359192, -0.41334906220436096, -0.0178641639649868, -0.011418585665524006, -0.19577161967754364, -0.013837712816894054, -0.0030724245589226484, -0.25878310203552246, -0.008991820737719536, -0.00012468514614738524, -5.495397272170521e-05, -0.495195209980011, -0.2255675196647644, -0.006844527553766966, -0.00033158526639454067]",9.10826015472412,False,1.0,-4.798451940299856,-0.21811145183181163,22.0,-4.06134163797833,-0.27075610919855536,15.0,0.12867684782339284,1,11,20,16,0.55,-4.889219834805055,-1.049742399521917,True,10,0.45454545454545453,28.0,0.2222222222222222,14.0,2.2362670472908186
~/anvil/data/cve-targets/poppler_repo_poppler_Parser.cc,167,68,191,shift();,if (buf2.,           if (buf2.,1.5749891996383667,"[[9651, 565, 313, 9721, 29906, 29889]]","[-0.011083937250077724, -1.1704363822937012, -0.11411101371049881, -1.245391607284546, -0.7022107243537903, -0.0022100803907960653]",12.342254638671877,False,0.0,-3.24544374528341,-0.5409072908805683,6.0,-3.24544374528341,-0.5409072908805683,6.0,0.2786143932488045,1,8,5,5,1.6,-2.911754428516517,-1.0328325350208716,True,2,0.3333333333333333,8.0,0.3529411764705882,6.0,2.2863604920449507
~/anvil/data/cve-targets/libxml2_repo_HTMLparser.c,2744,2727,2765,NEXT;,NEXT;,   NEXT;,0.0199094153940677,"[[1678, 405, 12194, 29936, 32010, 2]]","[-0.03219445422291756, -0.04445468634366989, -0.0004913791781291366, -0.015426481142640114, -0.16160781681537628, -2.3841855067985307e-07]",10.505992889404297,True,0.0,-0.25417505612128366,-0.042362509353547274,6.0,-0.0925670008873567,-0.023141750221839175,4.0,0.00027718934531164007,1,4,4,4,1.0,-0.8603245304790699,-1.0136944028793193,False,3,0.5,0.0,1.0,0.0,0.9959803095677484
~/anvil/data/cve-targets/sqlite3_repo_ext_misc_zipfile.c,1509,1401,1575,nPath++;,nPath = (int),         nPath = (int),1.3085037469863892,"[[3986, 302, 2605, 353, 313, 524, 29897]]","[-0.0006536492728628218, -0.012268083170056343, -0.0001991788885788992, -0.038043707609176636, -0.09903331845998764, -0.0026515109930187464, -0.0044640651904046535]",11.712956428527832,False,0.0,-0.15731351358408574,-0.02247335908344082,7.0,-0.15731351358408574,-0.02247335908344082,7.0,0.0011282128510337456,1,6,7,7,0.8571428571428571,-58.224662460474896,-1.0167106939758495,True,3,0.42857142857142855,8.0,0.47619047619047616,7.0,2.250310588787737
~/anvil/data/cve-targets/sqlite3_repo_src_expr.c,5438,5367,5449,if( (pLeft->op==TK_COLUMN && IsVirtual(pLeft->y.pTab)),if( pLeft->op==TK_COLUMN && IsVirtual(pLeft->y.pTab) ){,"     if( pLeft->op==TK_COLUMN && IsVirtual(pLeft->y.pTab) ){
        return WRC_Prune;
      }
     ",0.102975808084011,"[[418, 565, 29898, 282, 8091, 976, 459, 1360, 29911, 29968, 29918, 15032, 29127, 2607, 1317, 21287, 29898, 29886, 8091, 976, 29891, 29889, 29886, 8863, 29897, 29545, 13, 4706, 736, 399, 10363, 29918, 4040, 1540, 29936, 13, 418, 500, 13, 418]]","[-0.007667870260775089, -0.1708146333694458, -0.00520434370264411, -0.8646716475486755, -0.7045143842697144, -0.09758105129003525, -0.011221865192055702, -0.2118217647075653, -0.0011982887517660856, -1.1920928244535389e-07, -9.536738616588991e-07, -0.06208021566271782, -8.4638240878121e-06, -0.327117919921875, -0.3927168548107147, -0.000546425289940089, -0.0016417133156210184, -0.0003507714136503637, -0.002571730175986886, -0.00020787939138244838, -0.0009342834819108248, -7.748573807475623e-06, -8.106198947643861e-06, -0.00024423000286333263, -0.05229530483484268, -0.8615170121192932, -0.028367824852466583, -0.005454419646412134, -0.2393178641796112, -0.001585775287821889, -1.311301275563892e-06, -1.1920928244535389e-07, -0.017526160925626755, -0.00013696208770852536, -0.00015853578224778175, -0.0016488541150465608, -0.0006126672378741205, -0.0003530356043484062, -0.16148124635219574, -0.012826678343117237]",7.9248046875,False,3.0,-4.246417035918498,-0.10616042589796244,40.0,-3.8107678254923414,-0.13609885091044077,28.0,0.06500057243999086,1,27,34,30,0.7941176470588235,-0.7566251103161316,-1.0812644971708392,True,25,0.625,3.0,0.9724770642201834,6.0,2.1219697683719123
~/anvil/data/cve-targets/libsndfile_repo_src_aiff.c,1425,1408,1432,{    size_t chanmap_size = psf->sf.channels * sizeof (psf->channel_map [0]) ;,{	int chanmap_size = sizeof (psf->channel_map [0]) * psf->sf.channels ;,	{	int chanmap_size = sizeof (psf->channel_map [0]) * psf->sf.channels ;,0.2780393362045288,"[[12, 29912, 12, 524, 521, 273, 1958, 29918, 2311, 353, 13810, 313, 567, 29888, 976, 12719, 29918, 1958, 518, 29900, 2314, 334, 282, 4668, 976, 4668, 29889, 305, 12629, 2056, 32010, 2]]","[-0.0008563903393223882, -0.055424369871616364, -0.019671352580189705, -0.5259735584259033, -0.3523502051830292, -0.009815405122935772, -0.01811261661350727, -0.0005882440018467605, -0.0034244961570948362, -0.277468740940094, -0.7878405451774597, -0.00914066843688488, -0.4926908612251282, -0.000409161759307608, -0.03699644282460213, -0.02142254263162613, -0.00017379203927703202, -0.00011503035057103261, -0.19985252618789673, -0.0060808174312114716, -0.001937180757522583, -0.012731815688312054, -0.421654611825943, -2.5748875486897305e-05, -0.0066131544299423695, -0.0019535997416824102, -0.0004843492351938039, -0.0015683980891481042, -0.005820350255817175, -0.009901692159473896, -0.4192381501197815, 0.0]",12.33263111114502,False,0.0,-3.7003368184778083,-0.11563552557743151,32.0,-3.2810986683580268,-0.10936995561193423,30.0,0.04020990826510521,1,33,33,33,1.0,-2.5421911771736125,-1.032584077601745,True,31,0.96875,41.0,0.6756756756756757,17.0,2.331128418395192
~/anvil/data/cve-targets/php_repo_ext_phar_phar.c,905,632,1125,if (manifest_len < 10 + tmp_len),"PHAR_GET_32(buffer, tmp_len);","	PHAR_GET_32(buffer, tmp_len);
	if (buffer + tmp_len >",0.6099437475204468,"[[12, 19689, 1718, 29918, 7194, 29918, 29941, 29906, 29898, 9040, 29892, 13128, 29918, 2435, 416, 13, 12, 361, 313, 9040, 718, 13128, 29918, 2435, 1405]]","[-0.02056373842060566, -0.6893030405044556, -1.1205610462639015e-05, -3.3378546504536644e-06, -0.0009183242218568921, -2.52720492426306e-05, -0.00417088670656085, -1.0967194612021558e-05, -0.00037448544753715396, -0.0008759237825870514, -0.0018161722691729665, -0.045120034366846085, -1.5497195136049413e-06, -4.768370445162873e-07, -0.0010037152096629143, -0.01695530116558075, -0.017210541293025017, -0.16803713142871857, -0.10419569909572601, -0.3877622187137604, -0.09955014288425446, -0.016922131180763245, -2.3841855067985307e-07, -1.4305104514278355e-06, -0.06103114038705826]",14.087032318115234,False,1.0,-1.6358651052726998,-0.06543460421090799,25.0,-0.7983649726534168,-0.046962645450200985,17.0,0.025924186719280005,1,15,18,11,0.8333333333333334,-12.98784899515997,-1.078881119661294,True,14,0.56,23.0,0.39344262295081966,12.0,2.08468926493713
~/anvil/data/cve-targets/libxml2_repo_xmlregexp.c,1804,1763,1821,#endif,#endif,"#endif
	",0.0043500987812876,"[[29937, 15224, 13, 12]]","[-0.004112477879971266, -0.004659153055399656, -0.24455180764198303, -0.049861859530210495]",17.22612762451172,True,1.0,-0.30318529810756445,-0.07579632452689111,4.0,-0.30318529810756445,-0.07579632452689111,4.0,0.009837520147783906,0,2,3,2,0.6666666666666666,-0.057391948863486995,-1.1669597778894256,False,2,0.5,0.0,1.0,0.0,0.6284655387535599
~/anvil/data/cve-targets/libtiff_repo_libtiff_tif_dirwrite.c,2004,1971,2023,"if (!_TIFFmemcmp(tif->tif_dir.td_transferfunction[0],tif->tif_dir.td_transferfunction[1],m*sizeof(uint16_t)))","if (!_TIFFmemcmp(tif->tif_dir.td_transferfunction[0],tif->tif_dir.td_transferfunction[1],m*sizeof(uint16_t)))","		if (!_TIFFmemcmp(tif->tif_dir.td_transferfunction[0],tif->tif_dir.td_transferfunction[1],m*sizeof(uint16_t)))",0.002506892196834,"[[12, 12, 361, 5384, 29918, 24301, 4198, 6954, 21058, 29898, 29873, 361, 976, 29873, 361, 29918, 3972, 29889, 1594, 29918, 3286, 571, 2220, 29961, 29900, 1402, 29873, 361, 976, 29873, 361, 29918, 3972, 29889, 1594, 29918, 3286, 571, 2220, 29961, 29896, 1402, 29885, 29930, 17921, 29898, 13470, 29896, 29953, 29918, 29873, 4961, 32010, 2]]","[-0.0006096888100728393, -0.0003912875254172832, -0.014515632763504982, -0.011771148070693016, -0.0005420169327408075, -2.9802276912960224e-06, -2.3841855067985307e-07, -1.1086402082582936e-05, -3.421248038648628e-05, -0.0026903883554041386, -0.00012444675667211413, -8.583032467868179e-06, -9.536738616588991e-07, -1.0013530300057027e-05, -4.768370445162873e-07, 0.0, -2.50339189733495e-06, -1.4305104514278355e-06, -8.106198947643861e-06, 0.0, -8.940656698541716e-06, -9.536738616588991e-07, -5.125986263010418e-06, -3.325883881188929e-05, -0.08596531301736832, -6.4490144723095e-05, -0.002191167790442705, -3.576272320060525e-06, -7.152555099310121e-07, -1.1444026313256472e-05, -2.3841830625315197e-06, -2.3841855067985307e-07, -1.9073468138230965e-06, -5.364403477869928e-06, -9.894321920000948e-06, -8.344646857949556e-07, -7.867782187531702e-06, -2.3841830625315197e-06, -5.364403477869928e-06, -1.597391747054644e-05, -0.004084696993231773, -4.076874756719917e-05, -0.0033793505281209946, -0.0002165798214264214, -0.0012055517872795463, -7.986990567587782e-06, -8.868777513271198e-05, -4.017272294731811e-05, -2.3841855067985307e-07, -3.313963316031732e-05, -2.634490556374658e-05, -0.0007664603181183338, -0.11482035368680954, 0.0]",12.484947204589844,True,0.0,-0.24377272533368455,-0.004514309728401566,54.0,-0.128952371646875,-0.0025790474329375,50.0,0.00014351157956401608,1,50,50,50,1.0,-0.9720225246026917,-1.0365235527311223,False,50,0.9259259259259259,0.0,1.0,0.0,1.464560839094492
~/anvil/data/cve-targets/libsndfile_repo_src_sd2.c,351,276,385,rsrc.type_offset = rsrc.map_offset + 30 ;,rsrc.type_offset = rsrc.map_offset + 28 ;,	rsrc.type_offset = rsrc.map_offset + 28 ;,0.1834364235401153,"[[12, 2288, 2214, 29889, 1853, 29918, 10289, 353, 364, 4351, 29889, 1958, 29918, 10289, 718, 29871, 29906, 29947, 2056, 32010, 2]]","[-0.03485555201768875, -0.434116005897522, -5.960462772236497e-07, -9.953480184776708e-05, -0.19245010614395142, -8.987976616481319e-05, -0.009549533016979694, -0.007409591227769852, -0.06122245267033577, -9.059865078597795e-06, -1.9311717551317997e-05, -0.18526847660541534, -1.0490362910786644e-05, -0.00021050144277978688, -0.005055857356637716, -0.5114811658859253, -0.5650758743286133, -0.23099297285079956, -0.03672758862376213, -0.2865590453147888, 0.0]",11.212447166442873,False,0.0,-2.5612035959428,-0.12196207599727618,21.0,-2.274644550628011,-0.11971813424357954,19.0,0.03306669321890173,1,16,16,16,1.0,-1.5322359030996422,-1.0040681274682,True,18,0.8571428571428571,2.0,0.9512195121951219,1.0,2.1840636994192915
~/anvil/data/cve-targets/poppler_repo_poppler_JPEG2000Stream.cc,280,273,351,jpxData.data = buf;,jpxData.buffer = buf;,   jpxData.buffer = buf;,0.2134107500314712,"[[1678, 432, 1756, 1469, 29889, 9040, 353, 18392, 29936, 32010, 2]]","[-0.01524087879806757, -0.10468065738677979, -0.0003736513026524335, -0.0003630455757956952, -0.000535821367520839, -1.0358290672302246, -0.007665031123906374, -0.034533265978097916, -0.0006266061100177467, -0.06710037589073181, 0.0]",10.051151275634766,False,0.0,-1.2669484007637948,-0.11517712734216316,11.0,-1.199848024873063,-0.1333164472081181,9.0,0.10282499504323711,0,10,10,10,1.0,-1.6007833579477195,-1.0252869475679225,True,8,0.7272727272727273,6.0,0.75,1.0,2.0740900987724125
~/anvil/data/cve-targets/libxml2_repo_xmlregexp.c,2138,2132,2323,if ((type1 == XML_REGEXP_EPSILON) ||,if ((type1 == XML_REGEXP_EPSILON) ||,   if ((type1 == XML_REGEXP_EPSILON) ||,0.0170317012816667,"[[1678, 565, 5135, 1853, 29896, 1275, 6560, 29918, 1525, 1692, 29990, 29925, 29918, 15488, 5425, 29931, 1164, 29897, 3830, 32010, 2]]","[-0.2920171618461609, -0.1939462125301361, -0.0759202167391777, -0.0006711614551022649, -0.002535345032811165, -0.007796571124345064, -0.0028023754712194204, -5.483612312673358e-06, -0.0005306981038302183, -1.0728830375228426e-06, -1.4305104514278355e-06, -2.145764938177308e-06, -1.6689286894688848e-06, -0.015820110216736794, -1.4305104514278355e-06, -7.510157047363464e-06, -1.156323378381785e-05, -0.00019202772818971425, -0.006476129405200481, -0.006137097254395485, 0.0]",8.975314140319824,True,0.0,-0.6048774125080172,-0.02880368630990558,21.0,-0.5987403152536217,-0.031512648171243246,19.0,0.005797536617140225,0,11,11,11,1.0,-0.5404719142965877,-1.053237180724374,False,18,0.8571428571428571,0.0,1.0,0.0,0.9867801134375572
~/anvil/data/cve-targets/php_repo_ext_standard_http_fopen_wrapper.c,625,569,637,if (tmp_line[tmp_line_len - 1] == '\r') {,if (tmp_line[tmp_line_len - 1] == '\r') {,				if (tmp_line[tmp_line_len - 1] == '\r') {,0.0269640684127807,"[[12, 12, 12, 12, 361, 313, 7050, 29918, 1220, 29961, 7050, 29918, 1220, 29918, 2435, 448, 29871, 29896, 29962, 1275, 11297, 29878, 1495, 426, 32010, 2]]","[-0.005176830105483532, -1.0132738680113107e-05, -1.645074735279195e-05, -0.5968397259712219, -0.009502891451120377, -0.0056362757459282875, -0.0007304860628210008, -5.722029527532868e-06, -2.50339189733495e-06, -0.016120335087180138, -0.00021610308613162488, -4.768370445162873e-07, -5.960462772236497e-07, -8.95221673999913e-05, -5.960462772236497e-07, -0.0035758381709456444, -0.002037355676293373, -0.00010239553375868127, -0.0002985746832564473, -0.0009576263837516308, -0.00017629499780014157, -0.0036317838821560144, -0.0013781820889562368, -0.0009864469757303596, -0.09320231527090073, 0.0]",15.674004554748535,True,0.0,-0.7406954611778929,-0.028488286968380495,26.0,-0.6474931459069921,-0.026978881079458006,24.0,0.014133016312080998,1,24,24,24,1.0,-0.9994509532610459,-1.122545427466901,False,20,0.7692307692307693,0.0,1.0,0.0,0.9817291803073733
~/anvil/data/cve-targets/php_repo_ext_phar_phar.c,1300,1190,1319,"mydata->alias = alias ? estrndup(alias, alias_len) : estrndup(mydata->fname, fname_len);",mydata->alias = alias;,		mydata->alias = alias;,0.1606496721506118,"[[12, 12, 1357, 1272, 976, 19973, 353, 13995, 29936, 32010, 2]]","[-0.03988928720355034, -0.04325886443257332, -0.8854352235794067, -2.992108420585282e-05, -0.0002087136817863211, -0.28984564542770386, -0.06824042648077011, -0.11547024548053741, -0.5640468001365662, -0.19653652608394623, 0.0]",12.904972076416016,False,0.0,-2.2029616535910463,-0.20026924123554968,11.0,-2.0064251275071,-0.22293612527856668,9.0,0.08447809388052413,0,32,10,10,3.2,-0.720608523853522,-1.0474650402149768,True,35,3.1818181818181817,66.0,0.4,22.0,2.2648560181813426
~/anvil/data/cve-targets/poppler_repo_poppler_XRef.cc,672,596,676,trailerDict = xrefStr->getDictObject()->copy();,"error(errSyntaxError, -1, ""Missing 'trailer' dictionary"");","       error(errSyntaxError, -1, ""Missing 'trailer' dictionary"");
        return false;",1.4007529020309448,"[[4706, 1059, 29898, 3127, 16676, 2392, 29892, 448, 29896, 29892, 376, 18552, 292, 525, 3018, 3955, 29915, 8600, 1496, 13, 4706, 736, 2089, 29936]]","[-0.0013335392577573657, -1.2855851650238037, -0.005425253417342901, -0.0021577426232397556, -0.02716907300055027, -0.021643513813614845, -0.0002273062855238095, -0.007734352257102728, -0.0001287377526750788, -0.00025006983196362853, -0.007817506790161133, -1.194854497909546, -0.0006076634745113552, -0.419715017080307, -0.063026562333107, -0.0005802616360597312, -0.0025613855104893446, -0.408327579498291, -0.1392184942960739, -0.04956626892089844, -0.15593555569648743, -0.5698741674423218, -0.04349161684513092, -3.4927710657939315e-05]",9.58974838256836,False,1.0,-4.407266258407617,-0.18363609410031737,24.0,-3.7938655464095064,-0.1806602641147384,21.0,0.1328283567568965,0,21,20,16,1.05,-7.753519618134281,-1.0371821809565067,True,14,0.5833333333333334,46.0,0.34285714285714286,18.0,2.3921585640229153
~/anvil/data/cve-targets/libxml2_repo_valid.c,1210,1186,1278,},},"           }
	",0.0002469711471349,"[[9651, 500, 13, 12]]","[-0.014673998579382896, -0.0002470903273206204, -0.212309792637825, -0.10478822886943817]",11.938925743103027,True,1.0,-0.3320191104139667,-0.08300477760349168,4.0,-0.3320191104139667,-0.08300477760349168,4.0,0.007178058956856786,1,2,2,2,1.0,-0.0029753847220055788,-1.0224705836023733,False,1,0.25,0.0,1.0,0.0,0.9500381621457874
~/anvil/data/cve-targets/openssl_repo_crypto_x509_v3_addr.c,1020,865,1170,},},"}
/*",0.0018340209499001,"[[29913, 13, 5515]]","[-0.0018343779956921935, -0.49245768785476685, -0.18185925483703613]",10.987139701843262,True,1.0,-0.6761513206874952,-0.2253837735624984,3.0,-0.49429206585045904,-0.24714603292522952,2.0,0.060177808044268394,0,2,4,2,0.5,-0.007420798659774388,-1.0015740491204248,False,1,0.3333333333333333,0.0,1.0,0.0,0.9969484102839046
~/anvil/data/cve-targets/php_repo_ext_phar_util.c,1418,1252,1478,PHP_SHA1_CTX  context;,PHP_SHA1_CTX   context;,			PHP_SHA1_CTX   context;,0.1117923259735107,"[[12, 12, 12, 17130, 29918, 23498, 29896, 29918, 1783, 29990, 259, 3030, 29936, 32010, 2]]","[-0.0004065402317792177, -1.8358061424805783e-05, -3.766942609217949e-05, -0.00014482879487331957, -4.768370445162873e-07, -4.386805812828243e-05, -0.006756910588592291, -0.00016044282529037446, -9.536738616588991e-07, -1.1920928244535389e-07, -0.7304028868675232, -1.2516897186287679e-05, -6.007967749610543e-05, -0.028079833835363388, 0.0]",15.447221755981444,False,0.0,-0.7661254849839381,-0.051075032332262536,15.0,-0.7380456511485747,-0.056772742396044205,13.0,0.03781795206122904,1,5,5,5,1.0,-1.9691197087794747,-1.1161990851379773,True,10,0.6666666666666666,1.0,0.9777777777777777,0.0,1.7956671335268202
~/anvil/data/cve-targets/sqlite3_repo_src_select.c,2804,2535,2855,},}," }
 ",0.1427203267812729,"[[29871, 500, 13, 29871]]","[-0.2706901729106903, -0.014955541118979454, -0.04533207416534424, -0.34655436873435974]",9.628654479980469,True,1.0,-0.6775321569293737,-0.16938303923234344,4.0,-0.6775321569293737,-0.16938303923234344,4.0,0.020222327359810343,1,2,2,2,1.0,-0.8425892428668894,-1.036173853637852,False,1,0.25,0.0,1.0,0.0,0.9458195782390679
~/anvil/data/cve-targets/libxml2_repo_xmlmemory.c,142,129,178,TEST_POINT,if (size == 0) return(NULL);,   if (size == 0) return(NULL);,0.4409448206424713,"[[1678, 565, 313, 2311, 1275, 29871, 29900, 29897, 736, 29898, 10074, 416]]","[-0.11143199354410172, -0.2277378886938095, -0.19002574682235718, -0.32712826132774353, -0.31466490030288696, -0.00744532560929656, -0.0009373800130560994, -0.0043144007213413715, -0.7619860172271729, -0.023173466324806213, -0.010887386277318, -0.00010597144137136638]",10.011417388916016,False,0.0,-1.9798387383052614,-0.16498656152543845,12.0,-1.9798387383052614,-0.16498656152543845,12.0,0.046760392052570654,1,2,18,18,0.1111111111111111,-2.672610523945517,-1.026305919466281,True,6,0.5,27.0,0.052631578947368474,17.0,2.0229913943485833
~/anvil/data/cve-targets/libsndfile_repo_src_common.c,178,84,318,"log_putchar (psf, lead_char) ;","log_putchar (psf, lead_char) ;","							log_putchar (psf, lead_char) ;",0.0010264310985803,"[[12, 12, 12, 12, 12, 12, 12, 1188, 29918, 649, 3090, 313, 567, 29888, 29892, 3275, 29918, 3090, 29897, 2056, 32010, 2]]","[-5.030505417380482e-05, -3.4570634852570947e-06, -5.125986263010418e-06, -5.125986263010418e-06, -5.960446742392378e-06, -2.52720492426306e-05, -0.0019063648069277406, -0.0006840273272246122, -3.576278118089249e-07, -2.3841830625315197e-06, -1.3232143828645349e-05, -5.864924969500862e-05, -2.288792165927589e-05, -1.6689286894688848e-06, -2.1815061700181104e-05, -0.0168605949729681, -5.602820692729438e-06, -3.731181277544238e-05, -0.0003849719068966806, -0.00013064485392533243, -0.0316956602036953, 0.0]",17.22693634033203,True,0.0,-0.05192142040772296,-0.0023600645639874074,22.0,-0.020225760204027665,-0.0010112880102013833,20.0,1.34051150851262e-05,0,11,11,11,1.0,-1.0149740610253069,-1.1669833715987834,False,13,0.5909090909090909,0.0,1.0,0.0,0.730070903689605
~/anvil/data/cve-targets/poppler_repo_poppler_GfxState.cc,519,511,523,*out++ = 0;,*out++ = 0;,       *out++ = 0;,0.047392051666975,"[[4706, 334, 449, 1817, 353, 29871, 29900, 29936, 32010, 2]]","[-0.0014799605123698711, -0.003383865114301443, -1.823885577323381e-05, -0.0002131234941771254, -0.00012337400403339416, -0.0591278038918972, -0.2650739550590515, -0.00379853299818933, -0.41323259472846985, -1.0728830375228426e-06]",9.376529693603516,True,0.0,-0.7464525215413005,-0.07464525215413005,10.0,-0.3332188539297931,-0.04165235674122414,8.0,0.007488634865191739,0,11,11,11,1.0,-1.1378000040048195,-1.042725607979716,False,7,0.7,0.0,1.0,0.0,1.0158449912832752
~/anvil/data/cve-targets/poppler_repo_poppler_Parser.cc,245,188,287,},},"   }
   ",0.0001476894103689,"[[1678, 500, 13, 1678]]","[-0.0037943765055388212, -0.00014745102089364082, -0.36675819754600525, -0.02248239330947399]",15.78331470489502,True,1.0,-0.3931824183819117,-0.09829560459547793,4.0,-0.3931824183819117,-0.09829560459547793,4.0,0.02409583724495592,1,2,2,2,1.0,-0.00150250269049868,-1.1256172630709151,False,1,0.25,0.0,1.0,0.0,0.7199166015993136
~/anvil/data/cve-targets/libtiff_repo_libtiff_tif_predict.c,531,376,681,},},"}
static",0.0007717015105299,"[[29913, 13, 7959]]","[-0.0007713441736996174, -0.166298046708107, -1.0278334617614746]",12.281956672668455,True,1.0,-1.1949028526432812,-0.39830095088109374,3.0,-0.1670693908818066,-0.0835346954409033,2.0,0.006849772312978546,0,2,4,2,0.5,-0.009238095697324245,-1.0312767654101735,False,1,0.3333333333333333,0.0,1.0,0.0,0.9304900771282331
~/anvil/data/cve-targets/lua_repo_ldo.c,329,309,331,if (isLua(ci->previous)),if (L->oldpc < ci->u.l.savedpc), if (L->oldpc < ci->u.l.savedpc),0.368908017873764,"[[29871, 565, 313, 29931, 976, 1025, 6739, 529, 4583, 976, 29884, 29889, 29880, 29889, 17314, 6739, 29897, 32010]]","[-0.16614772379398346, -0.5494422912597656, -0.17064368724822998, -0.9763156771659851, -0.002843267982825637, -0.4197944700717926, -0.0025883764028549194, -0.5507818460464478, -0.8395734429359436, -0.0003351603518240154, -0.09557285904884338, -0.003303905250504613, -6.8662193370983e-05, -0.000105375460407231, -0.09698336571455002, -0.00015877417172305286, -0.05992314592003822, -0.9758195877075195]",11.339962005615234,False,0.0,-4.91040161872661,-0.2728000899292561,18.0,-3.93458203101909,-0.23144600182465236,17.0,0.09457578666228386,1,17,24,24,0.7083333333333334,-1.593926941772169,-1.0072740744706685,True,10,0.5555555555555556,22.0,0.4363636363636364,14.0,2.2225792805135685
~/anvil/data/cve-targets/php_repo_ext_iconv_iconv.c,162,146,183,},},	},0.0061851777136325,"[[12, 29913, 32010, 2]]","[-0.005977254826575518, -0.006393454968929291, -0.5247583389282227, 0.0]",10.116798400878906,True,0.0,-0.5371290487237275,-0.13428226218093187,4.0,-0.012370709795504808,-0.006185354897752404,2.0,4.330563962382525e-08,0,2,2,2,1.0,-0.9999713542516423,-1.0236056490839966,False,1,0.25,0.0,1.0,0.0,0.9486043190984997
~/anvil/data/cve-targets/libpng_repo_pngset.c,473,444,497,"png_chunk_report(png_ptr, ""Invalid palette"", PNG_CHUNK_ERROR);","png_warning(png_ptr, ""No palette allocated"");","     png_warning(png_ptr, ""No palette allocated"");
      return;
   }
   if (num_palette > max_palette_length)
",0.7438535094261169,"[[418, 282, 865, 29918, 27392, 29898, 2732, 29918, 7414, 29892, 376, 3782, 282, 26456, 19591, 1496, 13, 418, 736, 29936, 13, 259, 500, 13, 259, 565, 313, 1949, 29918, 29886, 26456, 1405, 4236, 29918, 29886, 26456, 29918, 2848, 29897, 13]]","[-0.11099083721637726, -0.33787423372268677, -0.0002113357331836596, -6.794906312279636e-06, -0.13244928419589996, -0.00021395778458099812, -9.858122211880982e-05, -2.3841830625315197e-06, -4.410734163684538e-06, -0.0012940136948600411, -0.05045301094651222, -0.5530565977096558, -0.04750489816069603, -5.960462772236497e-07, -0.21222679316997528, -0.009247447364032269, -0.3305128514766693, -0.027334611862897873, -0.018331395462155342, -0.00013445904187392443, -0.005033439956605434, -0.0004962643142789602, -9.190614218823612e-05, -0.0002559096028562635, -0.12096873670816422, -0.04446985200047493, -0.01125711016356945, -0.022928131744265556, -1.6689286894688848e-06, -1.6689286894688848e-06, -1.1920928244535389e-07, -0.08509627729654312, -0.07043308764696121, -2.3841855067985307e-07, -3.576278118089249e-07, -2.3841855067985307e-07, -7.152555099310121e-07, -7.152555099310121e-07, -0.0209798663854599, -0.0006491222884505987]",6.613726139068604,False,4.0,-2.2146139209264035,-0.05536534802316009,40.0,-1.813482640129962,-0.10074903556277566,18.0,0.023727855516375292,1,16,29,14,0.5517241379310345,-7.383232060446174,-1.1172922795973672,True,25,0.625,35.0,0.5046728971962617,4.0,2.035131219026251
~/anvil/data/cve-targets/lua_repo_ldo.c,285,255,292,lua_lock(L);,lua_lock(L);,   lua_lock(L);,0.0056911930441856,"[[1678, 301, 3357, 29918, 908, 29898, 29931, 416, 32010, 2]]","[-0.0014178233686834574, -0.03205615654587746, -3.814624506048858e-05, -0.0029872101731598377, -0.00024125049822032452, -0.002019629580900073, -1.168244216387393e-05, -0.0026456851046532393, -0.41331160068511963, 0.0]",9.330403327941896,True,0.0,-0.4547291846438384,-0.04547291846438384,10.0,-0.04141758395871875,-0.005177197994839844,8.0,0.00010440526679130205,0,9,9,9,1.0,-1.0992805470947913,-1.0439287301089935,False,7,0.7,0.0,1.0,0.0,0.9827209731781543
~/anvil/data/cve-targets/sqlite3_repo_ext_fts5_fts5_hash.c,411,393,430,"if(pTerm==0 || 0==memcmp(fts5EntryKey(pIter), pTerm, nTerm)) {",if( pTerm==0 || pIter->nTerm<=nTerm,"     if( pTerm==0 || pIter->nTerm<=nTerm 
       || memcmp(pIter->pTerm, pTerm, nTerm)==0 
      ){
        int i;",0.986488163471222,"[[418, 565, 29898, 282, 14343, 1360, 29900, 3830, 282, 13463, 976, 29876, 14343, 14065, 29876, 14343, 29871, 13, 539, 3830, 2626, 21058, 29898, 29886, 13463, 976, 29886, 14343, 29892, 282, 14343, 29892, 302, 14343, 29897, 1360, 29900, 29871, 13, 418, 29545, 13, 4706, 938, 474, 29936]]","[-0.012842448428273201, -0.7767223119735718, -0.0024899214040488005, -0.8671305179595947, -0.2486518919467926, -0.8901212811470032, -0.006323922425508499, -0.2627294957637787, -1.153615951538086, -0.05652778223156929, -0.0014265133067965508, -0.3281809985637665, -0.5124683976173401, -1.02640962600708, -0.005337749142199755, -9.298280929215252e-06, -0.9983745813369751, -0.007186160422861576, -0.11753526329994202, -0.07954678684473038, -0.8516058921813965, -0.0003203832311555743, -0.0029055543709546328, -0.006205457728356123, -0.544981837272644, -0.00039426659350283444, -0.16462670266628265, -0.07876867055892944, -0.00485776225104928, -0.017014604061841965, -6.949660019017756e-05, -0.00014780859055463225, -0.18716128170490265, -4.100715523236431e-05, -0.04755412042140961, -0.02798026241362095, -9.548207890475169e-05, -0.5995557308197021, -0.0001438752660760656, -0.0014452022733166814, -0.031691040843725204, -0.016460806131362915, -0.003751385258510709, -1.2884705066680908, -0.08344848453998566, -0.5117926597595215]",8.47922134399414,False,3.0,-11.825121181082068,-0.2570678517626536,46.0,-7.2740841127961176,-0.38284653225242726,19.0,0.17169755708746026,1,33,44,16,0.75,-2.57671960006363,-1.0663811042711389,True,29,0.6304347826086957,34.0,0.5979381443298969,22.0,2.3867639283032434
~/anvil/data/cve-targets/sqlite3_repo_src_pragma.c,1588,1465,1707,"sqlite3VdbeChangeP5(v, OPFLAG_TYPEOFARG);","sqlite3VdbeAddOp2(v, OP_NotNull, 3, 1); VdbeCoverage(v","         sqlite3VdbeAddOp2(v, OP_NotNull, 3, 1); VdbeCoverage(v",0.1730512082576751,"[[3986, 21120, 29941, 29963, 29881, 915, 2528, 11746, 29906, 29898, 29894, 29892, 6418, 29918, 3664, 7327, 29892, 29871, 29941, 29892, 29871, 29896, 416, 478, 29881, 915, 29907, 957, 482, 29898, 29894]]","[-0.005252846051007509, -0.99794602394104, -0.00010716341057559475, -0.07060639560222626, -4.9470632802695036e-05, -3.576278118089249e-07, -0.3559892177581787, -0.00047434045700356364, -0.8865640163421631, -0.00012611546844709665, -0.00016282663273159415, -9.262132516596466e-05, -0.01089670229703188, -1.1444026313256472e-05, -0.7338574528694153, -0.12489551305770874, -0.004705308936536312, -0.0175364688038826, -0.05370623990893364, -0.002228992525488138, -0.5265897512435913, -1.0607458353042603, -0.05521344393491745, -0.15912014245986938, -2.884823152271565e-05, -1.311301275563892e-06, -7.86750388215296e-05, -1.6689286894688848e-06, -9.059865078597795e-06, -0.0034023988991975784, -8.666139910928905e-05]",8.710137367248535,False,0.0,-5.070487314280797,-0.16356410691228376,31.0,-5.070487314280797,-0.16356410691228376,31.0,0.09911693465561745,1,11,18,18,0.6111111111111112,-1.058002342472845,-1.0602427273416943,True,19,0.6129032258064516,37.0,0.42105263157894735,10.0,2.0000084709963066
~/anvil/data/cve-targets/php_repo_ext_phar_phar.c,986,632,1125,if (entry.filename_len + 20 > endbuffer - buffer) {,if (entry.filename_len > (size_t)(endbuffer - buffer)) {,		if (entry.filename_len > (size_t)(endbuffer - buffer)) {,0.5565933585166931,"[[12, 12, 361, 313, 8269, 29889, 9507, 29918, 2435, 1405, 313, 2311, 29918, 29873, 5033, 355, 9040, 448, 6835, 876, 426, 32010, 2]]","[-0.024266602471470833, -0.00011812942830147222, -0.3104259967803955, -0.09627847373485565, -0.8007365465164185, -2.932505594799295e-05, -0.14056071639060974, -0.004701512400060892, -2.3483953555114567e-05, -0.4043073058128357, -0.6229323744773865, -0.12724362313747406, -2.8609820219571702e-05, -1.0847986231965479e-05, -0.06579919904470444, -0.015072621405124664, -4.410734163684538e-06, -0.003600069787353277, -0.010595731437206268, -0.1052897498011589, -0.0009469077922403812, -0.12516145408153534, 0.0]",15.691569328308104,False,0.0,-2.8581336920492504,-0.12426668226301088,23.0,-2.732972237967715,-0.13014153514131976,21.0,0.04737984851475652,1,22,27,27,0.8148148148148148,-4.2768310509960745,-1.1230384671166955,True,18,0.782608695652174,11.0,0.8598130841121495,10.0,2.055859557285807
~/anvil/data/cve-targets/php_repo_ext_phar_phar.c,901,632,1125,"PHAR_GET_32(buffer, manifest_flags);","PHAR_GET_32(buffer, tmp_len);","	PHAR_GET_32(buffer, tmp_len);",0.5182041525840759,"[[12, 19689, 1718, 29918, 7194, 29918, 29941, 29906, 29898, 9040, 29892, 13128, 29918, 2435, 416, 32010, 2]]","[-0.003814683761447668, -0.39175885915756226, -3.6954811548639555e-06, -2.264974000354414e-06, -0.0002087136817863211, -2.3364747903542593e-05, -0.006609838921576738, -6.198863957251888e-06, -0.0004152389301452786, -0.0003718638326972723, -0.0004650464979931712, -0.010948230512440205, -4.291525328881107e-06, -1.6689286894688848e-06, -0.0014213945250958204, -0.4259677529335022, 0.0]",9.554741859436035,False,0.0,-0.8420231072752813,-0.04953077101619302,17.0,-0.4160553543417791,-0.027737023622785274,15.0,0.009474370906216065,1,11,11,11,1.0,-18.682759896356874,-1.0380902818169708,True,15,0.8823529411764706,12.0,0.7692307692307692,1.0,2.113264649548124
~/anvil/data/cve-targets/openssl_repo_crypto_mdc2_mdc2dgst.c,96,66,102,"l2c(tin0, p);","l2c(tin0, p);","       l2c(tin0, p);",0.01379363425076,"[[4706, 301, 29906, 29883, 29898, 29873, 262, 29900, 29892, 282, 416, 32010, 2]]","[-0.0011191064259037375, -0.04202469438314438, -4.005352093372494e-05, -0.0021276473999023438, -0.00021169328829273582, -0.07016163319349289, -8.999896090244874e-05, -0.021541550755500793, -0.0006611545104533434, -0.0006998711614869535, -0.0001102625101339072, -0.10969066619873047, -1.1920928244535389e-07]",12.893787384033203,True,0.0,-0.24847845151816017,-0.019113727039858475,13.0,-0.13878766611014726,-0.012617060555467933,11.0,0.0004916771486554628,0,11,11,11,1.0,-1.0932525995353306,-1.0471721918032135,False,10,0.7692307692307693,0.0,1.0,0.0,0.9997112051312408
~/anvil/data/cve-targets/php_repo_ext_exif_exif.c,4354,4297,4370,exif_scan_thumbnail(&ImageInfo);,exif_discard_imageinfo(&ImageInfo);,"			exif_discard_imageinfo(&ImageInfo);
			RETURN_FALSE",0.6716616749763489,"[[12, 12, 12, 735, 361, 29918, 2218, 7543, 29918, 3027, 3888, 6243, 2940, 3401, 416, 13, 12, 12, 12, 1525, 29911, 24015, 29918, 25717]]","[-0.1408655047416687, -0.0007790867821313441, -0.0025415283162146807, -0.9043424129486084, -3.0278701160568744e-05, -2.098061486321967e-05, -0.21038366854190826, -4.172316494077677e-06, -0.0005596501869149506, -0.029396381229162216, -0.0005053196800872684, -0.0009664393728598952, -3.373566141817719e-05, -2.861018856492592e-06, -6.425174069590867e-05, -0.0014799605123698711, -0.012973662465810776, -0.00013267113536130637, -0.0003962923656217754, -0.8418848514556885, -0.009612465277314186, -0.00010001159535022452, -6.961580220377073e-05, -0.061109308153390884]",12.000732421875,False,1.0,-2.2182551106161554,-0.09242729627567314,24.0,-1.305478858332208,-0.068709413596432,19.0,0.041751805004563464,1,11,14,11,0.7857142857142857,-9.775395245277243,-1.0240516925993541,True,11,0.4583333333333333,13.0,0.7462686567164178,1.0,2.172965145176523
~/anvil/data/cve-targets/libxml2_repo_HTMLparser.c,2792,2772,2812,*/,* NameChar,    * NameChar,1.3140754699707031,"[[268, 334, 4408, 5914]]","[-0.006875546649098396, -0.31408068537712097, -1.239478349685669, -0.03877411410212517]",10.219823837280272,False,0.0,-1.5992086958140135,-0.39980217395350337,4.0,-1.5992086958140135,-0.39980217395350337,4.0,0.24928421203520262,1,3,3,3,1.0,-3.2868142185828355,-1.0209726059523354,True,1,0.25,9.0,0.16666666666666663,3.0,2.2077425758613454
~/anvil/data/cve-targets/lua_repo_ldo.c,330,309,331,L->oldpc = ci->previous->u.l.savedpc;,ci->u.l.savedpc = ci->previous->u.l.savedpc;,"   ci->u.l.savedpc = ci->previous->u.l.savedpc;
}


/*",0.2789494395256042,"[[1678, 4583, 976, 29884, 29889, 29880, 29889, 17314, 6739, 353, 4583, 976, 24957, 976, 29884, 29889, 29880, 29889, 17314, 6739, 29936, 13, 29913, 13, 13, 13, 5515]]","[-0.009020647034049034, -0.3803938329219818, -0.015090352855622768, -0.3653510510921478, -0.03815869241952896, -0.0008255410939455032, -0.00023636408150196075, -0.39667320251464844, -0.00017355366435367614, -0.920396625995636, -0.9157525300979614, -0.0007457336178049445, -0.12178954482078552, -0.00013445904187392443, -0.016922248527407646, -8.856858039507642e-05, -8.821448318485636e-06, -0.00010668662434909493, -0.03108661063015461, -0.0010746901389211416, -0.05115289241075516, -0.26303818821907043, -0.5455284714698792, -0.07109981030225754, -0.031603261828422546, -0.2258591651916504, -0.5850095748901367]",10.167102813720703,False,4.0,-4.98732112151356,-0.18471559709309482,27.0,-3.5282208378312134,-0.16037367444687334,22.0,0.07477673755902917,1,22,31,28,0.7096774193548387,-1.7393717546704413,-1.0223191611748224,True,16,0.5925925925925926,9.0,0.8641975308641976,8.0,2.229196078846617
~/anvil/data/cve-targets/libxml2_repo_parser.c,6689,6634,7035,},},   },0.0005239067832008,"[[1678, 500, 32010, 2]]","[-0.013218274340033531, -0.0005240259342826903, -0.6939348578453064, -2.3841855067985307e-07]",11.997623443603516,True,0.0,-0.7076773965381733,-0.17691934913454332,4.0,-0.013742300274316221,-0.006871150137158111,2.0,4.028598564672694e-05,0,2,2,2,1.0,-0.07624731998906466,-1.0239721018309396,False,1,0.25,0.0,1.0,0.0,0.9467397436959416
~/anvil/data/cve-targets/sqlite3_repo_src_resolve.c,301,220,632,if( zTab ){,if( zTab ){,       if( zTab ){,0.2402426749467849,"[[4706, 565, 29898, 503, 8863, 29545, 32010, 2]]","[-0.010098555125296116, -0.22757840156555176, -0.0005443998379632831, -0.22354096174240112, -0.013422365300357342, -0.737296462059021, -0.11713898926973343, 0.0]",11.37478733062744,True,0.0,-1.329620134900324,-0.1662025168625405,8.0,-1.2124811456305906,-0.20208019093843177,6.0,0.06677209650989646,0,10,10,10,1.0,-1.188848218279743,-1.0081514225148793,False,5,0.625,0.0,1.0,0.0,1.1172793200453386
~/anvil/data/cve-targets/openssl_repo_ssl_statem_statem_clnt.c,2623,2608,2643,"ckey = ssl_generate_pkey(s, skey);",/* Generate a key pair */,"   /* Generate a key pair */
    ckey = ssl_generate_pkey(s, skey);",0.4078082740306854,"[[1678, 4949, 3251, 403, 263, 1820, 5101, 3776, 13, 1678, 274, 1989, 353, 24250, 29918, 17158, 29918, 29886, 1989, 29898, 29879, 29892, 269, 1989, 416]]","[-0.10785447806119919, -0.6070624589920044, -0.5333515405654907, -3.1470757676288486e-05, -0.001678963890299201, -0.5578584671020508, -0.9640276432037354, -0.0434708409011364, -0.0006441186997108161, -0.0027731317095458508, -0.041458502411842346, -2.4914430468925275e-05, -3.611976353568025e-05, -0.5848933458328247, -0.0004907834227196872, -0.01390014123171568, -7.152555099310121e-07, -0.0009162995265796781, -0.00025293012731708586, -0.5561277270317078, -0.25834816694259644, -0.36114123463630676, -0.13230997323989868, -0.21321070194244385, -0.11655405163764954]",9.218318939208984,False,1.0,-5.098418721315966,-0.20393674885263863,25.0,-2.818753113882849,-0.2818753113882849,10.0,0.11125403769220107,1,14,15,2,0.9333333333333333,-1.4467683317923756,-1.0468580351492314,True,15,0.6,24.0,0.4067796610169492,13.0,2.107377889540205
~/anvil/data/cve-targets/lua_repo_lstate.h,267,112,417,const Instruction *oldpc;,StkId base;  /* base of current function */, StkId base;  /* base of current function */,0.3303249776363373,"[[29871, 624, 29895, 1204, 2967, 29936, 29871, 4949, 2967, 310, 1857, 740, 3776]]","[-0.0013084192760288715, -1.4797513484954834, -0.00047469791024923325, -0.0007435894221998751, -0.4518203139305115, -0.3372546136379242, -0.040364887565374374, -5.590759246842936e-05, -0.025242313742637634, -0.6579452753067017, -0.33598896861076355, -0.0023029730655252934, -0.1299186795949936]",9.866525650024414,False,0.0,-3.4631719881508616,-0.266397845242374,13.0,-3.4631719881508616,-0.266397845242374,13.0,0.16537680767290935,1,9,6,6,1.5,-1.239968654160101,-1.0300302419211562,True,7,0.5384615384615384,36.0,0.3529411764705882,7.0,2.073768817378348
~/anvil/data/cve-targets/libtiff_repo_libtiff_tif_predict.c,26,-129,176,*,*,*,0.0047121904790401,"[[334, 32010, 2]]","[-0.004712190479040146, -0.6920914053916931, 0.0]",21.1015739440918,True,0.0,-0.6968035958707333,-0.23226786529024443,3.0,-0.004712190479040146,-0.004712190479040146,1.0,0.0,0,2,2,2,1.0,-0.9999999999999902,-1.2856803640969003,False,1,0.3333333333333333,0.0,1.0,0.0,0.3636864989940589
~/anvil/data/cve-targets/poppler_repo_poppler_Stream.cc,573,564,616,"int readChars = str->doGetChars(inputLineSize, inputLine);",int readChars = 0;,"   int readChars = 0;
    for (; readChars < inputLineSize; readChars++)
        inputLine[",0.8887081146240234,"[[1678, 938, 1303, 1451, 1503, 353, 29871, 29900, 29936, 13, 1678, 363, 313, 29936, 1303, 1451, 1503, 529, 1881, 3542, 3505, 29936, 1303, 1451, 1503, 4862, 13, 4706, 1881, 3542, 29961]]","[-0.17584459483623505, -0.9672890901565552, -0.13382501900196075, -0.0038148025050759315, -2.5033637939486653e-05, -0.09268122166395187, -0.4185628592967987, -0.008889386430382729, -0.026193847879767418, -0.1791726052761078, -0.10466466099023819, -1.2391223907470703, -0.0008531744824722409, -0.33547061681747437, -0.0988202765583992, -0.0004219118563923985, -2.3841855067985307e-07, -0.011228702031075954, -0.15800955891609192, -0.007112303748726845, -0.00852753221988678, -0.3532865643501282, -0.09813795983791351, -9.417489309271332e-06, -1.1920928244535389e-07, -0.017316460609436035, -0.6036033034324646, -0.01783781684935093, -0.33544257283210754, -0.004564580507576466, -0.0016561138909310102]",9.859919548034668,False,2.0,-5.402384736479654,-0.1742704753703114,31.0,-2.110963121675013,-0.1919057383340921,11.0,0.07336314424499676,1,18,22,8,0.8181818181818182,-4.630961649916146,-1.0302003680899212,True,19,0.6129032258064516,41.0,0.4473684210526315,11.0,2.2789377262462804
~/anvil/data/cve-targets/libxml2_repo_valid.c,4300,4193,4382,},},"   }
   ",8.320462075062096e-05,"[[1678, 500, 13, 1678]]","[-0.008129365742206573, -8.320462075062096e-05, -0.612651526927948, -0.13940869271755219]",10.375152587890623,True,1.0,-0.7602727900084574,-0.19006819750211434,4.0,-0.7602727900084574,-0.19006819750211434,4.0,0.06258477293898289,1,2,2,2,1.0,-0.00043776192884501566,-1.0170156338366645,False,1,0.25,0.0,1.0,0.0,0.9621769642715323
~/anvil/data/cve-targets/sqlite3_repo_src_resolve.c,188,173,190,result = ((Bitmask)1)<<n;,result = pExTab->aColUsed[n];," result = pExTab->aColUsed[n];
  if( result",0.3870741724967956,"[[29871, 1121, 353, 282, 1252, 8863, 976, 29874, 1625, 29965, 8485, 29961, 29876, 1385, 13, 29871, 565, 29898, 1121]]","[-0.08128102123737335, -0.4156118929386139, -0.016576889902353287, -1.2289721965789795, -0.0356241837143898, -1.645074735279195e-05, -0.0036849945317953825, -0.703292727470398, -0.025100260972976685, -0.2018621414899826, -0.0005098473629914224, -0.12135113775730133, -0.029808735474944115, -0.09986250847578049, -0.6458302736282349, -0.08744087815284729, -0.6627048254013062, -0.015231486409902573, -0.8911767601966858]",7.382349491119385,False,1.0,-5.265939212444209,-0.2771546953918005,19.0,-3.6968261404363147,-0.23105163377726967,16.0,0.11396508392294881,1,18,18,15,1.0,-1.675271306975173,-1.096027815019966,True,11,0.5789473684210527,17.0,0.4814814814814815,13.0,2.039307906972722
~/anvil/data/cve-targets/sqlite3_repo_src_select.c,2823,2535,2855,if( !pKeyInfo ){,if( !pKeyInfo ){,   if( !pKeyInfo ){,0.1360144168138504,"[[1678, 565, 29898, 1738, 29886, 2558, 3401, 29545, 32010, 2]]","[-0.006290753837674856, -0.03581443801522255, -0.00214037555269897, -0.7165114283561707, -0.005997755099087954, -0.001891610911116004, -5.483612312673358e-06, -0.18702258169651031, -0.06614772230386734, 0.0]",10.943425178527832,True,0.0,-1.0218221493846613,-0.10218221493846613,10.0,-0.955674427080794,-0.11945930338509925,8.0,0.054446031469654876,0,12,12,12,1.0,-1.1385837097625011,-1.002669230756272,False,7,0.7,0.0,1.0,0.0,1.1329589282088501
~/anvil/data/cve-targets/libsndfile_repo_src_wavlike.c,286,95,384,buffer [--bit] = 0 ;,if (bit > 0),					if (bit > 0),0.3198557794094085,"[[12, 12, 12, 12, 12, 361, 313, 2966, 1405, 29871, 29900, 29897, 32010, 2]]","[-0.005271819420158863, -2.992108420585282e-05, -5.018585216021165e-05, -4.7205765440594405e-05, -0.0001357701694360003, -0.9305381178855896, -0.015475193969905376, -0.16835229098796844, -0.6314569711685181, -0.01098938100039959, -0.6564980745315552, -0.20190481841564178, -0.13586698472499847, 0.0]",14.735733032226562,False,0.0,-2.756616734975978,-0.196901195355427,14.0,-2.6207497502509796,-0.21839581252091497,12.0,0.09939701332319233,1,14,12,12,1.1666666666666667,-1.4645691953401216,-1.0965205406859142,True,9,0.6428571428571429,12.0,0.5,15.0,1.980321799876704
~/anvil/data/cve-targets/lua_repo_ldebug.c,723,718,739,"static int changedline (const Proto *p, int oldpc, int newpc) {","static int luaG_checkopenop(Proto *p, int pc) {","static int luaG_checkopenop(Proto *p, int pc) {
  int i = p->code[pc];
",0.3705442547798157,"[[7959, 938, 301, 3357, 29954, 29918, 3198, 3150, 459, 29898, 1184, 517, 334, 29886, 29892, 938, 22844, 29897, 426, 13, 29871, 938, 474, 353, 282, 976, 401, 29961, 6739, 1385, 13]]","[-0.9148152470588684, -0.22603482007980347, -1.758056640625, -0.12453950941562653, -0.026395540684461594, -0.0004907834227196872, -2.3727054595947266, -1.3838715553283691, -0.007246165070682764, -0.5819889903068542, -0.6386030316352844, -0.0002935693773906678, -0.10466305166482925, -0.05455850437283516, -0.0058676376938819885, -0.06210676580667496, -0.7831093668937683, -0.17727357149124146, -0.021890446543693542, -0.002969976281747222, -0.009093654341995716, -0.9097493886947632, -1.1574987173080444, -0.6942143440246582, -1.0788804292678833, -0.00019572250312194228, -0.15369972586631775, -0.0018130784155800939, -0.018957268446683884, -0.7037789821624756, -0.029560741037130356]",5.40505313873291,False,2.0,-14.004922685417114,-0.4517716995295843,31.0,-9.256574287690455,-0.44078925179478357,21.0,0.42234472803300255,1,28,37,22,0.7567567567567568,-0.8406381355059185,-1.1515685570569771,True,20,0.6451612903225806,31.0,0.6545454545454545,8.0,2.0259847631895145
~/anvil/data/cve-targets/openssl_repo_crypto_asn1_tasn_dec.c,816,760,890,case V_ASN1_NEG_ENUMERATED:,case V_ASN1_INTEGER:,"   case V_ASN1_INTEGER:
    case V_ASN1_ENUMERATED:",0.3824994266033172,"[[1678, 1206, 478, 29918, 3289, 29940, 29896, 29918, 1177, 4330, 17070, 29901, 13, 1678, 1206, 478, 29918, 3289, 29940, 29896, 29918, 1430, 5005, 1001, 3040, 29928, 29901]]","[-0.3322797119617462, -0.002685157349333167, -0.000940714729949832, -7.867782187531702e-06, -7.045020902296528e-05, -4.529942543740617e-06, -6.0794889577664435e-05, -2.992108420585282e-05, -0.008146983571350574, -1.0609570381348021e-05, -0.00029881304362788796, -0.004841628018766642, -0.017846249043941498, -0.13499048352241516, -0.005406045820564032, -2.5152843591058627e-05, -5.722029527532868e-06, -1.156323378381785e-05, -8.344646857949556e-07, -1.311301275563892e-06, -7.390948667307384e-06, -0.020620493218302727, -7.152555099310121e-07, -2.3841830625315197e-06, -0.00018320789968129247, -1.5497195136049413e-06, -2.1576648578047752e-05]",11.441160202026367,False,1.0,-0.5285018622857933,-0.019574143047621975,27.0,-0.5022139147190501,-0.03587242247993215,14.0,0.007930936089996605,1,5,9,5,0.5555555555555556,-10.662771013507552,-1.0098256587970318,True,16,0.5925925925925926,11.0,0.7659574468085106,1.0,2.083037278972414
~/anvil/data/cve-targets/libtiff_repo_libtiff_tif_pixarlog.c,1152,1136,1165,*/,*/,"	 */
	if (",0.1777051091194152,"[[12, 3776, 13, 12, 361, 313]]","[-0.10494934767484665, -0.25394368171691895, -0.014324691146612167, -0.7372848391532898, -0.1573161482810974, -0.3337859809398651]",8.774467468261719,True,1.0,-1.60160468891263,-0.26693411481877166,6.0,-1.1105025596916676,-0.2776256399229169,4.0,0.07774797652815538,1,3,7,3,0.42857142857142855,-0.6400889671744845,-1.0585389597095127,False,1,0.16666666666666666,0.0,1.0,0.0,0.913760965976154
~/anvil/data/cve-targets/libsndfile_repo_src_double64.c,109,70,214,psf->read_float		= host_read_d2f ;,psf->read_float		= host_read_d2f ;,					psf->read_float		= host_read_d2f ;,4.3151132558705285e-05,"[[12, 12, 12, 12, 12, 567, 29888, 976, 949, 29918, 7411, 12, 12, 29922, 3495, 29918, 949, 29918, 29881, 29906, 29888, 2056, 32010, 2]]","[-9.298280929215252e-06, -9.536738616588991e-07, -2.0265558760002023e-06, -1.4543427823809907e-05, -1.1205610462639015e-05, -2.3364747903542593e-05, -5.960462772236497e-07, -3.814689989667386e-06, -0.0002215855201939121, -3.4570634852570947e-06, -0.00010168035078095272, -0.00013279033009894192, -7.223821739898995e-05, -1.6689286894688848e-06, -5.507317473529838e-05, -3.933898824470816e-06, -4.434487345861271e-05, -5.722029527532868e-06, -3.0278701160568744e-05, -0.00015984688070602715, -2.6702524337451905e-05, -2.8490614567999728e-05, -0.17978259921073914, 0.0]",22.013959884643555,True,0.0,-0.18073621535182838,-0.007530675639659516,24.0,-0.0009536161410892419,-4.334618823132917e-05,22.0,3.409066122652112e-09,0,10,10,10,1.0,-0.9955000501639748,-1.3153432957506428,False,17,0.7083333333333334,0.0,1.0,0.0,0.3875589291268797
~/anvil/data/cve-targets/php_repo_ext_exif_exif.c,1920,1911,1921,return info->offset_base + offset;,return info->valid_start + offset;,	return info->valid_start + offset;,0.382849782705307,"[[12, 2457, 5235, 976, 3084, 29918, 2962, 718, 9210, 29936, 32010, 2]]","[-0.08812299370765686, -0.1028369665145874, -0.3243127167224884, -0.0007676515378989279, -1.2419785261154175, -0.004397603217512369, -0.011003765277564526, -0.007339892443269491, -0.006572534330189228, -0.006720440462231636, -0.6012740135192871, 0.0]",9.204090118408203,False,0.0,-2.3953271038481034,-0.19961059198734196,12.0,-1.7940530903288163,-0.17940530903288163,10.0,0.1344451099771663,1,11,11,11,1.0,-2.1339936079324042,-1.0472304902749194,True,9,0.75,10.0,0.7647058823529411,1.0,2.067839898996967
~/anvil/data/cve-targets/poppler_repo_poppler_FileSpec.cc,121,88,122,desc = obj1.getString()->copy();,desc = obj1.getString()->copy();,"       desc = obj1.getString()->copy();
    obj1 = file",0.0231395214796066,"[[4706, 5153, 353, 5446, 29896, 29889, 13719, 13539, 8552, 890, 13, 1678, 5446, 29896, 353, 934]]","[-0.013045793399214745, -0.01226066518574953, -0.00333574740216136, -0.03634681552648544, -8.368142152903602e-05, -0.0007347744540311396, -0.08451320976018906, -0.027946297079324722, -0.0007351318490691483, -0.0009037939016707242, -0.029761524870991707, -0.5428553223609924, -1.3825488090515137, -0.0004189328756183386, -0.008355777710676193, -0.0190406646579504]",11.743081092834473,True,1.0,-2.1628869415071676,-0.13518043384419798,16.0,-0.752522757211409,-0.06271022976761742,12.0,0.02149707429306842,1,21,27,21,0.7777777777777778,-0.36899117680406723,-1.017476684088407,False,9,0.5625,0.0,1.0,0.0,1.1813219073501429
~/anvil/data/cve-targets/openssl_repo_crypto_asn1_a_type.c,110,95,119,if (rt == NULL) {,if (rt == NULL) {,       if (rt == NULL) {,0.0088039617985486,"[[4706, 565, 313, 2273, 1275, 4265, 29897, 426, 32010, 2]]","[-0.0038541099056601524, -0.0015184074873104692, -0.043686654418706894, -0.007512177340686321, -0.0005485698929987848, -0.00030870441696606576, -0.006283290684223175, -0.001986317802220583, -0.21024592220783234, 0.0]",16.297258377075195,True,0.0,-0.2759441541566048,-0.02759441541566048,10.0,-0.06569823194877245,-0.008212278993596556,8.0,0.00018580069057361963,0,14,14,14,1.0,-1.0720485513720859,-1.1401731710241558,False,7,0.7,0.0,1.0,0.0,0.8254094326558628
~/anvil/data/cve-targets/php_repo_ext_exif_exif.c,3657,3617,3700,marker = c;,marker = c;,"		marker = c;
		if (pos",0.11490248888731,"[[12, 12, 22976, 353, 274, 29936, 13, 12, 12, 361, 313, 1066]]","[-0.08362898230552673, -0.0005718026659451425, -0.43382805585861206, -0.03220253437757492, -0.1319880485534668, -0.008412165567278862, -0.32573026418685913, -0.23518669605255127, -0.0007919512572698295, -0.29512855410575867, -0.0540306530892849, -0.3562770187854767]",12.876543045043944,True,1.0,-1.957776726805605,-0.16314806056713374,12.0,-1.2523405008250847,-0.13914894453612053,9.0,0.02232014263390393,1,7,10,7,0.7,-0.8257517818073238,-1.0467208442936826,False,4,0.3333333333333333,0.0,1.0,0.0,0.973964120882832
~/anvil/data/cve-targets/libsndfile_repo_src_alaw.c,338,332,352,"int			bufferlen, readcount ;","int			bufferlen, readcount ;","	int			bufferlen, readcount ;",0.0549041666090488,"[[12, 524, 12, 12, 12, 9040, 2435, 29892, 1303, 2798, 2056, 32010, 2]]","[-0.006488210055977106, -0.048539746552705765, -0.03057258017361164, -0.004676951095461845, -0.17649969458580017, -0.2714013457298279, -1.3828182090946939e-05, -0.005560170393437147, -0.0011530425399541855, -0.00013028726971242577, -0.055403731763362885, -0.0712893158197403, 0.0]",12.555728912353516,True,0.0,-0.6717289041616823,-0.05167145416628326,13.0,-0.600439588341942,-0.054585417121994724,11.0,0.007135653029362926,0,7,7,7,1.0,-1.0058394623300522,-1.0383593491921865,False,10,0.7692307692307693,0.0,1.0,0.0,0.9815202502731271
~/anvil/data/cve-targets/libxml2_repo_xmlstring.c,649,628,685,goto error;,goto error;,               goto error;,9.53610215219669e-05,"[[18884, 2355, 29877, 1059, 29936, 32010, 2]]","[-0.13663916289806366, -0.00017212340026162565, -1.6689286894688848e-06, -0.00011503035057103261, -9.119095193454996e-05, -0.6703881621360779, 0.0]",7.119748592376709,True,0.0,-0.8074073386655982,-0.11534390552365689,7.0,-0.13701917652952034,-0.027403835305904067,5.0,0.0029830922134279026,0,5,5,5,1.0,-0.003479842162874978,-1.1032469331597834,False,4,0.5714285714285714,0.0,1.0,0.0,0.8039023418482756
~/anvil/data/cve-targets/openssl_repo_crypto_asn1_tasn_dec.c,652,638,761,"ERR_raise(ERR_LIB_ASN1, ASN1_R_ILLEGAL_NULL);","ERR_raise(ERR_LIB_ASN1, ERR_R_PASSED_NULL_PARAMETER);","       ERR_raise(ERR_LIB_ASN1, ERR_R_PASSED_NULL_PARAMETER);
        return 0;
    }
    if (",0.0866841152310371,"[[4706, 22307, 29918, 22692, 29898, 21662, 29918, 5265, 29933, 29918, 3289, 29940, 29896, 29892, 22307, 29918, 29934, 29918, 29925, 3289, 1660, 29928, 29918, 10074, 29918, 16320, 25797, 4945, 416, 13, 4706, 736, 29871, 29900, 29936, 13, 1678, 500, 13, 1678, 565, 313]]","[-0.004536337684839964, -1.0699609518051147, -0.00013815402053296566, -0.0003156163729727268, -0.015318833291530609, -0.00041869457345455885, -9.536738616588991e-07, -5.328513361746445e-05, 0.0, -7.867782187531702e-06, -0.0009363081189803779, -1.1920922133867862e-06, -1.1801649634435307e-05, -0.00010191874753218144, -0.5689454078674316, -2.062299427052494e-05, -3.6238969187252223e-05, -8.4638240878121e-06, -0.14904101192951202, -1.2397689715726301e-05, -4.8636207793606445e-05, -8.821448318485636e-06, -2.8013790142722428e-05, -0.021184714511036873, -4.5060096454108134e-05, -0.00026079590315930545, -0.00012754580529872328, -1.680836794548668e-05, -0.0004524161049630493, -0.12603746354579926, -0.001053969725035131, -0.0018762619001790881, -0.028205353766679764, -0.00224374164827168, -1.3708974620385561e-05, -0.011715538799762726, -0.0003716255014296621, -8.749579137656838e-05, -0.04139605537056923, -0.018447263166308403, -0.08281014114618301, -0.36078783869743347]",7.326051712036133,False,3.0,-2.5070853284894383,-0.059692507821177104,42.0,-1.9591303037266243,-0.06530434345755415,30.0,0.044629289645088194,0,11,18,11,0.6111111111111112,-1.3273866735583852,-1.0975714993851367,True,26,0.6190476190476191,21.0,0.7142857142857143,1.0,1.9007601305411133
~/anvil/data/cve-targets/libxml2_repo_HTMLparser.c,1844,1672,1941,"{ 968,	""psi"",	""greek small letter psi, U+03C8 ISOgrk3"" },","{ 968,	""psi"",	""greek small letter psi, U+03C8 ISOgrk3"" },","{ 968,	""psi"",	""greek small letter psi, U+03C8 ISOgrk3"" },",0.0005323219811543,"[[29912, 29871, 29929, 29953, 29947, 29892, 12, 29908, 6134, 613, 12, 29908, 29887, 7285, 2319, 5497, 282, 1039, 29892, 501, 29974, 29900, 29941, 29907, 29947, 17723, 629, 29895, 29941, 29908, 2981, 32010, 2]]","[-6.675497570540756e-05, -1.3589766240329482e-05, -4.9232225137529895e-05, -4.458328112377785e-05, -0.0005670370301231742, -1.8358061424805783e-05, -0.00010978573118336499, -3.814689989667386e-06, -0.008691931143403053, -0.0021074246615171432, -0.00010549465514486656, -4.768258077092469e-05, -2.825220326485578e-05, -2.7417760065873154e-05, -4.911301948595792e-05, -0.00014506718434859067, -0.0022129351273179054, -7.271740287251305e-06, -0.0004359725280664861, -0.00015770144818816334, -1.3708974620385561e-05, -2.5987286790041253e-05, -9.893881360767409e-05, -0.000192504478036426, -0.00014184899919200689, -0.0010790961096063256, -1.7762025890988298e-05, -1.2278481335670222e-05, -2.455681169521995e-05, -4.434487345861271e-05, -6.0794889577664435e-05, -0.004518893081694841, 0.0]",18.80013656616211,True,0.0,-0.021120134638294985,-0.0006400040799483329,33.0,-0.016601241556600144,-0.0005355239211806498,31.0,2.5107428661645576e-06,0,15,15,15,1.0,-0.9940209206354582,-1.2137953579337157,False,31,0.9393939393939394,0.0,1.0,0.0,0.671004254950473
~/anvil/data/cve-targets/lua_repo_liolib.c,171,162,172,return 0;,return 0;," return 0;
}
static",0.0914702415466308,"[[29871, 736, 29871, 29900, 29936, 13, 29913, 13, 7959]]","[-0.00661433907225728, -0.3550989329814911, -0.0826248899102211, -0.012905409559607506, -0.00021920185827184469, -0.23596158623695374, -0.002290009055286646, -0.004705427680164576, -0.5676089525222778]",7.386719703674316,True,2.0,-1.2680287488765316,-0.14089208320850352,9.0,-0.6934243596188026,-0.11557072660313376,6.0,0.018111797476331657,0,5,8,5,0.625,-0.7914654881485407,-1.0959080746982746,False,4,0.4444444444444444,0.0,1.0,0.0,0.8371743555509266
~/anvil/data/cve-targets/php_repo_ext_phar_phar.c,167,159,201,"pefree(phar->alias, phar->is_persistent);","pefree(phar->alias, phar->is_persistent);","		pefree(phar->alias, phar->is_persistent);",0.0017471839673817,"[[12, 12, 412, 9021, 29898, 561, 279, 976, 19973, 29892, 1374, 279, 976, 275, 29918, 6774, 9696, 416, 32010, 2]]","[-0.001583989942446351, -0.0002379134384682402, -0.020115075632929802, -1.0490362910786644e-05, -0.003268616273999214, -0.0003299168893136084, -4.768370445162873e-07, -6.318072337307967e-06, -0.0004365683125797659, -9.107174992095679e-05, -0.004794055130332708, -5.722029527532868e-06, -1.2397689715726301e-05, -0.00015531764074694365, -2.253030106658116e-05, -9.202533692587167e-05, -2.52720492426306e-05, -0.00029452278977259994, -0.00867538619786501, 0.0]",14.219536781311035,True,0.0,-0.04015766667714615,-0.0020078833338573075,20.0,-0.031482280479281144,-0.0017490155821822857,18.0,2.1456347912343323e-05,0,17,17,17,1.0,-0.9989527738807791,-1.08246095978796,False,16,0.8,0.0,1.0,0.0,0.9869415628935931
~/anvil/data/cve-targets/poppler_repo_fofi_FoFiType1C.cc,769,741,1040,if (charset[i] >= nCIDs) {,if (charset[i] >= nCIDs) {,           if (charset[i] >= nCIDs) {,0.0510810576379299,"[[9651, 565, 313, 3090, 842, 29961, 29875, 29962, 6736, 302, 29907, 1367, 29879, 29897, 426, 32010, 2]]","[-0.00019822540343739092, -0.00893463846296072, -0.015336561016738415, -0.10135003179311752, -0.0026454473845660686, -0.002820563269779086, -0.00017593742813915014, -0.0004085659747943282, -0.4733983874320984, -0.1038004457950592, -0.0012188870459794998, -0.00048137042904272676, -3.838465272565372e-05, -0.005842868238687515, -0.0003413571394048631, -0.012381122447550297, 0.0]",16.699188232421875,True,0.0,-0.7293727939140808,-0.042904281994945934,17.0,-0.7169916714665305,-0.047799444764435366,15.0,0.01408311962929409,0,18,18,18,1.0,-1.0686537864543604,-1.1516876653224222,False,14,0.8235294117647058,0.0,1.0,0.0,0.8529964006064534
~/anvil/data/cve-targets/php_repo_ext_exif_exif.c,960,878,977,"{ 0x009d, ""InternalNDFilter""},","{ 0x0097, ""HDR""},"," { 0x0097, ""HDR""},
  { 0x0098",0.7765151858329773,"[[29871, 426, 29871, 29900, 29916, 29900, 29900, 29929, 29955, 29892, 376, 29950, 8353, 10758, 13, 29871, 426, 29871, 29900, 29916, 29900, 29900, 29929, 29947]]","[-0.0002217047003796324, -5.721882189391181e-05, -3.3378044463461265e-05, -6.6756979322235566e-06, -1.9788545614574105e-05, -5.030505417380482e-05, -0.0003700763627421111, -0.014288496226072311, -0.5810418725013733, -1.2755313036905136e-05, -6.031808152329177e-05, -0.4405445456504822, -0.08926822990179062, -0.3367539346218109, -0.08573009818792343, -0.00011932138295378536, -0.0025499705225229263, -9.011816291604191e-05, -8.702239938429557e-06, -1.5616295058862306e-05, -0.00010823617776622996, -0.0004558716027531773, -0.005797357298433781, -0.361024409532547]",11.839094161987305,False,1.0,-1.918629000926103,-0.07994287503858762,24.0,-1.5485787190941664,-0.0967861699433854,16.0,0.03192088768381277,0,10,14,10,0.7142857142857143,-8.022997358891214,-1.0199218940465662,True,14,0.5833333333333334,16.0,0.5957446808510638,2.0,2.1902075790363855
~/anvil/data/cve-targets/sqlite3_repo_src_expr.c,5439,5367,5449,|| (pRight->op==TK_COLUMN && IsVirtual(pRight->y.pTab)),|| (pRight->op==TK_COLUMN && IsVirtual(pRight->y.pTab)),      || (pRight->op==TK_COLUMN && IsVirtual(pRight->y.pTab)),0.0047607258893549,"[[539, 3830, 313, 29886, 7341, 976, 459, 1360, 29911, 29968, 29918, 15032, 29127, 2607, 1317, 21287, 29898, 29886, 7341, 976, 29891, 29889, 29886, 8863, 876, 32010, 2]]","[-0.4922659993171692, -0.020681098103523254, -0.04470380023121834, -0.005316523835062981, -0.012019587680697441, -0.00421718368306756, -7.688703772146255e-05, -0.0020624573808163404, -1.0013530300057027e-05, -1.1920928244535389e-07, -3.4570634852570947e-06, -0.000284154579276219, -3.576272320060525e-06, -0.0028608606662601233, -0.005371068138629198, -6.0794889577664435e-05, -0.00015341058315243572, -0.0001591317413840443, -0.002533799270167947, -9.775113539944869e-06, -0.0009472650708630681, -1.6927575416048057e-05, -3.397406908334233e-05, -4.1960789531003684e-05, -0.011882830411195755, -0.6135558485984802, 0.0]",2.3682751655578613,True,0.0,-1.2192725048412214,-0.04515824092004524,27.0,-0.6057166562427412,-0.024228666249709648,25.0,0.00921826855481468,1,26,26,26,1.0,-0.19649145521627512,-1.242399294513723,False,24,0.8888888888888888,0.0,1.0,0.0,0.7329756630451583
~/anvil/data/cve-targets/openssl_repo_ssl_statem_statem_clnt.c,2575,2558,2611,"ckey = ssl_generate_pkey(s, skey);",/* Generate a key pair */,"   /* Generate a key pair */
    ckey = ssl_generate_pkey(s, skey);",0.43765589594841,"[[1678, 4949, 3251, 403, 263, 1820, 5101, 3776, 13, 1678, 274, 1989, 353, 24250, 29918, 17158, 29918, 29886, 1989, 29898, 29879, 29892, 269, 1989, 416]]","[-0.05979592725634575, -0.9764101505279541, -0.1547156423330307, -6.794906312279636e-06, -0.5428710579872131, -0.4815064072608948, -0.9765352606773376, -0.05897250398993492, -0.0009747759322635829, -0.004813630133867264, -0.2996947169303894, -4.7205765440594405e-05, -8.570780482841656e-05, -0.3480466902256012, -0.0006940339808352292, -0.14680050313472748, -1.5497195136049413e-06, -0.042653508484363556, -0.000589792791288346, -0.5945363640785217, -0.23726437985897064, -0.6028624176979065, -0.23180988430976868, -0.31790876388549805, -0.18104752898216248]",9.022539138793944,False,1.0,-6.26064519865497,-0.2504258079461988,25.0,-3.256602151005154,-0.3256602151005154,10.0,0.14040239066356544,1,14,15,2,0.9333333333333333,-1.3439034787019561,-1.0519944363699145,True,15,0.6,24.0,0.4067796610169492,13.0,2.101439891496343
~/anvil/data/cve-targets/libtiff_repo_libtiff_tif_dirread.c,5739,5720,5775,return;,return;,"           return;
	/*",0.0314575172960758,"[[9651, 736, 29936, 13, 12, 5515]]","[-0.8677759170532227, -0.060163047164678574, -0.002891409443691373, -0.205561101436615, -0.35291749238967896, -0.9777846336364746]",3.0621209144592285,True,1.0,-2.467093601124361,-0.4111822668540602,6.0,-1.4893089674878865,-0.2978617934975773,5.0,0.09597217548815166,0,4,6,4,0.6666666666666666,-0.10561111892429287,-1.221034293682433,False,2,0.3333333333333333,0.0,1.0,0.0,0.5355751522928835
~/anvil/data/cve-targets/libpng_repo_png.h,2655,2500,2805,*/,*,"      *
      ",0.6856676936149597,"[[539, 334, 13, 539]]","[-0.55636066198349, -0.6630911827087402, -1.5663952827453613, -0.01731458678841591]",5.295942306518555,False,1.0,-2.8031617142260075,-0.7007904285565019,4.0,-2.8031617142260075,-0.7007904285565019,4.0,0.3096730451214338,1,3,2,2,1.5,-0.9784204602042123,-1.1547140603028436,True,1,0.25,1.0,0.6666666666666667,1.0,1.7931603845855861
~/anvil/data/cve-targets/openssl_repo_crypto_x509_x509_vfy.c,45,-110,195,static int check_name_constraints(X509_STORE_CTX *ctx);,static int check_name_constraints(X509_STORE_CTX *ctx);,"static int check_name_constraints(X509_STORE_CTX *ctx);
static int check_name_constraints_intern(X",0.0440111458301544,"[[7959, 938, 1423, 29918, 978, 29918, 13646, 29879, 29898, 29990, 29945, 29900, 29929, 29918, 1254, 29949, 1525, 29918, 1783, 29990, 334, 13073, 416, 13, 7959, 938, 1423, 29918, 978, 29918, 13646, 29879, 29918, 14168, 29898, 29990]]","[-0.08779842406511307, -0.07748810946941376, -0.362784743309021, -0.00010322991875000298, -0.2017151266336441, -0.001354491920210421, -0.14567120373249054, -0.00020144341397099197, -0.00010013079008786008, -0.0009027220075950027, -1.6689286894688848e-06, -1.4305104514278355e-06, -2.3841855067985307e-07, -0.09880493581295013, -0.0002503081923350692, -9.536738616588991e-07, -8.344646857949556e-07, -0.000254241080256179, -4.6491513785440475e-06, 0.0, -2.0265373677830212e-05, -0.0026793316937983036, -0.03386187180876732, -0.167507141828537, -0.03289661183953285, -0.02979137934744358, -0.0304118562489748, -8.856858039507642e-05, -0.9886133670806885, -0.0005510718910954893, -0.08791448920965195, -0.0605086013674736, -0.33538299798965454, -1.745351791381836, -0.0007616956136189401, -0.11490749567747116]",10.156780242919922,True,1.0,-4.6086874224260725,-0.1280190950673909,36.0,-1.1815074961982361,-0.05136989113905375,23.0,0.007835313975707659,0,16,22,16,0.7272727272727273,-0.8567498364172141,-1.0225830192675864,False,23,0.6388888888888888,0.0,1.0,0.0,1.1169726450023114
~/anvil/data/cve-targets/sqlite3_repo_src_sqliteInt.h,3863,3708,4013,# define SQLITE_CORRUPT_PGNO(P) sqlite3CorruptError(__LINE__),# define SQLITE_CORRUPT_PGNO(P) SQLITE_CORRUPT,"# define SQLITE_CORRUPT_PGNO(P) SQLITE_CORRUPT
#endif
#ifdef SQLITE_DEBUG
  int sqlite",0.2184799760580063,"[[29937, 4529, 3758, 9094, 29918, 29907, 1955, 29934, 4897, 29911, 29918, 16903, 6632, 29898, 29925, 29897, 3758, 9094, 29918, 29907, 1955, 29934, 4897, 29911, 13, 29937, 15224, 13, 29937, 361, 1753, 3758, 9094, 29918, 18525, 13, 29871, 938, 21120]]","[-0.03782334551215172, -0.009339334443211555, -0.0007002285565249622, -2.0265373677830212e-05, -3.0517112463712692e-05, -0.00041869457345455885, -1.4662635294371285e-05, -2.264974000354414e-06, -5.125986263010418e-06, -1.680836794548668e-05, -0.0001299296854995191, -0.005090727470815182, -1.3112935448589269e-05, -0.008238853886723518, -0.08046146482229233, -0.0009174905135296285, -0.03006036952137947, -2.6702524337451905e-05, -5.6503606174374e-05, -0.008179618045687675, -2.109982233378105e-05, -3.123234637314454e-05, -1.0013530300057027e-05, -0.00018094333063345402, -0.24173744022846222, -0.0001656871900195256, -0.0029810296837240458, -0.02142195962369442, -0.9170564413070679, -0.246411994099617, -0.9136879444122314, -0.012896937318146229, -0.00036244976217858493, -0.0010172913316637278, -0.24328625202178955, -0.010866868309676647, -0.4163758158683777, -0.23304840922355652, -0.013646523468196392]",11.79812240600586,False,3.0,-3.4567523534249176,-0.08863467572884404,39.0,-0.42352674980497795,-0.016941069992199118,25.0,0.0024127904137398715,0,9,15,9,0.6,-12.896468532306999,-1.0188777291296611,True,25,0.6410256410256411,27.0,0.6728971962616823,1.0,2.077961947945815
~/anvil/data/cve-targets/openssl_repo_ssl_statem_statem_dtls.c,385,375,412,if ((frag_off + frag_len) > msg_len) {,if (frag_off > msg_len || frag_len > msg_len - frag_off,"   if (frag_off > msg_len || frag_len > msg_len - frag_off
        || msg_",0.1760781109333038,"[[1678, 565, 313, 29888, 1431, 29918, 2696, 1405, 10191, 29918, 2435, 3830, 13855, 29918, 2435, 1405, 10191, 29918, 2435, 448, 13855, 29918, 2696, 13, 4706, 3830, 10191, 29918]]","[-0.18124505877494812, -0.5769169330596924, -0.24308134615421295, -0.10505753755569458, -2.264974000354414e-06, -5.722029527532868e-06, -0.106480672955513, -0.7520631551742554, -0.09365779161453247, -1.0728830375228426e-06, -0.00033444532891735435, -0.9338293671607971, -0.5773934721946716, -1.1920928244535389e-07, -0.1772269457578659, -0.00023064337437972426, -0.0018133163684979081, -7.152555099310121e-07, -0.00047219570842571557, -0.447841078042984, -0.001334610627964139, -1.1920922133867862e-06, -0.00015805903240107, -0.654003918170929, -0.4182310104370117, -0.0062625594437122345, -0.11362741142511368, -2.50339189733495e-06]",9.573260307312012,False,1.0,-5.3912751181979885,-0.19254553993564244,28.0,-5.271382643937265,-0.21085530575749062,25.0,0.07800215069988395,1,19,19,16,1.0,-0.8350660672291318,-1.0376097975289835,True,17,0.6071428571428571,24.0,0.7096774193548387,16.0,2.141967728967859
~/anvil/data/cve-targets/libsndfile_repo_src_sd2.c,225,141,230,"psf_fwrite (psf->header.ptr, psf->header.indx, 1, psf) ;",psf->header.len = rsrc.map_offset + rsrc.map_length ;,"	psf->header.len = rsrc.map_offset + rsrc.map_length ;
	psf->header.offset = 0 ;
	psf->header.type = 0 ;",0.2000669836997985,"[[12, 567, 29888, 976, 6672, 29889, 2435, 353, 364, 4351, 29889, 1958, 29918, 10289, 718, 364, 4351, 29889, 1958, 29918, 2848, 2056, 13, 12, 567, 29888, 976, 6672, 29889, 10289, 353, 29871, 29900, 2056, 13, 12, 567, 29888, 976, 6672, 29889, 1853, 353, 29871, 29900, 2056]]","[-0.2066882997751236, -0.7402429580688477, -0.00045944625162519515, -0.6867913007736206, -0.3617662489414215, -0.001949435449205339, -0.3152531087398529, -0.1082407534122467, -0.9862582683563232, -0.0014455594355240464, -0.0013043713988736272, -0.35244640707969666, -4.2437604861333966e-05, -0.6496304273605347, -0.030552810057997704, -0.00941113755106926, -0.00012420836719684303, -5.304672595229931e-05, -0.0057401107624173164, -2.3841830625315197e-06, -0.0017829725984483957, -0.13917803764343262, -0.6950976848602295, -0.27849024534225464, -0.7102745175361633, -0.0002535260282456875, -0.6402097344398499, -0.8289663791656494, -0.002467565471306443, -1.8913640975952148, -0.011732857674360275, -0.609629213809967, -0.20117393136024475, -0.03881356120109558, -0.6435277462005615, -0.31936752796173096, -0.8103559613227844, -0.0002195594133809209, -0.5695397257804871, -1.4936819076538086, -0.011249920353293419, -1.2335283756256104, -0.010069523938000202, -1.8116774559020996, -0.392229288816452, -0.2821207642555237]",13.550066947937012,False,2.0,-18.085404802245648,-0.3931609739618619,46.0,-5.572951660739818,-0.23220631919749243,24.0,0.08793168555656557,0,27,46,22,0.5869565217391305,-0.8615914691350011,-1.0644948523005795,True,28,0.6086956521739131,47.0,0.3853211009174312,18.0,2.177337565071808
~/anvil/data/cve-targets/libsndfile_repo_src_ulaw.c,808,653,958,"i2ulaw_array (const int *ptr, int count, unsigned char *buffer)","i2ulaw_array (const int *ptr, int count, unsigned char *buffer)","i2ulaw_array (const int *ptr, int count, unsigned char *buffer)",0.0038198097608983,"[[29875, 29906, 352, 1450, 29918, 2378, 313, 3075, 938, 334, 7414, 29892, 938, 2302, 29892, 12780, 1373, 334, 9040, 29897, 32010, 2]]","[-0.009251345880329609, -8.34461570775602e-06, -8.821098163025454e-05, -8.4638240878121e-06, -5.578839045483619e-05, -5.876845170860179e-05, -0.0009079624433070421, -0.050460830330848694, -0.0019296851241961122, -0.00799538567662239, -0.001778450678102672, -4.935142715112306e-05, -0.0001720042055239901, -5.280832192511298e-05, -5.411955135059543e-05, -0.000614335120189935, -7.510157047363464e-06, -0.00023445718397852033, -0.0003216941258870065, -0.0025326102040708065, -0.0014102048007771373, -2.3841855067985307e-07]",10.19742488861084,True,0.0,-0.07799256991344805,-0.0035451168142476386,22.0,-0.07658212669412023,-0.0038291063347060117,20.0,0.00012086405570910743,0,25,25,25,1.0,-0.997572129631541,-1.0215444838805368,False,20,0.9090909090909091,0.0,1.0,0.0,1.2141285880176147
~/anvil/data/cve-targets/openssl_repo_crypto_asn1_tasn_enc.c,20,-135,170,"unsigned char **out,","unsigned char **out, int skcontlen,","                            unsigned char **out, int skcontlen,",0.2001859694719314,"[[462, 632, 12780, 1373, 3579, 449, 29892, 938, 2071, 1285, 2435, 29892]]","[-0.0007831366965547204, -1.047644853591919, -0.3048831820487976, -0.0002335037279408425, -0.01577669568359852, -0.35890674591064453, -0.03926732763648033, -0.5188934803009033, -1.0794585943222046, -0.9815412759780884, -0.08079435676336288, -0.024003729224205017]",10.640867233276367,False,0.0,-4.4521868818847,-0.37101557349039166,12.0,-4.4521868818847,-0.37101557349039166,12.0,0.1728580713519711,0,10,13,13,0.7692307692307693,-0.5395621741390748,-1.0102821247850253,True,5,0.4166666666666667,15.0,0.7272727272727273,4.0,2.105117390850617
~/anvil/data/cve-targets/libsndfile_repo_src_common.c,356,201,506,**		1	- single byte value,**		1	- one byte value,**		1	- one byte value,0.4009015560150146,"[[1068, 12, 12, 29896, 12, 29899, 697, 7023, 995, 32010, 2]]","[-0.004632218275219202, -0.04263363033533096, -0.01213018223643303, -0.4794677495956421, -0.1052820235490799, -0.0007620529504492879, -0.10934609919786453, -0.001438060076907277, -0.012197191826999187, -0.15611383318901062, -1.1920928244535389e-07]",12.745409965515137,False,0.0,-0.9240031604422185,-0.08400028731292895,11.0,-0.7678892080439255,-0.08532102311599171,9.0,0.02106119437304533,0,11,11,11,1.0,-4.69874295189826,-1.0432949697374878,True,9,0.8181818181818182,4.0,0.8936170212765957,4.0,2.0799581591855447
~/anvil/data/cve-targets/libsndfile_repo_src_ulaw.c,555,405,705,"0x8a, 0x8a, 0x8a, 0x8a, 0x8a, 0x8a, 0x8a, 0x8a, 0x8a, 0x8a, 0x8a, 0x8a,","0x8a, 0x8a, 0x8a, 0x8a, 0x8a, 0x8a, 0x8a, 0x8a, 0x8a, 0x8a, 0x8a, 0x8a,","	0x8a, 0x8a, 0x8a, 0x8a, 0x8a, 0x8a, 0x8a, 0x8a, 0x8a, 0x8a, 0x8a, 0x8a,
	0x8a, 0x8a, 0x8a, 0x8a, 0x8a, 0x8a, 0",0.0001927308330778,"[[12, 29900, 29916, 29947, 29874, 29892, 29871, 29900, 29916, 29947, 29874, 29892, 29871, 29900, 29916, 29947, 29874, 29892, 29871, 29900, 29916, 29947, 29874, 29892, 29871, 29900, 29916, 29947, 29874, 29892, 29871, 29900, 29916, 29947, 29874, 29892, 29871, 29900, 29916, 29947, 29874, 29892, 29871, 29900, 29916, 29947, 29874, 29892, 29871, 29900, 29916, 29947, 29874, 29892, 29871, 29900, 29916, 29947, 29874, 29892, 29871, 29900, 29916, 29947, 29874, 29892, 29871, 29900, 29916, 29947, 29874, 29892, 13, 12, 29900, 29916, 29947, 29874, 29892, 29871, 29900, 29916, 29947, 29874, 29892, 29871, 29900, 29916, 29947, 29874, 29892, 29871, 29900, 29916, 29947, 29874, 29892, 29871, 29900, 29916, 29947, 29874, 29892, 29871, 29900, 29916, 29947, 29874, 29892, 29871, 29900]]","[-0.0010408704401925206, -4.088794958079234e-05, -6.09140915912576e-05, -7.581423415103927e-05, -0.0044950395822525024, -2.5033637939486653e-05, -3.6238969187252223e-05, -2.9802276912960224e-06, -1.2636104656849056e-05, -1.4662635294371285e-05, -0.00046993177966214716, -4.5298504119273275e-05, -1.7881233361549675e-05, -1.9073468138230965e-06, -4.529942543740617e-06, -7.390948667307384e-06, -0.00013255194062367082, -1.645074735279195e-05, -2.396077979938127e-05, -6.794906312279636e-06, -6.6756979322235566e-06, -9.65590606938349e-06, -0.0001685477327555418, -1.883488948806189e-05, -4.672895011026412e-05, -1.0013530300057027e-05, -4.768360213347478e-06, -7.033323527139146e-06, -0.00018523407925385982, -2.0861407392658293e-05, -6.12716976320371e-05, -7.510157047363464e-06, -3.4570634852570947e-06, -7.152531907195225e-06, -0.00022027450904715806, -2.539125671319198e-05, -8.332382276421413e-05, -1.0609570381348021e-05, -3.814689989667386e-06, -8.106198947643861e-06, -0.0004589696181938052, -3.361645576660521e-05, -6.317892984952778e-05, -9.298280929215252e-06, -1.9073304429184645e-05, -2.312633478140924e-05, -0.0013258008984848857, -9.595887240720913e-05, -0.0001995364436879754, -2.5033637939486653e-05, -8.4638240878121e-06, -9.65590606938349e-06, -0.000972036796156317, -1.7881233361549675e-05, -4.351044481154531e-05, -7.152531907195225e-06, -4.529942543740617e-06, -7.033323527139146e-06, -0.0005758534534834325, -2.6940935640595853e-05, -4.625213477993384e-05, -6.9141146923357155e-06, -3.933898824470816e-06, -8.22540732769994e-06, -0.0006962973857298493, -4.327203714638017e-05, -0.00011395759065635502, -1.3112935448589269e-05, -5.483612312673358e-06, -1.3232143828645349e-05, -0.0013191340258345008, -0.00015209948469419032, -0.03231818974018097, -0.0002646096108946949, -3.564294092939235e-05, -1.1205610462639015e-05, -1.2993727978027891e-05, -0.0013377059949561954, -8.34461570775602e-06, -2.8967437174287625e-05, -4.0531076592742465e-06, -9.179073458653875e-06, -9.775113539944869e-06, -0.0005080600967630744, -1.4662635294371285e-05, -2.9444261599564925e-05, -5.006777428206988e-06, -9.417489309271332e-06, -1.0013530300057027e-05, -0.0006598440813831985, -2.038458114839159e-05, -3.0636318115284666e-05, -6.639736966462806e-05, -5.483612312673358e-06, -8.4638240878121e-06, -0.0006519814487546682, -1.597391747054644e-05, -7.390703103737906e-05, -1.8358061424805783e-05, -4.172316494077677e-06, -6.198863957251888e-06, -0.0004659997357521206, -6.437280717364047e-06, -1.549708758830093e-05, -1.0728830375228426e-06, -5.364403477869928e-06, -4.291525328881107e-06, -0.0003326578007545322, -6.318072337307967e-06, -2.4437606043647975e-05, -2.622600959512056e-06]",15.436604499816896,True,1.0,-0.05083337950156874,-0.0004579583738880067,111.0,-0.04637240666716025,-0.0006266541441508141,74.0,1.4090750638783701e-05,0,25,38,25,0.6578947368421053,-0.3075553475178428,-1.1159028501643105,False,72,0.6486486486486487,0.0,1.0,0.0,1.0029598185770985
~/anvil/data/cve-targets/libtiff_repo_libtiff_tif_predict.c,544,533,566,uint8_t *tmp;,uint8_t *tmp;,"	uint8_t *tmp;

	if (stride",0.1116969510912895,"[[12, 13470, 29947, 29918, 29873, 334, 7050, 29936, 13, 13, 12, 361, 313, 303, 2426]]","[-0.3396533727645874, -0.09549008309841156, -0.030526217073202133, -0.00015054999676067382, -1.5020257706055418e-05, -0.270046204328537, -0.0687912106513977, -0.08652698248624802, -0.25313013792037964, -0.8059839010238647, -0.3366793692111969, -0.8849146962165833, -0.4440504312515259, -1.178449273109436, -8.797258487902582e-05]",8.540692329406738,True,2.0,-4.794495421974716,-0.31963302813164773,15.0,-2.286993048812292,-0.2079084589829356,11.0,0.05110104153235993,1,7,10,7,0.7,-0.5372410128847004,-1.0647435754171957,False,7,0.4666666666666667,0.0,1.0,0.0,0.9331655058618554
~/anvil/data/cve-targets/php_repo_ext_phar_phar.c,77,69,145,"char *key, *lasts, *end;","char *key, *lasts, *end;","	char *key, *lasts, *end;",0.142461284995079,"[[12, 3090, 334, 1989, 29892, 334, 4230, 29879, 29892, 334, 355, 29936, 32010, 2]]","[-0.0012804412981495261, -0.027407918125391006, -0.0022031813859939575, -0.6366547346115112, -0.27204078435897827, -0.01447333488613367, -0.4438050091266632, -0.0005694198189303279, -0.28251320123672485, -0.001976561965420842, -0.0024446146562695503, -0.01515305507928133, -0.013738713227212429, 0.0]",13.470117568969728,True,0.0,-1.7142609697766602,-0.1224472121269043,14.0,-1.7005222565494478,-0.1417101880457873,12.0,0.04302814107476596,0,15,15,15,1.0,-1.0053002325354972,-1.0623693346220362,False,11,0.7857142857142857,0.0,1.0,0.0,1.035061150389708
~/anvil/data/cve-targets/php_repo_ext_phar_phar.c,2336,2186,2486,},},"	}
	if (",0.0380516350269317,"[[12, 29913, 13, 12, 361, 313]]","[-0.0027720618527382612, -0.07333153486251831, -0.09692136943340302, -0.09703811258077621, -1.0445239543914795, -0.19718702137470245]",12.340277671813965,True,1.0,-1.5117740544956177,-0.2519623424159363,6.0,-0.2700630787294358,-0.06751576968235895,4.0,0.0014904572137720933,0,2,4,2,0.5,-0.5635962561924867,-1.0327814893900382,False,1,0.16666666666666666,0.0,1.0,0.0,0.9340283934600656
~/anvil/data/cve-targets/libtiff_repo_libtiff_tif_predict.c,319,311,328,tmsize_t wc = cc / 2;,tmsize_t wc = cc / 2;,"	tmsize_t wc = cc / 2;
",0.1377042680978775,"[[12, 29873, 1516, 675, 29918, 29873, 28678, 353, 21759, 847, 29871, 29906, 29936, 13, 32010, 2]]","[-0.039768315851688385, -0.24843516945838928, -0.00017128908075392246, -0.00022587609419133514, -8.4638240878121e-06, -1.156323378381785e-05, -0.005119429435580969, -0.022876285016536713, -0.0694788247346878, -0.6636782288551331, -0.6766530275344849, -0.0062246499583125114, -0.06723602861166, -0.556561291217804, -0.63470059633255, 0.0]",10.519861221313477,True,1.0,-2.9911490392396445,-0.18694681495247778,16.0,-2.3564484429070944,-0.16831774592193532,14.0,0.06319245675173671,1,11,11,11,1.0,-0.8181209137730721,-1.0133430075378396,False,12,0.75,0.0,1.0,0.0,1.0980964058826583
~/anvil/data/cve-targets/openssl_repo_crypto_pkcs7_pk7_doit.c,1023,868,1173,void *value),void *value),                       void *value),0.0007416000589728,"[[462, 4706, 1780, 334, 1767, 29897, 32010, 2]]","[-0.0002181292074965313, -0.4736980199813843, -0.00263225007802248, -0.0003233625029679388, -9.381330892210826e-05, -0.0003054867556784302, -0.010368410497903824, 0.0]",12.709148406982422,True,0.0,-0.4876394723323756,-0.06095493404154695,8.0,-0.47727106183447177,-0.07954517697241197,6.0,0.03107206434401291,0,6,6,6,1.0,-0.00932300470247245,-1.0423496107643013,False,4,0.5,0.0,1.0,0.0,0.9512373668671287
~/anvil/data/cve-targets/libpng_repo_pngrutil.c,2655,2647,3067,png_uint_32 row_width = png_ptr->width;,unsigned int row_width = png_ptr->width;,  unsigned int row_width = png_ptr->width;,0.1199653297662735,"[[259, 12780, 938, 1948, 29918, 2103, 353, 282, 865, 29918, 7414, 976, 2103, 29936, 32010, 2]]","[-0.018428068608045578, -0.44526827335357666, -0.0029119730461388826, -0.007685142103582621, -2.0503786799963564e-05, -0.0003103728231508285, -0.011722607538104057, -0.025957733392715454, -1.3589766240329482e-05, -6.508615479106084e-05, -0.00038890427094884217, -2.610649426060263e-05, -0.7321521043777466, -0.009319139644503593, -0.38012227416038513, 0.0]",9.377063751220703,False,0.0,-1.6343918795209902,-0.10214949247006189,16.0,-1.254269605360605,-0.08959068609718608,14.0,0.04451750873774927,1,11,13,13,0.8461538461538461,-1.3390379624522313,-1.0427116861838148,True,18,1.125,10.0,0.8354430379746836,3.0,2.029298832904148
~/anvil/data/cve-targets/libxml2_repo_xmlstring.c,412,398,421,size = xmlStrlen(cur);,size = xmlStrlen(cur);,   size = xmlStrlen(cur);,0.0431235954165458,"[[1678, 2159, 353, 4903, 5015, 2435, 29898, 2764, 416, 32010, 2]]","[-0.13087598979473114, -0.2815696597099304, -0.000501983508002013, -0.05228840559720993, -0.004404130857437849, -0.00029881304362788796, -0.0018161722691729665, -4.6967357775429264e-05, -0.0038397409953176975, -0.2628941237926483, 0.0]",12.851640701293944,True,0.0,-0.7385359869258536,-0.06713963517507761,11.0,-0.47564186313320533,-0.05284909590368948,9.0,0.008227179426346726,1,12,12,12,1.0,-0.8159760290910723,-1.046069402038338,False,8,0.7272727272727273,0.0,1.0,0.0,1.0189597036739748
~/anvil/data/cve-targets/php_repo_ext_exif_exif.c,1993,1981,2001,for (i=0; i<ImageInfo->file.count; i++) {,for (i = 0; i < ImageInfo->file.count; i++) {,		for (i = 0; i < ImageInfo->file.count; i++) {,0.0950009450316429,"[[12, 12, 1454, 313, 29875, 353, 29871, 29900, 29936, 474, 529, 7084, 3401, 976, 1445, 29889, 2798, 29936, 474, 4862, 426, 32010, 2]]","[-0.010252430103719234, -0.0020723312627524137, -0.05379876494407654, -0.12948077917099, -0.010335729457437992, -0.6261748671531677, -0.04520457983016968, -0.0071388171054422855, -0.010473052971065044, -0.018089553341269493, -0.03628174960613251, -0.01260210108011961, -2.622600959512056e-06, -2.9801878554280847e-05, -0.0032515060156583786, -3.3854863431770355e-05, -0.0017434648470953107, -0.007666450925171375, -0.17940476536750793, -0.01682964898645878, -0.012379003688693047, -0.10808122903108597, -4.768370445162873e-07]",8.731727600097656,False,0.0,-1.2913275810680034,-0.05614467743773928,23.0,-1.183245875199873,-0.056345041676184426,21.0,0.018190580310879192,0,27,27,27,1.0,-1.6860568775086613,-1.0596706095735349,True,18,0.782608695652174,4.0,0.9534883720930233,0.0,2.1686671733116847
~/anvil/data/cve-targets/php_repo_ext_standard_http_fopen_wrapper.c,695,639,719,) {,) {,			) {,0.0365981981158256,"[[12, 12, 12, 29897, 426, 32010, 2]]","[-0.0007706294418312609, -1.4424220353248529e-05, -5.328513361746445e-05, -0.18024401366710663, -0.0019281383138149977, -0.28756004571914673, 0.0]",10.638249397277832,True,0.0,-0.47057053649587033,-0.06722436235655291,7.0,-0.1830104907767236,-0.03660209815534472,5.0,0.005158730230083618,0,3,3,3,1.0,-0.9998934476514824,-1.010348245771549,False,2,0.2857142857142857,0.0,1.0,0.0,0.9951680691610353
~/anvil/data/cve-targets/libpng_repo_pngset.c,456,444,497,if (num_palette < 0 || num_palette > PNG_MAX_PALETTE_LENGTH),if (num_palette > max_palette_length),  if (num_palette > max_palette_length),0.4471519589424133,"[[259, 565, 313, 1949, 29918, 29886, 26456, 1405, 4236, 29918, 29886, 26456, 29918, 2848, 29897, 32010, 2]]","[-0.05429263785481453, -0.01972617208957672, -0.007237525656819344, -0.009146220982074738, -7.152555099310121e-07, -6.318072337307967e-06, -3.576278118089249e-07, -0.31193846464157104, -0.09092344343662262, -1.4305104514278355e-06, -2.145764938177308e-06, -1.4305104514278355e-06, -1.0728830375228426e-06, -8.344646857949556e-07, -0.15296313166618347, -0.04754741117358208, 0.0]",13.188801765441896,False,0.0,-0.6937893125904679,-0.04081113603473341,17.0,-0.6462419014168859,-0.04308279342779239,15.0,0.006973422611522783,1,18,12,12,1.5,-10.378898937735983,-1.0549240143131424,True,27,1.588235294117647,33.0,0.5773195876288659,7.0,2.142115376156463
~/anvil/data/cve-targets/libxml2_repo_HTMLparser.c,2808,2772,2812,"ret = xmlStrndup(q, CUR_PTR - q);",NEXT;,"       NEXT;
    }
    if (err) {
        return(NULL);
    }
    ret = xml",0.7245631217956543,"[[4706, 405, 12194, 29936, 13, 1678, 500, 13, 1678, 565, 313, 3127, 29897, 426, 13, 4706, 736, 29898, 10074, 416, 13, 1678, 500, 13, 1678, 3240, 353, 4903]]","[-0.23477070033550262, -0.19099056720733643, -0.0006324436399154365, -0.0015456646215170622, -0.006178208626806736, -0.06917128711938858, -0.00016699827392585576, -0.013229450210928917, -0.17168380320072174, -0.2419029325246811, -0.31785836815834045, -0.5780249834060669, -0.15620040893554688, -0.5560567378997803, -0.0016899126349017024, -0.27760550379753113, -0.4591110348701477, -0.03443709760904312, -0.020489461719989777, -4.017272294731811e-05, -0.004680866841226816, -0.0020703088957816362, -0.00023755589791107923, -0.055984627455472946, -0.09785111248493195, -0.6180413961410522, -0.0008759237825870514, -0.09297726303339005]",8.614554405212402,False,5.0,-4.2045047920473735,-0.15016088543026335,28.0,-0.5032888715504669,-0.08388147859174448,6.0,0.009033948346907978,1,17,28,4,0.6071428571428571,-8.637939315807017,-1.062779285290143,True,17,0.6071428571428571,31.0,0.10526315789473684,14.0,2.1645364859620546
~/anvil/data/cve-targets/lua_repo_ldebug.c,114,103,121,L->oldpc = L->ci->u.l.savedpc;,L->savedpc = L->savedpc ? L->savedpc : L->pc;,   L->savedpc = L->savedpc ? L->savedpc : L->pc;,0.2695010304450989,"[[1678, 365, 976, 17314, 6739, 353, 365, 976, 17314, 6739, 1577, 365, 976, 17314, 6739, 584, 365, 976, 6739, 29936, 32010, 2]]","[-0.0025207193102687597, -1.0115019083023071, -0.010298564098775387, -0.682701051235199, -0.002583144698292017, -0.11686676740646362, -0.07477384805679321, -4.172316494077677e-06, -0.6269938945770264, -0.028944484889507294, -0.2560635507106781, -0.016659783199429512, -1.8596476365928538e-05, -0.0001267114421352744, -6.365573790390044e-05, -0.44708251953125, -0.9116790294647217, -8.821448318485636e-06, -0.9488146305084229, -0.00025948495022021234, -0.4672848880290985, -1.1920928244535389e-07]",11.14323616027832,False,0.0,-5.605250345598954,-0.2547841066181343,22.0,-5.137965338360573,-0.25689826691802864,20.0,0.12898732210573827,1,22,24,24,0.9166666666666666,-1.0490574096830771,-1.0023323154834425,True,16,0.7272727272727273,25.0,0.6133333333333333,14.0,2.272035899263824
~/anvil/data/cve-targets/lua_repo_liolib.c,213,205,217,LStream *p = newprefile(L);,LStream *p = tolstream(L);, LStream *p = tolstream(L);,0.6429221630096436,"[[29871, 365, 3835, 334, 29886, 353, 304, 29880, 5461, 29898, 29931, 416, 32010, 2]]","[-0.007509101182222366, -0.052777599543333054, -0.0013660395052284002, -0.018221836537122726, -0.0012947280192747712, -0.1504671424627304, -0.9931644201278687, -0.02843097411096096, -0.008863155730068684, -0.024506838992238045, -0.0015117417788133025, -0.09913037717342377, -0.14494897425174713, -1.1920928244535389e-07]",11.46176528930664,False,0.0,-1.5321930486243147,-0.10944236061602249,14.0,-1.3872439551632851,-0.11560366293027376,12.0,0.0719282884264238,1,15,15,15,1.0,-5.5614341856747345,-1.0103459814476305,True,12,0.8571428571428571,9.0,0.7169811320754718,1.0,2.243679353515818
~/anvil/data/cve-targets/openssl_repo_crypto_x509_x509_vfy.c,963,948,997,if (crl_score < best_score),if (crl_score < best_score),"       if (crl_score < best_score)
            continue;
        if",0.0991381630301475,"[[4706, 565, 313, 29883, 2096, 29918, 13628, 529, 1900, 29918, 13628, 29897, 13, 9651, 6773, 29936, 13, 4706, 565]]","[-0.021430592983961105, -0.5468901991844177, -0.007382966578006744, -0.02896185591816902, -0.0002898749662563205, -0.0016962201334536076, -0.04579450562596321, -0.3993886411190033, -0.05117848888039589, -7.152531907195225e-06, -1.6212332411669195e-05, -0.010264819487929344, -0.5611803531646729, -0.0023079682141542435, -0.027890536934137344, -5.006777428206988e-06, -0.007445917464792728, -0.013901316560804844, -0.7007282376289368]",8.97016429901123,True,2.0,-2.426760866486802,-0.1277242561308843,19.0,-1.6767898511207022,-0.11977070365147872,14.0,0.04134827584800709,1,12,14,12,0.8571428571428571,-0.827732993191975,-1.0533727895622624,False,11,0.5789473684210527,0.0,1.0,0.0,1.0130272224465995
~/anvil/data/cve-targets/poppler_repo_poppler_Annot.cc,5212,5190,5241,if (path->getCoordsLength() != 0) {,if (path->getCoordsLength() > 1) {,           if (path->getCoordsLength() > 1) {,0.40852090716362,"[[9651, 565, 313, 2084, 976, 657, 7967, 4339, 6513, 580, 1405, 29871, 29896, 29897, 426, 32010, 2]]","[-0.0022508781403303146, -0.1024332121014595, -0.07139354944229126, -0.058713316917419434, -0.4347294867038727, -0.10432448238134384, -0.05598045513033867, -0.0010397987207397819, -0.013165803626179695, -0.07355262339115143, -0.46196863055229187, -0.0008839037618599832, -0.33800986409187317, -0.0442320816218853, -0.0014296083245426416, -0.5519784688949585, -1.1920928244535389e-07]",13.189901351928713,False,0.0,-2.3160862830118205,-0.13624036958893063,17.0,-1.7641076949075796,-0.11760717966050531,15.0,0.023319114718448563,1,20,20,20,1.0,-3.4736051688586573,-1.0549530142165084,True,14,0.8235294117647058,3.0,0.927536231884058,2.0,2.157632952039732
~/anvil/data/cve-targets/libxml2_repo_xmlstring.c,439,430,455,len = xmlStrlen(str2);,len = xmlStrlen(str2);,       len = xmlStrlen(str2);,0.122723564505577,"[[4706, 7431, 353, 4903, 5015, 2435, 29898, 710, 29906, 416, 32010, 2]]","[-0.20659376680850983, -0.9046645164489746, -0.0028049908578395844, -0.15676189959049225, -0.00821248721331358, -0.0006136203301139176, -0.013329323381185532, -0.00014554394874721766, -0.006538900546729565, -0.01331732515245676, -0.13093382120132446, 0.0]",8.143404006958008,True,0.0,-1.4439161954796873,-0.12032634962330728,12.0,-1.3129823742783628,-0.13129823742783628,10.0,0.07137543833169092,1,12,12,12,1.0,-0.9346931604700934,-1.0753715222604046,False,9,0.75,0.0,1.0,0.0,0.9683139207719299
~/anvil/data/cve-targets/poppler_repo_utils_ImageOutputDev.cc,326,312,464,unsigned char zero[1];,GfxColor zero;,   GfxColor zero;,0.9153788685798644,"[[1678, 402, 11093, 3306, 5225, 29936, 32010, 2]]","[-0.009908538311719894, -1.183671236038208, -0.20069585740566254, -0.4086577594280243, -0.997063159942627, -0.27230602502822876, -0.6739218235015869, 0.0]",16.22684669494629,False,0.0,-3.7462243996560574,-0.46827804995700717,8.0,-3.0723025761544704,-0.5120504293590784,6.0,0.18392790476946208,1,11,5,5,2.2,-1.78767327609826,-1.1381678987021702,True,6,0.75,15.0,0.38888888888888884,7.0,1.9634674384956572
~/anvil/data/cve-targets/libsndfile_repo_src_ulaw.c,207,57,357,"0xaa, 0xaa, 0xaa, 0xaa, 0xaa, 0xaa, 0xaa, 0xaa, 0xaa, 0xaa, 0xaa, 0xaa,","0xaa, 0xaa, 0xaa, 0xaa, 0xaa, 0xaa, 0xaa, 0xaa, 0xaa, 0xaa, 0xaa, 0xaa,","	0xaa, 0xaa, 0xaa, 0xaa, 0xaa, 0xaa, 0xaa, 0xaa, 0xaa, 0xaa, 0xaa, 0xaa,
	0xaa, 0xaa, 0xaa, 0xaa, 0xaa, 0xaa, 0",0.0120498584583401,"[[12, 29900, 29916, 7340, 29892, 29871, 29900, 29916, 7340, 29892, 29871, 29900, 29916, 7340, 29892, 29871, 29900, 29916, 7340, 29892, 29871, 29900, 29916, 7340, 29892, 29871, 29900, 29916, 7340, 29892, 29871, 29900, 29916, 7340, 29892, 29871, 29900, 29916, 7340, 29892, 29871, 29900, 29916, 7340, 29892, 29871, 29900, 29916, 7340, 29892, 29871, 29900, 29916, 7340, 29892, 29871, 29900, 29916, 7340, 29892, 13, 12, 29900, 29916, 7340, 29892, 29871, 29900, 29916, 7340, 29892, 29871, 29900, 29916, 7340, 29892, 29871, 29900, 29916, 7340, 29892, 29871, 29900, 29916, 7340, 29892, 29871, 29900, 29916, 7340, 29892, 29871, 29900]]","[-0.0035944872070103884, -5.3881147323409095e-05, -0.0046672215685248375, -0.592373251914978, -3.3378044463461265e-05, -7.164221460698172e-05, -3.2186455882765586e-06, -0.0014355602907016873, -0.0027589849196374416, -2.1815061700181104e-05, -1.9311717551317997e-05, -2.7418097943154862e-06, -0.000512111175339669, -0.0003149013500660658, -1.9788545614574105e-05, -1.7881233361549675e-05, -2.0265558760002023e-06, -0.006119798868894577, -0.0013021094491705298, -1.9311717551317997e-05, -1.9907753085135482e-05, -4.0531076592742465e-06, -0.0008054111385717988, -0.0007715824176557362, -1.490105023549404e-05, -1.4543427823809907e-05, -6.079655122448457e-06, -0.00014697425649501383, -0.000614335120189935, -1.1920858014491387e-05, -1.4066597032069694e-05, -1.5497195136049413e-06, -0.0008987916517071426, -0.0012290074955672026, -2.312633478140924e-05, -2.312633478140924e-05, -2.3841830625315197e-06, -0.05926094949245453, -0.007408526260405779, -6.83045873302035e-05, -0.0001691436773398891, -1.2397689715726301e-05, -0.023995233699679375, -0.0025053799618035555, -2.3364747903542593e-05, -3.0517112463712692e-05, -7.033323527139146e-06, -0.00402046600356698, -0.0011554239317774773, -3.1470757676288486e-05, -3.814624506048858e-05, -1.0251946150674485e-05, -0.0011019593803212047, -0.0015280486550182104, -4.351044481154531e-05, -0.00022182388056535274, -3.075552376685664e-05, -0.0009734659106470644, -0.0023425775580108166, -0.0001517419150331989, -0.005281068850308657, -0.00014602071314584464, -8.415821503149346e-05, -0.0033915876410901546, -0.0018866135505959392, -1.4305012882687151e-05, -1.5020257706055418e-05, -5.960446742392378e-06, -0.00041392818093299866, -0.0009727513534016907, -2.6940935640595853e-05, -1.4185804502631072e-05, -6.198863957251888e-06, -0.0006114759016782045, -0.0024252308066934347, -3.182837463100441e-05, -2.5510462364763953e-05, -7.033323527139146e-06, -0.0024463983718305826, -0.004468218889087439, -1.2397689715726301e-05, -2.253030106658116e-05, -1.9073468138230965e-06, -0.0006282739923335612, -0.0007419217727147043, -1.549708758830093e-05, -1.5139465176616795e-05, -3.2186455882765586e-06, -0.00019167017308063805, -0.0006206493126228452, -1.2278481335670222e-05, -1.3470558769768104e-05, -4.291525328881107e-06]",13.43187141418457,True,1.0,-0.7476333595519691,-0.008039068382279238,93.0,-0.7285027668075372,-0.01175004462592802,62.0,0.0055909401793901425,0,25,38,25,0.6578947368421053,-1.0255159739351543,-1.0613540315420984,False,60,0.6451612903225806,0.0,1.0,0.0,1.1268422532754254
~/anvil/data/cve-targets/sqlite3_repo_src_vdbe.c,5755,5605,5905,"** seek operation now, without further delay.  If the cursor seek has","** seek.  If the seek has already been completed, then this instruction","** seek.  If the seek has already been completed, then this instruction
** is a no-op.
",2.146942377090454,"[[1068, 16508, 29889, 29871, 960, 278, 16508, 756, 2307, 1063, 8676, 29892, 769, 445, 15278, 13, 1068, 338, 263, 694, 29899, 459, 29889, 13]]","[-0.0007566926069557667, -0.4166751205921173, -1.1446436643600464, -0.14300702512264252, -0.4385732412338257, -0.9559353590011597, -0.7334991097450256, -0.5235240459442139, -0.135304257273674, -0.823538064956665, -0.159600630402565, -0.4840852618217468, -0.7301266193389893, -0.09734746813774109, -1.2817597389221191, -0.3869335353374481, -5.304672595229931e-05, -0.0827561542391777, -0.008323976770043373, -0.010775240138173103, -0.0043342225253582, -0.002052107360213995, -0.007666214369237423, -0.5163210034370422]",15.197633743286133,False,2.0,-9.087591800362134,-0.37864965834842224,24.0,-8.455309834796935,-0.5284568646748085,16.0,0.1403618554786501,0,19,28,19,0.6785714285714286,-4.062663427433378,-1.1092560211979898,True,15,0.625,53.0,0.4,18.0,2.3466578732573256
~/anvil/data/cve-targets/libsndfile_repo_src_alaw.c,253,98,274,"0xa9, 0xa9, 0xa9, 0xa9, 0xa9, 0xa9, 0xa9, 0xa9, 0xa9, 0xa9, 0xa9, 0xa9,","0xa9, 0xa9, 0xa9, 0xa9, 0xa9, 0xa9, 0xa9, 0xa9, 0xa9, 0xa9, 0xa9, 0xa9,","	0xa9, 0xa9, 0xa9, 0xa9, 0xa9, 0xa9, 0xa9, 0xa9, 0xa9, 0xa9, 0xa9, 0xa9,
	0xa9, 0xa9, 0xa9, 0xa9, 0xa9, 0xa9, 0",0.0017871534219011,"[[12, 29900, 17367, 29929, 29892, 29871, 29900, 17367, 29929, 29892, 29871, 29900, 17367, 29929, 29892, 29871, 29900, 17367, 29929, 29892, 29871, 29900, 17367, 29929, 29892, 29871, 29900, 17367, 29929, 29892, 29871, 29900, 17367, 29929, 29892, 29871, 29900, 17367, 29929, 29892, 29871, 29900, 17367, 29929, 29892, 29871, 29900, 17367, 29929, 29892, 29871, 29900, 17367, 29929, 29892, 29871, 29900, 17367, 29929, 29892, 13, 12, 29900, 17367, 29929, 29892, 29871, 29900, 17367, 29929, 29892, 29871, 29900, 17367, 29929, 29892, 29871, 29900, 17367, 29929, 29892, 29871, 29900, 17367, 29929, 29892, 29871, 29900, 17367, 29929, 29892, 29871, 29900]]","[-0.003424733877182007, -0.0052713449113070965, -0.00717503484338522, -0.0035847469698637724, -0.0002252801787108183, -0.0017791647696867585, -0.014852071180939674, -0.001557686016894877, -0.00019047829846385866, -0.0001232548092957586, -0.0006019449210725725, -0.0076191299594938755, -0.0006277974462136626, -6.568216485902667e-05, -6.437094270950183e-05, -0.0004951919545419514, -0.003963117022067308, -0.0007838514284230769, -7.64102369430475e-05, -0.0002544794406276196, -0.004237245302647352, -0.010892811231315136, -0.0006797387031838298, -0.0002101439022226259, -4.649054244509898e-05, -0.00025912740966305137, -0.0012297218199819326, -0.00014077626110520214, -5.686121585313231e-05, -5.066266385256313e-05, -0.0002588890492916107, -0.0018222408834844828, -0.00022504181833937764, -7.486063259420916e-05, -9.667406266089529e-05, -0.0006317288498394191, -0.0009966888464987278, -0.00025090406415984035, -6.389413465512916e-05, -0.0009450022480450571, -0.014472747221589088, -0.009442667476832867, -0.0008547228644602001, -0.0002517383254598826, -1.7046782886609435e-05, -0.00014101465058047324, -0.00025340684805996716, -7.128461584215984e-05, -4.434487345861271e-05, -3.7431014789035544e-05, -0.000188332938705571, -0.00016389934171456844, -8.642300235806033e-05, -3.7788631743751466e-05, -0.00010823617776622996, -0.0037290574982762337, -0.0009616755996830761, -0.00026294111739844084, -6.270212179515511e-05, -0.00036590558011084795, -0.13278013467788696, -4.2914423829643056e-05, -4.184158387943171e-05, -0.00014518637908622622, -0.00011193125828867778, -2.9802276912960224e-06, -5.960446742392378e-06, -6.437280717364047e-06, -3.802703940891661e-05, -2.396077979938127e-05, -4.0531076592742465e-06, -6.9141146923357155e-06, -2.407998726994265e-05, -7.617183291586116e-05, -2.90866428258596e-05, -1.1086402082582936e-05, -1.9550132492440753e-05, -0.0001778444420779124, -0.0001267114421352744, -3.1470757676288486e-05, -6.0794889577664435e-05, -0.0001012035645544529, -0.0005735897575505078, -0.00020549570035655051, -0.00015436411194968969, -5.602820692729438e-06, -2.8729025871143676e-05, -5.23315102327615e-05, -4.136476854910143e-05, -4.0649541915627196e-05, -5.125986263010418e-06, -1.7165990357170813e-05, -3.325883881188929e-05]",15.95900821685791,True,1.0,-0.24248466116387135,-0.0026073619479986166,93.0,-0.2402816907997476,-0.0038755111419314127,62.0,0.0002832917433505109,0,25,38,25,0.6578947368421053,-0.46114005519551887,-1.1305722282971273,False,60,0.6451612903225806,0.0,1.0,0.0,0.9705297562283568
~/anvil/data/cve-targets/libxml2_repo_parser.c,7863,7814,7865,*/,*/,"    */
   ",0.0737366825342178,"[[268, 3776, 13, 1678]]","[-0.0016869375249370933, -0.07373690605163574, -0.02071402780711651, -0.015443971380591393]",11.576434135437012,True,1.0,-0.11158184276428074,-0.027895460691070184,4.0,-0.11158184276428074,-0.027895460691070184,4.0,0.0007487343409027878,1,3,3,3,1.0,-2.6433219135836743,-1.0132465171719103,False,1,0.25,0.0,1.0,0.0,0.9955714497622676
~/anvil/data/cve-targets/lua_repo_ldebug.c,155,146,160,*pos = ci->func - nextra + (n - 1);,*pos = ci->func + n;,"     *pos = ci->func + n;
      return ""(*vararg)"";  /* generic name for any vararg",0.4462185800075531,"[[418, 334, 1066, 353, 4583, 976, 9891, 718, 302, 29936, 13, 418, 736, 376, 10456, 1707, 1191, 29897, 1769, 29871, 4949, 10035, 1024, 363, 738, 722, 1191]]","[-0.0010634964564815164, -0.30619195103645325, -3.4450891689630225e-05, -0.0011129144113510847, -0.4343084394931793, -0.002550802892073989, -0.06258983910083771, -0.17319674789905548, -0.10008417069911957, -0.03027111478149891, -0.23103025555610657, -0.0016630165046080947, -0.10671180486679077, -0.9297217130661011, -0.17185266315937042, -0.0028904585633426905, -0.0021130156237632036, -0.0021236028987914324, -3.71926071238704e-05, -0.13771086931228638, -0.0009684640099294484, -0.22572685778141022, -2.3245540432981215e-05, -0.004920397885143757, -0.00536419078707695, -0.0044956328347325325, -0.00018356545479036868]",9.74001693725586,False,1.0,-2.938940874113541,-0.10884966200420523,27.0,-1.3440971997224551,-0.11200809997687126,12.0,0.019171830251430037,1,24,32,15,0.75,-3.983806350609407,-1.0332930939419234,True,16,0.5925925925925926,15.0,0.7272727272727273,9.0,2.25837957036529
~/anvil/data/cve-targets/openssl_repo_crypto_x509_x509_vfy.c,966,948,997,if (crl_score == best_score) {,if (crl_score == best_score && best_crl != NULL) {,       if (crl_score == best_score && best_crl != NULL) {,0.0992659255862236,"[[4706, 565, 313, 29883, 2096, 29918, 13628, 1275, 1900, 29918, 13628, 2607, 1900, 29918, 29883, 2096, 2804, 4265, 29897, 426, 32010]]","[-0.0022902467753738165, -0.04217396304011345, -0.022363727912306786, -0.01993127539753914, -0.0007446615491062403, -0.0019116000039502978, -0.002212697174400091, -0.011541030369699001, -0.008296430110931396, -2.264974000354414e-06, -5.364274329622276e-05, -0.5333731174468994, -0.7017818093299866, -1.7046782886609435e-05, -0.008553772233426571, -4.207999518257566e-05, -0.01126500777900219, -0.0003103728231508285, -0.05045675113797188, -0.0034249713644385338, -0.47433650493621826]",12.20583724975586,False,0.0,-1.8950829738798802,-0.0902420463752324,21.0,-1.420746468943662,-0.0710373234471831,20.0,0.03408543790412914,1,13,20,20,0.65,-1.3973770515161474,-1.029316126729261,True,12,0.5714285714285714,20.0,0.75,7.0,2.0780809287719397
~/anvil/data/cve-targets/sqlite3_repo_ext_misc_zipfile.c,380,370,390,pTab->pWriteFd = 0;,pTab->pWriteFd = 0;,"   pTab->pWriteFd = 0;
  }
  if(",0.0027876475360244,"[[1678, 282, 8863, 976, 29886, 6113, 29943, 29881, 353, 29871, 29900, 29936, 13, 29871, 500, 13, 29871, 565, 29898]]","[-0.043917249888181686, -0.022664325311779976, -0.00010406429646536708, -9.703165414975956e-05, -0.004611096810549498, -0.0007612191257067025, -0.0006678258068859577, -4.291525328881107e-06, -0.0008705640211701393, -0.0011131525970995426, -3.099436753473128e-06, -5.8887653722194955e-05, -0.5372655391693115, -0.2287139594554901, -5.686121585313231e-05, -0.02370120771229267, -0.006049536634236574, -0.06149231269955635, -0.0005831210291944444]",18.79264640808105,True,2.0,-0.932735346043728,-0.04909133400230147,19.0,-0.8408523067525948,-0.060060879053756774,14.0,0.02092347935719416,0,10,13,10,0.7692307692307693,-0.04641369856623892,-1.2135680912349491,False,11,0.5789473684210527,0.0,1.0,0.0,0.6151102011271918
~/anvil/data/cve-targets/sqlite3_repo_src_expr.c,3680,3626,3723,"sqlite3ExprCompare(0,pFarg->a[0].pExpr, pFarg->a[1].pExpr,-1),","sqlite3ExprCompare(pParse,pFarg->a[0].pExpr, pFarg->a[1].pExpr,-1),","        sqlite3ExprCompare(pParse,pFarg->a[0].pExpr, pFarg->a[1].pExpr,-1),",0.3183333575725555,"[[308, 21120, 29941, 21176, 6843, 598, 29898, 29886, 12914, 29892, 29886, 29943, 1191, 976, 29874, 29961, 29900, 1822, 29886, 21176, 29892, 282, 29943, 1191, 976, 29874, 29961, 29896, 1822, 29886, 21176, 6653, 29896, 511, 32010, 2]]","[-0.013343675062060356, -0.018939604982733727, -4.5060096454108134e-05, -0.0010588521836325526, -0.00035148640745319426, -1.9073468138230965e-06, -0.0030670766718685627, -0.01180013082921505, -0.10707323998212814, -0.004314993973821402, -0.07422125339508057, -0.00022802136663813144, -5.960462772236497e-07, -0.00046969347749836743, -1.7165990357170813e-05, -0.0002037079248111695, -0.013143331743776798, -9.97731985989958e-05, -1.5020257706055418e-05, -5.364403477869928e-06, -0.00017832119192462415, -0.25697892904281616, -1.5139465176616795e-05, -5.364403477869928e-06, -2.861018856492592e-06, -2.2172682292875834e-05, -4.768370445162873e-07, -0.00036197309964336455, -1.1205610462639015e-05, -8.702239938429557e-06, -3.576272320060525e-06, -0.5425550937652588, -0.0005042473785579205, -0.059989720582962036, -0.40685349702835083, 0.0]",8.253375053405762,False,0.0,-1.5158912359594865,-0.04210808988776352,36.0,-1.1090377389311357,-0.03261875702738634,34.0,0.01016705220752507,0,36,36,36,1.0,-9.75921177208826,-1.072419089356196,True,32,0.8888888888888888,6.0,0.9457364341085271,1.0,2.2838065758615764
~/anvil/data/cve-targets/libpng_repo_pngrutil.c,2634,2602,2642,limit = limit < idat_limit? idat_limit : limit;,if (idat_limit < limit),"     if (idat_limit < limit)
         limit = idat_limit;",0.6758478879928589,"[[418, 565, 313, 333, 271, 29918, 13400, 529, 4046, 29897, 13, 308, 4046, 353, 1178, 271, 29918, 13400, 29936, 32010, 2]]","[-0.13651686906814575, -0.09638532251119614, -0.00967539381235838, -0.432792067527771, -3.576272320060525e-06, -5.531158240046352e-05, -3.766942609217949e-05, -0.3466445505619049, -0.019148847088217735, -0.006226663943380117, -0.07644139230251312, -0.06348133832216263, -0.00490046851336956, -0.012248064391314983, -0.018363231793045998, -9.536738616588991e-07, -8.344646857949556e-07, -5.722029527532868e-06, -0.001966924872249365, -0.26245978474617004, 0.0]",8.902584075927734,False,1.0,-1.4873549869026874,-0.07082642794774702,21.0,-1.1874090024184625,-0.09895075020153854,12.0,0.019022968891431583,0,15,16,12,0.9375,-6.83014415369587,-1.0551539730009682,True,16,0.7619047619047619,28.0,0.5428571428571429,14.0,2.1498099030742086
~/anvil/data/cve-targets/poppler_repo_fofi_FoFiTrueType.cc,1311,1022,1326,} else if (needVerticalMetrics && i == t42VheaTable) {,} else if (needVerticalMetrics && i == t42VheaTable) {,               } else if (needVerticalMetrics && i == t42VheaTable) {,0.0022990829311311,"[[18884, 500, 1683, 565, 313, 26180, 29270, 10095, 10817, 2607, 474, 1275, 260, 29946, 29906, 29963, 354, 29874, 3562, 29897, 426, 32010, 2]]","[-0.0030374841298907995, -0.0002910667099058628, -0.005784438923001289, -0.000976919662207365, -0.004959187004715204, -0.012545124627649784, -0.0017059786478057504, -2.658331868587993e-05, -3.099436753473128e-06, -0.00047183825518004596, -0.007209357805550098, -9.738924563862383e-05, -0.0003364712174516171, -7.748573807475623e-06, -1.9073468138230965e-06, -0.0013813963159918785, -0.0008823553798720241, -3.814689989667386e-06, -1.6093124941107817e-05, -0.009228668175637722, -5.8412379075889476e-06, -0.024659907445311546, 0.0]",14.65703296661377,True,0.0,-0.07363267127470863,-0.003201420490204723,23.0,-0.04897276382939708,-0.0023320363728284326,21.0,1.2122823771636318e-05,1,15,15,15,1.0,-0.9858692419718289,-1.0943652556821308,False,20,0.8695652173913043,0.0,1.0,0.0,0.9377598495216503
~/anvil/data/cve-targets/poppler_repo_poppler_Stream.cc,520,507,538,if (nBits <= 0 || nVals > INT_MAX / nBits - 7 || width > INT_MAX / nComps) {,if (inputLineSize > INT_MAX / sizeof(char)) {,   if (inputLineSize > INT_MAX / sizeof(char)) {,0.6566762924194336,"[[1678, 565, 313, 2080, 3542, 3505, 1405, 19578, 29918, 12648, 847, 13810, 29898, 3090, 876, 426, 32010, 2]]","[-0.00700600678101182, -0.04808926209807396, -0.09131979197263718, -1.1016645431518555, -5.245071224635467e-05, -7.259582343976945e-05, -0.7468429207801819, -0.04193782061338425, -0.0005256939912214875, -0.0004167880106251687, -0.9313938021659851, -0.1798708289861679, -0.00285705691203475, -0.3394019901752472, -0.13316190242767334, -0.006378885358572006, -0.058995652943849564, 0.0]",11.490041732788086,False,0.0,-3.689987992904207,-0.20499933293912262,18.0,-3.6309923399603576,-0.22693702124752235,16.0,0.12454470741780539,1,34,21,21,1.619047619047619,-2.893649915776371,-1.011060458729861,True,35,1.9444444444444444,53.0,0.4297520661157025,23.0,2.460538457488035
~/anvil/data/cve-targets/libtiff_repo_libtiff_tif_jbig.c,71,39,108,{,{,	{,0.0010678715771064,"[[12, 29912, 32010, 2]]","[-0.0017150230705738068, -0.0004182179400231689, -0.14971132576465607, 0.0]",11.292591094970703,True,0.0,-0.15184456677525304,-0.03796114169381326,4.0,-0.0021332410105969757,-0.0010666205052984878,2.0,4.204258866556142e-07,0,2,2,2,1.0,-1.001172930579993,-1.00608189328945,False,1,0.25,0.0,1.0,0.0,0.9867504517293364
~/anvil/data/cve-targets/libpng_repo_png.c,4005,3952,4008,image->flags |= PNG_IMAGE_FLAG_INVALID;,/* Finally free the image structure. */,"  /* Finally free the image structure. */
   png_free(c.png_ptr, image);
",1.1882476806640625,"[[259, 4949, 9788, 3889, 278, 1967, 3829, 29889, 3776, 13, 259, 282, 865, 29918, 9021, 29898, 29883, 29889, 2732, 29918, 7414, 29892, 1967, 416, 13]]","[-0.2322549968957901, -0.5430542826652527, -1.5787198543548584, -0.9859507083892822, -0.041693732142448425, -0.4465599060058594, -0.7080636024475098, -0.7531985640525818, -0.07048797607421875, -0.04731139913201332, -0.01326874177902937, -0.16730931401252747, -5.4834770708112046e-05, -0.0011478032683953643, -0.258206844329834, -0.05004454776644707, -0.3099149465560913, -0.0002215855201939121, -0.0204155296087265, -0.0013069906271994114, -0.0013067525578662753, -0.0011988840997219086, -0.040088120847940445, -0.004393330309540033, -0.41974300146102905]",10.841307640075684,False,2.0,-6.695916249675065,-0.26783664998700263,25.0,-5.420563763938844,-0.4927785239944404,11.0,0.21994248602919705,1,10,15,2,0.6666666666666666,-2.4113219688069614,-1.0052322538274827,True,15,0.6,37.0,0.17948717948717952,9.0,2.299129687131933
~/anvil/data/cve-targets/openssl_repo_crypto_asn1_a_d2i_fp.c,169,89,226,size_t chunk_max = want;,if (want > ASN1_CHUNK_INITIAL,               if (want > ASN1_CHUNK_INITIAL,1.9999512434005735,"[[18884, 565, 313, 29893, 424, 1405, 3339, 29940, 29896, 29918, 3210, 3904, 29968, 29918, 26019, 25758]]","[-0.06569550186395645, -0.44346344470977783, -0.06903189420700073, -0.8935021162033081, -2.8967437174287625e-05, -0.23736292123794556, -1.0272769927978516, -4.768360213347478e-06, -6.198863957251888e-06, -5.602820692729438e-06, -0.0109253553673625, -1.4305104514278355e-06, -2.3841830625315197e-06, -5.006777428206988e-06, -0.007832765579223633, -2.52720492426306e-05]",7.393231868743896,False,0.0,-2.755170622968649,-0.17219816393554055,16.0,-2.755170622968649,-0.17219816393554055,16.0,0.10259198317202173,1,8,7,7,1.1428571428571428,-11.614242554579276,-1.0957296708640207,True,9,0.5625,26.0,0.2264150943396226,8.0,2.2246461932934056
~/anvil/data/cve-targets/php_repo_ext_phar_phar.c,1755,1667,1791,"pos = memchr(pos + 1, '.', filename_len - (pos - filename) + 1);",pos--;,		pos--;,0.3228237926959991,"[[12, 12, 1066, 489, 29936, 32010, 2]]","[-0.0031996979378163815, -0.0002899941464420408, -0.6478447914123535, -0.29455801844596863, -5.864924969500862e-05, -0.47591501474380493, 0.0]",8.47661018371582,False,0.0,-1.4218661659360805,-0.20312373799086864,7.0,-0.9459511511922756,-0.1891902302384551,5.0,0.06550258190115317,1,34,6,6,5.666666666666667,-1.7063449433361988,-1.0664507188428247,True,25,3.5714285714285716,58.0,0.17142857142857137,30.0,2.27522427957519
~/anvil/data/cve-targets/libtiff_repo_libtiff_tif_dirwrite.c,1999,1971,2023,"if (!_TIFFmemcmp(tif->tif_dir.td_transferfunction[0],tif->tif_dir.td_transferfunction[2],m*sizeof(uint16_t)))","if (!_TIFFmemcmp(tif->tif_dir.td_transferfunction[0],tif->tif_dir.td_transferfunction[1],m*sizeof(uint16_t)))","		if (!_TIFFmemcmp(tif->tif_dir.td_transferfunction[0],tif->tif_dir.td_transferfunction[1],m*sizeof(uint16_t)))
			n=2;
		if (!_TIFFmemcmp(tif->tif_dir.td_",0.0313968211412429,"[[12, 12, 361, 5384, 29918, 24301, 4198, 6954, 21058, 29898, 29873, 361, 976, 29873, 361, 29918, 3972, 29889, 1594, 29918, 3286, 571, 2220, 29961, 29900, 1402, 29873, 361, 976, 29873, 361, 29918, 3972, 29889, 1594, 29918, 3286, 571, 2220, 29961, 29896, 1402, 29885, 29930, 17921, 29898, 13470, 29896, 29953, 29918, 29873, 4961, 13, 12, 12, 12, 29876, 29922, 29906, 29936, 13, 12, 12, 361, 5384, 29918, 24301, 4198, 6954, 21058, 29898, 29873, 361, 976, 29873, 361, 29918, 3972, 29889, 1594, 29918]]","[-0.0016853903653100133, -0.0006591292913071811, -0.0576484352350235, -0.08451025187969208, -0.0071015325374901295, -1.597391747054644e-05, 0.0, -0.00019751029321923852, -0.00013124081306159496, -0.032649729400873184, -0.001256867777556181, -1.7881377516459906e-06, -4.768360213347478e-06, -1.7881233361549675e-05, -7.152555099310121e-07, 0.0, -6.556489552167477e-06, -2.0265558760002023e-06, -7.867782187531702e-06, -1.1920928244535389e-07, -4.672895011026412e-05, -1.1920928244535389e-07, -1.4185804502631072e-05, -0.0003190723655279726, -0.4386782646179199, -0.0023928838782012463, -0.013978435657918453, -9.536738616588991e-07, -1.0728830375228426e-06, -2.3841574147809297e-05, -1.1920928244535389e-07, -3.576278118089249e-07, -3.099436753473128e-06, -1.6331539882230572e-05, -1.728519782773219e-05, -5.960462772236497e-07, -2.52720492426306e-05, -5.960462772236497e-07, -1.0013530300057027e-05, -4.5060096454108134e-05, -0.5618729591369629, -0.0004024887748528272, -0.017173394560813904, -0.00022682955022901297, -0.0056111449375748634, -3.58813522325363e-05, -0.00016819016309455037, -4.076874756719917e-05, -3.576278118089249e-07, -1.8596476365928538e-05, -1.0371154530730564e-05, -0.6868784427642822, -0.14582978188991547, -0.0001902399235405028, -3.671578815556131e-05, -0.4533233642578125, -0.5039414167404175, -0.04252304509282112, -0.23397260904312134, -0.0023557788226753473, -0.0008058876264840364, -0.0005138983833603561, -0.08781993389129639, -0.06016349792480469, -0.023663487285375595, -0.00029690624796785414, -1.5497195136049413e-06, -3.576278118089249e-07, -6.9141146923357155e-06, -5.07818695041351e-05, -0.007296343334019184, -7.068861305015162e-05, -2.3841830625315197e-06, -2.3841855067985307e-07, -4.887569048150908e-06, 0.0, 0.0, -3.576278118089249e-07, -2.145764938177308e-06, -4.0531076592742465e-06, -1.1920928244535389e-07]",10.30236530303955,False,2.0,-3.476788883252368,-0.042923319546325535,81.0,-2.5132916010350996,-0.046542437056205546,54.0,0.019750496145110284,1,50,66,50,0.7575757575757576,-0.674584811777851,-1.0188679638173643,True,50,0.6172839506172839,1.0,0.9908256880733946,1.0,2.509290874862932
~/anvil/data/cve-targets/openssl_repo_crypto_x509_x509_vfy.c,1029,1021,1047,return 0;,return 0;,"       return 0;
    /* Base",0.0017696316353976,"[[4706, 736, 29871, 29900, 29936, 13, 1678, 4949, 7399]]","[-0.0032905975822359324, -0.0009598892065696418, -0.0016762267332524061, -0.004436768591403961, -3.158996332786046e-05, -0.632882297039032, -0.022159354761242867, -0.06345292180776596, -0.12635059654712677]",9.14073371887207,True,1.0,-0.8552402422319574,-0.09502669358132859,9.0,-0.6654367238770647,-0.09506238912529495,7.0,0.04825818274209014,0,5,11,5,0.45454545454545453,-0.018615476127632084,-1.048890523433123,False,4,0.4444444444444444,0.0,1.0,0.0,0.9254721746536136
~/anvil/data/cve-targets/libtiff_repo_libtiff_tif_predict.c,4,-151,154,*,*,* ,0.0001811817055568,"[[334, 29871, 32010, 2]]","[-0.00018142008048016578, -0.12713582813739777, -0.5049581527709961, 0.0]",16.808198928833008,True,0.0,-0.632275400988874,-0.1580688502472185,4.0,-0.12731724821787793,-0.06365862410893897,2.0,0.004029355431270586,0,2,2,2,1.0,-0.0028461454844946675,-1.1548306029109985,False,1,0.25,0.0,1.0,0.0,0.6547526622030126
~/anvil/data/cve-targets/libsndfile_repo_src_common.c,630,470,684,"if (psf->header.indx + (sf_count_t) size > psf->header.len && psf_bump_header_allocation (psf, size))","if (psf->header.indx + (sf_count_t) size > psf->header.len && psf_bump_header_allocation (psf, size))","					if (psf->header.indx + (sf_count_t) size > psf->header.len && psf_bump_header_allocation (psf, size))",0.0134141156449913,"[[12, 12, 12, 12, 12, 361, 313, 567, 29888, 976, 6672, 29889, 513, 29916, 718, 313, 4668, 29918, 2798, 29918, 29873, 29897, 2159, 1405, 282, 4668, 976, 6672, 29889, 2435, 2607, 282, 4668, 29918, 2404, 29886, 29918, 6672, 29918, 284, 5479, 313, 567, 29888, 29892, 2159, 876, 32010, 2]]","[-0.04033786803483963, -9.77468371274881e-05, -4.756337511935271e-05, -2.7656173188006505e-05, -2.8729025871143676e-05, -0.1208212748169899, -0.0025638823863118887, -0.0028117666952311993, -3.576272320060525e-06, -0.0010383697226643562, -0.004256475251168013, -3.576272320060525e-06, -0.0001586549769854173, -1.0728830375228426e-06, -0.00035851728171110153, -0.09802286326885223, -0.007112895604223013, -2.455681169521995e-05, -4.887569048150908e-06, -3.2186455882765586e-06, -2.7418097943154862e-06, -0.00044276448898017406, -0.018076324835419655, -0.22918206453323364, -0.0006379238329827785, -2.3841855067985307e-07, -9.059865078597795e-06, -1.3351351299206726e-05, -2.3841830625315197e-06, -0.00022837892174720764, -0.006625588983297348, -0.0007325111655518413, -9.536738616588991e-07, -6.663577369181439e-05, -1.680836794548668e-05, -1.9073468138230965e-06, -5.960462772236497e-07, -5.722029527532868e-06, -4.768360213347478e-06, -1.1444026313256472e-05, -1.0609570381348021e-05, -0.00010954733443213627, -1.5616295058862306e-05, -7.152555099310121e-07, -3.0517112463712692e-05, -0.07181446254253387, -0.023683395236730576, -0.11633791774511337, 0.0]",11.332748413085938,True,0.0,-0.745790101010158,-0.01522020614306445,49.0,-0.6294521832650446,-0.013392599643937119,47.0,0.001619198769131225,1,42,42,42,1.0,-1.0016065589673564,-1.0070924392307297,False,42,0.8571428571428571,0.0,1.0,0.0,1.441325043770021
~/anvil/data/cve-targets/openssl_repo_crypto_bn_bn_gf2m.c,598,495,643,if (ubits <= BN_BITS2 && udp[0] == 1),"if (BN_abs_is_word(u, 1))","           if (BN_abs_is_word(u, 1))
                break;
            if (ubits < vbits) {
               ",0.6365182399749756,"[[9651, 565, 313, 29933, 29940, 29918, 6897, 29918, 275, 29918, 1742, 29898, 29884, 29892, 29871, 29896, 876, 13, 18884, 2867, 29936, 13, 9651, 565, 313, 431, 1169, 529, 325, 14836, 29897, 426, 13, 18884]]","[-0.011948325671255589, -0.18404467403888702, -0.1068757176399231, -0.5177052021026611, -4.482168878894299e-05, -3.3378546504536644e-06, -0.14599864184856415, -4.589452510117553e-05, -0.00021026308240834624, -3.576278118089249e-07, -0.02336749993264675, -0.00039152585668489337, -0.010039310902357101, -0.0005544078885577619, -0.0028219898231327534, -0.0004003438516519964, -0.014753054827451706, -0.4516613483428955, -0.015346773900091648, -0.01704976335167885, -0.00013445904187392443, -0.034906551241874695, -0.02392866089940071, -0.5902098417282104, -0.13642284274101257, -0.7931569218635559, -2.264974000354414e-06, -0.4068858027458191, -0.07273801416158676, -1.9073468138230965e-06, -0.05081711709499359, -0.14648208022117615, -0.01880086585879326, -0.003188646864145994]",11.217342376708984,False,3.0,-3.780939231540458,-0.1112040950453076,34.0,-1.4862134914055218,-0.07822176270555378,19.0,0.02229601445260697,1,23,29,16,0.7931034482758621,-8.137354848048988,-1.0041910131025709,True,21,0.6176470588235294,27.0,0.3870967741935484,15.0,2.3471347247208185
~/anvil/data/cve-targets/poppler_repo_poppler_GfxState.cc,4327,4304,4344,return false;,return false;,           return false;,0.0002797757042571,"[[9651, 736, 2089, 29936, 32010, 2]]","[-0.0008835464250296354, -0.0007177399238571525, -0.00010430268594063818, -1.6569954823353328e-05, -0.03170570731163025, 0.0]",13.173852920532228,True,0.0,-0.03342786630128103,-0.005571311050213505,6.0,-0.0017221589896507794,-0.00043053974741269485,4.0,1.413751501924128e-07,0,5,5,5,1.0,-0.6498254944831386,-1.0545298405862178,False,3,0.5,0.0,1.0,0.0,0.9126162337524607
~/anvil/data/cve-targets/libsndfile_repo_src_file_io.c,303,297,328,ssize_t	count ;,sf_count_t count ;,"	sf_count_t count ;

	if (psf",0.7291356921195984,"[[12, 4668, 29918, 2798, 29918, 29873, 2302, 2056, 13, 13, 12, 361, 313, 567, 29888]]","[-0.01238018088042736, -0.2526279389858246, -8.964136941358447e-05, -6.389413465512916e-05, -1.0609570381348021e-05, -1.3112935448589269e-05, -0.10812156647443771, -0.18790030479431152, -0.12622345983982086, -0.5185779333114624, -0.028522389009594917, -0.2840801179409027, -0.1100035086274147, -0.5162661075592041, -1.7404405298293568e-05]",12.320369720458984,False,2.0,-2.144898169838598,-0.1429932113225732,15.0,-1.234531031305778,-0.11223009375507073,11.0,0.023462580230493826,1,5,8,5,0.625,-6.496793041186022,-1.0322676031896367,True,7,0.4666666666666667,8.0,0.6060606060606061,1.0,2.0970850899538545
~/anvil/data/cve-targets/lua_repo_ldebug.c,778,747,794,if (npci == 0 ||,if (npci == 0 ||  /* call linehook when,   if (npci == 0 ||  /* call linehook when,0.2597168087959289,"[[1678, 565, 313, 9302, 455, 1275, 29871, 29900, 3830, 29871, 4949, 1246, 1196, 20849, 746]]","[-0.0040491982363164425, -0.600706160068512, -0.10773803293704987, -0.21453295648097992, -7.152531907195225e-06, -0.2709692120552063, -0.5123800039291382, -0.0018848287872970104, -0.38131481409072876, -0.3026164174079895, -0.01675650104880333, -0.005405334290117025, -0.9271335601806641, -0.015470851212739944, -0.3680260479450226]",7.400132179260254,False,0.0,-3.728991071202472,-0.24859940474683148,15.0,-3.728991071202472,-0.24859940474683148,15.0,0.07066527822350904,1,8,15,15,0.5333333333333333,-1.0447201555467083,-1.0955406652926798,True,8,0.5333333333333333,23.0,0.5818181818181818,8.0,1.9032029236567214
~/anvil/data/cve-targets/lua_repo_ldebug.c,764,747,794,resethookcount(L);  /* reset count */,L->hookcount = L->basehookcount;  /* reset count */,   L->hookcount = L->basehookcount;  /* reset count */,0.3815394639968872,"[[1678, 365, 976, 20849, 2798, 353, 365, 976, 3188, 20849, 2798, 29936, 29871, 4949, 10092, 2302, 3776, 32010, 2]]","[-0.0025301130954176188, -0.162141352891922, -4.756337511935271e-05, -0.0002153879904653877, -0.00030858523678034544, -4.0649541915627196e-05, -0.002865258837118745, -0.12882117927074432, -0.6284884810447693, -0.00216535571962595, -4.8874615458771586e-05, -6.16293036728166e-05, -0.22803042829036713, -0.0002277830062666908, -0.1113477498292923, -0.03711315244436264, -0.012230518274009228, -0.1003134474158287, 0.0]",10.354742050170898,False,0.0,-1.416997510183137,-0.07457881632542826,19.0,-1.3166840627673082,-0.0774520036921946,17.0,0.023637961134746463,0,10,14,14,0.7142857142857143,-4.926140652386217,-1.0175347121576468,True,12,0.631578947368421,23.0,0.7045454545454546,10.0,2.122480286788583
~/anvil/data/cve-targets/libtiff_repo_libtiff_tif_dir.c,248,248,249,{,﻿using System,﻿using System,5.406733512878418,"[[29871, 30143, 4746, 2184]]","[-1.0830049514770508, -0.02279670350253582, -0.21721869707107544, -0.3430291414260864]",1.7478843927383425,False,0.0,-1.6660494934767485,-0.4165123733691871,4.0,-1.6660494934767485,-0.4165123733691871,4.0,0.16108553504015818,1,2,5,5,0.4,-12.980967333918823,-1.2618188279334592,True,1,0.25,15.0,0.0,4.0,2.416048031288137
~/anvil/data/cve-targets/openssl_repo_crypto_evp_encode.c,247,239,250,ctx->length = 0;,ctx->length = 0;,   ctx->length = 0;,0.0622120201587677,"[[1678, 12893, 976, 2848, 353, 29871, 29900, 29936, 32010, 2]]","[-0.023288656026124954, -0.009719193913042545, -5.090107151772827e-05, -0.3159683048725128, -0.007304982282221317, -0.09129911661148071, -0.009751186706125736, -0.0002113357331836596, -0.4247913956642151, 0.0]",13.350163459777832,True,0.0,-0.8823850728804246,-0.08823850728804246,10.0,-0.45759367721620947,-0.057199209652026184,8.0,0.010347852698921172,0,10,10,10,1.0,-1.0876377582354224,-1.0591882176774812,False,7,0.7,0.0,1.0,0.0,0.9704970189660729
~/anvil/data/cve-targets/libtiff_repo_libtiff_tif_dirread.c,5771,5720,5775,nstrips = (uint32_t)nstrips64;,nstrips = (uint32_t) nstrips64;,"       nstrips = (uint32_t) nstrips64;
	if (td->td_strips",0.0672041028738021,"[[4706, 302, 303, 374, 567, 353, 313, 13470, 29941, 29906, 29918, 29873, 29897, 302, 303, 374, 567, 29953, 29946, 29936, 13, 12, 361, 313, 1594, 976, 1594, 29918, 303, 374, 567]]","[-0.5500837564468384, -0.31623318791389465, -1.3708974620385561e-05, -2.3841855067985307e-07, -2.145764938177308e-06, -0.06570900976657867, -0.05910218507051468, -0.008293711580336094, -0.001802606973797083, -1.4305104514278355e-06, -0.004077098798006773, -3.182837463100441e-05, -0.03916863724589348, -0.6490504145622253, -8.821448318485636e-06, -1.1920928244535389e-07, -7.152555099310121e-07, -0.00010585224663373083, -1.5497195136049413e-06, -0.007284864317625761, -0.18635721504688263, -0.6959127187728882, -1.4857317209243774, -0.3491295576095581, -1.0176327228546143, -0.00033778208307921886, -0.00043299360550008714, -8.344646857949556e-07, -0.4119286835193634, -0.0024446146562695503, -0.6150370836257935]",9.750099182128906,False,1.0,-6.465917809761173,-0.20857799386326364,31.0,-2.5832418164179316,-0.11742008256445144,22.0,0.047683987689921485,1,12,18,12,0.6666666666666666,-0.572339087199279,-1.0330326789129345,True,19,0.6129032258064516,1.0,0.9836065573770492,0.0,2.052496286955014
~/anvil/data/cve-targets/libsndfile_repo_src_common.c,617,470,684,"memcpy (&(psf->header.ptr [psf->header.indx]), strptr, size + 1) ;","memcpy (&(psf->header.ptr [psf->header.indx]), strptr, size) ;","					memcpy (&(psf->header.ptr [psf->header.indx]), strptr, size) ;",0.2132943272590637,"[[12, 12, 12, 12, 12, 6954, 23141, 313, 29987, 29898, 567, 29888, 976, 6672, 29889, 7414, 518, 567, 29888, 976, 6672, 29889, 513, 29916, 11724, 851, 7414, 29892, 2159, 29897, 2056, 32010, 2]]","[-0.024559298530220985, -2.455681169521995e-05, -1.8358061424805783e-05, -1.728519782773219e-05, -0.00014244495832826942, -0.07705500721931458, -0.0012946089264005423, -0.00038235029205679893, -0.0031240014359354973, -0.0005927712772972882, -1.2397689715726301e-05, -3.576278118089249e-07, -2.861018856492592e-06, -3.933898824470816e-06, -8.4638240878121e-06, -4.8874615458771586e-05, -0.0012705596163868904, -2.634490556374658e-05, -1.1920928244535389e-07, -1.7881377516459906e-06, -3.4570634852570947e-06, -9.059865078597795e-06, -3.099436753473128e-06, -2.3841855067985307e-07, -0.0022475477308034897, -0.00040236959466710687, -1.8715683836489916e-05, -0.00012563870404846966, -0.012802904471755028, -0.009143976494669914, -0.00023409964342135936, -0.3092571496963501, 0.0]",11.033487319946287,False,0.0,-0.4428346400576615,-0.013419231516898833,33.0,-0.1335774903613114,-0.004308951301977787,31.0,0.0002010141166688877,1,38,35,35,1.0857142857142856,-49.50028726506208,-1.0004142069109723,True,29,0.8787878787878788,4.0,0.96875,3.0,2.4477373584158033
~/anvil/data/cve-targets/libtiff_repo_libtiff_tif_predict.c,483,474,493,tmsize_t wc = cc/2;,tmsize_t wc = cc / 2;,"	tmsize_t wc = cc / 2;

	if (wc >",0.1914568543434143,"[[12, 29873, 1516, 675, 29918, 29873, 28678, 353, 21759, 847, 29871, 29906, 29936, 13, 13, 12, 361, 313, 29893, 29883, 1405]]","[-0.02391713671386242, -0.32926076650619507, -9.476689592702314e-05, -0.0004881620698142797, -9.775113539944869e-06, -4.7205765440594405e-05, -0.006097523961216211, -0.06622704863548279, -0.11362039297819138, -0.815058708190918, -0.7632836103439331, -0.012307059951126575, -0.08948877453804016, -0.39766165614128113, -0.8953640460968018, -0.047391895204782486, -1.0325981378555298, -0.05620868504047394, -0.14968885481357574, -1.0967194612021558e-05, -0.04676969349384308]",10.848278045654297,False,2.0,-4.8455948675045875,-0.2307426127383137,21.0,-3.560318529106553,-0.22251990806915956,16.0,0.09695098792008833,1,11,15,11,0.7333333333333333,-0.8604032601159857,-1.00505709717659,True,11,0.5238095238095238,2.0,0.95,0.0,2.126522707687208
~/anvil/data/cve-targets/libpng_repo_pngrtran.c,1694,1673,1848,info_ptr->num_trans = 0;,info_ptr->num_trans = 0;,"        info_ptr->num_trans = 0;
      }
      else if",0.0390593633055686,"[[308, 5235, 29918, 7414, 976, 1949, 29918, 3286, 353, 29871, 29900, 29936, 13, 418, 500, 13, 418, 1683, 565]]","[-0.21139679849147797, -0.2605655789375305, -1.6093124941107817e-05, -0.00019727191829588264, -4.3748852476710454e-05, -0.09624706953763962, -3.0278701160568744e-05, -0.004070925060659647, -0.006409090012311935, -0.03575002774596214, -0.02642851322889328, -0.001278893556445837, -0.5071907043457031, -0.2669047713279724, -0.0003332536434754729, -0.000747877755202353, -0.3230425715446472, -0.10082325339317322, -0.6454763412475586]",10.527082443237305,True,2.0,-2.4869530624255276,-0.1308922664434488,19.0,-1.4165297648414708,-0.10118069748867649,14.0,0.022074105777280594,1,10,13,10,0.7692307692307693,-0.38603571901587136,-1.0131600846813584,False,11,0.5789473684210527,0.0,1.0,0.0,1.0688959803234401
~/anvil/data/cve-targets/libpng_repo_pngset.c,683,602,757,else,else,"        else
           ",0.00073668040568,"[[308, 1683, 13, 9651]]","[-0.00047219570842571557, -0.0007481159991584718, -0.39814987778663635, -0.022964248433709145]",11.92481803894043,True,1.0,-0.4223344379279297,-0.10558360948198242,4.0,-0.4223344379279297,-0.10558360948198242,4.0,0.028614967542249688,0,2,2,2,1.0,-0.006977223162707965,-1.0221100293758048,False,1,0.25,0.0,1.0,0.0,0.9509330731808557
~/anvil/data/cve-targets/libpng_repo_png.c,4019,4006,4022,"(void)png_safe_execute(image, png_image_free_function, image);",png_image_free_helper(image);,"     png_image_free_helper(image);
      png_free(image->opaque, image->opaque);",0.7604556679725647,"[[418, 282, 865, 29918, 3027, 29918, 9021, 29918, 20907, 29898, 3027, 416, 13, 418, 282, 865, 29918, 9021, 29898, 3027, 976, 459, 19772, 29892, 1967, 976, 459, 19772, 416, 32010, 2]]","[-0.023427240550518036, -0.49145597219467163, -0.002056271303445101, -0.016184967011213303, -0.9899433851242065, -0.045843128114938736, -0.05636317655444145, -0.08997416496276855, -1.8824074268341064, -0.11838748306035995, -0.007278947159647942, -0.0709773376584053, -0.5281816720962524, -0.8545646071434021, -0.8714538812637329, -0.0008685392094776034, -0.006701731588691473, -0.5829776525497437, -0.07850552350282669, -0.07259656488895416, -0.00785381905734539, -0.03859405964612961, -0.0004997196956537664, -0.09466420114040375, -0.04614494368433952, -0.6301300525665283, -0.33333662152290344, -0.0014218707801774144, -0.22346211969852448, -0.08999823778867722, -1.1920928244535389e-07]",5.646128177642822,False,1.0,-8.25625543756177,-0.2663308205665087,31.0,-5.1770457797683775,-0.36978898426916984,14.0,0.2780794124411747,1,18,25,9,0.72,-2.0564584136422734,-1.1446490685837274,True,22,0.7096774193548387,40.0,0.48351648351648346,10.0,1.9999006667729715
~/anvil/data/cve-targets/libsndfile_repo_src_common.c,1058,903,1208,"psf_memset (void *s, int c, sf_count_t len)","psf_memdup_n (const void *src, size_t n)","psf_memdup_n (const void *src, size_t n)
{	if (src == NULL)
		return",0.2505813837051391,"[[567, 29888, 29918, 6954, 20908, 29918, 29876, 313, 3075, 1780, 334, 4351, 29892, 2159, 29918, 29873, 302, 29897, 13, 29912, 12, 361, 313, 4351, 1275, 4265, 29897, 13, 12, 12, 2457]]","[-0.00528059434145689, -0.00021634146105498075, -7.045020902296528e-05, -0.20092648267745972, -1.2300968170166016, -0.7588997483253479, -2.5599560737609863, -1.9552932977676392, -0.18834425508975983, -0.018133221194148064, -0.014446075074374676, -0.3578202724456787, -0.0030235787853598595, -0.04166445881128311, -2.2053474822314456e-05, -1.0847986231965479e-05, -0.19904325902462006, -0.6970584392547607, -0.003715399419888854, -0.0005245024804025888, -0.08351834118366241, -0.5435700416564941, -0.004569208715111017, -0.018496179953217506, -0.005903308745473623, -0.0006398299592547119, -0.05846597999334335, -0.0008872386533766985, -0.00029059001826681197, -0.003953143022954464, -0.001049682730808854]",6.658639907836914,False,2.0,-8.955889713232864,-0.2888996681688021,31.0,-8.234021666120498,-0.433369561374763,19.0,0.506786999287289,0,19,28,17,0.6785714285714286,-0.5782163909025557,-1.1160384384859126,True,20,0.6451612903225806,26.0,0.6265060240963856,10.0,1.9807861369615887
~/anvil/data/cve-targets/poppler_repo_poppler_FileSpec.cc,85,79,91,int c;,int c;,   int c;,0.2606053650379181,"[[1678, 938, 274, 29936, 32010, 2]]","[-0.0294506698846817, -0.690829336643219, -0.04112735390663147, -0.050537560135126114, -0.4567273259162903, -5.960462772236497e-07]",4.964646816253662,True,0.0,-1.2686728425322258,-0.21144547375537096,6.0,-0.8119449205696583,-0.20298623014241457,4.0,0.07938609500940552,1,5,5,5,1.0,-1.2838573574920726,-1.164317564392565,False,3,0.5,0.0,1.0,0.0,0.7158464602356471
~/anvil/data/cve-targets/openssl_repo_crypto_asn1_tasn_enc.c,524,454,567,case V_ASN1_NEG_ENUMERATED:,return ossl_i2c_ASN1_NEG_INTEGER((ASN1_INTEGER,       return ossl_i2c_ASN1_NEG_INTEGER((ASN1_INTEGER,0.2010196298360824,"[[4706, 736, 288, 16265, 29918, 29875, 29906, 29883, 29918, 3289, 29940, 29896, 29918, 8186, 29954, 29918, 1177, 4330, 17070, 3552, 3289, 29940, 29896, 29918, 1177, 4330, 17070]]","[-0.5272592306137085, -0.6733800768852234, -0.0311844851821661, -0.00012265883560758084, -4.887569048150908e-06, -0.005296128336340189, -2.396077979938127e-05, -0.0005710878176614642, -1.2397689715726301e-05, -0.00941928569227457, -6.079655122448457e-06, -3.814689989667386e-06, -1.6927575416048057e-05, -0.2180626541376114, -4.291525328881107e-06, -0.0005143749876879156, -0.004049554467201233, -2.622600959512056e-06, -6.663577369181439e-05, -0.007181307766586542, -0.000707971747033298, -2.861018856492592e-06, -4.577531944960356e-05, -3.814689989667386e-06, -0.6371157765388489, -1.1920922133867862e-06, -1.537788011773955e-05]",11.385785102844238,False,0.0,-2.1150752318676496,-0.07833611969880183,27.0,-2.1150752318676496,-0.07833611969880183,27.0,0.03779194076046347,1,5,6,6,0.8333333333333334,-2.566116762088703,-1.0084286461162797,True,16,0.5925925925925926,29.0,0.4931506849315068,6.0,2.052588203253738
~/anvil/data/cve-targets/libpng_repo_png.c,2261,2226,2361,*/,*/,"      */
     ",0.3499029278755188,"[[539, 3776, 13, 418]]","[-0.0018856617389246821, -0.349902868270874, -0.025149550288915634, -0.12185698002576828]",11.935016632080078,True,1.0,-0.4987950603244826,-0.12469876508112065,4.0,-0.4987950603244826,-0.12469876508112065,4.0,0.01892951708852185,1,3,3,3,1.0,-2.8059855095429005,-1.0223706647091533,False,1,0.25,0.0,1.0,0.0,1.026295288384093
~/anvil/data/cve-targets/openssl_repo_ssl_statem_statem.c,581,479,620,if (SSL_IS_DTLS(s)) {,if (SSL_IS_DTLS(s)) {,               if (SSL_IS_DTLS(s)) {,0.0249401777982711,"[[18884, 565, 313, 18641, 29918, 3235, 29918, 12972, 8547, 29898, 29879, 876, 426, 32010, 2]]","[-0.07156091183423996, -0.2380986511707306, -0.024131160229444504, -0.026589995250105858, -1.585470999998506e-05, -0.0003237200144212693, -3.6954811548639555e-06, -0.0007631250191479921, -6.6756979322235566e-06, -1.5735502529423684e-05, -6.9141146923357155e-06, -0.007866828702390194, -0.0011818574275821447, -0.6039387583732605, 0.0]",16.276227951049805,True,0.0,-0.9745038835276318,-0.06496692556850879,15.0,-0.37056512515437134,-0.028505009627259333,13.0,0.004046329354884293,0,15,15,15,1.0,-0.8749401640061477,-1.1395738703940717,False,12,0.8,0.0,1.0,0.0,0.8410944821357765
~/anvil/data/cve-targets/libtiff_repo_libtiff_tif_predict.c,177,101,179,},sp->bytest,		sp->bytest,3.05921483039856,"[[12, 12, 1028, 976, 1609, 1688]]","[-0.08238405734300613, -0.004758462775498629, -0.7207221984863281, -0.0009535771678201854, -0.9718230962753296, -0.8346039652824402]",5.985504150390625,False,0.0,-2.615245357330423,-0.43587422622173716,6.0,-2.615245357330423,-0.43587422622173716,6.0,0.17122283923093584,0,2,5,5,0.4,-7.018572437550556,-1.134978491336924,True,1,0.16666666666666666,10.0,0.0,4.0,2.2648227475443345
~/anvil/data/cve-targets/php_repo_ext_phar_phar.c,2299,2290,2321,"written = php_stream_write(newfile, ZSTR_VAL(newstub), phar->halt_offset);","php_stream_write(newfile, ZSTR_VAL(newstub), ZSTR_LEN(newstub));","			php_stream_write(newfile, ZSTR_VAL(newstub), ZSTR_LEN(newstub));",0.215216115117073,"[[12, 12, 12, 1961, 29918, 5461, 29918, 3539, 29898, 1482, 1445, 29892, 796, 10810, 29918, 8932, 29898, 1482, 303, 431, 511, 796, 10810, 29918, 1307, 29940, 29898, 1482, 303, 431, 2483, 32010, 2]]","[-0.03701367229223251, -0.00046850196667946875, -0.03448938578367233, -0.38649171590805054, -1.9430925021879375e-05, -0.00046921687317080796, -1.7404405298293568e-05, -0.028061866760253906, -0.0117220189422369, -0.0007524043321609497, -7.080780778778717e-05, -0.0005129451747052372, -0.038254957646131516, -0.0002609150833450258, -0.00031668893643654883, -0.0006364941946230829, -0.0005534547381103039, -0.001800108002498746, -6.603976362384856e-05, -1.1920928244535389e-07, -0.0011401826050132513, -0.22667182981967926, -0.00010656742961145937, -0.0002195594133809209, -0.0003591130953282118, -2.95634672511369e-05, -0.00014077626110520214, -0.00014280252798926085, -2.3841855067985307e-07, -1.9073468138230965e-06, -0.01227385364472866, -0.22806240618228912, 0.0]",11.770431518554688,False,0.0,-1.0111269489570631,-0.03064021057445646,33.0,-0.783064542774774,-0.025260146541121742,31.0,0.00600261489003783,0,24,23,23,1.0434782608695652,-8.519986800817497,-1.0181726325041156,True,27,0.8181818181818182,27.0,0.7246376811594203,9.0,2.2493857803425743
~/anvil/data/cve-targets/libsndfile_repo_src_common.c,478,470,684,unsigned int 	data ;,unsigned int	data ;,	unsigned int	data ;,0.2262830734252929,"[[12, 15395, 938, 12, 1272, 2056, 32010, 2]]","[-0.00614124396815896, -0.1458185464143753, -0.07947841286659241, -0.40710678696632385, -0.25750115513801575, -0.01929759420454502, -0.06142673268914223, 0.0]",8.599092483520508,False,0.0,-0.9767704722471535,-0.12209630903089419,8.0,-0.9153437395580113,-0.15255728992633522,6.0,0.02006506654053374,0,7,7,7,1.0,-1.4832662112348574,-1.0631901799524133,True,6,0.75,1.0,0.9743589743589743,0.0,1.9578241408385455
~/anvil/data/cve-targets/php_repo_ext_intl_msgformat_msgformat_parse.c,83,57,115,if(pattern && pattern_len) {,/* Convert the pattern to UTF-16. */,"	/* Convert the pattern to UTF-16. */
	if(pattern_",0.3634074330329895,"[[12, 5515, 14806, 278, 4766, 304, 18351, 29899, 29896, 29953, 29889, 3776, 13, 12, 361, 29898, 11037, 29918]]","[-0.07109425961971283, -1.050123691558838, -0.5725553631782532, -1.1463618278503418, -0.15626372396945953, -0.5648056864738464, -0.009155198000371456, -0.000851387856528163, -0.001019792165607214, -7.510157047363464e-06, -0.023671170696616173, -0.00424353638663888, -0.0007568117580376565, -0.006162569858133793, -0.08158397674560547, -0.0762500986456871, -0.40829384326934814, -0.5696654319763184]",10.339399337768556,False,1.0,-4.742865880166391,-0.26349254889813284,18.0,-3.6070725295294324,-0.2576480378235309,14.0,0.15461074039006079,0,13,5,2,2.6,-1.4104801111735834,-1.0179250805804423,True,9,0.5,24.0,0.375,12.0,2.1523467402089964
~/anvil/data/cve-targets/lua_repo_ldebug.c,780,747,794,"changedline(p, pcRel(L->oldpc, p), npci)) {","(npci > 0 && getOpMode(getOpCode(p, npci - 1)) == iAsBx)) {","       (npci > 0 && getOpMode(getOpCode(p, npci - 1)) == iAsBx)) {",1.2127434015274048,"[[4706, 313, 9302, 455, 1405, 29871, 29900, 2607, 679, 11746, 6818, 29898, 657, 11746, 3399, 29898, 29886, 29892, 7442, 455, 448, 29871, 29896, 876, 1275, 474, 2887, 29933, 29916, 876, 426]]","[-0.01311121229082346, -1.2372491359710693, -0.7873197793960571, -1.3828182090946939e-05, -0.3597027361392975, -0.05481967702507973, -0.002892598044127226, -0.006457178853452206, -0.9167944192886353, -0.5310685038566589, -0.29193568229675293, -0.0003649522550404072, -0.6568811535835266, -0.08973193168640137, -0.057963475584983826, -0.10392078757286072, -0.4824231266975403, -0.46479856967926025, -0.03408702462911606, -5.721882189391181e-05, -0.0641050785779953, -0.00039009589818306267, -8.415821503149346e-05, -0.0004359725280664861, -0.3449067175388336, -0.2878139615058899, -0.16985921561717987, -0.7587088346481323, -0.04872710630297661, -0.1527625024318695, -0.007520340848714113]",5.571233749389648,False,0.0,-7.92690697596754,-0.25570667664411423,31.0,-7.92690697596754,-0.25570667664411423,31.0,0.10335102920796599,1,23,31,31,0.7419354838709677,-4.742713086116515,-1.146794272193043,True,19,0.6129032258064516,44.0,0.3921568627450981,24.0,2.1355860925830243
~/anvil/data/cve-targets/openssl_repo_crypto_x509_x509_obj.c,87,17,173,if (q[j] != 0),if ((q[j] & 0x80) || ((q[,               if ((q[j] & 0x80) || ((q[,0.5445494055747986,"[[18884, 565, 5135, 29939, 29961, 29926, 29962, 669, 29871, 29900, 29916, 29947, 29900, 29897, 3830, 5135, 29939, 29961]]","[-0.018141064792871475, -0.02528427354991436, -0.4985607862472534, -0.23380212485790253, -0.0005651307292282581, -0.0005889588501304388, -0.0025418850127607584, -0.8642812967300415, -0.032812632620334625, -0.0020418763160705566, -0.0382891483604908, -0.010317914187908173, -0.00017534149810671806, -0.01987857185304165, -0.776773989200592, -0.9821276068687439, -0.01795748807489872, -4.660974445869215e-05]",12.490299224853516,False,0.0,-3.5241866994947486,-0.19578814997193048,18.0,-3.5241866994947486,-0.19578814997193048,18.0,0.10736185899359137,0,17,20,20,0.85,-2.781319531610411,-1.0366622493862063,True,10,0.5555555555555556,14.0,0.6153846153846154,11.0,2.189504856110207
~/anvil/data/cve-targets/lua_repo_ldebug.c,318,273,330,ar->ftransfer = ci->u2.transferinfo.ftransfer;,ar->ftransfer = ci->u2.transferinfo.ftransfer;,         ar->ftransfer = ci->u2.transferinfo.ftransfer;,0.0035315528512001,"[[3986, 564, 976, 29888, 3286, 571, 353, 4583, 976, 29884, 29906, 29889, 3286, 571, 3888, 29889, 29888, 3286, 571, 29936, 32010, 2]]","[-0.0022245917934924364, -0.013855465687811375, -3.361645576660521e-05, -0.0010636154329404235, -5.722029527532868e-06, -1.7165990357170813e-05, -0.0007699147681705654, -0.007067205850034952, -0.00010048838157672435, -0.013080268166959286, -0.004896197933703661, -6.198863957251888e-06, -0.0006028980133123696, -1.7046782886609435e-05, -2.90866428258596e-05, -1.3112935448589269e-05, -0.0018949424847960472, -0.0007491880678571761, -0.0007332258974201977, -0.02229343168437481, -0.02219398319721222, 0.0]",8.606017112731934,True,0.0,-0.09164736706043186,-0.004165789411837812,22.0,-0.06945338386321964,-0.0034726691931609823,20.0,3.522664604180212e-05,0,19,19,19,1.0,-1.0169563107695607,-1.0630061409384621,False,19,0.8636363636363636,0.0,1.0,0.0,1.0533993495462004
~/anvil/data/cve-targets/libxml2_repo_valid.c,501,437,514,case XML_ENTITY_DECL:,case XML_ENTITY_DECL:,	case XML_ENTITY_DECL:,0.0006740821409039,"[[12, 4878, 6560, 29918, 3919, 11937, 29918, 2287, 6154, 29901, 32010, 2]]","[-0.004164001438766718, -0.0012972281547263265, -0.00016592556494288146, -1.1920928244535389e-07, -0.000519617460668087, -7.986990567587782e-06, -0.00027307120035402477, -9.595887240720913e-05, -7.271740287251305e-06, -0.0001879753835964948, -0.007577367592602968, -2.3841855067985307e-07]",13.540390968322754,True,0.0,-0.014296762026752674,-0.001191396835562723,12.0,-0.006719156015599026,-0.0006719156015599026,10.0,1.4923764124733359e-06,0,5,5,5,1.0,-1.003224421845493,-1.0642373826804614,False,9,0.75,0.0,1.0,0.0,0.8910332403308072
~/anvil/data/cve-targets/poppler_repo_poppler_Stream.cc,1341,1334,1352,return pred->lookChar();,return pred;,       return pred;,0.5823374390602112,"[[4706, 736, 4450, 29936, 32010, 2]]","[-0.013575024902820587, -0.6231012940406799, -0.5635278820991516, -0.22059065103530884, -0.3161477744579315, -5.960462772236497e-07]",4.82677173614502,False,0.0,-1.7369432225821697,-0.28949053709702827,6.0,-1.420794852077961,-0.35519871301949024,4.0,0.06249972756020251,0,12,5,5,2.4,-1.6394694510851382,-1.1683377483887063,True,6,1.0,12.0,0.6666666666666667,7.0,1.8459294765981082
~/anvil/data/cve-targets/libtiff_repo_libtiff_tif_pixarlog.c,731,684,813,},},"	}
	/*
",0.0070707071572542,"[[12, 29913, 13, 12, 5515, 13]]","[-0.009709985926747322, -0.004431427922099829, -0.3722456395626068, -0.23049522936344147, -0.484283447265625, -0.7165270447731018]",8.16543197631836,True,2.0,-1.8176927748136222,-0.30294879580227035,6.0,-0.6168822827748954,-0.15422057069372386,4.0,0.02416821265310364,1,2,4,2,0.5,-0.04584801577019419,-1.0747794790206626,False,1,0.16666666666666666,0.0,1.0,0.0,0.8346077435130229
~/anvil/data/cve-targets/php_repo_ext_phar_phar.c,846,632,1125,efree(savebuf);,efree(savebuf);,					efree(savebuf);,6.325561116682366e-05,"[[12, 12, 12, 12, 12, 1389, 929, 29898, 7620, 9721, 416, 32010, 2]]","[-8.272782724816352e-05, -4.6491513785440475e-06, -1.5497195136049413e-06, -3.6954811548639555e-06, -8.702239938429557e-06, -0.0005004345439374447, -1.0728830375228426e-06, -2.145764938177308e-06, -8.427741704508662e-05, -2.264974000354414e-06, -4.768360213347478e-06, -0.0023421018850058317, 0.0]",20.007339477539062,True,0.0,-0.003038390247411371,-0.00023372232672395161,13.0,-0.0006962883624055394,-6.329894203686722e-05,11.0,2.0041274277233664e-08,0,9,9,9,1.0,-0.9993154566466794,-1.2509861781577545,False,6,0.46153846153846156,0.0,1.0,0.0,0.5197691061427665
~/anvil/data/cve-targets/lua_repo_ldebug.c,237,210,238,"luaO_chunkid(ar->short_src, ar->source, ar->srclen);","luaO_chunkid(ar->short_src, ar->source, ar->srclen);"," luaO_chunkid(ar->short_src, ar->source, ar->srclen);
}
static int auxgetinfo (lua_State *",0.0195229612290859,"[[29871, 301, 3357, 29949, 29918, 29812, 333, 29898, 279, 976, 12759, 29918, 4351, 29892, 564, 976, 4993, 29892, 564, 976, 21935, 695, 264, 416, 13, 29913, 13, 7959, 938, 3479, 657, 3888, 313, 29448, 29918, 2792, 334]]","[-0.17742732167243958, -0.04085960611701012, -0.002774677239358425, -0.13918986916542053, -8.892617915989831e-05, -0.03220703452825546, -5.960446742392378e-06, -0.0005447572330012918, -0.00406012125313282, -0.00021455370006151497, -0.008173114620149136, -0.00031120702624320984, -0.00010358751023886725, -0.0031835371628403664, -0.013324853964149952, -0.0003143055073451251, -0.006026075221598148, -0.000993592431768775, -0.027986986562609673, -7.92710343375802e-05, -0.00017557987303007394, -0.00020847532141488045, -0.00010430268594063818, -0.009937101975083351, -0.15976747870445251, -0.040366604924201965, -0.006800601724535227, -0.8156020641326904, -0.4794578552246094, -0.9626785516738892, -0.3909437954425812, -0.016998782753944397, -0.2913363575935364, -0.017829619348049164, -2.276871418871451e-05, -0.03183897212147713, -0.0004528927383944392]",11.205477714538574,True,2.0,-3.682391163527882,-0.09952408550075356,37.0,-0.6280622971357843,-0.025122491885431374,25.0,0.0025802747427999743,0,22,30,22,0.7333333333333333,-0.7771108581950559,-1.0038931975951335,False,23,0.6216216216216216,0.0,1.0,0.0,1.2223191569509086
~/anvil/data/cve-targets/poppler_repo_poppler_SplashOutputDev.cc,2214,2203,2320,if (t3GlyphStack->haveDx) {,if (t3GlyphStack->haveDx) {,   if (t3GlyphStack->haveDx) {,0.1460036039352417,"[[1678, 565, 313, 29873, 29941, 29954, 27026, 7264, 976, 17532, 29928, 29916, 29897, 426, 32010, 2]]","[-0.003930582199245691, -0.07246352732181549, -0.2672293186187744, -0.057304706424474716, -1.597391747054644e-05, -0.00724438950419426, -1.07287787614041e-05, -0.0004761277523357421, -0.657981812953949, -0.5378736257553101, -0.004342887084931135, -0.2013738602399826, -0.085777148604393, -0.018342046067118645, -0.3922234773635864, 0.0]",11.039562225341797,True,0.0,-2.306590212586343,-0.14416188828664644,16.0,-1.9143667352227567,-0.13674048108733977,14.0,0.042053969704683856,1,13,13,13,1.0,-1.0677423596453879,-1.000262282906231,False,13,0.8125,0.0,1.0,0.0,1.1515396167439511
~/anvil/data/cve-targets/libxml2_repo_parser.c,11751,11731,11756,},},"	}
	ctxt",0.2018409669399261,"[[12, 29913, 13, 12, 312, 486]]","[-0.260495662689209, -0.14318595826625824, -0.2909967303276062, -0.653354287147522, -0.5713289976119995, -3.71926071238704e-05]",9.737926483154297,True,1.0,-1.9193988286497188,-0.3198998047749531,6.0,-1.3480326384305954,-0.33700815960764885,4.0,0.03640328298784572,1,2,3,2,0.6666666666666666,-0.5989201186550293,-1.033347096647697,False,1,0.16666666666666666,0.0,1.0,0.0,0.963060258893839
~/anvil/data/cve-targets/libsndfile_repo_src_common.c,596,470,684,"header_put_be_int (psf, size) ;","header_put_be_int (psf, size) ;","						header_put_be_int (psf, size) ;",0.0093774665147066,"[[12, 12, 12, 12, 12, 12, 6672, 29918, 649, 29918, 915, 29918, 524, 313, 567, 29888, 29892, 2159, 29897, 2056, 32010, 2]]","[-0.004911026451736689, -2.074220174108632e-05, -1.8596476365928538e-05, -1.3470558769768104e-05, -2.455681169521995e-05, -0.04460849612951279, -0.00280344532802701, -1.5497195136049413e-06, -5.876845170860179e-05, -1.0013530300057027e-05, -0.0009307105210609734, -5.113947918289341e-05, -0.002847428433597088, -0.00033968876232393086, -1.2755313036905136e-05, -4.768370445162873e-07, -1.8954096958623268e-05, -0.005693765357136726, -0.12492760270833969, -0.00018761781393550336, -0.030865633860230446, 0.0]",14.320554733276367,True,0.0,-0.21834643884221805,-0.00992483812919173,22.0,-0.1874808049819876,-0.00937404024909938,20.0,0.0007956450299032665,1,11,11,11,1.0,-1.0003655057495138,-1.0851981143360256,False,14,0.6363636363636364,0.0,1.0,0.0,0.9140648634541728
~/anvil/data/cve-targets/sqlite3_repo_ext_fts5_fts5_hash.c,144,138,166,int nNew = pHash->nSlot*2;,int nNew = pHash->nSlot*2;, int nNew = pHash->nSlot*2;,0.0912398695945739,"[[29871, 938, 302, 4373, 353, 282, 10438, 976, 29876, 29903, 8276, 29930, 29906, 29936, 32010, 2]]","[-0.002974255010485649, -0.19026200473308563, -0.12142937630414963, -0.034711867570877075, -0.09098690003156662, -0.16701489686965942, -6.878139538457617e-05, -0.00012742661056108773, -0.003411546815186739, -0.0026163177099078894, -0.00010680581908673048, -0.6281136870384216, -0.005498167593032122, -0.03494546189904213, -0.20854732394218445, 0.0]",11.927894592285156,True,0.0,-1.4908148193426314,-0.09317592620891446,16.0,-1.282267495400447,-0.09159053538574621,14.0,0.026191731736086996,0,14,14,14,1.0,-0.9961713752442277,-1.0221886467998886,False,13,0.8125,0.0,1.0,0.0,1.1038603366167155
~/anvil/data/cve-targets/sqlite3_repo_src_printf.c,63,-92,213,"static const char aPrefix[] = ""-x0\000X0"";","static const char aPrefix[] = ""-x0\000X0"";","static const char aPrefix[] = ""-x0\000X0"";
/*
** Allowed values for et_",0.1143008098006248,"[[7959, 1040, 1373, 263, 23095, 2636, 353, 11663, 29916, 29900, 29905, 29900, 29900, 29900, 29990, 29900, 1769, 13, 5515, 13, 1068, 2178, 20937, 1819, 363, 634, 29918]]","[-0.16617366671562195, -0.0020147517789155245, -0.1089012399315834, -0.0016533766174688935, -0.037328388541936874, -0.004741140641272068, -0.004931666888296604, -0.7476829886436462, -0.438932865858078, -0.0012862751027569175, -0.06010669842362404, -0.015364499762654305, -0.001811888418160379, -0.005034151952713728, -0.0438862182199955, -0.010175731033086777, -0.2764829099178314, -0.02913196012377739, -0.6738646030426025, -0.11871402710676193, -0.0032029063440859318, -1.3673895597457886, -0.0018303323304280639, -0.0009039129945449531, -0.006444150116294622, -0.006677101366221905, -0.007507444359362125]",8.226442337036133,True,2.0,-4.142174455977511,-0.1534138687399078,27.0,-1.95564041857142,-0.10864668992063445,18.0,0.03685213346014063,0,20,29,20,0.6896551724137931,-1.0520413450618757,-1.0731414114841946,False,17,0.6296296296296297,0.0,1.0,0.0,1.062640190448102
~/anvil/data/cve-targets/libtiff_repo_libtiff_tif_read.c,439,414,449,stripsperplane=((td->td_imagelength+rowsperstrip-1)/rowsperstrip);,stripsperplane=td->td_stripsperimage/td->td_planarconfig;,	stripsperplane=td->td_stripsperimage/td->td_planarconfig;,0.3792762756347656,"[[12, 303, 374, 567, 546, 22116, 29922, 1594, 976, 1594, 29918, 303, 374, 567, 546, 3027, 29914, 1594, 976, 1594, 29918, 9018, 279, 2917, 29936, 32010, 2]]","[-0.02035549283027649, -0.1809886395931244, -9.417489309271332e-06, -7.033323527139146e-06, -0.0013740155845880508, -1.883488948806189e-05, -0.23574069142341614, -1.1771292686462402, -7.617183291586116e-05, -1.5139465176616795e-05, -1.6689160474925302e-05, -0.08724304288625717, -0.0001333863037871197, -0.00020358874462544918, -0.00028713393840007484, -0.0014246086357161403, -0.4271278381347656, -0.011923824436962605, -7.021180499577895e-05, -2.622600959512056e-06, -1.2993727978027891e-05, -0.07121116667985916, -0.002857532352209091, -0.2495623528957367, -0.015845220535993576, -0.5583744049072266, 0.0]",8.809039115905762,False,0.0,-3.0420113228240098,-0.11266708603051888,27.0,-2.483636917916783,-0.09934547671667132,25.0,0.05941790203386563,1,25,16,16,1.5625,-3.8177508243927796,-1.0576244690612313,True,25,0.9259259259259259,38.0,0.5691056910569106,16.0,2.203082621228078
~/anvil/data/cve-targets/lua_repo_ldebug.c,113,103,121,if (isLua(L->ci)),L->hookmask = cast_byte(mask);," L->hookmask = cast_byte(mask);
  L->hook =",0.2407205253839492,"[[29871, 365, 976, 20849, 13168, 353, 4320, 29918, 10389, 29898, 13168, 416, 13, 29871, 365, 976, 20849, 353]]","[-0.0010789770167320967, -0.21131139993667603, -0.007839270867407322, -0.029690012335777283, -0.4510936439037323, -0.001176618505269289, -0.28887131810188293, -0.0024293928872793913, -9.226373367710039e-05, -0.0006261295638978481, -0.00011586471373448148, -0.0013611585600301623, -0.015471908263862133, -0.000277123210253194, -0.008177016861736774, -4.7801782784517854e-05, -0.036838240921497345, -0.30594828724861145]",13.319189071655272,False,1.0,-1.3624464284148416,-0.07569146824526898,18.0,-1.0114350816002116,-0.07224536297144368,14.0,0.01855044658474504,1,17,20,15,0.85,-3.331985825569157,-1.0583683424838761,True,10,0.5555555555555556,27.0,0.21276595744680848,16.0,2.0848875047875577
~/anvil/data/cve-targets/libxml2_repo_HTMLparser.c,323,168,473,*,*,"*
 *",0.0013911579735577,"[[334, 13, 334, 32010]]","[-0.0013911579735577106, -0.7738122344017029, -0.0015335239004343748, -1.7225946187973022]",16.050321578979492,True,1.0,-2.499331535072997,-0.6248328837682493,4.0,-0.7752033923752606,-0.3876016961876303,2.0,0.1491585798276036,0,2,3,2,0.6666666666666666,-0.003589143151954289,-1.1331560852154743,False,1,0.25,0.0,1.0,0.0,0.7033287207332858
~/anvil/data/cve-targets/libtiff_repo_libtiff_tif_pixarlog.c,213,160,226,},},	    },0.0010509577114135,"[[12, 1678, 500, 32010, 2]]","[-0.001866623992100358, -0.0017658369615674019, -0.00023409964342135936, -0.5300309658050537, -1.1920928244535389e-07]",11.659515380859377,True,0.0,-0.5338976456114253,-0.10677952912228506,5.0,-0.0038665605970891193,-0.0012888535323630397,3.0,5.579458873727412e-07,0,2,2,2,1.0,-0.8154205928168028,-1.0153532488523402,False,1,0.2,0.0,1.0,0.0,0.9660644611679494
~/anvil/data/cve-targets/libtiff_repo_libtiff_tif_predict.c,511,502,521,tmsize_t wc = cc/4;,tmsize_t wc = cc / sizeof (uint32_t);,"	tmsize_t wc = cc / sizeof (uint32_t);

	",0.2824221551418304,"[[12, 29873, 1516, 675, 29918, 29873, 28678, 353, 21759, 847, 13810, 313, 13470, 29941, 29906, 29918, 29873, 416, 13, 13, 12]]","[-0.028429005295038223, -0.3211137056350708, -0.00011622230522334576, -0.0005880056996829808, -1.0251946150674485e-05, -4.207999518257566e-05, -0.0067847357131540775, -0.06609538942575455, -0.11089257895946503, -0.7692064046859741, -0.38904157280921936, -0.2832447588443756, -0.018121279776096344, -0.0012355559738352895, -8.34461570775602e-06, -0.0012656782055273652, -1.6331539882230572e-05, -0.009343113750219345, -0.3069329559803009, -0.6603391766548157, -0.054353609681129456]",11.063913345336914,False,2.0,-3.0271807574918057,-0.14415146464246695,21.0,-3.0271807574918057,-0.14415146464246695,21.0,0.04957857411946369,1,11,16,16,0.6875,-1.9592042012359059,-1.0003465895320727,True,11,0.5238095238095238,19.0,0.6428571428571428,6.0,2.1538555512437045
~/anvil/data/cve-targets/sqlite3_repo_src_pragma.c,602,596,634,** the locking-mode of the main database).,** the locking-mode of any individual database file at this time).,     ** the locking-mode of any individual database file at this time).,0.625701367855072,"[[418, 3579, 278, 7714, 292, 29899, 8513, 310, 738, 5375, 2566, 934, 472, 445, 931, 467, 32010, 2]]","[-0.0025578183121979237, -0.0001280225842492655, -0.09461215138435364, -0.9410629868507385, -0.006703981198370457, -0.4028637707233429, -0.0017253764672204852, -1.0695266723632812, -0.5621171593666077, -0.140997514128685, -0.243938148021698, -0.5512348413467407, -1.017656683921814, -0.02986924909055233, -0.5062882900238037, -0.17636029422283173, -0.2776391804218292, 0.0]",11.465669631958008,False,0.0,-6.025282140428317,-0.33473789669046206,18.0,-5.7476429600064876,-0.35922768500040547,16.0,0.13495308025208178,0,16,19,19,0.8421052631578947,-1.74179606411562,-1.0104446046834887,True,11,0.6111111111111112,30.0,0.6851851851851851,8.0,2.251637907053501
~/anvil/data/cve-targets/php_repo_ext_phar_util.c,1475,1252,1478,},},"	}
	return SU",0.0095874434337019,"[[12, 29913, 13, 12, 2457, 20134]]","[-0.00927154254168272, -0.00990251824259758, -0.46887266635894775, -0.2829573452472687, -0.6630756855010986, -0.0048882500268518925]",12.782337188720703,True,1.0,-1.4389680079184473,-0.23982800131974122,6.0,-0.7710040723904967,-0.19275101809762418,4.0,0.03786965948647394,0,2,4,2,0.5,-0.04974004043312533,-1.044258564110276,False,1,0.16666666666666666,0.0,1.0,0.0,0.9031603441326386
~/anvil/data/cve-targets/poppler_repo_poppler_Stream.cc,4046,3993,4088,if (i + repeat > numLitCodes + numDistCodes) {,if (i + repeat > numLitCodes + numDistCodes) {,           if (i + repeat > numLitCodes + numDistCodes) {,0.0158064607530832,"[[9651, 565, 313, 29875, 718, 12312, 1405, 954, 29931, 277, 29907, 2631, 718, 954, 13398, 29907, 2631, 29897, 426, 32010, 2]]","[-0.00942778866738081, -0.10425370186567307, -0.0184678602963686, -0.14211079478263855, -0.0077402666211128235, -0.0005778788472525775, -0.004762852564454079, -0.00042012447374872863, -0.00011550712952157483, 0.0, -4.887569048150908e-06, -1.1920928244535389e-07, -0.0002466136065777391, -3.4927710657939315e-05, -9.65590606938349e-06, -8.702239938429557e-06, -2.3841855067985307e-07, -0.007844475097954273, -0.00017045476124621928, -0.6626618504524231, 0.0]",16.98206901550293,True,0.0,-0.9588587002198992,-0.04565993810570949,21.0,-0.29619684976747607,-0.01645538054263756,18.0,0.001422184256976813,0,19,19,19,1.0,-0.960564887097388,-1.1598612909926658,False,18,0.8571428571428571,0.0,1.0,0.0,0.8396018186865202
~/anvil/data/cve-targets/openssl_repo_crypto_pkcs7_pk7_doit.c,178,159,299,const char *propq;,const char *propq = NULL;,"   const char *propq = NULL;
    if",0.164445549249649,"[[1678, 1040, 1373, 334, 7728, 29939, 353, 4265, 29936, 13, 1678, 565]]","[-0.019251873716711998, -0.11715606600046158, -0.0010370597010478377, -0.002371477195993066, -0.0038569599855691195, -0.0005703729693777859, -0.5568424463272095, -0.002390386536717415, -0.00039867559098638594, -0.001122797722928226, -0.2993931472301483, -0.4979107975959778]",14.434365272521973,False,1.0,-1.502302060573129,-0.12519183838109407,12.0,-1.0043912629771512,-0.09130829663428647,11.0,0.02928415673935157,1,9,14,13,0.6428571428571429,-1.800992410451991,-1.0882901856934106,True,6,0.5,7.0,0.8372093023255813,4.0,1.9131202943380745
~/anvil/data/cve-targets/php_repo_ext_phar_util.c,1391,1252,1478,PHP_SHA256_CTX context;,PHP_SHA256_CTX context;,			PHP_SHA256_CTX context;,0.0027098287828266,"[[12, 12, 12, 17130, 29918, 23498, 29906, 29945, 29953, 29918, 1783, 29990, 3030, 29936, 32010, 2]]","[-0.0004881620698142797, -2.276871418871451e-05, -5.757642793469131e-05, -0.0002802217786666006, -1.311301275563892e-06, -2.396077979938127e-05, -0.0008415018673986197, -6.318072337307967e-06, -5.960462772236497e-07, -6.210611172718927e-05, -5.960462772236497e-07, -2.3841855067985307e-07, -0.036027535796165466, -0.00011073929636040702, -0.04796348512172699, 0.0]",14.21909999847412,True,0.0,-0.08588711784850034,-0.005367944865531271,16.0,-0.03792363272677335,-0.0027088309090552392,14.0,8.545001065847835e-05,1,5,5,5,1.0,-1.0003683780216863,-1.0824491398432727,False,11,0.6875,0.0,1.0,0.0,0.8507823407622779
~/anvil/data/cve-targets/sqlite3_repo_src_resolve.c,875,717,1141,pNC->nNcErr++;,pNC->nNcErr++;,"             pNC->nNcErr++;
            }else{
",0.1312813609838485,"[[795, 282, 15868, 976, 29876, 29940, 29883, 19212, 9107, 13, 9651, 500, 2870, 29912, 13]]","[-0.17106583714485168, -0.7993221282958984, -0.2259017825126648, -0.00014351768186315894, -0.002936458447948098, -0.011750294826924801, -1.585470999998506e-05, -0.0002991705550812185, -0.0013655632501468062, -0.1793459802865982, -0.6089562177658081, -0.00018165845540352166, -0.6993463635444641, -0.513591468334198, -0.008531078696250916]",8.850067138671875,True,2.0,-3.222753374508102,-0.2148502249672068,15.0,-2.0011028054777853,-0.18191843686161685,11.0,0.06893771177491649,0,9,14,9,0.6428571428571429,-0.7216495658640285,-1.0565402191942763,False,8,0.5333333333333333,0.0,1.0,0.0,0.9778153436404482
~/anvil/data/cve-targets/libpng_repo_pngrutil.c,2626,2602,2642,size_t row_factor = (png_uint_32)row_factor_l;,size_t row_factor_h = row_factor_l + 1;,"     size_t row_factor_h = row_factor_l + 1;
      size_t row_factor = row_factor_l;",0.3713464140892029,"[[418, 2159, 29918, 29873, 1948, 29918, 19790, 29918, 29882, 353, 1948, 29918, 19790, 29918, 29880, 718, 29871, 29896, 29936, 13, 418, 2159, 29918, 29873, 1948, 29918, 19790, 353, 1948, 29918, 19790, 29918, 29880, 29936]]","[-0.09024040400981903, -0.7939539551734924, -4.768360213347478e-06, -6.437280717364047e-06, -0.005636394023895264, -0.0002885640424210578, -0.001369848963804543, -0.36954888701438904, -0.5103045701980591, -0.024432970210909843, -1.1638939380645752, -2.622600959512056e-06, -5.173549288883805e-05, -0.0006898645660839975, -0.0002337421028641984, -1.2587662935256958, -0.27237704396247864, -0.3555249869823456, -0.3128630220890045, -0.21503697335720062, -0.03778248280286789, -0.2637052536010742, -1.9073468138230965e-06, -1.156323378381785e-05, -0.00963537022471428, -0.00032658010604791343, -0.0016111262375488877, -0.22765682637691498, -0.3577611744403839, -1.9073468138230965e-06, -5.3881147323409095e-05, -0.0006824786541983485, -0.2703210711479187, -0.8139467239379883]",9.139986038208008,False,1.0,-7.35872536862621,-0.21643309907724148,34.0,-5.413009504824686,-0.2577623573726041,21.0,0.13933929176300172,1,13,18,11,0.7222222222222222,-1.4406541663971875,-1.048910129495438,True,21,0.6176470588235294,19.0,0.7764705882352941,7.0,2.0846925696166863
~/anvil/data/cve-targets/libpng_repo_pngset.c,1031,950,1034,++np;,++np;,     ++np;,0.2100813835859298,"[[418, 8445, 9302, 29936, 32010, 2]]","[-0.00797977577894926, -0.478826105594635, -0.14700748026371002, -0.002291436307132244, -0.06794631481170654, 0.0]",10.944564819335938,True,0.0,-0.7040511127561331,-0.11734185212602218,6.0,-0.6361047979444265,-0.15902619948610663,4.0,0.03744930941556542,0,6,6,6,1.0,-1.3210488854340232,-1.0026406640939105,False,3,0.5,0.0,1.0,0.0,1.0785398869847656
~/anvil/data/cve-targets/libxml2_repo_parser.c,4712,4564,4724,"""Double hyphen within comment\n"", NULL);","""Double hyphen within comment\n"",","		                      ""Double hyphen within comment\n"",
				      NULL);
		if",0.159515306353569,"[[12, 12, 462, 418, 376, 11843, 7498, 9789, 2629, 3440, 29905, 29876, 613, 13, 12, 12, 12, 12, 418, 4265, 416, 13, 12, 12, 361]]","[-0.044681116938591, -0.008362279273569584, -0.3497614562511444, -0.027903521433472633, -0.00638149119913578, -0.12039069086313248, -0.0007782529573887587, -0.002133119385689497, -0.0578279085457325, -0.013022848404943943, -0.6440906524658203, -0.00017271934484597296, -0.3826991319656372, -0.7066932916641235, -0.05568091571331024, -0.0010855264263227582, -0.05749943479895592, -0.016742784529924393, -0.009840312413871288, -0.5855761170387268, -0.0027954806573688984, -0.00436223391443491, -0.055780135095119476, -0.17968091368675232, -0.5753635168075562]",8.20479679107666,False,2.0,-3.9093058517755708,-0.15637223407102283,25.0,-2.505747454575612,-0.1318814449776638,19.0,0.046330609991416784,1,11,13,7,0.8461538461538461,-1.2095356278556504,-1.0737222869306793,True,11,0.44,7.0,0.904109589041096,5.0,1.9674342693505504
~/anvil/data/cve-targets/php_repo_ext_phar_util.c,254,206,284,return ret;,return ret;,				return ret;,0.000960613891948,"[[12, 12, 12, 12, 2457, 3240, 29936, 32010, 2]]","[-0.0007234578370116651, -1.0967194612021558e-05, -1.9311717551317997e-05, -0.00015710550360381603, -0.005539661273360252, -0.00023862851958256215, -3.182837463100441e-05, -0.19042372703552246, 0.0]",11.85588550567627,True,0.0,-0.1971446874558751,-0.021904965272875013,9.0,-0.00672096042035264,-0.0009601372029075199,7.0,3.548760871928038e-06,0,5,5,5,1.0,-1.0004964801270448,-1.020350130400046,False,3,0.3333333333333333,0.0,1.0,0.0,0.9889914436790171
~/anvil/data/cve-targets/libsndfile_repo_src_common.c,1264,1258,1275,BUF_UNION	ubuf ;,union,"	union
	{	unsigned char	cbuf [16] ;
	",0.4858552813529968,"[[12, 13094, 13, 12, 29912, 12, 15395, 1373, 12, 29883, 9721, 518, 29896, 29953, 29962, 2056, 13, 12]]","[-0.29192233085632324, -1.271601676940918, -0.1270172894001007, -0.00021395778458099812, -0.0020778034813702106, -0.004130167420953512, -0.7720192074775696, -0.14205360412597656, -0.10815034806728363, -0.7707034945487976, -0.006766383070498705, -0.018119992688298225, -1.1623234748840332, -1.1144471168518066, -0.7319992780685425, -0.0008777103503234684, -0.0031022538896650076, -0.0002366024418734014]",13.67155933380127,False,2.0,-6.527762692348915,-0.36265348290827304,18.0,-1.690755254981923,-0.42268881374548073,4.0,0.25091489414344476,0,5,13,2,0.38461538461538464,-1.1494396481605291,-1.0677329678747016,True,10,0.5555555555555556,15.0,0.09523809523809523,4.0,1.9729718142492794
~/anvil/data/cve-targets/php_repo_ext_exif_exif.c,3994,3941,4007,} else {,} else {,				} else {,0.0002008959418162,"[[12, 12, 12, 12, 29913, 1683, 426, 32010, 2]]","[-0.0003083468764089048, -2.3483953555114567e-05, -1.7165990357170813e-05, -3.0397906812140718e-05, -0.00017951308109331876, -0.0006094505661167204, -0.0002369599969824776, -0.039902687072753906, 0.0]",15.959527015686035,True,0.0,-0.041308005444079754,-0.0045897783826755285,9.0,-0.0014053183713258477,-0.00020075976733226395,7.0,3.92173694239456e-08,0,4,4,4,1.0,-1.000678295685164,-1.130586891880899,False,3,0.3333333333333333,0.0,1.0,0.0,0.7315672944441289
~/anvil/data/cve-targets/lua_repo_ldebug.c,154,146,160,if (n <= nextra) {,if (n >= 1 && n <= nextra) {,   if (n >= 1 && n <= nextra) {,0.2387946248054504,"[[1678, 565, 313, 29876, 6736, 29871, 29896, 2607, 302, 5277, 2446, 336, 29897, 426, 32010]]","[-0.0006124289939180017, -0.07934077829122543, -0.08441954106092453, -0.3957626521587372, -1.1658927202224731, -0.6008989810943604, -0.24850277602672577, -0.2242671102285385, -0.015897082164883614, -0.022619573399424553, -0.01946292072534561, -5.900685573578812e-05, -0.012737936340272427, -0.0008386432309634984, -0.558627724647522]",10.280099868774414,False,0.0,-3.4299398754410504,-0.2286626583627367,15.0,-2.8713121507935284,-0.2050937250566806,14.0,0.10106449153728958,1,13,19,19,0.6842105263157895,-1.1643195067984458,-1.0194352601332826,True,8,0.5333333333333333,10.0,0.782608695652174,6.0,2.125930027965751
~/anvil/data/cve-targets/libsndfile_repo_src_common.c,599,470,684,"memcpy (&(psf->header.ptr [psf->header.indx]), strptr, size) ;","memcpy (&(psf->header.ptr [psf->header.indx]), strptr, size) ;","					memcpy (&(psf->header.ptr [psf->header.indx]), strptr, size) ;",0.0199660509824752,"[[12, 12, 12, 12, 12, 6954, 23141, 313, 29987, 29898, 567, 29888, 976, 6672, 29889, 7414, 518, 567, 29888, 976, 6672, 29889, 513, 29916, 11724, 851, 7414, 29892, 2159, 29897, 2056, 32010, 2]]","[-0.025542045012116432, -3.3378044463461265e-05, -0.00025829317746683955, -2.455681169521995e-05, -0.0001618731184862554, -0.10559485107660294, -0.007704542484134436, -0.0014147283509373665, -0.005664724390953779, -0.001262106467038393, -9.775113539944869e-06, -1.1920928244535389e-07, -4.0531076592742465e-06, -2.861018856492592e-06, -1.9430925021879375e-05, -7.366862701019272e-05, -0.0006992755807004869, -4.8040190449682996e-05, -1.1920928244535389e-07, -1.311301275563892e-06, -2.264974000354414e-06, -2.145764938177308e-06, -5.245195097813848e-06, -1.1920928244535389e-07, -0.022130904719233513, -0.0019911956042051315, -1.490105023549404e-05, -0.0004633783537428826, -0.03019038401544094, -0.4108084738254547, -0.0009566736407577991, -0.5113621354103088, 0.0]",12.226738929748535,True,0.0,-1.1264475749796716,-0.03413477499938399,33.0,-0.6150854395693628,-0.01984146579256009,31.0,0.005479485183604924,1,35,35,35,1.0,-1.0062790315603511,-1.0298541281885032,False,26,0.7878787878787878,0.0,1.0,0.0,1.3122138349446444
~/anvil/data/cve-targets/libtiff_repo_libtiff_tif_jbig.c,98,39,108,"TIFFWarningExt(tif->tif_clientdata, ""JBIG"",","TIFFWarningExt(tif->tif_clientdata, ""JBIG"",","	    TIFFWarningExt(tif->tif_clientdata, ""JBIG"",",0.0162165090441703,"[[12, 1678, 323, 29902, 4198, 22709, 5647, 29898, 29873, 361, 976, 29873, 361, 29918, 4645, 1272, 29892, 376, 29674, 6259, 613, 32010, 2]]","[-0.04612593352794647, -0.060143519192934036, -0.056446779519319534, -3.6238969187252223e-05, -7.867782187531702e-06, -0.15799419581890106, -0.0009532198309898376, -0.001817957148887217, -0.00720486044883728, -2.2053474822314456e-05, -0.00017581824795342982, -2.586808113846928e-05, -8.583032467868179e-06, -1.5497195136049413e-06, -2.586808113846928e-05, -3.6954811548639555e-06, -0.004043855704367161, -0.024137094616889954, -0.013320736587047577, -0.007238354068249464, -0.003480806713923812, -0.08655977994203568, 0.0]",7.0040717124938965,True,0.0,-0.4697746359898929,-0.020424984173473604,23.0,-0.3832148560478572,-0.01824832647846939,21.0,0.001323680066495561,1,13,13,13,1.0,-0.8886573277447459,-1.1064420550288065,False,19,0.8260869565217391,0.0,1.0,0.0,0.8906653293734178
~/anvil/data/cve-targets/libxml2_repo_xzlib.c,534,470,573,},},"       }
       ",0.0003103728231508,"[[4706, 500, 13, 4706]]","[-0.0006089740199968219, -0.0003104920033365488, -0.2369782030582428, -0.08840784430503845]",11.086265563964844,True,1.0,-0.3263055133866146,-0.08157637834665366,4.0,-0.3263055133866146,-0.08157637834665366,4.0,0.009339065224348329,1,2,2,2,1.0,-0.0038046899046178585,-1.0009057448888803,False,1,0.25,0.0,1.0,0.0,0.998157480385722
~/anvil/data/cve-targets/libxml2_repo_valid.c,1629,1585,1639,"xmlBufferWriteCHAR(buf, elem->name);","xmlBufferWriteCHAR(buf, elem->name);","	    xmlBufferWriteCHAR(buf, elem->name);",0.000184584991075,"[[12, 1678, 4903, 7701, 6113, 11282, 29898, 9721, 29892, 21268, 976, 978, 416, 32010, 2]]","[-0.000608854868914932, -0.00010466027742950246, -0.0008164886385202408, -0.00015221867943182588, -4.410646579344757e-05, -0.00036244976217858493, -2.038458114839159e-05, -1.156323378381785e-05, -3.814689989667386e-06, -0.0001787979417713359, -9.536738616588991e-07, -1.0490362910786644e-05, -1.4424220353248529e-05, -0.11630905419588089, -3.576278118089249e-07]",14.044261932373049,True,0.0,-0.11863861921978014,-0.007909241281318676,15.0,-0.0023292073960874404,-0.00017916979969903387,13.0,6.310194975333867e-08,0,14,14,14,1.0,-1.03022379544467,-1.0777281321512064,False,11,0.7333333333333333,0.0,1.0,0.0,0.9631197998472508
~/anvil/data/cve-targets/openssl_repo_crypto_x509_v3_addr.c,74,68,78,return ((f != NULL &&,return ((f != NULL &&,   return ((f != NULL &&,0.1150832697749137,"[[1678, 736, 5135, 29888, 2804, 4265, 2607, 32010, 2]]","[-0.02108585648238659, -0.058135464787483215, -0.4072946608066559, -0.026650123298168182, -0.16042272746562958, -0.0011232740944251418, -0.041653480380773544, -0.39515024423599243, 0.0]",6.54116678237915,True,0.0,-1.1115158315515146,-0.1235017590612794,9.0,-0.7163655873155221,-0.10233794104507458,7.0,0.017797694545955305,1,10,10,10,1.0,-1.1245415786137953,-1.1193208691815868,False,6,0.6666666666666666,0.0,1.0,0.0,0.8461298072154738
~/anvil/data/cve-targets/poppler_repo_poppler_GfxState.cc,3568,3519,3593,},},       },1.5020257706055418e-05,"[[4706, 500, 32010, 2]]","[-0.0003543464408721775, -1.5258672647178173e-05, -0.17007997632026672, 0.0]",17.518827438354492,True,0.0,-0.17044958143378608,-0.04261239535844652,4.0,-0.00036960511351935565,-0.00018480255675967783,2.0,2.8745128639952713e-08,0,2,2,2,1.0,-0.08127732629580532,-1.1755303198406366,False,1,0.25,0.0,1.0,0.0,0.608544281785095
~/anvil/data/cve-targets/lua_repo_ldebug.c,355,326,359,"if (strchr(what, 'L'))","if (strchr(what, 'S')) {"," if (strchr(what, 'S')) {
    setobj2s",0.1212745830416679,"[[29871, 565, 313, 710, 22495, 29898, 5816, 29892, 525, 29903, 8785, 426, 13, 1678, 731, 5415, 29906, 29879]]","[-0.000856628583278507, -0.2215985506772995, -0.008371027186512947, -0.14236268401145935, -0.011323354206979275, -7.331102824537084e-05, -0.0002834395272657275, -0.0007531190640293062, -0.0003746046277228743, -0.7359328269958496, -0.12550261616706848, -0.3602522611618042, -0.48415398597717285, -0.0012359131360426545, -1.3748785257339478, -0.23612700402736664, -1.3232143828645349e-05, -0.0006355411605909467]",12.516766548156738,False,1.0,-3.7047286254164646,-0.20581825696758138,18.0,-2.0930743223507307,-0.1495053087393379,14.0,0.04844167728416761,0,19,18,20,1.0555555555555556,-0.8111724196570825,-1.0373484182471036,True,10,0.5555555555555556,3.0,0.9130434782608696,4.0,2.132414641178484
~/anvil/data/cve-targets/openssl_repo_crypto_pkcs7_pk7_doit.c,331,307,546,const char *propq;,const char *propq;,"   const char *propq;

    if (",0.1004944071173667,"[[1678, 1040, 1373, 334, 7728, 29939, 29936, 13, 13, 1678, 565, 313]]","[-0.024106256663799286, -0.02525416947901249, -0.0018737631617113948, -0.0021969962399452925, -0.0026033578906208277, -0.00036244976217858493, -0.5706191658973694, -0.0009240409708581865, -0.3159792721271515, -0.011777510866522789, -0.6803846955299377, -0.3730643391609192]",14.342525482177734,True,2.0,-2.0091460177500267,-0.16742883481250223,12.0,-0.9556969830591697,-0.09556969830591697,10.0,0.0335487155483918,1,9,11,9,0.8181818181818182,-1.051530023624076,-1.0857943434479949,False,6,0.5,0.0,1.0,0.0,0.9068600279936097
~/anvil/data/cve-targets/openssl_repo_crypto_asn1_a_type.c,70,54,98,case V_ASN1_NEG_INTEGER:,case V_ASN1_BOOLEAN:,"   case V_ASN1_BOOLEAN:
        result = a->value.boolean - b",0.3525774776935577,"[[1678, 1206, 478, 29918, 3289, 29940, 29896, 29918, 8456, 29949, 1307, 2190, 29901, 13, 4706, 1121, 353, 263, 976, 1767, 29889, 20054, 448, 289]]","[-0.01556017342954874, -0.006711915135383606, -9.035655966727063e-05, -0.00010001159535022452, -3.123234637314454e-05, -4.291525328881107e-06, -1.6689160474925302e-05, -0.00010942813969450071, -0.053340811282396317, -5.245195097813848e-06, -1.4305104514278355e-06, -0.00010179955279454589, -0.00022075122979003936, -0.03183770179748535, -0.10917136073112488, -0.17504428327083588, -0.00010477947944309562, -0.9197222590446472, -0.00020013237372040749, -9.691245941212401e-05, -2.4318398573086597e-05, -0.09778863191604614, -0.06738068908452988, -0.003997669089585543]",12.363215446472168,False,1.0,-1.481662873307755,-0.06173595305448979,24.0,-0.21730319819096167,-0.014486879879397445,15.0,0.000861098761173232,1,5,20,5,0.25,-24.337709750391227,-1.0333739019584989,True,14,0.5833333333333334,10.0,0.6818181818181819,1.0,2.0249708281178305
~/anvil/data/cve-targets/php_repo_ext_phar_util.c,1364,1252,1478,PHP_SHA512_CTX context;,PHP_SHA512_CTX context;,			PHP_SHA512_CTX context;,0.0030417242087423,"[[12, 12, 12, 17130, 29918, 23498, 29945, 29896, 29906, 29918, 1783, 29990, 3030, 29936, 32010, 2]]","[-0.0008112476789392531, -3.182837463100441e-05, -0.00012468514614738524, -0.0010259846458211541, -2.622600959512056e-06, -4.6132929128361866e-05, -0.0004605186404660344, -2.3841855067985307e-07, -2.3841855067985307e-07, -3.135155202471651e-05, -8.344646857949556e-07, -2.3841855067985307e-07, -0.03989650309085846, -0.00017498392844572663, -0.026914389804005623, 0.0]",13.20263957977295,True,0.0,-0.06952179811176507,-0.004345112381985317,16.0,-0.04260740830775944,-0.003043386307697103,14.0,0.00010457380701821589,1,5,5,5,1.0,-0.9994538652715236,-1.0552890235122072,False,11,0.6875,0.0,1.0,0.0,0.9114334580397796
~/anvil/data/cve-targets/poppler_repo_poppler_Annot.cc,5094,5076,5097,if (obj1.isArray()) {,if (obj1.isArray()) {,   if (obj1.isArray()) {,0.046321615576744,"[[1678, 565, 313, 5415, 29896, 29889, 275, 2588, 3101, 426, 32010, 2]]","[-0.0011725700460374355, -0.10556149482727051, -0.03463517874479294, -0.0076843136921525, -0.000590865034610033, -3.516612196108326e-05, -0.001140778069384396, -0.10206568241119385, -0.15819966793060303, -0.007516555022448301, -0.3731255829334259, -2.622600959512056e-06]",14.589412689208984,True,0.0,-0.7917304774348395,-0.06597753978623662,12.0,-0.41860227190045407,-0.04186022719004541,10.0,0.0030383150981831805,0,17,17,17,1.0,-1.1065782172285854,-1.092516786493053,False,9,0.75,0.0,1.0,0.0,0.9727529352985661
~/anvil/data/cve-targets/poppler_repo_utils_HtmlOutputDev.cc,1250,1172,1284,unsigned char zero[1];,unsigned char zero[gfxColorMaxComps];,           unsigned char zero[gfxColorMaxComps];,0.4314395487308502,"[[9651, 12780, 1373, 5225, 29961, 29887, 11093, 3306, 7976, 1523, 567, 1385]]","[-0.01786135323345661, -0.7180308103561401, -0.0020776845049113035, -0.03888924419879913, -0.019916318356990814, -1.3312110900878906, -0.002085298066958785, -0.001334610627964139, -0.0062838830053806305, -0.0007420408655889332, -4.768370445162873e-07, -0.3872039020061493]",14.24344539642334,False,0.0,-2.525636712147275,-0.2104697260122729,12.0,-2.525636712147275,-0.2104697260122729,12.0,0.1590272125948197,1,11,11,11,1.0,-2.0498888695550073,-1.0831081567500216,True,6,0.5,16.0,0.711864406779661,1.0,1.9967896695155651
~/anvil/data/cve-targets/php_repo_ext_phar_zip.c,144,136,159,do {,do {,	do {,0.0508947819471359,"[[12, 1867, 426, 32010, 2]]","[-0.03037543036043644, -0.11907421797513962, -0.0032947564031928778, -0.1599314659833908, -2.3841855067985307e-07]",9.002878189086914,True,0.0,-0.3126761091407104,-0.06253522182814208,5.0,-0.15274440473876894,-0.05091480157958964,3.0,0.0024450801720207384,0,3,3,3,1.0,-0.9996068013262813,-1.0525116437119846,False,2,0.4,0.0,1.0,0.0,0.903752718880428
~/anvil/data/cve-targets/php_repo_ext_standard_dns.c,502,391,729,cp += n;,cp += n;,"			cp += n;
			// Value",0.0068703568540513,"[[12, 12, 12, 6814, 4619, 302, 29936, 13, 12, 12, 12, 458, 7865]]","[-0.00040975757292471826, -9.894321920000948e-06, -4.684815212385729e-05, -0.009236817248165607, -0.003189597511664033, -0.003650075290352106, -0.03159563988447189, -0.27779802680015564, -0.04713207483291626, -0.0003698380314745009, -0.00030989613151177764, -0.701059103012085, -0.3708766996860504]",14.71739673614502,True,1.0,-1.4456842684758158,-0.11120648219044736,13.0,-0.3737484657776804,-0.033977133252516396,11.0,0.006163797962878007,1,7,8,7,0.875,-0.20220531270225606,-1.0960180027459325,False,4,0.3076923076923077,0.0,1.0,0.0,0.8440092325880589
~/anvil/data/cve-targets/poppler_repo_splash_Splash.cc,2717,2504,2757,xa = 0;,xa = 0;,"               xa = 0;
            if (un",0.0095972334966063,"[[18884, 921, 29874, 353, 29871, 29900, 29936, 13, 9651, 565, 313, 348]]","[-0.18859513103961945, -0.048121754080057144, -0.0026159610133618116, -0.0009363081189803779, -0.004542626906186342, -0.0011032691691070795, -0.00026842328952625394, -0.007365216501057148, -0.0028232974000275135, -0.27083948254585266, -0.0007977878558449447, -0.07084963470697403]",9.910709381103516,True,1.0,-0.5988588926265948,-0.049904907718882896,12.0,-0.2563719875179231,-0.028485776390880346,9.0,0.0034080815131817574,0,7,10,7,0.7,-0.3369131795782414,-1.028893105593039,False,6,0.5,0.0,1.0,0.0,0.994258135629349
~/anvil/data/cve-targets/poppler_repo_utils_HtmlOutputDev.cc,1169,1146,1175,fclose(f1);,fclose(f1);,"   fclose(f1);
    // add the",0.1629090011119842,"[[1678, 285, 5358, 29898, 29888, 29896, 416, 13, 1678, 849, 788, 278]]","[-0.03363816440105438, -0.8817434310913086, -0.09410209953784943, -0.0025058556348085403, -0.0005044856225140393, -0.001816648175008595, -0.0001102625101339072, -0.6278344988822937, -0.15516528487205505, -0.6946991682052612, -0.883901059627533, -0.8638015389442444]",9.16931438446045,True,1.0,-4.239822497504065,-0.3533185414586721,12.0,-1.7974207307270262,-0.19971341452522515,9.0,0.09408349420503143,0,9,10,9,0.9,-0.8157138642853041,-1.04814134138429,False,6,0.5,0.0,1.0,0.0,1.0024015396544916
~/anvil/data/cve-targets/libxml2_repo_HTMLparser.c,4240,4227,4303,return;,return;,	return;,0.1112673208117485,"[[12, 2457, 29936, 32010, 2]]","[-0.242630273103714, -0.09124895930290222, -0.0004371640970930457, -0.4133644104003906, -1.1920928244535389e-07]",9.09947109222412,True,0.0,-0.7476809261133823,-0.14953618522267648,5.0,-0.33431639650370926,-0.11143879883456975,3.0,0.009980065151872738,0,4,4,4,1.0,-0.998461235901548,-1.0499730811533874,False,2,0.4,0.0,1.0,0.0,0.9319456665606175
~/anvil/data/cve-targets/libtiff_repo_libtiff_tif_dir.c,113,82,118,},},	},0.0392517149448394,"[[12, 29913, 32010, 2]]","[-0.02398534119129181, -0.0545182079076767, -0.3091520667076111, -1.1920928244535389e-07]",7.915422439575195,True,0.0,-0.38765573501586204,-0.09691393375396551,4.0,-0.0785035490989685,-0.03925177454948425,2.0,0.00023306398748013102,1,2,2,2,1.0,-0.9999984814789767,-1.081518144206537,False,1,0.25,0.0,1.0,0.0,0.8255269305038798
~/anvil/data/cve-targets/libtiff_repo_libtiff_tif_dirwrite.c,3257,3122,3530,else,else if(,       else if(,0.1038586869835853,"[[4706, 1683, 565, 29898]]","[-0.0887007936835289, -0.10440438240766525, -0.46651747822761536, -0.014625481329858303]",10.675031661987305,False,0.0,-0.6742481356486678,-0.16856203391216695,4.0,-0.6742481356486678,-0.16856203391216695,4.0,0.030741982738892868,0,2,4,4,0.5,-0.6161451933933308,-1.00941960039237,True,1,0.25,4.0,0.6666666666666667,3.0,1.9983162451089949
~/anvil/data/cve-targets/libxml2_repo_parser.c,13525,13370,13675,*,*,"*
 * parse",0.000226829550229,"[[334, 13, 334, 6088]]","[-0.00022682955022901297, -0.2446233183145523, -0.000735608336981386, -0.0695519968867302]",16.84639549255371,True,1.0,-0.3151377530884929,-0.07878443827212323,4.0,-0.24485014786478132,-0.12242507393239066,2.0,0.0149324109300825,0,2,4,2,0.5,-0.001852803048779589,-1.1559338936188517,False,1,0.25,0.0,1.0,0.0,0.6522998457351057
~/anvil/data/cve-targets/libpng_repo_pngset.c,1095,940,1245,},},"}
",0.0053815022110939,"[[29913, 13, 32010]]","[-0.005381620954722166, -0.38738614320755005, -0.45527490973472595]",11.51390266418457,True,1.0,-0.8480426738969982,-0.28268089129899937,3.0,-0.3927677641622722,-0.1963838820811361,2.0,0.03648186375540282,0,2,2,2,1.0,-0.02740297296328285,-1.0116637597596134,False,1,0.3333333333333333,0.0,1.0,0.0,0.9750960571659949
~/anvil/data/cve-targets/openssl_repo_crypto_pkcs7_pk7_doit.c,601,587,741,const PKCS7_CTX *p7_ctx;,PKCS7_CTX *p7_ctx = ossl_pkcs7_get0,   PKCS7_CTX *p7_ctx = ossl_pkcs7_get0,0.4156862795352936,"[[1678, 24457, 9295, 29955, 29918, 1783, 29990, 334, 29886, 29955, 29918, 13073, 353, 288, 16265, 29918, 20571, 2395, 29955, 29918, 657, 29900]]","[-0.7454118132591248, -0.725892186164856, -0.0006951061659492552, -0.00018404220463708043, -0.03368634358048439, -0.04683510586619377, -7.70062324590981e-05, -0.0035221464931964874, -0.014825879596173763, -2.407998726994265e-05, -0.00011383838864276186, -4.31528314948082e-05, -0.10684561729431152, -0.5528331995010376, -0.0006503135664388537, -0.00012468514614738524, -0.012116285040974617, -0.00023362292267847806, -4.756337511935271e-05, -7.056941103655845e-05, -0.11593777686357498, -0.03604110702872276]",10.046060562133787,False,0.0,-2.396211440920524,-0.10891870186002382,22.0,-2.396211440920524,-0.10891870186002382,22.0,0.05259342780824258,1,9,10,10,0.9,-3.816482132421209,-1.0254174419242728,True,13,0.5909090909090909,24.0,0.576271186440678,6.0,2.099847204184863
~/anvil/data/cve-targets/openssl_repo_crypto_x509_x509_obj.c,80,17,173,? (int)sizeof(ebcdic_buf) : num);,? sizeof(ebcdic_buf) : num);,               ? sizeof(ebcdic_buf) : num);,0.0886778682470321,"[[18884, 1577, 13810, 29898, 774, 2252, 293, 29918, 9721, 29897, 584, 954, 416, 32010, 2]]","[-0.5924895405769348, -0.005411381367594004, -0.4024454355239868, -0.0018262865487486124, -0.0005482124397531152, -2.3841830625315197e-06, -1.0728830375228426e-06, -2.539125671319198e-05, -1.5258672647178173e-05, -0.0012966329231858253, -0.10068949311971664, -0.05850420892238617, -0.0026018121279776096, -0.35030025243759155, 0.0]",13.808853149414062,False,0.0,-1.5161573629833356,-0.10107715753222238,15.0,-1.165857110545744,-0.08968131619582646,13.0,0.032465620850684676,1,20,15,15,1.3333333333333333,-0.9888109587218451,-1.071404092885458,True,15,1.0,5.0,0.9180327868852459,5.0,2.0617767722205453
~/anvil/data/cve-targets/openssl_repo_crypto_pkcs7_pk7_doit.c,75,45,86,if (*pbio == NULL),if (*pbio == NULL),   if (*pbio == NULL),0.0136046037077903,"[[1678, 565, 3070, 24381, 601, 1275, 4265, 29897, 32010, 2]]","[-0.11321405321359634, -0.0592615082859993, -0.032277561724185944, -0.0014881737297400832, -1.5497195136049413e-06, -0.0004228651523590088, -0.0003762729174923152, -0.0014024670235812664, -0.01496411394327879, -1.1920928244535389e-07]",12.836956024169922,True,0.0,-0.2234086849190291,-0.02234086849190291,10.0,-0.20844445176646786,-0.026055556470808483,8.0,0.0014930693737078217,0,15,15,15,1.0,-0.5221382902734129,-1.045685442736174,False,7,0.7,0.0,1.0,0.0,1.0484474799556434
~/anvil/data/cve-targets/libsndfile_repo_src_double64.c,76,70,214,if (psf->sf.channels < 1),if (psf->sf.channels < 1 || psf->sf.channels >,"
	if (psf->sf.channels < 1 || psf->sf.channels > ",0.5478821396827698,"[[13, 12, 361, 313, 567, 29888, 976, 4668, 29889, 305, 12629, 529, 29871, 29896, 3830, 282, 4668, 976, 4668, 29889, 305, 12629, 1405, 29871]]","[-0.1992386281490326, -0.03341313824057579, -0.575329065322876, -0.06296534091234207, -0.07844843715429306, -4.172238186583854e-05, -0.056022949516773224, -0.6574844121932983, -0.0004953111056238413, -0.2665873169898987, -3.421248038648628e-05, -0.6890921592712402, -0.000558220490347594, -0.044088710099458694, -0.1028350293636322, -0.005278697237372398, -2.622600959512056e-06, -5.006777428206988e-06, -4.458328112377785e-05, -2.861018856492592e-06, -0.0020666210912168026, -5.960462772236497e-07, -7.521823135903105e-05, -0.09538464993238449]",15.54794979095459,False,1.0,-2.8694955098886226,-0.11956231291202594,24.0,-2.8694955098886226,-0.11956231291202594,24.0,0.04341009126774243,1,18,22,22,0.8181818181818182,-4.582398302096263,-1.1190134407192083,True,13,0.5416666666666666,22.0,0.676056338028169,11.0,2.0177729978988292
~/anvil/data/cve-targets/poppler_repo_fofi_FoFiTrueType.cc,552,492,590,"cmapLen = getU16BE(pos + 8, &ok);","cmapLen = getU16BE(pos + 8, &ok);","       cmapLen = getU16BE(pos + 8, &ok);",0.0032167127355933,"[[4706, 274, 1958, 21515, 353, 679, 29965, 29896, 29953, 15349, 29898, 1066, 718, 29871, 29947, 29892, 669, 554, 416, 32010, 2]]","[-4.5060096454108134e-05, -0.006460258271545172, -0.00017963226127903908, -0.00034707720624282956, -0.0025924190413206816, -0.0064356219954788685, -7.73638384998776e-05, -0.0051359147764742374, -2.169585604860913e-05, -4.410646579344757e-05, -6.067568756407127e-05, -0.00048756631440483034, -0.00013195598148740828, -0.00017128908075392246, -0.010673105716705322, -0.0009172523277811706, -9.83428253675811e-05, -2.0265558760002023e-06, -0.02400151826441288, -0.07358784228563309, 0.0]",16.368432998657227,True,0.0,-0.13147072484912314,-0.006260510707101102,21.0,-0.05788288256349006,-0.003046467503341582,19.0,3.322118486432845e-05,0,19,19,19,1.0,-1.0558828321867806,-1.1422037619197674,False,18,0.8571428571428571,0.0,1.0,0.0,0.8766643125526867
~/anvil/data/cve-targets/libtiff_repo_libtiff_tif_predict.c,49,-106,199,PredictorSetup(TIFF* tif),PredictorSetupDecode(TIFF*);,"PredictorSetupDecode(TIFF*);
static int
Predictor",0.6271985769271851,"[[23084, 919, 272, 26947, 2772, 401, 29898, 24301, 4198, 29930, 416, 13, 7959, 938, 13, 23084, 919, 272]]","[-0.32581794261932373, -0.0001934579631779343, -0.0015544723719358444, -0.459026962518692, -0.9280250668525696, -6.318072337307967e-06, -0.002886654809117317, -0.0036925957538187504, -3.576278118089249e-07, -0.00811789557337761, -0.5653469562530518, -0.0028136686887592077, -0.008650686591863632, -0.003131725825369358, -0.04853508993983269, -0.0011605439940467477, -2.098061486321967e-05, -1.2636104656849056e-05]",2.396419048309326,False,2.0,-2.3589940121746054,-0.13105522289858917,18.0,-2.297482349103973,-0.19145686242533108,12.0,0.08816168887632576,0,11,16,12,0.6875,-3.2759263312997984,-1.2415254534638906,True,11,0.6111111111111112,11.0,0.7924528301886793,5.0,1.6795934516602986
~/anvil/data/cve-targets/openssl_repo_crypto_asn1_a_int.c,130,85,161,if (blen == 0),if (blen == 0),   if (blen == 0),0.1263739019632339,"[[1678, 565, 313, 2204, 264, 1275, 29871, 29900, 29897, 32010, 2]]","[-0.01597510278224945, -0.1871488392353058, -0.19276386499404907, -0.4678398370742798, -1.6689286894688848e-06, -0.03652624413371086, -0.0006934384000487626, -0.03931741416454315, -0.08556409925222397, -0.09597267955541611, 0.0]",13.152408599853516,True,0.0,-1.1218031885205164,-0.10198210804731968,11.0,-1.0258305089651003,-0.11398116766278893,9.0,0.020509808334305477,1,12,12,12,1.0,-1.1087261567376518,-1.0539646501996334,False,8,0.7272727272727273,0.0,1.0,0.0,1.0167442629103869
~/anvil/data/cve-targets/poppler_repo_poppler_FileSpec.cc,120,88,122,if (obj1.isString()),if (obj1.isString()) {,   if (obj1.isString()) {,0.0116072744131088,"[[1678, 565, 313, 5415, 29896, 29889, 275, 1231, 3101, 426, 32010, 2]]","[-0.011660514399409294, -0.007013819646090269, -0.03305959329009056, -0.01840325817465782, -0.0001292145170737058, -0.0005797850899398327, -0.0008554374799132347, -0.012514280155301094, -0.02035163901746273, -0.10205965489149094, -0.0962476134300232, -3.576278118089249e-07]",11.494454383850098,False,0.0,-0.3028751677192645,-0.025239597309938706,12.0,-0.20662719666142948,-0.02066271966614295,10.0,0.0008335352237516603,1,16,17,17,0.9411764705882353,-0.5617495954382028,-1.011172001307403,True,8,0.6666666666666666,2.0,0.9523809523809523,3.0,2.1364354852663787
~/anvil/data/cve-targets/sqlite3_repo_src_vdbemem.c,1078,1001,1083,#endif,#endif,"#endif
 ",0.0369640737771987,"[[29937, 15224, 13, 29871]]","[-0.030645418912172318, -0.0438961461186409, -0.037292443215847015, -0.1670515239238739]",17.384172439575195,True,1.0,-0.27888553217053413,-0.06972138304263353,4.0,-0.27888553217053413,-0.06972138304263353,4.0,0.0031796665742892206,0,2,3,2,0.6666666666666666,-0.5301683954633509,-1.171579697365227,False,2,0.5,0.0,1.0,0.0,0.6241913767340089
~/anvil/data/cve-targets/lua_repo_ldebug.c,94,88,97,for (; ci != NULL; ci = ci->previous),if (ci->callstatus & CIST_HOOKED)," if (ci->callstatus & CIST_HOOKED)
    ci->u.l",0.5314393639564514,"[[29871, 565, 313, 455, 976, 4804, 4882, 669, 315, 9047, 29918, 8187, 8949, 3352, 29897, 13, 1678, 4583, 976, 29884, 29889, 29880]]","[-0.19598977267742157, -0.5836820006370544, -0.39738208055496216, -0.9450898170471191, -0.21716928482055664, -0.5463027358055115, -0.006775381974875927, -0.003387667005881667, -0.05045788362622261, -0.000635183765552938, -0.0008108903421089053, -0.5553842782974243, -4.8993817472364753e-05, -0.6134925484657288, -0.025494400411844254, -0.9505707025527954, -0.006774197798222303, -0.6315845847129822, -0.03436822071671486, -0.39687561988830566, -0.001211266964673996, -0.01230364479124546]",11.849394798278809,False,1.0,-6.175791156674677,-0.28071777984884894,22.0,-5.099447819600755,-0.2999675188000444,17.0,0.10810906933469089,0,21,22,15,0.9545454545454546,-1.7716563649369785,-1.020184573979153,True,13,0.5909090909090909,30.0,0.2857142857142857,16.0,2.2692936060037505
~/anvil/data/cve-targets/libxml2_repo_valid.c,1205,1186,1278,case XML_ELEMENT_CONTENT_ELEMENT: {,case XML_ELEMENT_CONTENT_ELEMENT: {,       case XML_ELEMENT_CONTENT_ELEMENT: {,0.1080697700381279,"[[4706, 1206, 6560, 29918, 29923, 1307, 13780, 29918, 22412, 3919, 29918, 29923, 1307, 13780, 29901, 426, 32010, 2]]","[-0.2506867051124573, -0.000518664310220629, -9.97731985989958e-05, -7.152555099310121e-07, -1.2516897186287679e-05, -8.344646857949556e-07, -1.537788011773955e-05, -1.7881377516459906e-06, -1.7165990357170813e-05, -4.768370445162873e-07, -3.6954811548639555e-06, -0.004395703785121441, -0.012131948955357075, -0.002062933286651969, -0.014061895199120045, -0.14938582479953766, -0.46948128938674927, -1.1920928244535389e-07]",13.802017211914062,True,0.0,-0.9028774281869048,-0.050159857121494705,18.0,-0.43339601959087304,-0.027087251224429565,16.0,0.0046118262856175585,1,6,6,6,1.0,-3.989691281065148,-1.0712210072450234,False,15,0.8333333333333334,0.0,1.0,0.0,0.9066809244644001
~/anvil/data/cve-targets/php_repo_ext_intl_locale_locale_methods.c,408,384,489,},},"	}
	/* Check",0.0020894235931336,"[[12, 29913, 13, 12, 5515, 5399]]","[-0.0026496085338294506, -0.0015462597366422415, -0.34164127707481384, -0.13969692587852478, -0.3667477071285248, -0.8048429489135742]",11.78585147857666,True,1.0,-1.6571247272659093,-0.2761874545443182,6.0,-0.4855340712238103,-0.12138351780595258,4.0,0.01932689276649586,1,2,6,2,0.3333333333333333,-0.01721340451241343,-1.0185652127011078,False,1,0.16666666666666666,0.0,1.0,0.0,0.9590911699349962
~/anvil/data/cve-targets/libsndfile_repo_src_alaw.c,308,301,313,if (ptr [i] >= 0),if (ptr [i] >= 0),		if (ptr [i] >= 0),0.0537256859242916,"[[12, 12, 361, 313, 7414, 518, 29875, 29962, 6736, 29871, 29900, 29897, 32010, 2]]","[-0.013023554347455502, -0.0019809638615697622, -0.058694880455732346, -0.03202047944068909, -0.031326137483119965, -0.004246029071509838, -0.000409161759307608, -0.0004051103023812175, -0.4897714853286743, -0.003933788277208805, -0.003827746957540512, -0.005597986746579409, -0.02870357409119606, -5.960462772236497e-07]",9.079980850219728,True,0.0,-0.6739414941692417,-0.04813867815494583,14.0,-0.6452373240317684,-0.053769777002647366,12.0,0.01757391075565455,1,17,17,17,1.0,-0.9991800025811228,-1.0504848115513734,False,10,0.7142857142857143,0.0,1.0,0.0,1.067888745208271
~/anvil/data/cve-targets/poppler_repo_poppler_GfxState.cc,3934,3805,4010,double b;,// If a == 0,       // If a == 0,2.2737388610839844,"[[4706, 849, 960, 263, 1275, 29871, 29900]]","[-0.004187624901533127, -0.12824366986751556, -2.127288579940796, -0.7280153036117554, -0.1794031709432602, -0.0034867464564740658, -0.0002748588449321687]",9.72988510131836,False,0.0,-3.1708999545662664,-0.45298570779518094,7.0,-3.1708999545662664,-0.45298570779518094,7.0,0.523950332875525,0,5,2,2,2.5,-5.01944944830812,-1.0335548559947303,True,3,0.42857142857142855,11.0,0.09523809523809523,4.0,2.379895387614732
~/anvil/data/cve-targets/openssl_repo_crypto_bn_bn_local.h,611,456,761,"return ((((((bits+BN_BITS2-1))/BN_BITS2)) <= (a)->dmax)?(a):bn_expand2((a),(bits+BN_BITS2-1)/BN_BITS2));","return BN_expand(a, bits);","   return BN_expand(a, bits);
}
static ossl_inline BIGNUM *bn_expand2(BIGNUM *a, int bits)
{
    return BN_expand2(a, bits);
}
static ossl_inline BIGNUM *bn_dup(const BIGNUM *a)
{
    return BN_dup(a);
}
static",0.5367792844772339,"[[1678, 736, 350, 29940, 29918, 18837, 29898, 29874, 29892, 9978, 416, 13, 29913, 13, 7959, 288, 16265, 29918, 14764, 350, 6259, 13967, 334, 11197, 29918, 18837, 29906, 29898, 29933, 6259, 13967, 334, 29874, 29892, 938, 9978, 29897, 13, 29912, 13, 1678, 736, 350, 29940, 29918, 18837, 29906, 29898, 29874, 29892, 9978, 416, 13, 29913, 13, 7959, 288, 16265, 29918, 14764, 350, 6259, 13967, 334, 11197, 29918, 20908, 29898, 3075, 350, 6259, 13967, 334, 29874, 29897, 13, 29912, 13, 1678, 736, 350, 29940, 29918, 20908, 29898, 29874, 416, 13, 29913, 13, 7959]]","[-0.027860047295689583, -0.8842377066612244, -0.8069637417793274, -0.0006345880683511496, -0.0001147919538198039, -0.16582752764225006, -0.3764771521091461, -0.0021159895695745945, -0.0013496108585968614, -0.08207343518733978, -0.18495246767997742, -0.24761870503425598, -0.0015885126776993275, -0.00041631137719377875, -0.4446481168270111, -0.012296933680772781, -7.83174327807501e-05, -2.7418097943154862e-06, -0.00013493580627255142, -0.5832070708274841, -0.10657165199518204, -5.602820692729438e-06, -0.0030749202705919743, -0.05231453850865364, -0.00021181246847845614, -0.8761599659919739, -0.12824533879756927, -0.0008354272576980293, -0.0020761380437761545, -0.0001546025014249608, -8.4638240878121e-06, -0.0004664763400796801, -0.04006922245025635, -0.00021562635083682835, -0.02507386915385723, -0.13094761967658997, -0.004721682518720627, -0.0008904544520191848, -0.00022671037004329264, -0.0004096384218428284, -0.0036786997225135565, -0.10624486953020096, -0.016797294840216637, -0.00027223696815781295, -6.198863957251888e-06, -0.0010150285670533776, -0.004186437930911779, -0.0006162413046695292, -0.000161038784426637, -2.825220326485578e-05, -0.0013960388023406267, -0.0008725888328626752, -0.15174254775047302, -0.0003808011533692479, -7.73638384998776e-05, -0.18932302296161652, -0.005537764634937048, -2.706014311115723e-05, -9.417489309271332e-06, -9.178694017464295e-05, -0.46227967739105225, -0.0771627202630043, -3.576272320060525e-06, -0.0013241341803222895, -0.03139811381697655, -0.0001551984460093081, -0.5505968332290649, -0.021256955340504646, -0.43451544642448425, -6.0437283536884934e-05, -3.85038583772257e-05, -1.9550132492440753e-05, -0.00017033556650858372, -0.14721955358982086, -0.028621558099985123, -0.0031350532080978155, -0.00011729506513802335, -0.00025018901214934886, -0.0038752472028136253, -0.03997381776571274, -0.022375036031007767, -5.94836674281396e-05, -2.0265558760002023e-06, -0.0016756316181272268, -0.0011241076281294227, -0.0006895071710459888, -6.329813186312094e-05, -0.10999614000320435, -0.00018749863374978304, -6.663577369181439e-05, -0.105575330555439]",5.96034049987793,False,10.0,-7.721732049672937,-0.08485419834805426,91.0,-2.780225763839553,-0.23168548031996275,12.0,0.08843367167017563,1,71,81,12,0.8765432098765432,-2.316844731641922,-1.1356927210235825,True,59,0.6483516483516484,79.0,0.3846153846153846,60.0,2.580783479275115
~/anvil/data/cve-targets/openssl_repo_crypto_x509_x509_req.c,39,16,51,pktmp = X509_get0_pubkey(x);,if (pkey != NULL),"   if (pkey != NULL)
        pktmp = pkey;
    else
        pktmp = X5",0.2194744795560836,"[[1678, 565, 313, 29886, 1989, 2804, 4265, 29897, 13, 4706, 282, 1193, 1526, 353, 282, 1989, 29936, 13, 1678, 1683, 13, 4706, 282, 1193, 1526, 353, 1060, 29945]]","[-0.08718634396791458, -0.9347187280654907, -0.7143274545669556, -0.8679633140563965, -0.0008537700050510466, -0.6910504698753357, -0.0006335158832371235, -0.07113278657197952, -0.3940693438053131, -0.0016161249950528145, -0.16260570287704468, -0.00042143522296100855, -2.0265558760002023e-06, -6.592056161025539e-05, -0.39875197410583496, -5.006664650863968e-05, -0.00037698791129514575, -0.0011272035771980882, -0.0012035276740789413, -0.0022710978519171476, -0.4083114266395569, -0.002222212729975581, -0.013049205765128136, -5.340433563105762e-05, -4.172316494077677e-06, -0.0003847335756290704, -0.007936845533549786, -3.8742269680369645e-05]",9.279850006103516,False,3.0,-4.7624285379426965,-0.17008673349795345,28.0,-3.7635518517927267,-0.3763551851792727,10.0,0.13663973470466456,1,12,25,13,0.48,-0.5831578471585008,-1.045248915807163,True,17,0.6071428571428571,25.0,0.2666666666666667,14.0,2.053407035451959
~/anvil/data/cve-targets/lua_repo_ldo.c,371,348,395,if (hastocloseCfunc(wanted)) {  /* to-be-closed variables? */,if (nres == 0) {  /* no results? */,"     if (nres == 0) {  /* no results? */
        setnilvalue(s2v(res));  /* adjust with nil */
       ",0.6592679619789124,"[[418, 565, 313, 29876, 690, 1275, 29871, 29900, 29897, 426, 29871, 4949, 694, 2582, 29973, 3776, 13, 4706, 731, 8834, 1767, 29898, 29879, 29906, 29894, 29898, 690, 2483, 29871, 4949, 10365, 411, 4263, 3776, 13, 4706]]","[-0.004953967873007059, -0.21615959703922272, -0.06021647900342941, -0.3372323215007782, -0.0018543682526797056, -0.5338790416717529, -0.17195966839790344, -0.16644904017448425, -0.21633321046829224, -0.6207093596458435, -0.06017236411571503, -0.0006090931710787117, -0.02425927110016346, -0.03529788553714752, -0.007674258667975664, -0.002174158114939928, -0.001865553087554872, -0.0028449322562664747, -1.2359124422073364, -0.007934125140309334, -0.03448743000626564, -0.022095225751399994, -0.004872353747487068, -3.123234637314454e-05, -7.152531907195225e-06, -6.282132380874828e-05, -0.011176716536283493, -0.01775420270860195, -0.01681370660662651, -0.0003023882454726845, -0.1590169370174408, -0.03897511959075928, -0.0014974582009017467, -0.02180752158164978, -0.006359814666211605, -0.0082494942471385]",7.306412696838379,False,2.0,-4.052000712534209,-0.11255557534817247,36.0,-2.464644570078235,-0.13692469833767973,18.0,0.033697057881975905,0,16,28,14,0.5714285714285714,-4.8148213578900485,-1.0981105122792654,True,22,0.6111111111111112,39.0,0.47916666666666663,7.0,2.062278059674704
~/anvil/data/cve-targets/libsndfile_repo_src_wavlike.c,273,95,384,for (bit = k = 0 ; bit < ARRAY_LEN (channel_mask_bits) ; bit++),"for (bit = 0, k = 0 ; bit < ARRAY_LEN (channel_mask_bits) ; bit++)","					for (bit = 0, k = 0 ; bit < ARRAY_LEN (channel_mask_bits) ; bit++)",0.1779841780662536,"[[12, 12, 12, 12, 12, 1454, 313, 2966, 353, 29871, 29900, 29892, 413, 353, 29871, 29900, 2056, 2586, 529, 9033, 22800, 29918, 1307, 29940, 313, 12719, 29918, 13168, 29918, 14836, 29897, 2056, 2586, 4862, 32010, 2]]","[-0.06098145619034767, -0.00011526874004630372, -0.00017557987303007394, -9.417090768693015e-05, -0.00028546550311148167, -0.8573987483978271, -0.0008285188814625144, -0.686711847782135, -0.0008879532688297331, -0.07458168268203735, -0.03404969349503517, -0.1410624235868454, -0.00153840403072536, -0.00022671037004329264, -0.00267350603826344, -0.09452744573354721, -0.003914196044206619, -0.03546794876456261, -0.06807127594947815, -0.7401068210601807, -0.00013422065239865333, -0.0001134808044298552, -0.0005052005290053785, -3.576278118089249e-07, -0.002240411238744855, -0.0221080519258976, -9.298280929215252e-06, -0.0002348147245356813, -0.00018737945356406271, -0.0002932118659373373, -0.0010795724811032414, -0.010249362327158451, -0.015057356096804142, -0.010482844896614552, -0.019042886793613434, 0.0]",13.601064682006836,False,0.0,-2.8854375669979504,-0.08015104352772084,36.0,-2.866394680204337,-0.08430572588836285,34.0,0.04585118344581842,1,28,31,31,0.9032258064516129,-2.111175441415915,-1.0658528884611196,True,26,0.7222222222222222,3.0,0.9767441860465116,4.0,2.1815873237513443
~/anvil/data/cve-targets/openssl_repo_crypto_bn_bn_gf2m.c,812,790,817,"ret = BN_GF2m_mod_exp_arr(r, a, b, arr, ctx);","ret = BN_GF2m_mod_exp_arr(r, a, b, arr, max);","   ret = BN_GF2m_mod_exp_arr(r, a, b, arr, max);
    bn_check_top(a);
    bn",0.0634187161922454,"[[1678, 3240, 353, 350, 29940, 29918, 29954, 29943, 29906, 29885, 29918, 1545, 29918, 4548, 29918, 2749, 29898, 29878, 29892, 263, 29892, 289, 29892, 3948, 29892, 4236, 416, 13, 1678, 289, 29876, 29918, 3198, 29918, 3332, 29898, 29874, 416, 13, 1678, 289, 29876]]","[-0.07539036870002747, -0.08636362850666046, -0.0008367374539375305, -0.03435255587100983, -2.8609820219571702e-05, -6.12716976320371e-05, -0.01842830330133438, -0.00011300401820335537, -2.658331868587993e-05, -2.6702524337451905e-05, -6.794906312279636e-06, -0.003565385239198804, -3.0397906812140718e-05, -0.0017051455797627568, -0.001135419704951346, -0.0005523824947886169, -0.006715348921716213, -0.003938300535082817, -0.0001461399078834802, -0.0032482976093888283, -0.0001382732152706012, -0.02625841274857521, -0.0012873465893790126, -0.3317565321922302, -0.0824747383594513, -0.4696979820728302, -0.5538187026977539, -0.4686588644981384, -0.15614309906959534, -0.5498980283737183, -9.345571743324399e-05, -0.00029702542815357447, -0.016929866746068, -0.0003275334893260151, -0.0011968599865213037, -0.0009469077922403812, -0.07993500679731369, -0.00013147920253686607, -0.020913325250148773, -0.0004839917819481343, -0.0005956306122243404, -2.3841830625315197e-06]",11.734543800354004,False,2.0,-2.9986568248218646,-0.07139659106718725,42.0,-2.3269053294611695,-0.08023811480900585,29.0,0.024722534769020935,0,20,31,20,0.6451612903225806,-0.7903814333525112,-1.017259544860392,True,26,0.6190476190476191,2.0,0.9555555555555556,1.0,2.177892507709846
~/anvil/data/cve-targets/openssl_repo_crypto_x509_v3_addr.c,1169,1014,1319,#undef validation_err,/*,"/*
 * RFC 3779",0.5858272314071655,"[[5515, 13, 334, 390, 8610, 29871, 29941, 29955, 29955, 29929]]","[-0.19554273784160614, -0.1055285632610321, -0.000832449528388679, -0.6896840929985046, -0.00021836756786797196, -0.005550093948841095, -0.01577763445675373, -0.0007489498239010572, -0.0002455409849062562, -0.00038258862332440913]",7.790914058685303,False,1.0,-1.014511019035126,-0.10145110190351261,10.0,-0.30107130110263824,-0.15053565055131912,2.0,0.002025637906355515,0,4,7,3,0.5714285714285714,-3.891617894243936,-1.0848898408662888,True,6,0.6,21.0,0.0,3.0,1.9418243326531892
~/anvil/data/cve-targets/openssl_repo_crypto_asn1_a_int.c,158,85,161,},},   },0.0008026715368032,"[[1678, 500, 32010, 2]]","[-0.1147380918264389, -0.0008023141999728978, -0.633303701877594, -2.3841855067985307e-07]",11.140691757202148,True,0.0,-0.7488443463225565,-0.18721108658063912,4.0,-0.1155404060264118,-0.0577702030132059,2.0,0.003245340355836878,1,2,2,2,1.0,-0.013894213538071078,-1.0022685590755676,False,1,0.25,0.0,1.0,0.0,0.9952083201932541
~/anvil/data/cve-targets/lua_repo_lvm.c,1678,1674,1682,L->oldpc = pc + 1;,trap = 0;,         trap = 0;,1.0576341152191162,"[[3986, 26505, 353, 29871, 29900, 29936, 32010, 2]]","[-0.13161177933216095, -1.5930712223052979, -0.01876307837665081, -0.21943806111812592, -0.011240843683481216, -0.00014149141497910023, -0.5001047253608704, -8.344646857949556e-07]",10.827714920043944,False,0.0,-2.474372036056252,-0.3092965045070315,8.0,-1.9742664762306958,-0.329044412705116,6.0,0.3257012864942554,1,13,7,7,1.8571428571428572,-3.214259456722488,-1.0055739078891237,True,10,1.25,13.0,0.37037037037037035,8.0,2.308300801729058
~/anvil/data/cve-targets/openssl_repo_crypto_asn1_a_type.c,71,54,98,case V_ASN1_NEG_ENUMERATED:,case V_ASN1_INTEGER:,"   case V_ASN1_INTEGER:
    case V_ASN1_ENUMERATED:",0.0579346232116222,"[[1678, 1206, 478, 29918, 3289, 29940, 29896, 29918, 1177, 4330, 17070, 29901, 13, 1678, 1206, 478, 29918, 3289, 29940, 29896, 29918, 1430, 5005, 1001, 3040, 29928, 29901]]","[-0.24934954941272736, -0.0015850611962378025, -0.000539634027518332, -2.1219027985353023e-05, -6.222531374078244e-05, -1.1801649634435307e-05, -6.544376083184034e-05, -0.0002307625545654446, -0.6930944919586182, -5.113947918289341e-05, -2.8609820219571702e-05, -0.0002828436263371259, -0.004668408073484898, -0.07304435223340988, -0.0006522196927107871, -3.158996332786046e-05, -9.536738616588991e-07, -7.510157047363464e-06, -1.3470558769768104e-05, -1.6689286894688848e-06, -2.145764938177308e-06, -0.05040087178349495, -2.3841855067985307e-07, -1.311301275563892e-06, -0.0001512651506345719, -8.344646857949556e-07, -4.887569048150908e-06]",11.909019470214844,False,1.0,-1.0743045095615287,-0.03978905590968625,27.0,-1.0230355421344939,-0.073073967295321,14.0,0.033797009093491426,1,5,9,5,0.5555555555555556,-0.7928216484741457,-1.0217064121996178,True,16,0.5925925925925926,11.0,0.7659574468085106,1.0,1.996503426078908
~/anvil/data/cve-targets/lua_repo_ldebug.c,396,356,568,},},},0.0011993603548035,"[[29913, 32010, 2]]","[-0.0011995985405519605, -0.23857036232948303, 0.0]",12.277155876159668,True,0.0,-0.239769960870035,-0.07992332029001166,3.0,-0.0011995985405519605,-0.0011995985405519605,1.0,0.0,0,2,2,2,1.0,-0.9998014454499495,-1.0311529990901591,False,1,0.3333333333333333,0.0,1.0,0.0,0.930845276941672
~/anvil/data/cve-targets/libxml2_repo_xmlmemory.c,289,257,325,xmlMutexUnlock(xmlMemMutex);,/*,"   /*
     * Allocate a new block and copy the old data to the new block.
",0.137164682149887,"[[1678, 4949, 13, 268, 334, 838, 2029, 403, 263, 716, 2908, 322, 3509, 278, 2030, 848, 304, 278, 716, 2908, 29889, 13]]","[-0.28759312629699707, -1.3884910345077515, -0.1760893315076828, -0.014196240343153477, -0.00017414960893802345, -2.559565782546997, -0.07407946139574051, -0.06988076120615005, -1.4904502630233765, -0.3979153037071228, -0.856443464756012, -1.3746988773345947, -0.4231956899166107, -0.17253194749355316, -1.2386177778244019, -1.0829845666885376, -1.2494114637374878, -0.5273036956787109, -0.32567593455314636, -0.5384217500686646, -0.5978743433952332, -0.05798012390732765]",9.371811866760254,False,2.0,-14.90357508949819,-0.6774352313408268,22.0,-1.8663697326555848,-0.4665924331638962,4.0,0.29274803759229245,1,9,22,3,0.4090909090909091,-0.2939710813992268,-1.0428486002043607,True,13,0.5909090909090909,28.0,0.0,8.0,2.009447232358195
~/anvil/data/cve-targets/libtiff_repo_libtiff_tif_dirread.c,5699,5652,5716,newoffsets[i] = offset;,newoffsets[i] = offset;,       newoffsets[i] = offset;,0.0133741507306694,"[[4706, 716, 2696, 7224, 29961, 29875, 29962, 353, 9210, 29936, 32010, 2]]","[-0.0028693003114312887, -0.10061446577310562, -0.0009885906474664807, -9.775113539944869e-06, -0.0008298290777020156, -0.0001656871900195256, -0.0011275607394054532, -0.0005142558366060257, -0.011020625941455364, -0.004807342309504747, -0.1096387505531311, 0.0]",9.83042812347412,True,0.0,-0.23258618349336757,-0.01938218195778063,12.0,-0.12294743294023647,-0.012294743294023646,10.0,0.0008767690544498229,1,12,12,12,1.0,-1.087794223175887,-1.030960200073041,False,9,0.75,0.0,1.0,0.0,1.0471635306314877
~/anvil/data/cve-targets/php_repo_ext_standard_dns.c,738,725,945,#if defined(HAVE_DNS_SEARCH),#if defined(HAVE_DNS_SEARCH),#if defined(HAVE_DNS_SEARCH),0.0150625463575124,"[[29937, 361, 3342, 29898, 29950, 7520, 29923, 29918, 29928, 3059, 29918, 1660, 1718, 3210, 29897, 32010, 2]]","[-0.15073581039905548, -0.00453408295288682, -0.052182164043188095, -0.003329093800857663, -0.004657847806811333, -2.4199192921514623e-05, -5.722029527532868e-06, -1.7523612768854946e-05, -0.007215275429189205, -1.4543427823809907e-05, -0.00039283663500100374, -0.0005776405450887978, -9.083335316972807e-05, -5.960446742392378e-06, -0.0007892115972936153, -0.028212770819664, 0.0]",17.730634689331055,True,0.0,-0.25278551609198985,-0.014869736240705285,17.0,-0.22457274527232585,-0.01497151635148839,15.0,0.0014792390026492157,0,7,7,7,1.0,-1.006080212844637,-1.1817714754198951,False,15,0.8823529411764706,0.0,1.0,0.0,0.6542225906892668
~/anvil/data/cve-targets/php_repo_ext_standard_dns.c,272,117,422,# define PHP_DNS_NS     0x00000002,# define PHP_DNS_NS     0x00000002,"# define PHP_DNS_NS     0x00000002
# define PHP_DNS_CNAME  ",0.0012469260254874,"[[29937, 4529, 5048, 29918, 29928, 3059, 29918, 3059, 418, 29900, 29916, 29900, 29900, 29900, 29900, 29900, 29900, 29900, 29906, 13, 29937, 4529, 5048, 29918, 29928, 3059, 29918, 29907, 5813, 259]]","[-0.002574702724814415, -0.0032384353689849377, -0.000387831823900342, -9.894321920000948e-06, -3.528532761265524e-05, -1.2755313036905136e-05, -4.458328112377785e-05, -0.007670827675610781, -0.02711883746087551, -0.00013958434283267707, -0.00013100242358632386, -2.169585604860913e-05, -5.328513361746445e-05, -5.209310256759636e-05, -6.270212179515511e-05, -0.00014053787162993103, -0.00025102324434556067, -0.003653638530522585, -0.0041209072805941105, -0.11207780987024307, -0.0021591701079159975, -0.003598881885409355, -9.822363062994555e-05, -1.1801649634435307e-05, -3.659658250398934e-05, -4.291525328881107e-06, -1.4424220353248529e-05, -0.3439570367336273, -0.012834563851356506, -0.0010140759404748678]",11.51821517944336,True,1.0,-0.525526499202897,-0.0175175499734299,30.0,-0.1617974330756624,-0.00808987165378312,20.0,0.0006047259360227061,0,5,8,5,0.625,-0.15413421607304384,-1.0117728360244391,False,19,0.6333333333333333,0.0,1.0,0.0,1.0081789249518909
~/anvil/data/cve-targets/libtiff_repo_libtiff_tif_next.c,123,39,140,break;,break;,"					break;
				np",0.0117493802681565,"[[12, 12, 12, 12, 12, 8690, 29936, 13, 12, 12, 12, 12, 9302]]","[-0.02425996959209442, -8.546940807718784e-05, -0.00011395759065635502, -0.0001746263587847352, -0.019857654348015785, -0.03771050646901131, -4.339123915997334e-05, -0.0482211597263813, -0.057157453149557114, -0.00012778419477399439, -9.178694017464295e-05, -0.0005952732171863317, -0.5840843319892883]",10.638335227966309,True,1.0,-0.7725233642231615,-0.05942487417101242,13.0,-0.18843903223387315,-0.015703252686156095,12.0,0.00041987796567705447,1,4,7,4,0.5714285714285714,-0.7482131570432343,-1.0103460778017366,False,2,0.15384615384615385,0.0,1.0,0.0,1.0019406309441692
~/anvil/data/cve-targets/libxml2_repo_valid.c,5242,5203,5259,(cont->c1->type == XML_ELEMENT_CONTENT_ELEMENT)){,(cont->c1->type == XML_ELEMENT_CONTENT_ELEMENT)){,	       (cont->c1->type == XML_ELEMENT_CONTENT_ELEMENT)){,0.0018871803767979,"[[12, 539, 313, 1285, 976, 29883, 29896, 976, 1853, 1275, 6560, 29918, 29923, 1307, 13780, 29918, 22412, 3919, 29918, 29923, 1307, 13780, 18840, 32010, 2]]","[-0.0002153879904653877, -0.013874276541173458, -0.00020787939138244838, -5.447716102935374e-05, -1.1920922133867862e-06, -4.207999518257566e-05, -0.00012611546844709665, -8.272782724816352e-05, -0.0009952597320079803, -0.0005360596696846187, -0.00015400654228869826, -3.576278118089249e-07, -7.510157047363464e-06, 0.0, -3.93382906622719e-05, -8.344646857949556e-07, -2.1934269170742482e-05, -1.311301275563892e-06, -4.768370445162873e-07, -0.0008304246584884822, -1.311301275563892e-06, -1.2874520507466514e-05, -0.03767239302396774, -0.018783317878842354, 0.0]",12.661090850830078,True,0.0,-0.07366154674190284,-0.0029464618696761137,25.0,-0.054878228863060485,-0.002494464948320931,22.0,6.44728400256057e-05,0,16,16,16,1.0,-0.7565471617743897,-1.0410980433819796,False,21,0.84,0.0,1.0,0.0,1.0678776512329542
~/anvil/data/cve-targets/libpng_repo_pngrutil.c,2620,2602,2642,size_t row_factor_l =,/* The following is a conservative estimate of the maximum number of,"     /* The following is a conservative estimate of the maximum number of
      ",0.229245588183403,"[[418, 4949, 450, 1494, 338, 263, 8976, 1230, 12678, 310, 278, 7472, 1353, 310, 13, 539]]","[-0.34286952018737793, -1.430063009262085, -2.3359532356262207, -1.3968266248703003, -1.4619814157485962, -1.4526944160461426, -2.4212076663970947, -0.01804202049970627, -0.5669676661491394, -0.5849912762641907, -0.1467726081609726, -1.5172741413116455, -1.4588656425476074, -0.23144109547138214, -0.3512089252471924, -0.029428793117403984]",10.182682991027832,False,1.0,-15.746588056907058,-0.9841617535566911,16.0,-15.746588056907058,-0.9841617535566911,16.0,0.5923083000188283,1,4,15,15,0.26666666666666666,-0.23293486802847765,-1.0219210408697779,True,9,0.5625,60.0,0.2247191011235955,14.0,2.0163457933759155
~/anvil/data/cve-targets/poppler_repo_poppler_FileSpec.cc,118,88,122,},},"   }
   ",0.1042535901069641,"[[1678, 500, 13, 1678]]","[-0.7370167374610901, -0.10449372977018356, -0.721963107585907, -0.16071148216724396]",9.237438201904297,True,1.0,-1.7241850569844246,-0.43104626424610615,4.0,-1.7241850569844246,-0.43104626424610615,4.0,0.08949199809811748,1,2,2,2,1.0,-0.24186171822948554,-1.0463577758716447,False,1,0.25,0.0,1.0,0.0,0.9159863185647374
~/anvil/data/cve-targets/php_repo_ext_phar_phar.c,938,632,1125,if (manifest_count > ((manifest_len - 10 - tmp_len) / (5 * 4 + 1))) {,if (buffer + 20 > endbuffer) {,"	if (buffer + 20 > endbuffer) {
		MAPPHAR_FAIL(""internal corruption of phar \""%s\"" (truncated manifest header)"")
	}
	if (manifest",0.6023025512695312,"[[12, 361, 313, 9040, 718, 29871, 29906, 29900, 1405, 1095, 9040, 29897, 426, 13, 12, 12, 1529, 18009, 29950, 1718, 29918, 4519, 6227, 703, 7564, 1034, 18953, 310, 1374, 279, 13218, 29995, 29879, 5931, 313, 509, 4661, 630, 10419, 4839, 25760, 13, 12, 29913, 13, 12, 361, 313, 29135]]","[-0.009987027384340763, -0.14801396429538727, -0.19447670876979828, -0.9650294780731201, -0.04688902571797371, -0.09041858464479446, -0.9901506304740906, -0.26486632227897644, -0.12238703668117523, -0.0039366381242871284, -1.9073468138230965e-06, -0.05059173330664635, -0.011294004507362843, -0.020214496180415154, -0.0005959880072623491, -0.000440262199845165, -0.03097081184387207, -4.994744449504651e-05, -1.6689286894688848e-06, -1.0728830375228426e-06, -4.6491513785440475e-06, -0.013765991665422916, -4.529942543740617e-06, -0.00021562635083682835, -0.0057632229290902615, -0.0003449321957305074, -3.242440288886428e-05, -7.390703103737906e-05, -0.0005225961795076728, -6.556489552167477e-06, -0.00023278864682652056, -1.9788545614574105e-05, -3.9457496313843876e-05, -0.0011077941162511706, -0.0032329694367945194, -0.37264788150787354, -6.5205356804654e-05, -0.0001961992384167388, -0.057557620108127594, -0.3680157959461212, -0.19047555327415466, -0.009181184694170952, -0.00017867876158561558, -0.00022718709078617394, -0.009652961976826191, -0.021281462162733078, -0.7582086324691772, -0.0860021784901619, -0.10575466603040695]",12.940590858459473,False,3.0,-4.95512975077952,-0.10112509695468408,49.0,-2.9192938079922897,-0.1824558629995181,16.0,0.09609284779524366,1,37,34,16,1.088235294117647,-3.301086308589174,-1.0483981913487908,True,30,0.6122448979591837,52.0,0.3434343434343434,25.0,2.4012783641988547
~/anvil/data/cve-targets/libtiff_repo_libtiff_tif_jbig.c,100,39,108,"decodedSize, (unsigned long)size);","decodedSize, size);","	                 decodedSize, size);",0.1985811293125152,"[[12, 462, 1602, 6797, 3505, 29892, 2159, 416, 32010, 2]]","[-0.028698129579424858, -0.07813096791505814, -0.6470121145248413, -2.3483953555114567e-05, -4.529942543740617e-06, -0.0009341643890365958, -0.4245307743549347, -0.014670944772660732, -0.4480632543563843, 0.0]",7.435211181640625,False,0.0,-1.6420683637884395,-0.16420683637884395,10.0,-1.1940051094320552,-0.1492506386790069,8.0,0.05347364627399013,1,14,7,7,2.0,-1.330521135923601,-1.0945803246115018,True,10,1.0,15.0,0.7169811320754718,11.0,1.9622197588825823
~/anvil/data/cve-targets/libxml2_repo_xmlstring.c,445,430,455,size = xmlStrlen(str1);,size = xmlStrlen(str1);,   size = xmlStrlen(str1);,0.0196599513292312,"[[1678, 2159, 353, 4903, 5015, 2435, 29898, 710, 29896, 416, 32010, 2]]","[-0.17886531352996826, -0.1636102795600891, -0.0007901645149104297, -0.0033043804578483105, -0.001082073082216084, -0.0004219118563923985, -0.0007138088112697005, -1.764281842042692e-05, -0.00046361665590666234, -0.006399140227586031, -0.31076163053512573, 0.0]",13.292343139648438,True,0.0,-0.6664299620497331,-0.055535830170811096,12.0,-0.3556683315146074,-0.03556683315146074,10.0,0.004616569370995057,1,12,12,12,1.0,-0.5527608051442094,-1.0576582586822858,False,9,0.75,0.0,1.0,0.0,0.988767163178518
~/anvil/data/cve-targets/php_repo_ext_exif_exif.c,2223,2210,2256,if ((f=image_info->info_list[section_index].list[i].name) != NULL) {,if ((f=image_info->info_list[section_index].list[i].name) != NULL) {,			if ((f=image_info->info_list[section_index].list[i].name) != NULL) {,0.0346165671944618,"[[12, 12, 12, 361, 5135, 29888, 29922, 3027, 29918, 3888, 976, 3888, 29918, 1761, 29961, 2042, 29918, 2248, 1822, 1761, 29961, 29875, 1822, 978, 29897, 2804, 4265, 29897, 426, 32010, 2]]","[-0.01097334548830986, -0.00045658653834834695, -0.0012185298837721348, -0.19567036628723145, -0.23031997680664062, -0.006599772721529007, -0.03380424901843071, -0.002068405505269766, -3.576278118089249e-07, -3.2186455882765586e-06, -3.2066785934148356e-05, -0.00046826363541185856, -2.50339189733495e-06, -2.312633478140924e-05, -8.844937838148326e-05, -0.0001915509783430025, -4.768370445162873e-07, -3.2186455882765586e-06, -2.95634672511369e-05, -0.0007745603215880692, -0.002231014659628272, -5.435795901576057e-05, -0.0002928543253801763, -0.4752386808395386, -0.017085857689380646, -0.010413359850645065, -0.005693173035979271, -0.009126493707299232, -0.0010158622171729803, -0.12560459971427917, -2.3841855067985307e-07]",10.692028045654297,True,0.0,-1.129485080716023,-0.03643500260374268,31.0,-1.0038802425831932,-0.034616560089075626,29.0,0.009802441763936088,0,39,39,39,1.0,-1.0000002052597414,-1.0089907794336601,False,26,0.8387096774193549,0.0,1.0,0.0,1.4069207489673343
~/anvil/data/cve-targets/sqlite3_repo_src_select.c,2116,2093,2124,"sqlite3ColumnsFromExprList(pParse, pSelect->pEList, &pTab->nCol, &pTab->aCol);",pTab->nCol = pSelect->pEList->nExpr;," pTab->nCol = pSelect->pEList->nExpr;
  pTab->aCol = sqlite3DbMallocRawNN(db, sizeof(Column)*pTab->nCol);
  if(",0.80539470911026,"[[29871, 282, 8863, 976, 29876, 1625, 353, 282, 3549, 976, 29886, 29923, 1293, 976, 29876, 21176, 29936, 13, 29871, 282, 8863, 976, 29874, 1625, 353, 21120, 29941, 10234, 29924, 15956, 22131, 10262, 29898, 2585, 29892, 13810, 29898, 4409, 11877, 29886, 8863, 976, 29876, 1625, 416, 13, 29871, 565, 29898]]","[-0.017384178936481476, -0.18667684495449066, -0.011373210698366165, -0.0026198846753686666, -1.5282281637191772, -0.0844670906662941, -0.02741244062781334, -0.1589934378862381, -0.0764409527182579, -0.0011813811725005507, -0.009191225282847881, -0.11930415034294128, -0.0005422552349045873, -0.0027164246421307325, -0.00042274597217328846, -0.0005317704635672271, -0.006625233683735132, -0.4916113018989563, -0.00885157659649849, -0.25154247879981995, -0.0024862352292984724, -0.0014772227732464671, -0.45209336280822754, -0.014119373634457588, -0.009544691070914268, -0.3769817054271698, -0.008622203953564167, -0.010004730895161629, -0.003910277504473925, -0.0001212284987559542, -0.6244243383407593, -0.6017724871635437, -0.0033912311773747206, -0.02486993372440338, -0.0012278169160708785, -0.21590247750282288, -0.0028889132663607597, -0.11122925579547882, -0.08331139385700226, -0.12757401168346405, -0.17524369060993195, -1.8954096958623268e-05, -5.757642793469131e-05, -0.0003588747640606016, -0.5602428913116455, -0.1346377432346344, -0.004870811477303505, -0.20909227430820465, -0.0010868363315239549]",11.539151191711426,False,2.0,-6.7476792927573115,-0.13770774066851657,49.0,-2.734574270172743,-0.1439249615880391,19.0,0.11959653477009671,0,28,45,16,0.6222222222222222,-5.595934855383643,-1.012302536847821,True,31,0.6326530612244898,54.0,0.42105263157894735,21.0,2.4170919702052123
~/anvil/data/cve-targets/libxml2_repo_parser.c,4965,4831,4974,"target, buf);","target, buf);","		                                     target, buf);
		xmlFree(buf",0.0075842104852199,"[[12, 12, 462, 462, 268, 3646, 29892, 18392, 416, 13, 12, 12, 3134, 20475, 29898, 9721]]","[-0.009786011651158333, -0.010604459792375565, -0.18335272371768951, -0.006960075348615646, -0.01876728981733322, -0.0034753421787172556, -7.73638384998776e-05, -0.021253220736980438, -0.0002949994814116508, -0.039557844400405884, -0.07358275353908539, -0.4026377499103546, -0.4297071695327759, -0.0014771036803722382, -0.003813140094280243, -0.020198257640004158]",11.920575141906738,True,1.0,-1.22554550536006,-0.07659659408500374,16.0,-0.7703498344126274,-0.06419581953438562,12.0,0.012861177456962893,0,7,10,7,0.7,-0.1181418126636349,-1.0220016174353717,False,4,0.25,0.0,1.0,0.0,1.0092595884596858
~/anvil/data/cve-targets/libsndfile_repo_src_common.c,598,470,684,"header_put_le_int (psf, size) ;","header_put_le_int (psf, size) ;","						header_put_le_int (psf, size) ;",0.0009210571879521,"[[12, 12, 12, 12, 12, 12, 6672, 29918, 649, 29918, 280, 29918, 524, 313, 567, 29888, 29892, 2159, 29897, 2056, 32010, 2]]","[-0.0029951734468340874, -3.933898824470816e-06, -9.179073458653875e-06, -3.4570634852570947e-06, -1.4066597032069694e-05, -0.0009409529156982899, -9.047575440490618e-05, -3.576278118089249e-07, -1.4305104514278355e-06, -1.0728830375228426e-06, -0.0009814451914280653, -4.529942543740617e-06, -0.00010191874753218144, -0.00010561384988250211, -6.079655122448457e-06, 0.0, -1.3947389561508317e-05, -0.0004161922261118889, -0.012528643012046814, -0.00023958197562023997, -0.23529157042503357, 0.0]",16.598459243774414,True,0.0,-0.25374962218592145,-0.011534073735723703,22.0,-0.018458051760887884,-0.0009714764084677833,19.0,7.550625548625627e-06,1,11,11,11,1.0,-0.9481004169774903,-1.1487911056031188,False,14,0.6363636363636364,0.0,1.0,0.0,0.7706353536070656
~/anvil/data/cve-targets/sqlite3_repo_src_expr.c,5070,5063,5075,"Expr *pCopy = sqlite3ExprDup(db, pExpr, 0);","Expr *pCopy = sqlite3ExprDup(db, pExpr, 0);"," Expr *pCopy = sqlite3ExprDup(db, pExpr, 0);",0.0206378437578678,"[[29871, 1222, 558, 334, 29886, 11882, 353, 21120, 29941, 21176, 29928, 786, 29898, 2585, 29892, 282, 21176, 29892, 29871, 29900, 416, 32010, 2]]","[-0.004928938578814268, -0.0288837980479002, -4.0531076592742465e-06, -0.003514187643304467, -0.0004609952447935939, -0.0006328010931611061, -0.15308517217636108, -0.01730169914662838, -5.2689116273541003e-05, -0.03440404310822487, -0.00748141435906291, -0.0002004899288294837, -0.0005818104837089777, -0.03501763567328453, -0.00015960850578267127, -0.03181414678692818, -0.000302030734019354, -0.02874874882400036, -0.0744071826338768, -0.007437989581376314, -0.003570255357772112, -0.1925528645515442, 0.0]",17.94208335876465,True,0.0,-0.6255425546833067,-0.02719750237753507,23.0,-0.4329896901317625,-0.02061855667294107,21.0,0.0012184666399068572,0,19,19,19,1.0,-1.0009354236202208,-1.188035116467293,False,20,0.8695652173913043,0.0,1.0,0.0,0.7776442575324294
~/anvil/data/cve-targets/libsndfile_repo_src_file_io.c,292,268,299,break ;,break ;,"			break ;
		total +=",0.0080953333526849,"[[12, 12, 12, 8690, 2056, 13, 12, 12, 7827, 4619]]","[-0.00016532962035853416, -5.924526340095326e-05, -0.02927529439330101, -0.010664849542081356, -0.00032789100077934563, -0.6904492974281311, -0.3234332799911499, -0.00013839241000823677, -0.7300536632537842, -0.007393497973680496]",13.93984603881836,True,1.0,-1.7919607408766751,-0.17919607408766752,10.0,-1.0545135796492104,-0.1318141974561513,8.0,0.05541254963789766,0,4,6,4,0.6666666666666666,-0.061414730043612004,-1.0749185022237018,False,2,0.2,0.0,1.0,0.0,0.8572143880962051
~/anvil/data/cve-targets/php_repo_ext_standard_dns.c,417,391,729,CHECKCP(dlen);,if (cp + dlen > end) {,"	if (cp + dlen > end) {
		return",0.2935567796230316,"[[12, 361, 313, 6814, 718, 270, 2435, 1405, 1095, 29897, 426, 13, 12, 12, 2457]]","[-0.08351899683475494, -0.6453276872634888, -0.10008331388235092, -1.225368618965149, -0.06176557391881943, -0.05930858477950096, -6.9141146923357155e-06, -0.03466062620282173, -0.005444697570055723, -0.012767949141561985, -0.006537715904414654, -0.0047979699447751045, -0.0009026029147207737, -0.0009744186536408961, -0.050107818096876144]",7.873851299285889,False,1.0,-2.2915734881876233,-0.1527715658791749,15.0,-2.241465670090747,-0.16010469072076766,14.0,0.11320664614745622,1,9,14,16,0.6428571428571429,-1.8335301626796965,-1.0826427270451582,True,6,0.4,17.0,0.33333333333333337,13.0,1.949598597877956
~/anvil/data/cve-targets/poppler_repo_poppler_GfxState.cc,2395,2386,2402,int i;,int i;,"   int i;

   ",0.2489736676216125,"[[1678, 938, 474, 29936, 13, 13, 1678]]","[-0.10882928967475891, -0.6952177286148071, -0.009598178789019585, -0.04866636171936989, -0.00021288513380568475, -0.07534647732973099, -0.009347601793706417]",15.006513595581056,True,2.0,-0.9472185230551986,-0.13531693186502838,7.0,-0.9472185230551986,-0.13531693186502838,7.0,0.05360312207861876,1,5,5,5,1.0,-1.8399298904437975,-1.1039686334706316,False,3,0.42857142857142855,0.0,1.0,0.0,0.8483236134513908
~/anvil/data/cve-targets/poppler_repo_poppler_Parser.cc,270,188,287,"str = baseStr->makeSubStream(pos, true, length, std::move(dict));",if (baseStr->getKind() == strWeird) {,"   if (baseStr->getKind() == strWeird) {
        baseStr = new WeirdStream(baseStr);
    }
    if",0.7338393926620483,"[[1678, 565, 313, 3188, 5015, 976, 657, 11885, 580, 1275, 851, 4806, 1823, 29897, 426, 13, 4706, 2967, 5015, 353, 716, 1334, 1823, 3835, 29898, 3188, 5015, 416, 13, 1678, 500, 13, 1678, 565]]","[-0.003979858942329884, -0.7920340895652771, -0.19420649111270905, -0.953576922416687, -0.0001774868869688362, -0.26588717103004456, -0.703827977180481, -0.3168909251689911, -0.016176169738173485, -0.15977418422698975, -0.21365857124328613, -0.15398520231246948, -0.023256978020071983, -0.057969097048044205, -0.02212321013212204, -0.009510448202490807, -0.006767803803086281, -1.3338769674301147, -0.0004009396652691066, -0.1328842043876648, -0.5143345594406128, -0.7937562465667725, -0.029329704120755196, -0.7226921916007996, -0.017916038632392883, -0.2735799551010132, -7.390948667307384e-06, -0.7855141162872314, -0.005854008719325066, -0.07301852852106094, -0.00011407678539399058, -0.7713149785995483, -0.01677560806274414, -0.8639092445373535]",13.329811096191406,False,3.0,-10.229081346436942,-0.3008553337187336,34.0,-3.8938025870302226,-0.2290472110017778,17.0,0.08521540590124091,0,29,33,20,0.8787878787878788,-3.203878315970206,-1.0586494301662808,True,21,0.6176470588235294,45.0,0.3921568627450981,27.0,2.3118288385667727
~/anvil/data/cve-targets/libxml2_repo_HTMLparser.c,544,389,694,*,*,"*
 * Sk",0.0009810879128053,"[[334, 13, 334, 4971]]","[-0.0009808497270569205, -0.43772462010383606, -0.0038512598257511854, -1.3411908149719238]",14.500383377075195,True,1.0,-1.783747544628568,-0.445936886157142,4.0,-0.438705469830893,-0.2193527349154465,2.0,0.047686280240731196,0,2,4,2,0.5,-0.004472649557724813,-1.0900878401386669,False,1,0.25,0.0,1.0,0.0,0.7993310144152288
~/anvil/data/cve-targets/libxml2_repo_xmlmemory.c,768,733,772,},},"	}
    } else",0.0305234994739294,"[[12, 29913, 13, 1678, 500, 1683]]","[-0.025147225707769394, -0.03590356931090355, -0.5842668414115906, -0.3314020037651062, -0.002518816851079464, -0.327960729598999]",6.453897476196289,True,1.0,-1.3071991866454482,-0.2178665311075747,6.0,-0.9767196401953697,-0.24417991004884243,4.0,0.053655291359205354,0,2,4,2,0.5,-0.12500413923415687,-1.121765593971044,False,1,0.16666666666666666,0.0,1.0,0.0,0.7341271942417471
~/anvil/data/cve-targets/lua_repo_ldebug.c,80,74,81,"return luaG_getfuncline(ci_func(ci)->p, currentpc(ci));","return getbaseline(ci, ci_func(ci)->sizelineinfo, ci->u.l.savedpc);"," return getbaseline(ci, ci_func(ci)->sizelineinfo, ci->u.l.savedpc);
}

static int getline (",0.3171351253986358,"[[29871, 736, 679, 6500, 5570, 29898, 455, 29892, 4583, 29918, 9891, 29898, 455, 19969, 29879, 466, 5570, 3888, 29892, 4583, 976, 29884, 29889, 29880, 29889, 17314, 6739, 416, 13, 29913, 13, 13, 7959, 938, 679, 1220, 313]]","[-0.007426275406032801, -1.0098564624786377, -0.49209028482437134, -0.7077862024307251, -0.12828581035137177, -0.04310016706585884, -0.04871699959039688, -0.39878755807876587, -0.9250401854515076, -0.7010972499847412, -0.07540573924779892, -0.004873896017670631, -0.01782095432281494, -0.0551459863781929, -1.2287057638168335, -0.00293990527279675, -0.01310674101114273, -0.01373965386301279, -0.46507692337036133, -0.8259999752044678, -0.29704615473747253, -0.07468601316213608, -0.1499013900756836, -0.010642086155712605, -0.00369900930672884, -0.09979205578565598, -0.0005952732171863317, -0.17700476944446564, -0.6544930934906006, -0.0034964873921126127, -0.021832481026649475, -0.3258787989616394, -1.1980761289596558, -0.6083940863609314, -0.5889065265655518, -1.8289414644241333, -0.10353004932403564]",7.478258609771728,False,3.0,-13.311918602557853,-0.3597815838529149,37.0,-8.632862579543144,-0.29768491653597046,29.0,0.12840873586587315,0,25,37,31,0.6756756756756757,-1.0653382411477175,-1.0934029865458932,True,23,0.6216216216216216,38.0,0.6065573770491803,15.0,2.1117733496893414
~/anvil/data/cve-targets/poppler_repo_poppler_XRef.cc,1483,1472,1489,gen = -1;,generation = 0;,       generation = 0;,1.2315456867218018,"[[4706, 12623, 353, 29871, 29900, 29936, 32010, 2]]","[-0.006653773132711649, -0.6253113746643066, -0.04078911244869232, -0.014006060548126698, -0.00898154266178608, -0.00867644976824522, -0.27273130416870117, -1.4305104514278355e-06]",8.349340438842773,False,0.0,-0.9771510479030212,-0.12214388098787765,8.0,-0.7044183132238686,-0.1174030522039781,6.0,0.051728933049367105,0,7,7,7,1.0,-10.4898949695285,-1.0698492954480918,True,5,0.625,9.0,0.5833333333333333,2.0,2.1288970145055943
~/anvil/data/cve-targets/poppler_repo_fofi_FoFiType1C.cc,1459,1454,1462,if(ok) {,if (ok) {,                   if (ok) {,1.4738874435424805,"[[462, 1678, 565, 313, 554, 29897, 426, 32010, 2]]","[-0.15698853135108948, -0.014770674519240856, -0.08938128501176834, -0.050950806587934494, -0.20258726179599762, -0.18339985609054565, -0.015325172804296017, -0.44942706823349, -2.3841855067985307e-07]",10.278053283691406,False,0.0,-1.1628308948129131,-0.12920343275699034,9.0,-0.7134035881608725,-0.10191479830869607,7.0,0.005379164940177214,1,10,10,10,1.0,-14.461957124991123,-1.019487420492566,True,5,0.5555555555555556,1.0,0.9411764705882353,0.0,2.3201592435503287
~/anvil/data/cve-targets/sqlite3_repo_ext_misc_zipfile.c,223,218,234,struct ZipfileLFH {,struct ZipfileLFH {,"struct ZipfileLFH {
  u32",0.1125077083706855,"[[4984, 796, 666, 1445, 29931, 29943, 29950, 426, 13, 29871, 318, 29941, 29906]]","[-0.4752175211906433, -0.005681200884282589, -9.810443589231e-05, -0.0004204819560982287, -0.0008666335488669574, -0.0002908283786382526, -3.158996332786046e-05, -0.4121907949447632, -0.05776962637901306, -0.02594600059092045, -0.3670043647289276, -0.2977624535560608, -0.00030393750057555735]",6.532487869262695,True,1.0,-1.6435835380580102,-0.12642950292753924,13.0,-0.9785127822724462,-0.09785127822724463,10.0,0.030402804116117677,0,4,5,4,0.8,-1.1497827152487834,-1.1195637577450697,False,8,0.6153846153846154,0.0,1.0,0.0,0.7769297820460233
~/anvil/data/cve-targets/libsndfile_repo_src_wavlike.c,712,679,743,if ((psf->cart_16k = cart_var_alloc ()) == NULL),"psf->cart_16k = calloc (1, sizeof (SF_CART_INFO_16K)) ;","	psf->cart_16k = calloc (1, sizeof (SF_CART_INFO_16K)) ;
	if (psf->",1.004424214363098,"[[12, 567, 29888, 976, 13823, 29918, 29896, 29953, 29895, 353, 1208, 2029, 313, 29896, 29892, 13810, 313, 20322, 29918, 29907, 8322, 29918, 11690, 29918, 29896, 29953, 29968, 876, 2056, 13, 12, 361, 313, 567, 29888, 976]]","[-0.09134329110383987, -0.4289141595363617, -3.242440288886428e-05, -0.008518786169588566, -0.0055761742405593395, -0.0009170140838250518, -0.006838252302259207, -4.649054244509898e-05, -4.076874756719917e-05, -0.003070404287427664, -0.29822826385498047, -8.570780482841656e-05, -0.0017815446481108665, -0.049921512603759766, -0.0011300613405182958, -0.1485646665096283, -0.006772303022444248, -0.002722963457927108, -3.3378546504536644e-06, -0.00015948931104503572, -4.136476854910143e-05, -8.594620157964528e-05, -0.002465900732204318, -0.0013729440979659557, -0.0006026597693562508, -0.00021872512297704816, -0.0001776060671545565, -0.22456838190555573, -0.00011979816190432757, -0.011043498292565346, -0.01900978572666645, -0.013583138585090637, -0.21984288096427917, -0.0053544677793979645, -5.245195097813848e-06, -0.002799641340970993]",17.437110900878906,False,1.0,-1.5559596005359708,-0.043221100014888075,36.0,-1.3143742266711342,-0.04239916860229465,31.0,0.009717015317579687,0,26,26,22,1.0,-23.68971485702053,-1.1731312645203085,True,21,0.5833333333333334,37.0,0.5436893203883495,23.0,2.0723938664217325
~/anvil/data/cve-targets/libtiff_repo_libtiff_tif_predict.c,606,576,615,assert(rowsize > 0);,/*,"	/*
	 * Apply predictor routine.
	 */",0.4159631729125976,"[[12, 5515, 13, 12, 334, 2401, 368, 8500, 272, 26529, 29889, 13, 12, 3776, 32010, 2]]","[-0.3691435158252716, -1.0264463424682617, -0.3558840751647949, -0.027325564995408058, -0.004481985233724117, -1.6345093250274658, -0.00044216870446689427, -0.3826148211956024, -0.00032479254878126085, -0.33009544014930725, -0.24171610176563263, -0.43939143419265747, -0.0018680518260225654, -0.006827478297054768, -0.07581259310245514, 0.0]",5.496096611022949,False,2.0,-4.896883690496907,-0.30605523065605666,16.0,-1.7787994984537363,-0.4446998746134341,4.0,0.13155681919392956,1,12,2,3,6.0,-0.935379559695589,-1.1489504676862197,True,8,0.5,20.0,0.0,11.0,1.8584075582314021
~/anvil/data/cve-targets/php_repo_ext_intl_msgformat_msgformat_parse.c,80,57,115,},},"	}
	/* Create",0.0009578898316249,"[[12, 29913, 13, 12, 5515, 6204]]","[-0.00040415700641460717, -0.0014881737297400832, -0.29069700837135315, -0.19949187338352203, -0.2994155287742615, -1.1498472690582275]",13.050578117370604,True,1.0,-1.9413440103235189,-0.3235573350539198,6.0,-0.4920812124910299,-0.12302030312275747,4.0,0.015942039076099236,1,2,6,2,0.3333333333333333,-0.007786436932032729,-1.0512849194041436,False,1,0.16666666666666666,0.0,1.0,0.0,0.8858896281668336
~/anvil/data/cve-targets/sqlite3_repo_src_vdbe.c,639,484,789,** Execute as much of a VDBE program as we can.,** Return the register of pOp->p2 after first preparing it to be,"** Return the register of pOp->p2 after first preparing it to be
** overwritten with a string",1.773114800453186,"[[1068, 7106, 278, 6036, 310, 282, 11746, 976, 29886, 29906, 1156, 937, 10223, 292, 372, 304, 367, 13, 1068, 975, 17625, 411, 263, 1347]]","[-0.007158938329666853, -1.1496860980987549, -0.2843834459781647, -0.35303619503974915, -0.09427091479301453, -0.03683077171444893, -0.0034895974677056074, -0.0012335318606346846, -0.007970196194946766, -0.813207745552063, -0.34446078538894653, -0.13381406664848328, -0.10688621550798416, -8.427741704508662e-05, -0.006490697152912617, -0.09288601577281952, -0.010942099615931511, -0.06502415984869003, -3.802703940891661e-05, -0.018364284187555313, -0.0015773248160257936, -0.05108527094125748, -0.43387162685394287, -1.1209419965744019]",7.23976993560791,False,1.0,-5.137734282794554,-0.21407226178310643,24.0,-3.511855752381962,-0.19510309735455345,18.0,0.09304407943796422,0,14,25,18,0.56,-9.088091498778063,-1.0999415651027784,True,15,0.625,46.0,0.39639639639639634,17.0,2.2414774566525653
~/anvil/data/cve-targets/poppler_repo_fofi_FoFiType1C.cc,1230,1080,1380,case 0x000b: // return,case 0x000b: // return,"           case 0x000b: // return
                //~ error(-1",0.022247115150094,"[[9651, 1206, 29871, 29900, 29916, 29900, 29900, 29900, 29890, 29901, 849, 736, 13, 18884, 849, 30022, 1059, 6278, 29896]]","[-0.0010342017048969865, -0.0006269635050557554, -0.00012957210128661245, -3.5523738915799186e-05, -0.0002097863471135497, -6.460934673668817e-05, -0.0003496989083942026, -0.0009757286752574146, -0.030143076553940773, -7.86750388215296e-05, -0.0025202438700944185, -0.20962253212928772, -0.011222336441278458, -0.022470271214842796, -1.1501872539520264, -1.2142359018325806, -0.04377360641956329, -0.0025058556348085403, -0.0006678258068859577]",12.25082778930664,True,1.0,-2.6908536632217874,-0.14162387701167303,19.0,-0.2794832195759227,-0.01996308711256591,14.0,0.0028507627251324785,0,6,7,6,0.8571428571428571,-1.114412566786346,-1.0304745152614487,False,11,0.5789473684210527,0.0,1.0,0.0,0.9817062933789047
~/anvil/data/cve-targets/sqlite3_repo_ext_rtree_rtree.c,578,567,580,pNode->pNext = 0;,}," }
}

/*
** Return the node from the hash table",0.0773738995194435,"[[29871, 500, 13, 29913, 13, 13, 5515, 13, 1068, 7106, 278, 2943, 515, 278, 6608, 1591]]","[-0.4031345546245575, -0.009846686385571957, -0.229712575674057, -0.5105615854263306, -0.0037258509546518326, -0.6656013131141663, -0.2764209806919098, -0.022945374250411987, -0.0010034770239144564, -1.6589356660842896, -0.5925242900848389, -1.685960054397583, -0.914126992225647, -0.05900857597589493, -0.6753510236740112, -0.010233786888420582]",14.643190383911133,False,4.0,-7.7190927874762565,-0.48244329921726603,16.0,-0.6426938166841865,-0.21423127222806215,3.0,0.02589905992885443,0,10,15,2,0.6666666666666666,-0.3611699576571356,-1.0939866001665715,True,9,0.5625,17.0,0.0,9.0,1.8956718418197633
~/anvil/data/cve-targets/php_repo_ext_phar_util.c,1445,1252,1478,PHP_MD5_CTX   context;,PHP_MD5_CTX   context;,			PHP_MD5_CTX   context;,0.0001783613697625,"[[12, 12, 12, 17130, 29918, 5773, 29945, 29918, 1783, 29990, 259, 3030, 29936, 32010, 2]]","[-0.0007758706342428923, -2.2291887944447808e-05, -4.60137271147687e-05, -0.0009691785671748221, -1.311301275563892e-06, -0.00015364897262770683, -2.9802276912960224e-06, -6.270212179515511e-05, -9.536738616588991e-07, -1.1920928244535389e-07, -0.9146063327789307, -3.814624506048858e-05, -7.247662142617628e-05, -0.1129586473107338, 0.0]",14.55040168762207,True,0.0,-1.0297106732791619,-0.06864737821861079,15.0,-0.9167520259684281,-0.07051938661295601,13.0,0.059373656274419824,1,5,5,5,1.0,-0.002529252994519538,-1.0914518015517924,False,10,0.6666666666666666,0.0,1.0,0.0,0.8302306827563402
~/anvil/data/cve-targets/openssl_repo_crypto_pkcs7_pk7_doit.c,793,784,824,X509 *x509;,X509 *x509;,"   X509 *x509;
    EVP_PKEY",0.068629078567028,"[[1678, 1060, 29945, 29900, 29929, 334, 29916, 29945, 29900, 29929, 29936, 13, 1678, 382, 18510, 29918, 29925, 10818]]","[-0.00587723683565855, -0.09852573275566101, -1.2278481335670222e-05, -3.814689989667386e-06, -2.145764938177308e-06, -0.0006852186052128673, -0.0008680627797730267, -0.00015448330668732524, -6.198863957251888e-06, -2.622600959512056e-06, -0.5867541432380676, -0.37968215346336365, -0.4183821380138397, -0.2891542613506317, -4.470248313737102e-05, -2.407998726994265e-05, -0.220894455909729, -9.775113539944869e-06]",11.515573501586914,True,1.0,-2.001083504243752,-0.11117130579131956,18.0,-1.490956229399444,-0.11468894072303416,13.0,0.03863303800970142,1,7,10,7,0.7,-0.5983931679407736,-1.0117060187834168,False,10,0.5555555555555556,0.0,1.0,0.0,1.0435179161176074
~/anvil/data/cve-targets/openssl_repo_crypto_asn1_tasn_dec.c,701,638,761,*/,*/,        */,0.1428463459014892,"[[308, 3776, 32010, 2]]","[-0.0006786665762774646, -0.14078038930892944, -0.0839199349284172, 0.0]",10.365668296813965,True,0.0,-0.2253789908136241,-0.05634474770340603,4.0,-0.1414590558852069,-0.07072952794260345,2.0,0.004907123178164223,0,3,3,3,1.0,-2.0196140149190316,-1.0172568042346832,False,1,0.25,0.0,1.0,0.0,0.9994073338169188
~/anvil/data/cve-targets/sqlite3_repo_src_build.c,3400,3379,3404,p->nKeyCol = nCol - 1;,p->nExtra = nExtra;,   p->nExtra = nExtra;,1.1207042932510376,"[[1678, 282, 976, 29876, 18126, 353, 302, 18126, 29936, 32010, 2]]","[-0.31701958179473877, -0.25015532970428467, -0.0011142243165522814, -0.5259400606155396, -0.5822194814682007, -0.02085203491151333, -0.14078804850578308, -0.022321760654449463, -0.01417261641472578, -0.6256247758865356, -1.1920928244535389e-07]",12.366060256958008,False,0.0,-2.5002080334816057,-0.2272916394074187,11.0,-1.8745831383857876,-0.20828701537619862,9.0,0.04546407741398043,0,13,10,10,1.3,-5.3805768507790654,-1.033447398394813,True,12,1.0909090909090908,13.0,0.4390243902439024,5.0,2.25778478957697
~/anvil/data/cve-targets/openssl_repo_ssl_statem_extensions_srvr.c,627,570,758,EVP_MD_CTX_free(hctx);,EVP_MD_CTX_free(hctx);,   EVP_MD_CTX_free(hctx);,0.0071646003052592,"[[1678, 382, 18510, 29918, 5773, 29918, 1783, 29990, 29918, 9021, 29898, 29882, 13073, 416, 32010, 2]]","[-0.02685973234474659, -0.06114698573946953, -1.7523612768854946e-05, -3.862306402879767e-05, -0.029162989929318428, -2.1219027985353023e-05, -3.218599158572033e-05, -2.861018856492592e-06, -4.31528314948082e-05, -0.0023767100647091866, -0.00020382710499688983, -5.173549288883805e-05, -1.2755313036905136e-05, -1.2040065485052764e-05, -0.011777982115745544, 0.0]",12.605765342712402,True,0.0,-0.131760323717117,-0.008235020232319812,16.0,-0.11998234160137144,-0.008570167257240817,14.0,0.0003063077691879356,0,9,9,9,1.0,-0.8359930547686718,-1.0396590568134143,False,13,0.8125,0.0,1.0,0.0,0.9925184226912592
~/anvil/data/cve-targets/sqlite3_repo_src_printf.c,522,390,861,idx = precision;,if( realvalue>=1.0,       if( realvalue>=1.0,2.3373560905456543,"[[4706, 565, 29898, 1855, 1767, 18572, 29896, 29889, 29900]]","[-0.0267154723405838, -1.2053892612457275, -0.0006805725861340761, -1.2469978332519531, -0.0017185931792482734, -0.9020965099334717, -0.424919068813324, -0.7443902492523193, -4.625213477993384e-05]",8.144315719604492,False,0.0,-4.552953812737542,-0.505883756970838,9.0,-4.552953812737542,-0.505883756970838,9.0,0.25042997710663134,1,7,7,7,1.0,-4.620342239374159,-1.075347011794324,True,4,0.4444444444444444,16.0,0.23529411764705888,8.0,2.321157585694302
~/anvil/data/cve-targets/libxml2_repo_xmlmemory.c,898,874,902,"xmlGenericError(xmlGenericErrorContext,","xmlGenericError(xmlGenericErrorContext,","    xmlGenericError(xmlGenericErrorContext,",0.0003692311875056,"[[268, 4903, 15809, 2392, 29898, 3134, 15809, 2392, 2677, 29892, 32010, 2]]","[-0.10267378389835358, -0.0011951930355280638, -0.0003383779258001596, -0.0004976941272616386, -0.00036137725692242384, -0.0002798642381094396, -0.00023445718397852033, -0.0001760566228767857, -0.00019977481861133128, -2.90866428258596e-05, -0.025072243064641953, -1.1920928244535389e-07]",7.810029029846191,True,0.0,-0.1310580280241922,-0.01092150233534935,12.0,-0.1059856657502678,-0.01059856657502678,10.0,0.0009420736090640328,0,5,5,5,1.0,-0.03483784197531137,-1.0843715237708342,False,9,0.75,0.0,1.0,0.0,0.8460609148488009
~/anvil/data/cve-targets/libsndfile_repo_src_wavlike.c,388,382,391,"psf_binheader_writef (psf, ""422b"", BHW4 (subformat->esf_field1),",if (subformat->esf_field1 == 0),"	if (subformat->esf_field1 == 0)
		psf_binheader_writef (psf, ""444444444444444444444",0.5565140247344971,"[[12, 361, 313, 1491, 4830, 976, 267, 29888, 29918, 2671, 29896, 1275, 29871, 29900, 29897, 13, 12, 12, 567, 29888, 29918, 2109, 6672, 29918, 3539, 29888, 313, 567, 29888, 29892, 376, 29946, 29946, 29946, 29946, 29946, 29946, 29946, 29946, 29946, 29946, 29946, 29946, 29946, 29946, 29946, 29946, 29946, 29946, 29946, 29946, 29946]]","[-0.06573981791734695, -1.5380065441131592, -0.1001480221748352, -0.6548170447349548, -4.0649541915627196e-05, -0.5803297162055969, -0.0830969512462616, -0.0031578694470226765, -0.007285811007022858, -1.3205934762954712, -0.35845187306404114, -0.7382636666297913, -0.6103024482727051, -0.06138850376009941, -0.9429830312728882, -0.027868162840604782, -0.0011433976469561458, -0.22640475630760193, -0.7907896637916565, -0.008339935913681984, -0.07129286974668503, -0.13829830288887024, -0.00035363141796551645, -8.189342770492658e-05, -0.010274140164256096, -0.022191302850842476, -0.0036200247704982758, -0.0004408579843584448, -2.062299427052494e-05, -0.00034791138023138046, -0.06426002830266953, -1.5290727615356445, -0.9993053674697876, -0.6394380331039429, -0.5008542537689209, -0.7939867973327637, -0.2270060032606125, -0.37851011753082275, -0.12027907371520996, -0.5676056146621704, -0.08612402528524399, -0.13666078448295593, -0.0658452957868576, -0.7125771045684814, -0.039856065064668655, -0.2058255523443222, -0.02220272831618786, -0.6188969612121582, -0.07865605503320694, -0.15155847370624542, -0.05836860090494156, -0.3868720829486847]",7.617980003356934,False,1.0,-16.749834680145796,-0.32211220538741914,52.0,-7.320021742478275,-0.4066678745821264,18.0,0.21725076075159555,0,20,18,15,1.1111111111111112,-1.368473045249384,-1.0895903545249586,True,32,0.6153846153846154,43.0,0.5473684210526315,18.0,2.107734823600186
~/anvil/data/cve-targets/poppler_repo_splash_Splash.cc,5090,5076,5179,},},"   }
   ",5.280832192511298e-05,"[[1678, 500, 13, 1678]]","[-0.0001998939987970516, -5.328513361746445e-05, -0.48114579916000366, -0.05885427072644234]",14.144664764404297,True,1.0,-0.5402532490188605,-0.13506331225471513,4.0,-0.5402532490188605,-0.13506331225471513,4.0,0.04049918869002936,1,2,2,2,1.0,-0.0003909893889283721,-1.0804367039983496,False,1,0.25,0.0,1.0,0.0,0.820689414515502
~/anvil/data/cve-targets/libxml2_repo_HTMLparser.c,2762,2727,2765,NEXT;,NEXT;,"       NEXT;
    }",0.2794369757175445,"[[4706, 405, 12194, 29936, 13, 1678, 500]]","[-0.688721776008606, -0.8278895616531372, -0.0014523444697260857, -0.008748063817620277, -0.04920658469200134, -0.1535683572292328, -0.000801837770268321]",12.468316078186035,True,1.0,-1.730388525640592,-0.24719836080579885,7.0,-1.7295866878703237,-0.2882644479783873,6.0,0.11454060424618638,1,4,5,4,0.8,-0.9693771732076214,-1.0360926784557363,False,3,0.42857142857142855,0.0,1.0,0.0,0.9940143554025443
~/anvil/data/cve-targets/libxml2_repo_HTMLparser.c,2809,2772,2812,NEXT;,NEXT;,"       NEXT;
    }",0.2098351269960403,"[[4706, 405, 12194, 29936, 13, 1678, 500]]","[-0.6633499264717102, -0.6152127981185913, -0.0016021999763324857, -0.012699564918875694, -0.05241318792104721, -0.10369136929512024, -0.000526289688423276]",11.941394805908203,True,1.0,-1.4494953363901004,-0.20707076234144292,7.0,-1.4489690467016771,-0.2414948411169462,6.0,0.08037737508842871,1,4,5,4,0.8,-0.8689010747621959,-1.0225336991524905,False,3,0.42857142857142855,0.0,1.0,0.0,1.011388993807424
~/anvil/data/cve-targets/libtiff_repo_libtiff_tif_dirread.c,4239,4220,4241,m=o->tdir_tag+1;,m=o->tdir_tag;,		m=o->tdir_tag;,0.4697428345680237,"[[12, 12, 29885, 29922, 29877, 976, 1594, 381, 29918, 4039, 29936, 32010, 2]]","[-0.005762156564742327, -0.0037190811708569527, -0.12283606082201004, -0.22919391095638275, -0.006487736478447914, -0.0001656871900195256, -9.131014667218551e-05, -3.8265450712060556e-05, -6.270212179515511e-05, -0.00010096516780322418, -0.006108661647886038, -0.2918180823326111, -1.9073468138230965e-06]",8.87462043762207,False,0.0,-0.6663865273967531,-0.05126050210744255,13.0,-0.3745665377173282,-0.034051503428848016,11.0,0.0049991349798786736,0,13,10,10,1.3,-13.795068859428488,-1.055891879504242,True,11,0.8461538461538461,2.0,0.9333333333333333,3.0,2.0873163404811996
~/anvil/data/cve-targets/poppler_repo_poppler_JBIG2Stream.cc,720,673,858,for (yy = y0; yy < y1; ++yy) {,for (yy = 0; yy < y1 - y0; ++yy) {,   for (yy = 0; yy < y1 - y0; ++yy) {,0.0794353038072586,"[[1678, 363, 313, 8071, 353, 29871, 29900, 29936, 343, 29891, 529, 343, 29896, 448, 343, 29900, 29936, 8445, 8071, 29897, 426, 32010, 2]]","[-0.019668547436594963, -0.3680150508880615, -3.266281055402942e-05, -0.001928495243191719, -1.8596476365928538e-05, -0.49228566884994507, -1.3589766240329482e-05, -7.045020902296528e-05, -0.00012587709352374077, -3.564294092939235e-05, -0.00026353701832704246, -0.0025449765380471945, -0.0005584587925113738, -0.050316646695137024, -0.00029476112104021013, -0.00010644822759786621, -0.0004142856632824987, -0.01681511290371418, -0.000402250443585217, -0.00013159839727450162, -0.000490068516228348, -0.1252593696117401, 0.0]",13.21545124053955,False,0.0,-1.0797920956429152,-0.04694748241925718,23.0,-0.9545327260311751,-0.04545393933481786,21.0,0.016076459031910764,1,21,24,24,0.875,-1.7475999873659116,-1.0556270777717722,True,17,0.7391304347826086,6.0,0.90625,4.0,2.106626864594192
~/anvil/data/cve-targets/sqlite3_repo_src_vdbe.c,2055,1938,2062,pIn3->flags = flags3;,if( (flags1 & MEM_Int)!=0 ){," if( (flags1 & MEM_Int)!=0 ){
",0.238848328590393,"[[29871, 565, 29898, 313, 15764, 29896, 669, 341, 12665, 29918, 2928, 29897, 19216, 29900, 29545, 13]]","[-0.005617308896034956, -0.7314098477363586, -0.001929566147737205, -0.7433235049247742, -0.3080509603023529, -0.060267433524131775, -0.23650376498699188, -0.3664860427379608, -4.529942543740617e-06, -9.059865078597795e-06, -1.1794853210449219, -0.48912447690963745, -0.7834622859954834, -0.0035890231374651194, -0.6305665969848633, -0.02656944841146469]",8.325130462646484,False,1.0,-5.5663991715478005,-0.34789994822173753,16.0,-5.5663991715478005,-0.34789994822173753,16.0,0.13014523001775902,1,10,19,19,0.5263157894736842,-0.6865431564771622,-1.0704970170942996,True,9,0.5625,22.0,0.326530612244898,18.0,1.9779387093360674
~/anvil/data/cve-targets/libxml2_repo_parser.c,9750,9665,9759,"int m_tmp = xmlSwitchToEncoding(ctxt, handler);",ctxt->input->encoder = handler;,"		ctxt->input->encoder = handler;
		ctxt->input->encoding = xmlMemStr",2.470191478729248,"[[12, 12, 312, 486, 976, 2080, 976, 3977, 6119, 353, 7834, 29936, 13, 12, 12, 312, 486, 976, 2080, 976, 22331, 353, 4903, 11442, 5015]]","[-0.05553488805890083, -0.18814131617546082, -0.39407479763031006, -2.13382354559144e-05, -0.0004651656490750611, -0.006025008857250214, -0.0011299422476440668, -0.8220227360725403, -8.165503095369786e-05, -0.0024123871698975563, -0.4032512605190277, -0.3924643099308014, -0.10526281595230103, -0.03538050502538681, -0.04109222814440727, -0.05623708292841911, -2.3841830625315197e-06, -1.490105023549404e-05, -0.002528091659769416, -0.00021944021864328533, -1.3447948694229126, -0.25371766090393066, -0.515235185623169, -0.417514443397522, -0.025567494332790375]",7.491017818450928,False,1.0,-5.063191908419867,-0.2025276763367947,25.0,-2.4473603546994127,-0.16315735697996084,15.0,0.05339312016052007,1,15,25,13,0.6,-15.139933156876522,-1.093054268244075,True,15,0.6,31.0,0.4358974358974359,14.0,2.3971332711875566
~/anvil/data/cve-targets/lua_repo_ldebug.c,593,584,599,if (c->upvals[i]->v == o) {,if (c->upvals[i]->v == o) {,   if (c->upvals[i]->v == o) {,0.041646335273981,"[[1678, 565, 313, 29883, 976, 786, 791, 29879, 29961, 29875, 28895, 29894, 1275, 288, 29897, 426, 32010, 2]]","[-0.0005734706646762788, -0.041012026369571686, -0.0070610507391393185, -0.3582174479961395, -0.0037319078110158443, -0.002287511248141527, -0.002363390289247036, -0.0001081169830285944, -0.0006692553870379925, -2.3841574147809297e-05, -0.1306290328502655, -0.07148467004299164, -0.0004887578543275595, -0.0017463208641856909, -0.0030657693278044462, -0.0005959880072623491, -0.07736531645059586, 0.0]",10.79992389678955,True,0.0,-0.7014238744595787,-0.038967993025532145,18.0,-0.6240585580089828,-0.039003659875561425,16.0,0.007995224779957316,0,24,24,24,1.0,-1.0677545493641072,-1.0062727988436486,False,15,0.8333333333333334,0.0,1.0,0.0,1.2438297592381986
~/anvil/data/cve-targets/libtiff_repo_libtiff_tif_dirread.c,5769,5720,5775,"if ((nstrips64==0)||(nstrips64>0xFFFFFFFF)) /* something is wonky, do nothing. */",if (nstrips64 > UINT32_MAX),       if (nstrips64 > UINT32_MAX),1.366846203804016,"[[4706, 565, 313, 29876, 303, 374, 567, 29953, 29946, 1405, 501, 10192, 29941, 29906, 29918, 12648, 29897, 32010, 2]]","[-0.037944551557302475, -0.0931343287229538, -0.596100926399231, -0.2759862542152405, -5.471556869451888e-05, 0.0, -2.7418097943154862e-06, -0.0008099374244920909, -3.576278118089249e-07, -0.43535807728767395, -1.2675899267196655, -0.000519617460668087, -0.1596049964427948, -2.7656173188006505e-05, -0.0008155357209034264, -0.00047219570842571557, -0.1368483453989029, -0.6928126811981201, 0.0]",9.51193618774414,False,0.0,-3.698082845435863,-0.19463593923346648,19.0,-3.005270164237743,-0.18782938526485893,16.0,0.1029922931069774,1,25,12,12,2.0833333333333335,-7.277062648512749,-1.0392017802361018,True,35,1.8421052631578947,66.0,0.2777777777777778,14.0,2.426836506756339
~/anvil/data/cve-targets/php_repo_ext_exif_exif.c,3710,3696,3931,if (ImageInfo->FileSize >= dir_offset+2) {,if (ImageInfo->FileSize >= dir_offset+2) {,"
	if (ImageInfo->FileSize >= dir_offset+2) {
		php_stream_seek(",0.2621316611766815,"[[13, 12, 361, 313, 2940, 3401, 976, 2283, 3505, 6736, 4516, 29918, 10289, 29974, 29906, 29897, 426, 13, 12, 12, 1961, 29918, 5461, 29918, 344, 1416, 29898]]","[-0.3054163157939911, -0.31341737508773804, -0.32821276783943176, -0.1205163449048996, -0.3572085499763489, -2.8609820219571702e-05, -0.008634377270936966, -0.11869941651821136, -0.025078868493437767, -0.28481295704841614, -0.15128962695598602, -2.3841855067985307e-07, -0.0016845572972670197, -0.44262224435806274, -0.02040034718811512, -0.37253981828689575, -0.002218168694525957, -0.3050852119922638, -0.14265328645706177, -0.0011605439940467477, -0.720356285572052, -8.344646857949556e-07, -0.005482162814587355, -0.00023779425828251988, -0.13866625726222992, -2.1934269170742482e-05, -0.0001668790791882202]",12.204492568969728,True,2.0,-4.166611774116603,-0.15431895459691122,27.0,-3.3016796263964068,-0.16508398131982033,20.0,0.02318267685150474,1,19,18,19,1.0555555555555556,-1.5878685447308718,-1.02928152477041,False,15,0.5555555555555556,0.0,1.0,0.0,1.176462756292571
~/anvil/data/cve-targets/openssl_repo_crypto_rsa_rsa_ameth.c,545,534,551,"int magma_int = ossl_rsa_pss_to_ctx(ctx, NULL, sigalg, pkey);",/* Sanity check: make sure it is not a trailer field */,"
    /* Sanity check: make sure it is not a trailer field */
    if (sigalg->parameter->type != V_ASN1_SEQUENCE) {
        ERR_raise(",0.7592276334762573,"[[13, 1678, 4949, 3087, 537, 1423, 29901, 1207, 1854, 372, 338, 451, 263, 1020, 3955, 1746, 3776, 13, 1678, 565, 313, 18816, 9564, 976, 15501, 976, 1853, 2804, 478, 29918, 3289, 29940, 29896, 29918, 1660, 13356, 1430, 4741, 29897, 426, 13, 4706, 22307, 29918, 22692, 29898]]","[-0.5972564220428467, -0.021310754120349884, -0.44376468658447266, -1.9059971570968628, -0.00022420754248742014, -0.010214671492576599, -0.024876561015844345, -0.2939178943634033, -0.0009954979177564383, -1.3381710052490234, -0.0960145890712738, -1.390933632850647, -1.3615612983703613, -1.7920706272125244, -0.0006312523037195206, -0.0013773487880825996, -0.18554726243019104, -0.0005429700831882656, -0.0023186723701655865, -0.031256239861249924, -0.0271596759557724, -0.574243426322937, -0.4986342191696167, -0.002333182143047452, -0.010207001119852066, -0.7069459557533264, -0.0034920922480523586, -0.48706382513046265, -0.007482597604393959, -1.0728830375228426e-06, -2.825220326485578e-05, 0.0, -8.344646857949556e-07, -1.1920922133867862e-06, -0.052474722266197205, -2.3603161025675945e-05, -4.768370445162873e-07, -5.483612312673358e-06, -0.10828546434640884, -0.035514432936906815, -0.00020859450160060078, -0.0037817880511283875, -0.015214227139949799, -9.298280929215252e-06, -7.033100700937212e-05, -0.005776853300631046]",13.509832382202148,False,3.0,-12.037941353298834,-0.26169437724562683,46.0,-9.467726510905777,-0.4983013953108304,19.0,0.44161427003687975,1,20,19,2,1.0526315789473684,-1.523631361703626,-1.0634246534254164,True,29,0.6304347826086957,51.0,0.2931034482758621,19.0,2.203599057153646
~/anvil/data/cve-targets/sqlite3_repo_ext_rtree_rtree.c,3385,3358,3390,"*pzErr = sqlite3_mprintf(""%s"", sqlite3_errmsg(db));","*pzErr = sqlite3_mprintf(""%s"", sqlite3_errmsg(db));","     *pzErr = sqlite3_mprintf(""%s"", sqlite3_errmsg(db));",0.0090667186304926,"[[418, 334, 29886, 29920, 19212, 353, 21120, 29941, 29918, 29885, 8124, 11702, 29879, 613, 21120, 29941, 29918, 3127, 7645, 29898, 2585, 2483, 32010, 2]]","[-0.002314985264092684, -0.1487646996974945, -1.6212332411669195e-05, -1.1324817933200393e-05, -1.0013530300057027e-05, -0.00011157367407577112, -0.006035080645233393, -8.22540732769994e-06, -2.288792165927589e-05, -0.0007160721579566598, -0.00011777184408856556, -0.025671139359474182, -6.782778655178845e-05, -0.002159527037292719, -0.00790290255099535, -3.576278118089249e-07, -6.556489552167477e-06, -5.376194530981593e-05, -2.6940935640595853e-05, -1.4424220353248529e-05, -0.0006730675231665373, -0.0003252692404203117, -0.34542810916900635, 0.0]",9.821234703063965,True,0.0,-0.5404587311781484,-0.022519113799089514,24.0,-0.195030622009142,-0.008865028273142818,22.0,0.0009623181601726619,1,24,24,24,1.0,-1.022751236785202,-1.0311971785686698,False,21,0.875,0.0,1.0,0.0,1.1822018263970198
~/anvil/data/cve-targets/libtiff_repo_libtiff_tif_dirread.c,5768,5720,5775,"uint64_t nstrips64 = TIFFhowmany_64(bytecount, stripbytes);",/*,"	/*
	 * Round rowsperstrip up to a multiple of the
	 * number of rows per block of data.
	 */
	if (rowsperstrip % rowblock)
		",0.3399732708930969,"[[12, 5515, 13, 12, 334, 21595, 4206, 546, 17010, 701, 304, 263, 2999, 310, 278, 13, 12, 334, 1353, 310, 4206, 639, 2908, 310, 848, 29889, 13, 12, 3776, 13, 12, 361, 313, 5727, 546, 17010, 1273, 1948, 1271, 29897, 13, 12, 12]]","[-0.3215554654598236, -0.9049441814422607, -0.17231513559818268, -0.02232968807220459, -0.0019359909929335117, -2.155611038208008, -1.1501798629760742, -0.3242282569408417, -0.00029488030122593045, -0.4373721182346344, -0.0031481252517551184, -0.37029653787612915, -0.004069619346410036, -0.009645996615290642, -0.0466238409280777, -0.7635780572891235, -0.013152861967682838, -0.0005217621219344437, -1.859765648841858, -0.0036332090385258198, -0.04468293860554695, -0.9694699645042419, -0.48499107360839844, -0.42061883211135864, -0.2679160535335541, -0.7033029794692993, -0.28304311633110046, -0.003215858479961753, -0.03667518496513367, -0.0032323752529919147, -0.06803341209888458, -0.5989816188812256, -0.29077988862991333, -0.8628188967704773, -3.2305197237292305e-05, -4.6491513785440475e-06, -1.0450308322906494, -0.3368678390979767, -9.775113539944869e-06, -0.2594148516654968, -0.4022001326084137, -0.009591802954673767, -0.032438330352306366]",6.740616798400879,False,5.0,-15.688554989176737,-0.364850116027366,43.0,-1.4211444705724716,-0.3552861176431179,4.0,0.11190002706480787,1,15,13,3,1.1538461538461537,-0.9568999575564542,-1.1137535466163604,True,27,0.627906976744186,59.0,0.0,14.0,1.9569622765004941
~/anvil/data/cve-targets/libxml2_repo_HTMLparser.c,2461,2438,2471,in++;,{,"	{
	    in++;
	",0.0231266021728515,"[[12, 29912, 13, 12, 1678, 297, 9107, 13, 12]]","[-0.00970042310655117, -0.6727206707000732, -0.004406504333019257, -0.015065223909914494, -0.01070636510848999, -0.3677808940410614, -0.0007546676206402481, -0.10900066047906876, -0.014830107800662518]",6.0989179611206055,False,2.0,-1.204965517099481,-0.1338850574554979,9.0,-0.7125991871580482,-0.14251983743160962,5.0,0.07028973663873386,1,6,9,2,0.6666666666666666,-0.16226935554812966,-1.1317649932830223,True,2,0.2222222222222222,5.0,0.0,5.0,1.755906639632792
~/anvil/data/cve-targets/libtiff_repo_libtiff_tif_dir.c,1330,1306,1374,td->td_sampleformat = SAMPLEFORMAT_UINT;,td->td_xresolution = 1;,"	td->td_xresolution = 1;
	td->td_yresolution = 1;
	td",0.4577104449272156,"[[12, 1594, 976, 1594, 29918, 29916, 9778, 918, 353, 29871, 29896, 29936, 13, 12, 1594, 976, 1594, 29918, 29891, 9778, 918, 353, 29871, 29896, 29936, 13, 12, 1594]]","[-0.014169207774102688, -0.01684793457388878, -4.482168878894299e-05, -3.85038583772257e-05, -4.95898348162882e-05, -0.32783982157707214, -0.268314003944397, -2.455681169521995e-05, -0.13371364772319794, -0.5614227056503296, -0.6174514293670654, -0.2581314146518707, -0.012216269969940186, -0.00031835734262131155, -0.000301673193462193, -2.145764938177308e-06, -5.8412379075889476e-06, -2.145764938177308e-06, -0.004801647737622261, -0.00012134769349358976, -3.9934315282152966e-05, -0.00016652150952722877, -0.0023664822801947594, -0.0010433712741360068, -0.0002649671514518559, -0.21471330523490906, -0.016405809670686722, -0.032096099108457565]",9.085668563842772,False,2.0,-2.4829135567051708,-0.08867548416804182,28.0,-2.2105822647681634,-0.15789873319772596,14.0,0.04371500481845307,0,10,22,10,0.45454545454545453,-2.8987594495394435,-1.050335450751307,True,16,0.5714285714285714,29.0,0.4444444444444444,2.0,2.063395456203123
~/anvil/data/cve-targets/php_repo_ext_exif_exif.c,3630,3617,3700,if (!data) {,if (!ImageInfo->Thumbnail.data),"
	if (!ImageInfo->Thumbnail.data)",1.031366944313049,"[[13, 12, 361, 5384, 2940, 3401, 976, 1349, 21145, 29889, 1272, 29897]]","[-0.134036585688591, -0.14191211760044098, -0.1542510837316513, -0.47498637437820435, -0.4374594986438751, -3.814689989667386e-06, -0.08236067742109299, -0.09464707225561142, -3.755022044060752e-05, -0.001622313866391778, -0.19369038939476013, -0.5406556725502014]",12.996484756469728,False,1.0,-2.2556631504412508,-0.18797192920343755,12.0,-2.2556631504412508,-0.18797192920343755,12.0,0.033370689419809876,1,12,17,17,0.7058823529411765,-5.486813635863816,-1.0498641919058553,True,5,0.4166666666666667,23.0,0.4651162790697675,10.0,2.193274617935343
~/anvil/data/cve-targets/poppler_repo_poppler_GfxState.cc,2433,2418,2434,"alt->getCMYK(&color2, cmyk);","alt->getCMYK(&color2, cmyk);","       alt->getCMYK(&color2, cmyk);
}
void GfxSeparation",0.0076201069168746,"[[4706, 5272, 976, 657, 29907, 17870, 29968, 6243, 2780, 29906, 29892, 274, 1357, 29895, 416, 13, 29913, 13, 5405, 402, 11093, 2008, 862, 362]]","[-0.09568141400814056, -0.09833235293626785, -0.00024125049822032452, -0.00032109825406223536, -0.0026995427906513214, -2.8967437174287625e-05, -1.4543427823809907e-05, -0.0009459549910388887, -0.00013612773909699172, -8.749579137656838e-05, -8.928377064876258e-05, -0.0028840398881584406, -0.00021252757869660854, -7.629365427419543e-06, -0.0003736513026524335, -0.4474581480026245, -0.058690834790468216, -0.07645265758037567, -0.5912606716156006, -0.0023737368173897266, -3.576214658096433e-05, -0.006923139560967684, -0.00010489867418073118, -2.586808113846928e-05]",5.670736312866211,True,2.0,-1.385381597048763,-0.05772423321036513,24.0,-0.649514027782061,-0.040594626736378814,16.0,0.012043317545045049,1,16,21,16,0.7619047619047619,-0.1877122055182208,-1.1439450931733808,False,14,0.5833333333333334,0.0,1.0,0.0,0.8395032105643466
~/anvil/data/cve-targets/libtiff_repo_libtiff_tif_read.c,89,46,147,uint8_t* new_rawdata;,uint8_t* new_rawdata;,               uint8_t* new_rawdata;,0.0628646537661552,"[[18884, 13122, 29947, 29918, 29873, 29930, 716, 29918, 1610, 1272, 29936, 32010, 2]]","[-0.029187651351094246, -0.33945930004119873, -0.0005957497633062303, -0.044784508645534515, -1.549708758830093e-05, -0.186720073223114, -0.007456211838871241, -2.52720492426306e-05, -8.4638240878121e-06, -3.2186455882765586e-06, -0.05060975253582001, -0.6450968384742737, 0.0]",6.234713554382324,True,0.0,-1.3039625374797197,-0.10030481057536306,13.0,-0.658865699005446,-0.05989688172776782,11.0,0.010555260955676738,0,7,7,7,1.0,-1.0495480224141875,-1.1279292903939577,False,10,0.7692307692307693,0.0,1.0,0.0,0.7831768432358744
~/anvil/data/cve-targets/openssl_repo_ssl_statem_statem.c,454,444,456,return 0;,s->init_msg = s->,       s->init_msg = s->,0.3662568926811218,"[[4706, 269, 976, 2344, 29918, 7645, 353, 269, 976]]","[-0.005791075993329287, -0.33916977047920227, -6.0794889577664435e-05, -0.0003947432560380548, -0.00030071981018409133, -0.012026890181005001, -0.012987900525331497, -0.19107535481452942, -0.0002456601650919765]",10.57726001739502,False,0.0,-0.5620529101142893,-0.06245032334603214,9.0,-0.5620529101142893,-0.06245032334603214,9.0,0.012976968550935275,1,5,8,8,0.625,-5.864771758694063,-1.0118899336295835,True,4,0.4444444444444444,15.0,0.15384615384615385,8.0,2.075428086461089
~/anvil/data/cve-targets/openssl_repo_ssl_record_rec_layer_s3.c,1302,1129,1598,if (!peek) {,if (peek) {,"           if (peek) {
                /* just pe",0.3735620677471161,"[[9651, 565, 313, 412, 1416, 29897, 426, 13, 18884, 4949, 925, 1236]]","[-0.029344521462917328, -0.7632060050964355, -0.4237435460090637, -0.466866135597229, -1.7881377516459906e-06, -0.07196933776140213, -0.18520349264144897, -0.06649243831634521, -0.006291109137237072, -0.603676438331604, -0.9583836197853088, -0.16476795077323914]",11.733640670776367,False,1.0,-3.7399463830499826,-0.31166219858749855,12.0,-2.0131183741598306,-0.2236798193510923,9.0,0.06383487510195236,1,12,11,10,1.0909090909090908,-1.670074970691771,-1.0172365771901004,True,6,0.5,1.0,0.9565217391304348,2.0,2.1443971907288435
~/anvil/data/cve-targets/libpng_repo_pngrutil.c,1766,1740,1781,num > (unsigned int) PNG_MAX_PALETTE_LENGTH),num > PNG_MAX_PALETTE_LENGTH),      num > PNG_MAX_PALETTE_LENGTH),0.197868525981903,"[[539, 954, 1405, 349, 9312, 29918, 12648, 29918, 7228, 1307, 29911, 4330, 29918, 19433, 29897, 32010, 2]]","[-0.34662312269210815, -0.22806592285633087, -0.11543083935976028, -0.4285624325275421, -1.311301275563892e-06, -1.2636104656849056e-05, -0.0005342725198715925, -7.152531907195225e-06, -2.95634672511369e-05, -1.0251946150674485e-05, -2.098061486321967e-05, -3.2186455882765586e-06, -0.00044467096449807286, -8.260862523457035e-05, -0.09790483862161636, -0.10109610855579376, -1.1920928244535389e-07]",4.382638931274414,False,0.0,-1.3188300505437311,-0.0775782382672783,17.0,-1.217733822778655,-0.08118225485191033,15.0,0.018658610875403422,0,13,6,6,2.1666666666666665,-2.4373371538256414,-1.1813824622197302,True,18,1.0588235294117647,15.0,0.7945205479452055,7.0,1.757083097242576
~/anvil/data/cve-targets/openssl_repo_ssl_t1_lib.c,1141,1129,1192,if (clu->amask & s->s3.tmp.new_cipher->algorithm_auth) {,if (clu->amask & s->s3.tmp.new_cipher->algorithm_auth) {,               if (clu->amask & s->s3.tmp.new_cipher->algorithm_auth) {,0.1038792505860328,"[[18884, 565, 313, 695, 29884, 976, 314, 1278, 669, 269, 976, 29879, 29941, 29889, 7050, 29889, 1482, 29918, 455, 8096, 976, 20567, 29918, 5150, 29897, 426, 32010, 2]]","[-0.5036494135856628, -0.04891851544380188, -0.046866275370121, -0.33499011397361755, -2.50339189733495e-06, -0.1775922328233719, -1.3437389135360718, -0.12876269221305847, -0.03627680614590645, -0.41533493995666504, -0.00014232576359063387, -0.00019965562387369573, -1.6689286894688848e-06, -0.005859223194420338, -0.0003281293320469558, -7.271740287251305e-06, -0.004649067297577858, -7.390948667307384e-06, -2.610649426060263e-05, -0.0009439303539693356, -4.470248313737102e-05, -0.0028846340719610453, -0.00037698791129514575, -0.04400349780917168, -0.0034147545229643583, -0.008361097425222397, -0.2930404543876648, 0.0]",10.24239444732666,True,0.0,-3.4004233047289745,-0.12144368945460624,28.0,-3.1073828503413097,-0.1195147250131273,26.0,0.07802877440805032,0,28,28,28,1.0,-0.8691753302751848,-1.0203966690942696,False,25,0.8928571428571429,0.0,1.0,0.0,1.2692865674835405
~/anvil/data/cve-targets/sqlite3_repo_src_expr.c,5730,5707,5837,"assert( !ExprHasProperty(pExpr, EP_TokenOnly|EP_Reduced) );",assert( pItem->fg.isTab==0 || pItem->fg.isTab!=0 );,         assert( pItem->fg.isTab==0 || pItem->fg.isTab!=0 );,0.2101006656885147,"[[3986, 4974, 29898, 282, 2001, 976, 16434, 29889, 275, 8863, 1360, 29900, 3830, 282, 2001, 976, 16434, 29889, 275, 8863, 19216, 29900, 3482, 32010, 2]]","[-0.02013540454208851, -0.7686250805854797, -0.0020532971248030663, -0.2133752852678299, -0.15874195098876953, -0.07616327702999115, -0.573265552520752, -0.0019231411861255765, -1.0294389724731445, -0.03690717741847038, -0.4024280607700348, -0.18411488831043243, -0.1391785591840744, -0.2809463441371918, -0.025340063497424126, -0.0005708495154976845, -0.17658431828022003, -0.00011598391574807465, -0.18276485800743103, -0.030950818210840225, -0.2739185690879822, -0.11189800500869751, -0.09276097267866135, -0.2970767021179199, 0.0]",6.65182638168335,False,0.0,-5.07927813185961,-0.20317112527438438,25.0,-4.78220142974169,-0.20792180129311696,23.0,0.066071028247443,0,21,30,30,0.7,-1.0104792493228072,-1.116228558605033,True,22,0.88,45.0,0.2909090909090909,24.0,1.9956021754075026
~/anvil/data/cve-targets/poppler_repo_poppler_Stream.cc,532,507,538,if (width > INT_MAX / nComps) {,if (imgLineSize > INT_MAX / sizeof(unsigned char)) {,       if (imgLineSize > INT_MAX / sizeof(unsigned char)) {,0.6054794192314148,"[[4706, 565, 313, 2492, 3542, 3505, 1405, 19578, 29918, 12648, 847, 13810, 29898, 15395, 1373, 876, 426, 32010, 2]]","[-0.00834951177239418, -0.0576484352350235, -0.12353618443012238, -0.4091750979423523, -0.00034195298212580383, -0.0007757514831610024, -0.5225411653518677, -0.1368560492992401, -0.0006622266955673695, -9.226373367710039e-05, -0.3762091100215912, -0.4445054233074188, -0.0016900317277759314, -0.1647074818611145, -0.010784792713820934, -0.6113842129707336, -0.001658851164393127, -0.037361808121204376, 0.0]",12.73611545562744,False,0.0,-2.908280350813584,-0.15306738688492547,19.0,-2.8709185426923796,-0.16887756133484585,17.0,0.04312848784111172,1,16,23,23,0.6956521739130435,-3.5853159794917135,-1.04305257501503,True,13,0.6842105263157895,29.0,0.5542168674698795,9.0,2.1751547646316514
~/anvil/data/cve-targets/lua_repo_ldebug.c,776,747,794,const Proto *p = ci_func(ci)->p;,Proto *p = ci_func(ci)->p;,   Proto *p = ci_func(ci)->p;,0.1501197963953018,"[[1678, 1019, 517, 334, 29886, 353, 4583, 29918, 9891, 29898, 455, 19969, 29886, 29936, 32010, 2]]","[-0.001675869687460363, -0.44896432757377625, -0.007647877559065819, -0.008089752867817879, -2.47952248173533e-05, -0.008524104952812195, -0.0049100774340331554, -0.012765713036060333, -0.0014280608156695962, -0.00022313489171210676, -0.001423299196176231, -0.0037602924276143312, -0.22814515233039856, -0.0020748295355588198, -0.09610522538423538, 0.0]",9.648463249206545,False,0.0,-0.8257625129172084,-0.05161015705732552,16.0,-0.729657287532973,-0.05211837768092664,14.0,0.015428547104441057,1,20,18,18,1.1111111111111112,-2.8803620349495254,-1.0356608474549795,True,14,0.875,6.0,0.896551724137931,2.0,2.152878033073782
~/anvil/data/cve-targets/poppler_repo_poppler_FileSpec.cc,176,166,198,"Object fileName = fileSpec->dictLookup(""UF"");","Object fileName = fileSpec->dictLookup(""UF"");","       Object fileName = fileSpec->dictLookup(""UF"");",0.0345052406191825,"[[4706, 4669, 29729, 353, 934, 10299, 976, 8977, 14959, 786, 703, 29965, 29943, 1496, 32010, 2]]","[-0.001975491177290678, -0.07471698522567749, -0.011118480004370213, -0.20471982657909393, -0.006366092711687088, -2.9802276912960224e-06, -0.00011860620725201443, -0.0013233008794486523, -0.00032872517476789653, -9.775113539944869e-06, -0.012440345250070095, -0.10436271131038666, -0.0286550372838974, -0.004100843332707882, -0.30534428358078003, -2.3841855067985307e-07]",9.094023704528809,True,0.0,-0.755583722477212,-0.04722398265482575,16.0,-0.45023920047788124,-0.03215994289127723,14.0,0.00321909698125146,0,19,19,19,1.0,-1.072926053874971,-1.050116081151439,False,13,0.8125,0.0,1.0,0.0,1.0878836787241555
~/anvil/data/cve-targets/php_repo_ext_exif_exif.c,1560,1516,1562,return 0;,return 0;,"	return 0;
}
/* }",0.1529340744018554,"[[12, 2457, 29871, 29900, 29936, 13, 29913, 13, 5515, 500]]","[-0.24709779024124146, -0.15493160486221313, -0.0877281054854393, -0.0034532458521425724, -0.2685518264770508, -0.395931214094162, -0.0040833912789821625, -0.004588550888001919, -0.03293260186910629, -0.0022821591701358557]",9.012152671813965,True,2.0,-1.2015804902184755,-0.12015804902184754,10.0,-1.1576937870122492,-0.19294896450204155,6.0,0.016379176318340304,0,5,9,5,0.5555555555555556,-0.7926141236183585,-1.0522676344748303,False,4,0.4,0.0,1.0,0.0,0.9458970044352638
~/anvil/data/cve-targets/libtiff_repo_libtiff_tif_dirread.c,2124,2078,2230,},},					},0.0001569991145515,"[[12, 12, 12, 12, 12, 29913, 32010, 2]]","[-6.568216485902667e-05, -6.9141146923357155e-06, -4.410734163684538e-06, -7.152531907195225e-06, -0.0002044230350293219, -0.0006543640629388392, -0.6721854209899902, 0.0]",16.472030639648438,True,0.0,-0.6731283676335806,-0.08414104595419758,8.0,-0.0009429466435904033,-0.00015715777393173388,6.0,5.437037895407498e-08,0,2,2,2,1.0,-0.9989904452305184,-1.1451658364448385,False,1,0.125,0.0,1.0,0.0,0.676308686490635
~/anvil/data/cve-targets/sqlite3_repo_src_expr.c,97,90,105,"Expr *pNew = sqlite3ExprAlloc(pParse->db, TK_COLLATE, pCollName, 1);","Expr *pNew = sqlite3PExpr(pParse, TK_COLLATE, 0, 0, 0);","   Expr *pNew = sqlite3PExpr(pParse, TK_COLLATE, 0, 0, 0);
    if( dequote ) sqlite3Dequote(pCollName);
   ",0.4328168630599975,"[[1678, 1222, 558, 334, 29886, 4373, 353, 21120, 29941, 29925, 21176, 29898, 29886, 12914, 29892, 323, 29968, 29918, 3217, 2208, 3040, 29892, 29871, 29900, 29892, 29871, 29900, 29892, 29871, 29900, 416, 13, 1678, 565, 29898, 316, 1396, 1723, 21120, 29941, 2772, 1396, 29898, 29886, 28377, 1170, 416, 13, 1678]]","[-0.0036345156840980053, -0.1768542379140854, -2.7179348762729205e-05, -0.037467338144779205, -0.00036137725692242384, -0.005801979918032885, -0.22958485782146454, -0.03475746139883995, -7.593343616463244e-05, -0.12573665380477905, -0.0009116546134464443, -0.13786303997039795, -0.0363040529191494, -0.00018857131362892687, -0.0026707714423537254, -0.01447991468012333, -6.83045873302035e-05, -1.6689160474925302e-05, -0.019225914031267166, -8.95221673999913e-05, -0.0009177286992780864, -0.002402516780421138, -0.7446482181549072, -0.15052324533462524, -0.008501410484313965, -0.057997334748506546, -0.005970382131636143, -0.07682044804096222, -0.1214667484164238, -0.01133667305111885, -0.14599400758743286, -0.16116563975811005, -0.012679084204137325, -0.7121644616127014, -0.0006137394811958075, -0.4377147853374481, -6.723177648382261e-05, -0.7956334352493286, -0.3534585237503052, -0.0026429505087435246, -0.29108163714408875, -0.0003912875254172832, -0.581085741519928, -0.031231975182890892, -0.04399186000227928, -3.957670196541585e-05, -0.25500935316085815, -0.060233425348997116, -0.0030614910647273064]",11.306556701660156,False,2.0,-5.894964882372733,-0.12030540576270883,49.0,-2.3265434070053743,-0.07050131536379922,33.0,0.018430674569967113,1,24,37,23,0.6486486486486487,-6.139131742813395,-1.0064332182171796,True,31,0.6326530612244898,20.0,0.7967479674796748,7.0,2.315820801369323
~/anvil/data/cve-targets/openssl_repo_crypto_evp_encode.c,151,139,193,if ((ctx->num + inl) < ctx->length) {,if (ctx->num < ctx->length && ctx->num + inl < ctx->length) {,   if (ctx->num < ctx->length && ctx->num + inl < ctx->length) {,0.3955048620700836,"[[1678, 565, 313, 13073, 976, 1949, 529, 12893, 976, 2848, 2607, 12893, 976, 1949, 718, 297, 29880, 529, 12893, 976, 2848, 29897, 426, 32010, 2]]","[-0.021920420229434967, -0.0691840797662735, -0.37771955132484436, -0.22446276247501373, -0.0013094907626509666, -0.24533385038375854, -0.4922935366630554, -0.4196733236312866, -3.6954811548639555e-06, -0.0007550249574705958, -0.4973391890525818, -0.6164437532424927, -8.332382276421413e-05, -0.37011805176734924, -0.014140529558062553, -0.001211862312629819, -1.7762025890988298e-05, -0.268317312002182, -0.006733110640197992, -6.794906312279636e-06, -8.535020606359467e-05, -0.005666384007781744, -0.0006459057331085205, -0.1880132108926773, 0.0]",12.379924774169922,False,0.0,-3.8214782758450383,-0.15285913103380153,25.0,-3.633465064952361,-0.15797674195445047,23.0,0.040852138584123524,1,25,34,34,0.7352941176470589,-2.5035638612177467,-1.0338056667125082,True,15,0.6,27.0,0.7142857142857143,14.0,2.2592199902461156
~/anvil/data/cve-targets/lua_repo_lstate.h,278,123,428,l_uint32 nCcalls;  /* number of nested (non-yieldable | C)  calls */,short nCcalls;  /* number of nested C calls */," short nCcalls;  /* number of nested C calls */
  lu_byte hookmask;
  lu_byte allowhookmask;
  lu_byte hookinit;
  unsigned",1.3072630167007446,"[[29871, 3273, 302, 29907, 29883, 4293, 29936, 29871, 4949, 1353, 310, 9322, 315, 5717, 3776, 13, 29871, 8092, 29918, 10389, 12422, 13168, 29936, 13, 29871, 8092, 29918, 10389, 2758, 20849, 13168, 29936, 13, 29871, 8092, 29918, 10389, 12422, 2344, 29936, 13, 29871, 12780]]","[-0.014370637945830822, -1.2019603252410889, -0.1060858890414238, -0.4597572088241577, -0.0072504254058003426, -0.0003997480380348861, -0.019358748570084572, -0.024236582219600677, -0.0004372832481749356, -0.020822612568736076, -0.0004631400224752724, -0.059898555278778076, -0.04936760663986206, -0.028406642377376556, -0.6030879020690918, -0.046085748821496964, -0.005466868635267019, -1.1849356889724731, -0.0016842002514749765, -0.07445377111434937, -0.038846127688884735, -0.21103517711162567, -0.0051030623726546764, -0.14358413219451904, -0.0020988595206290483, -0.01967766508460045, -0.00010394509445177391, -0.0003666205739136785, -0.03910421207547188, -0.15560206770896912, -0.41097018122673035, -0.0007848043460398912, -0.1844104528427124, -0.01161432545632124, -0.5058059692382812, -0.0006301801186054945, -0.02258589118719101, -1.266353964805603, -0.041453126817941666, -0.27676859498023987, -0.06715632975101471, -0.012219331227242947, -1.1559572219848633]",6.776490211486816,False,4.0,-8.480761828694085,-0.19722701927195546,43.0,-2.6474559249472804,-0.15573270146748708,17.0,0.09584707095297842,1,6,22,7,0.2727272727272727,-8.394274319922891,-1.112755140859714,True,27,0.627906976744186,26.0,0.736842105263158,3.0,2.035821819044356
~/anvil/data/cve-targets/openssl_repo_crypto_pkcs7_pk7_doit.c,519,307,546,if (PKCS7_is_detached(p7) || (in_bio != NULL)) {,if (in_bio != NULL) {,   if (in_bio != NULL) {,0.3794908225536346,"[[1678, 565, 313, 262, 29918, 24840, 2804, 4265, 29897, 426, 32010, 2]]","[-0.15985852479934692, -0.352959543466568, -0.07675674557685852, -0.3304921090602875, -8.666139910928905e-05, -2.0861407392658293e-05, -0.3065301477909088, -0.00022968991834204644, -0.023126058280467987, -0.001096481690183282, -0.24665719270706177, 0.0]",10.292400360107422,False,0.0,-1.4978140160965268,-0.12481783467471057,12.0,-1.251156823389465,-0.1251156823389465,10.0,0.02032092887976773,1,25,14,14,1.7857142857142858,-3.033119553515037,-1.0191218194646348,True,23,1.9166666666666667,27.0,0.6086956521739131,11.0,2.289015351793864
~/anvil/data/cve-targets/poppler_repo_poppler_GfxState.cc,4279,4099,4307,if (typeA == 5 && nVerticesA > 0) {,if (typeA == 4) {,"   if (typeA == 4) {
        if (state == 2) {
            if (nTrianglesA",0.5158072710037231,"[[1678, 565, 313, 1853, 29909, 1275, 29871, 29946, 29897, 426, 13, 4706, 565, 313, 3859, 1275, 29871, 29906, 29897, 426, 13, 9651, 565, 313, 29876, 29565, 19536, 29909]]","[-0.010697873309254646, -0.053462181240320206, -0.07265099883079529, -0.5070446729660034, -0.0002658013836480677, -0.194466695189476, -0.0002383901592111215, -0.1900239735841751, -0.27303582429885864, -0.0014998388942331076, -0.010407697409391403, -0.04903781786561012, -0.6133896708488464, -0.07626976072788239, -0.5404258966445923, -0.8097136616706848, -0.000192504478036426, -1.089717984199524, -0.656177818775177, -0.0021714221220463514, -0.02242014743387699, -0.00031728477915748954, -0.7871367335319519, -0.011315456591546535, -0.016404753550887108, -0.00810299627482891, -4.0531076592742465e-06, -2.4318398573086597e-05]",13.790733337402344,False,2.0,-5.996616228266248,-0.21416486529522313,28.0,-1.3628317651309771,-0.11356931376091477,12.0,0.021796635096804795,1,19,22,13,0.8636363636363636,-4.54178381397634,-1.0709188617786694,True,17,0.6071428571428571,19.0,0.6153846153846154,7.0,2.1304952881424764
~/anvil/data/cve-targets/libsndfile_repo_src_ulaw.c,729,579,879,"0x82, 0x82, 0x82, 0x82, 0x82, 0x82, 0x82, 0x82, 0x82, 0x82, 0x82, 0x82,","0x82, 0x82, 0x82, 0x82, 0x82, 0x82, 0x82, 0x82, 0x82, 0x82, 0x82, 0x82,","	0x82, 0x82, 0x82, 0x82, 0x82, 0x82, 0x82, 0x82, 0x82, 0x82, 0x82, 0x82,
	0x82, 0x82, 0x82, 0x82, 0x82, 0x82, 0",0.0004041603533551,"[[12, 29900, 29916, 29947, 29906, 29892, 29871, 29900, 29916, 29947, 29906, 29892, 29871, 29900, 29916, 29947, 29906, 29892, 29871, 29900, 29916, 29947, 29906, 29892, 29871, 29900, 29916, 29947, 29906, 29892, 29871, 29900, 29916, 29947, 29906, 29892, 29871, 29900, 29916, 29947, 29906, 29892, 29871, 29900, 29916, 29947, 29906, 29892, 29871, 29900, 29916, 29947, 29906, 29892, 29871, 29900, 29916, 29947, 29906, 29892, 29871, 29900, 29916, 29947, 29906, 29892, 29871, 29900, 29916, 29947, 29906, 29892, 13, 12, 29900, 29916, 29947, 29906, 29892, 29871, 29900, 29916, 29947, 29906, 29892, 29871, 29900, 29916, 29947, 29906, 29892, 29871, 29900, 29916, 29947, 29906, 29892, 29871, 29900, 29916, 29947, 29906, 29892, 29871, 29900, 29916, 29947, 29906, 29892, 29871, 29900]]","[-0.007226755376905203, -0.0005541696446016431, -5.030505417380482e-05, -0.00042298430344089866, -0.009272133000195026, -0.00020489977032411844, -0.00016890530241653323, -3.3378546504536644e-06, -1.2755313036905136e-05, -4.637133679352701e-05, -0.0008293526479974389, -7.73638384998776e-05, -7.211902266135439e-05, -1.5497195136049413e-06, -5.8412379075889476e-06, -2.6940935640595853e-05, -0.0005628670332953334, -5.066266385256313e-05, -7.712543447269127e-05, -1.311301275563892e-06, -2.7418097943154862e-06, -3.397406908334233e-05, -0.0006677066558040679, -6.270212179515511e-05, -0.00010561384988250211, -2.3841830625315197e-06, -1.7881377516459906e-06, -1.7881233361549675e-05, -0.00044741155579686165, -4.6967357775429264e-05, -6.294052582234144e-05, -1.311301275563892e-06, -1.1920922133867862e-06, -8.821448318485636e-06, -0.00035720644518733025, -8.05822346592322e-05, -6.937739817658439e-05, -1.311301275563892e-06, -1.4305104514278355e-06, -9.894321920000948e-06, -0.00045062878052704036, -0.00013243274588603526, -0.00012182447244413197, -1.7881377516459906e-06, -5.960446742392378e-06, -2.6940935640595853e-05, -0.0009484559996053576, -0.0003057250869460404, -0.00038699767901562154, -6.556489552167477e-06, -5.125986263010418e-06, -2.4914430468925275e-05, -0.0008678245940245688, -8.618460560683161e-05, -0.0001248043408850208, -2.145764938177308e-06, -2.50339189733495e-06, -1.537788011773955e-05, -0.0005828827270306647, -7.784063927829266e-05, -0.00012540031457319856, -1.6689286894688848e-06, -1.6689286894688848e-06, -1.4424220353248529e-05, -0.0006530536338686943, -0.00010406429646536708, -0.0002693767019081861, -2.9802276912960224e-06, -2.0265558760002023e-06, -2.8609820219571702e-05, -0.0017309696413576603, -0.00030882356804795563, -0.0010236029047518969, -0.001291751628741622, -0.00010597144137136638, -5.8412379075889476e-06, -2.658331868587993e-05, -0.0018406844465062022, -4.005352093372494e-05, -3.504691630951129e-05, -1.0728830375228426e-06, -1.0728830375228426e-06, -1.0251946150674485e-05, -0.0007366804056800902, -4.875540980719961e-05, -1.883488948806189e-05, -1.311301275563892e-06, -2.0265558760002023e-06, -1.537788011773955e-05, -0.0007531190640293062, -6.818538531661034e-05, -2.5152843591058627e-05, -2.7418097943154862e-06, -4.410734163684538e-06, -2.8371408916427754e-05, -0.001962879905477166, -9.715084888739511e-05, -5.519237674889155e-05, -2.145764938177308e-06, -1.6689286894688848e-06, -1.6212332411669195e-05, -0.0008454324561171234, -5.4238757002167404e-05, -2.7894584491150454e-05, -1.1920922133867862e-06, -1.311301275563892e-06, -8.22540732769994e-06, -0.0005289109540171921, -7.879423355916515e-05, -3.158996332786046e-05, -2.3841830625315197e-06]",10.76599407196045,True,1.0,-0.038873096222459935,-0.0003502080740762156,111.0,-0.031386325850917274,-0.0004241395385259091,74.0,1.8394208201880443e-06,0,25,38,25,0.6578947368421053,-0.9528947825985606,-1.0071267274579272,False,72,0.6486486486486487,0.0,1.0,0.0,1.245660479059685
~/anvil/data/cve-targets/libxml2_repo_valid.c,1207,1186,1278,if (size - len < xmlStrlen(content->prefix) + 10) {,if (size - len < xmlStrlen(content->prefix) + 10) {,           if (size - len < xmlStrlen(content->prefix) + 10) {,0.0711910650134086,"[[9651, 565, 313, 2311, 448, 7431, 529, 4903, 5015, 2435, 29898, 3051, 976, 13506, 29897, 718, 29871, 29896, 29900, 29897, 426, 32010, 2]]","[-0.5537150502204895, -0.23733124136924744, -0.08367897570133209, -0.05556195229291916, -0.005573447793722153, -0.00160624657291919, -0.01046220026910305, -0.20554935932159424, -0.000685576000250876, -0.00019691436318680644, -0.012911058962345123, -0.0003979606262873858, -1.728519782773219e-05, -0.03452969342470169, -0.011379338800907135, -0.003534025512635708, -0.11398784816265106, -0.47340062260627747, -0.1593565046787262, -0.010113424621522427, -0.0009684640099294484, -0.06151092052459717, -1.1920928244535389e-07]",9.47243881225586,True,0.0,-2.0364682302424555,-0.08854209696706328,23.0,-1.9749571905085759,-0.09404558050040837,21.0,0.02351305506380692,1,27,27,27,1.0,-0.7569846943855004,-1.0402284306006728,False,20,0.8695652173913043,0.0,1.0,0.0,1.207635707661541
~/anvil/data/cve-targets/libpng_repo_pngrutil.c,3050,2647,3067,bytes_to_copy = row_width;,bytes_to_copy = row_width;,                    bytes_to_copy = row_width;,0.0667150616645813,"[[462, 268, 6262, 29918, 517, 29918, 8552, 353, 1948, 29918, 2103, 29936, 32010, 2]]","[-0.002978771459311247, -0.07627583295106888, -0.5931427478790283, -2.109982233378105e-05, -1.3828182090946939e-05, -1.311301275563892e-06, -0.001177571015432477, -0.00417895894497633, -0.06471100449562073, -2.3841855067985307e-07, -9.298280929215252e-06, -0.0014992436626926064, -0.634979784488678, 0.0]",7.644773006439209,True,0.0,-1.3789896909019888,-0.09849926363585634,14.0,-0.7440099064133108,-0.06200082553444256,12.0,0.026310381638354183,1,7,7,7,1.0,-1.076035054202946,-1.0888607639580856,False,10,0.7142857142857143,0.0,1.0,0.0,0.8710444218784437
~/anvil/data/cve-targets/libtiff_repo_libtiff_tif_predict.c,261,254,304,unsigned char* cp = (unsigned char*) cp0;,uint8_t* cp = cp0;,"	uint8_t* cp = cp0;

	if (cc > stride) {",0.1716369837522506,"[[12, 13470, 29947, 29918, 29873, 29930, 21447, 353, 21447, 29900, 29936, 13, 13, 12, 361, 313, 617, 1405, 380, 2426, 29897, 426]]","[-0.14294761419296265, -0.7183075547218323, -0.050238993018865585, -0.0006780709372833371, -1.6569954823353328e-05, -0.13185013830661774, -0.12616367638111115, -0.12747682631015778, -0.033378321677446365, -4.0649541915627196e-05, -0.4714234471321106, -0.05661306157708168, -0.6717327237129211, -0.03961547836661339, -0.749136209487915, -0.04332850128412247, -0.5921137928962708, -0.0968957245349884, -0.03274630010128021, -1.7881377516459906e-06, -0.003539846045896411, -0.008897657506167889]",8.834147453308105,False,2.0,-4.0971429458261355,-0.18623377026482435,22.0,-2.5704831258317427,-0.18360593755941018,14.0,0.05684812476394748,1,21,22,10,0.9545454545454546,-0.9348117279524975,-1.0569607975787627,True,12,0.5454545454545454,27.0,0.47457627118644063,12.0,2.120704709855077
~/anvil/data/cve-targets/lua_repo_ldebug.c,784,747,794,L->oldpc = pc;,L->oldpc = pc;  /* 'pc',   L->oldpc = pc;  /* 'pc',0.0289807934314012,"[[1678, 365, 976, 1025, 6739, 353, 22844, 29936, 29871, 4949, 525, 6739, 29915]]","[-0.2950180470943451, -0.11108514666557312, -0.00015531764074694365, -0.0008110094931907952, -0.00013183678674977273, -0.00047386385267600417, -0.08739936351776123, -0.0029463237151503563, -0.7426584362983704, -0.00020108585886191577, -0.39921021461486816, -0.13746601343154907, -0.0008946230518631637]",14.13260269165039,False,0.0,-1.778451282021706,-0.13680394477090047,13.0,-1.778451282021706,-0.13680394477090047,13.0,0.04565636572345536,1,10,20,20,0.5,-0.2118417965208098,-1.0801109454641167,True,7,0.5384615384615384,9.0,0.7567567567567568,11.0,1.9176755918781936
~/anvil/data/cve-targets/libsndfile_repo_src_paf.c,102,78,118,switch (subformat),psf->blockwidth = psf->bytewidth,	psf->blockwidth = psf->bytewidth,0.3552862405776977,"[[12, 567, 29888, 976, 1271, 2103, 353, 282, 4668, 976, 10389, 2103]]","[-0.5806944966316223, -0.9412108659744263, -4.577531944960356e-05, -0.04321696609258652, -1.435944676399231, -0.007910826243460178, -0.015267882496118546, -0.06229059398174286, -0.0012907992349937558, -0.009470890276134014, -0.0792599469423294, -0.0001161031104857102]",16.020835876464844,False,0.0,-3.17671982270258,-0.26472665189188166,12.0,-3.17671982270258,-0.26472665189188166,12.0,0.20470631133481376,0,6,13,13,0.46153846153846156,-1.342087160618803,-1.1323210954257577,True,5,0.4166666666666667,24.0,0.36,12.0,1.8161006249301312
~/anvil/data/cve-targets/libsndfile_repo_src_common.c,591,470,684,int padding = size & 1 ;,if (psf->header.indx + (,					if (psf->header.indx + (,1.8578306436538696,"[[12, 12, 12, 12, 12, 361, 313, 567, 29888, 976, 6672, 29889, 513, 29916, 718, 313]]","[-0.5904881358146667, -0.0036330902948975563, -0.0014631766825914383, -0.0007098776986822486, -0.004958237987011671, -1.042351484298706, -0.03454362973570824, -0.14962367713451385, -6.9141146923357155e-06, -0.0024160738103091717, -0.15287616848945618, -2.13382354559144e-05, -0.0005341533687897027, -2.0265558760002023e-06, -0.0018576999427750707, -0.08406592905521393]",7.425511837005615,False,0.0,-2.069551613219346,-0.12934697582620913,16.0,-2.069551613219346,-0.12934697582620913,16.0,0.07634695786725569,1,11,12,12,0.9166666666666666,-14.363154853732759,-1.0948457745888138,True,8,0.5,20.0,0.375,13.0,2.2344230256443622
~/anvil/data/cve-targets/libpng_repo_pngrutil.c,1901,1856,1957,*/,*/,   */,0.0450252220034599,"[[1678, 3776, 32010, 2]]","[-7.70062324590981e-05, -0.04502511024475098, -0.06704028695821762, 0.0]",18.18319702148437,True,0.0,-0.1121424034354277,-0.028035600858856924,4.0,-0.045102116477210075,-0.022551058238605037,2.0,0.0005050830135749523,0,3,3,3,1.0,-1.9965902055266507,-1.1952180309125287,False,1,0.25,0.0,1.0,0.0,0.5843127459352826
~/anvil/data/cve-targets/php_repo_ext_phar_phar.c,174,159,201,if (phar->signature) {,if (phar->metadata) {,"	if (phar->metadata) {
		zval_ptr_dt",0.1175866946578025,"[[12, 361, 313, 561, 279, 976, 19635, 29897, 426, 13, 12, 12, 29920, 791, 29918, 7414, 29918, 6008]]","[-0.011685493402183056, -0.022761862725019455, -0.0030145461205393076, -0.0031493136193603277, -7.152555099310121e-07, -0.0002244459028588608, -1.0019707679748535, -0.7078179121017456, -0.00042429505265317857, -0.0005317704635672271, -0.0010272946674376726, -0.0001380348257953301, -1.0568788051605225, -0.10144201666116714, -0.017623497173190117, -0.037892673164606094, -1.5497195136049413e-06, -0.0005359405186027288]",13.757272720336914,False,1.0,-2.9671209345091256,-0.16484005191717366,18.0,-1.7527464521115235,-0.14606220434262696,12.0,0.10413473770874625,0,13,11,13,1.1818181818181819,-0.8050453242645323,-1.0700233962177117,True,9,0.5,8.0,0.6976744186046512,1.0,1.9906582532907513
