file,masked_line_no,cntx_start,cntx_end,masked_line,prediction,whole_prediction,loss,generated_tokens,log_prob_scores,first_token_var,exact_match,num_generated_lines,log_seq_prob,normalized_seq_prob,generated_token_length,log_seq_prob_first_line,normalized_log_seq_prob_first_line,first_line_length,seq_prob_first_line_var,vul_label,mask_ast_complexity,pred_ast_complexity,first_line_pred_ast_complexity,mask_pred_ast_ratio,loss_to_pred_ratio,scaled_first_token_var,neg_exact_match,masked_line_token_length,length_ratio,lev_dist,lev_ratio,ast_dist,new_score
~/anvil/data/cve-targets/lua_repo_ldo.c,446,294,596,"** to be executed, if it was a Lua function. Otherwise (a C function)",** for the function to be called.,"** for the function to be called.
** If the called function is a C function, returns NULL.
** If the called function is a",1.54296875,"[[1068, 363, 278, 740, 304, 367, 2000, 29889, 13, 1068, 960, 278, 2000, 740, 338, 263, 315, 740, 29892, 3639, 4265, 29889, 13, 1068, 960, 278, 2000, 740, 338, 263]]","[-0.061448145657777786, -1.2090508937835693, -0.8090607523918152, -0.3498513400554657, -1.4400527477264404, -0.011637420393526554, -0.05086130648851395, -0.39013510942459106, -0.8341878652572632, -0.0031177031341940165, -0.9285393953323364, -1.2339880466461182, -1.0090426206588745, -0.0011987651232630014, -0.23628316819667816, -0.0877637043595314, -0.37390539050102234, -0.01928403042256832, -0.10959804803133011, -1.250414490699768, -0.17923776805400848, -0.780523955821991, -0.7039838433265686, -0.005293163936585188, -0.7841832637786865, -0.7654542326927185, -0.17840895056724548, -0.00448115449398756, -0.023481037467718124, -0.10633952170610428]",13.449650764465332,False,2.0,-13.940807836130261,-0.4646935945376754,30.0,-5.156285581178963,-0.5729206201309959,9.0,0.24588465369503235,0,24,39,10,0.6153846153846154,-2.6931632337603886,-1.06730161423885,True,19,0.6333333333333333,49.0,0.4117647058823529,21.0,2.285357529877957
~/anvil/data/cve-targets/sqlite3_repo_src_where.c,2442,2339,2707,"** However, the nIn multiplier should only be applied once, not once","** The following loop checks that pTerm is the first such term in use,","       ** The following loop checks that pTerm is the first such term in use,
        ** and sets nIn back to ",1.9345703125,"[[4706, 3579, 450, 1494, 2425, 12747, 393, 282, 14343, 338, 278, 937, 1316, 1840, 297, 671, 29892, 13, 4706, 3579, 322, 6166, 302, 797, 1250, 304, 29871]]","[-0.0017832106677815318, -0.005051943473517895, -1.915365219116211, -2.0879340171813965, -0.33656179904937744, -1.321513295173645, -0.18168431520462036, -0.30920344591140747, -0.0241754949092865, -0.04661451280117035, -0.15185090899467468, -0.05246951803565025, -0.36319229006767273, -0.0303655993193388, -0.2817955017089844, -0.5717993974685669, -0.19512364268302917, -0.04820264130830765, -6.69933797325939e-05, -2.9444261599564925e-05, -0.014010880142450333, -0.03034767508506775, -0.00610344810411334, -0.0005359405186027288, -0.013271565549075603, -0.0005304598016664386, -0.009172089397907257]",10.95608139038086,False,1.0,-7.998755249314854,-0.2962501944190687,27.0,-7.924753746454371,-0.4170923024449669,19.0,0.3852218057749017,0,18,28,17,0.6428571428571429,-4.638230677381672,-1.0027982809349567,True,16,0.5925925925925926,56.0,0.37681159420289856,18.0,2.4997318280442102
~/anvil/data/cve-targets/php_repo_ext_standard_dns.c,417,394,729,CHECKCP(dlen);,if (dlen < 0 || dlen > (int)(,	if (dlen < 0 || dlen > (int)(,0.52099609375,"[[12, 361, 313, 29881, 2435, 529, 29871, 29900, 3830, 270, 2435, 1405, 313, 524, 5033]]","[-0.08348917216062546, -0.4511461853981018, -0.1485808938741684, -0.4772357940673828, -0.0008261366747319698, -1.0309436321258545, -0.04371016100049019, -0.08068956434726715, -0.27549827098846436, -1.0645302534103394, -0.046343449503183365, -0.08765526860952377, -0.517858624458313, -0.8743802309036255, -0.29672378301620483]",9.183220863342283,False,0.0,-5.479611420538276,-0.3653074280358851,15.0,-5.479611420538276,-0.3653074280358851,15.0,0.12463841051657666,1,9,15,15,0.6,-1.4261853271125413,-1.0424014523894773,True,6,0.4,24.0,0.2790697674418605,14.0,2.025873086717959
~/anvil/data/cve-targets/php_repo_ext_phar_phar.c,976,635,1125,if (buffer + 4 > endbuffer) {,if (buffer + 20 > endbuffer) {,		if (buffer + 20 > endbuffer) {,0.3759765625,"[[12, 12, 361, 313, 9040, 718, 29871, 29906, 29900, 1405, 1095, 9040, 29897, 426, 32010, 2]]","[-0.014336677268147469, -0.0003532739356160164, -0.6765839457511902, -0.07165024429559708, -0.1268032044172287, -0.04543813318014145, -0.06908607482910156, -0.6361841559410095, -0.1351403445005417, -0.046889252960681915, -0.002367552602663636, -0.00010048838157672435, -0.022531813010573387, -0.012009929865598679, -0.2817251682281494, -1.1920922133867862e-06]",11.975869178771973,False,0.0,-2.141201451260031,-0.13382509070375193,16.0,-1.859475090939668,-0.13281964935283344,14.0,0.047492594463474,1,16,16,16,1.0,-2.830729973554017,-1.028693003413698,True,11,0.6875,2.0,0.9491525423728814,1.0,2.1269254272723663
~/anvil/data/cve-targets/sqlite3_repo_src_shell.c.in,3423,3271,3573,sqlite3_finalize(pStmt);,sqlite3_finalize(pStmt);," sqlite3_finalize(pStmt);
  if( nCol==",0.016204833984375,"[[29871, 21120, 29941, 29918, 8394, 675, 29898, 29886, 855, 4378, 416, 13, 29871, 565, 29898, 302, 1625, 1360]]","[-0.004264309536665678, -0.16989733278751373, -0.00022027450904715806, -6.9141146923357155e-06, -0.0035896170884370804, -8.344646857949556e-07, -7.438383181579411e-05, -8.749579137656838e-05, -2.2411095415009186e-05, 0.0, -1.811964830267243e-05, -0.31087765097618103, -0.011338558979332447, -0.19725573062896729, -0.0009348789462819695, -0.3421548306941986, -0.5055239200592041, -0.2573081851005554]",12.10433578491211,True,1.0,-1.8035754482526727,-0.10019863601403738,18.0,-0.5003979028234653,-0.04169982523528878,12.0,0.008185255649256967,1,9,13,9,0.6923076923076923,-0.38860676017082063,-1.0320021319484023,False,10,0.5555555555555556,0.0,1.0,0.0,0.9755233758972528
~/anvil/data/cve-targets/poppler_repo_poppler_XRef.cc,672,599,676,trailerDict = xrefStr->getDictObject()->copy();,"error(errSyntaxError, -1, ""Missing trailer dictionary"");","       error(errSyntaxError, -1, ""Missing trailer dictionary"");
        return false;
   ",1.517578125,"[[4706, 1059, 29898, 3127, 16676, 2392, 29892, 448, 29896, 29892, 376, 18552, 292, 1020, 3955, 8600, 1496, 13, 4706, 736, 2089, 29936, 13, 1678]]","[-0.0025424794293940067, -0.8245439529418945, -0.009153662249445915, -0.0010083595989271998, -0.0028443378396332264, -0.06017056852579117, -0.0002989322238136083, -0.015545854344964027, -0.0001225396408699453, -0.00025459862081333995, -0.014496481977403164, -0.517897367477417, -0.00021872512297704816, -0.32656192779541016, -0.0006736631621606648, -0.2698763906955719, -0.14185325801372528, -0.023931453004479408, -0.21749378740787506, -0.12776915729045868, -0.04998910054564476, -0.00018153927521780133, -0.2973792254924774, -0.0004447901446837932]",7.279974937438965,False,2.0,-2.905252152821049,-0.12105217303421038,24.0,-2.4294883400725666,-0.12786780737224035,19.0,0.046793893935756704,0,21,20,16,1.05,-11.868336183963226,-1.0931990305685333,True,14,0.5833333333333334,44.0,0.3495145631067961,18.0,2.160085554634482
~/anvil/data/cve-targets/libxml2_repo_xmlregexp.c,4854,4777,4859,} else {,return;,"	return;
    }
",0.2802734375,"[[12, 2457, 29936, 13, 1678, 500, 13]]","[-0.5106067061424255, -0.11299644410610199, -0.0006655623437836766, -0.010505139827728271, -0.0008727079257369041, -0.00019274283840786666, -0.2866622507572174]",12.719432830810549,False,2.0,-0.9225015539414017,-0.13178593627734309,7.0,-0.6356465603457764,-0.1271293120691553,5.0,0.038557931471502924,1,4,5,4,0.8,-2.204632692006844,-1.0479943126738263,True,3,0.42857142857142855,7.0,0.1333333333333333,4.0,1.9096391532728383
~/anvil/data/cve-targets/libpng_repo_pngrutil.c,2634,2605,2642,limit = limit < idat_limit? idat_limit : limit;,if (idat_limit < limit),"     if (idat_limit < limit)
         limit = idat_limit;",0.33447265625,"[[418, 565, 313, 333, 271, 29918, 13400, 529, 4046, 29897, 13, 308, 4046, 353, 1178, 271, 29918, 13400, 29936, 32010, 2]]","[-0.1487131267786026, -0.21659012138843536, -0.01223416905850172, -0.831522524356842, -2.1219027985353023e-05, -8.260862523457035e-05, -2.6940935640595853e-05, -0.336168110370636, -0.5560176372528076, -0.010901536792516708, -0.08474192023277283, -0.023789796978235245, -0.003929632715880871, -0.0719025507569313, -0.011142883449792862, -3.0278701160568744e-05, -8.22540732769994e-06, -4.410734163684538e-06, -0.0024518687278032303, -0.17215459048748016, -7.152555099310121e-07]",8.199636459350586,False,1.0,-2.482434868034261,-0.11821118419210766,21.0,-2.2208097117982106,-0.1850674759831842,12.0,0.06496976837660519,0,15,16,12,0.9375,-1.807301118000827,-1.0683514401725238,True,16,0.7619047619047619,28.0,0.5428571428571429,14.0,1.9754874641863271
~/anvil/data/cve-targets/openssl_repo_crypto_asn1_tasn_dec.c,816,763,890,case V_ASN1_NEG_ENUMERATED:,if (!ossl_c2i_ASN1_INTEGER((ASN1_INTEGER **),       if (!ossl_c2i_ASN1_INTEGER((ASN1_INTEGER **),0.409912109375,"[[4706, 565, 5384, 2209, 29880, 29918, 29883, 29906, 29875, 29918, 3289, 29940, 29896, 29918, 1177, 4330, 17070, 3552, 3289, 29940, 29896, 29918, 1177, 4330, 17070, 3579, 29897]]","[-0.2744007706642151, -0.7516156435012817, -0.5921909809112549, -0.009874898009002209, -0.0011378012131899595, -1.1205610462639015e-05, -0.0032528128940612078, -3.349725011503324e-05, -2.825220326485578e-05, -1.3947389561508317e-05, -0.013471176847815514, -5.483612312673358e-06, -2.7418097943154862e-06, -1.764281842042692e-05, -0.08875184506177902, -2.145764938177308e-06, -1.2755313036905136e-05, -0.3420996367931366, -0.0006976078147999942, -5.006777428206988e-06, -7.629365427419543e-06, -3.576272320060525e-06, -0.00030751267331652343, -9.536738616588991e-07, -1.311301275563892e-06, -9.893881360767409e-05, -0.003795088967308402]",11.97082805633545,False,0.0,-2.0818408633269883,-0.07710521716025882,27.0,-2.0818408633269883,-0.07710521716025882,27.0,0.035392819784084366,1,5,14,14,0.35714285714285715,-5.316269436386139,-1.0285633673982626,True,16,0.5925925925925926,31.0,0.4225352112676056,14.0,2.0080909812503522
~/anvil/data/cve-targets/poppler_repo_poppler_Parser.cc,270,191,287,"str = baseStr->makeSubStream(pos, true, length, std::move(dict));","str = new BaseStream(baseStr, dict, pos, length);","   str = new BaseStream(baseStr, dict, pos, length);",0.95166015625,"[[1678, 851, 353, 716, 7399, 3835, 29898, 3188, 5015, 29892, 9657, 29892, 926, 29892, 3309, 416, 32010, 2]]","[-0.00458071893081069, -1.0194718837738037, -0.03797450661659241, -0.493289589881897, -0.1573180854320526, -0.0019832244142889977, -0.08045761287212372, -0.3681490421295166, -0.00011240804451517761, -0.050370264798402786, -1.2043765783309937, -0.6097376346588135, -1.0021498203277588, -0.10035496205091476, -0.20810304582118988, -0.6303098201751709, -0.38268619775772095, -8.344646857949556e-07]",13.258257865905762,False,0.0,-6.351426230481252,-0.352857012804514,18.0,-5.968739198258845,-0.3730461998911778,16.0,0.15650487493090381,0,29,19,19,1.5263157894736843,-2.551051737097472,-1.0622069637182803,True,21,1.1666666666666667,37.0,0.543859649122807,17.0,2.259417371322151
~/anvil/data/cve-targets/openssl_repo_crypto_asn1_tasn_enc.c,523,457,567,case V_ASN1_NEG_INTEGER:,case V_ASN1_OCTET_STRING:,"   case V_ASN1_OCTET_STRING:
        return ossl_i2c_",0.5830078125,"[[1678, 1206, 478, 29918, 3289, 29940, 29896, 29918, 29949, 1783, 2544, 29918, 20785, 29901, 13, 4706, 736, 288, 16265, 29918, 29875, 29906, 29883, 29918]]","[-0.022648708894848824, -0.006361591629683971, -0.0016845572972670197, -0.00011157367407577112, -1.0251946150674485e-05, -2.0265558760002023e-06, -0.00015901254664640874, -0.00013982271775603294, -0.6309814453125, -0.004359859973192215, -5.8410845667822286e-05, -0.021358948200941086, -0.00022802136663813144, -0.0234613586217165, -0.045922376215457916, -0.6361072063446045, -0.6904448866844177, -0.03447671979665756, -0.0001370812824461609, -2.5987286790041253e-05, -0.0035175136290490627, -2.9802276912960224e-06, -0.00025996167096309364, -2.074220174108632e-05]",11.19751262664795,False,1.0,-2.122481044922779,-0.08843671020511579,24.0,-1.3935951721430229,-0.08709969825893893,16.0,0.04281744629569411,1,5,9,5,0.5555555555555556,-6.693568682256218,-1.008869254755425,True,14,0.5833333333333334,10.0,0.7346938775510203,1.0,2.1034006262860183
~/anvil/data/cve-targets/php_repo_ext_phar_phar.c,167,162,201,"pefree(phar->alias, phar->is_persistent);","pefree(phar->alias, phar->is_persistent);","		pefree(phar->alias, phar->is_persistent);",0.0019521713256835,"[[12, 12, 412, 9021, 29898, 561, 279, 976, 19973, 29892, 1374, 279, 976, 275, 29918, 6774, 9696, 416, 32010, 2]]","[-0.0008554374799132347, -0.0001472126314183697, -0.02027571015059948, -2.455681169521995e-05, -0.005648840684443712, -0.00010024998482549563, -1.1920928244535389e-07, -7.033323527139146e-06, -0.00011312322021694854, -0.0001382732152706012, -0.004747191444039345, -2.9802276912960224e-06, -6.9141146923357155e-06, -0.0003197873884346336, -2.0265558760002023e-06, -5.149708886165172e-05, -2.1219027985353023e-05, -8.141662692651153e-05, -0.033696603029966354, -1.1920928244535389e-07]",12.037015914916992,True,0.0,-0.06624031142494857,-0.0033120155712474285,20.0,-0.03254358918569977,-0.0018079771769833207,18.0,2.2645539038165257e-05,0,17,17,17,1.0,-1.0797544075975412,-1.0302667364565747,False,16,0.8,0.0,1.0,0.0,1.069848426528534
~/anvil/data/cve-targets/libtiff_repo_libtiff_tif_dirread.c,5699,5655,5716,newoffsets[i] = offset;,newoffsets[i] = offset;,       newoffsets[i] = offset;,0.0127944946289062,"[[4706, 716, 2696, 7224, 29961, 29875, 29962, 353, 9210, 29936, 32010, 2]]","[-0.004119957331568003, -0.0951174944639206, -0.0006193388253450394, -5.006777428206988e-06, -0.0005678709712810814, -5.686121585313231e-05, -0.00042024365393444896, -0.0002857038634829223, -0.012835740111768246, -0.005344507750123739, -0.21854543685913086, -1.1920928244535389e-07]",10.268423080444336,True,0.0,-0.3379182810331187,-0.028159856752759893,12.0,-0.11937272496470541,-0.01193727249647054,10.0,0.0007833614589978548,1,12,12,12,1.0,-1.0718105524263697,-1.0145012218942098,False,9,0.75,0.0,1.0,0.0,1.0677590816287665
~/anvil/data/cve-targets/libsndfile_repo_src_alaw.c,308,304,313,if (ptr [i] >= 0),if (ptr [i] < 0),		if (ptr [i] < 0),0.187255859375,"[[12, 12, 361, 313, 7414, 518, 29875, 29962, 529, 29871, 29900, 29897, 32010, 2]]","[-0.006323093548417091, -0.0006987990345805883, -0.10288568586111069, -0.007529451511800289, -0.039671506732702255, -0.009924118407070637, -0.0002910667099058628, -0.006212684325873852, -0.5337811708450317, -0.04650607332587242, -0.010116138495504856, -0.009673268534243107, -0.11109122633934021, -1.1920928244535389e-07]",8.556792259216309,False,0.0,-0.884704402880736,-0.06319317163433828,14.0,-0.7736130573321134,-0.06446775477767612,12.0,0.02081679919003672,1,17,17,17,1.0,-2.9046437249253003,-1.0588547031216742,True,10,0.7142857142857143,2.0,0.9090909090909091,1.0,2.0052190480752725
~/anvil/data/cve-targets/sqlite3_repo_src_build.c,3400,3382,3404,p->nKeyCol = nCol - 1;,p->nExtra = nExtra;,   p->nExtra = nExtra;,0.9599609375,"[[1678, 282, 976, 29876, 18126, 353, 302, 18126, 29936, 32010, 2]]","[-0.012727225199341774, -0.269416481256485, -0.00938598345965147, -0.8301817178726196, -0.9415730237960815, -0.049159031361341476, -0.04414984956383705, -0.06880044937133789, -0.006816585548222065, -0.18197722733020782, -3.576278118089249e-07]",9.16025733947754,False,0.0,-2.4141879323869375,-0.2194716302169943,11.0,-2.232210347428918,-0.24802337193654644,9.0,0.1226780236846661,0,13,10,10,1.3,-3.870445474572427,-1.0430000544639142,True,12,1.0909090909090908,13.0,0.4390243902439024,5.0,2.143445733592956
~/anvil/data/cve-targets/libsndfile_repo_src_ulaw.c,810,807,816,{,{,	{,0.54296875,"[[12, 29912, 32010, 2]]","[-0.0017296605510637164, -0.5496876835823059, -0.6195231676101685, -1.1920928244535389e-07]",9.448633193969728,True,0.0,-1.1709406309528205,-0.29273515773820513,4.0,-0.5514173441333696,-0.2757086720666848,2.0,0.07506449875107683,1,2,2,2,1.0,-1.969356806697302,-1.035507693815686,False,1,0.25,0.0,1.0,0.0,0.9731686675737028
~/anvil/data/cve-targets/libpng_repo_png.c,2441,2371,2463,goto PNG_FP_End; /* not a part of the number */,goto PNG_FP_End; /* not a part of the number */,           goto PNG_FP_End; /* not a part of the number */,0.038421630859375,"[[9651, 2355, 29877, 349, 9312, 29918, 26353, 29918, 5044, 29936, 4949, 451, 263, 760, 310, 278, 1353, 3776, 32010, 2]]","[-0.0017239484004676342, -0.0029090014286339283, -2.9802276912960224e-06, -0.00012587709352374077, -2.3841830625315197e-06, -5.364403477869928e-06, -1.0847986231965479e-05, -2.861018856492592e-06, -0.00010430268594063818, -6.437094270950183e-05, -0.2151910811662674, -0.2980956435203552, -0.06197668984532356, -0.007201309781521559, -0.001025627483613789, -0.008154196664690971, -0.05178912356495857, -0.007197048980742693, -0.22246019542217255, -8.344646857949556e-07]",9.188002586364746,True,0.0,-0.8780436892649277,-0.04390218446324638,20.0,-0.6555826593780694,-0.03642125885433719,18.0,0.006555386461189346,0,6,6,6,1.0,-1.054923197823504,-1.0422768479618354,False,17,0.85,0.0,1.0,0.0,0.9107094582903166
~/anvil/data/cve-targets/poppler_repo_fofi_FoFiType1C.cc,1222,1214,1225,if(ok) {,if (ok) {,                   if (ok) {,1.431640625,"[[462, 1678, 565, 313, 554, 29897, 426, 32010, 2]]","[-0.03623645380139351, -0.0004689785710070282, -0.08261029422283173, -0.0775410607457161, -0.06821281462907791, -0.31476539373397827, -0.00697546498849988, -0.28586870431900024, -2.3841855067985307e-07]",12.502135276794434,False,0.0,-0.8726794034300553,-0.09696437815889504,9.0,-0.5868104606925044,-0.08383006581321492,7.0,0.009819559440335964,1,10,10,10,1.0,-17.077889789444935,-1.0423165835758565,True,5,0.5555555555555556,1.0,0.9411764705882353,0.0,2.191299107869886
~/anvil/data/cve-targets/sqlite3_repo_ext_fts5_fts5_hash.c,411,396,430,"if(pTerm==0 || 0==memcmp(fts5EntryKey(pIter), pTerm, nTerm)) {",if( pIter->pTerm ){,"     if( pIter->pTerm ){
        int n = pIter->nTerm;
        if( nTerm>0 && n>nTerm ){
          if( pTerm==0 || memcmp(",1.10546875,"[[418, 565, 29898, 282, 13463, 976, 29886, 14343, 29545, 13, 4706, 938, 302, 353, 282, 13463, 976, 29876, 14343, 29936, 13, 4706, 565, 29898, 302, 14343, 29958, 29900, 2607, 302, 29958, 29876, 14343, 29545, 13, 3986, 565, 29898, 282, 14343, 1360, 29900, 3830, 2626, 21058, 29898]]","[-0.0018362818518653512, -0.6075496673583984, -0.010941391810774803, -0.6198801398277283, -0.27615439891815186, -0.022703830152750015, -1.0952435731887817, -1.3968000411987305, -1.2616958618164062, -0.003964660689234734, -0.0047086309641599655, -0.6433703899383545, -1.2906205654144287, -1.2797720432281494, -0.7649217844009399, -0.17010974884033203, -0.0006472161621786654, -0.6779810786247253, -0.05684903264045715, -0.37386980652809143, -0.009548824280500412, -0.010677115991711617, -1.0959391593933105, -0.001379491644911468, -0.6290345191955566, -1.1483451128005981, -1.1894458532333374, -0.22984208166599274, -0.49061399698257446, -0.5187548398971558, -1.208085298538208, -0.18003831803798676, -0.0009390473715029657, -0.7109449505805969, -0.10412061214447021, -0.00486060930415988, -1.3670909404754639, -0.0011476842919364572, -1.0125678777694702, -0.6110005974769592, -1.0905117988586426, -0.7820953726768494, -0.3345447778701782, -0.7260292768478394, -0.0006669919239357114, -0.008415475487709045]",9.842028617858888,False,3.0,-24.026260768296197,-0.5223100167020912,46.0,-5.301478477776982,-0.48195258888881654,11.0,0.2743390625324654,1,33,44,13,0.75,-2.2937292494864567,-1.0253735100664463,True,29,0.6304347826086957,45.0,0.41975308641975306,23.0,2.454432128889718
~/anvil/data/cve-targets/php_repo_ext_phar_phar.c,2299,2288,2321,"written = php_stream_write(newfile, ZSTR_VAL(newstub), phar->halt_offset);",if (user_stub) {,"			if (user_stub) {
				zend_string_release(newstub);
				newstub = user_stub;
			}
	",0.239013671875,"[[12, 12, 12, 361, 313, 1792, 29918, 303, 431, 29897, 426, 13, 12, 12, 12, 12, 29920, 355, 29918, 1807, 29918, 14096, 29898, 1482, 303, 431, 416, 13, 12, 12, 12, 12, 1482, 303, 431, 353, 1404, 29918, 303, 431, 29936, 13, 12, 12, 12, 29913, 13, 12]]","[-0.02916264347732067, -0.001354134758003056, -0.10068227350711823, -1.2149728536605835, -0.36221179366111755, -1.2235578298568726, -0.0015046000480651855, -0.0029098333325237036, -0.00027581225731410086, -0.232627272605896, -0.0006277974462136626, -0.003093103179708123, -0.0014194899704307318, -2.932505594799295e-05, -5.638440416078083e-05, -0.0009332115878351033, -1.639951467514038, -0.015823865309357643, -6.115249561844394e-05, -0.03975674510002136, -0.28897997736930847, -0.4848625659942627, -0.3442620038986206, -0.5731873512268066, -0.0007644353318028152, -6.9141146923357155e-06, -0.0005694198189303279, -0.003942575305700302, -0.004328050650656223, -3.135155202471651e-05, -3.3854863431770355e-05, -0.011890958063304424, -0.09694041311740875, -0.000125281119835563, -7.152555099310121e-07, -0.00048065552255138755, -0.6733237504959106, -0.0008803306263871491, -0.0001578206429257989, -1.1920858014491387e-05, -0.002907218411564827, -0.002072569215670228, -0.0022293494548648596, -0.00010322991875000298, -0.0003405229654163122, -0.49842512607574463, -0.1425258219242096, -0.059122297912836075]",13.24242877960205,False,4.0,-8.063518070935288,-0.16798995981115183,48.0,-3.175418358809111,-0.19846364742556943,16.0,0.15871083699635175,0,24,24,10,1.0,-1.204319657405461,-1.0617867027355792,True,27,0.5625,62.0,0.2666666666666667,21.0,2.0836669593843546
~/anvil/data/cve-targets/libtiff_repo_libtiff_tif_predict.c,319,314,328,tmsize_t wc = cc / 2;,tmsize_t wc = cc / 2;,"	tmsize_t wc = cc / 2;

	do {
		RE",0.1680908203125,"[[12, 29873, 1516, 675, 29918, 29873, 28678, 353, 21759, 847, 29871, 29906, 29936, 13, 13, 12, 1867, 426, 13, 12, 12, 1525]]","[-0.11053475737571716, -0.561235249042511, -0.00014101465058047324, -3.242440288886428e-05, -5.364403477869928e-06, -7.867782187531702e-06, -0.006097879726439714, -0.03109019249677658, -0.10521646589040756, -0.5719637274742126, -0.6867830157279968, -0.010998105630278587, -0.040797121822834015, -0.23708608746528625, -0.9280303120613098, -0.0784481018781662, -1.3149477243423462, -0.009845388121902943, -0.004364726599305868, -0.008061136119067669, -0.00199773907661438, -0.06270651519298553]",11.197824478149414,True,3.0,-4.770390917283294,-0.21683595078560425,22.0,-3.368467687831071,-0.21052923048944194,16.0,0.08464495590088583,1,11,14,11,0.7857142857142857,-0.798420342494577,-1.0088771202208826,False,12,0.5454545454545454,0.0,1.0,0.0,1.1014903501168203
~/anvil/data/cve-targets/poppler_repo_poppler_Stream.cc,520,510,538,if (nBits <= 0 || nVals > INT_MAX / nBits - 7 || width > INT_MAX / nComps) {,if (width > INT_MAX / inputLineSize) {,   if (width > INT_MAX / inputLineSize) {,0.71435546875,"[[1678, 565, 313, 2103, 1405, 19578, 29918, 12648, 847, 1881, 3542, 3505, 29897, 426, 32010, 2]]","[-0.03241536766290665, -0.13119669258594513, -0.042908553034067154, -0.8013393878936768, -0.3956852853298187, -0.018458731472492218, -7.950943836476654e-05, -0.00014625910262111574, -0.025326348841190338, -0.33816754817962646, -8.702239938429557e-06, -1.1324817933200393e-05, -0.03588114306330681, -0.0009414292871952057, -0.021547501906752586, -3.576278118089249e-07]",11.760417938232422,False,0.0,-1.8441141424836474,-0.11525713390522796,16.0,-1.822566282949083,-0.1301833059249345,14.0,0.0498697312681085,1,34,16,16,2.125,-5.487304717564227,-1.023167069297579,True,35,2.1875,52.0,0.4736842105263158,19.0,2.407152974631982
~/anvil/data/cve-targets/openssl_repo_crypto_mdc2_mdc2dgst.c,96,69,102,"l2c(tin0, p);","l2c(tin0, p);","       l2c(tin0, p);
        l2c(t",0.0183563232421875,"[[4706, 301, 29906, 29883, 29898, 29873, 262, 29900, 29892, 282, 416, 13, 4706, 301, 29906, 29883, 29898, 29873]]","[-0.0004769618099089712, -0.018483541905879974, -0.00044967554276809096, -0.0017090728506445885, -0.0010740946745499969, -0.12847203016281128, -0.0002563863235991448, -0.026910211890935898, -0.005367392208427191, -0.0008568667690269649, -0.00011395759065635502, -0.36273133754730225, -0.0007502601947635412, -0.007601266261190176, -0.00014661667228210717, -0.0002858230145648122, -0.0001212284987559542, -0.373052179813385]",12.18198013305664,True,1.0,-0.9288589037314523,-0.05160327242952513,18.0,-0.5476517894712742,-0.042127060728559554,13.0,0.009700662726592982,0,11,14,11,0.7857142857142857,-0.4357370992594089,-1.0340073057694446,False,10,0.5555555555555556,0.0,1.0,0.0,0.991886017038622
~/anvil/data/cve-targets/php_repo_ext_phar_phar.c,1513,1394,1530,},},"			}
			/*",0.0089111328125,"[[12, 12, 12, 29913, 13, 12, 12, 12, 5515]]","[-0.00301549700088799, -0.00019667598826345056, -0.00016139635408762842, -0.009039903059601784, -0.6613060832023621, -0.053456079214811325, -0.0007736074039712548, -0.4932387173175812, -0.6215586066246033]",13.366552352905272,True,1.0,-1.84274656616617,-0.20474961846290776,9.0,-1.2211879595415667,-0.15264849494269583,8.0,0.0621433365685666,0,2,4,2,0.5,-0.058376814103835314,-1.065086639076975,False,1,0.1111111111111111,0.0,1.0,0.0,0.7837380257269007
~/anvil/data/cve-targets/libpng_repo_pngrutil.c,2626,2605,2642,size_t row_factor = (png_uint_32)row_factor_l;,size_t row_factor_u =,"     size_t row_factor_u =
         (size_t)png_ptr->width
         * (size_t)png_ptr->",0.457275390625,"[[418, 2159, 29918, 29873, 1948, 29918, 19790, 29918, 29884, 353, 13, 308, 313, 2311, 29918, 29873, 29897, 2732, 29918, 7414, 976, 2103, 13, 308, 334, 313, 2311, 29918, 29873, 29897, 2732, 29918, 7414, 976]]","[-0.1155727356672287, -0.2377522736787796, -4.768370445162873e-07, -8.106198947643861e-06, -0.023436905816197395, -0.0005609607324004173, -0.0197045486420393, -0.5751488208770752, -0.951489269733429, -0.043717462569475174, -0.6092427968978882, -0.02912142314016819, -0.16906103491783142, -0.3109128475189209, -6.794906312279636e-06, -1.4066597032069694e-05, -0.03106546215713024, -0.025357846170663834, -5.483612312673358e-06, -0.006049536634236574, -4.184158387943171e-05, -0.13499131798744202, -0.06694028526544571, -0.0035103862173855305, -0.0057917870581150055, -0.09621740877628326, -0.10965573787689209, -1.7881377516459906e-06, -2.861018856492592e-06, -0.0273140799254179, -0.003060540184378624, -1.6569954823353328e-05, -0.00019035911827813834, -5.185469490243122e-05]",9.941611289978027,False,2.0,-3.596015671104965,-0.10576516679720485,34.0,-2.6057557807906733,-0.21714631506588944,12.0,0.09292123863402789,1,13,20,4,0.65,-2.1058399747020684,-1.022823949183036,True,21,0.6176470588235294,27.0,0.5671641791044777,10.0,2.1262555903727707
~/anvil/data/cve-targets/poppler_repo_utils_HtmlOutputDev.cc,1250,1175,1284,unsigned char zero[1];,unsigned char zero[gfxColorMaxComps];,           unsigned char zero[gfxColorMaxComps];,0.328125,"[[9651, 12780, 1373, 5225, 29961, 29887, 11093, 3306, 7976, 1523, 567, 1385]]","[-0.0028147385455667973, -0.35296380519866943, -0.00436282716691494, -0.0215036328881979, -0.007881376892328262, -0.49637728929519653, -0.007558437995612621, -0.06707116961479187, -0.5448213815689087, -0.016738681122660637, -1.3947389561508317e-05, -0.006717006675899029]",10.527887344360352,False,0.0,-1.5288242943543082,-0.12740202452952568,12.0,-1.5288242943543082,-0.12740202452952568,12.0,0.03987177846773422,1,11,11,11,1.0,-2.575508522817519,-1.0079418486110696,True,6,0.5,16.0,0.711864406779661,1.0,2.1316529201699104
~/anvil/data/cve-targets/php_repo_ext_phar_util.c,1418,1255,1478,PHP_SHA1_CTX  context;,PHP_SHA1_CTX   context;,			PHP_SHA1_CTX   context;,0.2333984375,"[[12, 12, 12, 17130, 29918, 23498, 29896, 29918, 1783, 29990, 259, 3030, 29936, 32010, 2]]","[-0.0006179092451930046, -5.364403477869928e-06, -3.4450891689630225e-05, -0.0020335486624389887, -3.4927710657939315e-05, -9.48860906646587e-05, -0.0038796409498900175, -0.0003010773507412523, -3.099436753473128e-06, -7.152555099310121e-07, -0.3589056730270386, -3.8265450712060556e-05, -0.0005507144378498197, -0.00466200103983283, -8.344646857949556e-07]",19.28541374206543,False,0.0,-0.37116310841713585,-0.024744207227809057,15.0,-0.3665002729126172,-0.02819232868558594,13.0,0.00911544319745091,1,5,5,5,1.0,-8.278792436870637,-1.2349465401653914,True,10,0.6666666666666666,1.0,0.9777777777777777,0.0,1.2858075650948766
~/anvil/data/cve-targets/php_repo_ext_phar_phar.c,2336,2184,2486,},},"	}
	if (",0.27001953125,"[[12, 29913, 13, 12, 361, 313]]","[-0.003337410744279623, -0.2663552761077881, -0.14314836263656616, -0.08569005131721497, -1.4558852910995483, -0.26505547761917114]",13.755016326904297,True,1.0,-2.2194718695245683,-0.3699119782540947,6.0,-0.49853110080584884,-0.12463277520146221,4.0,0.009164298855883999,0,2,4,2,0.5,-2.16652105205495,-1.0754807236881936,False,1,0.16666666666666666,0.0,1.0,0.0,0.7929553600675254
~/anvil/data/cve-targets/poppler_repo_poppler_GfxState.cc,519,514,523,*out++ = 0;,*out++ = 0;,       *out++ = 0;,0.04388427734375,"[[4706, 334, 449, 1817, 353, 29871, 29900, 29936, 32010, 2]]","[-0.005281898658722639, -0.003656132845208049, -7.164221460698172e-05, -0.00015805903240107, -0.0003808011533692479, -0.2511763572692871, -0.04369989037513733, -0.007923362776637077, -0.6706264615058899, -1.1920928244535389e-07]",12.663498878479004,True,0.0,-0.9829747250405418,-0.09829747250405418,10.0,-0.3123481443253695,-0.03904351804067119,8.0,0.00661353662815324,0,11,11,11,1.0,-1.1239836865631896,-1.0465298752114234,False,7,0.7,0.0,1.0,0.0,0.9541799450426314
~/anvil/data/cve-targets/libtiff_repo_libtiff_tif_pixarlog.c,731,687,813,},},"	}
	sp->",0.0054092407226562,"[[12, 29913, 13, 12, 1028, 976]]","[-0.014672941528260708, -0.005412685684859753, -0.10304872691631317, -0.12089025229215622, -1.1692992448806763, -0.00013362467871047556]",9.83806610107422,True,1.0,-1.4134574759809766,-0.23557624599682944,6.0,-0.24402460642158985,-0.06100615160539746,4.0,0.0026477708657364884,1,2,4,2,0.5,-0.08866713569550291,-1.0254750915914492,False,1,0.16666666666666666,0.0,1.0,0.0,0.9160550401726646
~/anvil/data/cve-targets/openssl_repo_crypto_bn_bn_gf2m.c,598,498,643,if (ubits <= BN_BITS2 && udp[0] == 1),if (ubits == 0),"           if (ubits == 0)
                break;
            if (vbits == 0) {
                if (!BN_GF2",0.689453125,"[[9651, 565, 313, 431, 1169, 1275, 29871, 29900, 29897, 13, 18884, 2867, 29936, 13, 9651, 565, 313, 29894, 14836, 1275, 29871, 29900, 29897, 426, 13, 18884, 565, 5384, 29933, 29940, 29918, 29954, 29943, 29906]]","[-0.04364568740129471, -0.2536703050136566, -0.37446078658103943, -0.20671524107456207, -1.4305104514278355e-06, -0.6546837091445923, -0.09438123553991318, -0.13535703718662262, -0.06414934992790222, -0.8368122577667236, -0.003181279404088855, -0.10984864830970764, -3.6477376852417365e-05, -0.021870620548725128, -0.03298692777752876, -0.542218804359436, -0.6112676858901978, -1.0909905433654785, -0.05372781679034233, -0.4422624409198761, -0.31974098086357117, -0.06158154085278511, -0.027796512469649315, -0.4529712498188019, -0.05017494037747383, -0.0072447448037564754, -1.4086498022079468, -0.48754483461380005, -0.18849946558475494, -1.2278481335670222e-05, -1.2397689715726301e-05, -0.9272321462631226, -6.0437283536884934e-05, -2.372236667724792e-05]",9.196195602416992,False,3.0,-9.50381333856592,-0.27952392172252705,34.0,-2.667058319550847,-0.24245984723189518,11.0,0.06934283700725584,1,23,27,12,0.8518518518518519,-2.8435765050226576,-1.0420633850502392,True,21,0.6176470588235294,23.0,0.5384615384615384,12.0,2.2145451102188183
~/anvil/data/cve-targets/libpng_repo_pngrutil.c,3050,2650,3067,bytes_to_copy = row_width;,bytes_to_copy = row_width;,"                    bytes_to_copy = row_width;
               }
         }
",0.047637939453125,"[[462, 268, 6262, 29918, 517, 29918, 8552, 353, 1948, 29918, 2103, 29936, 13, 1669, 500, 13, 308, 500, 13]]","[-0.004094670061022043, -0.19871506094932556, -0.35507336258888245, -3.0040289857424796e-05, -4.434487345861271e-05, -3.3378546504536644e-06, -0.0028262692503631115, -0.005315575283020735, -0.10869691520929337, -1.0013530300057027e-05, -3.099436753473128e-06, -0.0026116808876395226, -0.3117627799510956, -0.20232009887695312, -0.0005378468777053058, -0.20757441222667694, -0.47259777784347534, -0.0015115038258954883, -0.30600428581237793]",8.333374977111816,True,3.0,-2.1797330756287465,-0.11472279345414456,19.0,-1.1915072490426155,-0.08510766064590111,14.0,0.01529733426688497,1,7,9,7,0.7777777777777778,-0.5597373854667136,-1.0647854114854678,False,10,0.5263157894736842,0.0,1.0,0.0,0.8481065863118951
~/anvil/data/cve-targets/sqlite3_repo_src_select.c,6330,6178,6480,"&& sqlite3ExprListCompare(sSort.pOrderBy, pEList, -1)==0",&& pGroupBy==0," && pGroupBy==0
  && pOrderBy
  && pOrderBy->nExpr==pEList->nExpr
  ){
    p->selFlags &=",0.494873046875,"[[29871, 2607, 282, 4782, 2059, 1360, 29900, 13, 29871, 2607, 282, 7514, 2059, 13, 29871, 2607, 282, 7514, 2059, 976, 29876, 21176, 1360, 29886, 29923, 1293, 976, 29876, 21176, 13, 29871, 29545, 13, 1678, 282, 976, 2838, 15675, 7878]]","[-0.868811845779419, -0.36884406208992004, -0.7213877439498901, -0.8539763689041138, -1.811964830267243e-05, -0.4480174779891968, -0.00910700298845768, -0.5228289365768433, -0.02939927577972412, -0.045326944440603256, -0.42926934361457825, -0.7868665456771851, -0.00015746307326480746, -0.5386584401130676, -0.022602325305342674, -0.06870552152395248, -0.6880515813827515, -0.9061800241470337, -0.00013064485392533243, -0.15354198217391968, -0.08481092005968094, -0.0012716311030089855, -0.04715630039572716, -0.039423540234565735, -0.03614194691181183, -5.722029527532868e-06, -7.211902266135439e-05, -1.3947389561508317e-05, -1.645074735279195e-05, -0.08675938844680786, -0.023658014833927155, -0.6374863386154175, -0.0034740353003144264, -0.010080263018608093, -0.9319887161254883, -0.10754963755607605, -0.011333843693137169, -1.3112935448589269e-05, -0.3043365776538849]",3.390608787536621,False,4.0,-9.7874741560845,-0.25096087579703846,39.0,-3.8223908337058674,-0.4247100926339853,9.0,0.11024054766232053,1,16,29,7,0.5517241379310345,-1.1652019941552956,-1.2048347758155677,True,24,0.6153846153846154,44.0,0.34285714285714286,15.0,1.5559957519757035
~/anvil/data/cve-targets/libxml2_repo_HTMLparser.c,2744,2730,2765,NEXT;,NEXT;,   NEXT;,0.21142578125,"[[1678, 405, 12194, 29936, 32010, 2]]","[-0.04238994047045708, -0.6238237023353577, -0.0007557396893389523, -0.009744221344590187, -0.46785616874694824, -2.622600959512056e-06]",8.354547500610352,True,0.0,-1.1445723951876516,-0.19076206586460862,6.0,-0.6767136038397439,-0.16917840095993597,4.0,0.06914077855878219,1,4,4,4,1.0,-1.2497208866518892,-1.0642219557672268,False,3,0.5,0.0,1.0,0.0,0.8435645647270821
~/anvil/data/cve-targets/libxml2_repo_HTMLparser.c,2761,2730,2765,"ret = xmlStrndup(q, CUR_PTR - q);",NEXT;,"       NEXT;
    }
    if (len == 0) {
        htmlParseErr(ctxt, XML_",0.5791015625,"[[4706, 405, 12194, 29936, 13, 1678, 500, 13, 1678, 565, 313, 2435, 1275, 29871, 29900, 29897, 426, 13, 4706, 3472, 12914, 19212, 29898, 312, 486, 29892, 6560, 29918]]","[-0.09820938855409622, -1.4550899267196655, -8.141662692651153e-05, -0.00037996700848452747, -0.01704835705459118, -0.09541076421737671, -0.0003023882454726845, -0.03614689037203789, -0.05337302014231682, -0.39285480976104736, -0.4700073003768921, -0.91916424036026, -0.6416240930557251, -0.04492276534438133, -0.005613990128040314, -0.0035112176556140184, -0.230522021651268, -0.006811731029301882, -0.24671727418899536, -0.629257321357727, -0.003876791102811694, -0.002251710742712021, -0.010690678842365742, -0.0004717191040981561, -2.7418097943154862e-06, -0.00011276562872808427, -0.006215883418917656, -8.892617915989831e-05]",6.887109279632568,False,3.0,-5.370760100678808,-0.19181286073852885,28.0,-1.6662198201811407,-0.27770330336352345,6.0,0.27893517367625525,1,17,19,4,0.8947368421052632,-2.0853247170125866,-1.1039889400491236,True,17,0.6071428571428571,31.0,0.10526315789473684,14.0,1.919950165074604
~/anvil/data/cve-targets/libxml2_repo_xmlstring.c,649,631,685,goto error;,goto error;,               goto error;,5.054473876953125e-05,"[[18884, 2355, 29877, 1059, 29936, 32010, 2]]","[-0.05572037771344185, -9.595887240720913e-05, -1.6689286894688848e-06, -4.4225667807040736e-05, -6.103329360485077e-05, -0.15593791007995605, -2.3841830625315197e-06]",8.146332740783691,True,0.0,-0.211863558738969,-0.030266222676995573,7.0,-0.05592326447595042,-0.011184652895190083,5.0,0.000495858616492469,0,5,5,5,1.0,-0.00451911554548714,-1.0697760667978484,False,4,0.5714285714285714,0.0,1.0,0.0,0.8005982693483253
~/anvil/data/cve-targets/php_repo_ext_exif_exif.c,133,121,137,exif_globals->decode_jis_be     = NULL;,exif_globals->decode_jis_be     = NULL;,	exif_globals->decode_jis_be     = NULL;,0.003753662109375,"[[12, 735, 361, 29918, 23705, 1338, 976, 13808, 29918, 29926, 275, 29918, 915, 268, 353, 4265, 29936, 32010, 2]]","[-0.00040665941196493804, -8.570780482841656e-05, -1.0609570381348021e-05, -0.0007372760446742177, -9.417489309271332e-06, -2.3841855067985307e-07, -5.173549288883805e-05, -0.03912794217467308, -3.731181277544238e-05, -0.0008856903295964003, -0.0002366024418734014, -0.014343963004648685, -0.0006665153778158128, -0.0028219898231327534, -2.0265558760002023e-06, -0.00010215714428341016, -5.4834770708112046e-05, -0.015088357031345367, -1.1920928244535389e-07]",12.944206237792969,True,0.0,-0.07466915390860862,-0.003929955468874138,19.0,-0.05958067766798081,-0.0035047457451753417,17.0,9.046543029951794e-05,0,11,11,11,1.0,-1.0710226596443746,-1.0538999212346571,False,16,0.8421052631578947,0.0,1.0,0.0,0.9226745490888784
~/anvil/data/cve-targets/libxml2_repo_valid.c,1629,1588,1639,"xmlBufferWriteCHAR(buf, elem->name);","xmlBufferWriteCHAR(buf, elem->name);","	    xmlBufferWriteCHAR(buf, elem->name);",0.0001142024993896,"[[12, 1678, 4903, 7701, 6113, 11282, 29898, 9721, 29892, 21268, 976, 978, 416, 32010, 2]]","[-0.001141849672421813, -0.00022420754248742014, -0.0005608416395261884, -0.00013159839727450162, -1.6331539882230572e-05, -0.00028689560713246465, -1.847726889536716e-05, -3.2186455882765586e-06, -1.3708974620385561e-05, -0.00016723664884921163, -7.867782187531702e-06, -1.4185804502631072e-05, -3.58813522325363e-05, -0.45138728618621826, -1.0728830375228426e-06]",13.161239624023438,True,0.0,-0.45401065994485634,-0.030267377329657088,15.0,-0.0026223008756005584,-0.0002017154519692737,13.0,9.766359953138585e-08,0,14,14,14,1.0,-0.5661564261670736,-1.059633749285639,False,11,0.7333333333333333,0.0,1.0,0.0,0.9369121983121267
~/anvil/data/cve-targets/poppler_repo_poppler_JBIG2Stream.cc,3121,2743,3214,buf0 <<= 1;,buf0 <<= 1;,                           buf0 <<= 1;,4.774332046508789e-05,"[[462, 9651, 18392, 29900, 3532, 29922, 29871, 29896, 29936, 32010, 2]]","[-6.55629628454335e-05, -3.2782016205601394e-05, -0.00013624693383462727, -7.116541382856667e-05, -5.1377883210079744e-05, -5.960462772236497e-07, -5.8412379075889476e-06, -6.258291978156194e-05, -6.9141146923357155e-06, -0.5232089161872864, -4.768370445162873e-07]",15.36508846282959,True,0.0,-0.5236424625529139,-0.04760386023208308,11.0,-0.00043306952858301884,-4.811883650922432e-05,9.0,1.6445214433624175e-09,0,7,7,7,1.0,-0.992196069743614,-1.1196538217951397,False,7,0.6363636363636364,0.0,1.0,0.0,0.6559705619443778
~/anvil/data/cve-targets/poppler_repo_poppler_FileSpec.cc,237,198,266,name->del(0);,name->del(0);,"           name->del(0);
            name->insert",0.1185302734375,"[[9651, 1024, 976, 6144, 29898, 29900, 416, 13, 9651, 1024, 976, 7851]]","[-0.002692884998396039, -0.22377201914787292, -0.00043501926120370626, -0.33375558257102966, -0.013393077999353409, -0.09549376368522644, -0.04389089718461037, -0.19755789637565613, -0.10690035670995712, -0.21846534311771393, -0.0003873551613651216, -0.830551266670227]",8.753161430358887,True,1.0,-2.067295462882612,-0.17227462190688433,12.0,-1.0178914979333058,-0.11309905532592286,9.0,0.012003692495944157,0,12,18,12,0.6666666666666666,-1.0480217814014958,-1.0536692812381112,False,6,0.5,0.0,1.0,0.0,0.9541940090352256
~/anvil/data/cve-targets/openssl_repo_crypto_x509_x509_obj.c,87,20,173,if (q[j] != 0),if (q[j] == '\0'),               if (q[j] == '\0'),0.61474609375,"[[18884, 565, 313, 29939, 29961, 29926, 29962, 1275, 11297, 29900, 1495, 32010, 2]]","[-0.004186556674540043, -0.3222590982913971, -0.38659894466400146, -0.4411400556564331, -0.005338697694242001, -0.0014280608156695962, -0.014871333725750446, -0.13649243116378784, -0.6685135364532471, -0.4389539062976837, -0.1862163245677948, -0.2559259533882141, -1.6689286894688848e-06]",9.402653694152832,False,0.0,-2.8619265683214508,-0.2201481975631885,13.0,-2.605998946004547,-0.23690899509132246,11.0,0.047608766917689074,0,17,20,20,0.85,-2.5948617675450896,-1.0366986813426358,True,10,0.7692307692307693,4.0,0.8387096774193549,5.0,2.151747910443629
~/anvil/data/cve-targets/poppler_repo_poppler_XRef.cc,1493,1489,1515,if ((!xRefStream) && mainXRefEntriesOffset) {,if (mainXRefEntriesOffset != 0) {,"       if (mainXRefEntriesOffset != 0) {
            // Read XRef tables until the entry we're",1.1015625,"[[4706, 565, 313, 3396, 29990, 5620, 5292, 2722, 10302, 2804, 29871, 29900, 29897, 426, 13, 9651, 849, 7523, 1060, 5620, 6131, 2745, 278, 6251, 591, 29915, 276]]","[-0.0059780846349895, -0.36204633116722107, -0.1598467379808426, -1.568721890449524, -0.006994761060923338, -0.000863774970639497, -0.10956417769193649, -0.0007955246837809682, -0.050835587084293365, -1.2576329708099365, -0.289743572473526, -0.00037091050762683153, -0.24787886440753937, -0.0014324652729555964, -0.5043158531188965, -0.0031001148745417595, -0.2056804746389389, -1.3455885648727417, -1.3130639791488647, -0.00847481470555067, -0.41488462686538696, -0.13379155099391937, -0.0458761490881443, -0.023737644776701927, -0.01482799369841814, -0.0012393658980727196, -8.380061626667157e-05]",9.907268524169922,False,1.0,-8.07737058649218,-0.29916187357378443,27.0,-4.570121621189173,-0.28563260132432333,16.0,0.20676237597640562,1,18,14,13,1.2857142857142858,-3.856571325866349,-1.0237024913574133,True,16,0.5925925925925926,22.0,0.717948717948718,8.0,2.2889247057205715
~/anvil/data/cve-targets/libxml2_repo_xmlstring.c,439,433,455,len = xmlStrlen(str2);,len = 0;,       len = 0;,0.274658203125,"[[4706, 7431, 353, 29871, 29900, 29936, 32010, 2]]","[-0.43077510595321655, -0.926171600818634, -0.0027014450170099735, -0.9908883571624756, -0.05789001286029816, -0.0034404154866933823, -0.2260666787624359, -1.1920928244535389e-07]",8.599922180175781,False,0.0,-2.637933735270046,-0.32974171690875576,8.0,-2.4118669372983277,-0.4019778228830546,6.0,0.17651235495769502,1,12,7,7,1.7142857142857142,-0.683267054772086,-1.0577136104313678,True,9,1.125,15.0,0.4666666666666667,6.0,1.9669889209634268
~/anvil/data/cve-targets/libtiff_repo_libtiff_tif_predict.c,40,-112,190,"static int swabHorDiff16(TIFF* tif, uint8_t* cp0, tmsize_t cc);","static int swabHorDiff16(TIFF* tif, uint8_t* cp0, tmsize_t cc);","static int swabHorDiff16(TIFF* tif, uint8_t* cp0, tmsize_t cc);",0.0006661415100097,"[[7959, 938, 2381, 370, 17241, 26023, 29896, 29953, 29898, 24301, 4198, 29930, 260, 361, 29892, 13122, 29947, 29918, 29873, 29930, 21447, 29900, 29892, 260, 1516, 675, 29918, 29873, 21759, 416, 32010, 2]]","[-0.002371477195993066, -0.0003149013500660658, -0.008163301274180412, -6.615896563744172e-05, -0.00021324267436284572, -0.0018112935358658433, -0.005585894919931889, -9.059865078597795e-06, -4.589452510117553e-05, -1.311301275563892e-06, 0.0, -0.0004175029753241688, -1.9430925021879375e-05, -1.5139465176616795e-05, -3.814689989667386e-06, -7.009260298218578e-05, -1.0132738680113107e-05, -1.0728830375228426e-06, -2.3841855067985307e-07, -0.00018916724366135895, -0.00023493390472140163, -0.00020787939138244838, -9.179073458653875e-06, -5.304672595229931e-05, -1.1920928244535389e-07, -2.3841855067985307e-07, -1.1920928244535389e-07, -3.576278118089249e-07, -1.585470999998506e-05, -6.69933797325939e-05, -0.05102160945534706, -8.344646857949556e-07]",10.102935791015623,True,0.0,-0.07092029312012471,-0.0022162591600038972,32.0,-0.019897849200091855,-0.0006861327310376502,29.0,3.1340632425108024e-06,0,26,26,26,1.0,-0.9708639157940809,-1.0187070925551678,False,30,0.9375,0.0,1.0,0.0,1.2106899840936522
~/anvil/data/cve-targets/libsndfile_repo_src_wavlike.c,273,98,384,for (bit = k = 0 ; bit < ARRAY_LEN (channel_mask_bits) ; bit++),"for (k = 0, bit = 0 ; bit < 32 ; bit++)","					for (k = 0, bit = 0 ; bit < 32 ; bit++)",0.34814453125,"[[12, 12, 12, 12, 12, 1454, 313, 29895, 353, 29871, 29900, 29892, 2586, 353, 29871, 29900, 2056, 2586, 529, 29871, 29941, 29906, 2056, 2586, 4862, 32010, 2]]","[-0.06898638606071472, -0.0007443041540682316, -0.000834236154332757, -0.0004362108593340963, -0.000777776469476521, -1.092981219291687, -0.0015410225605592132, -0.3295782208442688, -0.0003987947420682758, -0.15477140247821808, -0.03643084317445755, -0.18091702461242676, -0.0015170981641858816, -0.0009626284008845687, -0.021352414041757584, -0.14044398069381714, -0.008694648742675781, -0.0675780326128006, -0.006983988452702761, -0.23451897501945496, -0.1358044445514679, -0.023019468411803246, -0.041269779205322266, -0.02730909362435341, -0.34896859526634216, -0.060788750648498535, -1.5497195136049413e-06]",11.395365715026855,False,0.0,-2.9876108889571924,-0.11065225514656268,27.0,-2.9268205885891803,-0.11707282354356721,25.0,0.04985717784602313,1,28,26,26,1.0769230769230769,-2.9737433565907145,-1.0138718141494014,True,26,0.9629629629629629,37.0,0.5882352941176471,12.0,2.308318597649833
~/anvil/data/cve-targets/sqlite3_repo_src_expr.c,5439,5370,5449,|| (pRight->op==TK_COLUMN && IsVirtual(pRight->y.pTab)),|| (pRight->op==TK_COLUMN && IsVirtual(pRight->y.pTab)),         || (pRight->op==TK_COLUMN && IsVirtual(pRight->y.pTab)),0.0110321044921875,"[[3986, 3830, 313, 29886, 7341, 976, 459, 1360, 29911, 29968, 29918, 15032, 29127, 2607, 1317, 21287, 29898, 29886, 7341, 976, 29891, 29889, 29886, 8863, 876, 32010, 2]]","[-0.43770837783813477, -0.42878225445747375, -0.8795152902603149, -0.009101568721234798, -0.021262558177113533, -0.012199782766401768, -0.0007340597221627831, -0.00153840403072536, -7.92710343375802e-05, -4.768370445162873e-07, -3.325883881188929e-05, -0.0046312687918543816, -4.410734163684538e-06, -0.08424992859363556, -0.006231995299458504, -0.00018106251081917435, -0.00018094333063345402, -0.00023040501400828362, -0.006845830008387566, -6.770858453819528e-05, -0.0005260513862594962, -6.246371776796877e-05, -1.9311717551317997e-05, -0.00022110878489911556, -0.00817713513970375, -0.4062386453151703, -7.152555099310121e-07]",3.213601589202881,True,0.0,-2.3088242868681164,-0.08551201062474505,27.0,-1.9025849262974361,-0.07610339705189745,25.0,0.04048624075887607,1,26,26,26,1.0,-0.1449620505726484,-1.2101782006070976,False,24,0.8888888888888888,0.0,1.0,0.0,0.5699986870513147
~/anvil/data/cve-targets/openssl_repo_crypto_pkcs7_pk7_doit.c,601,590,741,const PKCS7_CTX *p7_ctx;,OSSL_LIB_CTX *libctx = ossl_pkcs7_ctx_,   OSSL_LIB_CTX *libctx = ossl_pkcs7_ctx_,0.397705078125,"[[1678, 438, 18641, 29918, 5265, 29933, 29918, 1783, 29990, 334, 1982, 13073, 353, 288, 16265, 29918, 20571, 2395, 29955, 29918, 13073, 29918]]","[-0.10313937813043594, -0.9011522531509399, -0.0011545903980731964, -4.6491513785440475e-06, -0.005376759450882673, -2.3245540432981215e-05, -9.619726915843785e-05, -0.00011979816190432757, -3.3378546504536644e-06, -0.0003983181086368859, -0.04760299623012543, -3.9219088648678735e-05, -0.0675615444779396, -0.4581400156021118, -0.00010990492592100054, -1.7881377516459906e-06, -0.003131725825369358, -3.3378546504536644e-06, -2.9682672902708873e-05, -7.271740287251305e-06, -0.09385370463132858, -2.1457441107486375e-05]",15.098148345947266,False,0.0,-1.6819711758446374,-0.07645323526566533,22.0,-1.6819711758446374,-0.07645323526566533,22.0,0.04180421018928111,1,9,10,10,0.9,-5.201939155917014,-1.112206685624755,True,13,0.5909090909090909,29.0,0.4193548387096774,8.0,1.7708362825968476
~/anvil/data/cve-targets/sqlite3_repo_ext_misc_zipfile.c,1873,1765,1918,nName++;,nName++;,     nName++;,0.10809326171875,"[[418, 302, 1170, 9107, 32010, 2]]","[-0.04338043928146362, -0.02368735335767269, -0.00031799983116798103, -0.30030184984207153, -0.17880919575691223, -2.3841855067985307e-07]",14.291356086730955,True,0.0,-0.5464970764878387,-0.09108284608130646,6.0,-0.36768764231237583,-0.09192191057809396,4.0,0.014706426196624574,1,6,6,6,1.0,-1.175924880574772,-1.0899984131825677,False,3,0.5,0.0,1.0,0.0,0.762354825895163
~/anvil/data/cve-targets/php_repo_ext_exif_exif.c,1920,1914,1921,return info->offset_base + offset;,return (char *)info->data + offset;,	return (char *)info->data + offset;,0.728515625,"[[12, 2457, 313, 3090, 4748, 3888, 976, 1272, 718, 9210, 29936, 32010, 2]]","[-0.10873423516750336, -0.14528098702430725, -0.6756547689437866, -0.14627592265605927, -0.1825609803199768, -0.5903580188751221, -0.009687318466603756, -1.4062243700027466, -0.1706724315881729, -0.7245253324508667, -0.2005641758441925, -0.3320774734020233, 0.0]",11.296460151672363,False,0.0,-4.692616014741361,-0.3609704626724124,13.0,-4.360538541339338,-0.3964125946672125,11.0,0.15781520581167602,1,11,18,18,0.6111111111111112,-1.8377711374473034,-1.0113679719005073,True,9,0.6923076923076923,17.0,0.7246376811594203,8.0,2.1877699532815322
~/anvil/data/cve-targets/openssl_repo_ssl_statem_statem.c,581,482,620,if (SSL_IS_DTLS(s)) {,if (SSL_IS_DTLS(s)) {,               if (SSL_IS_DTLS(s)) {,0.03399658203125,"[[18884, 565, 313, 18641, 29918, 3235, 29918, 12972, 8547, 29898, 29879, 876, 426, 32010, 2]]","[-0.0377345010638237, -0.31096839904785156, -0.02427532710134983, -0.064607635140419, -1.9430925021879375e-05, -0.00031537804170511663, -4.768370445162873e-07, -0.0016906267264857888, -1.9788545614574105e-05, -2.8013790142722428e-05, -9.417489309271332e-06, -0.0032116996590048075, -0.0025295186787843704, -0.14283311367034912, -2.3841830625315197e-06]",12.782267570495604,True,0.0,-0.5882457108999688,-0.039216380726664585,15.0,-0.44541021304655715,-0.0342623240805044,13.0,0.006742119964414364,0,15,15,15,1.0,-0.9922438989068576,-1.0496418676268195,False,12,0.8,0.0,1.0,0.0,0.9875231391431688
~/anvil/data/cve-targets/openssl_repo_crypto_mdc2_mdc2dgst.c,45,39,69,if (i + len < MDC2_BLOCK) {,if (len < (size_t)(MDC2_BLOCK - i)) {,       if (len < (size_t)(MDC2_BLOCK - i)) {,0.11737060546875,"[[4706, 565, 313, 2435, 529, 313, 2311, 29918, 29873, 5033, 5773, 29907, 29906, 29918, 29933, 21339, 448, 474, 876, 426, 32010, 2]]","[-0.0022557545453310013, -0.05705093964934349, -0.16688618063926697, -0.6017301678657532, -0.22497501969337463, -0.5304358601570129, -0.5342968702316284, -3.838465272565372e-05, -3.099436753473128e-06, -0.5360698103904724, -0.002444376703351736, -2.0265373677830212e-05, -6.6756979322235566e-06, -1.0728830375228426e-06, -0.0002215855201939121, -4.172316494077677e-06, -0.006738083902746439, -0.01649750955402851, -0.004006336908787489, -0.0003738896339200437, -0.04051406309008598, -3.576278118089249e-07]",8.787858009338379,False,0.0,-2.7245704764737297,-0.12384411256698771,22.0,-2.684056055755832,-0.1342028027877916,20.0,0.046907098968348396,1,16,24,24,0.6666666666666666,-0.8745764099602485,-1.0527557095321847,True,14,0.6363636363636364,17.0,0.71875,14.0,2.002518026279899
~/anvil/data/cve-targets/libxml2_repo_HTMLparser.c,6620,6610,6631,htmlCtxtReset(ctxt);,if (ctxt->input != NULL),"   if (ctxt->input != NULL)
        return (NULL",0.86474609375,"[[1678, 565, 313, 312, 486, 976, 2080, 2804, 4265, 29897, 13, 4706, 736, 313, 10074]]","[-0.11981367319822311, -1.1318429708480835, -0.8021986484527588, -0.5482107400894165, -2.539125671319198e-05, -0.021132661029696465, -0.6274556517601013, -0.09936116635799408, -0.0008680627797730267, -0.0012874656822532415, -0.6544965505599976, -0.16039663553237915, -0.7516666650772095, -0.024381201714277267, -0.01772785186767578]",8.471772193908691,False,1.0,-4.9608653362065525,-0.3307243557471035,15.0,-4.16708961754739,-0.34725746812894914,12.0,0.13754529806790738,0,9,17,16,0.5294117647058824,-2.4902159726306845,-1.0611076940416753,True,8,0.5333333333333333,20.0,0.2727272727272727,13.0,2.0211561171178034
~/anvil/data/cve-targets/libsndfile_repo_src_common.c,611,473,684,"if (psf->header.indx + (sf_count_t) size > psf->header.len && psf_bump_header_allocation (psf, size))",size = (size & 1) ? size : size + 1 ;,"					size = (size & 1) ? size : size + 1 ;
					if (psf->header.indx + (sf_count_t) size >= psf->header.len && psf_bump_header_allocation (psf, size))",0.07366943359375,"[[12, 12, 12, 12, 12, 2311, 353, 313, 2311, 669, 29871, 29896, 29897, 1577, 2159, 584, 2159, 718, 29871, 29896, 2056, 13, 12, 12, 12, 12, 12, 361, 313, 567, 29888, 976, 6672, 29889, 513, 29916, 718, 313, 4668, 29918, 2798, 29918, 29873, 29897, 2159, 6736, 282, 4668, 976, 6672, 29889, 2435, 2607, 282, 4668, 29918, 2404, 29886, 29918, 6672, 29918, 284, 5479, 313, 567, 29888, 29892, 2159, 876, 32010, 2]]","[-0.08686278015375137, -0.0002711643755901605, -9.107174992095679e-05, -0.00012158608296886086, -0.0004741021548397839, -0.5537013411521912, -0.0591464564204216, -0.0440654382109642, -0.001988697098568082, -0.01484197098761797, -0.0009560781763866544, -0.0012907992349937558, -0.0006644901586696506, -0.0008274468709714711, -0.016121037304401398, -0.035672497004270554, -0.0021635713055729866, -0.009823550470173359, -0.0004985281848348677, -0.0008946230518631637, -0.0018017739057540894, -0.02615157701075077, -0.02482132613658905, -8.201262971851975e-05, -3.71926071238704e-05, -0.00010501786891836673, -0.00020716428116429597, -0.4394591152667999, -0.00403981888666749, -0.010764744132757187, -2.145764938177308e-06, -0.00010859376925509423, -0.001176618505269289, -6.794906312279636e-06, -0.0005659647285938263, -3.576278118089249e-07, -0.0004533693427219987, -0.016912871971726418, -0.0018053437815979123, -1.1920922133867862e-06, -6.556489552167477e-06, -3.099436753473128e-06, -1.6689286894688848e-06, -0.0013049667468294501, -0.279652863740921, -0.4349246621131897, -0.00043525759247131646, -2.3841855067985307e-07, -3.6954811548639555e-06, -5.006777428206988e-06, -3.3378546504536644e-06, -7.128461584215984e-05, -0.004284488502889872, -0.0006622266955673695, -1.1920928244535389e-07, -1.7523612768854946e-05, -3.838465272565372e-05, -9.536738616588991e-07, -9.536738616588991e-07, -2.50339189733495e-06, -9.536738616588991e-07, -1.168244216387393e-05, -5.8412379075889476e-06, -0.00022313489171210676, -5.125986263010418e-06, -1.1920928244535389e-07, -1.7523612768854946e-05, -0.5237265825271606, -0.18723444640636444, -0.14718787372112274, -4.768360213347478e-06]",11.40719985961914,False,1.0,-2.9388180690433643,-0.04139180378934316,71.0,-0.883683294588991,-0.03272901091070337,27.0,0.010882019600057368,1,42,62,21,0.6774193548387096,-2.2508909234913017,-1.014171816166721,True,42,0.5915492957746479,83.0,0.30434782608695654,41.0,2.4200531813816792
~/anvil/data/cve-targets/libsndfile_repo_src_wavlike.c,712,682,743,if ((psf->cart_16k = cart_var_alloc ()) == NULL),"psf->cart_16k = calloc (1, sizeof (SF_CART_INFO_16K)) ;","	psf->cart_16k = calloc (1, sizeof (SF_CART_INFO_16K)) ;
	if (psf->",1.3759765625,"[[12, 567, 29888, 976, 13823, 29918, 29896, 29953, 29895, 353, 1208, 2029, 313, 29896, 29892, 13810, 313, 20322, 29918, 29907, 8322, 29918, 11690, 29918, 29896, 29953, 29968, 876, 2056, 13, 12, 361, 313, 567, 29888, 976]]","[-0.16299155354499817, -0.39894700050354004, -0.00010823617776622996, -0.016848403960466385, -0.015433641150593758, -0.0009070096421055496, -0.0084827346727252, -2.455681169521995e-05, -0.00010775939153973013, -0.00931358803063631, -0.3238265812397003, -7.390948667307384e-06, -0.0030841901898384094, -0.12839779257774353, -0.0005243833875283599, -0.47481560707092285, -0.0031695151701569557, -0.002389316214248538, -1.6569954823353328e-05, -0.0002824861148837954, -2.8371408916427754e-05, -0.00013505500101018697, -0.0005588161875493824, -0.0019082685466855764, -0.00019929806876461953, -5.2927523938706145e-05, -0.0004318020073696971, -0.08515900373458862, -0.00037281715776771307, -0.04839744418859482, -0.02209114283323288, -0.009339570999145508, -0.06449320167303085, -0.046934522688388824, -3.349725011503324e-05, -0.0003718638326972723]",18.751441955566406,False,1.0,-1.8301859198563761,-0.050838497773788224,36.0,-1.7090132634129986,-0.05512946011009673,31.0,0.014487143482651035,0,26,26,22,1.0,-24.959006668160637,-1.2185704229053096,True,21,0.5833333333333334,37.0,0.5436893203883495,23.0,1.7723341165605764
~/anvil/data/cve-targets/poppler_repo_splash_SplashXPathScanner.cc,413,394,477,const int intersectionIndex = splashAASize * y + yy - yMin;,p = aaBuf->getDataPtr() + yy * aaBuf->getRowSize() + (xx >> 3);,"           p = aaBuf->getDataPtr() + yy * aaBuf->getRowSize() + (xx >> 3);
",0.88916015625,"[[9651, 282, 353, 29099, 29933, 1137, 976, 657, 1469, 12058, 580, 718, 343, 29891, 334, 29099, 29933, 1137, 976, 657, 4301, 3505, 580, 718, 313, 4419, 5099, 29871, 29941, 416, 13]]","[-0.00313564739190042, -1.4686698913574219, -0.0009107018122449517, -0.015916557982563972, -9.619726915843785e-05, -8.344646857949556e-07, -0.00016032364510465413, -4.732496745418757e-05, -0.0003670972364488989, -2.062299427052494e-05, -0.015115716494619846, -0.0006536492728628218, -0.04107735678553581, -0.002482667798176408, -0.0005812147865071893, -0.003019181312993169, -1.1324817933200393e-05, -4.529942543740617e-06, -4.3987260141875595e-05, -1.883488948806189e-05, -0.00013493580627255142, -1.1920858014491387e-05, -0.003012882312759757, -0.0013965149410068989, -0.060059551149606705, -0.0008889061282388866, -0.000571326119825244, -4.935142715112306e-05, -7.271502545336261e-05, -0.004354163073003292, -0.0011698314920067787]",7.266533851623535,False,1.0,-1.624055760815395,-0.05238889551017403,31.0,-1.624055760815395,-0.05238889551017403,31.0,0.0670240148740432,1,19,36,36,0.5277777777777778,-16.972302003910794,-1.0935664368438975,True,19,0.6129032258064516,53.0,0.2786885245901639,32.0,2.0300065965898533
~/anvil/data/cve-targets/poppler_repo_poppler_JPEG2000Stream.cc,215,205,276,if (oLen.isInt()) bufSize = oLen.getInt();,if (oLen.isInt()),"   if (oLen.isInt())
        bufSize = oLen.getInt();
    if (bufSize < B",0.423828125,"[[1678, 565, 313, 29877, 21515, 29889, 275, 2928, 3101, 13, 4706, 18392, 3505, 353, 288, 21515, 29889, 657, 2928, 890, 13, 1678, 565, 313, 9721, 3505, 529, 350]]","[-0.007737782318145037, -0.1344146430492401, -0.06589697301387787, -0.04127652570605278, -1.4781842764932662e-05, -0.00012420836719684303, -0.002623927313834429, -0.20320221781730652, -0.03551420196890831, -0.47054046392440796, -0.0026371246203780174, -0.003282993333414197, -1.8000440832111053e-05, -0.014385326765477657, -0.09391219913959503, -2.8132995794294402e-05, -6.425174069590867e-05, -0.0005855038180015981, -0.0001740304142003879, -0.019907787442207336, -0.23693503439426422, -0.01710578054189682, -0.9563210606575012, -0.06345705687999725, -0.351648211479187, -0.00023445718397852033, -0.7508543729782104, -0.5909212827682495]",12.47140884399414,False,2.0,-4.063818332915616,-0.14513636903270058,28.0,-0.9639828499421128,-0.08763480454019207,11.0,0.01851540605980255,1,27,32,16,0.84375,-4.836299084864383,-1.0415162242560012,True,17,0.6071428571428571,25.0,0.576271186440678,12.0,2.2169802978306548
~/anvil/data/cve-targets/libsndfile_repo_src_common.c,583,473,684,"double64_le_write (doubledata, psf->header.ptr + psf->header.indx) ;","double64_le_write (doubledata, psf->header.ptr + psf->header.indx) ;","						double64_le_write (doubledata, psf->header.ptr + psf->header.indx) ;",0.0001946687698364,"[[12, 12, 12, 12, 12, 12, 8896, 29953, 29946, 29918, 280, 29918, 3539, 313, 8896, 1272, 29892, 282, 4668, 976, 6672, 29889, 7414, 718, 282, 4668, 976, 6672, 29889, 513, 29916, 29897, 2056, 32010, 2]]","[-0.0008653233526274562, -2.13382354559144e-05, -1.3828182090946939e-05, -3.8980677345534787e-05, -4.541770613286644e-05, -0.0003518439189065248, -0.003753047902137041, -0.000188332938705571, -3.099436753473128e-06, -9.775113539944869e-06, -0.000339569611242041, -8.22540732769994e-06, -9.298280929215252e-06, -9.524368942948058e-05, -6.532455881824717e-05, -7.510157047363464e-06, -1.7523612768854946e-05, -0.00017438798386137933, -4.768370445162873e-07, -7.629365427419543e-06, -2.9802276912960224e-06, -2.0265558760002023e-06, -1.1205610462639015e-05, -4.637133679352701e-05, -3.0517112463712692e-05, -1.4305104514278355e-06, -8.701899787411094e-05, -4.291525328881107e-06, -2.264974000354414e-06, -6.198863957251888e-06, -1.1920928244535389e-07, -0.0001879753835964948, -0.00014804698002990335, -0.23199611902236938, -5.125986263010418e-06]",12.830609321594238,True,0.0,-0.23854786926403193,-0.006815653407543769,35.0,-0.006546624255399536,-0.00019838255319392533,33.0,4.220229377035245e-07,0,26,26,26,1.0,-0.9812796876654017,-1.0509111726253433,False,27,0.7714285714285715,0.0,1.0,0.0,1.102556227515998
~/anvil/data/cve-targets/libxml2_repo_xmlregexp.c,2138,2135,2323,if ((type1 == XML_REGEXP_EPSILON) ||,if ((type1 == XML_REGEXP_EPSILON) ||,   if ((type1 == XML_REGEXP_EPSILON) ||,0.036407470703125,"[[1678, 565, 5135, 1853, 29896, 1275, 6560, 29918, 1525, 1692, 29990, 29925, 29918, 15488, 5425, 29931, 1164, 29897, 3830, 32010, 2]]","[-0.19861702620983124, -0.38766756653785706, -0.18607817590236664, -0.0019356340635567904, -0.0017454879125580192, -0.012476135976612568, -0.007639123592525721, -2.3841830625315197e-06, -3.313963316031732e-05, -4.6491513785440475e-06, -3.576278118089249e-07, -3.814689989667386e-06, -1.9073468138230965e-06, -0.051914531737565994, -2.861018856492592e-06, -2.622600959512056e-06, -2.3841574147809297e-05, -0.0002464944263920188, -0.0008842610404826701, -0.011091128922998905, -7.152555099310121e-07]",7.514876365661621,True,0.0,-0.860371859404438,-0.04097008854306848,21.0,-0.8492800152259292,-0.04469894816978575,19.0,0.009963936631903186,0,11,11,11,1.0,-0.8145039691948417,-1.0867979937826306,False,18,0.8571428571428571,0.0,1.0,0.0,0.8178060042141695
~/anvil/data/cve-targets/lua_repo_ldebug.c,593,587,599,if (c->upvals[i]->v == o) {,if (c->upvals[i]->v == *o) {,   if (c->upvals[i]->v == *o) {,0.2037353515625,"[[1678, 565, 313, 29883, 976, 786, 791, 29879, 29961, 29875, 28895, 29894, 1275, 334, 29877, 29897, 426, 32010, 2]]","[-0.0005657264264300466, -0.12359286099672318, -0.006414538715034723, -0.11345364153385162, -0.0028483793139457703, -0.00016258825780823827, -0.30425015091896057, -0.00175453198608011, -0.0008112476789392531, -0.0010912423022091389, -0.1260802447795868, -0.04036969691514969, -0.017931727692484856, -0.1223309263586998, -0.0326455757021904, -0.003110691672191024, -0.000785161682870239, -0.05737348273396492, -8.344646857949556e-07]",10.92186450958252,False,0.0,-0.9555732501318062,-0.050293328954305584,19.0,-0.8981989329331554,-0.052835231349009144,17.0,0.006305966635230325,0,24,26,26,0.9230769230769231,-3.856051092436842,-1.0019408319965062,True,15,0.7894736842105263,1.0,0.9818181818181818,2.0,2.2785100834428067
~/anvil/data/cve-targets/libtiff_repo_libtiff_tif_luv.c,1444,1431,1453,*/,* for a better approach,        * for a better approach,2.123046875,"[[308, 334, 363, 263, 2253, 2948]]","[-0.48644015192985535, -0.0703519806265831, -0.3983280658721924, -0.9011277556419373, -0.7355535626411438, -1.1886379718780518]",10.075848579406738,False,0.0,-3.7804394885897636,-0.6300732480982939,6.0,-3.7804394885897636,-0.6300732480982939,6.0,0.13070256442117034,1,3,6,6,0.5,-3.369523910764096,-1.0193971745483468,True,1,0.16666666666666666,22.0,0.07999999999999996,6.0,2.3054105561455605
~/anvil/data/cve-targets/libsndfile_repo_src_wav.c,902,831,934,"psf_binheader_writef (psf, ""44"", BHW4 (psf->instrument->loop_count), BHW4 (0)) ;","psf_binheader_writef (psf, ""44"", BHW4 (0), BHW4 (0)) ; /* SMPTE format */","		psf_binheader_writef (psf, ""44"", BHW4 (0), BHW4 (0)) ; /* SMPTE format */
		psf_binheader_writef (psf, ""44"", BHW4 (0",0.2330322265625,"[[12, 12, 567, 29888, 29918, 2109, 6672, 29918, 3539, 29888, 313, 567, 29888, 29892, 376, 29946, 29946, 613, 350, 29950, 29956, 29946, 313, 29900, 511, 350, 29950, 29956, 29946, 313, 29900, 876, 2056, 4949, 317, 3580, 4330, 3402, 3776, 13, 12, 12, 567, 29888, 29918, 2109, 6672, 29918, 3539, 29888, 313, 567, 29888, 29892, 376, 29946, 29946, 613, 350, 29950, 29956, 29946, 313, 29900]]","[-0.013218274340033531, -0.0001778444420779124, -0.5774315595626831, -1.5020257706055418e-05, -0.003290835302323103, -0.0005601267330348492, -8.106198947643861e-06, -3.2186455882765586e-06, -2.4199192921514623e-05, -8.67805938469246e-05, -0.00017629499780014157, -7.510157047363464e-06, -6.556489552167477e-06, -5.4238757002167404e-05, -0.00044431351125240326, -0.08590131998062134, -0.2176186591386795, -0.5231736898422241, -0.0012213874142616987, -1.2278481335670222e-05, -1.7881233361549675e-05, -0.0009513143450021744, -0.02516838349401951, -0.6405606269836426, -0.04850749671459198, -0.0008080316474661231, -3.433168603805825e-05, -5.960462772236497e-07, -0.00114125432446599, -0.015094814822077751, -0.34362348914146423, -0.013635469600558281, -0.0005834784242324531, -0.16305768489837646, -1.840691089630127, -0.003124595619738102, -0.010313195176422596, -0.6981723308563232, -0.30898115038871765, -0.011214438825845718, -0.012757121585309505, -0.0002374367177253589, -0.4046412706375122, -2.0503786799963564e-05, -0.0027702786028385162, -0.0001227780303452164, -1.07287787614041e-05, -2.992108420585282e-05, -1.2874520507466514e-05, -6.007967749610543e-05, -8.475421054754406e-05, -2.861018856492592e-06, -4.887569048150908e-06, -2.062299427052494e-05, -0.00017724849749356508, -0.06004888564348221, -0.18336959183216095, -0.33955201506614685, -0.0007927850820124149, -3.969590397900902e-05, -2.1576648578047752e-05, -0.00035696811391972005, -0.015139552764594555, -0.5312373042106628]",16.533226013183594,False,1.0,-7.100625610874943,-0.11094727516992098,64.0,-5.562108426200723,-0.13243115300477912,42.0,0.10607891897088738,1,34,41,29,0.8292682926829268,-1.759648098465853,-1.152833688654037,True,39,0.609375,40.0,0.6928104575163399,8.0,1.8908038955958197
~/anvil/data/cve-targets/php_repo_ext_standard_http_fopen_wrapper.c,623,567,637,if (tmp_line[tmp_line_len - 1] == '\n') {,if (response_code == 101) {,"			if (response_code == 101) {
				/* 101 Switching Protocols */
				/*",0.250244140625,"[[12, 12, 12, 361, 313, 5327, 29918, 401, 1275, 29871, 29896, 29900, 29896, 29897, 426, 13, 12, 12, 12, 12, 5515, 29871, 29896, 29900, 29896, 28176, 292, 1019, 5770, 29879, 3776, 13, 12, 12, 12, 12, 5515]]","[-0.20829994976520538, -0.0007068996201269329, -0.09807484596967697, -0.8937658667564392, -0.274715393781662, -1.0546265840530396, -0.0029162520077079535, -0.13448071479797363, -0.8450360894203186, -0.015555595979094505, -0.5862516164779663, -0.0026110862381756306, -0.4706801474094391, -0.13745510578155518, -0.007124495226889849, -0.03374062851071358, -0.00431178929284215, -0.0001538873475510627, -0.00011705666838679463, -0.0017596489051356912, -0.6563943028450012, -2.1806695461273193, -0.019512373954057693, -0.002186885569244623, -0.0014121094718575478, -0.6432421803474426, -0.042094871401786804, -0.05708010494709015, -0.0011386347468942404, -0.08941693603992462, -1.464795470237732, -0.006491644773632288, -0.012777953408658504, -0.00015627116954419762, -0.00011526874004630372, -0.0052164397202432156, -1.3366247415542603]",13.416873931884766,False,2.0,-11.291709389064636,-0.30518133483958476,37.0,-4.7723836540099,-0.238619182700495,20.0,0.11092564469204624,1,24,13,13,1.8461538461538463,-1.0487176168862173,-1.0664274033030126,True,20,0.5405405405405406,26.0,0.5,13.0,2.0699925002260295
~/anvil/data/cve-targets/openssl_repo_crypto_pkcs7_pk7_doit.c,519,310,546,if (PKCS7_is_detached(p7) || (in_bio != NULL)) {,if (data_body == NULL) {,"   if (data_body == NULL) {
        /*
         * If there is no data body then we have a detached signature.
         * We should have already",0.77587890625,"[[1678, 565, 313, 1272, 29918, 2587, 1275, 4265, 29897, 426, 13, 4706, 4949, 13, 308, 334, 960, 727, 338, 694, 848, 3573, 769, 591, 505, 263, 1439, 3791, 12608, 29889, 13, 308, 334, 1334, 881, 505, 2307]]","[-0.10475946217775345, -0.3470234274864197, -0.09436485916376114, -0.6925080418586731, -1.597391747054644e-05, -2.539125671319198e-05, -0.5577220320701599, -0.00037067217635922134, -0.08728139102458954, -0.13227634131908417, -0.6011644601821899, -0.003338717622682452, -0.990485429763794, -1.138775110244751, -0.004695104900747538, -0.000226472009671852, -1.588681697845459, -1.1639512777328491, -0.4634448289871216, -0.050949446856975555, -0.8988649249076843, -1.4138710498809814, -0.9730960726737976, -0.9409533739089966, -1.4799268245697021, -1.6266556978225708, -0.8136872053146362, -0.0005880056996829808, -0.06277816742658615, -1.0155842304229736, -0.6979857087135315, -0.00014184899919200689, -0.3722251057624817, -1.750966191291809, -2.3132667541503906, -0.921100914478302, -1.827514886856079]",12.12295150756836,False,3.0,-25.131267101476624,-0.6792234351750439,37.0,-2.6208507702558563,-0.21840423085465469,12.0,0.06208716270243633,1,25,35,14,0.7142857142857143,-3.552490275549368,-1.0324825303635023,True,23,0.6216216216216216,30.0,0.5555555555555556,13.0,2.2840134072271163
~/anvil/data/cve-targets/libpng_repo_png.c,4005,3955,4008,image->flags |= PNG_IMAGE_FLAG_INVALID;,/* Finally free the image structure itself. */,"  /* Finally free the image structure itself. */
   png_free(c.png_ptr, image);",1.1904296875,"[[259, 4949, 9788, 3889, 278, 1967, 3829, 3528, 29889, 3776, 13, 259, 282, 865, 29918, 9021, 29898, 29883, 29889, 2732, 29918, 7414, 29892, 1967, 416]]","[-0.12581412494182587, -0.24717600643634796, -1.5578620433807373, -1.2078684568405151, -0.1453067511320114, -1.2129616737365723, -0.5106137990951538, -0.4999088644981384, -0.19714903831481934, -0.06519035995006561, -0.20148934423923492, -0.01605616696178913, -0.106232650578022, -6.294052582234144e-05, -0.0005103239673189819, -0.05129502713680267, -0.013955865055322647, -0.2834329605102539, -4.935142715112306e-05, -0.011231295764446259, -4.660974445869215e-05, -0.0006070678355172276, -0.0003300360403954983, -0.08054758608341217, -0.014447485096752644]",11.08285903930664,False,1.0,-6.550145829292887,-0.2620058331717155,25.0,-5.987396629527211,-0.4989497191272676,12.0,0.255199528500846,1,10,15,2,0.6666666666666666,-2.3858710444455746,-1.0059816332041798,True,15,0.6,42.0,0.18823529411764706,9.0,2.272481012254927
~/anvil/data/cve-targets/sqlite3_repo_src_printf.c,522,388,861,idx = precision;,if( realvalue>0.0,       if( realvalue>0.0,1.9375,"[[4706, 565, 29898, 1855, 1767, 29958, 29900, 29889, 29900]]","[-0.02782827988266945, -0.8014174699783325, -0.0017057405784726143, -1.1576179265975952, -0.00022289653134066612, -0.7058080434799194, -0.610357403755188, -0.0057143899612128735, -0.03947201743721962]",8.827823638916016,False,0.0,-3.3501441682019504,-0.37223824091132784,9.0,-3.3501441682019504,-0.37223824091132784,9.0,0.1787074082848534,1,7,7,7,1.0,-5.204999881948019,-1.0517043837128004,True,4,0.4444444444444444,15.0,0.24242424242424243,8.0,2.211132226298021
~/anvil/data/cve-targets/lua_repo_ldebug.c,94,91,97,for (; ci != NULL; ci = ci->previous),if (ci->callstatus & CIST_TRAP),"   if (ci->callstatus & CIST_TRAP)
      return;",0.498779296875,"[[1678, 565, 313, 455, 976, 4804, 4882, 669, 315, 9047, 29918, 5659, 3301, 29897, 13, 418, 736, 29936, 32010, 2]]","[-0.44117963314056396, -1.3039594888687134, -0.1838613897562027, -0.8097781538963318, -0.15547800064086914, -0.7948489785194397, -0.01031083520501852, -0.02531089074909687, -0.02923743613064289, -0.020426977425813675, -0.002760055009275675, -0.8416848182678223, -0.9072827100753784, -0.18575845658779144, -0.6075103878974915, -0.02715851552784443, -0.6663156151771545, -0.0009392855572514236, -1.0291812419891357, -1.1920928244535389e-07]",6.997103214263916,False,1.0,-8.04298298963112,-0.402149149481556,20.0,-6.346546727698296,-0.3966591704811435,16.0,0.16631077529686902,0,21,16,15,1.3125,-1.2574505620782341,-1.1009573080409967,True,13,0.65,30.0,0.2941176470588235,16.0,1.9620129619887225
~/anvil/data/cve-targets/php_repo_ext_phar_phar.c,846,635,1125,efree(savebuf);,efree(savebuf);,					efree(savebuf);,0.0003190040588378,"[[12, 12, 12, 12, 12, 1389, 929, 29898, 7620, 9721, 416, 32010, 2]]","[-0.0003849719068966806, -5.722029527532868e-06, -5.602820692729438e-06, -1.3947389561508317e-05, -4.577531944960356e-05, -0.0013868723763152957, -2.3841855067985307e-07, -5.722029527532868e-06, -0.0005059154354967177, -7.152531907195225e-06, -7.152531907195225e-06, -0.00460575707256794, -8.344646857949556e-07]",18.090145111083984,True,0.0,-0.006975664327086406,-0.0005365895636220313,13.0,-0.0023690727898326713,-0.00021537025362115193,11.0,1.654391032932101e-07,0,9,9,9,1.0,-1.4811890382919155,-1.1985901199941784,False,6,0.46153846153846156,0.0,1.0,0.0,0.4138891934567913
~/anvil/data/cve-targets/libxml2_repo_xmlmemory.c,289,260,325,xmlMutexUnlock(xmlMemMutex);,xmlMutexUnlock(xmlMemMutex);,"   xmlMutexUnlock(xmlMemMutex);
    if (xmlMemTraceBlock",0.05413818359375,"[[1678, 4903, 29924, 329, 735, 2525, 908, 29898, 3134, 11442, 29924, 329, 735, 416, 13, 1678, 565, 313, 3134, 11442, 11591, 7445]]","[-0.13408610224723816, -0.6767939925193787, -0.023623786866664886, -0.001110771088860929, -4.768370445162873e-07, -0.00013255194062367082, -4.887569048150908e-06, -4.0411134250462055e-05, -2.706014311115723e-05, -1.3589766240329482e-05, -1.6689286894688848e-06, -1.1920928244535389e-07, -3.576272320060525e-06, -3.480850500636734e-05, -0.07702024281024933, -0.6513001918792725, -0.9256771206855774, -0.14458271861076355, -0.38038551807403564, -0.012953304685652256, -0.10637510567903519, -0.028085976839065552]",11.744178771972656,True,1.0,-3.1622539822914106,-0.1437388173768823,22.0,-1.564194237717281,-0.09776213985733007,16.0,0.04711210072053988,1,9,12,9,0.75,-0.5537745355488022,-1.0227517691011487,False,13,0.5909090909090909,0.0,1.0,0.0,1.0129667414580552
~/anvil/data/cve-targets/libpng_repo_pngrutil.c,823,763,919,max_palette_length = PNG_MAX_PALETTE_LENGTH;,max_palette_length = 256;,"     max_palette_length = 256;
   if (num > max_palette_length)
   {
     ",0.06451416015625,"[[418, 4236, 29918, 29886, 26456, 29918, 2848, 353, 29871, 29906, 29945, 29953, 29936, 13, 259, 565, 313, 1949, 1405, 4236, 29918, 29886, 26456, 29918, 2848, 29897, 13, 259, 426, 13, 418]]","[-0.012156680226325989, -0.04443769529461861, -1.311301275563892e-06, -2.50339189733495e-06, -5.960462772236497e-07, -5.960462772236497e-07, -0.0006553170969709754, -0.0013306819600984454, -0.8946971297264099, -0.7624311447143555, -0.009706679731607437, -0.01498466543853283, -0.008527768775820732, -0.059599850326776505, -0.17456303536891937, -0.11860349774360657, -0.025279508903622627, -0.12107731401920319, -0.17861656844615936, -0.022094525396823883, -2.3841830625315197e-06, -6.198863957251888e-06, -1.7881377516459906e-06, -2.3841855067985307e-07, -1.1920922133867862e-06, -0.08296683430671692, -0.011126850731670856, -0.32469475269317627, -0.0006833125371485949, -0.0018961322493851185, -0.024833187460899353]",8.261041641235352,False,3.0,-2.894979941630112,-0.09338644973000361,31.0,-1.9830956554461636,-0.13220637702974425,15.0,0.07707645896054979,1,7,19,7,0.3684210526315789,-0.4879806981000272,-1.0667126405167304,True,19,0.6129032258064516,22.0,0.6376811594202898,1.0,1.8444900006051999
~/anvil/data/cve-targets/openssl_repo_crypto_x509_x509_vfy.c,45,-107,195,static int check_name_constraints(X509_STORE_CTX *ctx);,"static int check_name_constraints(X509 *cert, X509 *issuer);","static int check_name_constraints(X509 *cert, X509 *issuer);
static int check_id(X509_",0.11517333984375,"[[7959, 938, 1423, 29918, 978, 29918, 13646, 29879, 29898, 29990, 29945, 29900, 29929, 334, 6327, 29892, 1060, 29945, 29900, 29929, 334, 790, 2853, 416, 13, 7959, 938, 1423, 29918, 333, 29898, 29990, 29945, 29900, 29929, 29918]]","[-0.06852564960718155, -0.06163668632507324, -0.1480163335800171, -0.0006076634745113552, -0.41392093896865845, -0.03276233375072479, -0.01585167460143566, -0.0004680253332480788, -0.0015563768101856112, -0.002015227684751153, -1.1086402082582936e-05, -3.576278118089249e-07, -1.7404405298293568e-05, -0.23348182439804077, -0.4068262577056885, -0.09352274239063263, -0.04790655896067619, -2.50339189733495e-06, -8.344646857949556e-07, -9.179073458653875e-06, -0.02343900129199028, -0.0040312702767550945, -4.124556289752945e-05, -0.02311895228922367, -0.05604436621069908, -0.04868191480636597, -0.04397919774055481, -0.14388521015644073, -0.0008529362385161221, -0.7302969694137573, -0.011382285505533218, -0.0001479277852922678, 0.0, 0.0, -1.1920928244535389e-07, -0.0005953923100605607]",7.360500812530518,False,1.0,-2.6136364477534286,-0.07260101243759524,36.0,-1.6338144945876252,-0.065352579783505,25.0,0.013263838212861215,0,16,28,22,0.5714285714285714,-1.762338077934909,-1.0910004741049473,True,23,0.6388888888888888,18.0,0.7652173913043478,8.0,1.8738245711475323
~/anvil/data/cve-targets/libsndfile_repo_src_alaw.c,338,335,352,"int			bufferlen, readcount ;","int			bufferlen, readcount ;","	int			bufferlen, readcount ;
",0.1324462890625,"[[12, 524, 12, 12, 12, 9040, 2435, 29892, 1303, 2798, 2056, 13, 32010, 2]]","[-0.02084701508283615, -0.2099180966615677, -0.020532790571451187, -0.057166460901498795, -0.21013984084129333, -0.6432755589485168, -8.964136941358447e-05, -0.002139067044481635, -0.002227089600637555, -1.1205610462639015e-05, -0.0640454813838005, -0.4684751629829407, -0.5266309976577759, -3.576278118089249e-07]",17.083797454833984,True,1.0,-2.2254987662844883,-0.15896419759174915,14.0,-1.6988674109989006,-0.1415722842499084,12.0,0.04076831735297066,0,7,7,7,1.0,-0.9355382641753603,-1.1688113294581939,False,10,0.7142857142857143,0.0,1.0,0.0,0.513390414397184
~/anvil/data/cve-targets/lua_repo_ldo.c,320,312,331,Proto *p = clLvalue(s2v(ci->func))->p;,Proto *p = ci_func(ci)->p;,"     Proto *p = ci_func(ci)->p;
      if (p->is_vararg)
        delta = ci->u.",0.1231689453125,"[[418, 1019, 517, 334, 29886, 353, 4583, 29918, 9891, 29898, 455, 19969, 29886, 29936, 13, 418, 565, 313, 29886, 976, 275, 29918, 1707, 1191, 29897, 13, 4706, 19471, 353, 4583, 976, 29884, 29889]]","[-0.001122440560720861, -0.9623746871948242, -0.008948343805968761, -0.0007640779949724674, -0.013399429619312286, -0.014362764544785023, -0.4888969957828522, -0.10373146086931229, -0.0045209103263914585, -0.003128279699012637, -0.0008312584250234067, -0.00029774048016406596, -0.14686627686023712, -0.021387070417404175, -0.4340078830718994, -0.0013087764382362366, -0.8070769309997559, -0.07776365429162979, -0.11891303211450577, -0.00591184152290225, -0.0027713484596461058, -4.60137271147687e-05, -0.0003404037852305919, -1.6212332411669195e-05, -0.010628404095768929, -0.6790010333061218, -0.0013771107187494636, -0.06295280158519745, -0.0032049263827502728, -0.8890794515609741, -0.0016612313920632005, -0.009634662419557571, -0.0007825411157682538]",9.30868911743164,False,2.0,-4.8771099959012645,-0.147791211997008,33.0,-2.2059483960911166,-0.1378717747556948,16.0,0.06766862042605451,1,26,33,18,0.7878787878787878,-0.8933586699000008,-1.0391368678304183,True,20,0.6060606060606061,17.0,0.6875,9.0,2.1628287480121164
~/anvil/data/cve-targets/php_repo_ext_standard_dns.c,738,728,945,#if defined(HAVE_DNS_SEARCH),querybuf answer;,"	querybuf answer;
	int n, type, qd, an, ns = 0, ar =",0.10931396484375,"[[12, 1972, 9721, 1234, 29936, 13, 12, 524, 302, 29892, 1134, 29892, 3855, 29881, 29892, 385, 29892, 17534, 353, 29871, 29900, 29892, 564, 353]]","[-0.8444874286651611, -1.4630266427993774, -0.004803546238690615, -1.334122896194458, -0.031001554802060127, -0.008472805842757225, -0.26750168204307556, -1.721769094467163, -0.6324638724327087, -0.635471522808075, -1.179621696472168, -1.0546119213104248, -2.049556255340576, -0.0632408857345581, -0.14200767874717712, -0.013091210275888443, -0.04956502094864845, -0.10825958102941513, -0.5687268972396851, -0.0008334023877978325, -0.0013677061069756746, -0.04276464879512787, -0.00721764238551259, -0.022142332047224045]",16.074867248535156,False,1.0,-12.246127925114706,-0.5102553302131128,24.0,-3.95341655658558,-0.56477379379794,7.0,0.35333098836135873,0,7,21,5,0.3333333333333333,-0.19355353602483089,-1.1396988028708446,True,15,0.625,27.0,0.18181818181818177,7.0,1.607165204088874
~/anvil/data/cve-targets/openssl_repo_ssl_statem_extensions_srvr.c,284,259,335,if (PACKET_remaining(&responder_id_list) > 0 && s->ext.ocsp.ids == NULL) {,if (PACKET_remaining(&responder_id_list) > 0) {,"   if (PACKET_remaining(&responder_id_list) > 0) {
        sk_OCSP_RESPID_pop_free(s->ext.ocsp.ids, OCSP_RE",0.179931640625,"[[1678, 565, 313, 29925, 11375, 2544, 29918, 1745, 17225, 6243, 690, 27582, 29918, 333, 29918, 1761, 29897, 1405, 29871, 29900, 29897, 426, 13, 4706, 2071, 29918, 20166, 5550, 29918, 1525, 5550, 1367, 29918, 7323, 29918, 9021, 29898, 29879, 976, 1062, 29889, 542, 1028, 29889, 4841, 29892, 438, 29907, 5550, 29918, 1525]]","[-0.048436857759952545, -0.2576484978199005, -0.36441755294799805, -0.31468918919563293, -0.00026973424246534705, -1.4305104514278355e-06, -4.291525328881107e-06, -0.002998501295223832, -1.1205610462639015e-05, -0.17143306136131287, -0.0068719950504601, -2.9802276912960224e-06, -1.680836794548668e-05, -2.4199192921514623e-05, -0.0002079985715681687, -1.311301275563892e-06, -0.005341543350368738, -0.5795763731002808, -0.007930932566523552, -0.017858894541859627, -0.19411784410476685, -0.011742165312170982, -0.1945287138223648, -0.0047273775562644005, -1.0635261535644531, -4.291525328881107e-06, -0.0009684640099294484, -4.768370445162873e-07, -1.1920928244535389e-07, -1.2159273865108844e-05, -1.0371154530730564e-05, -6.794906312279636e-06, -3.4927710657939315e-05, -0.011027817614376545, -8.583032467868179e-06, -0.00015031162183731794, -0.00023684080224484205, -5.2927523938706145e-05, -3.4570634852570947e-06, -1.9907753085135482e-05, -8.344646857949556e-07, -1.0847986231965479e-05, -1.9073468138230965e-06, -1.1920922133867862e-06, -0.00022516099852509797, -5.328513361746445e-05, -0.029638629406690598, -6.627816765103489e-05, -2.50339189733495e-06, -1.5497195136049413e-06, -2.9802276912960224e-06]",14.26613998413086,False,1.0,-3.2889282318735624,-0.06448878886026593,51.0,-2.182859459335191,-0.09095247747229962,24.0,0.022644583166786636,1,36,31,20,1.1612903225806452,-1.9783038969971958,-1.0893114919282583,True,32,0.6274509803921569,27.0,0.7768595041322314,16.0,2.1176998561555913
~/anvil/data/cve-targets/sqlite3_repo_src_build.c,2315,2291,2556,if( db->init.busy ){,if( !db->init.busy ){," if( !db->init.busy ){
    p->t",0.344970703125,"[[29871, 565, 29898, 1738, 2585, 976, 2344, 29889, 8262, 29891, 29545, 13, 1678, 282, 976, 29873]]","[-0.009411846287548542, -0.09751919656991959, -0.0027272433508187532, -0.6539392471313477, -0.0159788578748703, -1.7404405298293568e-05, -0.0003723404952324927, -5.590759246842936e-05, -0.0002044230350293219, -6.318072337307967e-06, -0.11138731241226196, -0.4896409213542938, -0.025067824870347977, -1.2789514064788818, -0.20006383955478668, -0.7927546501159668]",13.018270492553713,False,1.0,-3.6780987396014098,-0.2298811712250881,16.0,-1.4063288434517744,-0.10817914180398265,13.0,0.04139587498730209,1,16,19,18,0.8421052631578947,-3.1888837105962304,-1.0558531367762507,True,9,0.5625,1.0,0.975609756097561,2.0,2.0305593482267543
~/anvil/data/cve-targets/php_repo_ext_phar_util.c,254,209,284,return ret;,return ret;,				return ret;,0.0117034912109375,"[[12, 12, 12, 12, 2457, 3240, 29936, 32010, 2]]","[-0.00031680811662226915, -1.3232143828645349e-05, -2.8729025871143676e-05, -0.0010182439582422376, -0.03484150767326355, -0.00015364897262770683, -0.00013183678674977273, -0.16050346195697784, -3.576278118089249e-07]",14.737784385681152,True,0.0,-0.19700782626199498,-0.021889758473554996,9.0,-0.036504006677205325,-0.005214858096743618,7.0,0.00014639237424211686,0,5,5,5,1.0,-2.244258807012537,-1.1022317057360391,False,3,0.3333333333333333,0.0,1.0,0.0,0.6936678707716869
~/anvil/data/cve-targets/libxml2_repo_HTMLparser.c,1844,1675,1941,"{ 968,	""psi"",	""greek small letter psi, U+03C8 ISOgrk3"" },","{ 968,	""psi"",	""greek small letter psi, U+03C8 ISOgrk3"" },","{ 968,	""psi"",	""greek small letter psi, U+03C8 ISOgrk3"" },",0.0017375946044921,"[[29912, 29871, 29929, 29953, 29947, 29892, 12, 29908, 6134, 613, 12, 29908, 29887, 7285, 2319, 5497, 282, 1039, 29892, 501, 29974, 29900, 29941, 29907, 29947, 17723, 629, 29895, 29941, 29908, 2981, 32010, 2]]","[-0.0003129946126136929, -1.1086402082582936e-05, -0.00013219437096267939, -0.00019202772818971425, -0.00010966652916977182, -2.038458114839159e-05, -0.0001289761275984347, -9.298280929215252e-06, -0.004177415743470192, -0.03886527940630913, -0.00020752183627337217, -5.9960475482512265e-05, -6.854299135738984e-05, -4.017272294731811e-05, -0.0002320735511602834, -0.00044550508027896285, -0.0003660247311927378, -1.2874520507466514e-05, -0.00043930893298238516, -0.00011062010162277147, -1.1920922133867862e-06, -3.564294092939235e-05, -3.9457496313843876e-05, -3.814624506048858e-05, -1.4305012882687151e-05, -0.0016553997993469238, -0.00013314791431184858, -0.00011538793478393927, -0.00010179955279454589, -0.0021146810613572598, -0.0005141366855241358, -0.07353822886943817, -4.768370445162873e-07]",17.201290130615234,True,0.0,-0.12424393116828014,-0.0037649676111600043,33.0,-0.050705225461797454,-0.0016356524342515308,31.0,4.6883011360291713e-05,0,15,15,15,1.0,-1.0623250808703852,-1.1722495458162,False,31,0.9393939393939394,0.0,1.0,0.0,0.5706909217674629
~/anvil/data/cve-targets/sqlite3_repo_ext_misc_zipfile.c,1493,1404,1575,zPath = (const char*)sqlite3_value_text(apVal[2]);,zPath = (const char*)sqlite3_value_text(apVal[2]);,     zPath = (const char*)sqlite3_value_text(apVal[2]);,0.028564453125,"[[418, 503, 2605, 353, 313, 3075, 1373, 7528, 22793, 29941, 29918, 1767, 29918, 726, 29898, 481, 1440, 29961, 29906, 5691, 32010, 2]]","[-0.004071518778800964, -0.4176882803440094, -0.0006055190460756421, -0.0006006343755871058, -0.0403575599193573, -0.01759796403348446, -0.00012003655137959868, -0.019438136368989944, -0.0033709153067320585, -6.317892984952778e-05, -0.0002033503697020933, -1.597391747054644e-05, -2.4914430468925275e-05, -0.010524485260248184, -0.0008908117306418717, -0.0006569849792867899, -6.794906312279636e-06, -3.540453326422721e-05, -0.03182119131088257, -0.0011893587652593851, -0.31799066066741943, -4.768370445162873e-07]",9.404693603515623,True,0.0,-0.8672741513622668,-0.039421552334648495,22.0,-0.5492830138578029,-0.027464150692890144,20.0,0.00814244463151449,1,26,26,26,1.0,-1.0400632243980041,-1.036645813407058,False,19,0.8636363636363636,0.0,1.0,0.0,1.1552114091653711
~/anvil/data/cve-targets/libxml2_repo_valid.c,1210,1189,1278,},},"	    }
",0.0002025365829467,"[[12, 1678, 500, 13]]","[-0.6067640781402588, -0.6911682486534119, -0.0006400682032108307, -0.515453040599823]",10.664508819580078,True,1.0,-1.8140254355967045,-0.4535063588991761,4.0,-1.8140254355967045,-0.4535063588991761,4.0,0.0722240927427442,1,2,2,2,1.0,-0.00044660141797863546,-1.004505058636302,False,1,0.25,0.0,1.0,0.0,0.9855364159615264
~/anvil/data/cve-targets/php_repo_ext_exif_exif.c,2970,2911,2994,},},"	}
	/*
",0.0010566711425781,"[[12, 29913, 13, 12, 5515, 13]]","[-0.0009491706150583923, -0.0010553987231105566, -0.36443012952804565, -0.46842771768569946, -1.0551600456237793, -2.823420286178589]",10.307162284851074,True,2.0,-4.713442748354282,-0.7855737913923804,6.0,-0.8348624165519141,-0.20871560413797852,4.0,0.04449676178816432,1,2,4,2,0.5,-0.005062731878348453,-1.0135191732631066,False,1,0.16666666666666666,0.0,1.0,0.0,0.9554356507261396
~/anvil/data/cve-targets/sqlite3_repo_src_expr.c,3680,3629,3723,"sqlite3ExprCompare(0,pFarg->a[0].pExpr, pFarg->a[1].pExpr,-1),","sqlite3ExprCompare(pParse,pFarg->a[0].pExpr, pFarg->a[1].pExpr, -1),","        sqlite3ExprCompare(pParse,pFarg->a[0].pExpr, pFarg->a[1].pExpr, -1),",0.2327880859375,"[[308, 21120, 29941, 21176, 6843, 598, 29898, 29886, 12914, 29892, 29886, 29943, 1191, 976, 29874, 29961, 29900, 1822, 29886, 21176, 29892, 282, 29943, 1191, 976, 29874, 29961, 29896, 1822, 29886, 21176, 29892, 448, 29896, 511, 32010, 2]]","[-0.06642540544271469, -0.01059054210782051, -3.611976353568025e-05, -0.0003307510633021593, -0.0008616310660727322, -7.867782187531702e-06, -0.005135321523994207, -0.02555575780570507, -0.024565812200307846, -0.004365438595414162, -0.5196020007133484, -0.00027414379292167723, -6.6756979322235566e-06, -0.0002503081923350692, -2.610649426060263e-05, -0.00016056202002801, -0.00684760557487607, -0.00015901254664640874, -4.303362584323622e-05, -1.5139465176616795e-05, -0.0005626287311315536, -0.47246795892715454, -3.504691630951129e-05, -2.861018856492592e-06, -2.2291887944447808e-05, -2.634490556374658e-05, -2.5510462364763953e-05, -0.000849482137709856, -9.798523387871683e-05, -1.9192511899746023e-05, -7.390948667307384e-06, -0.7850333452224731, -0.3918980062007904, -0.0025254758074879646, -0.06343624740839005, -0.58838951587677, -1.0728830375228426e-06]",6.7516303062438965,False,0.0,-2.9706595925548527,-0.0802880970960771,37.0,-2.382269003795045,-0.06806482867985843,35.0,0.031738025714272707,0,36,36,36,1.0,-3.4200936144629726,-1.1077344616670848,True,32,0.8648648648648649,7.0,0.9384615384615385,1.0,2.064811084176736
~/anvil/data/cve-targets/php_repo_ext_iconv_iconv.c,162,149,183,},},	},0.0113067626953125,"[[12, 29913, 32010, 2]]","[-0.003338361158967018, -0.01130697038024664, -0.5503106713294983, -2.3841855067985307e-07]",10.626476287841797,True,0.0,-0.5649562412872626,-0.14123906032181566,4.0,-0.014645331539213657,-0.007322665769606829,2.0,1.5874683230365652e-05,0,2,2,2,1.0,-1.5440773962730772,-1.0054606096026903,False,1,0.25,0.0,1.0,0.0,0.9842053971109366
~/anvil/data/cve-targets/libsndfile_repo_src_common.c,630,473,684,"if (psf->header.indx + (sf_count_t) size > psf->header.len && psf_bump_header_allocation (psf, size))","if (psf->header.indx + (sf_count_t) size > psf->header.len && psf_bump_header_allocation (psf, size))","					if (psf->header.indx + (sf_count_t) size > psf->header.len && psf_bump_header_allocation (psf, size))",0.0291290283203125,"[[12, 12, 12, 12, 12, 361, 313, 567, 29888, 976, 6672, 29889, 513, 29916, 718, 313, 4668, 29918, 2798, 29918, 29873, 29897, 2159, 1405, 282, 4668, 976, 6672, 29889, 2435, 2607, 282, 4668, 29918, 2404, 29886, 29918, 6672, 29918, 284, 5479, 313, 567, 29888, 29892, 2159, 876, 32010, 2]]","[-0.02381226234138012, -7.70062324590981e-05, -8.05822346592322e-05, -7.068861305015162e-05, -0.00017796363681554794, -0.08468014746904373, -0.006487736478447914, -0.0376308336853981, -9.536697689327411e-06, -0.00022671037004329264, -0.07798653095960617, -1.645074735279195e-05, -0.0011320855701342225, -1.823885577323381e-05, -0.01148788258433342, -0.10967496037483215, -0.002019510604441166, -1.4543427823809907e-05, -1.2159273865108844e-05, -1.537788011773955e-05, -5.006777428206988e-06, -0.0009554826538078487, -0.07576882839202881, -0.6333233714103699, -0.0003756771038752049, -9.536738616588991e-07, -4.410734163684538e-06, -6.9141146923357155e-06, -5.006777428206988e-06, -5.638440416078083e-05, -0.004586296156048775, -0.0005049622268415987, -4.768370445162873e-07, -3.290122185717337e-05, -3.516612196108326e-05, -4.172316494077677e-06, -7.271740287251305e-06, -3.3378546504536644e-06, -3.099436753473128e-06, -1.07287787614041e-05, -4.0531076592742465e-06, -0.00015066919149830937, -5.960446742392378e-06, -2.3841855067985307e-07, -1.1801649634435307e-05, -0.0652618408203125, -0.10925301909446716, -0.3578931987285614, -6.318072337307967e-06]",11.540975570678713,True,0.0,-1.6039087562995462,-0.03273283176121523,49.0,-1.2460092394986475,-0.026510834882949946,47.0,0.008882302460752394,1,42,42,42,1.0,-1.0987593732495542,-1.0175692831280987,False,42,0.8571428571428571,0.0,1.0,0.0,1.40113228700822
~/anvil/data/cve-targets/openssl_repo_ssl_statem_statem.c,454,447,456,return 0;,return 0;,"       return 0;
    s->",0.28564453125,"[[4706, 736, 29871, 29900, 29936, 13, 1678, 269, 976]]","[-0.008953778073191643, -1.101413369178772, -0.022223131731152534, -0.01667279563844204, -0.0021015957463532686, -0.17395246028900146, -0.036426592618227005, -0.20872178673744202, -0.0009149893885478377]",7.236234188079834,True,1.0,-1.5713804994011298,-0.1745978332667922,9.0,-1.36174372327514,-0.19453481761073427,7.0,0.1400925192287171,1,5,7,5,0.7142857142857143,-1.468346565197275,-1.0943951180412679,False,4,0.4444444444444444,0.0,1.0,0.0,0.7662214684564508
~/anvil/data/cve-targets/libsndfile_repo_src_common.c,478,473,684,unsigned int 	data ;,unsigned int	data ;,	unsigned int	data ;,0.3310546875,"[[12, 15395, 938, 12, 1272, 2056, 32010, 2]]","[-0.0071152630262076855, -0.23158371448516846, -0.1045314148068428, -0.4043612480163574, -0.5385125875473022, -0.04781576246023178, -0.2517935633659363, -9.65590606938349e-06]",9.495768547058104,False,0.0,-1.585723209614116,-0.1982154012017645,8.0,-1.3339199903421104,-0.22231999839035174,6.0,0.037306923890395784,0,7,7,7,1.0,-1.4890909045381098,-1.034288186961036,True,6,0.75,1.0,0.9743589743589743,0.0,1.998293403882853
~/anvil/data/cve-targets/openssl_repo_crypto_asn1_tasn_dec.c,701,641,761,*/,*/,"        */
       ",0.0479736328125,"[[308, 3776, 13, 4706]]","[-0.003799245459958911, -0.04724238067865372, -0.6255667209625244, -0.03166990354657173]",8.912698745727539,True,1.0,-0.7082782506477088,-0.1770695626619272,4.0,-0.7082782506477088,-0.1770695626619272,4.0,0.06729211546989032,0,3,3,3,1.0,-0.2709309950919933,-1.049475161569997,False,1,0.25,0.0,1.0,0.0,0.8540791103222076
~/anvil/data/cve-targets/sqlite3_repo_src_select.c,2823,2538,2855,if( !pKeyInfo ){,if( pKeyInfo==0 ){,   if( pKeyInfo==0 ){,0.270751953125,"[[1678, 565, 29898, 282, 2558, 3401, 1360, 29900, 29545, 32010, 2]]","[-0.003187221009284258, -0.05316132307052612, -0.0015087660867720842, -0.43776100873947144, -0.004554019309580326, -2.264974000354414e-06, -0.014560278505086899, -0.002561147790402174, -0.06745089590549469, -0.18081286549568176, -2.861018856492592e-06]",10.18628215789795,False,0.0,-0.7655626519051566,-0.0695966047186506,11.0,-0.5847469253906183,-0.06497188059895759,9.0,0.017918897558066027,0,12,13,13,0.9230769230769231,-4.167217427431891,-1.0165866640704322,True,7,0.6363636363636364,4.0,0.8823529411764706,4.0,2.104322260778517
~/anvil/data/cve-targets/php_repo_ext_phar_phar.c,173,162,201,},},"	}
	if (",0.0062217712402343,"[[12, 29913, 13, 12, 361, 313]]","[-0.00026663561584427953, -0.0062206219881772995, -0.4135216176509857, -0.012237231247127056, -0.0213052686303854, -0.004196290858089924]",15.525811195373535,True,1.0,-0.4577476659906097,-0.07629127766510162,6.0,-0.43224610650213435,-0.10806152662553359,4.0,0.031119867794797876,0,2,4,2,0.5,-0.05757619232786383,-1.124161717790776,False,1,0.16666666666666666,0.0,1.0,0.0,0.5850696543180233
~/anvil/data/cve-targets/poppler_repo_poppler_GfxState.cc,2427,2421,2434,int i;,int i;,"   int i;

   ",0.10345458984375,"[[1678, 938, 474, 29936, 13, 13, 1678]]","[-0.06893865019083023, -0.2952963411808014, -0.0060395835898816586, -0.008563818410038948, -0.002633557887747884, -0.1629052609205246, -0.02080393210053444]",12.09553337097168,True,2.0,-0.5651811442803591,-0.08074016346862274,7.0,-0.5651811442803591,-0.08074016346862274,7.0,0.010486761062228246,1,5,5,5,1.0,-1.2813274756863051,-1.0317750541859039,False,3,0.42857142857142855,0.0,1.0,0.0,0.9455643297758723
~/anvil/data/cve-targets/poppler_repo_poppler_FileSpec.cc,121,91,122,desc = obj1.getString()->copy();,desc = obj1.getString()->copy();,"       desc = obj1.getString()->copy();
    if (fileSpec",0.0293731689453125,"[[4706, 5153, 353, 5446, 29896, 29889, 13719, 13539, 8552, 890, 13, 1678, 565, 313, 1445, 10299]]","[-0.006668456830084324, -0.04559771344065666, -0.004472135100513697, -0.038280658423900604, -0.00010990492592100054, -0.0002450642641633749, -0.04419558495283127, -0.04095378518104553, -0.0014859121292829514, -0.0019684715662151575, -0.028660830110311508, -0.4569642245769501, -1.2293055057525635, -0.3479638695716858, -0.7298784255981445, -0.28150463104248047]",10.601186752319336,True,1.0,-3.2582551734667504,-0.2036409483416719,16.0,-0.6696027415018762,-0.05580022845848968,12.0,0.014959950463629386,1,21,24,21,0.875,-0.5263987219543999,-1.0060965013941836,False,9,0.5625,0.0,1.0,0.0,1.2010317005792566
~/anvil/data/cve-targets/libtiff_repo_libtiff_tif_dirwrite.c,1999,1974,2023,"if (!_TIFFmemcmp(tif->tif_dir.td_transferfunction[0],tif->tif_dir.td_transferfunction[2],m*sizeof(uint16_t)))","if (!_TIFFmemcmp(tif->tif_dir.td_transferfunction[0],tif->tif_dir.td_transferfunction[1],m*sizeof(uint16_t)))","		if (!_TIFFmemcmp(tif->tif_dir.td_transferfunction[0],tif->tif_dir.td_transferfunction[1],m*sizeof(uint16_t)))
			n=2;
		if (!_TIFFmemcmp(tif->tif_dir.td_",0.061859130859375,"[[12, 12, 361, 5384, 29918, 24301, 4198, 6954, 21058, 29898, 29873, 361, 976, 29873, 361, 29918, 3972, 29889, 1594, 29918, 3286, 571, 2220, 29961, 29900, 1402, 29873, 361, 976, 29873, 361, 29918, 3972, 29889, 1594, 29918, 3286, 571, 2220, 29961, 29896, 1402, 29885, 29930, 17921, 29898, 13470, 29896, 29953, 29918, 29873, 4961, 13, 12, 12, 12, 29876, 29922, 29906, 29936, 13, 12, 12, 361, 5384, 29918, 24301, 4198, 6954, 21058, 29898, 29873, 361, 976, 29873, 361, 29918, 3972, 29889, 1594, 29918]]","[-0.002419165801256895, -0.000380324519937858, -0.20230919122695923, -0.19675412774085999, -0.026607058942317963, -2.002696055569686e-05, 0.0, -0.00011955977242905647, -0.0008791395812295377, -0.14245563745498657, -0.002157623879611492, -7.748573807475623e-06, -3.4570634852570947e-06, -4.768360213347478e-06, -4.768360213347478e-06, -2.622600959512056e-06, -1.2636104656849056e-05, -4.291525328881107e-06, -8.821448318485636e-06, -3.576278118089249e-07, -0.0002203936892328784, -1.0728830375228426e-06, -4.6491513785440475e-06, -0.003922389354556799, -0.45194119215011597, -0.0021814140491187572, -0.07896223664283752, -1.4066597032069694e-05, -6.198863957251888e-06, -7.629365427419543e-06, -4.172316494077677e-06, -2.3841855067985307e-07, -1.9073468138230965e-06, -2.50339189733495e-06, -6.794906312279636e-06, -1.6689286894688848e-06, -3.40932747349143e-05, -2.3841855067985307e-07, -8.344646857949556e-07, -6.23445157543756e-05, -0.18618237972259521, -0.0008167268824763596, -0.017729725688695908, -0.011075920425355434, -0.0017495339270681143, -5.578839045483619e-05, -0.0001012035645544529, -0.00012933371181134135, -1.1920922133867862e-06, -7.629365427419543e-06, -3.6954811548639555e-06, -0.5905402302742004, -0.32749414443969727, -0.0006812873762100935, -6.747018051100895e-05, -0.3285793960094452, -0.5744950771331787, -0.01249874010682106, -0.16655097901821136, -0.00014983485743869096, -0.0008550802012905478, -0.0004894727608188987, -0.4921364188194275, -0.2328975945711136, -0.5681495666503906, -0.004911975469440222, -8.821448318485636e-06, -2.3841855067985307e-07, -2.372236667724792e-05, -0.0001787979417713359, -0.010159800760447979, -0.00025567124248482287, -2.145764938177308e-06, -3.6954811548639555e-06, -2.0265558760002023e-06, -1.1920922133867862e-06, -1.1920928244535389e-07, -3.576278118089249e-07, -2.145764938177308e-06, -1.5497195136049413e-06, -1.4305104514278355e-06]",9.389893531799316,False,2.0,-4.64051947829855,-0.05729036392961173,81.0,-2.5767430238059887,-0.046849873160108885,55.0,0.014136707285787893,1,50,66,50,0.7575757575757576,-1.3203692280654027,-1.0370294451844748,True,50,0.6172839506172839,1.0,0.9908256880733946,1.0,2.432273850263316
~/anvil/data/cve-targets/libtiff_repo_libtiff_tif_predict.c,261,257,304,unsigned char* cp = (unsigned char*) cp0;,uint8_t* cp = cp0;,"	uint8_t* cp = cp0;
	if (cc > stride) {
",0.25439453125,"[[12, 13470, 29947, 29918, 29873, 29930, 21447, 353, 21447, 29900, 29936, 13, 12, 361, 313, 617, 1405, 380, 2426, 29897, 426, 13]]","[-0.08411941677331924, -0.3381633162498474, -0.02090725488960743, -9.48860906646587e-05, -1.585470999998506e-05, -0.16339325904846191, -0.03704974427819252, -0.0360724963247776, -0.17763593792915344, -3.242440288886428e-05, -0.21530258655548096, -0.15580427646636963, -0.7280873656272888, -1.141119122505188, -0.02748318947851658, -0.08366888761520386, -0.1771363765001297, -0.02742079272866249, -1.311301275563892e-06, -0.002222807612270117, -0.03754736855626106, -0.002359108766540885]",11.28306007385254,False,2.0,-3.4556377844101007,-0.15707444474591367,22.0,-1.9566788193460525,-0.15051375533431172,13.0,0.03761751782176939,1,21,22,10,0.9545454545454546,-1.6901746334410088,-1.0110292184070164,True,12,0.5454545454545454,27.0,0.47457627118644063,12.0,2.222479623918417
~/anvil/data/cve-targets/libsndfile_repo_src_ulaw.c,555,403,705,"0x8a, 0x8a, 0x8a, 0x8a, 0x8a, 0x8a, 0x8a, 0x8a, 0x8a, 0x8a, 0x8a, 0x8a,","0x8a, 0x8a, 0x8a, 0x8a, 0x8a, 0x8a, 0x8a, 0x8a, 0x8a, 0x8a, 0x8a, 0x8a,","	0x8a, 0x8a, 0x8a, 0x8a, 0x8a, 0x8a, 0x8a, 0x8a, 0x8a, 0x8a, 0x8a, 0x8a,
	0x8a, 0x8a, 0x8a, 0x8a, 0x8a, 0x8a, 0",0.0072059631347656,"[[12, 29900, 29916, 29947, 29874, 29892, 29871, 29900, 29916, 29947, 29874, 29892, 29871, 29900, 29916, 29947, 29874, 29892, 29871, 29900, 29916, 29947, 29874, 29892, 29871, 29900, 29916, 29947, 29874, 29892, 29871, 29900, 29916, 29947, 29874, 29892, 29871, 29900, 29916, 29947, 29874, 29892, 29871, 29900, 29916, 29947, 29874, 29892, 29871, 29900, 29916, 29947, 29874, 29892, 29871, 29900, 29916, 29947, 29874, 29892, 29871, 29900, 29916, 29947, 29874, 29892, 29871, 29900, 29916, 29947, 29874, 29892, 13, 12, 29900, 29916, 29947, 29874, 29892, 29871, 29900, 29916, 29947, 29874, 29892, 29871, 29900, 29916, 29947, 29874, 29892, 29871, 29900, 29916, 29947, 29874, 29892, 29871, 29900, 29916, 29947, 29874, 29892, 29871, 29900, 29916, 29947, 29874, 29892, 29871, 29900]]","[-0.0007064230740070343, -8.701899787411094e-05, -2.4437606043647975e-05, -0.00011729506513802335, -0.5010837316513062, -0.00032145579461939633, -0.00020096666412428021, -1.6689160474925302e-05, -6.079655122448457e-06, -1.9311717551317997e-05, -0.0018898261478170753, -0.00035375059815123677, -5.173549288883805e-05, -3.6954811548639555e-06, -4.291525328881107e-06, -1.2993727978027891e-05, -0.0004772001120727509, -0.00020358874462544918, -9.42901024245657e-05, -2.861018856492592e-06, -4.0531076592742465e-06, -1.4781842764932662e-05, -0.0005106813623569906, -0.0001784403866622597, -8.463501580990851e-05, -2.9802276912960224e-06, -4.291525328881107e-06, -1.0132738680113107e-05, -0.00025733973598107696, -0.00011407678539399058, -0.00013195598148740828, -1.9073468138230965e-06, -4.529942543740617e-06, -6.6756979322235566e-06, -0.000196556793525815, -0.00015186110977083445, -0.0001532914029667154, -2.145764938177308e-06, -5.245195097813848e-06, -7.986990567587782e-06, -0.0002203936892328784, -0.00017796363681554794, -0.00018130090029444546, -2.9802276912960224e-06, -4.529942543740617e-06, -8.4638240878121e-06, -0.00023183519078884274, -0.00019488819816615433, -0.00019107422849629074, -3.814689989667386e-06, -5.602820692729438e-06, -9.417489309271332e-06, -0.00023505308490712196, -0.00018869050836656243, -0.0001248043408850208, -3.3378546504536644e-06, -5.125986263010418e-06, -9.65590606938349e-06, -0.00022063204960431904, -0.0001879753835964948, -0.00015901254664640874, -3.2186455882765586e-06, -5.245195097813848e-06, -1.0013530300057027e-05, -0.00021908267808612436, -0.0002882065309677273, -0.0013441346818581223, -7.390948667307384e-06, -7.748573807475623e-06, -1.156323378381785e-05, -0.00024875884992070496, -0.0003259842633269727, -0.5097298622131348, -5.507317473529838e-05, -3.4570634852570947e-06, -4.291525328881107e-06, -5.125986263010418e-06, -0.00019643761334009469, -8.106198947643861e-06, -3.6954811548639555e-06, -5.960462772236497e-07, -2.145764938177308e-06, -2.9802276912960224e-06, -0.00013600854435935616, -1.3708974620385561e-05, -4.410734163684538e-06, -1.0728830375228426e-06, -1.6689286894688848e-06, -2.3841830625315197e-06, -0.00017855956684798002, -8.4638240878121e-06, -5.125986263010418e-06, -2.145764938177308e-06, -3.2186455882765586e-06, -2.622600959512056e-06, -0.00026008085114881396, -7.390948667307384e-06, -1.3947389561508317e-05, -1.0728830375228426e-06, -2.50339189733495e-06, -2.9802276912960224e-06, -0.00024625606602057815, -7.033323527139146e-06, -1.7165990357170813e-05, -7.152555099310121e-07, -2.145764938177308e-06, -2.861018856492592e-06, -0.00022301571152638644, -1.1801649634435307e-05, -2.586808113846928e-05, -5.960462772236497e-07]",13.85777187347412,True,1.0,-1.0235557074537383,-0.009221222589673318,111.0,-1.0221440463099043,-0.013812757382566274,74.0,0.006713493279447161,0,25,38,25,0.6578947368421053,-0.5216889673209335,-1.0782470656188035,False,72,0.6486486486486487,0.0,1.0,0.0,1.0006566219351263
~/anvil/data/cve-targets/libxml2_repo_xmlstring.c,412,401,421,size = xmlStrlen(cur);,size = xmlStrlen(cur);,   size = xmlStrlen(cur);,0.0290069580078125,"[[1678, 2159, 353, 4903, 5015, 2435, 29898, 2764, 416, 32010, 2]]","[-0.05145786702632904, -0.1258630007505417, -0.0011325619416311383, -0.08531259000301361, -0.0038801159244030714, -0.0026491330936551094, -0.0028203255496919155, -0.0015132891712710261, -0.008850985206663609, -0.26435771584510803, -1.1920928244535389e-07]",10.087728500366213,True,0.0,-0.5478377037215907,-0.0498034276110537,11.0,-0.2834798686672002,-0.03149776318524447,9.0,0.0018834003778362097,1,12,12,12,1.0,-0.9209212043794012,-1.019094460556802,False,8,0.7272727272727273,0.0,1.0,0.0,1.0550851645658101
~/anvil/data/cve-targets/lua_repo_ldebug.c,355,329,359,"if (strchr(what, 'L'))","if (strchr(what, 'L'))"," if (strchr(what, 'L'))",0.06976318359375,"[[29871, 565, 313, 710, 22495, 29898, 5816, 29892, 525, 29931, 8785, 32010, 2]]","[-0.005607232917100191, -0.0425785668194294, -0.45856720209121704, -0.06314956396818161, -8.177422569133341e-05, -8.821448318485636e-06, -2.47952248173533e-05, -4.8397800128441304e-05, -0.0017579830018803477, -0.10726044327020645, -0.08641447871923447, -0.6779333353042603, -4.768370445162873e-07]",13.71442413330078,True,0.0,-1.44343307162751,-0.11103331320211615,13.0,-0.7654992594862051,-0.06959084177147319,11.0,0.016529068080227513,0,19,19,19,1.0,-1.0024765014747594,-1.0743898742376403,False,10,0.7692307692307693,0.0,1.0,0.0,0.9559806503524024
~/anvil/data/cve-targets/php_repo_ext_phar_util.c,1391,1255,1478,PHP_SHA256_CTX context;,PHP_SHA256_CTX context;,			PHP_SHA256_CTX context;,0.0125808715820312,"[[12, 12, 12, 17130, 29918, 23498, 29906, 29945, 29953, 29918, 1783, 29990, 3030, 29936, 32010, 2]]","[-0.000774917658418417, -9.059865078597795e-06, -4.4225667807040736e-05, -0.001312467036768794, -4.470248313737102e-05, -2.2291887944447808e-05, -0.0013043713988736272, -0.00011801023356383666, -2.3841830625315197e-06, -0.0005040090763941407, -6.079655122448457e-06, -1.0728830375228426e-06, -0.13616466522216797, -0.0008118432597257197, -0.004808884579688311, -8.344646857949556e-07]",17.990976333618164,True,0.0,-0.14592981955547657,-0.009120613722217286,16.0,-0.14112010051110246,-0.010080007179364461,14.0,0.0012230914641912904,1,5,5,5,1.0,-1.24810145054127,-1.1956222326143402,False,11,0.6875,0.0,1.0,0.0,0.38046340352359387
~/anvil/data/cve-targets/libxml2_repo_HTMLparser.c,2461,2441,2471,in++;,in++;,"	    in++;
	if ((*",0.0037384033203125,"[[12, 1678, 297, 9107, 13, 12, 361, 5135, 29930]]","[-0.002419046824797988, -0.022341229021549225, -0.0066234576515853405, -0.0008542464347556233, -0.030899500474333763, -0.06614828109741211, -0.9228177070617676, -0.25712594389915466, -0.06997168809175491]",9.651747703552246,True,1.0,-1.3792011005571112,-0.1532445667285679,9.0,-0.12928576150443405,-0.021547626917405676,6.0,0.0005156925161738138,1,6,10,6,0.6,-0.17349489735654852,-1.0302628554351285,False,2,0.2222222222222222,0.0,1.0,0.0,0.9451630837698232
~/anvil/data/cve-targets/libpng_repo_pngrtran.c,3987,3832,4027,else if (row_info->bit_depth == 16),else if (row_info->bit_depth == 16),     else if (row_info->bit_depth == 16),0.0043106079101562,"[[418, 1683, 565, 313, 798, 29918, 3888, 976, 2966, 29918, 19488, 1275, 29871, 29896, 29953, 29897, 32010, 2]]","[-0.0031621474772691727, -0.003776681376621127, -0.05660202354192734, -0.001157209975644946, -0.00028153270250186324, -3.814689989667386e-06, -9.894321920000948e-06, -1.8358061424805783e-05, -2.8967437174287625e-05, -5.960462772236497e-07, -2.622600959512056e-06, -0.00108159682713449, -0.00035089056473225355, -0.00010609064338495955, -7.450303382938728e-05, -0.0012382942950353026, -0.339703768491745, -3.576278118089249e-07]",12.11327075958252,True,0.0,-0.40759934971538314,-0.022644408317521285,18.0,-0.06789522359582634,-0.004243451474739146,16.0,0.00018401277045065903,0,16,16,16,1.0,-1.0158258992277465,-1.0322326805194832,False,15,0.8333333333333334,0.0,1.0,0.0,1.052286732463568
~/anvil/data/cve-targets/lua_repo_ldebug.c,113,106,121,if (isLua(L->ci)),if (isLua(L->ci)), if (isLua(L->ci)),0.142822265625,"[[29871, 565, 313, 275, 29931, 3357, 29898, 29931, 976, 455, 876, 32010, 2]]","[-0.0032709925435483456, -0.7679306268692017, -0.01439108420163393, -0.3894074261188507, -0.14419083297252655, -0.04136654734611511, -0.0003936707798857242, -0.08701195567846298, -0.06322633475065231, -0.0051918914541602135, -0.051055364310741425, -0.5695177912712097, -2.3841855067985307e-07]",9.311493873596191,True,0.0,-2.1369547567155394,-0.16438113513196456,13.0,-1.567436727025779,-0.14249424791143445,11.0,0.05044793405988654,1,17,17,17,1.0,-1.002301971612001,-1.0390640072465036,False,10,0.7692307692307693,0.0,1.0,0.0,1.064119282630427
~/anvil/data/cve-targets/libtiff_repo_libtiff_tif_predict.c,364,356,388,uint8_t *tmp;,uint8_t *tmp;,"	uint8_t *tmp;
",0.041290283203125,"[[12, 13470, 29947, 29918, 29873, 334, 7050, 29936, 13, 32010, 2]]","[-0.2612685561180115, -0.03746228292584419, -0.0027435303200036287, -0.0001971527235582471, -0.00017951308109331876, -0.1826254427433014, -0.024298131465911865, -0.041112251579761505, -0.5172652006149292, -0.5004960894584656, -2.3841855067985307e-07]",9.33919620513916,True,1.0,-1.567648389449431,-0.14251348994994828,11.0,-1.0671520615724148,-0.11857245128582387,9.0,0.027370377755831826,1,7,7,7,1.0,-0.34822830054843884,-1.0383446439851733,False,7,0.6363636363636364,0.0,1.0,0.0,0.9357512132242232
~/anvil/data/cve-targets/lua_repo_ldebug.c,780,750,794,"changedline(p, pcRel(L->oldpc, p), npci)) {",(npci == 1 && p->lineinfo[0] == 0xFFFF))  /* end of function? */,"       (npci == 1 && p->lineinfo[0] == 0xFFFF))  /* end of function? */
      return",1.01953125,"[[4706, 313, 9302, 455, 1275, 29871, 29896, 2607, 282, 976, 1220, 3888, 29961, 29900, 29962, 1275, 29871, 29900, 29916, 22098, 876, 29871, 4949, 1095, 310, 740, 29973, 3776, 13, 418, 736]]","[-0.040241342037916183, -0.8476425409317017, -1.1460720300674438, -0.0001793938863556832, -0.9663037061691284, -0.2433910220861435, -0.005855075083673, -0.0020550815388560295, -0.27651166915893555, -0.0018488947534933686, -0.7382835149765015, -0.001783329644240439, -0.040172867476940155, -0.0342685841023922, -0.02460070699453354, -0.025679271668195724, -0.11067510396242142, -0.00515738083049655, -0.3502168357372284, -1.0736355781555176, -0.21570812165737152, -0.8618525862693787, -0.0016169581795111299, -1.4031273126602173, -0.09151333570480347, -0.9301891326904297, -0.39238283038139343, -0.002208653138950467, -0.26208341121673584, -0.05949292331933975, -0.3121064305305481]",5.276363849639893,False,1.0,-10.466855625010794,-0.33764050403260626,31.0,-10.154749194480246,-0.3384916398160082,30.0,0.1786811395513886,1,23,25,24,0.92,-3.011983547227873,-1.1493522990411327,True,19,0.6129032258064516,53.0,0.26168224299065423,23.0,1.9102985502990353
~/anvil/data/cve-targets/libtiff_repo_libtiff_tif_ojpeg.c,735,730,747,(void)s;,(void) s;,"	(void) s;
	if (sp->",0.78564453125,"[[12, 29898, 5405, 29897, 269, 29936, 13, 12, 361, 313, 1028, 976]]","[-0.5445109605789185, -1.276097297668457, -0.0007798014557920396, -0.0002631794777698815, -0.1509370505809784, -0.0059415861032903194, -0.5557604432106018, -0.6712527275085449, -1.0083353519439697, -0.24284937977790833, -0.6598588824272156, -0.3019469380378723]",5.975165367126465,False,1.0,-5.418533598771319,-0.45154446656427655,12.0,-3.205543046584353,-0.4006928808230441,8.0,0.17784326110396428,1,9,13,9,0.6923076923076923,-1.9607149736133198,-1.1294474462879545,True,5,0.4166666666666667,1.0,0.9411764705882353,0.0,1.7784985632326031
~/anvil/data/cve-targets/openssl_repo_ssl_statem_extensions_srvr.c,627,573,758,EVP_MD_CTX_free(hctx);,EVP_MD_CTX_free(hctx);,   EVP_MD_CTX_free(hctx);,0.039794921875,"[[1678, 382, 18510, 29918, 5773, 29918, 1783, 29990, 29918, 9021, 29898, 29882, 13073, 416, 32010, 2]]","[-0.018980544060468674, -0.1702212542295456, -3.182837463100441e-05, -1.811964830267243e-05, -0.2905014157295227, -1.2397689715726301e-05, -7.4741430580616e-05, -1.311301275563892e-06, -3.909988299710676e-05, -0.056404754519462585, -5.602679812000133e-05, -0.00015829740732442588, -6.437280717364047e-06, -1.3351351299206726e-05, -0.009851880371570587, -4.768370445162873e-07]",15.575400352478027,True,0.0,-0.5463719369125783,-0.03414824605703615,16.0,-0.5365195797039632,-0.03832282712171166,14.0,0.006881942517557177,0,9,9,9,1.0,-1.0384129998711482,-1.1255562378264432,False,13,0.8125,0.0,1.0,0.0,0.6656054752601646
~/anvil/data/cve-targets/lua_repo_lstate.h,162,10,312,} transferinfo;,ptrdiff_t transferinfo;,     ptrdiff_t transferinfo; ,0.013763427734375,"[[418, 23246, 12765, 29918, 29873, 6782, 3888, 29936, 29871]]","[-0.1366550624370575, -1.2868685722351074, -0.0007188120507635176, -2.4676019165781327e-05, -4.0531076592742465e-06, -0.17113395035266876, -0.007767591159790754, -0.01694217324256897, -0.17063705623149872]",8.587947845458984,False,0.0,-1.7907519468362807,-0.19897243853736452,9.0,-1.7907519468362807,-0.19897243853736452,9.0,0.15301630784043535,0,5,5,5,1.0,-0.06917253382201677,-1.058030293249974,True,4,0.4444444444444444,9.0,0.736842105263158,4.0,1.842324437595222
~/anvil/data/cve-targets/libsndfile_repo_src_ulaw.c,808,656,958,"i2ulaw_array (const int *ptr, int count, unsigned char *buffer)","i2ulaw_array (const int *ptr, int count, unsigned char *buffer)","i2ulaw_array (const int *ptr, int count, unsigned char *buffer)
{	for (int i = 0 ;",0.0012807846069335,"[[29875, 29906, 352, 1450, 29918, 2378, 313, 3075, 938, 334, 7414, 29892, 938, 2302, 29892, 12780, 1373, 334, 9040, 29897, 13, 29912, 12, 1454, 313, 524, 474, 353, 29871, 29900, 2056]]","[-0.01372507307678461, -9.298280929215252e-06, -0.00019536493346095085, -2.0265558760002023e-06, -0.0002431573811918497, -3.3378044463461265e-05, -0.00029762129997834563, -0.00456897122785449, -0.0006023023161105812, -0.00048673225683160126, -0.0012522244360297918, -5.6622808187967166e-05, -0.00012492353562265635, -0.00012778419477399439, -5.602679812000133e-05, -0.00046266341814771295, -1.3351351299206726e-05, -0.00013076403411105275, -0.0003364712174516171, -0.0029341999907046556, -0.20166495442390442, -0.0006528153317049146, -0.010172544978559017, -0.01374529767781496, -3.564294092939235e-05, -6.949660019017756e-05, -0.00013255194062367082, -7.545663538621739e-05, -2.8967437174287625e-05, -5.364403477869928e-06, -0.0001699779968475923]",11.217658042907717,True,1.0,-0.2524120275245423,-0.008142323468533622,31.0,-0.22732391158183418,-0.010824948170563533,21.0,0.0018299325993686032,0,25,35,25,0.7142857142857143,-0.11831785120379233,-1.0093774850032744,False,20,0.6451612903225806,0.0,1.0,0.0,1.230733712103856
~/anvil/data/cve-targets/libsndfile_repo_src_aiff.c,1461,1451,1466,pos = psf_ftell (psf) ;,chunk_info->datalen = psf->rchunks.chunks [indx].,	chunk_info->datalen = psf->rchunks.chunks [indx].,0.1224365234375,"[[12, 29812, 29918, 3888, 976, 29881, 2075, 264, 353, 282, 4668, 976, 29878, 305, 18801, 29889, 305, 18801, 518, 513, 29916, 1822]]","[-0.047827351838350296, -0.5155125260353088, -2.9444261599564925e-05, -2.6702524337451905e-05, -7.080780778778717e-05, -0.1524980664253235, -5.721882189391181e-05, -1.8358061424805783e-05, -0.0032164526637643576, -0.4783632457256317, -0.0001864259538706392, -0.004787055309861898, -0.000987756997346878, -9.548207890475169e-05, -5.960446742392378e-06, -3.290122185717337e-05, -0.00033396866638213396, -1.5497195136049413e-06, -0.00020990552729927003, -0.00010585224663373083, -1.1920922133867862e-06, -3.611976353568025e-05]",14.39454174041748,False,0.0,-1.2044043441895838,-0.054745652008617446,22.0,-1.2044043441895838,-0.054745652008617446,22.0,0.02064664702436719,0,12,19,19,0.631578947368421,-2.2364611424890404,-1.09281384799684,True,12,0.5454545454545454,41.0,0.25,19.0,1.8235121346110787
~/anvil/data/cve-targets/libsndfile_repo_src_alaw.c,307,304,313,{,buffer [i],		buffer [i],0.69384765625,"[[12, 12, 9040, 518, 29875, 29962]]","[-0.0017445358680561185, -0.6938058137893677, -0.6623908877372742, -0.00848167110234499, -0.0034560970962047577, -0.005593481939285994]",9.7493896484375,False,0.0,-1.3754724875325337,-0.2292454145887556,6.0,-1.3754724875325337,-0.2292454145887556,6.0,0.10082094142381752,1,2,7,7,0.2857142857142857,-3.0266588210485974,-1.0277510007384447,True,1,0.16666666666666666,10.0,0.0,6.0,2.024673087028165
~/anvil/data/cve-targets/sqlite3_repo_src_select.c,1067,945,1302,#endif,}," }
   ",0.814453125,"[[29871, 500, 13, 1678]]","[-0.8217591643333435, -0.0005555993411689997, -0.48078471422195435, -0.21716150641441345]",11.360396385192873,False,1.0,-1.5202609843108803,-0.3800652460777201,4.0,-1.5202609843108803,-0.3800652460777201,4.0,0.09395078226241374,0,2,2,2,1.0,-2.1429297558910485,-1.012985841032447,True,2,0.5,6.0,0.0,1.0,2.0945807905783456
~/anvil/data/cve-targets/libtiff_repo_libtiff_tif_predict.c,419,411,430,assert(rowsize > 0);,assert(rowsize > 0);,		assert(rowsize > 0);,0.1876220703125,"[[12, 12, 9294, 29898, 798, 2311, 1405, 29871, 29900, 416, 32010, 2]]","[-0.04141001030802727, -0.004772343672811985, -0.49101734161376953, -0.022362329065799713, -0.4370929002761841, -2.6702524337451905e-05, -0.49311625957489014, -0.011610318906605244, -0.004608960822224617, -0.04232858121395111, -0.3781295716762543, -1.1920928244535389e-07]",8.474286079406738,True,0.0,-1.9264754388641379,-0.16053961990534482,12.0,-1.5483457479786011,-0.15483457479786011,10.0,0.04397598126707627,1,12,12,12,1.0,-1.2117582300816512,-1.061041008556095,False,8,0.6666666666666666,0.0,1.0,0.0,0.9411270107151
~/anvil/data/cve-targets/openssl_repo_crypto_x509_x509_vfy.c,963,951,997,if (crl_score < best_score),if (crl_score < best_score),       if (crl_score < best_score),0.189208984375,"[[4706, 565, 313, 29883, 2096, 29918, 13628, 529, 1900, 29918, 13628, 29897, 32010, 2]]","[-0.016787918284535408, -0.3369119167327881, -0.09426744282245636, -0.067473404109478, -3.981510963058099e-05, -0.0033028358593583107, -0.017908193171024323, -0.8052186965942383, -0.6829538941383362, -2.3841830625315197e-06, -1.6331539882230572e-05, -0.06861203163862228, -0.23404760658740997, -1.1920922133867862e-06]",10.833648681640623,True,0.0,-2.327543662863036,-0.16625311877593113,14.0,-2.0934948641834126,-0.17445790534861771,12.0,0.07348717931050001,1,12,12,12,1.0,-1.0845538010840228,-1.0002664801826124,False,11,0.7857142857142857,0.0,1.0,0.0,1.1453113677386138
~/anvil/data/cve-targets/libxml2_repo_HTMLparser.c,694,542,844,"static const char* const object_attrs[] = { ATTRS, ""declare"", ""classid"", ""codebase"", ""data"", ""type"", ""codetype"", ""archive"", ""standby"", ""height"", ""width"", ""usemap"", ""name"", ""tabindex"", NULL } ;","static const char* const object_attrs[] = { ATTRS, ""declare"", ""classid"", ""codebase"", ""data"", ""type"", ""codetype"", ""archive"", ""standby"", ""height"", ""width"", ""usemap"", ""name"", ""tabindex"", ""align"", ""border"", ""hspace"", ""vspace"", ""classid"", ""standby"", ""codebase"", ""data"", ""type"", ""codetype"", ""archive"",","static const char* const object_attrs[] = { ATTRS, ""declare"", ""classid"", ""codebase"", ""data"", ""type"", ""codetype"", ""archive"", ""standby"", ""height"", ""width"", ""usemap"", ""name"", ""tabindex"", ""align"", ""border"", ""hspace"", ""vspace"", ""classid"", ""standby"", ""codebase"", ""data"", ""type"", ""codetype"", ""archive"",",0.15234375,"[[7959, 1040, 1373, 29930, 1040, 1203, 29918, 5552, 29879, 2636, 353, 426, 15531, 5659, 29903, 29892, 376, 7099, 8663, 613, 376, 1990, 333, 613, 376, 401, 3188, 613, 376, 1272, 613, 376, 1853, 613, 376, 19284, 300, 668, 613, 376, 10867, 613, 376, 1689, 1609, 613, 376, 3545, 613, 376, 2103, 613, 376, 375, 331, 481, 613, 376, 978, 613, 376, 3891, 2248, 613, 376, 2520, 613, 376, 11466, 613, 376, 14158, 613, 376, 15026, 613, 376, 1990, 333, 613, 376, 1689, 1609, 613, 376, 401, 3188, 613, 376, 1272, 613, 376, 1853, 613, 376, 19284, 300, 668, 613, 376, 10867, 613]]","[-0.006218133959919214, -5.781483559985645e-05, -0.0004124982515349984, -0.0003351603518240154, -4.2199197196168825e-05, -0.864902138710022, -0.010788212530314922, -0.8531197905540466, -0.0059959776699543, -0.00040165462996810675, -0.0007122601964510977, -0.014594231732189655, -0.6515913009643555, -9.536738616588991e-07, -1.9907753085135482e-05, -0.018661288544535637, -0.012715219520032406, -0.7346417307853699, -0.0013325868640094995, -0.016651693731546402, -0.05286658927798271, -0.19471830129623413, -0.0010246747406199574, -0.006652944255620241, -0.07973656803369522, -0.09698758274316788, -0.43763166666030884, -0.008090699091553688, -0.1232331320643425, -0.5855185985565186, -0.005992422811686993, -0.043934136629104614, -0.21412137150764465, -0.006589943543076515, -0.07215091586112976, -0.06759753078222275, -0.0006530536338686943, -0.0003762729174923152, -0.0074908798560500145, -0.07478612661361694, -0.04246272146701813, -0.003564791288226843, -0.03636245056986809, -0.033392272889614105, -0.0005091324565000832, -0.005481688305735588, -0.08717093616724014, -0.5420647859573364, -0.001434488920494914, -0.003692002035677433, -0.15053339302539825, -0.009068019688129425, -0.3762335777282715, -0.0196407288312912, -0.001977275824174285, -3.7431014789035544e-05, -0.0052036321721971035, -0.057326093316078186, -0.1812741905450821, -0.00619479501619935, -0.05337980017066002, -0.018914690241217613, -6.997340824455023e-05, -0.0026391458231955767, -0.043340373784303665, -0.2794650197029114, -0.00551037909463048, -0.0505477599799633, -0.0181814506649971, -0.0012036467669531703, -0.01722167246043682, -0.011153846979141235, -0.00034564718953333795, -0.0014286560472100973, -0.00045658653834834695, -0.03126756101846695, -0.5486046671867371, -0.9882547855377197, -0.22589074075222015, -0.07615245133638382, -0.46784594655036926, -0.8721291422843933, -0.0008705640211701393, -0.04431739076972008, -0.5823736190795898, -1.0882997512817383, -0.5181291699409485, -0.05859224125742912, -0.36461973190307617, -1.1827822923660278, -0.035805005580186844, -0.15629757940769196, -0.14567852020263672, -0.03203410282731056, -0.2093500941991806, -0.12133857607841492, -0.00013040646445006132, -4.362964682513848e-05, -0.02215072698891163, -0.17690837383270264, -0.20034408569335938, -0.030590038746595383]",12.00876522064209,False,0.0,-15.521632416357079,-0.15217286682703018,102.0,-15.521632416357079,-0.15217286682703018,102.0,0.0702504061031099,0,90,138,138,0.6521739130434783,-1.0011229542856943,-1.0295393495867806,True,67,0.6568627450980392,109.0,0.7638603696098563,58.0,2.927230621664591
~/anvil/data/cve-targets/libtiff_repo_libtiff_tif_dirwrite.c,2004,1974,2023,"if (!_TIFFmemcmp(tif->tif_dir.td_transferfunction[0],tif->tif_dir.td_transferfunction[1],m*sizeof(uint16_t)))","if (!_TIFFmemcmp(tif->tif_dir.td_transferfunction[0],tif->tif_dir.td_transferfunction[1],m*sizeof(uint16_t)))","		if (!_TIFFmemcmp(tif->tif_dir.td_transferfunction[0],tif->tif_dir.td_transferfunction[1],m*sizeof(uint16_t)))",0.0069084167480468,"[[12, 12, 361, 5384, 29918, 24301, 4198, 6954, 21058, 29898, 29873, 361, 976, 29873, 361, 29918, 3972, 29889, 1594, 29918, 3286, 571, 2220, 29961, 29900, 1402, 29873, 361, 976, 29873, 361, 29918, 3972, 29889, 1594, 29918, 3286, 571, 2220, 29961, 29896, 1402, 29885, 29930, 17921, 29898, 13470, 29896, 29953, 29918, 29873, 4961, 32010, 2]]","[-0.001875072019174695, -0.0003761537664104253, -0.0840548649430275, -0.12673388421535492, -0.008260016329586506, -1.8000440832111053e-05, -1.1920928244535389e-07, -4.95898348162882e-05, -0.00042441420373506844, -0.006607588846236467, -0.00027092601521871984, -2.0265558760002023e-06, -3.933898824470816e-06, -3.6954811548639555e-06, -3.576272320060525e-06, -7.152555099310121e-07, -5.125986263010418e-06, -1.6689286894688848e-06, -4.6491513785440475e-06, -2.3841855067985307e-07, -4.756337511935271e-05, -1.7881377516459906e-06, -2.0265558760002023e-06, -0.00019977481861133128, -0.08119451999664307, -0.0003610197745729238, -0.009232684038579464, -1.966933996300213e-05, -7.986990567587782e-06, -2.169585604860913e-05, -3.158996332786046e-05, -5.960462772236497e-07, -1.3351351299206726e-05, -4.291525328881107e-06, -5.722029527532868e-06, -1.9073468138230965e-06, -4.3987260141875595e-05, -2.622600959512056e-06, -4.529942543740617e-06, -5.61460001335945e-05, -0.009964956901967525, -8.093983342405409e-05, -0.009113499894738197, -0.00035315475543029606, -0.00038521020906046033, -2.6464111215318553e-05, -6.544376083184034e-05, -4.672895011026412e-05, -7.152555099310121e-07, -6.079655122448457e-06, -2.861018856492592e-06, -0.007966175675392151, -0.07028020173311234, -8.344646857949556e-07]",9.982314109802246,True,0.0,-0.4182429989417855,-0.007745240721144176,54.0,-0.3479619627439874,-0.006691576206615142,52.0,0.0005353492503518078,1,50,50,50,1.0,-1.0324050021603721,-1.0217836830719618,False,50,0.9259259259259259,0.0,1.0,0.0,1.474148505686376
~/anvil/data/cve-targets/openssl_repo_crypto_asn1_a_type.c,110,98,119,if (rt == NULL) {,if (rt == NULL) {,       if (rt == NULL) {,0.04962158203125,"[[4706, 565, 313, 2273, 1275, 4265, 29897, 426, 32010, 2]]","[-0.001829380402341485, -0.0046363710425794125, -0.3413879871368408, -0.0035815397277474403, -0.00029666791670024395, -0.00023469554434996098, -0.0008249455713666975, -0.0008575814426876605, -0.1082148626446724, -1.1920928244535389e-07]",16.11765480041504,True,0.0,-0.46186415063856856,-0.04618641506385686,10.0,-0.3536491687846137,-0.044206146098076715,8.0,0.012618940001186005,0,14,14,14,1.0,-1.122504140513821,-1.1409185781859121,False,7,0.7,0.0,1.0,0.0,0.6725378929714713
~/anvil/data/cve-targets/libxml2_repo_xzlib.c,534,473,573,},},"       }
       ",8.797645568847656e-05,"[[4706, 500, 13, 4706]]","[-0.00033122775494121015, -8.749579137656838e-05, -0.1135505884885788, -0.04241302236914635]",12.273128509521484,True,1.0,-0.15638233440404292,-0.03909558360101073,4.0,-0.15638233440404292,-0.03909558360101073,4.0,0.0021447148378782367,1,2,2,2,1.0,-0.0022502914034055275,-1.0363661945390925,False,1,0.25,0.0,1.0,0.0,0.8786136084087429
~/anvil/data/cve-targets/libsndfile_repo_src_ulaw.c,829,826,835,{,{,	{,0.52392578125,"[[12, 29912, 32010, 2]]","[-0.0014354411978274584, -0.5174845457077026, -0.5743446350097656, -1.1920928244535389e-07]",10.321249961853027,True,0.0,-1.0932647411245782,-0.27331618528114454,4.0,-0.5189199869055301,-0.25945999345276505,2.0,0.06657666956636102,1,2,2,2,1.0,-2.0192931259954774,-1.0131622828450517,False,1,0.25,0.0,1.0,0.0,1.0449283545916497
~/anvil/data/cve-targets/libtiff_repo_libtiff_tif_predict.c,343,338,352,tmsize_t wc = cc / 4;,tmsize_t wc = cc / sizeof (uint32_t);,"	tmsize_t wc = cc / sizeof (uint32_t);
",0.1937255859375,"[[12, 29873, 1516, 675, 29918, 29873, 28678, 353, 21759, 847, 13810, 313, 13470, 29941, 29906, 29918, 29873, 416, 13, 32010, 2]]","[-0.07957673072814941, -0.674493670463562, -0.00017414960893802345, -2.9801878554280847e-05, -3.814689989667386e-06, -7.271740287251305e-06, -0.00642200093716383, -0.030924003571271896, -0.08406078070402145, -0.39579489827156067, -0.6765416860580444, -0.21947281062602997, -0.02003714255988598, -0.002784187439829111, -1.0728830375228426e-06, -0.00010883215873036534, -2.4914430468925275e-05, -0.012080952525138855, -0.4649072289466858, -1.0021178722381592, -3.576278118089249e-07]",11.775975227355955,False,1.0,-3.6695641800873204,-0.17474115143272956,21.0,-2.6674459502213494,-0.14039189211691314,19.0,0.051267087736405134,1,11,16,16,0.6875,-1.3798915522569677,-1.0235650893419415,True,12,0.5714285714285714,17.0,0.6896551724137931,6.0,2.0565367635756737
~/anvil/data/cve-targets/sqlite3_repo_src_sqliteInt.h,3863,3711,4013,# define SQLITE_CORRUPT_PGNO(P) sqlite3CorruptError(__LINE__),# define SQLITE_CORRUPT_PGNO(P) SQLITE_CORRUPT,"# define SQLITE_CORRUPT_PGNO(P) SQLITE_CORRUPT
#endif
#if defined(SQLITE_DEBUG) || defined",0.205322265625,"[[29937, 4529, 3758, 9094, 29918, 29907, 1955, 29934, 4897, 29911, 29918, 16903, 6632, 29898, 29925, 29897, 3758, 9094, 29918, 29907, 1955, 29934, 4897, 29911, 13, 29937, 15224, 13, 29937, 361, 3342, 29898, 4176, 9094, 29918, 18525, 29897, 3830, 3342]]","[-0.009666303172707558, -0.007055487018078566, -0.0014621054287999868, -1.6331539882230572e-05, -0.0003924791526515037, -0.006020150613039732, -0.00038187362952157855, -1.0728830375228426e-06, -8.583032467868179e-06, -3.325883881188929e-05, -0.002928851405158639, -0.007704069372266531, -1.5735502529423684e-05, -0.05759318172931671, -0.0782184973359108, -0.0016500442288815975, -0.08376504480838776, -7.629365427419543e-06, -1.3828182090946939e-05, -0.334735631942749, -0.0013784202747046947, -1.311301275563892e-06, -9.536738616588991e-07, -1.0847986231965479e-05, -0.026047052815556526, -0.001353658502921462, -0.054277170449495316, -0.021360931918025017, -0.3959030508995056, -0.11838991940021515, -0.4404255449771881, -0.001476984703913331, -0.0028242485132068396, -3.302042750874534e-05, -4.60137271147687e-05, -0.029514329507946968, -0.00041392818093299866, -0.050407104194164276, -0.023435041308403015]",9.698989868164062,False,2.0,-1.7589696919438893,-0.045101786972920235,39.0,-0.6191087452333477,-0.024764349809333907,25.0,0.004564028404418977,0,9,19,9,0.47368421052631576,-8.291042050601796,-1.0290467775181527,True,25,0.6410256410256411,27.0,0.6728971962616823,1.0,2.017375112301949
~/anvil/data/cve-targets/lua_repo_ldebug.c,776,750,794,const Proto *p = ci_func(ci)->p;,Proto *p = ci_func(ci)->p;,   Proto *p = ci_func(ci)->p;,0.312744140625,"[[1678, 1019, 517, 334, 29886, 353, 4583, 29918, 9891, 29898, 455, 19969, 29886, 29936, 32010, 2]]","[-0.0023197426926344633, -0.7004474401473999, -0.006308641284704208, -0.0010237219976261258, -0.0005895545473322272, -0.007479047868400812, -0.41592007875442505, -0.10419183224439621, -0.009998830035328865, -0.021908991038799286, -0.009421530179679394, -0.0004812512779608369, -0.43459856510162354, -0.03035495989024639, -0.14909297227859497, -2.3841855067985307e-07]",8.77717113494873,False,0.0,-1.894137397757703,-0.11838358735985643,16.0,-1.7450441870605573,-0.12464601336146838,14.0,0.04625200648369034,1,20,18,18,1.1111111111111112,-2.5090585105041,-1.0530370138095737,True,14,0.875,6.0,0.896551724137931,2.0,2.0800208163814675
~/anvil/data/cve-targets/php_repo_ext_phar_phar.c,717,635,1125,"PHAR_GET_32(buffer, manifest_flags);",/* extract flags */,"	/* extract flags */
	PHAR_GET_32(buffer, manifest_flags);
	if (",0.17138671875,"[[12, 5515, 6597, 13449, 3776, 13, 12, 19689, 1718, 29918, 7194, 29918, 29941, 29906, 29898, 9040, 29892, 10419, 29918, 15764, 416, 13, 12, 361, 313]]","[-0.1444748044013977, -0.8363014459609985, -1.4170424938201904, -1.2526295185089111, -0.4645156264305115, -0.05179829150438309, -0.002211150946095586, -0.1742822825908661, -5.364403477869928e-06, -1.6927575416048057e-05, -0.0003936707798857242, -3.373566141817719e-05, -0.1006484255194664, -1.9073468138230965e-06, -0.00032395837479270995, -0.00015496007108595222, -0.0012119814055040479, -0.06658356636762619, -1.0728830375228426e-06, -0.006858498323708773, -0.0003840185818262398, -0.5640801787376404, -0.04829033836722374, -1.0789110660552979, -0.20695099234580994]",14.592015266418455,False,2.0,-6.418106276963385,-0.2567242510785354,25.0,-4.168973331572488,-0.5955676187960697,7.0,0.2904172024336794,1,11,14,2,0.7857142857142857,-0.2877703779403848,-1.0982222322668116,True,15,0.6,29.0,0.32727272727272727,10.0,1.8022678443535847
~/anvil/data/cve-targets/php_repo_ext_phar_util.c,1475,1255,1478,},},"	}
	return SU",0.07379150390625,"[[12, 29913, 13, 12, 2457, 20134]]","[-0.004090751986950636, -0.07380478829145432, -0.006951907183974981, -0.2054760754108429, -0.7641373872756958, -0.004898926708847284]",10.76171588897705,True,1.0,-1.059359836857766,-0.17655997280962765,6.0,-0.29032352287322283,-0.07258088071830571,4.0,0.006665172655730612,0,2,4,2,0.5,-1.0166796431231366,-1.0020668975937435,False,1,0.16666666666666666,0.0,1.0,0.0,1.00614389504727
~/anvil/data/cve-targets/libxml2_repo_xmlregexp.c,1804,1766,1821,#endif,#endif,"#endif
	",0.1185302734375,"[[29937, 15224, 13, 12]]","[-0.23464380204677582, -0.002501931507140398, -0.35749125480651855, -0.03899392485618591]",16.07839584350586,True,1.0,-0.6336309132166207,-0.15840772830415517,4.0,-0.6336309132166207,-0.15840772830415517,4.0,0.021003115848282454,0,2,3,2,0.6666666666666666,-0.7482606733044782,-1.1397993456920639,False,2,0.5,0.0,1.0,0.0,0.5515660001068161
~/anvil/data/cve-targets/lua_repo_liolib.c,171,165,172,return 0;,return 0;, return 0;,0.29443359375,"[[29871, 736, 29871, 29900, 29936, 32010, 2]]","[-0.02004976198077202, -1.1112749576568604, -0.31488513946533203, -0.02583785355091095, -0.0003361137059982866, -0.39812642335891724, -2.3841855067985307e-07]",5.078447818756104,True,0.0,-1.8705104881373416,-0.2672157840196202,7.0,-1.4723838263598736,-0.29447676527197475,5.0,0.18031431135003143,0,5,5,5,1.0,-0.9998533958292605,-1.1550532724635671,False,4,0.5714285714285714,0.0,1.0,0.0,0.5641797381204569
~/anvil/data/cve-targets/lua_repo_ldebug.c,80,77,81,"return luaG_getfuncline(ci_func(ci)->p, currentpc(ci));",int line = 0;," int line = 0;
  const char *p = getstr(ci->u.s.src);
  while ((p = strchr(p + ",0.576171875,"[[29871, 938, 1196, 353, 29871, 29900, 29936, 13, 29871, 1040, 1373, 334, 29886, 353, 679, 710, 29898, 455, 976, 29884, 29889, 29879, 29889, 4351, 416, 13, 29871, 1550, 5135, 29886, 353, 851, 22495, 29898, 29886, 718, 29871]]","[-0.26654183864593506, -1.3068145513534546, -0.644071102142334, -0.2727670669555664, -0.9950002431869507, -0.24872858822345734, -0.054298847913742065, -0.21453122794628143, -0.028784887865185738, -1.3653885126113892, -0.03080541267991066, -0.0019615711644291878, -0.09184376895427704, -0.1768658310174942, -0.6921363472938538, -0.05181742087006569, -0.0976911187171936, -0.14417876303195953, -0.01860875077545643, -0.10035119205713272, -0.03851732239127159, -0.8018975853919983, -0.030553271993994713, -0.8624826073646545, -0.14200738072395325, -0.6502701640129089, -0.015026002191007137, -1.5180637836456299, -0.5671038627624512, -0.12878261506557465, -0.1414477825164795, -0.1611386388540268, -0.00792206171900034, -0.00036638224264606833, -0.0031653561163693666, -0.40081772208213806, -0.028215205296874046]",3.0313994884490967,False,2.0,-12.300964787777048,-0.33245850777775804,37.0,-4.031538354232907,-0.4479487060258786,9.0,0.17375642985510825,0,25,42,8,0.5952380952380952,-1.2862452045273098,-1.215703199645465,True,23,0.6216216216216216,47.0,0.23529411764705888,23.0,1.635530400121025
~/anvil/data/cve-targets/lua_repo_ldebug.c,396,359,568,},},},0.0009775161743164,"[[29913, 32010, 2]]","[-0.0009778724052011967, -0.21344982087612152, -2.3841855067985307e-07]",12.64914894104004,True,0.0,-0.2144279316998734,-0.07147597723329113,3.0,-0.0009778724052011967,-0.0009778724052011967,1.0,0.0,0,2,2,2,1.0,-0.9996357082141781,-1.0461545015918665,False,1,0.3333333333333333,0.0,1.0,0.0,0.8459211791156638
~/anvil/data/cve-targets/libsndfile_repo_src_wavlike.c,388,385,391,"psf_binheader_writef (psf, ""422b"", BHW4 (subformat->esf_field1),","psf_binheader_writef (psf, ""16444c"", BHW4 (subformat->esf_field1),","	psf_binheader_writef (psf, ""16444c"", BHW4 (subformat->esf_field1),",0.662109375,"[[12, 567, 29888, 29918, 2109, 6672, 29918, 3539, 29888, 313, 567, 29888, 29892, 376, 29896, 29953, 29946, 29946, 29946, 29883, 613, 350, 29950, 29956, 29946, 313, 1491, 4830, 976, 267, 29888, 29918, 2671, 29896, 511, 32010, 2]]","[-0.013927885331213474, -1.0039875507354736, -8.582700684200972e-05, -0.1517735868692398, -0.1678140014410019, -0.0006210067658685148, -0.00020823694649152458, -0.004474389832466841, -0.001589702907949686, -0.015769068151712418, -0.004331729840487242, -0.00010680581908673048, -0.0008102948195300996, -0.023633915930986404, -0.43635937571525574, -0.12687554955482483, -1.492262840270996, -0.6552000641822815, -0.7418302297592163, -0.6673522591590881, -0.14017565548419952, -0.8447010517120361, -0.12586615979671478, -0.007616054266691208, -0.5835625529289246, -0.3364182412624359, -0.41022974252700806, -9.894321920000948e-06, -0.0020104688592255116, -0.13531768321990967, -0.0005769256968051195, -0.00120698066893965, -1.4936991930007935, -0.4319281578063965, -0.016924239695072174, -0.114010289311409, -9.536738616588991e-07]",9.184231758117676,False,0.0,-10.153268565272356,-0.2744126639262799,37.0,-10.039257322287085,-0.28683592349391673,35.0,0.1670373698226147,0,20,20,20,1.0,-2.308320962503297,-1.0423751087678095,True,32,0.8648648648648649,5.0,0.9384615384615385,1.0,2.174790825090179
~/anvil/data/cve-targets/libtiff_repo_libtiff_tif_dirread.c,5769,5723,5775,"if ((nstrips64==0)||(nstrips64>0xFFFFFFFF)) /* something is wonky, do nothing. */",if (nstrips64 > UINT32_MAX),       if (nstrips64 > UINT32_MAX),1.22265625,"[[4706, 565, 313, 29876, 303, 374, 567, 29953, 29946, 1405, 501, 10192, 29941, 29906, 29918, 12648, 29897, 32010, 2]]","[-0.20817449688911438, -0.22194787859916687, -0.5048086047172546, -0.21595636010169983, -3.516612196108326e-05, -5.960462772236497e-07, -9.536738616588991e-07, -0.0005651307292282581, -5.006777428206988e-06, -0.28147780895233154, -0.6280001401901245, -0.0005332001601345837, -0.20617170631885529, -6.222531374078244e-05, -0.0025018127635121346, -0.00024196557933464646, -0.051757995039224625, -0.26162734627723694, -8.344646857949556e-07]",9.23468780517578,False,0.0,-2.583869228715173,-0.13599311730079858,19.0,-2.3222410479732503,-0.13660241458666178,17.0,0.035038185082480154,1,25,12,12,2.0833333333333335,-8.950473194046918,-1.04106108450941,True,35,1.8421052631578947,66.0,0.2777777777777778,14.0,2.3306756991933706
~/anvil/data/cve-targets/libsndfile_repo_src_alaw.c,327,323,332,if (ptr [i] >= 0),if (ptr [i] >= 0),		if (ptr [i] >= 0),0.1866455078125,"[[12, 12, 361, 313, 7414, 518, 29875, 29962, 6736, 29871, 29900, 29897, 32010, 2]]","[-0.006021216977387667, -0.0005550036439672112, -0.06957067549228668, -0.011528185568749905, -0.0893092229962349, -0.008778905496001244, -0.0006273209000937641, -0.000974537746515125, -0.8946776390075684, -0.03516358137130737, -0.020570162683725357, -0.7220658659934998, -0.04524195194244385, -2.3841855067985307e-07]",8.838544845581055,True,0.0,-1.9050845082383319,-0.13607746487416655,14.0,-1.8598423178773373,-0.15498685982311144,12.0,0.0873583143158308,1,17,17,17,1.0,-1.2042666586413906,-1.0514225329855285,False,10,0.7142857142857143,0.0,1.0,0.0,1.030053092099923
~/anvil/data/cve-targets/lua_repo_ldo.c,329,312,331,if (isLua(ci->previous)),if (L->openupval)," if (L->openupval)
    luaF_close(L",0.6650390625,"[[29871, 565, 313, 29931, 976, 3150, 786, 791, 29897, 13, 1678, 301, 3357, 29943, 29918, 5358, 29898, 29931]]","[-0.5519243478775024, -1.2380590438842773, -0.06672698259353638, -0.6823827028274536, -0.004562682006508112, -1.0502171516418457, -0.004796427674591541, -0.018782615661621094, -0.11069410294294357, -0.8257355690002441, -0.007709983736276627, -0.18593603372573853, -0.011831585317850113, -0.07861925661563873, -3.0397906812140718e-05, -0.2040885090827942, -0.02780717983841896, -0.003717774758115411]",12.974308013916016,False,1.0,-5.073622347092169,-0.28186790817178714,18.0,-4.561591609846801,-0.41469014634970913,11.0,0.20121516065453357,1,17,12,12,1.4166666666666667,-1.6037011449487664,-1.054693326220582,True,10,0.5555555555555556,15.0,0.5365853658536586,7.0,2.099863408009987
~/anvil/data/cve-targets/sqlite3_repo_src_printf.c,63,-89,213,"static const char aPrefix[] = ""-x0\000X0"";","static const char aPrefix[] = ""-+ 0x0X0x"";","static const char aPrefix[] = ""-+ 0x0X0x"";
/*
** The following table is searched linear",0.159423828125,"[[7959, 1040, 1373, 263, 23095, 2636, 353, 11663, 29974, 29871, 29900, 29916, 29900, 29990, 29900, 29916, 1769, 13, 5515, 13, 1068, 450, 1494, 1591, 338, 17371, 5608]]","[-0.10798878222703934, -0.011268308386206627, -0.3420215845108032, -0.00374259683303535, -0.06735840439796448, -0.016569269821047783, -0.0029090014286339283, -0.12282983958721161, -0.2801225781440735, -0.7750957608222961, -0.0005068686441518366, -0.14306509494781494, -0.6436042785644531, -0.4241034686565399, -0.0063341096974909306, -0.0032031440641731024, -0.0021058782003819942, -0.037673886865377426, -0.46323150396347046, -0.154960498213768, -0.0011972171487286687, -0.5625065565109253, -0.16358700394630432, -0.052386488765478134, -0.25480324029922485, -0.38183867931365967, -0.08187025785446167]",8.583603858947754,False,2.0,-5.106884301814716,-0.1891438630301747,27.0,-2.9905028557986952,-0.16613904754437195,18.0,0.05261798259743648,0,20,29,18,0.6896551724137931,-0.9595807275975958,-1.0581452012224035,True,17,0.6296296296296297,5.0,0.9047619047619048,3.0,2.0369906383105687
~/anvil/data/cve-targets/openssl_repo_crypto_asn1_a_type.c,125,-27,275,},},"}
AS",0.0012855529785156,"[[29913, 13, 3289]]","[-0.0012880609137937427, -0.09320633113384247, -1.0745295286178589]",11.161163330078123,True,1.0,-1.169023920665495,-0.3896746402218317,3.0,-0.09449439204763621,-0.047247196023818105,2.0,0.002112242100061474,0,2,3,2,0.6666666666666666,-0.027209085124703086,-1.0079528789951329,False,1,0.3333333333333333,0.0,1.0,0.0,0.9741508522369673
~/anvil/data/cve-targets/libtiff_repo_libtiff_tif_predict.c,606,579,615,assert(rowsize > 0);,if (sp->preencode),"	if (sp->preencode)
		(*sp->preencode",0.453125,"[[12, 361, 313, 1028, 976, 1457, 12508, 29897, 13, 12, 12, 10456, 1028, 976, 1457, 12508]]","[-0.439884752035141, -1.3335734605789185, -0.16073036193847656, -0.932113766670227, -0.0005465444410219789, -1.8884748220443726, -1.460784673690796, -0.3591988682746887, -0.25373080372810364, -0.037715330719947815, -0.024690844118595123, -0.06426707655191422, -0.005982942879199982, -7.712543447269127e-05, -0.007769957184791565, -0.002107900334522128]",8.254106521606445,False,1.0,-6.971649230625189,-0.43572807691407434,16.0,-6.891444228240289,-0.6264949298400263,11.0,0.40407243378289404,1,12,16,12,0.75,-0.7232700193051909,-1.0668976010446007,True,8,0.5,19.0,0.26315789473684215,10.0,1.9663110532903814
~/anvil/data/cve-targets/openssl_repo_ssl_t1_lib.c,1715,1602,1840,if (eticklen < 48) {,if (eticklen < TLSEXT_KEYNAME_LENGTH + EVP,   if (eticklen < TLSEXT_KEYNAME_LENGTH + EVP,1.1943359375,"[[1678, 565, 313, 300, 860, 2435, 529, 323, 29931, 1660, 12188, 29918, 10818, 5813, 29918, 19433, 718, 382, 18510]]","[-0.0021892646327614784, -0.014291316270828247, -0.023584667593240738, -0.028111591935157776, -2.3483953555114567e-05, -0.000362807244528085, -0.6531285643577576, -0.4181917905807495, -1.2278481335670222e-05, -5.602820692729438e-06, -1.5497195136049413e-06, 0.0, -0.00040928093949332833, -1.1920928244535389e-07, 0.0, -2.145764938177308e-06, -0.03276360407471657, -0.2076481133699417, -1.1920928244535389e-07]",17.820314407348633,False,0.0,-1.3807263001577752,-0.07266980527146186,19.0,-1.3807263001577752,-0.08121919412692795,17.0,0.028782695225749125,1,13,9,9,1.4444444444444444,-14.705094655747414,-1.1905319195363264,True,11,0.5789473684210527,26.0,0.5161290322580645,9.0,1.688011181385005
~/anvil/data/cve-targets/sqlite3_repo_src_expr.c,5730,5710,5837,"assert( !ExprHasProperty(pExpr, EP_TokenOnly|EP_Reduced) );",assert( pExpr->iTable>=0 );,         assert( pExpr->iTable>=0 );,0.296875,"[[3986, 4974, 29898, 282, 21176, 976, 29875, 3562, 18572, 29900, 3482, 32010, 2]]","[-0.012591623701155186, -1.199371099472046, -0.0025804101023823023, -0.17149211466312408, -0.711875855922699, -0.006029037758708, -0.6155670881271362, -0.24245339632034302, -0.35722413659095764, -0.01255536638200283, -0.5730679035186768, -0.26830700039863586, -4.768370445162873e-07]",7.377072811126709,False,0.0,-4.173115509794911,-0.3210088853688393,13.0,-3.904808032559231,-0.3549825484144755,11.0,0.1347827906020861,0,21,15,15,1.4,-0.8363087180651216,-1.0905485662659793,True,22,1.6923076923076923,40.0,0.4418604651162791,13.0,1.9628424137223968
~/anvil/data/cve-targets/libxml2_repo_valid.c,694,602,739,if ((ocur == XML_ELEMENT_CONTENT_PLUS) ||,if ((ocur == XML_ELEMENT_CONTENT_ONCE) ||,	    if ((ocur == XML_ELEMENT_CONTENT_ONCE) ||,0.1641845703125,"[[12, 1678, 565, 5135, 542, 332, 1275, 6560, 29918, 29923, 1307, 13780, 29918, 22412, 3919, 29918, 1164, 4741, 29897, 3830, 32010, 2]]","[-0.018943699076771736, -0.0014074668288230896, -0.490703284740448, -0.37746670842170715, -0.1583326756954193, -3.4570634852570947e-06, -0.440548837184906, -0.0012054328108206391, -6.556489552167477e-06, -2.9802276912960224e-06, 0.0, -1.1920928244535389e-07, 0.0, -4.172316494077677e-06, 0.0, -1.7881377516459906e-06, -0.9728070497512817, -0.0001728385395836085, -0.00014447122521232814, -0.03233446180820465, -0.5627776384353638, -2.3841855067985307e-07]",14.520172119140623,False,0.0,-3.0568638763813496,-0.13894835801733407,22.0,-2.494085999527435,-0.14671094114867267,17.0,0.06195807585846452,0,11,11,11,1.0,-1.1191024270379402,-1.0962515090441618,True,18,0.8181818181818182,4.0,0.9024390243902439,1.0,1.8076639954333111
~/anvil/data/cve-targets/openssl_repo_crypto_rsa_rsa_ameth.c,546,537,551,if (magma_int) {,if (magma_int == 1) {,"   if (magma_int == 1) {
        /*",0.4072265625,"[[1678, 565, 313, 11082, 655, 29918, 524, 1275, 29871, 29896, 29897, 426, 13, 4706, 4949]]","[-0.10652739554643631, -0.12276499718427658, -0.053893424570560455, -0.02362762950360775, -2.8490614567999728e-05, -0.00017105070583056659, -0.00041952868923544884, -0.57367342710495, -0.17128412425518036, -0.8670947551727295, -0.03326336294412613, -0.11037464439868927, -0.15882158279418945, -0.012183413840830326, -0.6087919473648071]",10.865796089172363,False,1.0,-2.842919774690017,-0.18952798497933449,15.0,-2.23412782732521,-0.15958055909465788,14.0,0.058736674695369376,1,10,12,13,0.8333333333333334,-2.5518557198339353,-1.0005373848447459,True,8,0.5333333333333333,5.0,0.8648648648648649,3.0,2.1584910604224063
~/anvil/data/cve-targets/libxml2_repo_valid.c,1214,1189,1278,if (size - len < xmlStrlen(content->name) + 10) {,if (size - len < xmlStrlen(content->name) + 10) {,           if (size - len < xmlStrlen(content->name) + 10) {,0.134033203125,"[[9651, 565, 313, 2311, 448, 7431, 529, 4903, 5015, 2435, 29898, 3051, 976, 978, 29897, 718, 29871, 29896, 29900, 29897, 426, 32010, 2]]","[-0.7086474895477295, -0.07198365032672882, -0.03242436796426773, -0.03354848176240921, -0.0004773192631546408, -0.004803664516657591, -0.006450308952480555, -0.1240435540676117, -0.0004366874636616558, -5.602679812000133e-05, -0.0071945637464523315, -0.0003331344632897526, -2.586808113846928e-05, -0.0004051103023812175, -0.058920130133628845, -0.0006990373367443681, -0.0012961566681042314, -0.08350112289190292, -0.029149211943149567, -0.0023303276393562555, -0.000552263343706727, -0.14099596440792084, -3.576278118089249e-07]",8.56210708618164,True,0.0,-1.3082747992484087,-0.056881513010800376,23.0,-1.167278477212676,-0.055584689391079814,21.0,0.02245059443379731,1,27,27,27,1.0,-2.4113331313588224,-1.0587140217298838,False,20,0.8695652173913043,0.0,1.0,0.0,1.1103398995930975
~/anvil/data/cve-targets/libsndfile_repo_src_common.c,1453,1441,1462,#if CPU_CLIPS_NEGATIVE == 0,#if CPU_CLIPS_NEGATIVE == 0,#if CPU_CLIPS_NEGATIVE == 0,0.03619384765625,"[[29937, 361, 10808, 29918, 27205, 7024, 29918, 8186, 29954, 1299, 18474, 1275, 29871, 29900, 32010, 2]]","[-0.1868407279253006, -0.0002884448622353375, -0.008965356275439262, -0.0006291079334914684, -0.0018347349250689149, -0.0006715188501402736, -0.0010726656764745712, -0.011595354415476322, -0.002048300579190254, -0.010763328522443771, -0.00020466140995267779, -0.0909692719578743, -0.00177345285192132, -0.18898846209049225, -0.0655638799071312, -4.768370445162873e-07]",18.06283569335937,True,0.0,-0.572209745019677,-0.035763109063729814,16.0,-0.5066453882755013,-0.03618895630539295,14.0,0.0043507175335869485,0,6,6,6,1.0,-1.0001351614237166,-1.1977720793219468,False,14,0.875,0.0,1.0,0.0,0.3886011208387336
~/anvil/data/cve-targets/libtiff_repo_libtiff_tif_predict.c,49,-103,199,PredictorSetup(TIFF* tif),PredictorSetup(TIFF* tif),PredictorSetup(TIFF* tif),0.2218017578125,"[[23084, 919, 272, 26947, 29898, 24301, 4198, 29930, 260, 361, 29897, 32010, 2]]","[-1.5195534229278564, -0.0018615075387060642, -0.0047564455308020115, -0.2826346158981323, -0.1957094818353653, -0.0041060671210289, -4.768370445162873e-07, -0.03811141476035118, -0.058237478137016296, -0.0003082277253270149, -0.3461204767227173, -0.5757714509963989, -7.152555099310121e-07]",1.622016668319702,True,0.0,-3.027171781286256,-0.23285936779125047,13.0,-2.4513996150343473,-0.22285451045766794,11.0,0.18232801666809478,0,11,11,11,1.0,-0.9952760541260487,-1.2593015539600756,False,11,0.8461538461538461,0.0,1.0,0.0,0.2703128696820251
~/anvil/data/cve-targets/php_repo_ext_phar_phar.c,901,635,1125,"PHAR_GET_32(buffer, manifest_flags);","PHAR_GET_32(buffer, tmp_len);","	PHAR_GET_32(buffer, tmp_len);",0.67333984375,"[[12, 19689, 1718, 29918, 7194, 29918, 29941, 29906, 29898, 9040, 29892, 13128, 29918, 2435, 416, 32010, 2]]","[-0.0058996351435780525, -0.9452823400497437, -5.1377883210079744e-05, -4.708655978902243e-05, -0.0004027270770166069, -0.00010024998482549563, -0.14472393691539764, -3.4570634852570947e-06, -0.0005465444410219789, -0.0015631611458957195, -0.0019809638615697622, -0.020233772695064545, -3.576272320060525e-06, -8.344646857949556e-07, -0.00040642108069732785, -0.32872673869132996, -1.311301275563892e-06]",12.621452331542969,False,0.0,-1.4499741346309065,-0.0852925961547592,17.0,-1.121246084638301,-0.07474973897588673,15.0,0.05540947254166682,1,11,11,11,1.0,-9.007922341604571,-1.0454303789999508,True,15,0.8823529411764706,12.0,0.7692307692307692,1.0,2.0641632227555364
~/anvil/data/cve-targets/libtiff_repo_libtiff_tif_jbig.c,71,42,108,{,{,	{,0.0046272277832031,"[[12, 29912, 32010, 2]]","[-0.0011491130571812391, -0.004628183785825968, -0.2748521566390991, -9.536738616588991e-07]",10.836843490600586,True,0.0,-0.280630407155968,-0.070157601788992,4.0,-0.005777296843007207,-0.0028886484215036035,2.0,3.025983283728141e-06,0,2,2,2,1.0,-1.6018660314482054,-1.000186591865173,False,1,0.25,0.0,1.0,0.0,1.0007733228721882
~/anvil/data/cve-targets/libsndfile_repo_src_common.c,1260,1108,1410,} /* psf_strlcpy_crlf */,return ;,"	return ;
} /* psf_strlcpy_crlf */
void
ps",0.391845703125,"[[12, 2457, 2056, 13, 29913, 4949, 282, 4668, 29918, 710, 29880, 23141, 29918, 29883, 2096, 29888, 3776, 13, 5405, 13, 567]]","[-0.07847488671541214, -0.15902313590049744, -0.05053699389100075, -0.0036547074560076, -0.0027721805963665247, -0.01684137061238289, -0.029452290385961533, -0.00029392691794782877, -0.00016544880054425448, -0.009841728955507278, -0.0019850090611726046, -0.00676934327930212, -0.010493343695998192, -0.004536100197583437, -0.0004962643142789602, -0.00013207517622504383, -0.004724885802716017, -0.009645169600844383, -1.3388938903808594, -0.009820835664868355, -0.11829449981451035]",16.154836654663086,False,3.0,-1.856848087219987,-0.08842133748666606,21.0,-0.2916897239629179,-0.07292243099072948,4.0,0.0031858216170905194,0,3,10,4,0.3,-5.373459137351232,-1.1419796079547657,True,13,0.6190476190476191,21.0,0.1875,4.0,1.6017681178008463
~/anvil/data/cve-targets/php_repo_ext_phar_phar.c,2801,2649,2951,cleanup:,},"}
/* }}} */",0.49462890625,"[[29913, 13, 5515, 500, 930, 3776]]","[-0.37740370631217957, -0.1919877976179123, -0.02793308161199093, -0.001862459466792643, -3.540453326422721e-05, -0.004294696729630232]",7.441832542419434,False,1.0,-0.6035171462717699,-0.10058619104529498,6.0,-0.5693915039300919,-0.28469575196504593,2.0,0.008594764799230215,0,6,3,2,2.0,-1.7373947550532085,-1.0887844039319798,True,3,0.5,8.0,0.0,5.0,1.8317012193793492
~/anvil/data/cve-targets/libtiff_repo_libtiff_tif_next.c,118,42,140,while (n-- > 0 && npixels < imagewidth),if (npixels + n > imagewidth),"				if (npixels + n > imagewidth)
					n = imagewidth",0.8564453125,"[[12, 12, 12, 12, 361, 313, 9302, 861, 1379, 718, 302, 1405, 1967, 2103, 29897, 13, 12, 12, 12, 12, 12, 29876, 353, 1967, 2103]]","[-0.4441259503364563, -0.0006065912893973291, -0.00070296844933182, -0.006066835951060057, -0.24340568482875824, -0.23776139318943024, -0.6067633628845215, -1.8715683836489916e-05, -9.536738616588991e-07, -0.24311575293540955, -0.01945602335035801, -0.09399695694446564, -0.08923955261707306, -2.622600959512056e-06, -0.11807100474834442, -0.3051850199699402, -0.12242405861616135, -0.0006392342620529234, -0.00034957972820848227, -0.00035208225017413497, -0.1892477571964264, -0.1644991934299469, -0.016033409163355827, -0.1510532945394516, -6.794906312279636e-06]",11.621540069580078,False,1.0,-3.053124793545294,-0.12212499174181175,25.0,-2.7215321015062273,-0.12959676673839177,21.0,0.026794617275067552,1,20,19,15,1.0526315789473684,-6.608539194722722,-1.0196208474600297,True,15,0.6,19.0,0.6764705882352942,11.0,2.2839549373879717
~/anvil/data/cve-targets/openssl_repo_ssl_record_rec_layer_s3.c,1302,1132,1598,if (!peek) {,SSL3_RECORD_add_length(,           SSL3_RECORD_add_length(,0.3974609375,"[[9651, 17122, 29941, 29918, 1525, 29907, 25593, 29918, 1202, 29918, 2848, 29898]]","[-0.022535542026162148, -1.184753656387329, -0.0009238027851097286, -4.768360213347478e-06, -0.0016952680889517069, -3.576214658096433e-05, -1.0013530300057027e-05, -7.510157047363464e-06, -0.6119430065155029, -3.111314072157256e-05, -0.03322381153702736, -0.0002951186615973711]",11.970379829406738,False,0.0,-1.8554593733365436,-0.15462161444471198,12.0,-1.8554593733365436,-0.15462161444471198,12.0,0.12440306957323684,1,12,3,3,4.0,-2.5705393060820745,-1.0285518417178603,True,6,0.5,22.0,0.05714285714285716,10.0,2.0855725183254705
~/anvil/data/cve-targets/poppler_repo_poppler_Parser.cc,245,191,287,},},   },0.0002105236053466,"[[1678, 500, 32010, 2]]","[-0.0037817880511283875, -0.00021169328829273582, -0.5495543479919434, -1.0728830375228426e-06]",15.728108406066896,True,0.0,-0.553548902214402,-0.1383872255536005,4.0,-0.003993481339421123,-0.0019967406697105616,2.0,3.186394153906637e-06,1,2,2,2,1.0,-0.10543362417570055,-1.129861488234623,False,1,0.25,0.0,1.0,0.0,0.5649301514717192
~/anvil/data/cve-targets/libpng_repo_pngrutil.c,1633,1597,1691,"if (png_crc_finish(png_ptr, 0) != 0)","if (png_crc_finish(png_ptr, 0) != 0)","  if (png_crc_finish(png_ptr, 0) != 0)",0.0625,"[[259, 565, 313, 2732, 29918, 29883, 2214, 29918, 4951, 728, 29898, 2732, 29918, 7414, 29892, 29871, 29900, 29897, 2804, 29871, 29900, 29897, 32010, 2]]","[-0.020463183522224426, -0.6698461174964905, -0.1505146324634552, -0.00538007915019989, -2.4437606043647975e-05, -0.09158448129892349, -1.5497195136049413e-06, -2.8967437174287625e-05, -0.033155083656311035, -0.008484271354973316, -0.00011777184408856556, -1.6689160474925302e-05, -5.960462772236497e-07, -2.7418097943154862e-06, -7.319182623177767e-05, -0.014270280487835407, -0.0001486429391661659, -0.3321089446544647, -0.0018266435945406556, -0.004065345041453838, -2.8967437174287625e-05, -0.006115770433098078, -0.2333558201789856, -4.768370445162873e-07]",9.704753875732422,True,0.0,-1.5716146859959395,-0.06548394524983081,24.0,-1.3382583889799093,-0.060829926771814063,22.0,0.023204830222833563,0,19,19,19,1.0,-1.027454795966642,-1.0288985023663029,False,21,0.875,0.0,1.0,0.0,1.1073910440844248
~/anvil/data/cve-targets/libsndfile_repo_src_common.c,591,473,684,int padding = size & 1 ;,size += (size & 1) ;,"					size += (size & 1) ;
	",1.8828125,"[[12, 12, 12, 12, 12, 2311, 4619, 313, 2311, 669, 29871, 29896, 29897, 2056, 13, 12]]","[-0.3008010685443878, -0.0004508670826908201, -0.00022003613412380219, -0.0004465774691198021, -0.003047704929485917, -0.7113280296325684, -0.7885085344314575, -0.09212462604045868, -0.007195036858320236, -0.006899580359458923, -0.0005942009738646448, -0.004038868937641382, -0.0006948678637854755, -0.017112812027335167, -0.6736670136451721, -0.014990772120654583]",7.34910774230957,False,1.0,-2.6221205970505252,-0.16388253731565783,16.0,-2.6221205970505252,-0.16388253731565783,16.0,0.07821580032594248,1,11,13,13,0.8461538461538461,-11.488792709948545,-1.0913112644888685,True,8,0.5,13.0,0.6363636363636364,8.0,2.114459159237132
~/anvil/data/cve-targets/php_repo_ext_phar_phar.c,77,72,145,"char *key, *lasts, *end;","char *key, *lasts, *end;","	char *key, *lasts, *end;",0.224609375,"[[12, 3090, 334, 1989, 29892, 334, 4230, 29879, 29892, 334, 355, 29936, 32010, 2]]","[-0.006823334377259016, -0.09275488555431366, -0.006066480651497841, -0.5576286911964417, -0.4356740415096283, -0.006481577642261982, -0.5075982809066772, -0.00156589865218848, -0.8046203255653381, -0.002040686784312129, -0.0031712977215647697, -0.05356229841709137, -0.10800676047801971, -2.3841855067985307e-07]",13.980159759521484,True,0.0,-2.585994797875145,-0.18471391413393892,14.0,-2.4779877989785746,-0.20649898324821456,12.0,0.07547866524142201,0,15,15,15,1.0,-1.0877020867943767,-1.081551227383192,False,11,0.7857142857142857,0.0,1.0,0.0,0.9126460435862154
~/anvil/data/cve-targets/libxml2_repo_valid.c,713,602,739,"xmlValidBuildAContentModel(content, ctxt, name);","xmlValidBuildAContentModel(content, ctxt, name);","	    xmlValidBuildAContentModel(content, ctxt, name);",0.0136947631835937,"[[12, 1678, 4903, 7211, 8893, 29909, 3916, 3195, 29898, 3051, 29892, 274, 3945, 29892, 1024, 416, 32010, 2]]","[-0.005645166151225567, -0.001081358641386032, -0.17277871072292328, -0.014469809830188751, -4.541770613286644e-05, -1.9073304429184645e-05, -1.6689286894688848e-06, -7.867782187531702e-06, -0.00019870213873218745, -0.0011606630869209766, -0.0021997320000082254, -0.0010315817780792713, -2.7418097943154862e-06, -3.6000557884108275e-05, -0.0008854520856402814, -3.0636318115284666e-05, -0.4401076138019562, -2.3841855067985307e-07]",13.51818561553955,True,0.0,-0.6397024350628442,-0.03553902417015801,18.0,-0.19959458284233733,-0.012474661427646083,16.0,0.0017258186894496996,0,13,13,13,1.0,-1.09780640244421,-1.0691318656707982,False,14,0.7777777777777778,0.0,1.0,0.0,0.8959728995742949
~/anvil/data/cve-targets/openssl_repo_crypto_x509_x509_obj.c,79,20,173,"ascii2ebcdic(ebcdic_buf, q, (num > (int)sizeof(ebcdic_buf))",ebcdic_buf[0] = '\0';,"           ebcdic_buf[0] = '\0';
            ebcdic_to_ascii(ebcdic_buf, q,
                            num > (int)sizeof(ebcdic_",0.2880859375,"[[9651, 18230, 2252, 293, 29918, 9721, 29961, 29900, 29962, 353, 11297, 29900, 2670, 13, 9651, 18230, 2252, 293, 29918, 517, 29918, 294, 18869, 29898, 774, 2252, 293, 29918, 9721, 29892, 3855, 29892, 13, 462, 9651, 954, 1405, 313, 524, 29897, 17921, 29898, 774, 2252, 293, 29918]]","[-0.012767007574439049, -1.2349504232406616, -0.0002033503697020933, -0.0006438804557546973, -0.5058318972587585, -0.5167775750160217, -0.0772087424993515, -0.12771597504615784, -0.0007048744591884315, -0.0012490098597481847, -0.5974308848381042, -0.0008075552177615464, -0.0021645228844136, -0.03348035365343094, -0.01019590999931097, -0.5566645860671997, -0.002918510464951396, -0.0016248131869360805, -0.08492075651884079, -0.7024281620979309, -0.03304217755794525, -0.005623236298561096, -0.00011431517486926168, -0.15313047170639038, -0.02918371558189392, -1.4185804502631072e-05, -3.099436753473128e-06, -5.709961988031864e-05, -8.320462075062096e-05, -0.009319493547081947, -1.1483657360076904, -0.00460931658744812, -0.941116452217102, -0.0015749443555250764, -0.37892836332321167, -0.6109163761138916, -0.4458056688308716, -0.43059733510017395, -0.048094261437654495, -0.0113872354850173, -0.0023617250844836235, -0.0006332775810733438, -9.405170567333698e-05, -1.2516897186287679e-05, -7.152555099310121e-07, -4.768360213347478e-06]",6.883971691131592,False,2.0,-8.725762534400019,-0.1896904898782613,46.0,-3.122131962372805,-0.20814213082485367,15.0,0.11858481856239347,1,24,30,15,0.8,-1.3840827724705913,-1.1040755400206053,True,29,0.6304347826086957,47.0,0.30000000000000004,26.0,1.950062174888159
~/anvil/data/cve-targets/libtiff_repo_libtiff_tif_dirread.c,4239,4223,4241,m=o->tdir_tag+1;,m=o->tdir_tag;,		m=o->tdir_tag;,0.2039794921875,"[[12, 12, 29885, 29922, 29877, 976, 1594, 381, 29918, 4039, 29936, 32010, 2]]","[-0.004220982547849417, -0.008484980091452599, -0.11643299460411072, -0.5281199216842651, -0.01535804383456707, -8.689979586051777e-05, -6.007967749610543e-05, -0.00015662873920518905, -0.0003295593778602779, -0.00019333878299221396, -0.2373589724302292, -0.539727509021759, -3.576278118089249e-07]",8.259084701538086,False,0.0,-1.4505302682154593,-0.11157925140118917,13.0,-0.9108024015658884,-0.08280021832417167,11.0,0.024883436434526618,0,13,10,10,1.3,-2.4635139413388814,-1.0667648291011391,True,11,0.8461538461538461,2.0,0.9333333333333333,3.0,1.9360477746529139
~/anvil/data/cve-targets/sqlite3_repo_src_select.c,5799,5647,5949,** Deallocate a single AggInfo object,** Check to see if the pThis entry of pTabList is a self,** Check to see if the pThis entry of pTabList is a self,1.458984375,"[[1068, 5399, 304, 1074, 565, 278, 282, 4013, 6251, 310, 282, 8863, 1293, 338, 263, 1583]]","[-0.00713538471609354, -2.2676730155944824, -0.1531335413455963, -0.01636476442217827, -0.005668873433023691, -0.5546069741249084, -0.7025741338729858, -0.7221041917800903, -0.0977979302406311, -0.025935780256986618, -0.020904920995235443, -0.0625733807682991, -0.000993592431768775, -0.09390167146921158, -0.15181148052215576, -0.20703908801078796]",10.325456619262695,False,0.0,-5.090218723984435,-0.3181386702490272,16.0,-5.090218723984435,-0.3181386702490272,16.0,0.3099187477353419,0,8,15,15,0.5333333333333333,-4.58600136178969,-1.0130557377820242,True,10,0.625,43.0,0.34408602150537637,12.0,2.271368012271558
~/anvil/data/cve-targets/sqlite3_repo_ext_misc_zipfile.c,1509,1404,1575,nPath++;,nPath++;,"         nPath++;
        }",0.280517578125,"[[3986, 302, 2605, 9107, 13, 4706, 500]]","[-0.001134586171247065, -0.08481135219335556, -0.00011944057769142091, -0.7557953596115112, -0.36842793226242065, -0.14962059259414673, -3.397406908334233e-05]",11.07469081878662,True,1.0,-1.359943237479456,-0.194277605354208,7.0,-1.3599092634103727,-0.22665154390172879,6.0,0.07138680358402555,1,6,7,6,0.8571428571428571,-1.2376601248594465,-1.005776227181937,False,3,0.42857142857142855,0.0,1.0,0.0,1.074061721017589
~/anvil/data/cve-targets/poppler_repo_poppler_GfxState.cc,2408,2402,2421,int i;,int i;,"   int i;

   ",0.09393310546875,"[[1678, 938, 474, 29936, 13, 13, 1678]]","[-0.06410418450832367, -0.26622137427330017, -0.00857930164784193, -0.006837897468358278, -0.0022955990862101316, -0.30096662044525146, -0.04876593500375748]",10.98465347290039,True,2.0,-0.6977709124330431,-0.09968155891900617,7.0,-0.6977709124330431,-0.09968155891900617,7.0,0.014073275477788933,1,5,5,5,1.0,-0.942331826341852,-1.0035148377043117,False,3,0.42857142857142855,0.0,1.0,0.0,1.0387777878370503
~/anvil/data/cve-targets/libsndfile_repo_src_common.c,599,473,684,"memcpy (&(psf->header.ptr [psf->header.indx]), strptr, size) ;","memcpy (&(psf->header.ptr [psf->header.indx]), strptr, size) ;","					memcpy (&(psf->header.ptr [psf->header.indx]), strptr, size) ;",0.0176544189453125,"[[12, 12, 12, 12, 12, 6954, 23141, 313, 29987, 29898, 567, 29888, 976, 6672, 29889, 7414, 518, 567, 29888, 976, 6672, 29889, 513, 29916, 11724, 851, 7414, 29892, 2159, 29897, 2056, 32010, 2]]","[-0.014578018337488174, -0.00012575789878610522, -4.410646579344757e-05, -3.969590397900902e-05, -0.00011908298620255664, -0.05736751854419708, -0.0018340209499001503, -0.0011135098757222295, -0.013947400264441967, -0.001680630026385188, -1.597391747054644e-05, 0.0, -6.437280717364047e-06, -2.9802276912960224e-06, -3.349725011503324e-05, -1.883488948806189e-05, -0.0008654424455016851, -3.0636318115284666e-05, 0.0, -2.861018856492592e-06, -1.9073468138230965e-06, -2.264974000354414e-06, -1.3589766240329482e-05, 0.0, -0.011986607685685158, -0.0013371107634156942, -3.933898824470816e-06, -0.0012221018550917506, -0.005070209037512541, -0.3583071827888489, -0.0033718657214194536, -0.23684802651405334, -5.722029527532868e-06]",11.274250984191896,True,0.0,-0.709996926982285,-0.021515058393402575,33.0,-0.4731431784387041,-0.016897970658525146,28.0,0.004033965604699392,1,35,35,35,1.0,-1.0447656290849174,-1.0108065867468325,False,26,0.7878787878787878,0.0,1.0,0.0,1.3423399831338827
~/anvil/data/cve-targets/php_repo_ext_phar_phar.c,938,635,1125,if (manifest_count > ((manifest_len - 10 - tmp_len) / (5 * 4 + 1))) {,if (manifest_count > (endbuffer - buffer) / 20) {,	if (manifest_count > (endbuffer - buffer) / 20) {,0.52783203125,"[[12, 361, 313, 29135, 29918, 2798, 1405, 313, 355, 9040, 448, 6835, 29897, 847, 29871, 29906, 29900, 29897, 426, 32010, 2]]","[-0.0070978631265461445, -0.2545749247074127, -0.09956255555152893, -0.7756308317184448, -8.702239938429557e-06, -0.4971850514411926, -0.5275678634643555, -0.4692069888114929, -1.2443455457687378, -0.0004203628050163388, -0.009928131476044655, -0.019242869690060616, -0.2046508640050888, -0.015898020938038826, -0.2947888672351837, -0.6877985000610352, -0.22194530069828033, -0.0687483698129654, -0.0644829124212265, -0.18944573402404785, -9.536738616588991e-07]",13.18848991394043,False,0.0,-5.6525312136705,-0.26916815303192854,21.0,-5.46308452597259,-0.2875307645248732,19.0,0.10843982959327621,1,37,22,22,1.6818181818181819,-1.8357410627770903,-1.0603558784074054,True,30,1.4285714285714286,34.0,0.6101694915254237,18.0,2.28496689888033
~/anvil/data/cve-targets/libxml2_repo_parser.c,13525,13373,13675,*,*,"*
 * parse",0.0004799365997314,"[[334, 13, 334, 6088]]","[-0.00047994061606004834, -0.23594972491264343, -0.000774798565544188, -0.0332137793302536]",18.286182403564453,True,1.0,-0.27041824342450127,-0.06760456085612532,4.0,-0.23642966552870348,-0.11821483276435174,2.0,0.013861504829169877,0,2,4,2,0.5,-0.004059867856752805,-1.204478747136994,False,1,0.25,0.0,1.0,0.0,0.31461284270634277
~/anvil/data/cve-targets/libsndfile_repo_src_common.c,620,473,684,psf->header.ptr [psf->header.indx] = 0 ;,count += 4 + size ;,"					count += 4 + size ;
					break ;
			case 'a' :
					/*
		",0.24267578125,"[[12, 12, 12, 12, 12, 2798, 4619, 29871, 29946, 718, 2159, 2056, 13, 12, 12, 12, 12, 12, 8690, 2056, 13, 12, 12, 12, 4878, 525, 29874, 29915, 584, 13, 12, 12, 12, 12, 12, 5515, 13, 12, 12]]","[-0.01268238015472889, -0.00017331528943032026, -0.0001419681793777272, -0.00021228920377325267, -0.0004781533498317003, -1.1448066234588623, -0.0018900641007348895, -0.008980360813438892, -0.0029419257771223783, -0.0014971011551097035, -0.015821870416402817, -0.039854004979133606, -0.0007950482540763915, -0.001917668036185205, -2.1457441107486375e-05, -2.5152843591058627e-05, -0.00028165188268758357, -0.00036173476837575436, -0.010297266766428947, -0.0009071287349797785, -0.006853525526821613, -0.016726842150092125, -0.0002553137019276619, -0.000300958170555532, -0.002501455834135413, -0.004483646713197231, -1.6818647384643555, -0.0001113352773245424, -0.0003240775258745998, -0.05323716625571251, -0.003957892768085003, -9.524368942948058e-05, -3.0636318115284666e-05, -0.0017134760273620486, -0.0017226393101736903, -0.11766985803842545, -0.6940182447433472, -0.0007496645557694137, -1.3708974620385561e-05]",9.615620613098145,False,4.0,-3.8307175896507033,-0.09822352793976162,39.0,-1.23288277010397,-0.06849348722799833,18.0,0.068235402282661,1,24,21,10,1.1428571428571428,-3.543048997376798,-1.031193785753639,True,19,0.48717948717948717,35.0,0.2033898305084746,20.0,2.186933583515204
~/anvil/data/cve-targets/php_repo_ext_exif_exif.c,1560,1519,1562,return 0;,return 0;,"	return 0;
}
/* }",0.1690673828125,"[[12, 2457, 29871, 29900, 29936, 13, 29913, 13, 5515, 500]]","[-0.15500296652317047, -0.24778544902801514, -0.13659308850765228, -0.00892932154238224, -0.28211769461631775, -0.4883979558944702, -0.008073907345533371, -0.014403069391846657, -0.2392703890800476, -0.00924236886203289]",8.39987850189209,True,2.0,-1.5898162107914686,-0.15898162107914687,10.0,-1.318826476112008,-0.21980441268533468,6.0,0.022066671819019678,0,5,9,5,0.5555555555555556,-0.76917192310662,-1.0630165827347906,False,4,0.4,0.0,1.0,0.0,0.8518196543283352
~/anvil/data/cve-targets/libxml2_repo_parser.c,4712,4567,4724,"""Double hyphen within comment\n"", NULL);","""Double hyphen within comment: ""","		                      ""Double hyphen within comment: ""
                                      ""<!--%.50s\n"",",0.58740234375,"[[12, 12, 462, 418, 376, 11843, 7498, 9789, 2629, 3440, 29901, 376, 13, 462, 462, 418, 9872, 6172, 15543, 29945, 29900, 29879, 29905, 29876, 613]]","[-0.0808854028582573, -0.017250144854187965, -0.13612981140613556, -0.026146002113819122, -0.0026329634711146355, -0.0685504749417305, -0.0022747849579900503, -0.0016232660273090005, -0.029293006286025047, -0.005637816619127989, -0.3438558876514435, -0.053890034556388855, -0.0006752118351869285, -0.20230461657047272, -0.010021844878792763, -0.013700732961297035, -0.0269131138920784, -0.0026153665967285633, -0.8690151572227478, -0.0753556564450264, -0.0027488800697028637, -0.006203206721693277, -0.042969878762960434, -0.00013934595335740596, -0.002816283842548728]",8.775885581970215,False,1.0,-2.023648891496123,-0.08094595565984491,25.0,-0.9948720019892789,-0.062179500124329934,16.0,0.008259678412374148,1,11,12,7,0.9166666666666666,-9.446881087423828,-1.0530708577251624,True,11,0.44,10.0,0.8333333333333334,7.0,2.024015183813581
~/anvil/data/cve-targets/libxml2_repo_parser.c,7863,7817,7865,*/,*/,"    */
   ",0.09661865234375,"[[268, 3776, 13, 1678]]","[-0.00892589520663023, -0.0966271385550499, -0.037495240569114685, -0.01169633399695158]",14.36920166015625,True,1.0,-0.1547446083277464,-0.0386861520819366,4.0,-0.1547446083277464,-0.0386861520819366,4.0,0.0012431748383134184,1,3,3,3,1.0,-2.497499677381027,-1.0921217674717159,False,1,0.25,0.0,1.0,0.0,0.7192017594331438
~/anvil/data/cve-targets/openssl_repo_crypto_asn1_a_int.c,177,167,213,if (pneg),if (b != NULL),   if (b != NULL),1.115234375,"[[1678, 565, 313, 29890, 2804, 4265, 29897, 32010, 2]]","[-0.008763662539422512, -0.7013369798660278, -0.10756590962409973, -0.8601416945457458, -0.15886490046977997, -0.0006902219611220062, -0.08929908275604248, -0.6507839560508728, -2.3841855067985307e-07]",8.309318542480469,False,0.0,-2.577446646231664,-0.2863829606924071,9.0,-1.9266624517622404,-0.2752374931088915,7.0,0.10661251951666041,0,9,13,13,0.6923076923076923,-4.051898461954028,-1.0654259776040675,True,5,0.5555555555555556,9.0,0.4347826086956522,5.0,2.0489661620450135
~/anvil/data/cve-targets/libtiff_repo_libtiff_tif_read.c,439,417,449,stripsperplane=((td->td_imagelength+rowsperstrip-1)/rowsperstrip);,stripsperplane=td->td_stripsperimage;,"	stripsperplane=td->td_stripsperimage;
	if (stripsperplane==0)
		stripsperplane=1;",0.348876953125,"[[12, 303, 374, 567, 546, 22116, 29922, 1594, 976, 1594, 29918, 303, 374, 567, 546, 3027, 29936, 13, 12, 361, 313, 303, 374, 567, 546, 22116, 1360, 29900, 29897, 13, 12, 12, 303, 374, 567, 546, 22116, 29922, 29896, 29936]]","[-0.006451019551604986, -0.5125971436500549, -3.480850500636734e-05, -7.748573807475623e-06, -0.0032687350176274776, -0.00013755806139670312, -0.5504118800163269, -0.2235054075717926, -0.001121845212765038, -0.00011777184408856556, -5.471556869451888e-05, -0.6188783049583435, -0.0004805363714694977, -0.0003046525234822184, -0.0006095697171986103, -0.564470648765564, -0.19758401811122894, -0.6602076888084412, -0.006629260256886482, -0.10804988443851471, -0.3589980900287628, -0.14698226749897003, -9.65590606938349e-06, -2.3245540432981215e-05, -0.0004917366313748062, -6.401333666872233e-05, -0.4551445543766022, -0.1635436862707138, -0.45126864314079285, -0.052330151200294495, -0.002793222200125456, -0.16655036807060242, -0.03651222214102745, -8.106198947643861e-06, -1.3112935448589269e-05, -0.00046564225340262055, -0.00013374387344811112, -0.1534298211336136, -0.24416247010231018, -0.002873817225918174]",8.886966705322266,False,2.0,-5.690721767589821,-0.14226804418974554,40.0,-3.34687331308578,-0.17615122700451474,19.0,0.06330301264940551,1,25,25,10,1.0,-1.980553635973585,-1.050150507203517,True,25,0.625,34.0,0.6407766990291262,16.0,2.1526257073544888
~/anvil/data/cve-targets/poppler_repo_poppler_XRef.cc,1491,1489,1515,{,{,"{
   ",0.0037403106689453,"[[29912, 13, 1678]]","[-0.003763617714866996, -0.6061720252037048, -0.01547249499708414]",9.880518913269045,True,1.0,-0.625408137915656,-0.20846937930521867,3.0,-0.625408137915656,-0.20846937930521867,3.0,0.07910654691186333,1,2,2,2,1.0,-0.01794177486118542,-1.0243873113983137,False,1,0.3333333333333333,0.0,1.0,0.0,0.919423035110301
~/anvil/data/cve-targets/poppler_repo_poppler_FileSpec.cc,85,82,91,int c;,int c;,   int c;,0.4130859375,"[[1678, 938, 274, 29936, 32010, 2]]","[-0.026145072653889656, -1.0787721872329712, -0.04255640506744385, -0.11734043061733246, -0.6906531453132629, -1.1920928244535389e-07]",5.9412841796875,True,0.0,-1.9554673600941825,-0.3259112266823638,6.0,-1.2648140955716372,-0.3162035238929093,4.0,0.19501853673800915,1,5,5,5,1.0,-1.3063925803682774,-1.130404527084409,False,3,0.5,0.0,1.0,0.0,0.6669199544596679
~/anvil/data/cve-targets/poppler_repo_poppler_FileSpec.cc,120,91,122,if (obj1.isString()),if (obj1.isString()),   if (obj1.isString()),0.0740966796875,"[[1678, 565, 313, 5415, 29896, 29889, 275, 1231, 3101, 32010, 2]]","[-0.0008503158460371196, -0.009220872074365616, -0.059767067432403564, -0.027446772903203964, -0.00010191874753218144, -0.00020954797219019383, -0.0005289109540171921, -0.4717271327972412, -0.017793551087379456, -0.10565867274999619, -5.960462772236497e-07]",12.040650367736816,True,0.0,-0.6933053586106439,-0.0630277598736949,11.0,-0.5876460898143705,-0.0652940099793745,9.0,0.02098720420893619,1,16,16,16,1.0,-1.1348158845031289,-1.0303603521056681,False,8,0.7272727272727273,0.0,1.0,0.0,1.0703534942194348
~/anvil/data/cve-targets/sqlite3_repo_src_expr.c,5070,5066,5075,"Expr *pCopy = sqlite3ExprDup(db, pExpr, 0);","Expr *pCopy = sqlite3ExprDup(db, pExpr, 0);"," Expr *pCopy = sqlite3ExprDup(db, pExpr, 0);
  if( pCopy==0 ) return;",0.056915283203125,"[[29871, 1222, 558, 334, 29886, 11882, 353, 21120, 29941, 21176, 29928, 786, 29898, 2585, 29892, 282, 21176, 29892, 29871, 29900, 416, 13, 29871, 565, 29898, 282, 11882, 1360, 29900, 1723, 736, 29936, 32010]]","[-0.01665673404932022, -0.1580864042043686, -7.271740287251305e-06, -0.011020743288099766, -0.0003895000845659524, -0.07415594905614853, -0.5782848596572876, -0.0798678770661354, -1.5735502529423684e-05, -0.004771750420331955, -0.0297846682369709, -0.00016604475968051702, -0.0006423317245207727, -0.00986049696803093, -5.686121585313231e-05, -0.0279261264950037, -1.9907753085135482e-05, -0.027823062613606453, -0.12723103165626526, -0.023318586871027946, -0.018711013719439507, -0.3164137303829193, -0.09777209162712097, -0.27015385031700134, -0.0011653067776933312, -0.2884283661842346, -0.015140022151172161, -0.12117204815149307, -0.012539827264845371, -0.5253090858459473, -0.06123131141066551, -0.0020231986418366432, -0.27645939588546753]",15.099919319152832,True,1.0,-3.176605191722956,-0.09626076338554412,33.0,-1.6029827790925992,-0.06969490343880866,23.0,0.016925312325208094,0,19,31,19,0.6129032258064516,-0.8166347952988554,-1.1122559289208362,False,20,0.6060606060606061,0.0,1.0,0.0,0.8267593394736468
~/anvil/data/cve-targets/libtiff_repo_libtiff_tif_predict.c,483,477,493,tmsize_t wc = cc/2;,tmsize_t wc = cc / 2;,"	tmsize_t wc = cc / 2;

	if (wc >",0.2352294921875,"[[12, 29873, 1516, 675, 29918, 29873, 28678, 353, 21759, 847, 29871, 29906, 29936, 13, 13, 12, 361, 313, 29893, 29883, 1405]]","[-0.09991244971752167, -0.665182888507843, -0.00023636408150196075, -1.811964830267243e-05, -5.364403477869928e-06, -1.8715683836489916e-05, -0.007201073225587606, -0.04537171870470047, -0.11018525063991547, -0.4621453285217285, -0.744760274887085, -0.007168170064687729, -0.04304364696145058, -0.1441042423248291, -0.7539405226707458, -0.0647374838590622, -1.3780591487884521, -0.09469998627901077, -0.6421122550964355, -0.00018153927521780133, -0.5970534682273865]",11.25758171081543,False,2.0,-5.860138011568779,-0.27905419102708473,21.0,-3.148031613902276,-0.19675197586889226,16.0,0.07567838894465945,1,11,15,11,0.7333333333333333,-1.195563557360398,-1.0103854392225873,True,11,0.5238095238095238,2.0,0.95,0.0,2.1077669896371627
~/anvil/data/cve-targets/libsndfile_repo_src_double64.c,76,73,214,if (psf->sf.channels < 1),if (psf->mode == SFM_READ || psf->mode == SFM_RD,"
	if (psf->mode == SFM_READ || psf->mode == SFM_RD",0.51953125,"[[13, 12, 361, 313, 567, 29888, 976, 8513, 1275, 317, 22192, 29918, 16310, 3830, 282, 4668, 976, 8513, 1275, 317, 22192, 29918, 29934, 29928]]","[-0.15597696602344513, -0.007867301814258099, -0.2037963718175888, -0.17105287313461304, -0.14714372158050537, -2.1219027985353023e-05, -0.10123012959957123, -1.066195011138916, -0.6155827045440674, -0.002218644367530942, -0.0019482456846162677, -1.9907753085135482e-05, -0.24990308284759521, -0.0998893678188324, -0.03306132182478905, -2.3603161025675945e-05, -2.884823152271565e-05, -0.0010374169796705246, -8.999896090244874e-05, -0.0028221087995916605, -4.5298504119273275e-05, -1.1920858014491387e-05, -0.014146994799375534, -6.69933797325939e-05]",17.904163360595703,False,1.0,-2.8741800526513543,-0.11975750219380643,24.0,-2.8741800526513543,-0.11975750219380643,24.0,0.05718046722949227,1,18,19,19,0.9473684210526315,-4.338193770601779,-1.193030158436991,True,13,0.5416666666666666,36.0,0.3835616438356164,17.0,1.622494932422589
~/anvil/data/cve-targets/php_repo_ext_standard_http_fopen_wrapper.c,625,567,637,if (tmp_line[tmp_line_len - 1] == '\r') {,},"			}
			if (tmp_line[tmp_line_len - 1] == '\r') {
				--tmp_line_len",0.0184783935546875,"[[12, 12, 12, 29913, 13, 12, 12, 12, 361, 313, 7050, 29918, 1220, 29961, 7050, 29918, 1220, 29918, 2435, 448, 29871, 29896, 29962, 1275, 11297, 29878, 1495, 426, 13, 12, 12, 12, 12, 489, 7050, 29918, 1220, 29918, 2435]]","[-0.0012172202114015818, -5.304672595229931e-05, -0.0020136809907853603, -0.2669208347797394, -0.015213757753372192, -0.026842208579182625, -0.00011002412065863609, -0.0003854485403280705, -0.22418823838233948, -0.016739150509238243, -0.031174317002296448, -3.969590397900902e-05, -3.504691630951129e-05, -0.4755653738975525, -0.004757750779390335, -1.0728830375228426e-06, -1.0728830375228426e-06, -8.344646857949556e-07, -1.1920928244535389e-07, -0.002950840163975954, -0.0030164476484060287, -0.0007331067463383079, -0.000179036331246607, -0.000619696278590709, -0.0027844251599162817, -0.0033669944386929274, -0.005155602004379034, -0.0017798787448555231, -0.5446092486381531, -0.00023898606013972312, -5.125986263010418e-06, -7.152531907195225e-06, -8.642300235806033e-05, -0.3084007203578949, -3.4450891689630225e-05, -8.344646857949556e-07, -8.344646857949556e-07, -3.71926071238704e-05, -1.1920928244535389e-07]",16.788232803344727,False,2.0,-1.9392660102631538,-0.04972476949392702,39.0,-0.31275622170142015,-0.03909452771267752,8.0,0.007497167234412035,1,24,25,2,0.96,-0.47265933714542235,-1.160206676169323,True,20,0.5128205128205128,41.0,0.0,23.0,1.7161979763647257
~/anvil/data/cve-targets/lua_repo_ldebug.c,778,750,794,if (npci == 0 ||,if (L->oldpc == NULL ||,   if (L->oldpc == NULL ||,0.58984375,"[[1678, 565, 313, 29931, 976, 1025, 6739, 1275, 4265, 3830, 32010, 2]]","[-0.0014719852479174733, -0.20189273357391357, -0.22813357412815094, -0.7258259654045105, -0.0006822404102422297, -0.8186461329460144, -0.00011991735664196312, -0.1787698119878769, -0.8052154183387756, -0.024862142279744148, -0.3002040386199951, -2.3841855067985307e-07]",9.11081314086914,False,0.0,-3.2858241987123336,-0.2738186832260278,12.0,-2.9856199216737878,-0.2985619921673788,10.0,0.1079369083187874,1,8,12,12,0.6666666666666666,-1.9756156693559435,-1.0442901091672014,True,8,0.6666666666666666,11.0,0.6666666666666667,6.0,2.019798535724711
~/anvil/data/cve-targets/openssl_repo_crypto_x509_x509_obj.c,80,20,173,? (int)sizeof(ebcdic_buf) : num);,? sizeof(ebcdic_buf),"                                                 ? sizeof(ebcdic_buf)
                                                  : num);",0.1219482421875,"[[462, 462, 462, 29871, 1577, 13810, 29898, 774, 2252, 293, 29918, 9721, 29897, 13, 462, 462, 462, 29871, 584, 954, 416, 32010, 2]]","[-0.03451967611908913, -0.24415771663188934, -1.1971086263656616, -2.0226237773895264, -0.07209944725036621, -0.5259120464324951, -0.0007165487040765584, -0.0013198483502492309, -0.00011586471373448148, -1.07287787614041e-05, -1.5258672647178173e-05, -1.8954096958623268e-05, -0.001081715920008719, -0.18632961809635162, -0.0003083468764089048, -0.0002910667099058628, -0.0006328010931611061, -0.003824896877631545, -0.0002324311062693596, -0.13435763120651245, -0.013805145397782326, -0.42058706283569336, -4.410734163684538e-06]",7.772132873535156,False,1.0,-4.860073620359344,-0.21130754871127583,23.0,-4.291086939078923,-0.23839371883771796,18.0,0.2710239789310131,1,20,15,8,1.3333333333333333,-0.511541339184838,-1.0798307759087096,True,15,0.6521739130434783,13.0,0.7547169811320755,13.0,1.9579007883980584
~/anvil/data/cve-targets/libxml2_repo_HTMLparser.c,323,171,473,*,*,"*
 * NOT",0.0009293556213378,"[[334, 13, 334, 6058]]","[-0.0009296386269852519, -0.40682920813560486, -0.0007572882459498942, -1.8035314083099365]",13.431628227233888,True,1.0,-2.2120475433184765,-0.5530118858296191,4.0,-0.4077588467625901,-0.20387942338129506,2.0,0.04118861513182068,0,2,4,2,0.5,-0.0045583590826609325,-1.0668208354806519,False,1,0.25,0.0,1.0,0.0,0.7765714306614441
~/anvil/data/cve-targets/libsndfile_repo_src_file_io.c,292,271,299,break ;,break ;,			break ;,0.0161285400390625,"[[12, 12, 12, 8690, 2056, 32010, 2]]","[-0.00027938754647038877, -0.0001967951684491709, -0.268160879611969, -0.0286790169775486, -0.0036061275750398636, -0.776512622833252, -5.960462772236497e-07]",14.01599407196045,True,0.0,-1.0774354257590062,-0.15391934653700087,7.0,-0.300922206879477,-0.0601844413758954,5.0,0.010927005878449482,0,4,4,4,1.0,-0.2679852079763953,-1.0825205776333782,False,2,0.2857142857142857,0.0,1.0,0.0,0.7491880982012568
~/anvil/data/cve-targets/poppler_repo_poppler_Annot.cc,5094,5079,5097,if (obj1.isArray()) {,if (obj1.isArray()) {,   if (obj1.isArray()) {,0.11248779296875,"[[1678, 565, 313, 5415, 29896, 29889, 275, 2588, 3101, 426, 32010, 2]]","[-0.0007911174325272441, -0.08591225743293762, -0.06452561169862747, -0.028616925701498985, -2.6940935640595853e-05, -0.00019739109848160297, -0.001928376266732812, -0.4903404116630554, -0.34463807940483093, -0.002779313363134861, -0.5377889275550842, -2.3841855067985307e-07]",13.090210914611816,True,0.0,-1.5575455909711025,-0.12979546591425853,12.0,-1.0197564249974675,-0.10197564249974675,10.0,0.026759431620594253,0,17,17,17,1.0,-1.1030849152926823,-1.057753808460234,False,9,0.75,0.0,1.0,0.0,0.9962870288989227
~/anvil/data/cve-targets/poppler_repo_poppler_SplashOutputDev.cc,3329,3318,3489,GfxRGB rgb;,GfxRGB rgb;,   GfxRGB rgb;,0.0049018859863281,"[[1678, 402, 11093, 28212, 15552, 29890, 29936, 32010, 2]]","[-0.0015382850542664528, -0.020728155970573425, -0.001392229343764484, -0.004444126971065998, -0.0026695826090872288, -1.5497195136049413e-06, -0.00019000156316906214, -0.0365481972694397, -1.0728830375228426e-06]",13.534958839416504,True,0.0,-0.06751320138391748,-0.007501466820435275,9.0,-0.030963931231440256,-0.004423418747348608,7.0,4.627252547582938e-05,0,5,5,5,1.0,-1.10816684250531,-1.0695802793844447,False,6,0.6666666666666666,0.0,1.0,0.0,0.8020744240402444
~/anvil/data/cve-targets/libpng_repo_pngrutil.c,312,281,370,*/,*/,"   */
  ",0.348876953125,"[[1678, 3776, 13, 259]]","[-0.0007923085941001773, -0.348964661359787, -0.26629936695098877, -0.24632775783538818]",11.989526748657228,True,1.0,-0.8623840947402641,-0.21559602368506603,4.0,-0.8623840947402641,-0.21559602368506603,4.0,0.016860774508579975,0,3,3,3,1.0,-1.618197530556618,-1.029044299548044,False,1,0.25,0.0,1.0,0.0,0.9734432286799453
~/anvil/data/cve-targets/php_repo_ext_exif_exif.c,4354,4300,4370,exif_scan_thumbnail(&ImageInfo);,"zend_argument_value_error(3, ""is not set"");","			zend_argument_value_error(3, ""is not set"");
			RE",1.376953125,"[[12, 12, 12, 29920, 355, 29918, 23516, 29918, 1767, 29918, 2704, 29898, 29941, 29892, 376, 275, 451, 731, 1496, 13, 12, 12, 12, 1525]]","[-0.04451910778880119, -0.00033945043105632067, -0.002604546956717968, -0.6982430219650269, -0.052911363542079926, -4.362964682513848e-05, -0.3717018663883209, -5.722029527532868e-06, -0.2018759846687317, -4.2914423829643056e-05, -0.0001560327800689265, -0.01379138883203268, -0.548451840877533, -0.0013679441763088107, -0.035479914397001266, -1.1671206951141357, -0.7070323824882507, -1.0852630138397217, -0.19179317355155945, -0.2433280199766159, -0.0029193423688411713, -0.00011443436960689723, -0.014499888755381107, -0.10575069487094879]",11.960134506225586,False,1.0,-5.489356374238923,-0.22872318225995514,24.0,-5.3836056793679745,-0.2340698121464337,23.0,0.12388834755177086,1,11,17,14,0.6470588235294118,-5.8826600165705285,-1.0282884293029426,True,11,0.4583333333333333,35.0,0.3466666666666667,7.0,2.240496416112442
~/anvil/data/cve-targets/openssl_repo_crypto_asn1_a_d2i_fp.c,169,92,226,size_t chunk_max = want;,if (eos == 0) {,"               if (eos == 0) {
                    ERR_raise",0.931640625,"[[18884, 565, 313, 29872, 359, 1275, 29871, 29900, 29897, 426, 13, 462, 1678, 22307, 29918, 22692]]","[-0.14247620105743408, -0.6797686219215393, -0.18512921035289764, -1.228531837463379, -0.00014077626110520214, -0.22545935213565826, -0.6372462511062622, -0.034045662730932236, -0.11103297770023346, -0.4623863697052002, -0.010840335860848427, -0.0015980342868715525, -0.0008012421894818544, -0.033653609454631805, -9.417489309271332e-06, -0.005171256605535746]",10.58668327331543,False,1.0,-3.75829115632132,-0.2348931972700825,16.0,-3.7194568727718433,-0.28611206713629567,13.0,0.12662235919264198,1,8,11,13,0.7272727272727273,-3.256208779744312,-1.0064613650246832,True,9,0.5625,20.0,0.2564102564102564,12.0,2.2044432184396996
~/anvil/data/cve-targets/sqlite3_repo_src_resolve.c,875,720,1141,pNC->nNcErr++;,pNC->nNcErr++;,"             pNC->nNcErr++;
            }
          }",0.041595458984375,"[[795, 282, 15868, 976, 29876, 29940, 29883, 19212, 9107, 13, 9651, 500, 13, 3986, 500]]","[-0.6285454034805298, -0.18303878605365753, -0.1371685117483139, -5.936446541454643e-05, -0.0017101438716053963, -0.008935819379985332, -5.245195097813848e-06, -0.0004015354788862169, -0.0010088359704241157, -0.3214794099330902, -0.3246678411960602, -0.00031799983116798103, -0.5528061389923096, -0.3124663531780243, -0.00016199229867197573]",8.854454040527344,True,2.0,-2.472773381073239,-0.16485155873821591,15.0,-1.607020896773065,-0.14609280879755138,11.0,0.038314154505100735,0,9,11,9,0.8181818181818182,-0.2847194145059943,-1.0510044339850668,False,8,0.5333333333333333,0.0,1.0,0.0,0.9160527089284828
~/anvil/data/cve-targets/php_repo_ext_exif_exif.c,960,876,977,"{ 0x009d, ""InternalNDFilter""},","{ 0x0097, ""FlashExposureCompensation""},"," { 0x0097, ""FlashExposureCompensation""},
  { ",1.1669921875,"[[29871, 426, 29871, 29900, 29916, 29900, 29900, 29929, 29955, 29892, 376, 8754, 1161, 1252, 1066, 545, 6843, 575, 362, 10758, 13, 29871, 426, 29871]]","[-0.0005442806868813932, -0.001328420010395348, -3.218599158572033e-05, -1.07287787614041e-05, -0.00045849301386624575, -0.0003629264247138053, -0.0003064401389565319, -0.006887149065732956, -0.585294783115387, -1.1086402082582936e-05, -0.0002674698771443218, -3.037757158279419, -0.001073022955097258, -1.3186345100402832, -0.00544884754344821, -0.0005553610390052199, -0.2232382446527481, -0.612906277179718, -6.842378934379667e-05, -0.009241069667041302, -0.03181784227490425, -0.00021181246847845614, -0.0004343043256085366, -1.6331539882230572e-05]",11.226552963256836,False,1.0,-5.836907169260485,-0.24320446538585352,24.0,-5.836456533394994,-0.26529347879068155,22.0,0.4630740928171036,0,10,11,10,0.9090909090909091,-4.398872497053594,-1.0096019682701414,True,14,0.5833333333333334,24.0,0.49275362318840576,2.0,2.256375909995685
~/anvil/data/cve-targets/libsndfile_repo_src_common.c,617,473,684,"memcpy (&(psf->header.ptr [psf->header.indx]), strptr, size + 1) ;","memcpy (&(psf->header.ptr [psf->header.indx]), strptr, size) ;","					memcpy (&(psf->header.ptr [psf->header.indx]), strptr, size) ;",0.288330078125,"[[12, 12, 12, 12, 12, 6954, 23141, 313, 29987, 29898, 567, 29888, 976, 6672, 29889, 7414, 518, 567, 29888, 976, 6672, 29889, 513, 29916, 11724, 851, 7414, 29892, 2159, 29897, 2056, 32010, 2]]","[-0.01620795577764511, -5.280832192511298e-05, -2.0265373677830212e-05, -3.540453326422721e-05, -8.201262971851975e-05, -0.033488307148218155, -0.00043930893298238516, -0.0005206898204050958, -0.003258159849792719, -0.00035148640745319426, -1.0967194612021558e-05, -1.1920928244535389e-07, -4.172316494077677e-06, -2.50339189733495e-06, -1.5139465176616795e-05, -1.5735502529423684e-05, -0.00041237910045310855, -2.753696753643453e-05, -1.1920928244535389e-07, -2.7418097943154862e-06, -1.9073468138230965e-06, -2.9802276912960224e-06, -7.748573807475623e-06, 0.0, -0.005640543065965176, -0.000497336674015969, -8.344646857949556e-07, -0.0002286172821186483, -0.003049844177439809, -0.023866040632128716, -0.002660308964550495, -0.15641513466835022, -7.271740287251305e-06]",12.262218475341797,False,0.0,-0.24732638077999525,-0.007494738811515008,33.0,-0.09090397437135778,-0.0030301324790452592,30.0,5.635699864902224e-05,1,38,35,35,1.0857142857142856,-95.15428124642513,-1.0360835633196706,True,29,0.8787878787878788,4.0,0.96875,3.0,2.337327348602593
~/anvil/data/cve-targets/poppler_repo_poppler_GfxState.cc,4624,4516,4911,case 1:,case 1:,           case 1:,6.878376007080078e-05,"[[9651, 1206, 29871, 29896, 29901, 32010, 2]]","[-0.00018904806347563863, -0.00015424491721205413, -1.0728830375228426e-06, -0.0001137191939051263, -5.483612312673358e-06, -0.024781206622719765, -5.960462772236497e-07]",14.85075855255127,True,0.0,-0.025245371338940004,-0.003606481619848572,7.0,-0.00046356866994301527,-9.271373398860306e-05,5.0,5.9029517167069816e-09,0,5,5,5,1.0,-0.7418939687970728,-1.1053491988323418,False,4,0.5714285714285714,0.0,1.0,0.0,0.6812430506750302
~/anvil/data/cve-targets/openssl_repo_crypto_asn1_a_int.c,158,88,161,},},"   }
   ",0.0003876686096191,"[[1678, 500, 13, 1678]]","[-0.09045800566673279, -0.00038818930624984205, -0.39872828125953674, -0.059902820736169815]",12.64267921447754,True,1.0,-0.5494772969686892,-0.1373693242421723,4.0,-0.5494772969686892,-0.1373693242421723,4.0,0.023818516679367456,1,2,2,2,1.0,-0.0028220900973180006,-1.0459853069360892,False,1,0.25,0.0,1.0,0.0,0.8463892711753361
~/anvil/data/cve-targets/libxml2_repo_parser.c,7503,7422,7540,return;,return;,"		return;
	    /*
",0.016082763671875,"[[12, 12, 2457, 29936, 13, 12, 1678, 4949, 13]]","[-0.06482139229774475, -0.033385928720235825, -0.03590552508831024, -0.0005535738891921937, -0.1791665256023407, -0.30990129709243774, -0.02055276185274124, -0.46712103486061096, -0.03649762645363808]",7.124810218811035,True,2.0,-1.1479056658572517,-0.12754507398413908,9.0,-0.6442870045430027,-0.09204100064900038,7.0,0.010838142794904127,1,4,6,4,0.6666666666666666,-0.1747347764417169,-1.0974479142005695,False,2,0.2222222222222222,0.0,1.0,0.0,0.6990947727581951
~/anvil/data/cve-targets/libpng_repo_pngrutil.c,128,-24,278,*/,*/,*/,0.251220703125,"[[3776, 32010, 2]]","[-0.2547677755355835, -0.43422970175743103, -2.50339189733495e-06]",11.742244720458984,True,0.0,-0.6889999806849119,-0.22966666022830395,3.0,-0.2547677755355835,-0.2547677755355835,1.0,0.0,0,3,3,3,1.0,-0.9860772328716743,-1.0227023189314695,False,1,0.3333333333333333,0.0,1.0,0.0,0.9782315368863017
~/anvil/data/cve-targets/php_repo_ext_exif_exif.c,2223,2213,2256,if ((f=image_info->info_list[section_index].list[i].name) != NULL) {,if ((f=image_info->info_list[section_index].list[i].name) != NULL) {,			if ((f=image_info->info_list[section_index].list[i].name) != NULL) {,0.06329345703125,"[[12, 12, 12, 361, 5135, 29888, 29922, 3027, 29918, 3888, 976, 3888, 29918, 1761, 29961, 2042, 29918, 2248, 1822, 1761, 29961, 29875, 1822, 978, 29897, 2804, 4265, 29897, 426, 32010, 2]]","[-0.007308769505470991, -0.0002195594133809209, -0.0007381098694168031, -0.621257483959198, -0.4121079742908478, -0.019812192767858505, -0.04387811943888664, -0.00671025738120079, -1.8000440832111053e-05, -2.861018856492592e-06, -3.6477376852417365e-05, -0.0011437548091635108, -0.0001892864383989945, -0.00010144196130568162, -4.8397800128441304e-05, -0.0006409021443687379, -1.7881377516459906e-06, -3.576278118089249e-07, -7.128461584215984e-05, -0.003853991162031889, -0.0008516260422766209, -9.202533692587167e-05, -9.285972191719338e-05, -0.3866460621356964, -0.13146629929542542, -0.0065969303250312805, -0.001587560516782105, -0.005415886640548706, -0.0013162767281755805, -0.22688163816928864, -5.960462772236497e-07]",10.49965000152588,True,0.0,-1.8790887711179494,-0.06061576681025643,31.0,-1.6522065369023835,-0.05697263920353047,29.0,0.021757005764543584,0,39,39,39,1.0,-1.11094479588946,-1.008653639808572,False,26,0.8387096774193549,0.0,1.0,0.0,1.402725215623407
~/anvil/data/cve-targets/poppler_repo_fofi_FoFiType1C.cc,769,744,1040,if (charset[i] >= nCIDs) {,if (cidMap[i] < 0) {,           if (cidMap[i] < 0) {,0.1341552734375,"[[9651, 565, 313, 25232, 3388, 29961, 29875, 29962, 529, 29871, 29900, 29897, 426, 32010, 2]]","[-0.00039307496626861393, -0.04428602755069733, -0.014679167419672012, -0.4271947145462036, -0.0003123987407889217, -0.007098573260009289, -0.5435725450515747, -0.003956467844545841, -0.2918838858604431, -0.006763659883290529, -0.0007146426942199469, -0.6021914482116699, -0.013553385622799397, -0.3399442136287689, -9.536738616588991e-07]",11.874401092529297,False,0.0,-2.296545158954814,-0.15310301059698758,15.0,-1.9565999916521832,-0.15050769166555256,13.0,0.04875283142171831,0,18,18,18,1.0,-0.8913516110233772,-1.026086822603781,True,14,0.9333333333333333,13.0,0.6086956521739131,3.0,2.117561615046737
~/anvil/data/cve-targets/poppler_repo_poppler_JPEG2000Stream.cc,280,276,351,jpxData.data = buf;,jpxData.buf = buf;,   jpxData.buf = buf;,0.1905517578125,"[[1678, 432, 1756, 1469, 29889, 9721, 353, 18392, 29936, 32010, 2]]","[-0.05249406397342682, -0.2367444485425949, -0.0010286045726388693, -0.004339444916695356, -0.001576015492901206, -0.7797908186912537, -0.00730711268261075, -0.04126657545566559, -0.0005970602505840361, -0.04191301390528679, -7.152555099310121e-07]",10.380887985229492,False,0.0,-1.167057873739168,-0.10609617033992436,11.0,-1.1251441445783712,-0.12501601606426346,9.0,0.05866614404345119,0,10,10,10,1.0,-1.5242187666142586,-1.0116528334841606,True,8,0.7272727272727273,4.0,0.8108108108108107,1.0,2.0846062876556726
~/anvil/data/cve-targets/libxml2_repo_xmlmemory.c,898,877,902,"xmlGenericError(xmlGenericErrorContext,","xmlGenericError(xmlGenericErrorContext,","    xmlGenericError(xmlGenericErrorContext,",0.001530647277832,"[[268, 4903, 15809, 2392, 29898, 3134, 15809, 2392, 2677, 29892, 32010, 2]]","[-0.6144918203353882, -0.009642808698117733, -0.0003491030656732619, -0.0007426364463753998, -0.0003313469351269305, -0.0006135011790320277, -6.890059739816934e-05, -0.0006044468027539551, -0.00023719835735391825, -0.001291394466534257, -0.027082175016403198, -1.1920928244535389e-07]",7.471730709075928,True,0.0,-0.6554554511094395,-0.05462128759245329,12.0,-0.6283731568837538,-0.06283731568837539,10.0,0.03382111522117707,0,5,5,5,1.0,-0.02435889027187014,-1.087970891562416,False,9,0.75,0.0,1.0,0.0,0.7397992322832114
~/anvil/data/cve-targets/lua_repo_lvm.c,1678,1672,1682,L->oldpc = pc + 1;,"luaG_runerror(L, ""stack overflow"");","         luaG_runerror(L, ""stack overflow"");",1.1845703125,"[[3986, 301, 3357, 29954, 29918, 3389, 2704, 29898, 29931, 29892, 376, 1429, 11969, 1496, 32010, 2]]","[-0.23390667140483856, -1.4881327152252197, -0.015615686774253845, -1.0563032627105713, -2.8729025871143676e-05, -0.23890142142772675, -0.002932892646640539, -0.04476923495531082, -0.0019884591456502676, -0.004355587065219879, -0.13387423753738403, -1.2685680389404297, -0.10204468667507172, -0.37428081035614014, -0.746475100517273, -1.4305104514278355e-06]",11.71058750152588,False,0.0,-5.712178964918053,-0.3570111853073783,16.0,-4.965702433890328,-0.3546930309921663,14.0,0.24719770139889832,1,13,14,14,0.9285714285714286,-3.3397056299258447,-1.0218932413576793,True,10,0.625,30.0,0.18867924528301883,12.0,2.2521943520694605
~/anvil/data/cve-targets/libtiff_repo_libtiff_tif_print.c,262,211,627,break;,break;,				break;,0.0004565715789794,"[[12, 12, 12, 12, 8690, 29936, 32010, 2]]","[-0.000263894529780373, -2.825220326485578e-05, -5.61460001335945e-05, -0.0002450642641633749, -0.0008650851668789983, -3.194758028257638e-05, -0.2046625167131424, -1.0728830375228426e-06]",15.701043128967283,True,0.0,-0.2061539793406837,-0.02576924741758546,8.0,-0.0014903897445037728,-0.0002483982907506288,6.0,8.547168424853889e-08,0,4,4,4,1.0,-1.8380624826350347,-1.1290972464623912,False,2,0.25,0.0,1.0,0.0,0.5902632289818466
~/anvil/data/cve-targets/openssl_repo_ssl_record_rec_layer_s3.c,798,592,1025,|| (eivlen > 0,|| !WPACKET_put_bytes_u16(,               || !WPACKET_put_bytes_u16(,0.16796875,"[[18884, 3830, 1738, 26433, 11375, 2544, 29918, 649, 29918, 13193, 29918, 29884, 29896, 29953, 29898]]","[-0.29055777192115784, -0.02656271681189537, -0.6693533658981323, -0.022465957328677177, -1.4305104514278355e-06, -4.327203714638017e-05, -0.00012790338951162994, -1.0459144115447998, -0.00017724849749356508, -0.0016978861531242728, -0.0010088359704241157, -0.00406641373410821, -0.10836558789014816, -1.847726889536716e-05, -0.0018433022778481245]",9.165555953979492,False,0.0,-2.1722045812338138,-0.14481363874892092,15.0,-2.1722045812338138,-0.14481363874892092,15.0,0.08832047572466585,0,7,5,5,1.4,-1.1598959286647412,-1.042861902233956,True,8,0.5333333333333333,22.0,0.19999999999999996,5.0,1.9419862729015127
~/anvil/data/cve-targets/poppler_repo_poppler_GfxState.cc,3934,3808,4010,double b;,// degenerate case,"       // degenerate case
",1.783203125,"[[4706, 849, 3587, 759, 403, 1206, 13]]","[-0.0021714221220463514, -0.7665048837661743, -1.6381723880767822, -0.00038628268521279097, -0.033311907202005386, -1.1151251792907715, -1.1913084983825684]",8.188642501831055,False,1.0,-4.746980561525561,-0.6781400802179373,7.0,-4.746980561525561,-0.6781400802179373,7.0,0.38797934033789094,0,5,2,2,2.5,-2.6295498187143327,-1.0686451157876202,True,3,0.42857142857142855,15.0,0.2222222222222222,4.0,2.1055082063429276
~/anvil/data/cve-targets/poppler_repo_utils_HtmlOutputDev.cc,1169,1149,1175,fclose(f1);,fclose(f1);,"   fclose(f1);
    delete fName",0.13134765625,"[[1678, 285, 5358, 29898, 29888, 29896, 416, 13, 1678, 5217, 285, 1170]]","[-0.02553681656718254, -0.6748210787773132, -0.10983967781066895, -0.0024339118972420692, -0.00011526874004630372, -0.00040082051418721676, -0.00013624693383462727, -0.5536139011383057, -0.05470805987715721, -0.3974367380142212, -0.0056743258610367775, -0.00016282663273159415]",10.49675178527832,True,1.0,-1.8248796727639274,-0.15207330606366062,12.0,-1.4216057822559378,-0.15795619802843752,9.0,0.0614484852785708,0,9,14,9,0.6428571428571429,-0.8315448072911512,-1.0087267248654201,False,6,0.5,0.0,1.0,0.0,1.07306299752865
~/anvil/data/cve-targets/libtiff_repo_libtiff_tif_pixarlog.c,877,869,919,: LogK1*log(v*LogK2) + 0.5 ),: (int32_t)((v-2.)*2047.+0.5) ),"		  : (int32_t)((v-2.)*2047.+0.5) )
",2.033203125,"[[12, 12, 29871, 584, 313, 524, 29941, 29906, 29918, 29873, 29897, 3552, 29894, 29899, 29906, 1846, 29930, 29906, 29900, 29946, 29955, 29889, 29974, 29900, 29889, 29945, 29897, 1723, 13, 32010, 2]]","[-0.026650356128811836, -0.006298690568655729, -0.05121292173862457, -0.0046147750690579414, -0.5549283027648926, -0.930729329586029, -0.6968230605125427, -3.540453326422721e-05, -0.0014497257070615888, -0.00021395778458099812, -0.40932923555374146, -1.230757474899292, -0.32351651787757874, -0.867243766784668, -0.6595867872238159, -0.463117778301239, -0.4294143617153168, -0.8792921304702759, -0.10961097478866577, -0.025591081008315086, -0.5720003247261047, -0.6834787726402283, -1.304294228553772, -0.43584251403808594, -0.0003407612966839224, -0.057251010090112686, -0.593553900718689, -0.7310513257980347, -0.07553595304489136, -1.108306646347046, -3.576278118089249e-07]",6.926980972290039,False,1.0,-13.23207242789789,-0.42684104606122225,31.0,-12.123765423923032,-0.4180608766870011,29.0,0.1494733511509769,0,18,24,24,0.75,-4.863414010687834,-1.1028890406329661,True,19,0.6129032258064516,21.0,0.4067796610169492,17.0,2.1805537598701528
~/anvil/data/cve-targets/openssl_repo_crypto_x509_v3_addr.c,1020,868,1170,},},},0.002664566040039,"[[29913, 32010, 2]]","[-0.002664113650098443, -0.5053488612174988, -1.4305104514278355e-06]",9.16174602508545,True,0.0,-0.5080144053780487,-0.16933813512601623,3.0,-0.002664113650098443,-0.002664113650098443,1.0,0.0,0,2,2,2,1.0,-1.0001698087994633,-1.04296123770699,False,1,0.3333333333333333,0.0,1.0,0.0,0.8569204033746006
~/anvil/data/cve-targets/poppler_repo_poppler_GfxState.cc,2623,2569,2644,"GfxSeparationColorSpace *cs = (GfxSeparationColorSpace *)GfxSeparationColorSpace::parse(res, obj3.getArray(), out, state, recursion);",if (obj3.arrayGetLength() != 2) {,"                   if (obj3.arrayGetLength() != 2) {
                        error(errSyntaxWarning, -1, ""Bad DeviceN color space (colorant value entry is not an Array of length 2)"");
                        goto err5;
                    }
                    Object obj4 = obj",0.41357421875,"[[462, 1678, 565, 313, 5415, 29941, 29889, 2378, 2577, 6513, 580, 2804, 29871, 29906, 29897, 426, 13, 462, 4706, 1059, 29898, 3127, 16676, 22709, 29892, 448, 29896, 29892, 376, 22050, 21830, 29940, 2927, 2913, 313, 2780, 424, 995, 6251, 338, 451, 385, 4398, 310, 3309, 29871, 29906, 29897, 1496, 13, 462, 4706, 2355, 29877, 4589, 29945, 29936, 13, 462, 1678, 500, 13, 462, 1678, 4669, 5446, 29946, 353, 5446]]","[-0.000874851830303669, -8.892617915989831e-05, -0.783229649066925, -0.2536318302154541, -0.500749945640564, -0.0019547895062714815, -0.001033010776154697, -0.04959440231323242, -0.00020692592079285532, -0.0018231928115710616, -0.0010671879863366485, -0.4153166711330414, -0.0426793247461319, -0.25702768564224243, -0.05292968079447746, -0.004615843296051025, -0.0010650444310158491, -7.581423415103927e-05, -0.0004997196956537664, -0.014777956530451775, -0.00043704494601115584, -0.0004704084130935371, -0.00023314618738368154, -0.0010923140216618776, -2.169585604860913e-05, -0.0006438804557546973, -7.295342220459133e-05, -7.784063927829266e-05, -0.010023614391684532, -0.011225284077227116, -0.018344854936003685, -0.00019834458362311125, -0.0017269235104322433, -0.0005446380819194019, -0.023136891424655914, -0.18179097771644592, -0.04252259060740471, -0.4257569909095764, -0.39321377873420715, -0.6315001249313354, -0.04113684967160225, -0.2580634653568268, -0.40481996536254883, -0.773088812828064, -0.48073577880859375, -0.0684170052409172, -0.0014676999999210238, -0.017627596855163574, -0.0005470209871418774, -0.0002302858338225633, -0.0001113352773245424, -0.0268352460116148, -0.05316448584198952, -5.364403477869928e-06, -2.3007127310847864e-05, -0.0018951804377138615, -0.0002181292074965313, -0.00018809456378221512, -8.511180931236595e-05, -0.00012087091454304755, -7.354942499659956e-05, -0.0029593980871140957, -0.008886787109076977, -0.0002611534437164664, -0.6329542994499207, -0.08743049949407578, -0.1361258625984192, -0.012363225221633911, -0.010957074351608753]",13.206830024719238,False,4.0,-7.147069906315664,-0.10358072327993717,69.0,-2.3684644962195307,-0.1246560261168174,19.0,0.04626061245682546,0,40,46,20,0.8695652173913043,-3.3177234316970137,-1.0608421659878613,True,43,0.6231884057971014,115.0,0.2168674698795181,33.0,2.298131819608601
~/anvil/data/cve-targets/libxml2_repo_valid.c,4300,4196,4382,},},"   }
   ",5.0187110900878906e-05,"[[1678, 500, 13, 1678]]","[-0.008358851075172424, -5.006664650863968e-05, -0.31959816813468933, -0.09353023022413254]",12.073125839233398,True,1.0,-0.42153731608050293,-0.10538432902012573,4.0,-0.42153731608050293,-0.10538432902012573,4.0,0.016634334681676483,1,2,2,2,1.0,-0.000476229353714388,-1.0311972277399841,False,1,0.25,0.0,1.0,0.0,0.8959506277384052
~/anvil/data/cve-targets/openssl_repo_crypto_asn1_a_d2i_fp.c,99,92,226,uint32_t eos = 0;,unsigned int eos = 0;,   unsigned int eos = 0;,0.364501953125,"[[1678, 12780, 938, 321, 359, 353, 29871, 29900, 29936, 32010, 2]]","[-0.02678801119327545, -0.8602868318557739, -0.6822183132171631, -0.023527497425675392, -0.00013493580627255142, -0.0069017112255096436, -0.017768841236829758, -0.009692512452602386, -0.0006958208978176117, -0.2085651308298111, -2.50339189733495e-06]",9.853331565856934,False,0.0,-1.8365821095326282,-0.16696200995751165,11.0,-1.6280144753109198,-0.18089049725676887,9.0,0.10141687390674331,0,8,10,10,0.8,-2.0150420207403155,-1.025083807412978,True,11,1.0,8.0,0.6842105263157895,3.0,2.0461885677098715
~/anvil/data/cve-targets/php_repo_ext_exif_exif.c,3630,3620,3700,if (!data) {,if (!ImageInfo->Thumbnail.data ||,"
	if (!ImageInfo->Thumbnail.data ||",0.79296875,"[[13, 12, 361, 5384, 2940, 3401, 976, 1349, 21145, 29889, 1272, 3830]]","[-0.32193723320961, -0.0773988589644432, -0.19817908108234406, -0.40010693669319153, -0.22004331648349762, -4.887569048150908e-06, -0.022622836753726006, -0.011464430950582027, -0.0004457433824427426, -0.0010307481279596686, -0.6205264329910278, -0.5314039587974548]",10.381065368652344,False,1.0,-2.4051644650053277,-0.20043037208377731,12.0,-2.4051644650053277,-0.20043037208377731,12.0,0.04528611962403373,1,12,13,13,0.9230769230769231,-3.956330279467571,-1.0116483472330495,True,5,0.4166666666666667,24.0,0.4444444444444444,13.0,2.209076840876818
~/anvil/data/cve-targets/libtiff_repo_libtiff_tif_jbig.c,98,42,108,"TIFFWarningExt(tif->tif_clientdata, ""JBIG"",","TIFFWarningExt(tif->tif_clientdata, ""JBIG"",","	    TIFFWarningExt(tif->tif_clientdata, ""JBIG"",",0.01971435546875,"[[12, 1678, 323, 29902, 4198, 22709, 5647, 29898, 29873, 361, 976, 29873, 361, 29918, 4645, 1272, 29892, 376, 29674, 6259, 613, 32010, 2]]","[-0.036995407193899155, -0.027612844482064247, -0.08919147402048111, -0.00038771264371462166, -0.00021896349790040404, -0.2539478540420532, -0.0002112165529979393, -0.0009445258183404803, -0.0023042813409119844, -2.062299427052494e-05, -5.817244164063595e-05, -3.0636318115284666e-05, -0.00016902448260225356, -1.585470999998506e-05, -2.4318398573086597e-05, -3.4570634852570947e-06, -0.010071883909404278, -0.012781013734638691, -0.002731047570705414, -0.0006679449579678476, -0.0009064141195267439, -0.10901658982038498, -7.152555099310121e-07]",6.273524284362793,True,0.0,-0.5483119753691881,-0.02383965110300818,23.0,-0.43929467029329317,-0.02091879382349015,21.0,0.0031269642245768193,1,13,13,13,1.0,-0.9424231451916859,-1.1210542695121197,False,19,0.8260869565217391,0.0,1.0,0.0,0.722774504803615
~/anvil/data/cve-targets/lua_repo_ldebug.c,237,213,238,"luaO_chunkid(ar->short_src, ar->source, ar->srclen);","ar->namewhat = """";"," ar->namewhat = """";
  ar->name = funcname(cl, ar->name);
  ar->nupvalues = p->upvalues.n;",0.128173828125,"[[29871, 564, 976, 978, 5816, 353, 12942, 13, 29871, 564, 976, 978, 353, 3653, 978, 29898, 695, 29892, 564, 976, 978, 416, 13, 29871, 564, 976, 29876, 786, 5975, 353, 282, 976, 786, 5975, 29889, 29876, 29936]]","[-0.48519569635391235, -0.6123852729797363, -0.0014518683310598135, -1.032788634300232, -0.2047230303287506, -0.0062518976628780365, -0.9253028631210327, -0.4430725574493408, -0.05237925052642822, -0.800643265247345, -0.0008480527903884649, -0.10363032668828964, -0.02530275471508503, -0.6977910399436951, -0.0015555436257272959, -0.4560050368309021, -0.6900793313980103, -0.5534355044364929, -0.6723455786705017, -0.2343830019235611, -0.1708252876996994, -0.5079357624053955, -0.5634462833404541, -0.2976643741130829, -0.4795887768268585, -0.00110600795596838, -1.1164101362228394, -0.09198176115751266, -0.1365792602300644, -0.0010443239007145166, -0.9456948041915894, -0.21581409871578217, -0.43340373039245605, -0.0004901876673102379, -0.8847418427467346, -1.0223193168640137, -0.22874487936496735]",6.785161972045898,False,2.0,-15.097361341118813,-0.40803679300321116,37.0,-3.763551071053371,-0.41817234122815233,9.0,0.1333849961768743,0,22,46,12,0.4782608695652174,-0.3065095786788757,-1.1068062462349133,True,23,0.6216216216216216,44.0,0.2571428571428571,16.0,1.8911687356749176
~/anvil/data/cve-targets/libsndfile_repo_src_paf.c,102,81,118,switch (subformat),psf->container_close = paf_close,	psf->container_close = paf_close,0.324462890625,"[[12, 567, 29888, 976, 7611, 29918, 5358, 353, 282, 2142, 29918, 5358]]","[-0.6136688590049744, -0.908284068107605, -0.0001174142598756589, -0.002479338087141514, -0.06970655173063278, -0.00023278864682652056, -0.09675462543964386, -0.036383256316185, -0.0024035871028900146, -0.002141089178621769, -0.0002636561985127628, -0.00044312194222584367]",12.31769847869873,False,0.0,-1.732878356015135,-0.1444065296679279,12.0,-1.732878356015135,-0.1444065296679279,12.0,0.08057429265496331,0,6,10,10,0.6,-2.2468713248017473,-1.0375216083627055,True,5,0.4166666666666667,27.0,0.24,10.0,1.9749675540887277
~/anvil/data/cve-targets/php_repo_ext_phar_phar.c,1755,1670,1791,"pos = memchr(pos + 1, '.', filename_len - (pos - filename) + 1);",pos--;,"		pos--;
	}
	if (pos == filename) {
		pos = memchr(filename + 1, '.', filename_len);",0.421142578125,"[[12, 12, 1066, 489, 29936, 13, 12, 29913, 13, 12, 361, 313, 1066, 1275, 10422, 29897, 426, 13, 12, 12, 1066, 353, 2626, 22495, 29898, 9507, 718, 29871, 29896, 29892, 15300, 742, 10422, 29918, 2435, 416, 32010, 2]]","[-0.0020951719488948584, -0.0006355411605909467, -0.30710211396217346, -0.08619150519371033, -5.340433563105762e-05, -0.3986124098300934, -0.002428084844723344, -0.2779768705368042, -0.015793005004525185, -0.05589703842997551, -0.44949042797088623, -0.8393415212631226, -0.35647833347320557, -0.6792875528335571, -0.013732951134443283, -0.4445508122444153, -0.0006762839620932937, -0.0024623333010822535, -0.0067795258946716785, -0.0014485353603959084, -1.0926820039749146, -0.06407656520605087, -0.25574791431427, -0.0002526917669456452, -0.0030490122735500336, -0.6743037700653076, -0.6342698931694031, -0.00603282917290926, -0.034057989716529846, -0.0006799769471399486, -0.14782334864139557, -1.311301275563892e-06, -0.008224311284720898, -0.0002766464895103127, -1.0728830375228426e-06, -0.39597710967063904, -0.5439843535423279, -4.768370445162873e-07]",9.728109359741213,False,3.0,-7.802474699941968,-0.2053282815774202,38.0,-0.7971182312758174,-0.11387403303940248,7.0,0.024267451648519067,1,34,40,6,0.85,-3.6983196860980327,-1.0282979171573765,True,25,0.6578947368421053,58.0,0.17142857142857137,30.0,2.3404235525475428
~/anvil/data/cve-targets/php_repo_ext_intl_msgformat_msgformat_parse.c,80,60,115,},},"	}
	/* Create",0.0022087097167968,"[[12, 29913, 13, 12, 5515, 6204]]","[-0.0012129339156672359, -0.002237199805676937, -0.09553981572389603, -0.25050920248031616, -0.46891891956329346, -1.1372605562210083]",12.015775680541992,True,1.0,-1.9556786277098581,-0.325946437951643,6.0,-0.34949915192555636,-0.08737478798138909,4.0,0.010337944722090892,1,2,6,2,0.3333333333333333,-0.025278570258359393,-1.029719804007816,False,1,0.16666666666666666,0.0,1.0,0.0,0.9012723207798168
~/anvil/data/cve-targets/sqlite3_repo_src_select.c,3867,3783,4171,|| IsVirtual(pSubSrc->a[0].pTab)     /* (3c) */,|| pSubSrc->nSrc>1                     /* (3c) */,"    || pSubSrc->nSrc>1                     /* (3c) */
#ifndef SQLITE_OMIT_WINDOWFUNC
",0.56103515625,"[[268, 3830, 282, 4035, 29903, 2214, 976, 29876, 29903, 2214, 29958, 29896, 462, 268, 4949, 313, 29941, 29883, 29897, 3776, 13, 29937, 361, 299, 1389, 3758, 9094, 29918, 6488, 1806, 29918, 25152, 3970, 29686, 3904, 29907, 13]]","[-0.28728827834129333, -0.05599916726350784, -0.6507319808006287, -0.64872145652771, -0.7752403020858765, -3.576272320060525e-06, -0.0007503792876377702, -0.28830552101135254, -0.0017475108616054058, -1.4305104514278355e-06, -0.20953679084777832, -0.035328954458236694, -0.12852779030799866, -1.2495040893554688, -0.00310035259462893, -0.006996891926974058, -0.015221976675093174, -0.33894649147987366, -0.026015345007181168, -0.0254165381193161, -0.0774955004453659, -0.7756237983703613, -0.0005451146862469614, -0.03060830757021904, 0.0, -0.00024101213784888387, -1.0490362910786644e-05, -1.5616295058862306e-05, -0.0006328010931611061, -3.0874729418428615e-05, -3.8742269680369645e-05, -0.01430224534124136, -2.3841855067985307e-07, -5.531158240046352e-05, -2.145764938177308e-06, -3.4570634852570947e-06, -0.010832671076059341]",5.667315006256104,False,2.0,-5.65782315094188,-0.15291413921464542,37.0,-4.824880324180299,-0.22975620591334756,21.0,0.10718924457584403,1,20,14,10,1.4285714285714286,-2.4418716091681727,-1.138173502307671,True,23,0.6216216216216216,30.0,0.5625,14.0,1.8362910185156216
~/anvil/data/cve-targets/poppler_repo_poppler_SplashOutputDev.cc,1699,1636,1887,doAdjustFontMatrix = true;,if (fontType == fontType1COT || fontType ==,           if (fontType == fontType1COT || fontType ==,0.30029296875,"[[9651, 565, 313, 5657, 1542, 1275, 4079, 1542, 29896, 29907, 2891, 3830, 4079, 1542, 1275]]","[-0.1832234114408493, -0.9625661373138428, -0.5312367081642151, -0.6619012951850891, -0.5351569652557373, -0.10946395993232727, -0.006205220706760883, -0.7168937921524048, -0.8419375419616699, -0.5833942294120789, -0.5186364650726318, -0.24766206741333008, -0.05576344579458237, -0.0005036516231484711, -0.0003725788265001029]",12.195233345031738,False,0.0,-5.954917470255168,-0.3969944980170112,15.0,-5.954917470255168,-0.3969944980170112,15.0,0.10075660789286878,0,7,10,10,0.7,-0.7564159459387079,-1.034349960482433,True,8,0.5333333333333333,35.0,0.26086956521739135,10.0,1.9928915026789513
~/anvil/data/cve-targets/libxml2_repo_HTMLparser.c,3862,3811,3891,},},"   }
   ",8.83340835571289e-05,"[[1678, 500, 13, 1678]]","[-0.00347213470377028, -8.83301836438477e-05, -0.2837505042552948, -0.1813170611858368]",9.236021995544434,True,1.0,-0.4686280303285457,-0.11715700758213643,4.0,-0.4686280303285457,-0.11715700758213643,4.0,0.014624807790355483,0,2,2,2,1.0,-0.0007539803668611086,-1.0410263607467112,False,1,0.25,0.0,1.0,0.0,0.86297744342163
~/anvil/data/cve-targets/openssl_repo_crypto_asn1_a_type.c,66,57,98,break;,break;,"       break;
    case",0.0185699462890625,"[[4706, 2867, 29936, 13, 1678, 1206]]","[-0.0010543270036578178, -0.03716656193137169, -3.302042750874534e-05, -0.47622033953666687, -0.021654946729540825, -0.0017726197838783264]",12.440729141235352,True,1.0,-0.5379018154126243,-0.08965030256877071,6.0,-0.536129195628746,-0.10722583912574919,5.0,0.03423006232935001,1,4,5,4,0.8,-0.17318536688982755,-1.0407176953235604,False,2,0.3333333333333333,0.0,1.0,0.0,0.8898613098891512
~/anvil/data/cve-targets/php_repo_ext_iconv_iconv.c,1138,971,1463,--str_left;,"_php_iconv_appendc(pretval, '=","								_php_iconv_appendc(pretval, '=",0.426513671875,"[[12, 12, 12, 12, 12, 12, 12, 12, 29918, 1961, 29918, 4144, 29894, 29918, 4397, 29883, 29898, 19819, 791, 29892, 525, 29922]]","[-0.0011231550015509129, -2.3245540432981215e-05, -1.7046782886609435e-05, -2.312633478140924e-05, -3.194758028257638e-05, -4.5298504119273275e-05, -0.001617315225303173, -0.13609382510185242, -1.4462344646453857, -6.198863957251888e-06, -9.536738616588991e-07, -4.7444173105759546e-05, -1.1920928244535389e-07, -2.50339189733495e-06, -0.0004015354788862169, -0.35547396540641785, -8.022463589441031e-05, -0.0005260513862594962, -1.6689286894688848e-06, -0.00025948495022021234, -0.1721777617931366, -0.15415014326572418]",14.999881744384766,False,0.0,-2.268337479873928,-0.10310624908517854,22.0,-2.268337479873928,-0.10310624908517854,22.0,0.0934549759458732,1,6,7,7,0.8571428571428571,-4.136642304994015,-1.109477719793932,True,5,0.22727272727272727,27.0,0.14634146341463417,8.0,1.7507666697625521
~/anvil/data/cve-targets/poppler_repo_poppler_FileSpec.cc,124,122,129,{,{,"{
   ",0.007110595703125,"[[29912, 13, 1678]]","[-0.00711052818223834, -0.6355040669441223, -0.04888956993818283]",6.955811500549316,True,1.0,-0.6915041650645435,-0.23050138835484782,3.0,-0.6915041650645435,-0.23050138835484782,3.0,0.08230449955391776,0,2,2,2,1.0,-0.030848385573185866,-1.1020944051980388,False,1,0.3333333333333333,0.0,1.0,0.0,0.6592620577308661
~/anvil/data/cve-targets/libtiff_repo_libtiff_tif_predict.c,531,379,681,},},"}
TI",0.0003538131713867,"[[29913, 13, 24301]]","[-0.00035363141796551645, -0.1724921315908432, -0.9332916736602783]",14.097857475280762,True,1.0,-1.106137436669087,-0.36871247888969566,3.0,-0.17284576300880872,-0.08642288150440436,2.0,0.007407915810441952,0,2,3,2,0.6666666666666666,-0.004093975637327814,-1.0847383167213942,False,1,0.3333333333333333,0.0,1.0,0.0,0.7163558323340464
~/anvil/data/cve-targets/poppler_repo_fofi_FoFiType1C.cc,1459,1452,1462,if(ok) {,if (ok) {,                   if (ok) {,1.3974609375,"[[462, 1678, 565, 313, 554, 29897, 426, 32010, 2]]","[-0.07208725064992905, -0.000654602306894958, -0.11825382709503174, -0.05937475338578224, -0.14830538630485535, -0.3003152012825012, -0.010946933180093765, -0.4901522696018219, -2.3841855067985307e-07]",12.915424346923828,False,0.0,-1.200090462225461,-0.1333433846917179,9.0,-0.7099379542050883,-0.10141970774358404,7.0,0.009001167487937575,1,10,10,10,1.0,-13.77898801516124,-1.053141863183666,True,5,0.5555555555555556,1.0,0.9411764705882353,0.0,2.149205303238288
~/anvil/data/cve-targets/libtiff_repo_libtiff_tif_dirread.c,5768,5723,5775,"uint64_t nstrips64 = TIFFhowmany_64(bytecount, stripbytes);",/*,"	/*
	 * Never decrease the number of rows per strip
	 */
	if (rowsperstrip < td->td_rowsperstrip)
		return;
	/*
	 *",0.515625,"[[12, 5515, 13, 12, 334, 12391, 23806, 278, 1353, 310, 4206, 639, 17820, 13, 12, 3776, 13, 12, 361, 313, 5727, 546, 17010, 529, 22599, 976, 1594, 29918, 5727, 546, 17010, 29897, 13, 12, 12, 2457, 29936, 13, 12, 5515, 13, 12, 334]]","[-0.16351443529129028, -0.9791297912597656, -0.3348592221736908, -0.011589815840125084, -0.013347908854484558, -2.299398183822632, -1.3929479122161865, -0.12916894257068634, -0.19344785809516907, -0.006134016439318657, -0.07895529270172119, -0.11065621674060822, -0.004346566740423441, -1.2171642780303955, -0.007997041568160057, -0.08125321567058563, -0.002810815814882517, -0.05783173441886902, -0.12860871851444244, -0.16439026594161987, -0.6571295857429504, -1.4781842764932662e-05, -6.318072337307967e-06, -0.5882036089897156, -0.24504344165325165, -5.924526340095326e-05, -2.5748875486897305e-05, -1.1920922133867862e-06, -0.009453767910599709, -0.0002138386043952778, -2.5748875486897305e-05, -0.08708439767360687, -0.15237462520599365, -0.037495240569114685, -0.12066195160150528, -0.10644777119159698, -0.0006403064471669495, -0.0030717116314917803, -0.23547206819057465, -0.692071259021759, -0.48752397298812866, -0.01394963450729847, -0.017129335552453995]",7.369792461395264,False,6.0,-10.83165178520835,-0.2518988787257756,43.0,-1.4890932645648718,-0.37227331614121795,4.0,0.13583686338597056,1,15,20,3,0.75,-1.3850710691399732,-1.0907470737045146,True,27,0.627906976744186,59.0,0.0,14.0,1.9309341566212288
~/anvil/data/cve-targets/openssl_repo_crypto_rsa_rsa_ameth.c,545,537,551,"int magma_int = ossl_rsa_pss_to_ctx(ctx, NULL, sigalg, pkey);",/* Check for NULL parameters */,"
    /* Check for NULL parameters */
    if (!asn || !sigalg || !sig || !pkey) {
        ERR_raise(ERR_LIB_RSA, ERR_R_P",0.787109375,"[[13, 1678, 4949, 5399, 363, 4265, 4128, 3776, 13, 1678, 565, 5384, 294, 29876, 3830, 1738, 18816, 9564, 3830, 1738, 18816, 3830, 1738, 29886, 1989, 29897, 426, 13, 4706, 22307, 29918, 22692, 29898, 21662, 29918, 5265, 29933, 29918, 29934, 8132, 29892, 22307, 29918, 29934, 29918, 29925]]","[-0.6249537467956543, -0.029222501441836357, -0.5580004453659058, -1.7619467973709106, -1.546326756477356, -1.604717493057251, -1.0939630270004272, -0.05650187283754349, -0.0034575224854052067, -0.004678612574934959, -0.009257251396775246, -0.5174533724784851, -0.5138674378395081, -4.339123915997334e-05, -0.14943736791610718, -0.002923740306869149, -0.10716202855110168, -0.33248069882392883, -0.017025621607899666, -0.0044373623095452785, -0.09626634418964386, -0.14506715536117554, -0.0019041041377931833, -0.00861854013055563, -2.861018856492592e-06, -0.04293470457196236, -0.12903662025928497, -0.00030322244856506586, -0.0070983367040753365, -0.08497988432645798, -1.2993727978027891e-05, -0.00020203932945150882, -0.0032860825303941965, -0.00018487652414478362, -3.099436753473128e-06, -6.794906312279636e-06, -4.768370445162873e-07, -1.0728830375228426e-06, -0.0036657534074038267, -1.537788011773955e-05, -3.7431014789035544e-05, -0.21779173612594604, -9.775113539944869e-06, -5.745722592109814e-05, -1.7881377516459906e-06, -0.0005133026279509068]",8.62113094329834,False,3.0,-9.679858878733512,-0.21043171475507635,46.0,-7.283768775407225,-0.7283768775407224,10.0,0.4668139476936056,1,20,30,2,0.6666666666666666,-1.0806347637744635,-1.0571529391484298,True,29,0.6304347826086957,50.0,0.26086956521739135,19.0,2.1463152164905974
~/anvil/data/cve-targets/libxml2_repo_HTMLparser.c,2792,2775,2812,*/,*/,    */,0.365234375,"[[268, 3776, 32010, 2]]","[-0.013139684684574604, -0.3700011372566223, -0.6115778088569641, -7.152531907195225e-06]",8.825794219970703,True,0.0,-0.9947257833300682,-0.24868144583251706,4.0,-0.3831408219411969,-0.19157041097059846,2.0,0.031837524082957966,1,3,3,3,1.0,-1.906528117518393,-1.0517577437864425,False,1,0.25,0.0,1.0,0.0,0.8999951823329987
~/anvil/data/cve-targets/libtiff_repo_libtiff_tif_predict.c,177,104,179,},sp->decoded,		sp->decoded,5.921875,"[[12, 12, 1028, 976, 7099, 6797]]","[-0.0739966556429863, -0.007255041040480137, -0.7953200936317444, -0.0007109498255886137, -1.4456332921981812, -0.48127561807632446]",4.635134696960449,False,0.0,-2.804191650415305,-0.4673652750692175,6.0,-2.804191650415305,-0.4673652750692175,6.0,0.27482712191237585,0,2,7,7,0.2857142857142857,-12.670763781333479,-1.1679257291177152,True,1,0.16666666666666666,11.0,0.0,6.0,2.437185963324147
~/anvil/data/cve-targets/libxml2_repo_HTMLparser.c,2808,2775,2812,"ret = xmlStrndup(q, CUR_PTR - q);",NEXT;,"       NEXT;
    }
    if (err) {
        ret = xmlStrndup(q + startPosition,",0.62255859375,"[[4706, 405, 12194, 29936, 13, 1678, 500, 13, 1678, 565, 313, 3127, 29897, 426, 13, 4706, 3240, 353, 4903, 5015, 299, 786, 29898, 29939, 718, 1369, 8003, 29892]]","[-0.08600152283906937, -0.9852567911148071, -7.855583680793643e-05, -0.0004012971476186067, -0.01148929726332426, -0.026235420256853104, -0.00018976318824570626, -0.03598453104496002, -0.05393216758966446, -0.4350014925003052, -0.41609057784080505, -0.7733157873153687, -0.7453150749206543, -0.4316023290157318, -0.006817532703280449, -0.2484649270772934, -1.384895920753479, -0.0007877822499722242, -0.426402747631073, -0.10096895694732666, -0.8746964931488037, -0.021245168522000313, -0.04227772727608681, -0.19801205396652222, -0.5479870438575745, -0.029597314074635506, -3.7788631743751466e-05, -0.024382248520851135]",7.022640228271484,False,3.0,-7.907468313234858,-0.2824095826155307,28.0,-1.1094628844584804,-0.18491048074308006,6.0,0.1289660599124571,1,17,20,4,0.85,-3.3668107467364212,-1.100254653306231,True,17,0.6071428571428571,31.0,0.10526315789473684,14.0,1.9398182427700967
~/anvil/data/cve-targets/php_repo_ext_phar_zip.c,144,139,159,do {,do {,	do {,0.054229736328125,"[[12, 1867, 426, 32010, 2]]","[-0.020623063668608665, -0.10023030638694763, -0.007551457732915878, -0.32685187458992004, -7.152555099310121e-07]",13.380331039428713,True,0.0,-0.45525741763390215,-0.09105148352678043,5.0,-0.12840482778847218,-0.04280160926282406,3.0,0.001677505440310166,0,3,3,3,1.0,-1.2670022754314287,-1.0654535896475612,False,2,0.4,0.0,1.0,0.0,0.8015232426375992
~/anvil/data/cve-targets/php_repo_ext_exif_exif.c,1917,1914,1921,if ((offset + length) > (info->valid_end - info->valid_start)) {,if (offset + length > info->offset_base + info->length) {,	if (offset + length > info->offset_base + info->length) {,1.048828125,"[[12, 361, 313, 10289, 718, 3309, 1405, 5235, 976, 10289, 29918, 3188, 718, 5235, 976, 2848, 29897, 426, 32010, 2]]","[-0.037373173981904984, -0.1560811996459961, -0.30638641119003296, -0.5946656465530396, -0.6434482932090759, -0.007434085011482239, -0.1982085108757019, -0.04252144694328308, -0.0005149707430973649, -0.9340634346008301, -0.02802477590739727, -1.3682948350906372, -0.42253613471984863, -0.00955283921211958, -0.0015754204941913486, -0.7543460726737976, -0.22673626244068146, -0.01032086368650198, -0.14501404762268066, 0.0]",11.196928024291992,False,0.0,-5.8870984246023,-0.294354921230115,20.0,-5.742084376979619,-0.31900468760997885,18.0,0.14674205934016396,1,31,25,25,1.24,-3.287814147365499,-1.008854510179592,True,21,1.05,24.0,0.7107438016528926,9.0,2.477566228173224
~/anvil/data/cve-targets/openssl_repo_crypto_evp_encode.c,151,142,193,if ((ctx->num + inl) < ctx->length) {,if (ctx->num != 0) {,"   if (ctx->num != 0) {
        if (ctx->num + inl < ctx->length",0.70068359375,"[[1678, 565, 313, 13073, 976, 1949, 2804, 29871, 29900, 29897, 426, 13, 4706, 565, 313, 13073, 976, 1949, 718, 297, 29880, 529, 12893, 976, 2848]]","[-0.071721151471138, -0.15102510154247284, -0.18691954016685486, -0.18048717081546783, -0.003870853688567877, -0.08576346933841705, -0.09124210476875305, -0.0006573423161171377, -4.9232225137529895e-05, -0.09472037851810455, -0.018749507144093513, -0.5986188650131226, -0.0049071116372942924, -1.12055242061615, -0.1793683022260666, -0.1369425356388092, -1.6331539882230572e-05, -0.11667297780513763, -0.423982709646225, -0.03156203031539917, -3.933898824470816e-06, -0.3786904513835907, -0.05287348851561546, -5.125986263010418e-06, -0.0013430631952360272]",13.31652545928955,False,1.0,-3.9307451994127405,-0.15722980797650962,25.0,-1.488731828645541,-0.11451783297273394,13.0,0.023720671315460115,1,25,26,16,0.9615384615384616,-6.118554425639794,-1.0637553973245037,True,15,0.6,20.0,0.5964912280701755,11.0,2.166385768476085
~/anvil/data/cve-targets/libtiff_repo_libtiff_tif_next.c,123,42,140,break;,break;,"					break;
				np",0.314697265625,"[[12, 12, 12, 12, 12, 8690, 29936, 13, 12, 12, 12, 12, 9302]]","[-0.0981808602809906, -0.00051771110156551, -0.00031096869497559965, -0.0006252956227399409, -0.11329122632741928, -0.6235939264297485, -0.00011669908417388797, -0.027541641145944595, -0.06959681212902069, -0.00035696811391972005, -0.00022968991834204644, -0.0011130335042253137, -1.3649216890335083]",11.568875312805176,True,1.0,-2.300396521386574,-0.176953578568198,13.0,-0.9354748323530657,-0.07795623602942214,12.0,0.028668509846689293,1,4,7,4,0.5714285714285714,-4.036845307747123,-1.0182792787228667,False,2,0.15384615384615385,0.0,1.0,0.0,1.0151548550865268
~/anvil/data/cve-targets/poppler_repo_poppler_Parser.cc,322,308,331,},} else if,   } else if,0.0029048919677734,"[[1678, 500, 1683, 565]]","[-0.1509186029434204, -0.0029057920910418034, -0.5281792879104614, -0.3341836631298065]",13.639229774475098,False,0.0,-1.0161873460747302,-0.25404683651868254,4.0,-1.0161873460747302,-0.25404683651868254,4.0,0.038819442160481846,0,2,4,4,0.5,-0.011434474081946599,-1.072372069982524,True,1,0.25,8.0,0.19999999999999996,2.0,1.758279012123157
~/anvil/data/cve-targets/lua_repo_ldebug.c,788,750,794,L->hookcount = 1;  /* undo decrement to zero */,resethookcount(L);  /* reset count */,"     resethookcount(L);  /* reset count */
    L->status = LUA_OK;  /* clear",0.486572265625,"[[418, 620, 621, 2550, 2798, 29898, 29931, 416, 29871, 4949, 10092, 2302, 3776, 13, 1678, 365, 976, 4882, 353, 365, 29965, 29909, 29918, 8949, 29936, 29871, 4949, 2821]]","[-0.0024216631427407265, -1.0516364574432373, -0.0013985387049615383, -4.95898348162882e-05, -0.0004101150552742183, -0.00027640812913887203, -0.0003047717036679387, -0.00012909532233607024, -0.15713666379451752, -0.0014105618465691805, -0.6269694566726685, -0.10389801114797592, -0.40186089277267456, -0.6785810589790344, -0.007723824121057987, -1.1910470724105835, -0.0018897071713581681, -0.765534520149231, -0.0031578694470226765, -0.20751871168613434, -0.1053074523806572, -0.0008866431307978928, -0.0001538873475510627, -0.016033878549933434, -0.000614335120189935, -0.21252495050430298, -0.002940974896773696, -1.3184224367141724]",11.036816596984863,False,1.0,-6.860239548179379,-0.24500855529212068,28.0,-3.034207108670671,-0.20228047391137807,15.0,0.1028526712682775,0,11,25,10,0.44,-2.4054336843118835,-1.0048243530988992,True,17,0.6071428571428571,25.0,0.5714285714285714,9.0,2.1688695148004395
~/anvil/data/cve-targets/libsndfile_repo_src_file_io.c,303,300,328,ssize_t	count ;,sf_count_t count ;,"	sf_count_t count ;

	if (psf",0.97998046875,"[[12, 4668, 29918, 2798, 29918, 29873, 2302, 2056, 13, 13, 12, 361, 313, 567, 29888]]","[-0.029864273965358734, -0.19874876737594604, -0.00022551853908225894, -5.686121585313231e-05, -2.098061486321967e-05, -8.702239938429557e-06, -0.045912355184555054, -0.04999477043747902, -0.1143900454044342, -0.49997422099113464, -0.023317189887166023, -0.142447367310524, -0.23250576853752136, -0.6334130167961121, -1.3112935448589269e-05]",14.24533748626709,False,2.0,-1.9708929514354168,-0.13139286342902778,15.0,-0.9625136858558108,-0.08750124416871007,11.0,0.02039838853419178,1,5,8,5,0.625,-11.199617537557659,-1.0887451292134176,True,7,0.4666666666666667,8.0,0.6060606060606061,1.0,1.9024291249016645
~/anvil/data/cve-targets/libtiff_repo_libtiff_tif_dirread.c,5739,5723,5775,return;,return;,"           return;
	/*",0.0113067626953125,"[[9651, 736, 29936, 13, 12, 5515]]","[-0.5269616842269897, -0.017038630321621895, -0.005675274413079023, -0.045030124485492706, -0.28599661588668823, -0.981090784072876]",2.9849181175231934,True,1.0,-1.8617931134067476,-0.3102988522344579,6.0,-0.8807023293338716,-0.17614046586677432,5.0,0.04134111962744834,0,4,6,4,0.6666666666666666,-0.06419173833606463,-1.217116709543844,False,2,0.3333333333333333,0.0,1.0,0.0,0.2967643337771927
~/anvil/data/cve-targets/libxml2_repo_xmlregexp.c,4850,4777,4859,NEXTL(len);,NEXTL(len);,   NEXTL(len);,0.030029296875,"[[1678, 405, 12194, 29931, 29898, 2435, 416, 32010, 2]]","[-0.038761842995882034, -0.16601736843585968, -0.000403084559366107, -0.010231191292405128, -0.00036793138133361936, -0.0007363230688497424, -0.0024373605847358704, -0.6287157535552979, -5.960462772236497e-07]",7.505495548248291,True,0.0,-0.8476714519200073,-0.09418571688000081,9.0,-0.21895510231843218,-0.031279300331204594,7.0,0.0031895632449349164,1,9,9,9,1.0,-0.9600373587973905,-1.0870529000104434,False,6,0.6666666666666666,0.0,1.0,0.0,0.7931463844942289
~/anvil/data/cve-targets/sqlite3_repo_src_vdbemem.c,1155,1147,1179,if( pVal->flags & (MEM_Blob|MEM_Str) ){,if( pVal->flags & MEM_Str ){, if( pVal->flags & MEM_Str ){,0.268798828125,"[[29871, 565, 29898, 282, 1440, 976, 15764, 669, 341, 12665, 29918, 5015, 29545, 32010, 2]]","[-0.222951278090477, -0.4685671925544739, -0.00468573160469532, -0.6268332004547119, -2.6464111215318553e-05, -0.0017447738209739327, -0.25113731622695923, -0.20635385811328888, -0.32247093319892883, -5.364403477869928e-06, -2.50339189733495e-06, -0.2138628512620926, -0.121652752161026, -0.5105882287025452, -3.576278118089249e-07]",12.20555019378662,False,0.0,-2.950882805724575,-0.19672552038163835,15.0,-2.440294219394218,-0.18771493995340138,13.0,0.03648490354606147,1,22,16,16,1.375,-1.4319522366825304,-1.034616775692154,True,20,1.3333333333333333,11.0,0.835820895522388,6.0,2.1571324901498974
~/anvil/data/cve-targets/sqlite3_repo_src_sqliteInt.h,2107,1955,2257,((X)->op==TK_COLUMN && (X)->y.pTab==0),(((X)->op==TK_FUNCTION) && \,"                          (((X)->op==TK_FUNCTION) && \
                            (((X)->flags & EP_TokenOnly)==0) &&",0.60791015625,"[[462, 965, 313, 3552, 29990, 19969, 459, 1360, 29911, 29968, 29918, 29943, 28700, 29897, 2607, 320, 13, 462, 9651, 313, 3552, 29990, 19969, 15764, 669, 16502, 29918, 6066, 11730, 29897, 1360, 29900, 29897, 2607]]","[-1.6363837718963623, -2.018275499343872, -0.41412296891212463, -0.8460845351219177, -0.11659850925207138, -0.09506633132696152, -0.3559964895248413, -0.12133171409368515, -0.004987536929547787, -7.426462980220094e-05, -1.2397689715726301e-05, -0.9842009544372559, -0.06183382123708725, -0.6806148290634155, -0.285703182220459, -0.7435023784637451, -0.00016890530241653323, -0.0073942081071436405, -0.20904672145843506, -0.8332828283309937, -1.0592849254608154, -0.18202313780784607, -0.007167105097323656, -0.40392741560935974, -0.6755202412605286, -0.11051170527935028, -0.00014995403762441128, -0.7809083461761475, -0.007927975617349148, -0.03062772937119007, -0.13670571148395538, -0.0022619394585490227, -0.13661867380142212, -0.027243899181485176]",0.4044467508792877,False,1.0,-12.9755606069848,-0.38163413549955294,34.0,-8.58139901901086,-0.45165257994794,19.0,0.31793342680779324,1,31,37,16,0.8378378378378378,-1.3459685236826746,-1.2982231124950767,True,21,0.6176470588235294,23.0,0.6060606060606061,20.0,1.432193233108042
~/anvil/data/cve-targets/sqlite3_repo_src_vdbe.c,2055,1936,2062,pIn3->flags = flags3;,pIn3->flags = flags3;, pIn3->flags = flags3;,0.054473876953125,"[[29871, 282, 797, 29941, 976, 15764, 353, 13449, 29941, 29936, 32010, 2]]","[-0.006039109546691179, -0.15538686513900757, -0.0018498466815799475, -0.368557870388031, -0.0013328249333426356, -0.0016070796409621835, -0.005184538662433624, -0.0018164102220907807, -0.0006713996990583837, -0.0019791792146861553, -0.062108222395181656, -9.536738616588991e-07]",10.023058891296388,True,0.0,-0.6065343001969268,-0.05054452501641057,12.0,-0.5444251241278835,-0.054442512412788344,10.0,0.01304189087238172,1,10,10,10,1.0,-1.0005761038377297,-1.0207434041635939,False,9,0.75,0.0,1.0,0.0,1.0311257191016878
~/anvil/data/cve-targets/libpng_repo_pngrutil.c,2620,2605,2642,size_t row_factor_l =,png_uint_32 row_factor_l =,     png_uint_32 row_factor_l =,0.27392578125,"[[418, 282, 865, 29918, 13470, 29918, 29941, 29906, 1948, 29918, 19790, 29918, 29880, 353, 32010, 2]]","[-0.13166895508766174, -0.8635954856872559, -6.3774932641536e-05, -0.00017832119192462415, -0.20662915706634521, -0.00020013237372040749, -0.004506788216531277, -0.00035684893373399973, -0.04535280540585518, -0.00013457823661156, -0.003763380227610469, -0.002206274075433612, -0.0004158347437623888, -0.30810344219207764, -0.46896880865097046, -3.576278118089249e-07]",9.182032585144045,False,0.0,-2.0361449446499478,-0.12725905904062174,16.0,-1.5671757783711655,-0.11194112702651182,14.0,0.0519587433184441,1,4,4,4,1.0,-2.4470522007976943,-1.0424324194224353,True,9,0.5625,9.0,0.7234042553191489,1.0,1.9272290291607763
~/anvil/data/cve-targets/libpng_repo_pngset.c,683,605,757,else,else,        else,0.0001603364944458,"[[308, 1683, 32010, 2]]","[-0.0007046362152323127, -0.0001597276859683916, -0.16567865014076233, -3.576278118089249e-07]",11.844846725463867,True,0.0,-0.16654337166977484,-0.04163584291744371,4.0,-0.0008643639012007043,-0.00043218195060035214,2.0,7.423132631614238e-08,0,2,2,2,1.0,-0.3709930371295551,-1.0253289689469165,False,1,0.25,0.0,1.0,0.0,0.9156589588881624
~/anvil/data/cve-targets/php_repo_ext_phar_phar.c,698,635,1125,"if (manifest_len < 10 || manifest_len != php_stream_read(fp, buffer, manifest_len)) {","if (manifest_len != php_stream_read(fp, buffer, manifest_len)) {","	if (manifest_len != php_stream_read(fp, buffer, manifest_len)) {
		MAPPHAR_ALLOC_FAIL(""internal corruption of phar \""%s\"" (tr",0.285400390625,"[[12, 361, 313, 29135, 29918, 2435, 2804, 3989, 29918, 5461, 29918, 949, 29898, 18091, 29892, 6835, 29892, 10419, 29918, 2435, 876, 426, 13, 12, 12, 1529, 18009, 29950, 1718, 29918, 1964, 16652, 29918, 4519, 6227, 703, 7564, 1034, 18953, 310, 1374, 279, 13218, 29995, 29879, 5931, 313, 509]]","[-0.06186486408114433, -0.5148510932922363, -0.11167531460523605, -0.5452741980552673, -4.6491513785440475e-06, -0.004129573702812195, -0.8037478923797607, -0.05489031597971916, -8.22540732769994e-06, -1.2874520507466514e-05, -1.5497195136049413e-06, -0.01128056738525629, -0.000798859924543649, -5.829164365422912e-05, -0.0002787916746456176, -0.12482890486717224, -0.002981148660182953, -0.00557878240942955, -5.960462772236497e-07, -9.059865078597795e-06, -0.0668303519487381, -0.011258878745138645, -0.2560209333896637, -0.0022760932333767414, -0.0004128557338844985, -0.7234041690826416, -6.16293036728166e-05, -7.033323527139146e-06, -3.3378546504536644e-06, -2.13382354559144e-05, -0.09841111302375793, -6.318072337307967e-06, -7.271740287251305e-06, -2.6225699912174605e-05, -4.768370445162873e-07, -0.0017363247461616993, -0.11269039660692215, -0.0016607552533969283, -0.0001677133986959234, -0.001465557492338121, -0.002563525689765811, -4.887569048150908e-06, -0.0011031500762328506, -9.250213042832911e-05, -8.439661905867979e-05, -0.003394795348867774, -0.0068100737407803535, -0.15678595006465912]",13.1305513381958,False,1.0,-3.6895836083315885,-0.07686632517357476,48.0,-2.5790746664219455,-0.10316298665687781,25.0,0.04190260919877333,1,28,27,22,1.037037037037037,-2.7664998840548063,-1.0588211024754524,True,29,0.6041666666666666,21.0,0.8590604026845637,6.0,2.146905140720076
~/anvil/data/cve-targets/sqlite3_repo_src_resolve.c,184,176,190,assert( pExTab!=0 );,if( pExTab==0 ) return 0;," if( pExTab==0 ) return 0;
 ",0.436767578125,"[[29871, 565, 29898, 282, 1252, 8863, 1360, 29900, 1723, 736, 29871, 29900, 29936, 13, 29871]]","[-0.07364598661661148, -0.3685953915119171, -0.0051482487469911575, -0.6937291026115417, -0.20625948905944824, -0.00015114595589693636, -0.6429339051246643, -0.034701619297266006, -0.32819369435310364, -0.6665352582931519, -0.18656952679157257, -0.04353829473257065, -0.013959156349301338, -0.12446330487728119, -0.08723233640193939]",7.316734313964844,False,1.0,-3.4756564607232576,-0.23171043071488384,15.0,-3.4756564607232576,-0.23171043071488384,15.0,0.059087852997550365,1,12,14,14,0.8571428571428571,-1.884971586205525,-1.0921948591785724,True,8,0.5333333333333333,16.0,0.5777777777777777,8.0,1.8786691021064919
~/anvil/data/cve-targets/libsndfile_repo_src_wavlike.c,286,98,384,buffer [--bit] = 0 ;,if (buffer [bit - 1] == ' '),					if (buffer [bit - 1] == ' '),0.689453125,"[[12, 12, 12, 12, 12, 361, 313, 9040, 518, 2966, 448, 29871, 29896, 29962, 1275, 525, 25710, 32010]]","[-0.0020989784970879555, -0.00017105070583056659, -6.174850568640977e-05, -0.00010597144137136638, -0.01811882108449936, -0.28464391827583313, -0.02167442813515663, -0.7882341146469116, -0.0022500455379486084, -0.035694584250450134, -0.3787408173084259, -0.008332724682986736, -0.41505205631256104, -0.002009873976930976, -0.01373306941241026, -0.5784865617752075, -0.12396889179944992, -0.300343781709671]",14.351431846618652,False,0.0,-2.973721438058419,-0.16520674655880108,18.0,-2.673377656348748,-0.1572575091969852,17.0,0.0558822372012477,1,14,23,23,0.6086956521739131,-4.384230225447432,-1.0916367052188074,True,9,0.5,14.0,0.6666666666666667,17.0,1.9459393440829529
~/anvil/data/cve-targets/libsndfile_repo_src_ulaw.c,830,826,835,if (ptr [i] >= 0),if (ptr [i] >= 0),		if (ptr [i] >= 0),0.207763671875,"[[12, 12, 361, 313, 7414, 518, 29875, 29962, 6736, 29871, 29900, 29897, 32010, 2]]","[-0.006574310828000307, -0.000648883986286819, -0.07549361884593964, -0.012811967171728611, -0.11244434118270874, -0.009808676317334175, -0.0008039817912504077, -0.0013965149410068989, -1.0147007703781128, -0.044348977506160736, -0.06219571456313133, -0.7388976216316223, -0.041084565222263336, -1.1920928244535389e-07]",8.711090087890625,True,0.0,-2.1212100635748286,-0.15151500454105918,14.0,-2.0801253791432828,-0.17334378159527356,12.0,0.10329127501666953,1,17,17,17,1.0,-1.1985643209289774,-1.0547780962820918,False,10,0.7142857142857143,0.0,1.0,0.0,1.0223603491063846
~/anvil/data/cve-targets/libtiff_repo_libtiff_tif_predict.c,334,329,336,"TIFFSwabArrayOfLong(wp, wc);",while (wc-- > 0),"
	while (wc-- > 0)
		*wp++ = TIFFSw",0.398681640625,"[[13, 12, 8000, 313, 29893, 29883, 489, 1405, 29871, 29900, 29897, 13, 12, 12, 29930, 11912, 1817, 353, 323, 29902, 4198, 10840]]","[-0.6727511882781982, -0.08149123936891556, -0.5527134537696838, -0.03392455726861954, -0.5015825033187866, -4.768258077092469e-05, -0.01220343355089426, -0.05555902048945427, -0.0007602662080898881, -0.0007596705690957606, -0.009806198067963123, -0.31193122267723083, -0.023006420582532883, -0.04489518329501152, -0.3414604067802429, -0.03240163251757622, -0.030864017084240913, -0.008557554334402084, -1.3165631294250488, -0.003377568442374468, -0.0015309053706005216, -0.026140427216887474]",8.992840766906738,False,2.0,-4.062327681196621,-0.18465125823621004,22.0,-2.3014320400252473,-0.16438800285894622,14.0,0.05302244427472536,0,11,22,14,0.5,-2.425247789932033,-1.047374590057619,True,13,0.5909090909090909,25.0,0.2272727272727273,12.0,2.011259173059152
~/anvil/data/cve-targets/lua_repo_lstate.h,278,126,428,l_uint32 nCcalls;  /* number of nested (non-yieldable | C)  calls */,int stacksize;," int stacksize;
  int size_ci;
  unsigned short nCcalls;  /* number of nested C calls */
  lu_byte hookmask;
  lu_byte allow",1.6787109375,"[[29871, 938, 5096, 2311, 29936, 13, 29871, 938, 2159, 29918, 455, 29936, 13, 29871, 12780, 3273, 302, 29907, 29883, 4293, 29936, 29871, 4949, 1353, 310, 9322, 315, 5717, 3776, 13, 29871, 8092, 29918, 10389, 12422, 13168, 29936, 13, 29871, 8092, 29918, 10389, 2758]]","[-0.041249532252550125, -1.3083741664886475, -0.6176000833511353, -0.013794445432722569, -0.0043069226667284966, -0.49354287981987, -0.022555705159902573, -0.4404233992099762, -1.1586294174194336, -0.019840123131871223, -0.03681744262576103, -0.0004758894501719624, -0.5331840515136719, -0.008979770354926586, -0.49126002192497253, -0.07807076722383499, -0.05145050585269928, -0.0782296359539032, -1.9430925021879375e-05, -0.00014101465058047324, -0.00022706791060045362, -0.26937487721443176, -0.0014257990987971425, -0.032598499208688736, -0.0006264869589358568, -0.0777553841471672, -0.005593955982476473, -0.030684031546115875, -0.004697715397924185, -0.13690190017223358, -0.02754512056708336, -0.6516833901405334, -0.003947206307202578, -0.07708072662353516, -0.13510629534721375, -0.09955219179391861, -0.002453890163451433, -0.10734535753726959, -0.01378045417368412, -0.15086202323436737, -6.198863957251888e-06, -0.0020616245456039906, -0.013603013008832932]",8.928993225097656,False,4.0,-7.243858415352406,-0.16846182361284665,43.0,-2.5014237351715565,-0.3573462478816509,7.0,0.20648601866277017,1,6,24,5,0.25,-4.6977153039982955,-1.049047732350874,True,27,0.627906976744186,60.0,0.2195121951219512,3.0,2.1649815549473987
~/anvil/data/cve-targets/libsndfile_repo_src_alaw.c,326,323,332,{,{,	{,0.55615234375,"[[12, 29912, 32010, 2]]","[-0.0012866322649642825, -0.5563163757324219, -0.6298823356628418, -1.1920928244535389e-07]",10.85176944732666,True,0.0,-1.1874854628695104,-0.2968713657173776,4.0,-0.5576030079973862,-0.2788015039986931,2.0,0.07701450403338794,1,2,2,2,1.0,-1.994796784713927,-1.000186591865173,False,1,0.25,0.0,1.0,0.0,1.093907602556673
~/anvil/data/cve-targets/poppler_repo_poppler_JPEG2000Stream.cc,31,28,39,opj_image_t *image;,JPXStreamPrivate(),"   JPXStreamPrivate()
    {
        stream = NULL;",0.78662109375,"[[1678, 435, 29925, 29990, 3835, 25207, 580, 13, 1678, 426, 13, 4706, 4840, 353, 4265, 29936]]","[-0.07297896593809128, -1.3258615732192993, -0.04912623390555382, -0.008573273196816444, -0.04936147853732109, -0.2466355860233307, -1.0279572010040283, -0.6988723874092102, -0.38253775238990784, -0.04476022720336914, -0.0412919707596302, -0.13694368302822113, -2.204366683959961, -0.10692392289638519, -0.5319499373435974, -0.0011124381562694907]",3.965376138687134,False,2.0,-6.9292533149709925,-0.43307833218568703,16.0,-3.861904451623559,-0.4291004946248399,9.0,0.20703289323705876,0,7,17,8,0.4117647058823529,-1.833186173410819,-1.1876460730630818,True,9,0.5625,16.0,0.21621621621621623,7.0,1.5606627254434475
~/anvil/data/cve-targets/php_repo_ext_exif_exif.c,3657,3620,3700,marker = c;,marker = c;,		marker = c;,0.13427734375,"[[12, 12, 22976, 353, 274, 29936, 32010, 2]]","[-0.028550773859024048, -0.00031263710116036236, -0.19865231215953827, -0.014717345125973225, -0.2742760181427002, -0.04525744915008545, -0.6313949823379517, -5.960462772236497e-07]",11.69369888305664,True,0.0,-1.1931621139227104,-0.1491452642403388,8.0,-0.5617665355384815,-0.09362775592308026,6.0,0.010862202760071637,1,7,7,7,1.0,-1.434161722943732,-1.0214618733024792,False,4,0.5,0.0,1.0,0.0,1.008100290991174
~/anvil/data/cve-targets/sqlite3_repo_src_vdbe.c,5755,5603,5905,"** seek operation now, without further delay.  If the cursor seek has","** seek operation.  If no seek has been deferred, then this is a no-op.","** seek operation.  If no seek has been deferred, then this is a no-op.
**
",2.33203125,"[[1068, 16508, 5858, 29889, 29871, 960, 694, 16508, 756, 1063, 316, 14373, 29892, 769, 445, 338, 263, 694, 29899, 459, 29889, 13, 1068, 13]]","[-0.0009921634336933494, -0.6203088164329529, -0.6850307583808899, -0.28162938356399536, -0.5869331359863281, -0.22303014993667603, -1.1451189517974854, -0.8689180612564087, -0.7459407448768616, -0.6921217441558838, -0.7284026145935059, -0.001329253427684307, -0.591210126876831, -1.1610071659088135, -0.4410380721092224, -0.6370207071304321, -0.11830667406320572, -0.10804817080497742, -0.006074656266719103, -0.0006927236099727452, -0.015737971290946007, -0.10008201748132706, -0.12232986837625504, -0.7085800170898438]",14.837278366088867,False,2.0,-10.589883948850911,-0.44124516453545465,24.0,-9.758974063384812,-0.4435897301538551,22.0,0.13475982554970575,0,19,27,24,0.7037037037037037,-5.257180433801198,-1.1049767537610713,True,15,0.625,42.0,0.5428571428571429,24.0,2.2353746542087825
~/anvil/data/cve-targets/openssl_repo_crypto_rsa_rsa_ameth.c,832,680,982,};,};,};,0.04327392578125,"[[3400, 32010, 2]]","[-0.04322073236107826, -0.45121681690216064, -7.152555099310121e-07]",5.711970806121826,True,0.0,-0.49443826451874884,-0.16481275483958294,3.0,-0.04322073236107826,-0.04322073236107826,1.0,0.0,0,4,4,4,1.0,-1.001230738519823,-1.136903560114836,False,1,0.3333333333333333,0.0,1.0,0.0,0.5713011849874664
~/anvil/data/cve-targets/openssl_repo_crypto_pkcs7_pk7_doit.c,178,162,299,const char *propq;,const char *propq = NULL;,"   const char *propq = NULL;

   ",0.43798828125,"[[1678, 1040, 1373, 334, 7728, 29939, 353, 4265, 29936, 13, 13, 1678]]","[-0.10655032843351364, -0.42437052726745605, -0.005020985845476389, -0.0011212497483938932, -0.0008680627797730267, -3.135155202471651e-05, -0.12008562684059143, -0.39181041717529297, -0.001568041043356061, -0.002172730630263686, -0.15903685986995697, -0.014841265976428986]",14.864471435546877,False,2.0,-1.2274774471625278,-0.10228978726354399,12.0,-1.2274774471625278,-0.10228978726354399,12.0,0.021614021520185264,1,9,13,13,0.6923076923076923,-4.281837835106132,-1.105728201899761,True,6,0.5,7.0,0.8372093023255813,4.0,1.799375992396084
~/anvil/data/cve-targets/libsndfile_repo_src_wavlike.c,416,412,457,int format = 0 ;,int format ;,"	int format ;

	if (psf->data",0.409912109375,"[[12, 524, 3402, 2056, 13, 13, 12, 361, 313, 567, 29888, 976, 1272]]","[-0.02843421883881092, -0.21057365834712982, -0.233411505818367, -0.25706401467323303, -0.03704526275396347, -0.4797302484512329, -0.02831289730966091, -0.7469009757041931, -0.196455717086792, -0.09046672284603119, -1.5616295058862306e-05, -0.03058021143078804, -1.8030058145523071]",13.89389705657959,False,2.0,-4.141996864107568,-0.3186151433928899,13.0,-1.274571806192398,-0.18208168659891402,7.0,0.023707358263101164,0,8,11,5,0.7272727272727273,-2.2512539126350823,-1.0792213023005262,True,6,0.46153846153846156,4.0,0.8571428571428572,3.0,1.8722096507137238
~/anvil/data/cve-targets/libtiff_repo_libtiff_tif_next.c,34,29,38,case 1:	op[0] |= (v) << 4; break;	\,case 1:	op[0] |= (v) << 4; break;	\,	case 1:	op[0] |= (v) << 4; break;	\,0.0213165283203125,"[[12, 4878, 29871, 29896, 29901, 12, 459, 29961, 29900, 29962, 891, 29922, 313, 29894, 29897, 3532, 29871, 29946, 29936, 2867, 29936, 12, 29905, 32010, 2]]","[-0.0011032691691070795, -0.001933373394422233, -2.610649426060263e-05, -0.002546165604144335, -0.00011955977242905647, -0.0966281145811081, -0.05449709668755531, -0.001953480765223503, -0.0212701428681612, -0.00013171759201213717, -0.026742050424218178, -6.568216485902667e-05, -0.03691314905881882, -0.026227524504065514, -0.0046363710425794125, -0.1954243928194046, -0.00041106835124082863, -0.0013324677711352706, -0.0012147198431193829, -0.04489005729556084, -0.0020019030198454857, -0.021861055865883827, -0.004358198493719101, -0.05658940598368645, -2.3841855067985307e-07]",12.996390342712402,True,0.0,-0.602877311985111,-0.024115092479404437,25.0,-0.5462876675828738,-0.023751637720994513,23.0,0.001882462770989641,0,25,25,25,1.0,-0.8974761475698337,-1.0552757390889198,False,22,0.88,0.0,1.0,0.0,1.0801149704377448
~/anvil/data/cve-targets/openssl_repo_crypto_x509_x509_obj.c,147,20,173,*(p++) = 'x';,*(p++) = 'x';,               *(p++) = 'x';,0.0011243820190429,"[[18884, 334, 29898, 29886, 4862, 353, 525, 29916, 2670, 32010, 2]]","[-0.00026723151677288115, -0.0007786102942191064, -5.8410845667822286e-05, -7.510157047363464e-06, -0.00020644917094614357, -6.19869097135961e-05, -0.0032553081400692463, -0.004529929254204035, -1.0490362910786644e-05, -0.008337099105119705, -1.9073468138230965e-06]",14.495389938354492,True,0.0,-0.01751493310348451,-0.001592266645771319,11.0,-0.00917592665155098,-0.0010195474057278868,9.0,2.4988540566890928e-06,0,17,17,17,1.0,-1.102824658006136,-1.0955725318204792,False,8,0.7272727272727273,0.0,1.0,0.0,0.8505885297977517
~/anvil/data/cve-targets/libtiff_repo_libtiff_tif_predict.c,4,-148,154,*,*,"*
 * Perm",0.0189971923828125,"[[334, 13, 334, 20894]]","[-0.01899001933634281, -0.7607905268669128, -0.0008841419476084411, -0.24365387856960297]",19.16753387451172,True,1.0,-1.024318566720467,-0.25607964168011677,4.0,-0.7797805462032557,-0.3898902731016278,2.0,0.13756699824315283,0,2,4,2,0.5,-0.04872445837565365,-1.231312514161988,False,1,0.25,0.0,1.0,0.0,0.22770462833526797
~/anvil/data/cve-targets/openssl_repo_crypto_pkcs7_pk7_doit.c,75,48,86,if (*pbio == NULL),if (*pbio == NULL),   if (*pbio == NULL),0.041778564453125,"[[1678, 565, 3070, 24381, 601, 1275, 4265, 29897, 32010, 2]]","[-0.1302451342344284, -0.18985262513160706, -0.09549994021654129, -0.00015901254664640874, -2.3841855067985307e-07, -0.0036379601806402206, -0.000418575422372669, -0.0026304665952920914, -0.02381039969623089, -1.0728830375228426e-06]",9.370638847351074,True,0.0,-0.44625542532534723,-0.04462554253253472,10.0,-0.4224439527460788,-0.05280549409325985,8.0,0.004980130723777407,0,15,15,15,1.0,-0.7911783644963121,-1.0375287572192935,False,7,0.7,0.0,1.0,0.0,1.0294802981850457
~/anvil/data/cve-targets/libpng_repo_pngrutil.c,1766,1743,1781,num > (unsigned int) PNG_MAX_PALETTE_LENGTH),num > PNG_MAX_PALETTE_LENGTH),      num > PNG_MAX_PALETTE_LENGTH),0.173583984375,"[[539, 954, 1405, 349, 9312, 29918, 12648, 29918, 7228, 1307, 29911, 4330, 29918, 19433, 29897, 32010, 2]]","[-0.34619325399398804, -0.7194371819496155, -0.3638974130153656, -0.7164141535758972, -0.0001389883691444993, -2.7418097943154862e-06, -0.0028795229736715555, -1.8596476365928538e-05, -0.00015960850578267127, -1.811964830267243e-05, -5.185469490243122e-05, -4.1960789531003684e-05, -0.000436925794929266, -5.400034933700226e-05, -0.0675458312034607, -0.04339117184281349, -3.576278118089249e-07]",5.992568016052246,False,0.0,-2.2606816826207137,-0.1329812754482773,17.0,-2.2172901531500884,-0.14781934354333923,15.0,0.06399485295677175,0,13,6,6,2.1666666666666665,-1.1742981683862426,-1.1289561687301426,True,18,1.0588235294117647,15.0,0.7945205479452055,7.0,1.7222447850883902
~/anvil/data/cve-targets/poppler_repo_poppler_GfxState.cc,4279,4102,4307,if (typeA == 5 && nVerticesA > 0) {,if (typeA == 4) {,"   if (typeA == 4) {
        if (state != 3) {
            error(errSyntaxWarning,",0.55224609375,"[[1678, 565, 313, 1853, 29909, 1275, 29871, 29946, 29897, 426, 13, 4706, 565, 313, 3859, 2804, 29871, 29941, 29897, 426, 13, 9651, 1059, 29898, 3127, 16676, 22709, 29892]]","[-0.0038531599566340446, -0.1531931757926941, -0.14173294603824615, -0.8442980647087097, -6.8662193370983e-05, -0.27468523383140564, -0.0034103586804121733, -0.48325762152671814, -0.4018217921257019, -0.002461144234985113, -0.07984696328639984, -0.0006940339808352292, -0.7633956074714661, -0.0904422178864479, -0.488522469997406, -0.5291203260421753, -0.0011819765204563737, -0.5988423824310303, -0.17647171020507812, -0.002623332664370537, -0.005500894505530596, -0.0014353221049532294, -0.209518700838089, -0.0027499499265104532, -0.0001234931987710297, -0.0005230727256275713, -0.015123466029763222, -1.0490362910786644e-05]",13.90768051147461,False,2.0,-5.2749085692666995,-0.188389591759525,28.0,-2.389323156356113,-0.19911026302967608,12.0,0.06312633789053977,1,19,23,13,0.8260869565217391,-2.7735692040529893,-1.07959325133468,True,17,0.6071428571428571,19.0,0.6153846153846154,7.0,2.0199971365539002
~/anvil/data/cve-targets/php_repo_ext_phar_phar.c,949,635,1125,"PHAR_GET_32(buffer, len);",mydata->metadata_tracker.str = NULL;,"			mydata->metadata_tracker.str = NULL;
			mydata->metadata_tra",0.432373046875,"[[12, 12, 12, 1357, 1272, 976, 19635, 29918, 3018, 4937, 29889, 710, 353, 4265, 29936, 13, 12, 12, 12, 1357, 1272, 976, 19635, 29918, 3018]]","[-0.007599964737892151, -0.0002466136065777391, -0.02140223979949951, -1.327963948249817, -0.00012694983161054552, -0.006031288765370846, -0.0896226242184639, -0.1960010528564453, -0.025352733209729195, -4.768258077092469e-05, -0.09823921322822571, -0.31324926018714905, -0.004264547023922205, -0.9367017149925232, -0.0004383556661196053, -0.011334668844938278, -0.004540847148746252, -4.7205765440594405e-05, -0.4745328426361084, -0.29240548610687256, -1.728519782773219e-05, -0.00025078488397412, -0.00559620838612318, -0.0039702411741018295, -0.0007418026216328144]",10.483165740966797,False,1.0,-3.8207255617198825,-0.1528290224687953,25.0,-3.5177437533493503,-0.18514440807101842,19.0,0.12475665057054015,1,11,20,14,0.55,-2.335328684132597,-1.0090693982063716,True,13,0.52,32.0,0.16393442622950816,12.0,2.1454736940912618
~/anvil/data/cve-targets/libsndfile_repo_src_alaw.c,253,101,274,"0xa9, 0xa9, 0xa9, 0xa9, 0xa9, 0xa9, 0xa9, 0xa9, 0xa9, 0xa9, 0xa9, 0xa9,","0xa9, 0xa9, 0xa9, 0xa9, 0xa9, 0xa9, 0xa9, 0xa9, 0xa9, 0xa9, 0xa9, 0xa9, 0xa9,","	0xa9, 0xa9, 0xa9, 0xa9, 0xa9, 0xa9, 0xa9, 0xa9, 0xa9, 0xa9, 0xa9, 0xa9, 0xa9,
	0xa9, 0xa9, 0xa9, 0xa9, 0xa9, 0",0.0008440017700195,"[[12, 29900, 17367, 29929, 29892, 29871, 29900, 17367, 29929, 29892, 29871, 29900, 17367, 29929, 29892, 29871, 29900, 17367, 29929, 29892, 29871, 29900, 17367, 29929, 29892, 29871, 29900, 17367, 29929, 29892, 29871, 29900, 17367, 29929, 29892, 29871, 29900, 17367, 29929, 29892, 29871, 29900, 17367, 29929, 29892, 29871, 29900, 17367, 29929, 29892, 29871, 29900, 17367, 29929, 29892, 29871, 29900, 17367, 29929, 29892, 29871, 29900, 17367, 29929, 29892, 13, 12, 29900, 17367, 29929, 29892, 29871, 29900, 17367, 29929, 29892, 29871, 29900, 17367, 29929, 29892, 29871, 29900, 17367, 29929, 29892, 29871, 29900, 17367, 29929, 29892, 29871, 29900]]","[-0.0004674295778386295, -2.7179348762729205e-05, -0.022581113502383232, -0.0008769956766627729, -3.7788631743751466e-05, -4.1483970562694594e-05, -1.2755313036905136e-05, -0.0018022499280050397, -0.0004219118563923985, -7.974783511599526e-05, -0.00011336160969221964, -4.2914423829643056e-05, -0.0007499027997255325, -0.0003582789213396609, -7.021180499577895e-05, -0.0005137792322784662, -4.827859811484814e-05, -0.0003718638326972723, -0.0002687808300834149, -0.00010644822759786621, -0.0004145239945501089, -5.066266385256313e-05, -0.0003334919747430831, -0.0001958416833076626, -3.099393507000059e-05, -0.000705589191056788, -2.288792165927589e-05, -0.0002543602604418993, -0.00020346954988781363, -7.295342220459133e-05, -0.0011747133685275912, -2.3603161025675945e-05, -0.00036137725692242384, -0.00026806574896909297, -7.4741430580616e-05, -0.0014180614380165935, -3.58813522325363e-05, -0.0004401430196594447, -0.00028463127091526985, -0.00012039413559250534, -0.001798085169866681, -8.332382276421413e-05, -0.0006516240537166595, -0.00026651646476238966, -5.1020273531321436e-05, -0.0010617101797834039, -7.045020902296528e-05, -0.0008747326792217791, -0.00019834458362311125, -3.266281055402942e-05, -0.0013761583250015974, -0.00011383838864276186, -0.0009344025747850537, -0.00017832119192462415, -4.1126360883936286e-05, -0.005145995412021875, -0.00020668754586949944, -0.0012453190283849835, -0.0002273062855238095, -0.00026127262390218675, -0.3106656074523926, -0.0031068886164575815, -0.0016543286619707942, -0.00039843725971877575, -0.00010477947944309562, -0.11647946387529373, -0.00019631843315437436, -4.768360213347478e-06, -0.00047505536349490285, -0.0003256267518736422, -3.6954811548639555e-06, -7.271740287251305e-06, -1.311301275563892e-06, -0.0004312062228564173, -0.00017689094238448888, -3.4570634852570947e-06, -1.0251946150674485e-05, -4.172316494077677e-06, -0.0005471401382237673, -0.00016950124700088054, -3.933898824470816e-06, -1.1920858014491387e-05, -3.707340147229843e-05, -0.0005664412747137249, -0.0002325502864550799, -4.291525328881107e-06, -1.680836794548668e-05, -7.033323527139146e-06, -0.0008224442135542631, -0.0004245333548169583, -3.2186455882765586e-06, -1.6093124941107817e-05, -3.2186455882765586e-06]",12.320494651794434,False,1.0,-0.4872134942579578,-0.0052388547769672885,93.0,-0.4829035844622922,-0.007207516186004361,67.0,0.0015995475488687382,0,25,38,27,0.6578947368421053,-0.11710022540891306,-1.0375941381479366,True,60,0.6451612903225806,6.0,0.9594594594594594,2.0,2.1359848011381644
~/anvil/data/cve-targets/sqlite3_repo_ext_rtree_rtree.c,578,570,580,pNode->pNext = 0;,pNode->pNext = 0;,"   pNode->pNext = 0;
  }
}
",0.0190887451171875,"[[1678, 282, 4247, 976, 29886, 9190, 353, 29871, 29900, 29936, 13, 29871, 500, 13, 29913, 13]]","[-0.24899515509605408, -0.04378102347254753, -0.02508840151131153, -0.000676998752169311, -0.06781944632530212, -0.0023492376785725355, -0.0013754441170021892, -0.013280034996569157, -0.016482500359416008, -0.00046993177966214716, -0.606363832950592, -0.3270709216594696, -0.004106185864657164, -0.46611398458480835, -0.21845681965351105, -0.001470794901251793]",11.985358238220217,True,3.0,-2.0439007137028966,-0.12774379460643104,16.0,-1.3537529286986683,-0.11281274405822235,12.0,0.032627691298768115,0,10,12,10,0.8333333333333334,-0.16920734688747444,-1.0289370655881442,False,9,0.5625,0.0,1.0,0.0,0.9976582063273226
~/anvil/data/cve-targets/sqlite3_repo_src_vdbe.c,639,487,789,** Execute as much of a VDBE program as we can.,** Return the register of pOp->p3 after first preparing it to be,"** Return the register of pOp->p3 after first preparing it to be
** overwritten with an integer",1.791015625,"[[1068, 7106, 278, 6036, 310, 282, 11746, 976, 29886, 29941, 1156, 937, 10223, 292, 372, 304, 367, 13, 1068, 975, 17625, 411, 385, 6043]]","[-0.053157590329647064, -1.3911501169204712, -0.2969348132610321, -0.22580894827842712, -0.10588067024946213, -0.01768217608332634, -0.012799256481230259, -0.0026708904188126326, -0.0022347019985318184, -0.5271976590156555, -0.026343757286667824, -0.010694689117372036, -0.07208935916423798, -9.870042413240299e-05, -0.0030479426495730877, -0.0048620328307151794, -0.0018440161366015673, -0.021185297518968582, -0.004098112694919109, -0.006003561429679394, -0.00016711745411157608, -0.004348703194409609, -0.04424109309911728, -0.0027658799663186073]",3.493115901947021,False,1.0,-2.8373070860034204,-0.11822112858347585,24.0,-2.775682618164865,-0.15420458989804806,18.0,0.10807713553496365,0,14,25,18,0.56,-11.614541604657326,-1.2017511252993764,True,15,0.625,46.0,0.39639639639639634,17.0,1.7624904771328644
~/anvil/data/cve-targets/sqlite3_repo_src_pragma.c,602,594,634,** the locking-mode of the main database).,** the locking mode of the main database file).,       ** the locking mode of the main database file).,0.56884765625,"[[4706, 3579, 278, 7714, 292, 4464, 310, 278, 1667, 2566, 934, 467, 32010, 2]]","[-0.07506982237100601, -0.0001546025014249608, -0.22952137887477875, -1.1412160396575928, -0.0019857229199260473, -0.4648003578186035, -0.9734277725219727, -1.0370572805404663, -0.17820897698402405, -0.2429664433002472, -0.646803081035614, -0.3958444893360138, -0.7383741140365601, -5.960462772236497e-07]",11.723746299743652,False,0.0,-6.125430677944507,-0.43753076271032193,14.0,-5.38705596786167,-0.4489213306551392,12.0,0.15393802048702743,0,16,13,13,1.2307692307692308,-1.267143299739945,-1.022229468833094,True,11,0.7857142857142857,6.0,0.9213483146067416,9.0,2.181182006623945
~/anvil/data/cve-targets/openssl_repo_crypto_bn_bn_gf2m.c,246,230,255,for (i = 0; i < bt->top; i++) {,for (i = 0; i < bt->top; i++) {,   for (i = 0; i < bt->top; i++) {,0.043914794921875,"[[1678, 363, 313, 29875, 353, 29871, 29900, 29936, 474, 529, 289, 29873, 976, 3332, 29936, 474, 4862, 426, 32010, 2]]","[-0.04104909673333168, -0.39226946234703064, -0.003318044124171138, -0.00047124247066676617, -0.0025779129937291145, -0.022233041003346443, -0.000719645875506103, -0.0018137923907488585, -0.008721120655536652, -0.0038409284316003323, -0.21451930701732635, -0.07684804499149323, -2.9205850296420977e-05, -0.00028784899041056633, -0.02177136205136776, -0.0031749813351780176, -0.0017987991450354457, -0.0015256681945174932, -0.09248670190572739, -4.768370445162873e-07]",12.518733978271484,True,0.0,-0.8894566833440649,-0.04447283416720325,20.0,-0.796969504601293,-0.04427608358896072,18.0,0.00962746386326784,0,24,24,24,1.0,-0.991840094294704,-1.0427492008761001,False,17,0.85,0.0,1.0,0.0,1.1145976431930131
~/anvil/data/cve-targets/openssl_repo_crypto_asn1_tasn_dec.c,652,641,761,"ERR_raise(ERR_LIB_ASN1, ASN1_R_ILLEGAL_NULL);","ERR_raise(ERR_LIB_ASN1, ASN1_R_NULL_ASN1_OBJECT);","       ERR_raise(ERR_LIB_ASN1, ASN1_R_NULL_ASN1_OBJECT);
        return 0;
    }
    if (",0.137939453125,"[[4706, 22307, 29918, 22692, 29898, 21662, 29918, 5265, 29933, 29918, 3289, 29940, 29896, 29892, 3339, 29940, 29896, 29918, 29934, 29918, 10074, 29918, 3289, 29940, 29896, 29918, 14824, 17637, 416, 13, 4706, 736, 29871, 29900, 29936, 13, 1678, 500, 13, 1678, 565, 313]]","[-0.004904027562588453, -0.1663350909948349, -0.00010477947944309562, -0.0005470209871418774, -0.0012775840004906058, -0.00010096516780322418, -1.1920858014491387e-05, -7.629365427419543e-06, -2.3841855067985307e-07, -5.006777428206988e-06, -6.305972783593461e-05, -5.960462772236497e-07, -2.50339189733495e-06, -1.0967194612021558e-05, -0.6206365823745728, -3.576272320060525e-06, -1.9550132492440753e-05, -8.34461570775602e-06, -0.0004984090337529778, -1.728519782773219e-05, -1.1524577140808105, -0.0002964295563288033, -0.2083072066307068, -0.00027223696815781295, -7.271740287251305e-06, -0.00016211149340961128, -1.183171272277832, -0.000880568812135607, -0.0045839231461286545, -0.5836577415466309, -0.0010453957365825772, -0.0232152808457613, -0.009454594925045967, -0.0006995138246566057, -0.00013731967192143202, -0.021132776513695717, -0.0003045333724003285, -9.214453893946484e-05, -0.0402209609746933, -0.044321607798337936, -0.12771166861057281, -0.24467100203037262]",7.968235492706299,False,3.0,-4.441358412694427,-0.10574662887367683,42.0,-3.9293970095880297,-0.12675474224477515,31.0,0.09764316268312624,0,11,18,11,0.6111111111111112,-1.088238993525198,-1.0745497905888743,True,26,0.6190476190476191,13.0,0.7872340425531915,1.0,1.8760477014027777
~/anvil/data/cve-targets/libtiff_repo_libtiff_tif_dir.c,113,85,118,},},	},0.2293701171875,"[[12, 29913, 32010, 2]]","[-0.01974884606897831, -0.22935998439788818, -0.5434876084327698, -3.576278118089249e-07]",6.423682689666748,True,0.0,-0.7925967965274481,-0.19814919913186202,4.0,-0.2491088304668665,-0.12455441523343325,2.0,0.010984207327885347,1,2,2,2,1.0,-1.8415253827624396,-1.1168537656727329,False,1,0.25,0.0,1.0,0.0,0.647272324937294
~/anvil/data/cve-targets/libxml2_repo_xmlmemory.c,415,408,446,TEST_POINT,if (!str) return(NULL);,   if (!str) return(NULL);,0.6171875,"[[1678, 565, 5384, 710, 29897, 736, 29898, 10074, 416, 32010, 2]]","[-0.25609585642814636, -0.33407512307167053, -0.5804563760757446, -1.011321783065796, -0.014967754483222961, -0.5580632090568542, -0.04094920679926872, -0.03272576257586479, -0.0005725175142288208, -0.608324408531189, -2.3841855067985307e-07]",7.484991073608398,False,0.0,-3.4375522360205366,-0.3125047487291397,11.0,-2.829227589070797,-0.3143586210078663,9.0,0.10687858504163866,1,2,17,17,0.11764705882352941,-1.963322965412028,-1.0876102790733109,True,6,0.5454545454545454,22.0,0.06060606060606055,16.0,1.810882284575662
~/anvil/data/cve-targets/poppler_repo_poppler_GfxState.cc,2395,2389,2402,int i;,int i;,"   int i;

   ",0.09320068359375,"[[1678, 938, 474, 29936, 13, 13, 1678]]","[-0.05606251209974289, -0.26767081022262573, -0.006109609268605709, -0.008009695447981358, -0.002885822905227542, -0.18783846497535706, -0.02239193767309189]",11.5130615234375,True,2.0,-0.5509688525926322,-0.07870983608466174,7.0,-0.5509688525926322,-0.07870983608466174,7.0,0.009616928307189907,1,5,5,5,1.0,-1.184104658704938,-1.0168594189206839,False,3,0.42857142857142855,0.0,1.0,0.0,0.9938791195049506
~/anvil/data/cve-targets/poppler_repo_poppler_Stream.cc,573,567,616,"int readChars = str->doGetChars(inputLineSize, inputLine);",if (unlikely(inputLineSize == 0)) {,"   if (unlikely(inputLineSize == 0)) {
        return nullptr;
    }
    if (unlikely(img",1.56640625,"[[1678, 565, 313, 348, 21280, 29898, 2080, 3542, 3505, 1275, 29871, 29900, 876, 426, 13, 4706, 736, 1870, 7414, 29936, 13, 1678, 500, 13, 1678, 565, 313, 348, 21280, 29898, 2492]]","[-0.157314732670784, -1.6048684120178223, -0.12087176740169525, -1.1142529249191284, -0.0002889215829782188, -0.12799730896949768, -0.8718116283416748, -0.31997358798980713, -0.43686342239379883, -1.0173040628433228, -0.07140886783599854, -0.01422679703682661, -0.025636745616793633, -0.039352256804704666, -0.0038930594455450773, -0.001928495243191719, -0.2951399087905884, -0.02062726765871048, -9.583967766957358e-05, -2.6702524337451905e-05, -0.0026695826090872288, -0.0004568248405121267, -6.925819616299123e-05, -0.0067580947652459145, -0.15714848041534424, -1.3518342971801758, -0.04984484985470772, -0.5839742422103882, -0.00012051333033014089, -0.07334748655557632, -1.471994161605835]",11.910404205322266,False,3.0,-9.942100501328241,-0.3207129193976852,31.0,-5.92799299111357,-0.3704995619445981,16.0,0.23576917890294652,1,18,28,18,0.6428571428571429,-4.227822137706682,-1.0270107963557817,True,19,0.6129032258064516,40.0,0.4086021505376344,16.0,2.3563210465403106
~/anvil/data/cve-targets/libxml2_repo_xmlmemory.c,142,132,178,TEST_POINT,if (size == 0) return(NULL);,   if (size == 0) return(NULL);,0.677734375,"[[1678, 565, 313, 2311, 1275, 29871, 29900, 29897, 736, 29898, 10074, 416]]","[-0.15828648209571838, -0.49198347330093384, -0.3222857117652893, -0.3002115488052368, -0.408550888299942, -0.005461177788674831, -0.0016855093417689204, -0.0021044507157057524, -0.6858701109886169, -0.1548682004213333, -0.015822691842913628, -0.0007338214782066643]",9.27375602722168,False,0.0,-2.5478640668443404,-0.2123220055703617,12.0,-2.5478640668443404,-0.2123220055703617,12.0,0.04847779841958363,1,2,18,18,0.1111111111111111,-3.1920119310261725,-1.0400447707695146,True,6,0.5,27.0,0.052631578947368474,17.0,1.9807028821797261
~/anvil/data/cve-targets/openssl_repo_ssl_statem_statem_dtls.c,385,378,412,if ((frag_off + frag_len) > msg_len) {,if (frag_off + frag_len > msg_len) {,"   if (frag_off + frag_len > msg_len) {
        /*
         * Note that this check is",0.19384765625,"[[1678, 565, 313, 29888, 1431, 29918, 2696, 718, 13855, 29918, 2435, 1405, 10191, 29918, 2435, 29897, 426, 13, 4706, 4949, 13, 308, 334, 3940, 393, 445, 1423, 338]]","[-0.49956852197647095, -0.3934619426727295, -0.1833426058292389, -0.31343671679496765, -4.768370445162873e-07, -1.2636104656849056e-05, -0.5169395208358765, -0.08203796297311783, -0.009402752853929996, -7.152555099310121e-07, -1.0728830375228426e-06, -0.49387961626052856, -0.012685323134064674, -8.344646857949556e-07, -0.0009115354623645544, -0.1542949080467224, -0.0031068886164575815, -0.47538936138153076, -0.003346678102388978, -0.12720614671707153, -0.48309534788131714, -0.003825609339401126, -7.617183291586116e-05, -2.186847448348999, -0.0008910499745979905, -1.0443220138549805, -0.8603876829147339, -0.7567830085754395]",12.422080993652344,False,2.0,-8.60525454992478,-0.3073305196401707,28.0,-3.1418200704853234,-0.16535895107817492,19.0,0.04129772481284978,1,19,21,16,0.9047619047619048,-1.1722840220385577,-1.0402326219744726,True,17,0.6071428571428571,2.0,0.972972972972973,3.0,2.091542004228617
~/anvil/data/cve-targets/poppler_repo_splash_SplashXPathScanner.cc,283,206,293,"if (!addIntersection(segYMin, segYMax, y, x0, x1, count))","if (!addIntersection(segYMin, segYMax, y, x0, x1, count))","               if (!addIntersection(segYMin, segYMax, y, x0, x1, count))",0.019927978515625,"[[18884, 565, 5384, 1202, 4074, 2042, 29898, 10199, 29979, 8140, 29892, 2377, 29979, 7976, 29892, 343, 29892, 921, 29900, 29892, 921, 29896, 29892, 2302, 876, 32010, 2]]","[-0.0055577997118234634, -0.19801020622253418, -0.1524263173341751, -0.0065442295745015144, -0.000418575422372669, -9.226373367710039e-05, -0.011367199942469597, -0.021803438663482666, -0.015623667277395725, -0.0006416169344447553, -0.0007058274932205677, -0.0009497660794295371, -0.0002236116270069033, -2.1219027985353023e-05, -0.00013398226292338222, -0.005504095461219549, -0.007858313620090485, -0.01997474581003189, -0.01413030456751585, -0.002661616774275899, -0.001836043898947537, -0.0022586092818528414, -0.004321403335779905, -0.006560099311172962, -0.0046614077873528, -0.03282809257507324, -8.344646857949556e-07]",10.49668312072754,True,0.0,-0.5171152881954413,-0.01915241808131264,27.0,-0.48428636115568224,-0.01937145444622729,25.0,0.0021909869575328063,0,26,26,26,1.0,-1.028729080252727,-1.0087284564610919,False,24,0.8888888888888888,0.0,1.0,0.0,1.247423921619999
~/anvil/data/cve-targets/libxml2_repo_HTMLparser.c,2500,2471,2509,c = CUR_CHAR(l);,c = CUR_CHAR(l);,"	c = CUR_CHAR(l);
    }
    if (len",0.0044097900390625,"[[12, 29883, 353, 315, 4574, 29918, 11282, 29898, 29880, 416, 13, 1678, 500, 13, 1678, 565, 313, 2435]]","[-0.02745535597205162, -0.03381023928523064, -0.00039736481267027557, -0.0005678709712810814, -2.5033637939486653e-05, -0.0030228656250983477, -3.0397906812140718e-05, -0.001207337831147015, -0.0005007919971831143, -0.00014029949670657516, -0.1347682923078537, -0.028527602553367615, -0.0006100462633185089, -0.0037585110403597355, -0.052155688405036926, -0.2173202782869339, -0.31914499402046204, -0.6760339140892029]",11.51108741760254,True,2.0,-1.4994768845026556,-0.08330427136125865,18.0,-0.2304534523973416,-0.019204454366445134,12.0,0.0013715717121407852,1,12,16,12,0.75,-0.22962329233198517,-1.0168092354562317,False,9,0.5,0.0,1.0,0.0,1.0585991205234022
~/anvil/data/cve-targets/libtiff_repo_libtiff_tif_predict.c,511,505,521,tmsize_t wc = cc/4;,uint32_t wc = cc / sizeof (uint32_t);,"	uint32_t wc = cc / sizeof (uint32_t);
	uint",0.296630859375,"[[12, 13470, 29941, 29906, 29918, 29873, 28678, 353, 21759, 847, 13810, 313, 13470, 29941, 29906, 29918, 29873, 416, 13, 12, 13470]]","[-0.06808798015117645, -0.8242560625076294, -0.040125682950019836, -4.255681051290594e-05, -0.001335324952378869, -0.00018880968855228275, -0.3808480203151703, -0.037822771817445755, -0.31624552607536316, -0.3347001373767853, -0.8096004724502563, -0.26583269238471985, -0.0168641097843647, -0.00212848000228405, -1.4305104514278355e-06, -0.0001532914029667154, -3.611976353568025e-05, -0.012109572067856789, -0.19233858585357666, -0.8519500494003296, -1.4236234426498413]",12.637099266052246,False,1.0,-5.578291118915217,-0.2656329104245342,21.0,-4.154667676265376,-0.2077333838132688,20.0,0.08352312478726578,1,11,19,16,0.5789473684210527,-1.4279402469159266,-1.0458394035113376,True,11,0.5238095238095238,25.0,0.4642857142857143,7.0,1.9991771859569882
~/anvil/data/cve-targets/libsndfile_repo_src_ulaw.c,729,577,879,"0x82, 0x82, 0x82, 0x82, 0x82, 0x82, 0x82, 0x82, 0x82, 0x82, 0x82, 0x82,","0x82, 0x82, 0x82, 0x82, 0x82, 0x82, 0x82, 0x82, 0x82, 0x82, 0x82, 0x82,","	0x82, 0x82, 0x82, 0x82, 0x82, 0x82, 0x82, 0x82, 0x82, 0x82, 0x82, 0x82,
	0x82, 0x82, 0x82, 0x82, 0x82, 0x82, 0",5.078315734863281e-05,"[[12, 29900, 29916, 29947, 29906, 29892, 29871, 29900, 29916, 29947, 29906, 29892, 29871, 29900, 29916, 29947, 29906, 29892, 29871, 29900, 29916, 29947, 29906, 29892, 29871, 29900, 29916, 29947, 29906, 29892, 29871, 29900, 29916, 29947, 29906, 29892, 29871, 29900, 29916, 29947, 29906, 29892, 29871, 29900, 29916, 29947, 29906, 29892, 29871, 29900, 29916, 29947, 29906, 29892, 29871, 29900, 29916, 29947, 29906, 29892, 29871, 29900, 29916, 29947, 29906, 29892, 29871, 29900, 29916, 29947, 29906, 29892, 13, 12, 29900, 29916, 29947, 29906, 29892, 29871, 29900, 29916, 29947, 29906, 29892, 29871, 29900, 29916, 29947, 29906, 29892, 29871, 29900, 29916, 29947, 29906, 29892, 29871, 29900, 29916, 29947, 29906, 29892, 29871, 29900, 29916, 29947, 29906, 29892, 29871, 29900]]","[-0.000386640167562291, -7.354942499659956e-05, -8.702239938429557e-06, -4.9470632802695036e-05, -0.0010377742582932115, -1.9430925021879375e-05, -4.482168878894299e-05, -6.437280717364047e-06, -4.291525328881107e-06, -9.65590606938349e-06, -0.00033146608620882034, -1.168244216387393e-05, -6.9141146923357155e-06, -1.9073468138230965e-06, -3.933898824470816e-06, -1.0132738680113107e-05, -0.00014935807848814875, -9.65590606938349e-06, -1.0132738680113107e-05, -1.311301275563892e-06, -2.9802276912960224e-06, -1.1444026313256472e-05, -0.0001829695247579366, -7.033323527139146e-06, -9.775113539944869e-06, -3.576278118089249e-07, -2.264974000354414e-06, -1.0490362910786644e-05, -0.00010227633902104571, -3.099436753473128e-06, -9.417489309271332e-06, -3.576278118089249e-07, -1.7881377516459906e-06, -5.364403477869928e-06, -8.916457591112703e-05, -3.3378546504536644e-06, -8.4638240878121e-06, -8.344646857949556e-07, -2.145764938177308e-06, -1.0013530300057027e-05, -0.00013541258522309363, -3.4570634852570947e-06, -9.298280929215252e-06, -1.2874520507466514e-05, -1.9073468138230965e-06, -1.2516897186287679e-05, -0.00016211149340961128, -4.291525328881107e-06, -1.4662635294371285e-05, -1.0013530300057027e-05, -2.264974000354414e-06, -1.3828182090946939e-05, -0.0001731960946926847, -3.576272320060525e-06, -8.583032467868179e-06, -9.536738616588991e-07, -1.9073468138230965e-06, -9.775113539944869e-06, -0.0001551984460093081, -3.933898824470816e-06, -1.537788011773955e-05, -4.768370445162873e-07, -2.145764938177308e-06, -7.748573807475623e-06, -0.00017271934484597296, -5.722029527532868e-06, -0.00011407678539399058, -9.536738616588991e-07, -2.145764938177308e-06, -9.417489309271332e-06, -0.0002619877050165087, -1.0967194612021558e-05, -0.4188084304332733, -7.807903602952138e-05, -1.9430925021879375e-05, -4.887569048150908e-06, -1.847726889536716e-05, -0.0002574589161667973, -2.145764938177308e-06, -1.4305104514278355e-06, -3.576278118089249e-07, -2.861018856492592e-06, -1.4066597032069694e-05, -0.00020287363440729678, -1.9073468138230965e-06, -1.5497195136049413e-06, -3.933898824470816e-06, -3.4570634852570947e-06, -1.7046782886609435e-05, -0.00022933237778488547, -2.145764938177308e-06, -2.0265558760002023e-06, -5.960462772236497e-07, -3.3378546504536644e-06, -1.6212332411669195e-05, -0.00030524839530698955, -2.861018856492592e-06, -3.576272320060525e-06, -5.960462772236497e-07, -3.933898824470816e-06, -1.3947389561508317e-05, -0.00023266946664080024, -1.6689286894688848e-06, -2.264974000354414e-06, -4.887569048150908e-06, -2.7418097943154862e-06, -8.22540732769994e-06, -0.00016664070426486433, -1.6689286894688848e-06, -3.099436753473128e-06, -7.152555099310121e-07]",15.67928409576416,True,1.0,-0.42443113983443936,-0.0038237039624724268,111.0,-0.42287085875648245,-0.00571447106427679,74.0,0.0023376440314517443,0,25,38,25,0.6578947368421053,-0.008886764282716656,-1.1284832118756365,False,72,0.6486486486486487,0.0,1.0,0.0,0.8308913346840964
~/anvil/data/cve-targets/php_repo_ext_exif_exif.c,1993,1984,2001,for (i=0; i<ImageInfo->file.count; i++) {,for (i = 0; i < ImageInfo->file.count; i++) {,		for (i = 0; i < ImageInfo->file.count; i++) {,0.10040283203125,"[[12, 12, 1454, 313, 29875, 353, 29871, 29900, 29936, 474, 529, 7084, 3401, 976, 1445, 29889, 2798, 29936, 474, 4862, 426, 32010, 2]]","[-0.0044078100472688675, -0.001255677198059857, -0.137460395693779, -0.11639256775379181, -0.00634216470643878, -0.5902885794639587, -0.0814947560429573, -0.0014423454413190484, -0.013940111733973026, -0.026418181136250496, -0.012693562544882298, -0.01617053896188736, -9.536738616588991e-07, -3.111314072157256e-05, -0.00034457468427717686, -4.4225667807040736e-05, -0.0017890414455905557, -0.005989460274577141, -0.10945049673318863, -0.012393014505505562, -0.0049556284211575985, -0.5191501379013062, -3.576278118089249e-07]",8.608654975891113,False,0.0,-1.6624556948003715,-0.07228068238262485,23.0,-1.1433051992712535,-0.05444310472720255,21.0,0.016135925184611693,0,27,27,27,1.0,-1.8441790293617042,-1.0574827157146094,True,18,0.782608695652174,4.0,0.9534883720930233,0.0,2.1087922396192944
~/anvil/data/cve-targets/libsndfile_repo_src_aiff.c,1425,1411,1432,{    size_t chanmap_size = psf->sf.channels * sizeof (psf->channel_map [0]) ;,{	size_t chanmap_size = sizeof (psf->channel_map [0]) * psf->sf.channels ;,"	{	size_t chanmap_size = sizeof (psf->channel_map [0]) * psf->sf.channels ;
		if (chanmap_size > sizeof (psf->channel_map))",0.241455078125,"[[12, 29912, 12, 2311, 29918, 29873, 521, 273, 1958, 29918, 2311, 353, 13810, 313, 567, 29888, 976, 12719, 29918, 1958, 518, 29900, 2314, 334, 282, 4668, 976, 4668, 29889, 305, 12629, 2056, 13, 12, 12, 361, 313, 5083, 1958, 29918, 2311, 1405, 13810, 313, 567, 29888, 976, 12719, 29918, 1958, 876]]","[-0.0003687655262183398, -0.6750404834747314, -0.008102169260382652, -1.239042043685913, -4.875540980719961e-05, -0.00015221867943182588, -0.047646988183259964, -0.001177332829684019, -0.0015949398512020707, -0.00032574593205936253, -0.0017526278970763087, -0.377201646566391, -1.1053365468978882, -0.024359911680221558, -0.42593351006507874, -6.472854875028133e-05, -0.003580946009606123, -0.0019530047429725528, -0.0012294837506487966, -0.0028203255496919155, -0.10706949234008789, -0.0025381988380104303, -0.004206025041639805, -0.020066820085048676, -0.5966445207595825, -0.0005876483046449721, -0.004914466291666031, -0.0758218765258789, -0.001353777595795691, -0.0007584794075228274, -0.008028143085539341, -0.00987041275948286, -0.6192988157272339, -0.12438488751649857, -0.03564339503645897, -0.8888193368911743, -0.028787435963749886, -0.384062796831131, -0.00015066919149830937, -9.154854342341423e-05, -0.00010823617776622996, -0.5165610313415527, -0.8037692308425903, -0.003945306409150362, -0.11457928270101547, -0.000542493537068367, -0.0012241258518770337, -0.023435508832335472, -0.0001958416833076626, -0.003159889718517661, -0.07288775593042374]",13.633020401000977,False,1.0,-8.371239624302689,-0.16414195341769977,51.0,-5.528919133856107,-0.15796911811017447,35.0,0.0982864150445487,1,33,47,33,0.7021276595744681,-1.528495449069981,-1.072205613935562,True,31,0.6078431372549019,37.0,0.7152317880794702,16.0,2.151393454098918
~/anvil/data/cve-targets/libxml2_repo_parser.c,11751,11734,11756,},},"	}
	ctxt",0.1319580078125,"[[12, 29913, 13, 12, 312, 486]]","[-0.17002275586128235, -0.133893221616745, -0.0833006501197815, -0.3749498128890991, -0.6168951392173767, -5.006664650863968e-05]",8.68134593963623,True,1.0,-1.3791116463507933,-0.22985194105846554,6.0,-0.762166440486908,-0.190541610121727,4.0,0.012284268012600963,1,2,3,2,0.6666666666666666,-0.6925416853998398,-1.0555627248740842,False,1,0.16666666666666666,0.0,1.0,0.0,0.8364720847693112
~/anvil/data/cve-targets/libtiff_repo_libtiff_tif_dir.c,1330,1309,1374,td->td_sampleformat = SAMPLEFORMAT_UINT;,td->td_sampleformat = SAMPLEFORMAT_UINT;,"	td->td_sampleformat = SAMPLEFORMAT_UINT;
	td->td_planarconfig = PL",0.065673828125,"[[12, 1594, 976, 1594, 29918, 11249, 4830, 353, 16698, 3580, 1307, 19094, 1299, 29918, 29965, 10192, 29936, 13, 12, 1594, 976, 1594, 29918, 9018, 279, 2917, 353, 16507]]","[-0.016754155978560448, -0.053208231925964355, -0.00014554394874721766, -0.0002775999018922448, -2.9205850296420977e-05, -0.9238871932029724, -0.01293906569480896, -0.025073520839214325, -0.010327707044780254, -4.303362584323622e-05, -1.7881377516459906e-06, -7.557583012385294e-05, -1.7404405298293568e-05, -6.05564855504781e-05, -0.01517465990036726, -0.0058665708638727665, -0.00483035808429122, -0.2578444480895996, -0.022521788254380226, -0.03468077629804611, -0.000120751719805412, -5.125868119648658e-05, -3.814689989667386e-06, -1.1616716384887695, -1.2397689715726301e-05, -0.007019265089184046, -0.0009764432325027883, -0.0006823595031164587]",7.738820552825928,True,1.0,-2.5542971134566415,-0.09122489690916577,28.0,-1.3490784080643152,-0.07100412674022712,19.0,0.04363532167849913,0,10,19,10,0.5263157894736842,-0.9249297349331774,-1.0807304422093347,False,16,0.5714285714285714,0.0,1.0,0.0,0.8317429002281765
~/anvil/data/cve-targets/sqlite3_repo_src_pragma.c,1587,1463,1707,"sqlite3ExprCodeGetColumnOfTable(v, pTab, iDataCur, j, 3);","sqlite3VdbeAddOp2(v, OP_Column, iDataCur, j);","         sqlite3VdbeAddOp2(v, OP_Column, iDataCur, j);
          sqlite3VdbeChangeP5(v, OPFLAG",0.57275390625,"[[3986, 21120, 29941, 29963, 29881, 915, 2528, 11746, 29906, 29898, 29894, 29892, 6418, 29918, 4409, 29892, 474, 1469, 23902, 29892, 432, 416, 13, 3986, 21120, 29941, 29963, 29881, 915, 7277, 29925, 29945, 29898, 29894, 29892, 6418, 26516]]","[-0.0019286142196506262, -0.5617296099662781, -5.352353764465079e-05, -0.1395740658044815, -0.0001134808044298552, -2.145764938177308e-06, -0.040917396545410156, -0.00017009719158522785, -0.5098133683204651, -0.0006792622152715921, -5.9602869441732764e-05, -3.433168603805825e-05, -0.010634773410856724, -1.5735502529423684e-05, -0.1165405809879303, -0.002231014659628272, -0.0034887660294771194, -8.093983342405409e-05, -6.6756979322235566e-06, -0.0013622299302369356, -0.024481944739818573, -0.02527613751590252, -0.6871663331985474, -0.0026013364549726248, -0.48512864112854004, -3.361645576660521e-05, -0.030289502814412117, -6.782778655178845e-05, -3.1470757676288486e-05, -0.7397974133491516, -0.0004605186404660344, -0.14572426676750183, -0.0007203606073744595, -0.00010871296399272978, -0.0001012035645544529, -0.41528046131134033, -0.0005359405186027288]",9.52436351776123,False,1.0,-3.947241903552822,-0.10668221360953573,37.0,-2.128961966886891,-0.08870674862028712,24.0,0.03728801319954287,1,17,20,15,0.85,-6.456711751455311,-1.0335490651719683,True,23,0.6216216216216216,32.0,0.5882352941176471,4.0,2.15522471091052
~/anvil/data/cve-targets/poppler_repo_poppler_GfxState.cc,2420,2402,2421,"alt->getRGB(&color2, rgb);","alt->getRGB(&color2, rgb);","       alt->getRGB(&color2, rgb);
}
void GfxSe",0.029296875,"[[4706, 5272, 976, 657, 28212, 6243, 2780, 29906, 29892, 15552, 29890, 416, 13, 29913, 13, 5405, 402, 11093, 2008]]","[-0.12778699398040771, -0.24635514616966248, -0.011929360218346119, -0.005397864617407322, -0.0013484203955158591, -0.01818273961544037, -0.0014523444697260857, -0.00017808281700126827, -0.0010650444310158491, -0.03454063460230827, -9.154854342341423e-05, -0.0017225203337147832, -0.5824357271194458, -0.36879369616508484, -0.09573427587747574, -0.8148617744445801, -0.007649415638297796, -3.85038583772257e-05, -0.020947063341736794]",6.052427768707275,True,2.0,-2.340511156638968,-0.12318479771784041,19.0,-1.0324864273134153,-0.07942203287026271,13.0,0.025842520169283328,1,16,21,16,0.7619047619047619,-0.3688759144185715,-1.1272679563194572,False,11,0.5789473684210527,0.0,1.0,0.0,0.7376348403262919
~/anvil/data/cve-targets/poppler_repo_fofi_FoFiTrueType.cc,1311,1025,1326,} else if (needVerticalMetrics && i == t42VheaTable) {,} else if (needVerticalMetrics && i == t42VheaTable) {,               } else if (needVerticalMetrics && i == t42VheaTable) {,0.0086517333984375,"[[18884, 500, 1683, 565, 313, 26180, 29270, 10095, 10817, 2607, 474, 1275, 260, 29946, 29906, 29963, 354, 29874, 3562, 29897, 426, 32010, 2]]","[-0.006267535034567118, -0.0002498314715921879, -0.13293179869651794, -0.002145609585568309, -0.0047494457103312016, -0.01901048794388771, -0.003951124381273985, -8.344646857949556e-07, -4.768370445162873e-07, -0.0005061537376604974, -0.004078642465174198, -9.285972191719338e-05, -0.00011240804451517761, -1.0728830375228426e-06, -5.125986263010418e-06, -0.0009976415894925594, -0.0010969580616801977, -1.8715683836489916e-05, -5.006664650863968e-05, -0.0010406322544440627, -3.45700973412022e-05, -0.0200717281550169, -1.311301275563892e-06]",13.424747467041016,True,0.0,-0.19741503075363198,-0.008583262206679652,23.0,-0.17734199129733952,-0.00844485672844474,21.0,0.0007922356711562263,1,15,15,15,1.0,-1.0244973569884188,-1.0666373378052056,False,20,0.8695652173913043,0.0,1.0,0.0,0.9262184451449887
~/anvil/data/cve-targets/php_repo_ext_phar_util.c,1364,1255,1478,PHP_SHA512_CTX context;,PHP_SHA512_CTX context;,			PHP_SHA512_CTX context;,0.0034160614013671,"[[12, 12, 12, 17130, 29918, 23498, 29945, 29896, 29906, 29918, 1783, 29990, 3030, 29936, 32010, 2]]","[-0.0022094857413321733, -2.658331868587993e-05, -7.30726242181845e-05, -0.004935344215482473, -0.00022110878489911556, -0.00018857131362892687, -0.00017891713650897145, -1.4305104514278355e-06, -2.50339189733495e-06, -0.00021300431399140507, -1.2397689715726301e-05, -1.1920928244535389e-07, -0.030534541234374046, -0.0012767505832016468, -0.013568555936217308, -8.344646857949556e-07]",17.54831886291504,True,0.0,-0.05344322046857286,-0.003340201279285804,16.0,-0.03987383006766976,-0.0028481307191192684,14.0,6.070213633094735e-05,1,5,5,5,1.0,-1.1994047107583088,-1.1824638970108095,False,11,0.6875,0.0,1.0,0.0,0.4230658492874312
~/anvil/data/cve-targets/libtiff_repo_libtiff_tif_read.c,89,49,147,uint8_t* new_rawdata;,uint8_t* new_rawdata;,"               uint8_t* new_rawdata;
                /*
                 * Al",0.12213134765625,"[[18884, 13122, 29947, 29918, 29873, 29930, 716, 29918, 1610, 1272, 29936, 13, 18884, 4949, 13, 462, 334, 838]]","[-0.037606265395879745, -0.6139432191848755, -0.0037475847639143467, -0.0003064401389565319, -2.2649508537142538e-05, -0.47570568323135376, -0.005010073538869619, -6.711257447022945e-05, -0.0004904259694740176, -3.242440288886428e-05, -0.11637791991233826, -0.3219579756259918, -0.24204152822494507, -0.7936484813690186, -2.780904531478882, -0.20312875509262085, -0.023612376302480698, -2.0015761852264404]",4.9471435546875,True,2.0,-7.620179631941937,-0.4233433128856632,18.0,-1.817309302472495,-0.13979302326711499,13.0,0.04049335295788265,0,7,12,7,0.5833333333333334,-0.873658390110662,-1.1588510879178486,False,10,0.5555555555555556,0.0,1.0,0.0,0.5450680969671066
~/anvil/data/cve-targets/poppler_repo_splash_Splash.cc,2717,2507,2757,xa = 0;,xa = 0;,"               xa = 0;
            if (un",0.0043220520019531,"[[18884, 921, 29874, 353, 29871, 29900, 29936, 13, 9651, 565, 313, 348]]","[-0.1949174553155899, -0.021219611167907715, -0.00024327656137757003, -0.0007278653793036938, -0.003162979381158948, -0.00018892886873800308, -0.0005183068569749594, -0.0029580905102193356, -0.002138353418558836, -0.02305220440030098, -0.0003819928097072989, -0.022769086062908173]",9.146854400634766,True,1.0,-0.2722781507327454,-0.02268984589439545,12.0,-0.22607486745982897,-0.025119429717758775,9.0,0.0036431594601888293,0,7,10,7,0.7,-0.17206011643240146,-1.0433495946700437,False,6,0.5,0.0,1.0,0.0,0.9127154279446499
~/anvil/data/cve-targets/libxml2_repo_parser.c,4965,4834,4974,"target, buf);","target, buf);","		                                     target, buf);",0.0079574584960937,"[[12, 12, 462, 462, 268, 3646, 29892, 18392, 416, 32010, 2]]","[-0.006111504975706339, -0.008547507226467133, -0.36846858263015747, -0.02237655036151409, -0.09417641907930374, -0.001404847833327949, -0.0002485204895492643, -0.03041601926088333, -0.00022432672267314047, -0.5436152219772339, -2.9802276912960224e-06]",10.965009689331056,True,0.0,-1.0755924807845076,-0.09778113461677342,11.0,-0.5319742785795825,-0.05910825317550916,9.0,0.012748062693766495,0,7,7,7,1.0,-0.13462516769808353,-1.0030221379882842,False,4,0.36363636363636365,0.0,1.0,0.0,1.048639780611725
~/anvil/data/cve-targets/poppler_repo_utils_ImageOutputDev.cc,326,315,464,unsigned char zero[1];,unsigned char zero[gfxColorMaxComps];,   unsigned char zero[gfxColorMaxComps];,0.90283203125,"[[1678, 12780, 1373, 5225, 29961, 29887, 11093, 3306, 7976, 1523, 567, 1385]]","[-0.03962613642215729, -0.8738155364990234, -0.5237644910812378, -0.11253786832094193, -0.005123936105519533, -0.50274258852005, -0.0050402008928358555, -0.10396698862314224, -0.1380627304315567, -0.032173559069633484, -9.417489309271332e-06, -0.013913542963564396]",10.831379890441896,False,0.0,-2.350776996418972,-0.19589808303491432,12.0,-2.350776996418972,-0.19589808303491432,12.0,0.07295883956524613,1,11,11,11,1.0,-4.608682317167396,-1.0003232166863036,True,6,0.5,16.0,0.711864406779661,1.0,2.254264601796821
~/anvil/data/cve-targets/openssl_repo_crypto_pkcs7_pk7_doit.c,739,590,741,EVP_MD_CTX_free(ctx_tmp);,EVP_MD_CTX_free(ctx_tmp);,"   EVP_MD_CTX_free(ctx_tmp);
    return ret;
}

",0.040069580078125,"[[1678, 382, 18510, 29918, 5773, 29918, 1783, 29990, 29918, 9021, 29898, 13073, 29918, 7050, 416, 13, 1678, 736, 3240, 29936, 13, 29913, 13, 13]]","[-0.003984133247286081, -0.25088801980018616, -5.125868119648658e-05, -1.6689160474925302e-05, -0.001188525347970426, -2.7656173188006505e-05, -4.446407547220588e-05, -2.288792165927589e-05, -5.280832192511298e-05, -0.008357669226825237, -0.0001919085334520787, -0.3020176291465759, -9.07141511561349e-05, -0.00018690270371735096, -8.630380034446716e-05, -0.22023701667785645, -0.019091308116912842, -0.9355270862579346, -0.09820312261581421, -0.00011717586312443018, -0.031783659011125565, -0.024406328797340393, -0.0035151378251612186, -0.06018112227320671]",10.620295524597168,True,4.0,-1.9602695277299063,-0.0816778969887461,24.0,-0.8065358950861992,-0.04744328794624701,17.0,0.009697105093548186,0,9,14,9,0.6428571428571429,-0.844578481228443,-1.0056159844560648,False,14,0.5833333333333334,0.0,1.0,0.0,1.068086608259218
~/anvil/data/cve-targets/libtiff_repo_libtiff_tif_jbig.c,100,42,108,"decodedSize, (unsigned long)size);","decodedSize, size);","	                 decodedSize, size);
	    decodedSize = size;",0.24267578125,"[[12, 462, 1602, 6797, 3505, 29892, 2159, 416, 13, 12, 1678, 1602, 6797, 3505, 353, 2159, 29936, 32010, 2]]","[-0.020166831091046333, -0.27919715642929077, -0.7418766617774963, -0.00010382589971413836, -3.886147169396281e-05, -0.0037699120584875345, -0.31862199306488037, -0.019579358398914337, -0.33713504672050476, -0.025274161249399185, -0.5767399668693542, -0.29274410009384155, -0.001474127871915698, -4.160317621426657e-05, -0.009472544305026531, -0.1063985750079155, -0.0010760000441223383, -0.28738531470298767, -8.344646857949556e-07]",8.49794864654541,False,1.0,-3.0210968746974913,-0.15900509866828902,19.0,-2.322503775030782,-0.21113670682098018,11.0,0.062474390771886885,1,14,13,7,1.0769230769230769,-1.1493775047640644,-1.060413520321629,True,10,0.5263157894736842,15.0,0.7169811320754718,11.0,1.975256434453505
~/anvil/data/cve-targets/openssl_repo_crypto_asn1_a_type.c,23,-129,173,"void ASN1_TYPE_set(ASN1_TYPE *a, int type, void *value)","void ASN1_TYPE_set(ASN1_TYPE *a, int type, const void *value)","void ASN1_TYPE_set(ASN1_TYPE *a, int type, const void *value)",0.1390380859375,"[[5405, 3339, 29940, 29896, 29918, 11116, 29918, 842, 29898, 3289, 29940, 29896, 29918, 11116, 334, 29874, 29892, 938, 1134, 29892, 1040, 1780, 334, 1767, 29897, 32010, 2]]","[-0.9258090257644653, -0.4937203526496887, -1.1920928244535389e-07, -8.344646857949556e-07, -5.960446742392378e-06, -0.0006435230607166886, -3.6954811548639555e-06, -0.05047160014510155, -0.02268133871257305, -4.339123915997334e-05, 0.0, -1.1920928244535389e-07, 0.0, -1.4305104514278355e-06, -7.748573807475623e-06, -0.00018273114983458072, -4.0531076592742465e-06, -0.0004493180604185909, -7.509902934543788e-05, -2.13382354559144e-05, -0.1738158017396927, -0.004494565073400736, -4.9470632802695036e-05, -0.00013159839727450162, -7.748303323751315e-05, -0.007059038151055574, -4.768370445162873e-07]",2.7442874908447266,False,0.0,-1.6797501129143342,-0.06221296714497534,27.0,-1.672690597926234,-0.07272567817070583,23.0,0.0408904411289317,0,24,26,26,0.9230769230769231,-1.9118155984897376,-1.2244606660707795,True,24,0.8888888888888888,6.0,0.9482758620689655,2.0,1.520965510867564
~/anvil/data/cve-targets/libpng_repo_pngset.c,473,447,497,"png_chunk_report(png_ptr, ""Invalid palette"", PNG_CHUNK_ERROR);","png_warning(png_ptr, ""Ignoring invalid palette"");","        png_warning(png_ptr, ""Ignoring invalid palette"");
         return;
      }
   if (num_palette > max_palette_length)",0.546875,"[[308, 282, 865, 29918, 27392, 29898, 2732, 29918, 7414, 29892, 376, 17273, 8253, 8340, 282, 26456, 1496, 13, 308, 736, 29936, 13, 418, 500, 13, 259, 565, 313, 1949, 29918, 29886, 26456, 1405, 4236, 29918, 29886, 26456, 29918, 2848, 29897]]","[-0.6615467667579651, -0.06799721717834473, -0.00017641419253777713, -0.0002308817347511649, -0.14739014208316803, -0.0012325793504714966, -5.972207145532593e-05, -4.291525328881107e-06, -1.847726889536716e-05, -0.0036868948955088854, -0.1792847067117691, -1.088304042816162, -0.0009722749819047749, -0.5972192287445068, -0.02175561524927616, -0.0001481661747675389, -0.04277903959155083, -0.34498733282089233, -0.03228933364152908, -0.08825582265853882, -0.00021681819634977728, -0.0012391278287395835, -0.09556744247674942, -0.00012563870404846966, -0.07688944041728973, -0.1361822485923767, -0.15107983350753784, -0.09239497035741806, -0.4957326054573059, -2.0265558760002023e-06, -4.887569048150908e-06, -4.291525328881107e-06, -0.2532905042171478, -0.22635038197040558, -5.960462772236497e-07, -4.768360213347478e-06, -2.861018856492592e-06, -9.536738616588991e-07, -1.0728830375228426e-06, -0.024258339777588844]",5.873753070831299,False,3.0,-4.831687759584781,-0.12079219398961953,40.0,-3.1900831277907855,-0.16789911198898871,19.0,0.0854724926647742,1,16,29,14,0.5517241379310345,-3.25716433828349,-1.1323145757562894,True,25,0.625,37.0,0.6126126126126126,4.0,1.8081037109993758
~/anvil/data/cve-targets/openssl_repo_crypto_pkcs7_pk7_doit.c,793,787,824,X509 *x509;,X509 *x509;,"   X509 *x509;
    /* XXXXXXXXXXXXXX",0.0126876831054687,"[[1678, 1060, 29945, 29900, 29929, 334, 29916, 29945, 29900, 29929, 29936, 13, 1678, 4949, 6193, 19165, 19165, 19165]]","[-0.007172430865466595, -0.03188620135188103, -8.583032467868179e-06, -1.0728830375228426e-06, -5.483612312673358e-06, -0.014190010726451874, -0.000846147071570158, -0.0001070442158379592, -8.4638240878121e-06, -5.602820692729438e-06, -0.07978741824626923, -0.07987161725759506, -0.9252960681915283, -0.7524464130401611, -0.722421407699585, -0.028985479846596718, -0.01633216068148613, -0.019486302509903908]",16.00799560546875,True,1.0,-2.6788579078769317,-0.1488254393264962,18.0,-1.1391861440991988,-0.08762970339224606,13.0,0.05925861806810144,1,7,13,7,0.5384615384615384,-0.14478747062142142,-1.1377950563587367,False,10,0.5555555555555556,0.0,1.0,0.0,0.5972358617006256
~/anvil/data/cve-targets/php_repo_ext_standard_http_fopen_wrapper.c,695,637,719,) {,) {,"			) {
				",0.0908203125,"[[12, 12, 12, 29897, 426, 13, 12, 12, 12, 12]]","[-0.0008195855189114809, -0.00011097769311163574, -0.002686108462512493, -0.17569579184055328, -0.003457641461864114, -0.14897024631500244, -0.017146209254860878, -0.00034600470098666847, -0.00011312322021694854, -0.0031427775975316763]",12.391687393188477,True,1.0,-0.3524884660655516,-0.03524884660655516,10.0,-0.3524884660655516,-0.03524884660655516,10.0,0.004096019024528441,0,3,3,3,1.0,-2.576547071560359,-1.0394425118235961,False,2,0.2,0.0,1.0,0.0,0.8949769763416027
~/anvil/data/cve-targets/php_repo_ext_phar_phar.c,945,635,1125,"PHAR_GET_32(buffer, len);",if (buffer + 4 > endbuffer) {,"	if (buffer + 4 > endbuffer) {
		MAPPHAR_FAIL",0.15087890625,"[[12, 361, 313, 9040, 718, 29871, 29946, 1405, 1095, 9040, 29897, 426, 13, 12, 12, 1529, 18009, 29950, 1718, 29918, 4519, 6227]]","[-0.004597094841301441, -0.5826369524002075, -0.3110618591308594, -0.3675095736980438, -0.4010777473449707, -0.03214043006300926, -0.8118993043899536, -0.39728105068206787, -0.0013822296168655157, -4.279521817807108e-05, -0.02458430640399456, -0.01066390611231327, -0.021824317052960396, -0.0006336349761113524, -0.0003228858404327184, -0.03681158274412155, -6.103329360485077e-05, -3.576272320060525e-06, -2.9802276912960224e-06, -5.054346183896996e-05, -0.0009551253751851618, -2.264974000354414e-06]",11.826077461242676,False,1.0,-3.0055451941200317,-0.13661569064181964,22.0,-2.9676580877712695,-0.19784387251808463,15.0,0.0642855104321942,1,11,14,16,0.7857142857142857,-0.7626160180230417,-1.0248479650485625,True,13,0.5909090909090909,26.0,0.40740740740740744,13.0,2.044996957505734
~/anvil/data/cve-targets/lua_repo_ldebug.c,764,750,794,resethookcount(L);  /* reset count */,L->hookcount = L->hookinit;  /* reset count */,   L->hookcount = L->hookinit;  /* reset count */,0.51611328125,"[[1678, 365, 976, 20849, 2798, 353, 365, 976, 20849, 2344, 29936, 29871, 4949, 10092, 2302, 3776, 32010, 2]]","[-0.003040098585188389, -0.9149219393730164, -0.0003070359816774726, -0.057479288429021835, -0.0006780709372833371, -0.0014521064003929496, -0.07489486038684845, -0.08349213004112244, -0.06367654353380203, -0.8073239326477051, -0.023681648075580597, -0.051181547343730927, -0.0005557184922508895, -0.8446189165115356, -0.5003288984298706, -0.039373114705085754, -0.11488974839448929, -2.3841855067985307e-07]",9.055164337158203,False,0.0,-3.5818958366871527,-0.19899421314928625,18.0,-3.4670058498741128,-0.21668786561713205,16.0,0.10787423026199712,0,10,14,14,0.7142857142857143,-2.3818282568804556,-1.045743957626861,True,12,0.6666666666666666,18.0,0.7228915662650602,10.0,2.025197092083514
~/anvil/data/cve-targets/openssl_repo_crypto_x509_v3_addr.c,74,71,78,return ((f != NULL &&,return ((f != NULL && f->addressFamily !=,   return ((f != NULL && f->addressFamily !=,0.1534423828125,"[[1678, 736, 5135, 29888, 2804, 4265, 2607, 285, 976, 7328, 27104, 2804]]","[-0.030800556764006615, -0.12553636729717255, -0.625882089138031, -0.024869585409760475, -0.0825628787279129, -0.002191048813983798, -0.05818169191479683, -0.4146144688129425, -0.005154415965080261, -0.9063137769699097, -0.052949126809835434, -0.09688977897167206]",4.531885147094727,False,0.0,-2.425945785595104,-0.20216214879959202,12.0,-2.425945785595104,-0.20216214879959202,12.0,0.07786289108304352,1,10,15,15,0.6666666666666666,-0.7590064892148083,-1.1709443184367507,True,6,0.5,20.0,0.6774193548387097,5.0,1.5438700625326012
~/anvil/data/cve-targets/libpng_repo_png.h,2655,2503,2805,*/,*/,"   */
#",0.59033203125,"[[1678, 3776, 13, 29937]]","[-0.15244565904140472, -0.5973263382911682, -0.0029981445986777544, -0.6259168982505798]",7.804372310638428,True,1.0,-1.3786870401818305,-0.34467176004545763,4.0,-0.7527701419312507,-0.25092338064375025,3.0,0.06371993112895762,1,3,3,3,1.0,-2.3526386012155913,-1.0789607981411722,False,1,0.25,0.0,1.0,0.0,0.8467324710925351
~/anvil/data/cve-targets/openssl_repo_ssl_statem_statem_clnt.c,2623,2611,2643,"ckey = ssl_generate_pkey(s, skey);",ckey = s->s3.tmp.pkey;,"   ckey = s->s3.tmp.pkey;
    if (ckey == NULL) {
",0.263916015625,"[[1678, 274, 1989, 353, 269, 976, 29879, 29941, 29889, 7050, 29889, 29886, 1989, 29936, 13, 1678, 565, 313, 384, 1032, 1275, 4265, 29897, 426, 13]]","[-0.026739614084362984, -0.6171095371246338, -0.0006049233488738537, -0.0009116546134464443, -0.6953434944152832, -0.05132186785340309, -0.2350524216890335, -0.00037102968781255186, -0.00031537804170511663, -0.018293941393494606, -0.0006179092451930046, -0.02032196894288063, -0.0060585420578718185, -0.1854078322649002, -0.2261885702610016, -0.047237832099199295, -0.4896032214164734, -0.04373321309685707, -0.06022040545940399, -2.5629668016335927e-05, -0.0046898843720555305, -0.000764792668633163, -0.03859119117259979, -0.013282152824103832, -0.0016452836571261287]",10.55121898651123,False,2.0,-2.784452291458365,-0.1113780916583346,25.0,-2.1318965171230957,-0.13324353232019348,16.0,0.045463677160602144,1,14,29,16,0.4827586206896552,-1.9807041364738924,-1.0073540965799674,True,15,0.6,20.0,0.5357142857142857,11.0,2.156873144312765
~/anvil/data/cve-targets/poppler_repo_poppler_SplashOutputDev.cc,2214,2206,2320,if (t3GlyphStack->haveDx) {,if (t3GlyphStack == nullptr) {,"   if (t3GlyphStack == nullptr) {
        error(errSyntaxWarning, -",0.2071533203125,"[[1678, 565, 313, 29873, 29941, 29954, 27026, 7264, 1275, 1870, 7414, 29897, 426, 13, 4706, 1059, 29898, 3127, 16676, 22709, 29892, 448]]","[-0.0030607779044657946, -0.03696886822581291, -0.14757663011550903, -0.15759184956550598, -0.0006868863711133599, -0.030987685546278954, -2.3245540432981215e-05, -0.0003387354372534901, -0.8563086986541748, -0.01511794701218605, -1.9430925021879375e-05, -0.6437445878982544, -0.023159487172961235, -0.07707575708627701, -0.0032541200052946806, -0.45617276430130005, -0.0007381098694168031, -0.0001586549769854173, -0.00486179580911994, -0.011272788047790527, -3.2305197237292305e-05, -0.0013992529129609466]",10.150854110717772,False,1.0,-2.4705503785753535,-0.11229774448069789,22.0,-1.9959147074605426,-0.1330609804973695,15.0,0.06251736214558055,1,13,16,14,0.8125,-1.556829955244432,-1.0174874549347468,True,13,0.5909090909090909,11.0,0.6666666666666667,4.0,2.101923782008071
~/anvil/data/cve-targets/libsndfile_repo_src_flac.c,339,334,397,{	case FLAC__METADATA_TYPE_STREAMINFO :,{	case FLAC__METADATA_TYPE_STREAMINFO :,	{	case FLAC__METADATA_TYPE_STREAMINFO :,0.0006728172302246,"[[12, 29912, 12, 4878, 383, 29931, 2477, 1649, 2303, 29911, 3035, 8254, 29918, 11116, 29918, 1254, 1525, 5194, 11690, 584, 32010, 2]]","[-0.00019822540343739092, -0.007497150916606188, -0.009196185506880283, -0.0023225971963256598, -0.000192504478036426, -1.2636104656849056e-05, -5.960462772236497e-07, -6.556489552167477e-06, -6.770858453819528e-05, -1.5258672647178173e-05, -1.3947389561508317e-05, -2.777537883957848e-05, -2.622600959512056e-06, -2.264974000354414e-06, -3.2186455882765586e-06, -0.0003325386205688119, -4.887569048150908e-06, -2.5152843591058627e-05, -1.597391747054644e-05, -0.001540784491226077, -0.26939308643341064, -8.344646857949556e-07]",15.910511016845703,True,0.0,-0.2908725067279079,-0.013221477578541268,22.0,-0.021478585829811436,-0.0010739292914905719,20.0,6.283647273351846e-06,1,8,8,8,1.0,-0.6265004926821169,-1.1350254955231325,False,19,0.8636363636363636,0.0,1.0,0.0,0.6158632756155473
~/anvil/data/cve-targets/libtiff_repo_libtiff_tif_predict.c,26,-126,176,*,*,"*
 * Pred",0.056060791015625,"[[334, 13, 334, 21099]]","[-0.05607333034276962, -0.19119884073734283, -0.014138414524495602, -0.7640802264213562]",20.212310791015625,True,1.0,-1.0254908120259643,-0.25637270300649107,4.0,-0.24727217108011246,-0.12363608554005623,2.0,0.004564725889848478,0,2,4,2,0.5,-0.4534338884213715,-1.263897382946542,False,1,0.25,0.0,1.0,0.0,0.1246316411301103
~/anvil/data/cve-targets/php_repo_ext_phar_util.c,379,291,436,},},"		}
		return",0.109619140625,"[[12, 12, 29913, 13, 12, 12, 2457]]","[-0.0008261366747319698, -5.1377883210079744e-05, -0.11126071959733963, -0.06975213438272476, -0.03813367709517479, -0.012583383359014988, -0.8250730037689209]",15.098859786987305,True,1.0,-1.0576804327611171,-0.15109720468015958,7.0,-0.23260742899219622,-0.038767904832032705,6.0,0.0016399682188202459,0,2,3,2,0.6666666666666666,-2.8275745387825326,-1.1122264675377043,False,1,0.14285714285714285,0.0,1.0,0.0,0.6425763044606038
~/anvil/data/cve-targets/openssl_repo_crypto_x509_v3_addr.c,1169,1017,1319,#undef validation_err,/*,"/*
 * RFC 3779",1.1083984375,"[[5515, 13, 334, 390, 8610, 29871, 29941, 29955, 29955, 29929]]","[-0.10448073595762253, -0.05959198996424675, -0.0005526207387447357, -1.126003384590149, -0.0008870004676282406, -0.0035562387201935053, -0.05868588760495186, -0.008876980282366276, -0.0015086471103131771, -8.904537389753386e-05]",4.226755142211914,False,1.0,-1.3642325308101135,-0.13642325308101136,10.0,-0.16407272592186928,-0.08203636296093464,2.0,0.0005037498792144525,0,4,7,3,0.5714285714285714,-13.511062625092418,-1.1799107301125518,True,6,0.6,21.0,0.0,3.0,1.606863671583295
~/anvil/data/cve-targets/libxml2_repo_parser.c,2591,2482,2636,"xmlLoadEntityContent(ctxt, ent);",if (ent->etype == XML_INTERNAL_PREDEFINED_ENT,		    if (ent->etype == XML_INTERNAL_PREDEFINED_ENT,1.263671875,"[[12, 12, 1678, 565, 313, 296, 976, 300, 668, 1275, 6560, 29918, 23845, 29940, 1964, 29918, 15094, 24405, 1177, 3352, 29918, 3919]]","[-0.5128275156021118, -0.01675274968147278, -0.0036245384253561497, -0.7565340995788574, -0.2067122459411621, -0.37618985772132874, -0.004797851666808128, -0.741102933883667, -1.2993727978027891e-05, -0.2798243463039398, -0.02332662232220173, -6.437280717364047e-06, -0.10975764691829681, -1.0013530300057027e-05, -4.768370445162873e-07, -2.861018856492592e-06, -0.6470508575439453, -0.0003734129713848233, -0.0003494605771265924, -4.6491513785440475e-06, -2.0503786799963564e-05, -7.033323527139146e-06]",7.266181945800781,False,0.0,-3.6792891077942613,-0.16724041399064823,22.0,-3.6792891077942613,-0.16724041399064823,22.0,0.06651712792460557,1,11,10,10,1.1,-7.556019773250873,-1.0935760576961353,True,10,0.45454545454545453,44.0,0.1558441558441559,11.0,2.0023078192047445
~/anvil/data/cve-targets/sqlite3_repo_ext_misc_zipfile.c,223,221,234,struct ZipfileLFH {,struct ZipfileLFH {,"
struct ZipfileLFH {
  u1",0.226318359375,"[[13, 4984, 796, 666, 1445, 29931, 29943, 29950, 426, 13, 29871, 318, 29896]]","[-0.5603269338607788, -0.3070622980594635, -0.011373800225555897, -0.0013306819600984454, -0.011778099462389946, -0.07694573700428009, -0.0006836699321866035, -0.0005701346672140062, -0.4538566470146179, -0.055085740983486176, -0.01910627819597721, -0.11393498629331589, -0.19000129401683807]",4.739641189575195,True,2.0,-1.8020563016762026,-0.13861971551355404,13.0,-1.4981200213660486,-0.13619272921509532,11.0,0.03816337405795974,0,4,5,4,0.8,-1.6617506725896154,-1.1648783162419607,False,8,0.6153846153846154,0.0,1.0,0.0,0.5083477948024612
~/anvil/data/cve-targets/sqlite3_repo_src_whereexpr.c,1369,988,1371,*/,*/," */
 ",0.153076171875,"[[29871, 3776, 13, 29871]]","[-0.0037828569766134024, -0.30248939990997314, -0.020382242277264595, -0.03321989253163338]",11.564576148986816,True,1.0,-0.3598743916954845,-0.08996859792387113,4.0,-0.3598743916954845,-0.08996859792387113,4.0,0.0151639374188287,1,3,3,3,1.0,-1.701440006929181,-1.018169840868311,False,1,0.25,0.0,1.0,0.0,0.9768659784489494
~/anvil/data/cve-targets/poppler_repo_poppler_Parser.cc,167,71,191,shift();,if (buf2.,           if (buf2.,0.533203125,"[[9651, 565, 313, 9721, 29906, 29889]]","[-0.0016750366194173694, -0.7232143878936768, -0.18266694247722626, -0.49404001235961914, -0.3496916890144348, -0.0032340388279408216]",9.58212947845459,False,0.0,-1.7545221071923152,-0.2924203511987192,6.0,-1.7545221071923152,-0.2924203511987192,6.0,0.06828689464869801,1,8,5,5,1.6,-1.8234131886315013,-1.0320575435540955,True,2,0.3333333333333333,8.0,0.3529411764705882,6.0,2.0512776626848197
~/anvil/data/cve-targets/libxml2_repo_valid.c,6151,6123,6153,ctxt->finishDtd = save;,ctxt->doc = NULL;,"   ctxt->doc = NULL;
    ctxt->finishDtd =",0.1856689453125,"[[1678, 274, 3945, 976, 1514, 353, 4265, 29936, 13, 1678, 274, 3945, 976, 4951, 728, 29928, 1594, 353]]","[-0.06924781948328018, -0.3775484561920166, -0.0006729483720846474, -0.00013398226292338222, -0.6295158267021179, -0.0009377372916787863, -0.007857367396354675, -0.0003122795606032014, -0.04516800493001938, -0.041113853454589844, -0.22620074450969696, -0.0005782362422905862, -0.0001646144810365513, -0.3356338143348694, -0.00026520551182329655, -0.0007658647373318672, -0.00038723601028323174, -0.002983882324770093]",8.815494537353516,False,1.0,-1.7394878737977706,-0.09663821521098725,18.0,-1.1725082756456686,-0.11725082756456687,10.0,0.040994439121701254,0,10,16,11,0.625,-1.583519273757425,-1.0520285979301216,True,10,0.5555555555555556,13.0,0.55,3.0,1.948309202804932
~/anvil/data/cve-targets/lua_repo_ldo.c,330,312,331,L->oldpc = ci->previous->u.l.savedpc;,L->top = ci->top;  /* restore top */,"   L->top = ci->top;  /* restore top */
}


/*
** Finish a call:",0.26708984375,"[[1678, 365, 976, 3332, 353, 4583, 976, 3332, 29936, 29871, 4949, 17749, 2246, 3776, 13, 29913, 13, 13, 13, 5515, 13, 1068, 4231, 728, 263, 1246, 29901]]","[-0.0037681306712329388, -0.8678348660469055, -0.002289414405822754, -0.3540266156196594, -0.05294189229607582, -0.24937741458415985, -0.0009386900928802788, -0.6159598231315613, -0.0053005157969892025, -0.2637379467487335, -0.0017678599106147885, -1.012924313545227, -0.023843923583626747, -0.49348223209381104, -0.22886767983436584, -0.5944687724113464, -0.05015362426638603, -0.05668729543685913, -0.048325661569833755, -0.936823308467865, -0.14056994020938873, -0.0029822182841598988, -1.6735072135925293, -0.16989441215991974, -0.8808531761169434, -0.7120525240898132, -0.62216717004776]",8.255293846130371,False,5.0,-10.06554663501447,-0.37279802351905444,27.0,-4.177061318361666,-0.2784707545574444,15.0,0.10345198649063182,1,22,24,14,0.9166666666666666,-0.9591306784601803,-1.066865932672455,True,16,0.5925925925925926,26.0,0.4931506849315068,12.0,2.048638512682997
~/anvil/data/cve-targets/lua_repo_ldebug.c,114,106,121,L->oldpc = L->ci->u.l.savedpc;,mask = L->openupval;  /* open upvalues need hooks in other threads */,"   mask = L->openupval;  /* open upvalues need hooks in other threads */
  L->hook =",0.30078125,"[[1678, 11105, 353, 365, 976, 3150, 786, 791, 29936, 29871, 4949, 1722, 701, 5975, 817, 12422, 29879, 297, 916, 9717, 3776, 13, 29871, 365, 976, 20849, 353]]","[-0.005337749142199755, -0.6088436841964722, -0.39060458540916443, -0.5578630566596985, -0.013693325221538544, -0.9286563396453857, -0.010846350342035294, -0.02562106028199196, -0.34119221568107605, -0.1483699232339859, -0.0007608617888763547, -0.5380449891090393, -0.03657727316021919, -0.002897590398788452, -1.514607310295105, -1.9688626527786255, -0.009453767910599709, -1.3846607208251953, -0.6193171739578247, -0.30187034606933594, -0.06553373485803604, -0.18265870213508606, -0.019278768450021744, -0.5396348834037781, -0.0008550802012905478, -0.09913232177495956, -0.03503214195370674]",7.766016006469727,False,1.0,-10.350206608884037,-0.3833409855142236,27.0,-9.675552181550302,-0.4206761818065349,23.0,0.289452055807319,1,22,16,11,1.375,-0.7149947228016026,-1.0799959180680305,True,16,0.5925925925925926,58.0,0.24242424242424243,15.0,2.0102729179020713
~/anvil/data/cve-targets/php_repo_ext_intl_locale_locale_methods.c,967,954,983,while( (*str)!='\0' ){,while( *str ){,		while( *str ){,0.73046875,"[[12, 12, 8000, 29898, 334, 710, 29545, 32010, 2]]","[-0.04448695480823517, -0.058151885867118835, -0.12878847122192383, -0.4113517105579376, -0.28606781363487244, -0.03064553439617157, -0.8598690032958984, -0.15315768122673035, -5.960462772236497e-07]",8.96407413482666,False,0.0,-1.9725196510551655,-0.2191688501172406,9.0,-1.819361373782158,-0.2599087676831654,7.0,0.07720544343598676,0,21,12,12,1.75,-2.8104813720268864,-1.048128096960396,True,10,1.1111111111111112,8.0,0.7777777777777778,9.0,2.178395126261051
~/anvil/data/cve-targets/openssl_repo_ssl_statem_statem_dtls.c,599,563,646,"frag_len, 0, &readbytes);","frag_len, 0, &readbytes);","                                         frag_len, 0, &readbytes);",0.035736083984375,"[[462, 462, 3986, 13855, 29918, 2435, 29892, 29871, 29900, 29892, 669, 949, 13193, 416, 32010, 2]]","[-0.0005633435794152319, -0.0024758896324783564, -0.08791481703519821, -0.08340154588222504, -5.066266385256313e-05, -2.622600959512056e-06, -0.06041243299841881, -0.043240372091531754, -0.07817406952381134, -0.00783501286059618, -0.11953160166740417, -0.00047636605449952185, -7.152531907195225e-06, -0.0015441172290593386, -0.4459240436553955, -5.960462772236497e-07]",10.969773292541504,True,0.0,-0.93155464605303,-0.05822216537831437,16.0,-0.4856300063513572,-0.03468785759652552,14.0,0.00170201413191546,0,11,11,11,1.0,-1.0302188275805906,-1.0031415950881377,False,11,0.6875,0.0,1.0,0.0,1.0983843999413092
~/anvil/data/cve-targets/openssl_repo_crypto_x509_v3_addr.c,77,71,78,: 0);,: 0);,"           : 0);
}

",0.11541748046875,"[[9651, 584, 29871, 29900, 416, 13, 29913, 13, 13]]","[-0.049772147089242935, -0.0012719882652163506, -0.3780144155025482, -0.011941964738070965, -0.07106739282608032, -0.35046717524528503, -0.014811431989073753, -0.05401507019996643, -0.10593428462743759]",3.4822564125061035,True,3.0,-1.0372958704829216,-0.11525509672032462,9.0,-0.8625350836664438,-0.14375584727774063,6.0,0.024899957819636293,1,6,7,6,0.8571428571428571,-0.8028715537793739,-1.2020774296825048,False,4,0.4444444444444444,0.0,1.0,0.0,0.38753364786836597
~/anvil/data/cve-targets/openssl_repo_crypto_pkcs7_pk7_doit.c,605,590,741,return 0;,goto err;,"       goto err;
    }
",0.32470703125,"[[4706, 2355, 29877, 4589, 29936, 13, 1678, 500, 13]]","[-0.0023354417644441128, -0.4009782671928406, -2.9802276912960224e-06, -0.0001879753835964948, -7.533743337262422e-05, -0.26291829347610474, -0.0008420973899774253, -0.00010692501382436603, -0.0019557413179427385]",8.744974136352539,False,2.0,-0.6694030591997944,-0.07437811768886604,9.0,-0.6673403928680273,-0.09533434183828961,7.0,0.023756478157826576,0,5,6,5,0.8333333333333334,-3.4059817793758165,-1.0538849708160567,True,4,0.4444444444444444,7.0,0.33333333333333337,3.0,1.9087412613162549
~/anvil/data/cve-targets/libtiff_repo_libtiff_tif_dirread.c,2080,2077,2081,"return TIFFReadDirEntryLong8ArrayWithLimit(tif, direntry, value, ~((uint64_t)0));",uint64_t* v;,"   uint64_t* v;
    uint64_t n;
    uint64_t i;
    uint64_t* p;
    uint64_t* q;
   ",0.426513671875,"[[1678, 13122, 29953, 29946, 29918, 29873, 29930, 325, 29936, 13, 1678, 13122, 29953, 29946, 29918, 29873, 302, 29936, 13, 1678, 13122, 29953, 29946, 29918, 29873, 474, 29936, 13, 1678, 13122, 29953, 29946, 29918, 29873, 29930, 282, 29936, 13, 1678, 13122, 29953, 29946, 29918, 29873, 29930, 3855, 29936, 13, 1678]]","[-0.594315767288208, -1.9423837661743164, -0.6128405332565308, -7.962863310240209e-05, -0.0033548760693520308, -0.0033017664682120085, -0.7420086860656738, -1.373105525970459, -0.3956031799316406, -0.010402506217360497, -0.25347983837127686, -0.8679959177970886, -0.8155213594436646, -0.0010045487433671951, -0.005263637285679579, -0.001604342251084745, -1.6399126052856445, -0.9275549650192261, -0.00789178442209959, -0.33034074306488037, -1.442636251449585, -0.5046111941337585, -5.221230458118953e-05, -0.0003955773718189448, -0.00018761781393550336, -0.7031959295272827, -0.029163802042603493, -0.001982748508453369, -0.5717468857765198, -1.754260778427124, -0.4940480589866638, -8.022463589441031e-05, -0.00042489083716645837, -0.0002675890573300421, -1.9446886777877808, -1.6700540781021118, -0.1409732848405838, -0.002742341486737132, -0.4943177402019501, -1.359431266784668, -0.3125396966934204, -0.00144710682798177, -0.00023576818057335913, -0.000125281119835563, -1.1630858182907104, -1.040457844734192, -0.006735952105373144, -0.0017538178944960237, -0.547515332698822]",3.113205909729004,False,5.0,-24.71712374638082,-0.5044310968649147,49.0,-5.930876074446132,-0.5391705522223756,11.0,0.36006960661248094,0,26,27,7,0.9629629629629629,-0.7910552052907529,-1.2132194321602765,True,31,0.6326530612244898,72.0,0.19354838709677424,24.0,1.6299555040040323
~/anvil/data/cve-targets/libtiff_repo_libtiff_tif_dirwrite.c,3257,3125,3530,else,else if(,       else if(,0.04400634765625,"[[4706, 1683, 565, 29898]]","[-0.22206789255142212, -0.044060077518224716, -0.5051332712173462, -0.030206460505723953]",8.327085494995117,False,0.0,-0.801467701792717,-0.20036692544817924,4.0,-0.801467701792717,-0.20036692544817924,4.0,0.036684968006484485,0,2,4,4,0.5,-0.21962880129950055,-1.0649528483688553,True,1,0.25,4.0,0.6666666666666667,3.0,1.7901133493334658
~/anvil/data/cve-targets/openssl_repo_ssl_statem_statem_clnt.c,2575,2561,2611,"ckey = ssl_generate_pkey(s, skey);",ckey = s->s3.tmp.pkey;,"   ckey = s->s3.tmp.pkey;
    if (ckey == NULL) {
",0.291748046875,"[[1678, 274, 1989, 353, 269, 976, 29879, 29941, 29889, 7050, 29889, 29886, 1989, 29936, 13, 1678, 565, 313, 384, 1032, 1275, 4265, 29897, 426, 13]]","[-0.03822065144777298, -0.7525121569633484, -0.00024780540843494236, -0.0008830699953250587, -0.6981605887413025, -0.03352554142475128, -0.4000299274921417, -0.00014852374442853034, -0.00026055757189169526, -0.012938478030264378, -0.000619696278590709, -0.03877216577529907, -0.004707919433712959, -0.07788562774658203, -0.33799922466278076, -0.07145748287439346, -0.6165083646774292, -0.06779149174690247, -0.11593310534954071, -2.396077979938127e-05, -0.005347946658730507, -0.0007559779332950711, -0.04268172010779381, -0.011435674503445625, -0.005650026258081198]",10.169100761413574,False,2.0,-3.3344976856060384,-0.13337990742424155,25.0,-2.4683694175910205,-0.15427308859943878,16.0,0.060163655418713935,1,14,29,16,0.4827586206896552,-1.8911143189238082,-1.0170234173275061,True,15,0.6,20.0,0.5357142857142857,11.0,2.1291296412385976
~/anvil/data/cve-targets/lua_repo_ldo.c,285,258,292,lua_lock(L);,lua_lock(L);,   lua_lock(L);,0.0130615234375,"[[1678, 301, 3357, 29918, 908, 29898, 29931, 416, 32010, 2]]","[-0.002934675430878997, -0.02894112654030323, -0.0018249776912853122, -0.013836889527738094, -0.043394025415182114, -0.0023618440609425306, -0.0003233625029679388, -0.0008441222598776221, -0.14960232377052307, -8.344646857949556e-07]",8.978789329528809,True,0.0,-0.2440641816643847,-0.02440641816643847,10.0,-0.09446102342917584,-0.01180762792864698,8.0,0.00022688342713395997,0,9,9,9,1.0,-1.1061936839837994,-1.0477425826507314,False,7,0.7,0.0,1.0,0.0,0.922178743208102
~/anvil/data/cve-targets/poppler_repo_poppler_GfxState.cc,2401,2389,2402,"alt->getGray(&color2, gray);","alt->getGray(&color2, gray);","       alt->getGray(&color2, gray);
}
void GfxSe",0.06475830078125,"[[4706, 5272, 976, 657, 29954, 764, 6243, 2780, 29906, 29892, 16749, 416, 13, 29913, 13, 5405, 402, 11093, 2008]]","[-0.2994803786277771, -0.550154447555542, -0.023130133748054504, -0.0033642619382590055, -0.10993655025959015, -0.000105375460407231, -0.007288059685379267, -0.0007731309160590172, -0.00016783259343355894, -0.0006566275842487812, -0.014609621837735176, -0.000491855782456696, -0.46892815828323364, -0.34874776005744934, -0.035555388778448105, -0.3452163636684418, -0.002409533131867647, -2.90866428258596e-05, -0.005375929642468691]",6.267296314239502,True,2.0,-2.2164204961936775,-0.11665371032598303,19.0,-1.4790864342721761,-0.11377587955939816,13.0,0.03514368495025087,1,16,21,16,0.7619047619047619,-0.5691742488129226,-1.121228830413696,False,11,0.5789473684210527,0.0,1.0,0.0,0.7638861375962286
~/anvil/data/cve-targets/sqlite3_repo_src_pragma.c,513,508,526,if( !zRight ){,if( zRight==0 ){,   if( zRight==0 ){,0.49658203125,"[[1678, 565, 29898, 503, 7341, 1360, 29900, 29545, 32010, 2]]","[-0.08000379055738449, -0.23726043105125427, -0.021352063864469528, -1.0755712985992432, -0.06709257513284683, -0.05680195242166519, -0.003808746114373207, -0.0578327439725399, -0.1551150679588318, -3.576278118089249e-07]",9.37484073638916,False,0.0,-1.7548390273004202,-0.17548390273004202,10.0,-1.5997236017137766,-0.19996545021422207,8.0,0.11390002570901578,0,12,13,13,0.9230769230769231,-2.483339150428306,-1.0374197734258248,True,6,0.6,4.0,0.8666666666666667,4.0,2.0725562663163832
~/anvil/data/cve-targets/openssl_repo_crypto_pkcs7_pk7_doit.c,185,162,299,break;,break;,"       break;
    case",0.122314453125,"[[4706, 2867, 29936, 13, 1678, 1206]]","[-0.009226895868778229, -0.24456702172756195, -5.280832192511298e-05, -0.4803135395050049, -0.007988289929926395, -0.0017500099493190646]",13.071757316589355,True,1.0,-0.7438985653025156,-0.12398309421708593,6.0,-0.7421485553531966,-0.14842971107063932,5.0,0.036101235975609006,0,4,5,4,0.8,-0.8240563984308318,-1.0572659369165027,False,2,0.3333333333333333,0.0,1.0,0.0,0.8518561050142237
~/anvil/data/cve-targets/libpng_repo_pngrutil.c,1901,1859,1957,*/,*/,   */,0.036407470703125,"[[1678, 3776, 32010, 2]]","[-0.0008263748604804277, -0.03641670569777489, -0.2104518711566925, -1.1920928244535389e-07]",15.86835765838623,True,0.0,-0.24769507092423027,-0.061923767731057566,4.0,-0.037243080558255315,-0.018621540279127657,2.0,0.0003166679122770182,0,3,3,3,1.0,-1.9551267058146138,-1.1338299971478312,False,1,0.25,0.0,1.0,0.0,0.5690907381900362
~/anvil/data/cve-targets/sqlite3_repo_src_expr.c,97,93,105,"Expr *pNew = sqlite3ExprAlloc(pParse->db, TK_COLLATE, pCollName, 1);","Token *pNew = sqlite3ExprDup(db, pCollName, dequote);","   Token *pNew = sqlite3ExprDup(db, pCollName, dequote);",0.4697265625,"[[1678, 25159, 334, 29886, 4373, 353, 21120, 29941, 21176, 29928, 786, 29898, 2585, 29892, 282, 28377, 1170, 29892, 316, 1396, 416, 32010, 2]]","[-0.017913227900862694, -1.6796207427978516, -0.9891557693481445, -0.011046681553125381, -0.36674126982688904, -0.2534388303756714, -0.37343350052833557, -0.01569889299571514, -0.9858424663543701, -0.9216002225875854, -0.001259368029423058, -0.008628585375845432, -0.13783259689807892, -0.010490629822015762, -0.054122697561979294, -0.01395692303776741, -0.0010873125866055489, -0.02272632159292698, -1.0220590829849243, -1.883488948806189e-05, -0.1514323502779007, -0.5205173492431641, -3.576278118089249e-07]",7.2510986328125,False,0.0,-7.558624014196482,-0.3286358267041949,23.0,-7.038106307325506,-0.33514791939645266,21.0,0.22339119757188897,1,24,19,19,1.263157894736842,-1.4015499882735414,-1.093988504203363,True,31,1.3478260869565217,37.0,0.628099173553719,9.0,2.0145802110967157
~/anvil/data/cve-targets/libpng_repo_png.h,2652,2500,2802,#define PNG_IMAGE_FLAG_INVALID 0x08,#define PNG_IMAGE_FLAG_16BIT_LINEAR 0x08,"#define PNG_IMAGE_FLAG_16BIT_LINEAR 0x08
   /* On read",0.732421875,"[[29937, 7922, 349, 9312, 29918, 2382, 29918, 26516, 29918, 29896, 29953, 22698, 29918, 18521, 1718, 29871, 29900, 29916, 29900, 29947, 13, 259, 4949, 1551, 1303]]","[-0.5411226153373718, -0.16848859190940857, -0.002752565313130617, -0.00028320116689428687, -0.00042274597217328846, -0.08391664922237396, -0.0012716311030089855, -0.17632770538330078, -0.0011124381562694907, -1.2569924592971802, -0.0011314902221783996, -0.33979934453964233, -0.08764008432626724, -1.3266637325286865, -0.0020233176182955503, -0.07521568238735199, -0.0005850272136740386, -0.0007658647373318672, -0.027232183143496513, -0.007006125058978796, -0.003003730671480298, -0.013245802372694016, -9.500529267825186e-05, -0.26903223991394043, -0.18270418047904968]",4.989898681640625,False,1.0,-4.568834413366858,-0.18275337653467433,25.0,-4.1170029876811896,-0.18713649944005406,22.0,0.1390343023106176,1,5,10,5,0.5,-3.9138376382562328,-1.1576130790414585,True,16,0.64,10.0,0.8266666666666667,1.0,1.629552513839897
~/anvil/data/cve-targets/libxml2_repo_xmlstring.c,445,433,455,size = xmlStrlen(str1);,size = xmlStrlen(str1);,   size = xmlStrlen(str1);,0.016326904296875,"[[1678, 2159, 353, 4903, 5015, 2435, 29898, 710, 29896, 416, 32010, 2]]","[-0.07671888172626495, -0.08603444695472717, -0.001738585764542222, -0.03604110702872276, -0.0002795067266561091, -0.0022288737818598747, -0.0017700018361210823, -7.60526381782256e-05, -0.0012899658177047968, -0.017370471730828285, -0.3273698091506958, -1.1920928244535389e-07]",11.035691261291504,True,0.0,-0.5509178223655837,-0.04590981853046531,12.0,-0.22354789400560549,-0.02235478940056055,10.0,0.0009903912853828477,1,12,12,12,1.0,-0.7303537512397947,-1.004796084378796,False,9,0.75,0.0,1.0,0.0,1.100919173142361
~/anvil/data/cve-targets/openssl_repo_crypto_bn_bn_local.h,611,459,761,"return ((((((bits+BN_BITS2-1))/BN_BITS2)) <= (a)->dmax)?(a):bn_expand2((a),(bits+BN_BITS2-1)/BN_BITS2));",if (a->dmax*BN_BITS2 >= bits),"   if (a->dmax*BN_BITS2 >= bits)
        return a;
    if (bn_wexpand(a, bits / BN_BITS2 + 2) == NULL)
        return NULL;
    a->dmax = bits / BN_BITS2 + 2;
    return a;
}
static ossl_inline BIGNUM *bn",0.8525390625,"[[1678, 565, 313, 29874, 976, 29881, 3317, 29930, 29933, 29940, 29918, 22698, 29903, 29906, 6736, 9978, 29897, 13, 4706, 736, 263, 29936, 13, 1678, 565, 313, 11197, 29918, 705, 26330, 392, 29898, 29874, 29892, 9978, 847, 350, 29940, 29918, 22698, 29903, 29906, 718, 29871, 29906, 29897, 1275, 4265, 29897, 13, 4706, 736, 4265, 29936, 13, 1678, 263, 976, 29881, 3317, 353, 9978, 847, 350, 29940, 29918, 22698, 29903, 29906, 718, 29871, 29906, 29936, 13, 1678, 736, 263, 29936, 13, 29913, 13, 7959, 288, 16265, 29918, 14764, 350, 6259, 13967, 334, 11197]]","[-0.03744276240468025, -0.7612746953964233, -0.09459837526082993, -0.2766452729701996, -0.2168300747871399, -0.4730806350708008, -0.36303403973579407, -1.2059210538864136, -0.011454884894192219, -0.00010084597306558862, -3.4927710657939315e-05, -0.0012080521555617452, -7.092700980138034e-05, -5.2689116273541003e-05, -0.6836430430412292, -0.08507853746414185, -0.02284354344010353, -0.11476508527994156, -0.0046560680493712425, -0.006510357838124037, -0.12376520037651062, -0.0019002966582775116, -0.0669400617480278, -0.1140541136264801, -1.0250612497329712, -0.4575966000556946, -1.1246167421340942, -0.00027652730932459235, -0.05040121078491211, -0.0006779517862014472, -1.3232143828645349e-05, -0.000894146622158587, -0.00011455356434453279, -0.0012153151910752058, -0.735909640789032, -0.2621789872646332, -0.06811537593603134, -0.00018904806347563863, -0.00015937011630740017, -0.0002865380665753037, -1.847726889536716e-05, -0.00024434918304905295, -0.16827572882175446, -0.11171849071979523, -0.5478886961936951, -0.0010845737997442484, -0.23248715698719025, -0.011120365932583809, -0.0018866135505959392, -0.03189116716384888, -0.003146223723888397, -0.001462343498133123, -0.014584480784833431, -0.00010001159535022452, -0.14979025721549988, -0.06707663089036942, -0.1866103857755661, -0.00013505500101018697, -1.012877106666565, -0.0013056810712441802, -0.11161241680383682, -0.08017357438802719, -0.0033030735794454813, -0.00684204138815403, -1.9907753085135482e-05, -6.532455881824717e-05, -0.00011753345461329445, -2.109982233378105e-05, -8.451581379631534e-05, -0.004801647737622261, -0.00029273517429828644, -0.030079109594225883, -0.00023135847004596144, -0.12442288547754288, -0.009378070943057537, -0.4162682592868805, -0.004325082991272211, -0.00013886917440686375, -0.5303776264190674, -0.0013318725395947695, -0.0006345880683511496, -1.0769660472869873, -0.02389025129377842, -7.712543447269127e-05, -3.814689989667386e-06, -0.0002300474588992074, -0.49232733249664307, -0.02549532987177372, -2.9802276912960224e-06, -0.00226693507283926, -0.04651859030127525]",3.705134868621826,False,7.0,-13.92961587687114,-0.1530727019436389,91.0,-4.352735513646621,-0.22909134282350638,19.0,0.1060295695300039,1,71,77,18,0.922077922077922,-3.721393624013118,-1.1953981263321398,True,59,0.6483516483516484,85.0,0.2857142857142857,65.0,2.273056395016038
~/anvil/data/cve-targets/libtiff_repo_libtiff_tif_pixarlog.c,1152,1139,1165,*/,*,"	 *
	 * This",1.125,"[[12, 334, 13, 12, 334, 910]]","[-0.07109969854354858, -0.4058222770690918, -0.9437004327774048, -0.02211819589138031, -0.009080423973500729, -1.7659794092178345]",9.40516185760498,False,1.0,-3.2178004374727607,-0.5363000729121268,6.0,-1.4427406042814255,-0.36068515107035637,4.0,0.13510787407542338,1,3,4,2,0.75,-3.1190638058192586,-1.0366336781370544,True,1,0.16666666666666666,1.0,0.6666666666666667,1.0,2.0790400488856076
~/anvil/data/cve-targets/libxml2_repo_valid.c,1262,1189,1278,},},   },0.0040664672851562,"[[1678, 500, 32010, 2]]","[-0.567833423614502, -0.004067363683134317, -0.34662118554115295, -5.960462772236497e-07]",8.590627670288086,True,0.0,-0.9185225688850664,-0.2296306422212666,4.0,-0.5719007872976363,-0.28595039364881814,2.0,0.0794580425826346,1,2,2,2,1.0,-0.014220883675894904,-1.0579594122281148,False,1,0.25,0.0,1.0,0.0,0.8068338604864346
~/anvil/data/cve-targets/php_repo_ext_phar_util.c,1445,1255,1478,PHP_MD5_CTX   context;,PHP_MD5_CTX  context;,			PHP_MD5_CTX  context;,0.0021438598632812,"[[12, 12, 12, 17130, 29918, 5773, 29945, 29918, 1783, 29990, 29871, 3030, 29936, 32010, 2]]","[-0.0012484145117923617, -1.537788011773955e-05, -7.211902266135439e-05, -0.01679096557199955, -0.00037722624256275594, -3.40932747349143e-05, -8.606540359323844e-05, -5.3881147323409095e-05, -9.65590606938349e-06, -1.1920928244535389e-07, -0.6319019198417664, -0.0003782987187150866, -0.001312586129643023, -0.025185005739331245, -8.344646857949556e-07]",18.35323143005371,False,0.0,-0.6774665630642787,-0.045164437537618576,15.0,-0.6522807228602616,-0.05017544022002012,13.0,0.02821977571095152,1,5,5,5,1.0,-0.04272727561293613,-1.2064994183999416,True,10,0.6666666666666666,1.0,0.9767441860465116,0.0,1.342204788037603
~/anvil/data/cve-targets/lua_repo_ldebug.c,318,276,330,ar->ftransfer = ci->u2.transferinfo.ftransfer;,ar->ftransfer = ci->u2.transferinfo.ftransfer;,         ar->ftransfer = ci->u2.transferinfo.ftransfer;,0.0135040283203125,"[[3986, 564, 976, 29888, 3286, 571, 353, 4583, 976, 29884, 29906, 29889, 3286, 571, 3888, 29889, 29888, 3286, 571, 29936, 32010, 2]]","[-0.0012968709925189614, -0.026584306731820107, -1.549708758830093e-05, -0.008238380774855614, -0.0001658063702052459, -2.622600959512056e-06, -0.0009258274803869426, -0.09528148174285889, -0.00022968991834204644, -0.005558036733418703, -0.013766814954578876, -4.732496745418757e-05, -0.00020096666412428021, -5.960446742392378e-06, -6.23445157543756e-05, -0.00013410145766101778, -0.09574760496616364, -0.004189643077552319, -6.818538531661034e-05, -0.005034982226788998, -0.011695744469761848, -4.768370445162873e-07]",9.592643737792969,True,0.0,-0.2692526704018974,-0.01223875774554079,22.0,-0.257556449095091,-0.01287782245475455,20.0,0.0007985002254612513,0,19,19,19,1.0,-1.0486266888488396,-1.031786296188595,False,19,0.8636363636363636,0.0,1.0,0.0,1.089427855454
~/anvil/data/cve-targets/libxml2_repo_valid.c,5242,5206,5259,(cont->c1->type == XML_ELEMENT_CONTENT_ELEMENT)){,(cont->c1->type == XML_ELEMENT_CONTENT_ELEMENT)){,	       (cont->c1->type == XML_ELEMENT_CONTENT_ELEMENT)){,0.0010147094726562,"[[12, 539, 313, 1285, 976, 29883, 29896, 976, 1853, 1275, 6560, 29918, 29923, 1307, 13780, 29918, 22412, 3919, 29918, 29923, 1307, 13780, 18840, 32010, 2]]","[-0.000288087350782007, -0.03238812834024429, -0.0002196785935666412, -3.8742269680369645e-05, -1.2636104656849056e-05, -4.6132929128361866e-05, -0.00014077626110520214, -0.00420816196128726, -0.0002646096108946949, -0.0001497156627010554, -5.7338023907504976e-05, -1.0013530300057027e-05, -1.311301275563892e-06, -1.1920928244535389e-07, -1.0371154530730564e-05, -1.9073468138230965e-06, -5.602820692729438e-06, -5.483612312673358e-06, -3.2186455882765586e-06, -3.2543604902457446e-05, -2.3841855067985307e-07, -5.125986263010418e-06, -0.016321957111358643, -0.011313453316688538, -2.3841855067985307e-07]",12.25374984741211,True,0.0,-0.06552559158506455,-0.0026210236634025817,25.0,-0.05421189984982533,-0.0023570391239054493,23.0,5.241644132417978e-05,0,16,16,16,1.0,-0.4305017521197939,-1.0358642313834514,False,21,0.84,0.0,1.0,0.0,1.0395452456483445
~/anvil/data/cve-targets/openssl_repo_crypto_asn1_a_type.c,71,57,98,case V_ASN1_NEG_ENUMERATED:,case V_ASN1_BOOLEAN:,"   case V_ASN1_BOOLEAN:
    case V_ASN1_INTEGER:
",0.27685546875,"[[1678, 1206, 478, 29918, 3289, 29940, 29896, 29918, 8456, 29949, 1307, 2190, 29901, 13, 1678, 1206, 478, 29918, 3289, 29940, 29896, 29918, 1177, 4330, 17070, 29901, 13]]","[-0.6286415457725525, -0.008743809536099434, -0.0003026265767402947, -1.2874520507466514e-05, -1.0251946150674485e-05, -1.2993727978027891e-05, -0.00018904806347563863, -0.00010716341057559475, -0.5956786870956421, -0.0001565095444675535, -1.6689286894688848e-06, -2.145764938177308e-06, -0.0006202919175848365, -0.33003750443458557, -0.283830463886261, -0.0011093420907855034, -0.0001731960946926847, -1.1324817933200393e-05, -1.0967194612021558e-05, -2.5152843591058627e-05, -1.7881377516459906e-06, -3.218599158572033e-05, -0.10267765820026398, -0.0003694805200211704, -2.1576648578047752e-05, -0.0017160940915346146, -0.036478083580732346]",11.558998107910156,False,2.0,-1.9909744353383303,-0.07373979390141965,27.0,-1.8483475851262483,-0.12322317234174988,15.0,0.047455035172048035,1,5,9,5,0.5555555555555556,-2.2467808894106613,-1.0180278659379316,True,16,0.5925925925925926,12.0,0.6382978723404256,1.0,2.020971832109716
~/anvil/data/cve-targets/libxml2_repo_xmlstring.c,636,631,685,goto error;,goto error;,       goto error;,0.0460205078125,"[[4706, 2355, 29877, 1059, 29936, 32010, 2]]","[-0.035203516483306885, -0.18367677927017212, -1.8000440832111053e-05, -9.727005090098828e-05, -0.00020287363440729678, -0.21359311044216156, -1.7881377516459906e-06]",9.273266792297363,True,0.0,-0.4327933384595326,-0.06182761977993323,7.0,-0.2191984398796194,-0.04383968797592388,5.0,0.005073381309982475,0,5,5,5,1.0,-1.049745332078408,-1.0400574915029253,False,4,0.5714285714285714,0.0,1.0,0.0,0.9080756122345288
~/anvil/data/cve-targets/poppler_repo_poppler_Stream.cc,4046,3996,4088,if (i + repeat > numLitCodes + numDistCodes) {,if (i + repeat > numLitCodes + numDistCodes) {,           if (i + repeat > numLitCodes + numDistCodes) {,0.0178070068359375,"[[9651, 565, 313, 29875, 718, 12312, 1405, 954, 29931, 277, 29907, 2631, 718, 954, 13398, 29907, 2631, 29897, 426, 32010, 2]]","[-0.006291346158832312, -0.11519639939069748, -0.07651648670434952, -0.07439855486154556, -0.030685650184750557, -0.005159278400242329, -0.0017005043337121606, -0.002283110748976469, -0.0012872274965047836, -4.768370445162873e-07, -1.0728830375228426e-06, -5.960462772236497e-07, -0.006629733834415674, -7.402622577501461e-05, -4.768258077092469e-05, -7.152531907195225e-06, -1.1920928244535389e-07, -0.004427867475897074, -0.00023195437097456306, -0.5426421165466309, -4.768370445162873e-07]",17.6237735748291,True,0.0,-0.8675818336586687,-0.0413134206504128,21.0,-0.3249392402749933,-0.017102065277631227,19.0,0.001062325611011342,0,19,19,19,1.0,-1.0412196741658042,-1.1846965639817342,False,18,0.8571428571428571,0.0,1.0,0.0,0.5770956582647353
~/anvil/data/cve-targets/php_repo_ext_exif_exif.c,3659,3620,3700,if (pos+length>=ImageInfo->Thumbnail.size) {,pos += 2;,"		pos += 2;
		if (pos+length>=ImageInfo->Thumbnail.size) {",0.200927734375,"[[12, 12, 1066, 4619, 29871, 29906, 29936, 13, 12, 12, 361, 313, 1066, 29974, 2848, 18572, 2940, 3401, 976, 1349, 21145, 29889, 2311, 29897, 426, 32010, 2]]","[-0.02115693688392639, -0.0007139279623515904, -0.6036168336868286, -0.3310827314853668, -0.020136689767241478, -0.003982708789408207, -0.002617150079458952, -0.03996053338050842, -0.07109470665454865, -0.00029452278977259994, -0.07823701947927475, -0.06897247582674026, -0.4739256799221039, -0.39702335000038147, -0.006557020358741283, -0.6465944647789001, -0.0016380238812416792, -4.768370445162873e-07, -1.5020257706055418e-05, -0.0003013156820088625, -1.2516897186287679e-05, -1.0371154530730564e-05, -5.447716102935374e-05, -0.028845811262726784, -0.04165279492735863, -0.5681504607200623, -7.152555099310121e-07]",11.78506851196289,False,1.0,-3.4066487358819586,-0.1261721754030355,27.0,-1.0946567414794117,-0.10946567414794117,10.0,0.0361669430507384,1,22,28,7,0.7857142857142857,-1.83553187735773,-1.0237978050095895,True,15,0.5555555555555556,40.0,0.2264150943396226,20.0,2.1819721379456753
~/anvil/data/cve-targets/openssl_repo_ssl_t1_lib.c,1141,1132,1192,if (clu->amask & s->s3.tmp.new_cipher->algorithm_auth) {,if (clu->amask & SSL_aRSA) {,               if (clu->amask & SSL_aRSA) {,0.2261962890625,"[[18884, 565, 313, 695, 29884, 976, 314, 1278, 669, 17122, 29918, 29874, 29934, 8132, 29897, 426, 32010, 2]]","[-0.06239822879433632, -0.20282778143882751, -0.021289749071002007, -0.5481207966804504, -2.3007127310847864e-05, -1.0121829509735107, -0.14268139004707336, -0.19019608199596405, -0.01360242534428835, -0.15467244386672974, -1.3708974620385561e-05, -0.283508837223053, -0.41037431359291077, -1.2159273865108844e-05, -0.0747697576880455, -0.19106274843215942, -0.6643087863922119, -1.5497195136049413e-06]",13.19552993774414,False,0.0,-3.972046716635873,-0.22066926203532627,18.0,-3.3077363805241475,-0.20673352378275922,16.0,0.06613359915928055,0,28,16,16,1.75,-1.0941442148501892,-1.0605425180968817,True,25,1.3888888888888888,34.0,0.5238095238095238,13.0,2.1311316790892945
~/anvil/data/cve-targets/php_repo_ext_standard_dns.c,272,120,422,# define PHP_DNS_NS     0x00000002,# define PHP_DNS_NS     0x00000002,"# define PHP_DNS_NS     0x00000002
# define PHP_DNS_CNAME  ",0.003366470336914,"[[29937, 4529, 5048, 29918, 29928, 3059, 29918, 3059, 418, 29900, 29916, 29900, 29900, 29900, 29900, 29900, 29900, 29900, 29906, 13, 29937, 4529, 5048, 29918, 29928, 3059, 29918, 29907, 5813, 259]]","[-0.0006075443816371262, -0.01305956020951271, -0.0012881800066679716, -2.3603161025675945e-05, -3.516612196108326e-05, -0.000125281119835563, -8.106198947643861e-06, -0.014791464433073997, -0.014439965598285198, -0.0003150205302517861, -7.128461584215984e-05, -0.00015424491721205413, -0.0005703729693777859, -0.00040951924165710807, -0.001178523525595665, -0.0004893536097370088, -0.004481273237615824, -0.003524641040712595, -0.019402243196964264, -0.24955493211746216, -0.0012484145117923617, -0.010394483804702759, -0.0002506657037883997, -4.0531076592742465e-06, -8.368142152903602e-05, -1.1920922133867862e-06, -3.576272320060525e-06, -0.5490561723709106, -0.00016532962035853416, -0.0017243054462596774]",14.258723258972168,True,1.0,-0.8874621545849095,-0.029582071819496982,30.0,-0.3245302802333754,-0.016226514011668768,20.0,0.00290113843445894,0,5,8,5,0.625,-0.20746725602881266,-1.0891095325536058,False,19,0.6333333333333333,0.0,1.0,0.0,0.7362887671277566
~/anvil/data/cve-targets/sqlite3_repo_src_select.c,2116,2096,2124,"sqlite3ColumnsFromExprList(pParse, pSelect->pEList, &pTab->nCol, &pTab->aCol);",pTab->nCol = pSelect->pEList->nExpr;," pTab->nCol = pSelect->pEList->nExpr;
  pTab->aCol = sqlite3DbMallocZero(db, sizeof(pTab->aCol[0])*pTab->n",0.68408203125,"[[29871, 282, 8863, 976, 29876, 1625, 353, 282, 3549, 976, 29886, 29923, 1293, 976, 29876, 21176, 29936, 13, 29871, 282, 8863, 976, 29874, 1625, 353, 21120, 29941, 10234, 29924, 15956, 24214, 29898, 2585, 29892, 13810, 29898, 29886, 8863, 976, 29874, 1625, 29961, 29900, 2314, 29930, 29886, 8863, 976, 29876]]","[-0.008205393329262733, -0.08748500049114227, -0.02388489618897438, -0.0001541257370263338, -1.3187097311019897, -0.4291016161441803, -0.11686772853136063, -0.19269612431526184, -0.036913495510816574, -0.0010474200826138258, -0.08966720104217529, -0.006167664658278227, -0.00035661060246638954, -0.009237408638000488, -2.2649508537142538e-05, -0.0008671099785715342, -0.03820011392235756, -0.2073579877614975, -0.010195319540798664, -0.11696773767471313, -0.00641145883128047, -0.00013839241000823677, -0.12856847047805786, -0.004775072447955608, -0.028861215338110924, -0.36957821249961853, -0.00827243085950613, -0.011724728159606457, -0.015545501373708248, -5.245195097813848e-06, -0.5991374254226685, -0.008171104826033115, -0.013084269128739834, -0.0013442536583170295, -0.12702201306819916, -0.008927195332944393, -0.537880539894104, -0.004477357026189566, -0.007100112270563841, -0.0003225283289793879, -0.00011669908417388797, -0.0037643304094672203, -0.0011236312566325068, -0.0007247682078741491, -0.19098465144634247, -0.005448491778224707, -0.010483906604349613, -4.7444173105759546e-05, -4.470248313737102e-05]",9.382850646972656,False,1.0,-4.788191486753021,-0.09771819360720452,49.0,-2.5771375970853114,-0.1356388208992269,19.0,0.08877545594268782,0,28,45,16,0.6222222222222222,-5.043408861230369,-1.0372120532337037,True,31,0.6326530612244898,54.0,0.42105263157894735,21.0,2.286733934743491
~/anvil/data/cve-targets/poppler_repo_poppler_JBIG2Stream.cc,720,676,858,for (yy = y0; yy < y1; ++yy) {,for (yy = y0; yy < y1; ++yy) {,   for (yy = y0; yy < y1; ++yy) {,0.043182373046875,"[[1678, 363, 313, 8071, 353, 343, 29900, 29936, 343, 29891, 529, 343, 29896, 29936, 8445, 8071, 29897, 426, 32010, 2]]","[-0.022468755021691322, -0.5596335530281067, -0.0005199749139137566, -0.03666369616985321, -0.0002648479712661356, -0.101923368871212, -0.004549509845674038, -0.006917930208146572, -0.0009319015080109239, -0.00044467096449807286, -0.0007458527106791735, -0.0007919512572698295, -0.00044431351125240326, -0.0019124329555779696, -0.015609701164066792, -0.0003610197745729238, -0.0006781900301575661, -0.0007035640883259475, -0.21588662266731262, -5.960462772236497e-07]",10.44831371307373,True,0.0,-0.9714524527078652,-0.04857262263539326,20.0,-0.7555652339942753,-0.04197584633301529,18.0,0.01633507872476293,1,21,21,21,1.0,-1.028743356459992,-1.0099489842129845,False,17,0.85,0.0,1.0,0.0,1.1904374060869567
~/anvil/data/cve-targets/libxml2_repo_parser.c,6689,6637,7035,},},"   }
   ",0.0003745555877685,"[[1678, 500, 13, 1678]]","[-0.003869784763082862, -0.0003685271949507296, -0.5009279251098633, -0.22333799302577972]",9.225316047668455,True,1.0,-0.7285042300936766,-0.18212605752341915,4.0,-0.7285042300936766,-0.18212605752341915,4.0,0.042036038253491725,0,2,2,2,1.0,-0.0020565733034677743,-1.041305027386321,False,1,0.25,0.0,1.0,0.0,0.8620907683660741
~/anvil/data/cve-targets/libxml2_repo_HTMLparser.c,544,392,694,*,*,"*
 * This",0.0011701583862304,"[[334, 13, 334, 910]]","[-0.0011713793501257896, -0.15381553769111633, -0.00048101297579705715, -2.288841485977173]",11.16813850402832,True,1.0,-2.444309415994212,-0.611077353998553,4.0,-0.15498691704124212,-0.07749345852062106,2.0,0.005825059768907348,0,2,4,2,0.5,-0.015100092428046944,-1.0081286604876334,False,1,0.25,0.0,1.0,0.0,0.9735415674228484
~/anvil/data/cve-targets/sqlite3_repo_src_pragma.c,1588,1463,1707,"sqlite3VdbeChangeP5(v, OPFLAG_TYPEOFARG);","sqlite3VdbeAddOp2(v, OP_IsNull, 3, 3); VdbeCoverage(v","         sqlite3VdbeAddOp2(v, OP_IsNull, 3, 3); VdbeCoverage(v",0.30029296875,"[[3986, 21120, 29941, 29963, 29881, 915, 2528, 11746, 29906, 29898, 29894, 29892, 6418, 29918, 3624, 7327, 29892, 29871, 29941, 29892, 29871, 29941, 416, 478, 29881, 915, 29907, 957, 482, 29898, 29894]]","[-0.0014190138317644596, -0.20188815891742706, -8.618460560683161e-05, -0.050734177231788635, -0.0002592465898487717, -3.4570634852570947e-06, -0.08281596004962921, -0.00028713393840007484, -0.8386487364768982, -0.001278179232031107, -0.00016115797916427255, -4.470248313737102e-05, -0.013523513451218605, -0.0001267114421352744, -0.8346575498580933, -0.6834089159965515, -0.0005297449533827603, -0.009199257008731365, -0.06298873573541641, -0.0005810956354252994, -0.17845472693443298, -1.4358586072921753, -0.011385821737349033, -0.25921058654785156, -1.823885577323381e-05, -2.264974000354414e-06, -0.000548331590835005, -6.603976362384856e-05, -3.6238969187252223e-05, -0.06774526089429855, -2.2649508537142538e-05]",9.36607265472412,False,0.0,-4.7359903995482,-0.15277388385639354,31.0,-4.7359903995482,-0.15277388385639354,31.0,0.10849591543091874,1,11,18,18,0.6111111111111112,-1.9656040755779531,-1.0376472028837729,True,19,0.6129032258064516,37.0,0.42553191489361697,10.0,2.027282832141138
~/anvil/data/cve-targets/libtiff_repo_libtiff_tif_dirread.c,5771,5723,5775,nstrips = (uint32_t)nstrips64;,nstrips = (uint32_t) nstrips64;,"       nstrips = (uint32_t) nstrips64;
        /* If we are going to allocate a lot",0.0758056640625,"[[4706, 302, 303, 374, 567, 353, 313, 13470, 29941, 29906, 29918, 29873, 29897, 302, 303, 374, 567, 29953, 29946, 29936, 13, 4706, 4949, 960, 591, 526, 2675, 304, 23632, 263, 3287]]","[-0.6714484095573425, -0.44012564420700073, -2.145764938177308e-06, 0.0, -5.769562994828448e-05, -0.04611193388700485, -0.06644035130739212, -0.02503899298608303, -0.0015713736647740006, -8.344646857949556e-07, -0.0004916174802929163, -1.5258672647178173e-05, -0.017036637291312218, -0.6150556206703186, -4.768370445162873e-07, 0.0, -1.4305104514278355e-06, -6.711257447022945e-05, -1.311301275563892e-06, -0.008891158737242222, -0.16154037415981293, -0.6799153685569763, -0.9758049249649048, -1.7533856630325317, -0.6986953616142273, -0.3946837782859802, -0.14249832928180695, -0.0019056509481742978, -0.12145988643169403, -0.009628640487790108, -0.002679450437426567]",10.096185684204102,False,1.0,-6.83455543374555,-0.22046953012082418,31.0,-2.7338137482610136,-0.13669068741305068,20.0,0.05359324643002034,1,12,23,12,0.5217391304347826,-0.5545781171868068,-1.018879016603191,True,19,0.6129032258064516,1.0,0.9836065573770492,0.0,2.0637107898481997
~/anvil/data/cve-targets/sqlite3_repo_src_window.c,870,850,878,pSub->flags &= ~(EP_IntValue|EP_IsTrue|EP_IsFalse);,pSub->u.iValue = 0;,         pSub->u.iValue = 0;,0.87255859375,"[[3986, 282, 4035, 976, 29884, 29889, 29875, 1917, 353, 29871, 29900, 29936, 32010, 2]]","[-0.053182460367679596, -0.39392077922821045, -0.12154296785593033, -0.04510066285729408, -1.024467945098877, -0.03316015750169754, -0.11269561201334, -0.024083448573946953, -0.0015094802947714925, -0.006849026307463646, -0.005944548640400171, -0.0020149897318333387, -0.3959702253341675, -4.768370445162873e-07]",10.247440338134766,False,0.0,-2.2204427806426565,-0.15860305576018977,14.0,-1.8244720784714445,-0.1520393398726204,12.0,0.08011835436452462,1,21,13,13,1.6153846153846154,-5.73903171692955,-1.0150335369426655,True,22,1.5714285714285714,39.0,0.34285714285714286,15.0,2.313431345096871
~/anvil/data/cve-targets/sqlite3_repo_ext_misc_zipfile.c,380,373,390,pTab->pWriteFd = 0;,pTab->pWriteFd = 0;,"   pTab->pWriteFd = 0;
  }
  if(",0.0115127563476562,"[[1678, 282, 8863, 976, 29886, 6113, 29943, 29881, 353, 29871, 29900, 29936, 13, 29871, 500, 13, 29871, 565, 29898]]","[-0.030164474621415138, -0.11232331395149231, -0.0009700122172944248, -7.021180499577895e-05, -0.006296913605183363, -0.0012655591126531363, -0.0010480155469849706, -2.253030106658116e-05, -0.0004196478403173387, -0.004240924958139658, -0.000196556793525815, -8.368142152903602e-05, -0.3230797052383423, -0.5451422929763794, -0.00037746457383036613, -0.0822976604104042, -0.010013937018811703, -0.38720759749412537, -0.0006347072194330394]",12.941452980041504,True,2.0,-1.505855207105924,-0.07925553721610126,19.0,-1.0253238403893192,-0.07323741717066566,14.0,0.024289748051816554,0,10,13,10,0.7692307692307693,-0.1571977384296328,-1.0538273822779811,False,11,0.5789473684210527,0.0,1.0,0.0,0.9128645556050063
~/anvil/data/cve-targets/libxml2_repo_xmlmemory.c,943,791,1093,"xmlMallocFunc mallocAtomicFunc, xmlReallocFunc reallocFunc,","xmlMallocFunc mallocAtomicFunc, xmlReallocFunc reallocFunc,","           xmlMallocFunc mallocAtomicFunc, xmlReallocFunc reallocFunc,",0.028564453125,"[[9651, 4903, 29924, 15956, 14400, 25465, 4178, 25426, 14400, 29892, 4903, 1123, 15956, 14400, 1855, 2029, 14400, 29892, 32010, 2]]","[-0.5737237930297852, -5.4238757002167404e-05, -0.0008966478053480387, -2.6940935640595853e-05, -0.001692411839030683, -0.0015185264637693763, -1.9550132492440753e-05, -5.006777428206988e-06, -4.7205765440594405e-05, -0.00012635385792236775, -0.25893235206604004, -0.0001705739414319396, -6.318072337307967e-06, -4.017272294731811e-05, -0.0001854724541772157, -5.125986263010418e-06, -0.00015817821258679032, -3.4689302992774174e-05, -0.004500379785895348, -1.9073468138230965e-06]",5.803431034088135,True,0.0,-0.8421458452553452,-0.04210729226276726,20.0,-0.837643558122636,-0.04653575322903533,18.0,0.01984614819699117,0,9,9,9,1.0,-0.6138173585461084,-1.1343069933089016,False,17,0.85,0.0,1.0,0.0,0.6343476689981683
~/anvil/data/cve-targets/libpng_repo_png.c,2261,2229,2361,*/,*/,"      */
     ",0.1729736328125,"[[539, 3776, 13, 418]]","[-0.006146220024675131, -0.17294196784496307, -0.045210279524326324, -0.15294818580150604]",9.762598991394045,True,1.0,-0.37724665319547057,-0.09431166329886764,4.0,-0.37724665319547057,-0.09431166329886764,4.0,0.004951264460130945,1,3,3,3,1.0,-1.8340640676048474,-1.0274116588864977,False,1,0.25,0.0,1.0,0.0,0.9492169870305848
~/anvil/data/cve-targets/libpng_repo_pngset.c,1031,953,1034,++np;,++info_ptr->unknown,     ++info_ptr->unknown,0.498291015625,"[[418, 8445, 3888, 29918, 7414, 976, 26690]]","[-0.008491363376379013, -0.3983052670955658, -1.0398468971252441, -1.5020257706055418e-05, -4.768258077092469e-05, -0.0005752577562816441, -0.028125964105129242]",8.612998962402344,False,0.0,-1.4754074522970768,-0.2107724931852967,7.0,-1.4754074522970768,-0.2107724931852967,7.0,0.13283097922882886,0,6,9,9,0.6666666666666666,-2.3641178604218376,-1.0573678796839763,True,3,0.42857142857142855,15.0,0.33333333333333337,5.0,1.9377312876153798
~/anvil/data/cve-targets/libpng_repo_pngset.c,456,447,497,if (num_palette < 0 || num_palette > PNG_MAX_PALETTE_LENGTH),if (num_palette > max_palette_length),  if (num_palette > max_palette_length),0.267578125,"[[259, 565, 313, 1949, 29918, 29886, 26456, 1405, 4236, 29918, 29886, 26456, 29918, 2848, 29897, 32010, 2]]","[-0.09867620468139648, -0.06503208726644516, -0.04666605219244957, -0.2315971404314041, -1.1920922133867862e-06, -1.7881377516459906e-06, -4.768370445162873e-07, -0.5803692936897278, -0.07880337536334991, -1.311301275563892e-06, -1.764281842042692e-05, -1.3232143828645349e-05, -2.861018856492592e-06, -3.933898824470816e-06, -0.05056498944759369, -0.04929952323436737, -2.3841855067985307e-07]",12.59053897857666,False,0.0,-1.2010513429735,-0.07065007899844117,17.0,-1.1517515813205819,-0.07678343875470546,15.0,0.021796065488254277,1,18,12,12,1.5,-3.484841644756399,-1.0446227471650555,True,27,1.588235294117647,33.0,0.5773195876288659,7.0,2.077898837439094
~/anvil/data/cve-targets/poppler_repo_poppler_Stream.cc,1341,1337,1352,return pred->lookChar();,return pred;,       return pred;,0.322021484375,"[[4706, 736, 4450, 29936, 32010, 2]]","[-0.010275674052536488, -0.4085262417793274, -0.3097423017024994, -0.6718780994415283, -0.666904628276825, 0.0]",6.533273696899414,False,0.0,-2.0673269452527165,-0.34455449087545276,6.0,-1.4004223169758916,-0.3501055792439729,4.0,0.05601602180041666,0,12,5,5,2.4,-0.9197839265240547,-1.1137980253771107,True,6,1.0,12.0,0.6666666666666667,7.0,1.786807333716309
~/anvil/data/cve-targets/openssl_repo_crypto_pkcs7_pk7_doit.c,1023,871,1173,void *value),void *value),                       void *value),0.0027294158935546,"[[462, 4706, 1780, 334, 1767, 29897, 32010, 2]]","[-0.005672429222613573, -0.19658422470092773, -0.013459649868309498, -7.962863310240209e-05, -0.00013541258522309363, -5.61460001335945e-05, -0.029970945790410042, -7.152555099310121e-07]",9.87498378753662,True,0.0,-0.24595915205622987,-0.030744894007028734,8.0,-0.2159874910103099,-0.035997915168384985,6.0,0.005180604079994536,0,6,6,6,1.0,-0.07582149912814111,-1.024529074020694,False,4,0.5,0.0,1.0,0.0,0.9642312187970208
~/anvil/data/cve-targets/sqlite3_repo_src_vdbemem.c,1078,1004,1083,#endif,#endif,"#endif
 ",0.04644775390625,"[[29937, 15224, 13, 29871]]","[-0.048229336738586426, -0.04445605352520943, -0.09201590716838837, -0.14941087365150452]",14.525081634521484,True,1.0,-0.33411217108368874,-0.08352804277092218,4.0,-0.33411217108368874,-0.08352804277092218,4.0,0.0017963025595108843,0,2,3,2,0.6666666666666666,-0.5560737731354986,-1.096386068892912,False,2,0.5,0.0,1.0,0.0,0.6850579413237171
~/anvil/data/cve-targets/sqlite3_repo_src_shell.c.in,9328,9176,9478,"utf8_printf(p->out, ""%12.12s: %s\n"",""stats"", zOut);","utf8_printf(p->out, ""%12.12s: %s\n"",""stats"", zOut);","   utf8_printf(p->out, ""%12.12s: %s\n"",""stats"", zOut);
    utf8_printf(p->out, ""%12.",0.04034423828125,"[[1678, 23616, 29947, 29918, 8124, 29898, 29886, 976, 449, 29892, 11860, 29896, 29906, 29889, 29896, 29906, 29879, 29901, 1273, 29879, 29905, 29876, 3284, 16202, 613, 503, 3744, 416, 13, 1678, 23616, 29947, 29918, 8124, 29898, 29886, 976, 449, 29892, 11860, 29896, 29906, 29889]]","[-0.0036406919825822115, -0.03047892451286316, -2.0265558760002023e-06, -4.768360213347478e-06, -1.8596476365928538e-05, -0.00013517419574782252, -0.00048101297579705715, -2.0861407392658293e-05, -6.437280717364047e-06, -0.3136961758136749, -0.003740221494808793, -0.0022693139035254717, -0.0006453100359067321, -0.0013263961300253868, -3.981510963058099e-05, -1.9907753085135482e-05, -3.266281055402942e-05, -0.00021240839851088822, -0.0261221956461668, -0.002209247788414359, -0.006684442982077599, -4.565611743601039e-05, -0.5840120911598206, -0.0030553110409528017, -0.0038392660208046436, -0.09902749210596085, -1.5735502529423684e-05, -0.005147655960172415, -0.012733228504657745, -0.032157398760318756, -0.17503297328948975, -9.894321920000948e-06, -0.00019429226813372225, -2.8013790142722428e-05, -1.6689160474925302e-05, -0.0002896366349887103, -1.0251946150674485e-05, -4.0531076592742465e-06, -0.33991432189941406, -0.006093732547014952, -0.002957971766591072, -0.0005015069036744535, -0.0005399914807640016]",9.18136215209961,True,1.0,-1.6574137559030078,-0.03854450595123274,43.0,-1.1318204267865895,-0.03772734755955298,30.0,0.013650794949839362,0,25,34,25,0.7352941176470589,-1.0693632309445087,-1.0424498915973732,False,27,0.627906976744186,0.0,1.0,0.0,1.1263626015709454
~/anvil/data/cve-targets/libxml2_repo_parser.c,3215,3155,3216,"return(xmlDictLookup(ctxt->dict, (end - len), len));",if (ctxt->sax != NULL),"   if (ctxt->sax != NULL)
	ctxt->sax->error(ctxt->userData,
	    """,1.04296875,"[[1678, 565, 313, 312, 486, 976, 29879, 1165, 2804, 4265, 29897, 13, 12, 312, 486, 976, 29879, 1165, 976, 2704, 29898, 312, 486, 976, 1792, 1469, 29892, 13, 12, 1678, 376]]","[-0.09575042128562927, -1.3147302865982056, -0.2858314514160156, -1.343170166015625, -0.0002739054325502366, -0.0018488947534933686, -1.1048531532287598, -0.0032966574653983116, -0.018865324556827545, -0.0017141900025308132, -0.005603558383882046, -0.6052033305168152, -0.14733026921749115, -0.0922270342707634, -1.847726889536716e-05, -2.3245540432981215e-05, -0.002355540869757533, -2.861018856492592e-06, -0.00041166413575410843, -1.0653843879699707, -0.003683569375425577, -0.002817115979269147, -0.0001565095444675535, -0.002016893122345209, -0.0002646096108946949, -5.1020273531321436e-05, -0.0004135706985834986, -0.3012607991695404, -0.017646102234721184, -0.43863508105278015, -0.00866167712956667]",8.990375518798828,False,2.0,-6.86450176813878,-0.22143554090770257,31.0,-4.928471608873224,-0.37911320068255566,13.0,0.2587787159170652,1,26,27,16,0.9629629629629629,-2.7510747400044058,-1.0474391430024967,True,19,0.6129032258064516,41.0,0.29729729729729726,21.0,2.2902958248129464
~/anvil/data/cve-targets/libxml2_repo_valid.c,501,440,514,case XML_ENTITY_DECL:,case XML_ENTITY_DECL:,	case XML_ENTITY_DECL:,0.0009732246398925,"[[12, 4878, 6560, 29918, 3919, 11937, 29918, 2287, 6154, 29901, 32010, 2]]","[-0.0013075858587399125, -0.0018592467531561852, -5.9126061387360096e-05, -1.4305104514278355e-06, -0.006718072574585676, -5.364274329622276e-05, -8.583032467868179e-06, -1.8000440832111053e-05, -1.07287787614041e-05, -0.00014351768186315894, -0.12337581813335419, -4.768370445162873e-07]",14.358099937438965,True,0.0,-0.13355622940594003,-0.011129685783828336,12.0,-0.010179934435541327,-0.0010179934435541327,10.0,3.9963457470727874e-06,0,5,5,5,1.0,-0.9560225029492029,-1.0918186987050793,False,9,0.75,0.0,1.0,0.0,0.7267945798184297
~/anvil/data/cve-targets/libsndfile_repo_src_double64.c,109,73,214,psf->read_float		= host_read_d2f ;,psf->read_float		= host_read_d2f ;,					psf->read_float		= host_read_d2f ;,5.066394805908203e-05,"[[12, 12, 12, 12, 12, 567, 29888, 976, 949, 29918, 7411, 12, 12, 29922, 3495, 29918, 949, 29918, 29881, 29906, 29888, 2056, 32010, 2]]","[-9.715084888739511e-05, -1.6569954823353328e-05, -1.0609570381348021e-05, -4.029192859889008e-05, -2.2172682292875834e-05, -3.313963316031732e-05, -4.768370445162873e-07, -4.362964682513848e-05, -2.2411095415009186e-05, -3.576278118089249e-07, -0.00010823617776622996, -9.297892393078655e-05, -0.00018940561858471483, -2.5033637939486653e-05, -0.00022980909852776676, -1.6689286894688848e-06, -3.6954811548639555e-06, -2.264974000354414e-06, -8.225102646974847e-05, -2.3483953555114567e-05, -1.3708974620385561e-05, -0.00016950124700088054, -0.2287231683731079, -1.5497195136049413e-06]",16.6197566986084,True,0.0,-0.22995356596010197,-0.009581398581670916,24.0,-0.0012288478674804537,-5.585672124911153e-05,22.0,4.215268818265892e-09,0,10,10,10,1.0,-0.9070340493694463,-1.1553302753038517,False,17,0.7083333333333334,0.0,1.0,0.0,0.5703569917232083
~/anvil/data/cve-targets/php_repo_ext_exif_exif.c,2659,2642,2730,switch(ImageInfo->Thumbnail.filetype) {,switch (ImageInfo->Thumbnail.filetype) {,	switch (ImageInfo->Thumbnail.filetype) {,0.173828125,"[[12, 15123, 313, 2940, 3401, 976, 1349, 21145, 29889, 1445, 1853, 29897, 426, 32010, 2]]","[-0.04227590188384056, -0.1755271852016449, -0.1815020889043808, -0.0031424211338162422, -7.152555099310121e-07, -3.015949550899677e-05, -0.06587431579828262, -7.354942499659956e-05, -6.0794889577664435e-05, -0.002599552972242236, -6.687417771900073e-05, -0.003049249993637204, -0.010318740271031857, -0.35009926557540894, -5.960462772236497e-07]",11.479021072387695,False,0.0,-0.8346214110238748,-0.05564142740159165,15.0,-0.4845215494021886,-0.03727088841555297,13.0,0.00399641162162245,0,16,16,16,1.0,-4.663911497410465,-1.0159944281994586,True,12,0.8,1.0,0.9873417721518988,0.0,2.135396715012114
~/anvil/data/cve-targets/php_repo_ext_phar_util.c,399,291,436,return FAILURE;,return FAILURE;,"					return FAILURE;
				}
	",0.0092391967773437,"[[12, 12, 12, 12, 12, 2457, 13515, 6227, 11499, 29936, 13, 12, 12, 12, 12, 29913, 13, 12]]","[-0.0007707485929131508, -3.015949550899677e-05, -1.7404405298293568e-05, -5.876845170860179e-05, -0.0013549680588766932, -0.045950498431921005, -0.0004727914638351649, -1.1920928244535389e-07, -1.9073468138230965e-06, -2.4437606043647975e-05, -0.611141562461853, -0.0006030171643942595, -5.4596363042946905e-05, -5.006664650863968e-05, -7.188061863416806e-05, -0.00029392691794782877, -0.07929673045873642, -0.003275745315477252]",12.917372703552246,True,2.0,-0.7434693290087964,-0.0413038516115998,18.0,-0.6606029263166349,-0.04404019508777566,15.0,0.02310102726657088,0,5,6,5,0.8333333333333334,-0.2097900965000095,-1.0531931618312516,False,5,0.2777777777777778,0.0,1.0,0.0,0.8577904408064257
~/anvil/data/cve-targets/libsndfile_repo_src_wavlike.c,287,98,384,buffer [--bit] = 0 ;,"/* Remove trailing "", "". */","					/* Remove trailing "", "". */
					bit = strlen (buffer)",0.435302734375,"[[12, 12, 12, 12, 12, 5515, 15154, 25053, 9162, 11393, 3776, 13, 12, 12, 12, 12, 12, 2966, 353, 851, 2435, 313, 9040, 29897]]","[-0.07776939123868942, -0.0004930472350679338, -0.0002460177056491375, -0.00023731753753963858, -0.1389036625623703, -1.2912439107894897, -0.9825994968414307, -0.19361014664173126, -0.22424215078353882, -0.23951059579849243, -0.002187480451539159, -0.06902354955673218, -0.023159604519605637, -0.00015627116954419762, -4.410646579344757e-05, -5.006664650863968e-05, -0.0006425699684768915, -0.39154523611068726, -0.046670377254486084, -0.005894539412111044, -0.0008504349971190095, -0.0002449450839776546, -0.0005093707586638629, -0.0003511289251036942]",9.8292236328125,False,1.0,-3.690185418454348,-0.15375772576893118,24.0,-3.2441193859121995,-0.19083055211248232,17.0,0.12879522244254452,1,14,13,2,1.0769230769230769,-2.2810956084139877,-1.0257018099236612,True,9,0.375,21.0,0.25531914893617025,13.0,2.1242527072256725
~/anvil/data/cve-targets/lua_repo_lstate.h,267,115,417,const Instruction *oldpc;,const Instruction *savedpc;," const Instruction *savedpc;
  StkId",0.283935546875,"[[29871, 1040, 2799, 4080, 334, 17314, 6739, 29936, 13, 29871, 624, 29895, 1204]]","[-0.01585988700389862, -0.9040186405181885, -0.029079275205731392, -0.00015293381875380874, -0.00898650474846363, -0.6684062480926514, -0.001149708521552384, -0.0004611144249793142, -0.48434609174728394, -0.01981639862060547, -0.20055031776428223, -0.0009681067313067615, -4.51792984677013e-05]",11.928387641906738,False,1.0,-2.333840406496165,-0.1795261851150896,13.0,-2.1322768027021084,-0.21322768027021083,10.0,0.10455194601794666,1,9,12,9,0.75,-1.3316073528314207,-1.0274726297530936,True,7,0.5384615384615384,4.0,0.8846153846153846,1.0,2.035932013053924
~/anvil/data/cve-targets/php_repo_ext_standard_dns.c,502,394,729,cp += n;,cp += n;,"			cp += n;
			// Value",0.04095458984375,"[[12, 12, 12, 6814, 4619, 302, 29936, 13, 12, 12, 12, 458, 7865]]","[-0.002997669158503413, -3.480850500636734e-05, -0.00030012393835932016, -0.02966790832579136, -0.010554565116763115, -0.06790265440940857, -0.05673110857605934, -0.5185680985450745, -0.006905854679644108, -4.207999518257566e-05, -0.00028689560713246465, -0.2925316393375397, -0.630497932434082]",14.53110408782959,True,1.0,-1.6170213386285468,-0.12438625681758052,13.0,-0.6939917668569251,-0.06309016062335683,11.0,0.02127331325334302,1,7,8,7,0.875,-0.6491438512614606,-1.0965511546680564,False,4,0.3076923076923077,0.0,1.0,0.0,0.7403945988943579
~/anvil/data/cve-targets/libsndfile_repo_src_common.c,594,473,684,return count ;,break ;,						break ;,1.59765625,"[[12, 12, 12, 12, 12, 12, 8690, 2056, 32010, 2]]","[-0.0022967883851379156, -6.8662193370983e-05, -3.349725011503324e-05, -4.279521817807108e-05, -0.00010525626566959545, -0.007315278053283691, -0.007514543365687132, -0.0018362818518653512, -0.3685433566570282, -4.529942543740617e-06]",13.04160976409912,False,0.0,-0.3877609891828797,-0.03877609891828797,10.0,-0.019213102583307773,-0.0024016378229134716,8.0,9.06308199154724e-06,1,5,4,4,1.25,-665.2361295933679,-1.056469387621122,True,3,0.3,11.0,0.38095238095238093,3.0,2.1150286414637955
~/anvil/data/cve-targets/sqlite3_repo_src_select.c,2804,2538,2855,},}," }
 ",0.1708984375,"[[29871, 500, 13, 29871]]","[-0.3113807737827301, -0.03060992620885372, -0.11512967944145203, -0.6529517769813538]",4.210844993591309,True,1.0,-1.1100721564143896,-0.2775180391035974,4.0,-1.1100721564143896,-0.2775180391035974,4.0,0.05735769297595475,1,2,2,2,1.0,-0.6158101940040145,-1.1803801373374756,False,1,0.25,0.0,1.0,0.0,0.4242487778521429
~/anvil/data/cve-targets/poppler_repo_poppler_FileSpec.cc,132,129,139,if (!ok || !fileSpec.isDict()),if (!fileStream.isValid()),   if (!fileStream.isValid()),1.3935546875,"[[1678, 565, 5384, 1445, 3835, 29889, 275, 7211, 3101, 32010, 2]]","[-0.007434912957251072, -0.06864263862371445, -0.2597637474536896, -0.37464988231658936, -0.6438742280006409, -0.6386869549751282, -0.33708491921424866, -1.1510841846466064, -0.1435750424861908, -0.046710651367902756, 0.0]",7.825493812561035,False,0.0,-3.671507162041962,-0.3337733783674511,11.0,-3.6247965106740594,-0.4027551678526733,9.0,0.11493679835106271,0,23,18,18,1.2777777777777777,-3.4600541438856434,-1.0783912167202863,True,11,1.0,16.0,0.6428571428571428,7.0,2.211553948276572
~/anvil/data/cve-targets/php_repo_ext_intl_msgformat_msgformat_parse.c,83,60,115,if(pattern && pattern_len) {,if(pattern_len) {,	if(pattern_len) {,0.352294921875,"[[12, 361, 29898, 11037, 29918, 2435, 29897, 426, 32010, 2]]","[-0.1308714896440506, -0.5264613628387451, -0.08011041581630707, -0.31949374079704285, -0.4164186418056488, -4.279521817807108e-05, -0.6156588196754456, -0.0896683931350708, -0.17164555191993713, -2.3841855067985307e-07]",12.439604759216309,False,0.0,-2.3503714492689767,-0.23503714492689767,10.0,-2.178725658930489,-0.2723407073663111,8.0,0.04623848067880625,0,13,10,10,1.3,-1.2935815775830628,-1.0406884416281283,True,9,0.9,11.0,0.7555555555555555,3.0,2.0485872595331616
~/anvil/data/cve-targets/libtiff_repo_libtiff_tif_dirread.c,2124,2081,2230,},},					},0.0008025169372558,"[[12, 12, 12, 12, 12, 29913, 32010, 2]]","[-0.00030298411729745567, -3.1470757676288486e-05, -3.9219088648678735e-05, -7.521823135903105e-05, -0.0003895000845659524, -0.0007900454220362008, -0.6189873814582825, -5.483612312673358e-06]",13.940495491027832,True,0.0,-0.6206213027721788,-0.07757766284652234,8.0,-0.0016284377015836071,-0.00027140628359726787,6.0,7.231659387786846e-08,0,2,2,2,1.0,-2.9568841465978446,-1.080479285486603,False,1,0.125,0.0,1.0,0.0,0.7307219033139146
~/anvil/data/cve-targets/poppler_repo_fofi_FoFiType1C.cc,1230,1078,1380,case 0x000b: // return,case 0x000b: // return,"           case 0x000b: // return
                if (nOps",0.0310211181640625,"[[9651, 1206, 29871, 29900, 29916, 29900, 29900, 29900, 29890, 29901, 849, 736, 13, 18884, 565, 313, 29876, 29949, 567]]","[-0.004109866451472044, -0.0009070096421055496, -0.00017987063620239496, -3.540453326422721e-05, -0.00012110930401831865, -0.0004011779965367168, -0.00034195298212580383, -0.014754699543118477, -0.1392083317041397, -6.270212179515511e-05, -0.002781096613034606, -0.18249285221099854, -0.06910320371389389, -0.012777718715369701, -1.103440523147583, -0.0548420213162899, -0.3357464671134949, -0.0054173097014427185, -7.986990567587782e-06]",8.322811126708984,True,1.0,-1.9267313044374532,-0.10140691075986596,19.0,-0.42727699616807513,-0.030519785440576794,14.0,0.0032017286245425813,0,6,9,6,0.6666666666666666,-1.0164264825669178,-1.065066654466394,False,11,0.5789473684210527,0.0,1.0,0.0,0.8329932678188697
~/anvil/data/cve-targets/poppler_repo_fofi_FoFiTrueType.cc,552,495,590,"cmapLen = getU16BE(pos + 8, &ok);","cmapLen = getU16BE(pos + 8, &ok);","       cmapLen = getU16BE(pos + 8, &ok);",0.0050430297851562,"[[4706, 274, 1958, 21515, 353, 679, 29965, 29896, 29953, 15349, 29898, 1066, 718, 29871, 29947, 29892, 669, 554, 416, 32010, 2]]","[-0.0002307625545654446, -0.01560735423117876, -2.038458114839159e-05, -0.0010130041046068072, -0.007890719920396805, -0.0036997220013290644, -2.169585604860913e-05, -0.00809897668659687, -1.0967194612021558e-05, -0.00017808281700126827, -0.00011574551899684593, -0.00032944019767455757, -0.00012706902634818107, -0.00015233787416946143, -0.051943957805633545, -0.00033682872890494764, -0.00011216964776394889, -1.549708758830093e-05, -0.0019102912629023194, -0.07666080445051193, -2.3841855067985307e-07]",12.881806373596191,True,0.0,-0.16847604996652876,-0.00802266904602518,21.0,-0.09181500709746615,-0.004832368794603481,19.0,0.0001391933699455151,0,19,19,19,1.0,-1.043593732081867,-1.0522571226488726,False,18,0.8571428571428571,0.0,1.0,0.0,1.0193134428015778
~/anvil/data/cve-targets/php_repo_ext_phar_phar.c,1300,1193,1319,"mydata->alias = alias ? estrndup(alias, alias_len) : estrndup(mydata->fname, fname_len);",mydata->is_data = 0;,"		mydata->is_data = 0;
		mydata->is_tar = 0;
		mydata->alias = alias ? estrndup(alias, alias_len) : estrndup(mydata->fname,",0.1654052734375,"[[12, 12, 1357, 1272, 976, 275, 29918, 1272, 353, 29871, 29900, 29936, 13, 12, 12, 1357, 1272, 976, 275, 29918, 12637, 353, 29871, 29900, 29936, 13, 12, 12, 1357, 1272, 976, 19973, 353, 13995, 1577, 707, 29878, 299, 786, 29898, 19973, 29892, 13995, 29918, 2435, 29897, 584, 707, 29878, 299, 786, 29898, 1357, 1272, 976, 29888, 978, 29892]]","[-0.04511251300573349, -0.05236601456999779, -0.8022130727767944, -3.5523738915799186e-05, -0.0003033416287507862, -0.4971584379673004, -0.00019774865359067917, -0.4191950559616089, -0.0006437613046728075, -0.01216574851423502, -0.00287108332850039, -6.4490144723095e-05, -0.060550905764102936, -0.013786920346319675, -0.04462730512022972, -0.43807223439216614, -3.6238969187252223e-05, -7.462222856702283e-05, -0.7491997480392456, -8.737658936297521e-05, -0.6533920764923096, -0.0016514724120497704, -0.04547811299562454, -0.03025156818330288, -9.48860906646587e-05, -0.15539155900478363, -0.012362636625766754, -0.04882678762078285, -0.37909558415412903, -3.111314072157256e-05, -0.00013362467871047556, -0.23579774796962738, -0.009472779929637909, -0.5470904111862183, -0.3976091146469116, -0.2500024139881134, -0.00010179955279454589, -0.22235950827598572, -1.4305104514278355e-06, -0.00013481661153491586, -0.0002444683632347733, -0.0002954761730507016, -0.0025599587243050337, -0.00011836781777674332, -2.3841855067985307e-07, -0.03740716725587845, -0.00044288364006206393, -0.6692952513694763, -0.0002762889489531517, -0.155837744474411, -1.4305104514278355e-06, -0.0015981532633304596, -0.4529465436935425, -2.50339189733495e-06, -3.0040289857424796e-05, -4.8874615458771586e-05, -5.8412379075889476e-06, -0.007297408767044544]",13.657279014587402,False,2.0,-7.456450228069315,-0.12855948669085027,58.0,-1.951291922825476,-0.13008612818836507,15.0,0.054892202391676685,0,32,42,10,0.7619047619047619,-1.2715058533988552,-1.0728560666959943,True,35,0.603448275862069,71.0,0.31481481481481477,24.0,2.1250050709027386
~/anvil/data/cve-targets/php_repo_ext_phar_phar.c,1074,635,1125,if (mydata->ext) {,if (mydata->ext) {,		if (mydata->ext) {,0.052978515625,"[[12, 12, 361, 313, 1357, 1272, 976, 1062, 29897, 426, 32010, 2]]","[-0.005134847015142441, -0.10641765594482422, -0.21989865601062775, -0.07357499748468399, -0.017153475433588028, -9.298280929215252e-06, -1.5139465176616795e-05, -0.0015500684967264533, -0.10322130471467972, -0.003726682160049677, -0.40281254053115845, -8.344646857949556e-07]",16.376075744628906,True,0.0,-0.9335155000022723,-0.07779295833352269,12.0,-0.5307021250064281,-0.05307021250064281,10.0,0.004792047942655718,0,13,13,13,1.0,-0.9982721592523923,-1.14831337098826,False,8,0.6666666666666666,0.0,1.0,0.0,0.6369294310180172
~/anvil/data/cve-targets/lua_repo_liolib.c,213,208,217,LStream *p = newprefile(L);,"luaL_Stream *p = luaL_newstream(L, 0);"," luaL_Stream *p = luaL_newstream(L, 0);",1.58203125,"[[29871, 301, 3357, 29931, 29918, 3835, 334, 29886, 353, 301, 3357, 29931, 29918, 1482, 5461, 29898, 29931, 29892, 29871, 29900, 416]]","[-0.00430763466283679, -0.9416075348854065, -0.09974738955497742, -0.6582238078117371, -0.001708358759060502, -0.09548596292734146, -0.005405927076935768, -0.0013665156438946724, -0.10204910486936569, -0.9465806484222412, -0.001341634662821889, -0.2760619521141052, -1.6927575416048057e-05, -0.030865980312228203, -0.013005316257476807, -0.008046827279031277, -0.00039664984797127545, -0.07695876061916351, -0.8385581374168396, -0.4909549951553345, -0.061621665954589844]",7.600068092346191,False,0.0,-4.654311731808775,-0.22163389199089406,21.0,-4.654311731808775,-0.22163389199089406,21.0,0.10691494869369284,1,15,17,17,0.8823529411764706,-7.138038482241689,-1.0844858019606227,True,12,0.5714285714285714,18.0,0.676923076923077,4.0,2.1320231685142486
~/anvil/data/cve-targets/openssl_repo_ssl_statem_extensions_srvr.c,335,183,485,},},"}
#",0.0041275024414062,"[[29913, 13, 29937]]","[-0.004130998160690069, -0.016387397423386574, -0.16236817836761475]",10.93981647491455,True,1.0,-0.1828865739516914,-0.06096219131723046,3.0,-0.020518395584076643,-0.010259197792038321,2.0,3.7554830721656855e-05,0,2,2,2,1.0,-0.4023221430246095,-1.002390603094415,False,1,0.3333333333333333,0.0,1.0,0.0,0.9932938313062352
~/anvil/data/cve-targets/poppler_repo_poppler_FileSpec.cc,118,91,122,},},"   }
   ",0.0018768310546875,"[[1678, 500, 13, 1678]]","[-0.6047413349151611, -0.0018908970523625612, -0.42599695920944214, -0.11323044449090958]",11.412025451660156,True,1.0,-1.1458596356678754,-0.28646490891696885,4.0,-1.1458596356678754,-0.28646490891696885,4.0,0.05794040607467619,1,2,2,2,1.0,-0.006551696198264531,-1.0142941730332347,False,1,0.25,0.0,1.0,0.0,0.9529737968132674
~/anvil/data/cve-targets/lua_repo_ldebug.c,166,159,182,"return findvararg(ci, -n, pos);","name = luaF_getlocalname(ci_func(ci)->p, n -","     name = luaF_getlocalname(ci_func(ci)->p, n -",1.1455078125,"[[418, 1024, 353, 301, 3357, 29943, 29918, 657, 2997, 978, 29898, 455, 29918, 9891, 29898, 455, 19969, 29886, 29892, 302, 448]]","[-0.0028276958037167788, -0.3848755955696106, -8.391981828026474e-05, -0.26867619156837463, -0.00035291642416268587, -1.2883968353271484, -5.185469490243122e-05, -0.0003159739135298878, -0.410664439201355, -0.028299571946263313, -0.012533823028206825, -0.19117657840251923, -0.031277962028980255, -0.016186373308300972, -0.0008390005677938461, -0.0011243456974625587, -0.02812584862112999, -0.04277389869093895, -0.008258597925305367, -1.1353724002838135, -0.3128359317779541]",8.429150581359863,False,0.0,-4.16504975459975,-0.19833570259998806,21.0,-4.16504975459975,-0.19833570259998806,21.0,0.12624916064105127,1,16,17,17,0.9411764705882353,-5.775600648211629,-1.0622389496590752,True,12,0.5714285714285714,35.0,0.31999999999999995,18.0,2.1443172091525518
~/anvil/data/cve-targets/libxml2_repo_valid.c,1207,1189,1278,if (size - len < xmlStrlen(content->prefix) + 10) {,if (size - len < xmlStrlen(content->prefix) + 10) {,               if (size - len < xmlStrlen(content->prefix) + 10) {,0.1112060546875,"[[18884, 565, 313, 2311, 448, 7431, 529, 4903, 5015, 2435, 29898, 3051, 976, 13506, 29897, 718, 29871, 29896, 29900, 29897, 426, 32010, 2]]","[-0.4989640414714813, -0.21913811564445496, -0.09577739238739014, -0.06056717410683632, -0.0016684910515323281, -0.004921821411699057, -0.008060071617364883, -0.514660656452179, -0.0010548033751547337, -4.339123915997334e-05, -0.02129710093140602, -0.000619696278590709, -1.0371154530730564e-05, -0.03007124364376068, -0.029561899602413177, -0.002610729541629553, -0.01145724207162857, -0.9977717399597168, -0.17784501612186432, -0.009426726028323174, -0.0010760000441223383, -0.06220915913581848, -3.576278118089249e-07]",10.302677154541016,True,0.0,-2.748813240898869,-0.11951361916951604,23.0,-2.6866037241352387,-0.1279335106731066,21.0,0.06003466136707622,1,27,27,27,1.0,-0.8692488316970501,-1.0136328237738,False,20,0.8695652173913043,0.0,1.0,0.0,1.2577458025654236
~/anvil/data/cve-targets/lua_repo_ldo.c,371,351,395,if (hastocloseCfunc(wanted)) {  /* to-be-closed variables? */,if (nres == 0) {  /* no results? */,"     if (nres == 0) {  /* no results? */
        wanted = 0;  /* don't need anything */
        break;
",0.59033203125,"[[418, 565, 313, 29876, 690, 1275, 29871, 29900, 29897, 426, 29871, 4949, 694, 2582, 29973, 3776, 13, 4706, 5131, 353, 29871, 29900, 29936, 29871, 4949, 1016, 29915, 29873, 817, 3099, 3776, 13, 4706, 2867, 29936, 13]]","[-0.003476648824289441, -0.32110774517059326, -0.09551283717155457, -0.24652183055877686, -0.0014812698354944587, -0.999601423740387, -0.09579634666442871, -0.43370524048805237, -0.10711576044559479, -0.5282789468765259, -0.17265693843364716, -0.000403084559366107, -0.38214126229286194, -0.0960482656955719, -0.14800328016281128, -0.010058666579425335, -0.2591978907585144, -0.00208291900344193, -1.4564549922943115, -0.019006043672561646, -0.20645801723003387, -0.5069044828414917, -0.00031323294388130307, -0.19505056738853455, -0.0004956685588695109, -1.7127809524536133, -0.00010644822759786621, -2.0861407392658293e-05, -0.49142739176750183, -1.229117751121521, -0.09025205671787262, -0.08514083176851273, -0.6868175864219666, -1.1209282875061035, -8.34461570775602e-06, -0.2446228414773941]",8.138909339904785,False,3.0,-11.949096715676205,-0.3319193532132279,36.0,-3.9031903572613373,-0.21684390873674098,18.0,0.060440642660999244,0,16,24,14,0.6666666666666666,-2.7223823564566514,-1.0699746196363575,True,22,0.6111111111111112,39.0,0.47916666666666663,7.0,2.024611010133823
~/anvil/data/cve-targets/openssl_repo_crypto_asn1_tasn_enc.c,524,457,567,case V_ASN1_NEG_ENUMERATED:,/*,"       /*
         * This is a special case because the content octets are
         * the octets of the absolute value of",0.297607421875,"[[4706, 4949, 13, 308, 334, 910, 338, 263, 4266, 1206, 1363, 278, 2793, 4725, 1691, 526, 13, 308, 334, 278, 4725, 1691, 310, 278, 8380, 995, 310]]","[-0.16437357664108276, -0.7651587724685669, -0.2822277247905731, -0.002170351566746831, -0.00013815402053296566, -1.809445858001709, -0.31914740800857544, -1.6222469806671143, -0.8331620097160339, -0.08724676072597504, -1.2804045677185059, -1.6266863346099854, -1.754107117652893, -0.6185870170593262, -0.017657814547419548, -0.6171402931213379, -1.6650638580322266, -0.0002324311062693596, -0.00012206286191940308, -2.3150370121002197, -1.8519090414047241, -0.28417083621025085, -0.5870152711868286, -0.27274200320243835, -2.1262943744659424, -0.011653444729745388, -0.8263203501701355]",11.050066947937012,False,2.0,-21.74046142678708,-0.8052022750661881,27.0,-1.2139304254669696,-0.3034826063667424,4.0,0.08093426234529208,1,5,24,3,0.20833333333333334,-0.980640786758492,-1.0051572651189642,True,16,0.5925925925925926,27.0,0.0,4.0,2.0676607912114586
~/anvil/data/cve-targets/libpng_repo_pngset.c,474,447,497,return;,return;,     return;,0.329345703125,"[[418, 736, 29936, 32010, 2]]","[-0.13726265728473663, -0.6576405167579651, -0.00036006642039865255, -0.4763824939727783, -2.3841855067985307e-07]",9.135268211364746,True,0.0,-1.2716459728544294,-0.2543291945708859,5.0,-0.7952632404631004,-0.2650877468210335,3.0,0.08017255849014017,1,4,4,4,1.0,-1.2424025896125197,-1.0436518495896805,False,2,0.4,0.0,1.0,0.0,0.9324960677342605
~/anvil/data/cve-targets/libtiff_repo_libtiff_tif_pixarlog.c,213,163,226,},},"	    }
	} else",7.402896881103516e-05,"[[12, 1678, 500, 13, 12, 29913, 1683]]","[-0.0006984416977502406, -0.004064276814460754, -7.426462980220094e-05, -0.4869188666343689, -0.008372445590794086, -0.005237429868429899, -0.023505723103880882]",11.390690803527832,True,1.0,-0.528871448339487,-0.07555306404849814,7.0,-0.5001282953671762,-0.10002565907343523,5.0,0.03743028596927172,0,2,4,2,0.5,-0.0007400997853629313,-1.0137533270484327,False,1,0.14285714285714285,0.0,1.0,0.0,0.9544840604162957
~/anvil/data/cve-targets/libsndfile_repo_src_sd2.c,225,144,230,"psf_fwrite (psf->header.ptr, psf->header.indx, 1, psf) ;",psf->header.len = rsrc.data_offset + rsrc.data_length ;,"	psf->header.len = rsrc.data_offset + rsrc.data_length ;
	psf->dataoffset = rsrc.data_offset ;
	psf->datalength =",0.26904296875,"[[12, 567, 29888, 976, 6672, 29889, 2435, 353, 364, 4351, 29889, 1272, 29918, 10289, 718, 364, 4351, 29889, 1272, 29918, 2848, 2056, 13, 12, 567, 29888, 976, 1272, 10289, 353, 364, 4351, 29889, 1272, 29918, 10289, 2056, 13, 12, 567, 29888, 976, 29881, 2075, 1477, 353]]","[-0.08586499840021133, -0.7412004470825195, -0.0002932118659373373, -0.42472022771835327, -0.36795565485954285, -0.011218800209462643, -0.26959583163261414, -0.03443813696503639, -0.6148375868797302, -0.00026973424246534705, -0.00488220015540719, -0.8941304087638855, -0.00011491115583339706, -0.1585833579301834, -0.18389461934566498, -0.03937174007296562, -0.0005237876321189106, -0.0003808011533692479, -0.010062914341688156, -0.0001599660754436627, -0.0013106813421472907, -0.1953125149011612, -0.5797257423400879, -0.06749546527862549, -0.6560851335525513, -0.00023767507809679955, -0.39371180534362793, -0.6479738354682922, -0.0092839440330863, -0.00693118991330266, -0.34227454662323, -0.0002489972102921456, -0.00013767725613433868, -0.03517796844244003, -0.001780949649401009, -0.0012409137561917305, -0.05033784732222557, -0.43693771958351135, -0.06995668262243271, -0.5042575597763062, -0.00015579440514557064, -0.20057499408721924, -0.20819036662578583, -2.5748875486897305e-05, -0.00783560425043106, -0.008726674132049084]",10.890422821044922,False,2.0,-8.268427368351695,-0.1797484210511238,46.0,-4.686343740344455,-0.1952643225143523,24.0,0.06868208492293378,0,27,39,22,0.6923076923076923,-1.3778398700060777,-1.0011535736568664,True,28,0.6086956521739131,47.0,0.39639639639639634,18.0,2.3262707634430586
~/anvil/data/cve-targets/libxml2_repo_parser.c,9750,9668,9759,"int m_tmp = xmlSwitchToEncoding(ctxt, handler);",ctxt->input->encoder = handler;,		ctxt->input->encoder = handler;,2.181640625,"[[12, 12, 312, 486, 976, 2080, 976, 3977, 6119, 353, 7834, 29936, 32010, 2]]","[-0.04886448010802269, -0.07000681012868881, -0.5444088578224182, -2.3483953555114567e-05, -0.0017601249273866415, -0.4615263044834137, -0.0027129771187901497, -0.6752791404724121, -0.008610030636191368, -0.007072769105434418, -0.34599751234054565, -0.6962357759475708, -0.5572018027305603, -1.6689286894688848e-06]",7.371733665466309,False,0.0,-3.4197017387036794,-0.24426440990740567,14.0,-2.8624982670444297,-0.23854152225370248,12.0,0.07453721652964038,1,15,13,13,1.1538461538461537,-9.145747894908213,-1.0906941409224427,True,15,1.0714285714285714,31.0,0.4358974358974359,14.0,2.2124464836424704
~/anvil/data/cve-targets/libxml2_repo_valid.c,1217,1189,1278,},},	    },0.0001649856567382,"[[12, 1678, 500, 32010]]","[-0.27417832612991333, -0.003869072301313281, -0.00013124081306159496, -0.3278356194496155]",13.040958404541016,True,0.0,-0.6060142586939037,-0.15150356467347592,4.0,-0.2781786392442882,-0.0927262130814294,3.0,0.016464763228918988,1,2,2,2,1.0,-0.0017792774152581264,-1.0564521842253556,False,1,0.25,0.0,1.0,0.0,0.8112322220995856
~/anvil/data/cve-targets/php_repo_ext_intl_locale_locale_methods.c,408,387,489,},},"	}
	/* Check",0.0102081298828125,"[[12, 29913, 13, 12, 5515, 5399]]","[-0.006517345551401377, -0.010212901048362255, -0.3802397847175598, -0.07451386004686356, -0.7991493344306946, -1.5480138063430786]",9.5208740234375,True,1.0,-2.81864703213796,-0.4697745053563267,6.0,-0.471483891364187,-0.11787097284104675,4.0,0.02367678085200517,1,2,6,2,0.3333333333333333,-0.08660427276339298,-1.0336392331948265,False,1,0.16666666666666666,0.0,1.0,0.0,0.8894723219702533
~/anvil/data/cve-targets/libsndfile_repo_src_sd2.c,351,279,385,rsrc.type_offset = rsrc.map_offset + 30 ;,"rsrc.string_length = read_rsrc_short (&rsrc, rsrc.string_offset + 2) ;","	rsrc.string_length = read_rsrc_short (&rsrc, rsrc.string_offset + 2) ;
",0.396484375,"[[12, 2288, 2214, 29889, 1807, 29918, 2848, 353, 1303, 29918, 2288, 2214, 29918, 12759, 313, 29987, 2288, 2214, 29892, 364, 4351, 29889, 1807, 29918, 10289, 718, 29871, 29906, 29897, 2056, 13]]","[-0.05044258385896683, -0.8774620294570923, -1.537788011773955e-05, -0.0012760362587869167, -1.1391470432281494, -0.001353539526462555, -0.25464358925819397, -0.0009657248156145215, -0.38902753591537476, -5.674201020156033e-05, -0.000674616196192801, -3.516612196108326e-05, -2.6940935640595853e-05, -0.0892186239361763, -0.00023493390472140163, -0.0001454247540095821, -8.821448318485636e-06, -3.2186455882765586e-06, -1.4662635294371285e-05, -0.001190311275422573, -1.7881377516459906e-06, -1.585470999998506e-05, -0.44524651765823364, -5.960462772236497e-07, -2.2172682292875834e-05, -0.5853915214538574, -0.012165041640400887, -0.4814969301223755, -0.22157084941864014, -0.06869728118181229, -0.001259606215171516]",13.08873462677002,False,1.0,-4.621811081329099,-0.14909068004287415,31.0,-4.621811081329099,-0.14909068004287415,31.0,0.0784500873992954,1,16,25,25,0.64,-2.659350503237242,-1.057714770453454,True,18,0.5806451612903226,41.0,0.5225225225225225,12.0,2.033011969613556
~/anvil/data/cve-targets/openssl_repo_crypto_x509_x509_vfy.c,1029,1024,1047,return 0;,return 0;,       return 0;,0.0008449554443359,"[[4706, 736, 29871, 29900, 29936, 32010, 2]]","[-0.0010246747406199574, -0.000824349990580231, -0.002187480451539159, -0.000346362212439999, -2.407998726994265e-05, -0.5362322330474854, -1.1920928244535389e-07]",11.032244682312012,True,0.0,-0.5406392996392171,-0.0772341856627453,7.0,-0.004406947382449289,-0.0008813894764898578,5.0,5.50178307711618e-07,0,5,5,5,1.0,-0.9586629598766522,-1.0047095103820736,False,4,0.5714285714285714,0.0,1.0,0.0,1.0190498126544036
~/anvil/data/cve-targets/poppler_repo_poppler_JPEG2000Stream.cc,256,205,276,const int componentPixels = priv->image->comps[component].w * priv->image->comps[component].h;,"priv->image->comps[component].data = (OPJ_INT32 *)gmallocn(priv->npixels, sizeof(OPJ_INT32));","           priv->image->comps[component].data = (OPJ_INT32 *)gmallocn(priv->npixels, sizeof(OPJ_INT32));
            priv->image->com",0.60302734375,"[[9651, 5999, 976, 3027, 976, 510, 567, 29961, 9700, 1822, 1272, 353, 313, 4590, 29967, 29918, 10192, 29941, 29906, 4748, 29887, 27631, 29876, 29898, 22534, 976, 9302, 861, 1379, 29892, 13810, 29898, 4590, 29967, 29918, 10192, 29941, 29906, 2483, 13, 9651, 5999, 976, 3027, 976, 510]]","[-0.34464704990386963, -0.9773386716842651, -0.0007387054502032697, -1.8816585540771484, -0.14414159953594208, -0.00408101687207818, -4.339123915997334e-05, -0.0007674132939428091, -0.005131763871759176, -0.00016306500765495002, -0.5917103290557861, -0.03580040484666824, -0.9013327956199646, -0.9211584329605103, -0.00017093151109293103, -0.00022980909852776676, -0.3238995373249054, -0.006530254613608122, -2.861018856492592e-06, -0.18242987990379333, -0.5253843665122986, -0.08580340445041656, -0.29000237584114075, -0.1360737383365631, -0.026738684624433517, -1.549708758830093e-05, -0.06666040420532227, -2.50339189733495e-06, -8.34461570775602e-06, -0.009636905044317245, -0.19364146888256073, -0.009092827327549458, -0.10339988023042679, -1.549708758830093e-05, -9.369411418447271e-05, -0.004972709808498621, -0.0005141366855241358, -1.1920922133867862e-06, -0.003589141881093383, -0.2346254289150238, -0.5391339063644409, -1.0666909217834473, -0.00044955636258237064, -0.5816354155540466, -0.03520950302481651, -0.002861573826521635]",12.069610595703123,False,1.0,-10.23822954493994,-0.22257020749869436,46.0,-8.551382574388526,-0.2085703066924031,41.0,0.14116395141716015,1,41,52,43,0.7884615384615384,-2.891242542205863,-1.0311066089872984,True,29,0.6304347826086957,81.0,0.4598930481283422,32.0,2.4412593194132626
~/anvil/data/cve-targets/lua_repo_lstate.h,120,-32,270,TString **hash;,TString **hash;," TString **hash;
  int n",0.292724609375,"[[29871, 323, 1231, 3579, 8568, 29936, 13, 29871, 938, 302]]","[-0.0033738852944225073, -1.0933171510696411, -0.010932195000350475, -0.05135561525821686, -0.5954641699790955, -0.01107061468064785, -1.0293967723846436, -0.017266079783439636, -1.2953535318374634, -0.23629803955554962]",8.456313133239746,True,1.0,-4.3438280548434705,-0.43438280548434705,10.0,-2.8121764834504575,-0.3515220604313072,8.0,0.2030280731271787,0,9,13,9,0.6923076923076923,-0.8327346767819793,-1.0615178665030436,False,5,0.5,0.0,1.0,0.0,0.9231844323614121
~/anvil/data/cve-targets/libsndfile_repo_src_alaw.c,257,101,274,"0xa9, 0xa9, 0xa9, 0xa9, 0xa9, 0xa9, 0xa9, 0xa9, 0xa8, 0xa8, 0xa8, 0xa8,","0xa9, 0xa9, 0xa9, 0xa9, 0xa9, 0xa9, 0xa9, 0xa9, 0xa9, 0xa9, 0xa9, 0xa9, 0xa9,","	0xa9, 0xa9, 0xa9, 0xa9, 0xa9, 0xa9, 0xa9, 0xa9, 0xa9, 0xa9, 0xa9, 0xa9, 0xa9,
	0xa9, 0xa9, 0xa9, 0xa9, 0xa9, 0",0.08770751953125,"[[12, 29900, 17367, 29929, 29892, 29871, 29900, 17367, 29929, 29892, 29871, 29900, 17367, 29929, 29892, 29871, 29900, 17367, 29929, 29892, 29871, 29900, 17367, 29929, 29892, 29871, 29900, 17367, 29929, 29892, 29871, 29900, 17367, 29929, 29892, 29871, 29900, 17367, 29929, 29892, 29871, 29900, 17367, 29929, 29892, 29871, 29900, 17367, 29929, 29892, 29871, 29900, 17367, 29929, 29892, 29871, 29900, 17367, 29929, 29892, 29871, 29900, 17367, 29929, 29892, 13, 12, 29900, 17367, 29929, 29892, 29871, 29900, 17367, 29929, 29892, 29871, 29900, 17367, 29929, 29892, 29871, 29900, 17367, 29929, 29892, 29871, 29900, 17367, 29929, 29892, 29871, 29900]]","[-0.0012042421149089932, -3.325883881188929e-05, -0.0587763749063015, -0.009812453761696815, -0.00013684290752280504, -2.5629668016335927e-05, -5.006777428206988e-06, -0.003433643840253353, -0.0011387537233531475, -0.00015877417172305286, -1.9192511899746023e-05, -1.4305104514278355e-06, -0.0009285667329095304, -0.0006357794045470655, -9.345571743324399e-05, -1.9907753085135482e-05, -2.50339189733495e-06, -0.0020079705864191055, -0.0020145138259977102, -0.00010775939153973013, -1.9788545614574105e-05, -3.2186455882765586e-06, -0.004757632035762072, -0.005725176073610783, -9.381330892210826e-05, -4.327203714638017e-05, -2.264974000354414e-06, -0.0014588914345949888, -0.002308325143530965, -0.0001299296854995191, -6.329813186312094e-05, -6.198863957251888e-06, -0.0016298118280246854, -0.0029079315718263388, -0.00013016807497479022, -6.925819616299123e-05, -3.2782016205601394e-05, -0.003130893921479583, -0.005598223768174648, -0.00013493580627255142, -6.544376083184034e-05, -8.4638240878121e-06, -0.005143860820680857, -0.007479639258235693, -0.00011574551899684593, -4.827859811484814e-05, -2.264974000354414e-06, -0.004003605805337429, -0.004244842100888491, -0.00011038171214750037, -6.186770770000294e-05, -2.0265558760002023e-06, -0.0027934599202126265, -0.0019234981155022979, -0.00011872540198964998, -0.0001429217227268964, -2.3841830625315197e-06, -0.0024673277512192726, -0.001128513365983963, -0.0002520958660170436, -0.02887754514813423, -3.504691630951129e-05, -0.004010967444628477, -0.002481478499248624, -0.00026353701832704246, -0.014718872494995594, -0.0002733095607254654, -8.583032467868179e-06, -0.005963627714663744, -0.00609681336209178, -2.5987286790041253e-05, -6.318072337307967e-06, -1.2993727978027891e-05, -0.0024437822867184877, -0.0040730624459683895, -3.635817120084539e-05, -9.536697689327411e-06, -2.264974000354414e-06, -0.0020286710932850838, -0.003946731332689524, -6.151010165922344e-05, -1.3708974620385561e-05, -5.364403477869928e-06, -0.004371491726487875, -0.008575991727411747, -8.201262971851975e-05, -2.0265373677830212e-05, -3.6954811548639555e-06, -0.01408399362117052, -0.024591052904725075, -7.533743337262422e-05, -2.884823152271565e-05, -5.006777428206988e-06]",11.967857360839844,False,1.0,-0.26615098822969685,-0.00286183858311502,93.0,-0.1895779786453886,-0.0028295220693341583,67.0,6.510579940432839e-05,0,25,38,27,0.6578947368421053,-30.99729119691556,-1.0284869815207256,True,60,0.6451612903225806,10.0,0.9054054054054054,6.0,2.1812103485622782
~/anvil/data/cve-targets/libxml2_repo_valid.c,540,533,558,switch (state->cont->type) {,xmlValidDebugState(state->cont);,"	    xmlValidDebugState(state->cont);
    switch (state->type",0.340087890625,"[[12, 1678, 4903, 7211, 11862, 2792, 29898, 3859, 976, 1285, 416, 13, 1678, 4607, 313, 3859, 976, 1853]]","[-0.018148206174373627, -0.20947761833667755, -0.25736135244369507, -0.2915666997432709, -0.13253271579742432, -0.23001788556575775, -0.025484522804617882, -0.0014887689612805843, -0.0004698126285802573, -0.00013124081306159496, -0.007962154224514961, -0.010920285247266293, -0.08867504447698593, -0.2809925079345703, -0.046323079615831375, -0.0027086972258985043, -8.785339014139026e-05, -0.1268220990896225]",5.888926982879639,False,1.0,-1.7311705444735708,-0.09617614135964282,18.0,-1.2742363072175067,-0.09801817747826974,13.0,0.011517607027330404,0,16,18,12,0.8888888888888888,-3.469641033678638,-1.1318851161741241,True,9,0.5,24.0,0.5,10.0,1.7746251971649585
~/anvil/data/cve-targets/libsndfile_repo_src_common.c,178,87,318,"log_putchar (psf, lead_char) ;","log_putchar (psf, lead_char) ;","							log_putchar (psf, lead_char) ;",0.0024871826171875,"[[12, 12, 12, 12, 12, 12, 12, 1188, 29918, 649, 3090, 313, 567, 29888, 29892, 3275, 29918, 3090, 29897, 2056, 32010, 2]]","[-9.131014667218551e-05, -0.00010144196130568162, -2.109982233378105e-05, -1.6569954823353328e-05, -2.706014311115723e-05, -0.0006663962849415839, -0.0169407669454813, -0.004605875816196203, -3.3854863431770355e-05, -4.768360213347478e-06, -3.576278118089249e-07, -0.00014494798961095512, -2.4437606043647975e-05, -8.344646857949556e-07, -1.7881233361549675e-05, -0.026616113260388374, -7.033323527139146e-06, -4.172316494077677e-06, -0.0003471963864285499, -0.00011419598013162613, -0.14711254835128784, -1.5497195136049413e-06]",15.779149055480955,True,0.0,-0.19690041255779533,-0.00895001875262706,22.0,-0.04978631448699389,-0.0024893157243496946,20.0,4.4665410992602066e-05,0,11,11,11,1.0,-0.9991430949713092,-1.131304130058759,False,13,0.5909090909090909,0.0,1.0,0.0,0.6627468441259072
~/anvil/data/cve-targets/sqlite3_repo_ext_fts5_fts5_hash.c,144,141,166,int nNew = pHash->nSlot*2;,int nNew = pHash->nSlot*2;, int nNew = pHash->nSlot*2;,0.105224609375,"[[29871, 938, 302, 4373, 353, 282, 10438, 976, 29876, 29903, 8276, 29930, 29906, 29936, 32010, 2]]","[-0.0017062166007235646, -0.2869565784931183, -0.02048642560839653, -0.13388925790786743, -0.038917794823646545, -0.29714179039001465, -1.4662635294371285e-05, -0.00022706791060045362, -0.011228937655687332, -0.0169516671448946, -1.883488948806189e-05, -0.3570801019668579, -0.029180357232689857, -0.2681484818458557, -0.1134672611951828, -5.960462772236497e-07]",11.285265922546388,True,0.0,-1.5754160323465953,-0.09846350202166221,16.0,-1.4619481751051353,-0.1044248696503668,14.0,0.01703656484547442,0,14,14,14,1.0,-1.0076585178158313,-1.0110849743813897,False,13,0.8125,0.0,1.0,0.0,1.1175572448296722
~/anvil/data/cve-targets/libxml2_repo_valid.c,1205,1189,1278,case XML_ELEMENT_CONTENT_ELEMENT: {,case XML_ELEMENT_CONTENT_ELEMENT: {,	case XML_ELEMENT_CONTENT_ELEMENT: {,0.0132827758789062,"[[12, 4878, 6560, 29918, 29923, 1307, 13780, 29918, 22412, 3919, 29918, 29923, 1307, 13780, 29901, 426, 32010, 2]]","[-0.5729771852493286, -0.005388616118580103, -0.0001559135998832062, -2.264974000354414e-06, -1.5616295058862306e-05, -1.1920928244535389e-07, 0.0, -4.768370445162873e-07, -5.352353764465079e-05, 0.0, -6.437280717364047e-06, -0.011856913566589355, -0.05925600603222847, -1.1324817933200393e-05, -0.030798014253377914, -0.09296227246522903, -0.3413114547729492, -3.576278118089249e-07]",8.942416191101074,True,0.0,-1.1147964966376591,-0.061933138702092175,18.0,-0.7734846842368981,-0.05524890601692129,14.0,0.019011367014369937,1,6,6,6,1.0,-0.24041699350278598,-1.0486957581097225,False,15,0.8333333333333334,0.0,1.0,0.0,0.8849270128877255
~/anvil/data/cve-targets/libxml2_repo_xmlmemory.c,199,189,235,TEST_POINT,if (size == 0) return(NULL);,   if (size == 0) return(NULL);,0.630859375,"[[1678, 565, 313, 2311, 1275, 29871, 29900, 29897, 736, 29898, 10074, 416]]","[-0.17564630508422852, -0.5313858985900879, -0.3145216405391693, -0.3079790472984314, -0.5389508008956909, -0.005747103597968817, -0.002021176042035222, -0.0018225978128612041, -0.7534919381141663, -0.14167511463165283, -0.014818361960351467, -0.0006095697171986103]",9.224569320678713,False,0.0,-2.7886695542838424,-0.23238912952365354,12.0,-2.7886695542838424,-0.23238912952365354,12.0,0.06145761331165961,1,2,18,18,0.1111111111111111,-2.7146681787273037,-1.0413244668319825,True,6,0.5,27.0,0.052631578947368474,17.0,1.9684934952015114
~/anvil/data/cve-targets/sqlite3_repo_ext_rtree_rtree.c,3385,3361,3390,"*pzErr = sqlite3_mprintf(""%s"", sqlite3_errmsg(db));","*pzErr = sqlite3_mprintf(""%s"", sqlite3_errmsg(db));","     *pzErr = sqlite3_mprintf(""%s"", sqlite3_errmsg(db));",0.0044975280761718,"[[418, 334, 29886, 29920, 19212, 353, 21120, 29941, 29918, 29885, 8124, 11702, 29879, 613, 21120, 29941, 29918, 3127, 7645, 29898, 2585, 2483, 32010, 2]]","[-0.005804231856018305, -0.02789088524878025, -0.00019822540343739092, -5.221230458118953e-05, -8.308542601298541e-05, -0.0003634030872490257, -0.009783060289919376, -0.0001333863037871197, -0.0009073669789358974, -0.002275260630995035, -7.366862701019272e-05, -0.0338965579867363, -0.000694153131917119, -0.010258919559419155, -0.004438548814505339, -7.688703772146255e-05, -8.725739462533966e-05, -0.0019056509481742978, -0.00016342257731594145, -0.00035613393993116915, -0.00045265440712682903, -0.00047052756417542696, -0.6341115832328796, -4.768370445162873e-07]",9.67934799194336,True,0.0,-0.7344775595882993,-0.03060323164951247,24.0,-0.10036549951837515,-0.004562068159926143,22.0,7.882992886606168e-05,1,24,24,24,1.0,-0.9858528891958975,-1.0295522118397096,False,21,0.875,0.0,1.0,0.0,1.152221147116662
~/anvil/data/cve-targets/openssl_repo_crypto_bn_bn_local.h,579,427,729,(c)=h&BN_MASK2; \,(c)=h&BN_MASK2; \,"       (c)=h&BN_MASK2; \
        (r)=l&B",0.06549072265625,"[[4706, 313, 29883, 3892, 29882, 29987, 29933, 29940, 29918, 1529, 16033, 29906, 29936, 320, 13, 4706, 313, 29878, 3892, 29880, 29987, 29933]]","[-0.01810126006603241, -0.038994841277599335, -0.18158301711082458, -0.006469970569014549, -0.5528537034988403, -0.0608060285449028, -0.0019488405669108033, -6.6756979322235566e-06, -8.22540732769994e-06, -2.8609820219571702e-05, -3.099436753473128e-06, -0.00019405389321036637, -0.0021870045457035303, -0.009692158550024033, -0.13859102129936218, -0.0021941415034234524, -0.07290682196617126, -0.0009258274803869426, -0.0037450906820595264, -0.019270583987236023, -0.6219819784164429, -0.0002575780963525176]",9.39123821258545,True,1.0,-1.7327505324167305,-0.07876138783712411,22.0,-1.0136626517880813,-0.06335391573675508,16.0,0.018706402573886557,0,13,25,13,0.52,-1.0337280954877939,-1.036994583931204,False,13,0.5909090909090909,0.0,1.0,0.0,1.0125495298192213
~/anvil/data/cve-targets/sqlite3_repo_src_select.c,5223,5103,5396,if(,if( sqlite3Resol, if( sqlite3Resol,0.26904296875,"[[29871, 565, 29898, 21120, 29941, 12375]]","[-0.03606962412595749, -0.7585780620574951, -0.008450700901448727, -0.7899223566055298, -0.001677297754213214, -0.3313159942626953]",12.417818069458008,False,0.0,-1.9260140357073396,-0.3210023392845566,6.0,-1.9260140357073396,-0.3210023392845566,6.0,0.1153847547092569,1,3,4,4,0.75,-0.8381339816701567,-1.040121767061355,True,2,0.3333333333333333,13.0,0.3157894736842105,1.0,1.9227937647354638
~/anvil/data/cve-targets/sqlite3_repo_src_expr.c,5438,5370,5449,if( (pLeft->op==TK_COLUMN && IsVirtual(pLeft->y.pTab)),if( pLeft->op==TK_COLUMN && IsVirtual(pLeft->y.pTab),"     if( pLeft->op==TK_COLUMN && IsVirtual(pLeft->y.pTab)
       || pRight->op==TK_COLUMN && Is",0.0897216796875,"[[418, 565, 29898, 282, 8091, 976, 459, 1360, 29911, 29968, 29918, 15032, 29127, 2607, 1317, 21287, 29898, 29886, 8091, 976, 29891, 29889, 29886, 8863, 29897, 13, 539, 3830, 282, 7341, 976, 459, 1360, 29911, 29968, 29918, 15032, 29127, 2607, 1317]]","[-0.00691769365221262, -0.22161650657653809, -0.04445810616016388, -0.6510546207427979, -0.3279348909854889, -0.036875005811452866, -0.019172703847289085, -0.0822257399559021, -0.0012160295154899359, -2.145764938177308e-06, -1.1920922133867862e-06, -0.03380228951573372, -1.0728830375228426e-06, -0.5911592841148376, -0.5825306177139282, -0.018009589985013008, -0.001334729720838368, -0.0013560395454987884, -0.0007088055717758834, -9.83428253675811e-05, -0.0015438791597262025, -2.4676019165781327e-05, -2.8490614567999728e-05, -0.00039295581518672407, -0.0024807651061564684, -0.9808142781257629, -0.18342287838459015, -0.08269283175468445, -0.027050849050283432, -0.012660368345677853, -0.004577158950269222, -0.00012516192509792745, -0.0007136897183954716, -2.1815061700181104e-05, -1.1920922133867862e-06, -6.437280717364047e-06, -0.007227347232401371, -1.1920922133867862e-06, -0.002070903778076172, -0.0005793085438199341]",7.951961994171143,False,1.0,-3.926911586031224,-0.0981727896507806,40.0,-3.789183330205674,-0.1403401233409509,27.0,0.06463698910097981,1,27,36,24,0.75,-0.6393159529261967,-1.074987046639992,True,25,0.625,2.0,0.9811320754716981,3.0,2.0482563798865367
~/anvil/data/cve-targets/poppler_repo_poppler_GfxState.cc,2433,2421,2434,"alt->getCMYK(&color2, cmyk);","alt->getCMYK(&color2, cmyk);","       alt->getCMYK(&color2, cmyk);
}
void GfxSeparation",0.0489501953125,"[[4706, 5272, 976, 657, 29907, 17870, 29968, 6243, 2780, 29906, 29892, 274, 1357, 29895, 416, 13, 29913, 13, 5405, 402, 11093, 2008, 862, 362]]","[-0.4069109559059143, -0.40992653369903564, -0.02326338365674019, -0.004321403335779905, -0.20061421394348145, -0.00015662873920518905, -5.3165931603871286e-05, -0.00842292234301567, -0.0008031480247154832, -0.0002094287920044735, -0.0005488081369549036, -0.032668422907590866, -0.0007091629668138921, -8.964136941358447e-05, -0.0009117737063206732, -0.41416093707084656, -0.4276745617389679, -0.056966714560985565, -0.5662652850151062, -0.003882728284224868, -4.565611743601039e-05, -0.010343044996261597, -3.838465272565372e-05, -9.298280929215252e-06]",6.45754861831665,True,2.0,-2.5689962041760737,-0.1070415085073364,24.0,-1.5037705305294367,-0.09398565815808979,16.0,0.02535994758909376,1,16,21,16,0.7619047619047619,-0.5208262225515587,-1.115908583599035,False,14,0.5833333333333334,0.0,1.0,0.0,0.7790676630102602
~/anvil/data/cve-targets/sqlite3_repo_src_window.c,1445,1293,1595,** eDelete:,** eDelete:,"** eDelete:
**  ",0.3984375,"[[1068, 321, 12498, 29901, 13, 1068, 259]]","[-0.00067223358200863, -1.0559810400009155, -0.03211456909775734, -0.5069159269332886, -0.6324635744094849, -0.00025042734341695905, -0.039295751601457596]",16.02622413635254,True,1.0,-2.2676935229683295,-0.32395621756690424,7.0,-2.228147344023455,-0.445629468804691,5.0,0.1560347133770881,0,5,9,5,0.5555555555555556,-0.894100430720451,-1.1383136828303506,False,4,0.5714285714285714,0.0,1.0,0.0,0.637908780887635
~/anvil/data/cve-targets/libtiff_repo_libtiff_tif_ojpeg.c,1299,1218,1349,if (OJPEGReadHeaderInfoSecStreamDqt(tif)==0),if (OJPEGReadHeaderInfoSecStreamDqt(tif)==0),				if (OJPEGReadHeaderInfoSecStreamDqt(tif)==0),0.0146713256835937,"[[12, 12, 12, 12, 361, 313, 29949, 29967, 4162, 29954, 6359, 7850, 3401, 7898, 3835, 29928, 17915, 29898, 29873, 361, 29897, 1360, 29900, 29897, 32010, 2]]","[-0.002344718435779214, -3.58813522325363e-05, -3.659658250398934e-05, -0.03724489361047745, -0.0464581660926342, -0.007960853166878223, -0.027677318081259727, -3.3378546504536644e-06, -1.4305104514278355e-06, -2.539125671319198e-05, -0.0005872909096069634, -0.021380769088864326, -0.0002908283786382526, -0.0022169791627675295, -0.05344986543059349, -0.06392102688550949, -0.019004523754119873, -0.004995365627110004, -0.007383439689874649, -2.47952248173533e-05, -0.03710246831178665, -0.0007216709782369435, -0.00017975145601667464, -0.00011252723925281316, -0.41277652978897095, -8.344646857949556e-07]",10.79377269744873,True,0.0,-0.7459372533344322,-0.028689894359016622,26.0,-0.33315988908077543,-0.013881662045032309,24.0,0.0003741128466697924,0,17,17,17,1.0,-1.0568853813037453,-1.001264142643431,False,20,0.7692307692307693,0.0,1.0,0.0,1.1693084838452061
~/anvil/data/cve-targets/php_repo_ext_exif_exif.c,3994,3944,4007,} else {,} else {,				} else {,0.0010738372802734,"[[12, 12, 12, 12, 29913, 1683, 426, 32010, 2]]","[-0.0008085080771706998, -1.7404405298293568e-05, -1.3232143828645349e-05, -0.00014256415306590497, -0.0015103134792298079, -0.0008930747280828655, -0.0008328068652190268, -0.19317932426929474, -3.576278118089249e-07]",14.499138832092283,True,0.0,-0.1973975857490018,-0.02193306508322242,9.0,-0.004217903851895244,-0.000602557693127892,7.0,2.72164855278568e-07,0,4,4,4,1.0,-1.7821318896437683,-1.095675216257413,False,3,0.3333333333333333,0.0,1.0,0.0,0.7025081853187017
~/anvil/data/cve-targets/libsndfile_repo_src_alaw.c,163,101,274,"0xb3, 0xb3, 0xb3, 0xb3, 0xb3, 0xb3, 0xb3, 0xb3, 0xb3, 0xb3, 0xb3, 0xb3,","0xb3, 0xb3, 0xb3, 0xb3, 0xb3, 0xb3, 0xb3, 0xb3, 0xb3, 0xb3, 0xb3, 0xb3, 0xb3,","	0xb3, 0xb3, 0xb3, 0xb3, 0xb3, 0xb3, 0xb3, 0xb3, 0xb3, 0xb3, 0xb3, 0xb3, 0xb3,
	0xb3, 0xb3, 0xb3, 0xb3, 0xb3, 0",0.0027217864990234,"[[12, 29900, 29916, 29890, 29941, 29892, 29871, 29900, 29916, 29890, 29941, 29892, 29871, 29900, 29916, 29890, 29941, 29892, 29871, 29900, 29916, 29890, 29941, 29892, 29871, 29900, 29916, 29890, 29941, 29892, 29871, 29900, 29916, 29890, 29941, 29892, 29871, 29900, 29916, 29890, 29941, 29892, 29871, 29900, 29916, 29890, 29941, 29892, 29871, 29900, 29916, 29890, 29941, 29892, 29871, 29900, 29916, 29890, 29941, 29892, 29871, 29900, 29916, 29890, 29941, 29892, 29871, 29900, 29916, 29890, 29941, 29892, 29871, 29900, 29916, 29890, 29941, 29892, 13, 12, 29900, 29916, 29890, 29941, 29892, 29871, 29900, 29916, 29890, 29941, 29892, 29871, 29900, 29916, 29890, 29941, 29892, 29871, 29900, 29916, 29890, 29941, 29892, 29871, 29900, 29916, 29890, 29941, 29892, 29871, 29900]]","[-0.001053493469953537, -9.917721035890281e-05, -0.00017796363681554794, -0.0047532422468066216, -0.009178940206766129, -5.578839045483619e-05, -5.125868119648658e-05, -7.271740287251305e-06, -2.0861407392658293e-05, -0.00015031162183731794, -0.00013731967192143202, -2.455681169521995e-05, -6.16293036728166e-05, -9.894321920000948e-06, -9.059865078597795e-06, -5.280832192511298e-05, -9.953480184776708e-05, -1.5616295058862306e-05, -0.000395815703086555, -7.92710343375802e-05, -1.2278481335670222e-05, -5.2569914259947836e-05, -0.00013660451804753393, -1.6331539882230572e-05, -0.0007040405762381852, -8.642300235806033e-05, -3.123234637314454e-05, -0.00013600854435935616, -0.00047100416850298643, -1.6093124941107817e-05, -0.00041500062798149884, -9.059865078597795e-06, -1.9550132492440753e-05, -4.51792984677013e-05, -0.0001397035230183974, -1.9430925021879375e-05, -0.0015230495482683182, -3.0040289857424796e-05, -1.7762025890988298e-05, -4.660974445869215e-05, -0.00015496007108595222, -1.966933996300213e-05, -0.005710597150027752, -9.500529267825186e-05, -1.728519782773219e-05, -6.83045873302035e-05, -0.00027807659353129566, -1.4543427823809907e-05, -0.0031119987834244967, -7.64102369430475e-05, -1.490105023549404e-05, -8.630380034446716e-05, -0.00028618055512197316, -1.1324817933200393e-05, -0.0018910160288214684, -9.30981186684221e-05, -1.4305012882687151e-05, -7.271502545336261e-05, -0.0001932195882545784, -1.3828182090946939e-05, -0.005048740655183792, -0.0001323135511483997, -2.0265373677830212e-05, -9.715084888739511e-05, -0.00015686711412854493, -3.158996332786046e-05, -0.15500378608703613, -0.00037555795279331505, -5.364274329622276e-05, -0.0002586507180240005, -0.0005620330339297652, -1.07287787614041e-05, -0.07888996601104736, -0.00013600854435935616, -2.4318398573086597e-05, -0.0001248043408850208, -0.0003673355677165091, -1.4185804502631072e-05, -0.8253833055496216, -0.00013505500101018697, -1.2636104656849056e-05, -4.756337511935271e-05, -0.00013124081306159496, -0.0007034449372440577, -5.602820692729438e-06, -1.1205610462639015e-05, -9.536738616588991e-07, -2.7894584491150454e-05, -7.688703772146255e-05, -0.0005370128201320767, -4.529942543740617e-06, -2.6702524337451905e-05, -2.264974000354414e-06, -9.894321920000948e-06, -9.095255518332124e-05, -0.0005538121913559735, -4.291525328881107e-06, -2.8013790142722428e-05, -1.5735502529423684e-05, -9.65590606938349e-06, -9.107174992095679e-05, -0.000854961050208658, -5.722029527532868e-06, -4.1483970562694594e-05, -3.814689989667386e-06, -3.4450891689630225e-05, -0.00025686301523819566, -0.0026121563278138638, -5.006777428206988e-06, -2.5033637939486653e-05, -1.4305104514278355e-06]",10.88668155670166,False,1.0,-1.105644125499225,-0.009960757887380406,111.0,-1.0994118358376,-0.01374264794797,80.0,0.008707280923503497,0,25,38,27,0.6578947368421053,-0.19805400744661075,-1.0010599385316754,True,72,0.6486486486486487,6.0,0.9594594594594594,2.0,2.2588848590775905
~/anvil/data/cve-targets/libsndfile_repo_src_common.c,616,473,684,"header_put_le_int (psf, size) ;","header_put_le_int (psf, size) ;","						header_put_le_int (psf, size) ;",0.0003132820129394,"[[12, 12, 12, 12, 12, 12, 6672, 29918, 649, 29918, 280, 29918, 524, 313, 567, 29888, 29892, 2159, 29897, 2056, 32010, 2]]","[-0.0006574614671990275, -4.3748852476710454e-05, -1.5139465176616795e-05, -2.1457441107486375e-05, -6.09140915912576e-05, -0.0005504761938937008, -0.001775832730345428, -5.602820692729438e-06, -1.5497195136049413e-06, -2.0265558760002023e-06, -0.0006947487709112465, -9.65590606938349e-06, -0.00015448330668732524, -0.00017081231635529548, -1.1444026313256472e-05, -2.3841855067985307e-07, -2.729855441430118e-05, -0.00031859567388892174, -0.001050040009431541, -0.00015341058315243572, -0.19884003698825836, -5.483612312673358e-06]",12.851134300231934,True,0.0,-0.20457045750421798,-0.009298657159282636,22.0,-0.005724936903646949,-0.00028624684518234743,20.0,2.0103888448447916e-07,0,11,11,11,1.0,-1.0944470418174579,-1.0514505592339474,False,14,0.6363636363636364,0.0,1.0,0.0,0.9303119115188183
~/anvil/data/cve-targets/openssl_repo_crypto_asn1_a_type.c,70,57,98,case V_ASN1_NEG_INTEGER:,case V_ASN1_BOOLEAN:,"   case V_ASN1_BOOLEAN:
        result = (a->value.boolean ==",0.6357421875,"[[1678, 1206, 478, 29918, 3289, 29940, 29896, 29918, 8456, 29949, 1307, 2190, 29901, 13, 4706, 1121, 353, 313, 29874, 976, 1767, 29889, 20054, 1275]]","[-0.01995476335287094, -0.0032336823642253876, -0.0003469580551609397, -5.280832192511298e-05, -7.629365427419543e-06, -2.145764938177308e-06, -4.911301948595792e-05, -2.074220174108632e-05, -0.12036669254302979, -6.198863957251888e-06, -1.1920922133867862e-06, -2.7418097943154862e-06, -0.0004690977220889181, -0.013265212997794151, -0.1351294070482254, -0.09483324736356735, -0.0001932195882545784, -0.746482253074646, -0.12016057968139648, -0.000651147507596761, -0.0002739054325502366, -1.1324817933200393e-05, -0.170861154794693, -0.5802422165870667]",12.113704681396484,False,1.0,-2.0066174343705825,-0.08360905976544093,24.0,-0.29290838552287823,-0.019527225701525215,15.0,0.0018408913667163143,1,5,16,5,0.3125,-32.556708117033956,-1.0322438782871493,True,14,0.5833333333333334,10.0,0.6818181818181819,1.0,2.033876988906126
~/anvil/data/cve-targets/libsndfile_repo_src_flac.c,137,132,257,"unsigned i = 0, j, offset, channels, len ;","sf_count_t offset, i, j, len, channels ;","	sf_count_t offset, i, j, len, channels ;

	if (psf->code",1.1845703125,"[[12, 4668, 29918, 2798, 29918, 29873, 9210, 29892, 474, 29892, 432, 29892, 7431, 29892, 18196, 2056, 13, 13, 12, 361, 313, 567, 29888, 976, 401]]","[-0.21694687008857727, -0.6348572373390198, -0.0004085659747943282, -0.0002406545972917229, -9.619726915843785e-05, -0.0005785936955362558, -1.081763505935669, -0.32281896471977234, -0.6893419027328491, -0.006814809516072273, -0.08635018020868301, -0.2086278349161148, -0.13479089736938477, -0.693419873714447, -0.2508241832256317, -0.177316814661026, -0.007266402244567871, -0.13132883608341217, -0.03014608472585678, -0.3221583068370819, -0.08328913152217865, -0.8100327253341675, -1.0251946150674485e-05, -0.031008604913949966, -1.1900053024291992]",15.188400268554688,False,2.0,-7.1104427320005925,-0.2844177092800237,25.0,-4.673938409017865,-0.2459967583693613,19.0,0.0901339001676763,1,17,19,13,0.8947368421052632,-4.815389927705394,-1.1147189886039726,True,14,0.56,26.0,0.5853658536585367,9.0,1.9861912712904664
~/anvil/data/cve-targets/libpng_repo_png.c,2391,2371,2463,default:  goto PNG_FP_End;,default: goto PNG_FP_End; /* I.e. break 2 */,     default: goto PNG_FP_End; /* I.e. break 2 */,0.344970703125,"[[418, 2322, 29901, 2355, 29877, 349, 9312, 29918, 26353, 29918, 5044, 29936, 4949, 306, 29889, 29872, 29889, 2867, 29871, 29906, 3776]]","[-0.01730181649327278, -0.5936064124107361, -0.0033985970076173544, -0.8031784296035767, -4.7205765440594405e-05, -0.0061022634617984295, -2.5510462364763953e-05, -3.58813522325363e-05, -0.00044490929576568305, -4.649054244509898e-05, -0.010118380188941956, -0.0011813811725005507, -0.5584813356399536, -0.9173941016197205, -0.0011157722910866141, -0.001073261140845716, -0.014226914383471012, -0.03637612983584404, -0.048438671976327896, -0.20402726531028748, -0.04535816237330437]",6.740739822387695,False,0.0,-3.2619788923275337,-0.15533232820607304,21.0,-3.2619788923275337,-0.15533232820607304,21.0,0.08058560317815272,0,8,9,9,0.8888888888888888,-2.2208558070882805,-1.1080360968339265,True,12,0.5714285714285714,20.0,0.7142857142857143,1.0,1.764561110701046
~/anvil/data/cve-targets/libsndfile_repo_src_common.c,596,473,684,"header_put_be_int (psf, size) ;","header_put_be_int (psf, size) ;","						header_put_be_int (psf, size) ;",0.0057716369628906,"[[12, 12, 12, 12, 12, 12, 6672, 29918, 649, 29918, 915, 29918, 524, 313, 567, 29888, 29892, 2159, 29897, 2056, 32010, 2]]","[-0.001328062848187983, -2.7179348762729205e-05, -1.7523612768854946e-05, -3.0397906812140718e-05, -5.4238757002167404e-05, -0.012944714166224003, -0.0030769407749176025, -4.529942543740617e-06, -5.8412379075889476e-06, -8.702239938429557e-06, -0.002471846528351307, -1.4185804502631072e-05, -0.007193971890956163, -0.00023112009512260556, -2.50339189733495e-06, 0.0, -6.198863957251888e-06, -0.004542626906186342, -0.06294631212949753, -0.0002456601650919765, -0.10456803441047668, -4.529942543740617e-06]",11.906962394714355,True,0.0,-0.1997251209636488,-0.009078414589256763,22.0,-0.09515255661062838,-0.005008029295296231,19.0,0.00018834762344769256,1,11,11,11,1.0,-1.1524766774650428,-1.0269224307412241,False,14,0.6363636363636364,0.0,1.0,0.0,1.0135327164982135
~/anvil/data/cve-targets/libxml2_repo_HTMLparser.c,2809,2775,2812,NEXT;,if (ret == NULL),       if (ret == NULL),0.6533203125,"[[4706, 565, 313, 2267, 1275, 4265, 29897]]","[-0.5456488728523254, -0.7621604800224304, -0.12061323970556259, -0.4467329978942871, -0.36921289563179016, -0.0007103541865944862, -0.004422408062964678]",11.915312767028809,False,0.0,-2.249501248355955,-0.32135732119370786,7.0,-2.249501248355955,-0.32135732119370786,7.0,0.0723119634509013,1,4,13,13,0.3076923076923077,-2.0330027337581376,-1.0271368327355204,True,3,0.42857142857142855,15.0,0.09523809523809523,12.0,2.0426173509410552
~/anvil/data/cve-targets/lua_repo_ldebug.c,723,721,739,"static int changedline (const Proto *p, int oldpc, int newpc) {","static int luaG_getfuncline (const Proto *p, int pc) {","static int luaG_getfuncline (const Proto *p, int pc) {
  int line = p->lineinfo[",0.458740234375,"[[7959, 938, 301, 3357, 29954, 29918, 657, 7692, 695, 457, 313, 3075, 1019, 517, 334, 29886, 29892, 938, 22844, 29897, 426, 13, 29871, 938, 1196, 353, 282, 976, 1220, 3888, 29961]]","[-0.9407094120979309, -0.10583595186471939, -1.265794277191162, -0.2489757388830185, -0.06507264077663422, -0.00032669928623363376, -0.42259150743484497, -0.24650675058364868, -0.12012072652578354, -0.031305573880672455, -0.4968239665031433, -0.5747764110565186, -0.006117784883826971, -0.00044645831803791225, -0.1351480484008789, -0.579032838344574, -0.0005505952867679298, -0.006219555623829365, -0.01702726259827614, -0.052373819053173065, -0.031028250232338905, -0.002289414405822754, -0.008570791222155094, -1.1275321245193481, -0.5794224143028259, -0.4723353981971741, -1.069549322128296, -0.00040844682371243834, -0.11327802389860153, -0.0007789676310494542, -0.6177423000335693]",2.3393208980560303,False,1.0,-9.338691471988568,-0.30124811199963125,31.0,-5.357644474453991,-0.23294106410669527,23.0,0.10896668976516188,1,28,29,24,0.9655172413793104,-1.9693403399448743,-1.2369202728011148,True,20,0.6451612903225806,23.0,0.7692307692307692,6.0,1.57860149659997
~/anvil/data/cve-targets/sqlite3_repo_src_resolve.c,188,176,190,result = ((Bitmask)1)<<n;,result = sqlite3ExprColUsed(pExpr->pLeft);," result = sqlite3ExprColUsed(pExpr->pLeft);
  result",0.515625,"[[29871, 1121, 353, 21120, 29941, 21176, 1625, 29965, 8485, 29898, 29886, 21176, 976, 29886, 8091, 416, 13, 29871, 1121]]","[-0.27331215143203735, -0.3906458914279938, -0.002347691683098674, -0.6052340269088745, -0.003485083347186446, -0.9124036431312561, -1.729962706565857, -0.04365983605384827, -0.0006413786904886365, -0.1583286076784134, -0.015468738973140717, -0.030555585399270058, -0.007601502817124128, -0.13498380780220032, -0.27054038643836975, -0.09799216687679291, -0.010326173156499863, -0.014292256906628609, -0.35208985209465027]",8.404718399047852,False,1.0,-5.053871487383731,-0.26599323617809106,19.0,-4.70178163528908,-0.26121009084939334,18.0,0.18445886316011542,1,18,18,15,1.0,-1.9739857611293257,-1.0628879682425763,True,11,0.5789473684210527,29.0,0.417910447761194,11.0,2.0585005411440003
~/anvil/data/cve-targets/poppler_repo_poppler_Parser.cc,266,191,287,length += 5000;,length += 5000;,           length += 5000;,0.1270751953125,"[[9651, 3309, 4619, 29871, 29945, 29900, 29900, 29900, 29936, 32010, 2]]","[-0.0031670196913182735, -0.5226140022277832, -0.21030224859714508, -0.03182026743888855, -0.03351286053657532, -0.1876404583454132, -0.015059118159115314, -0.003725138260051608, -0.011907332576811314, -0.7075891494750977, -1.311301275563892e-06]",10.217546463012695,True,0.0,-1.727338906609475,-0.15703080969177047,11.0,-1.0197484458331019,-0.11330538287034465,9.0,0.026616277125545342,1,7,7,7,1.0,-1.1215283166017995,-1.0157924026202445,False,8,0.7272727272727273,0.0,1.0,0.0,1.0259068253748242
~/anvil/data/cve-targets/poppler_repo_poppler_GfxState.cc,4327,4307,4344,return false;,return false;,           return false;,0.0002074241638183,"[[9651, 736, 2089, 29936, 32010, 2]]","[-0.00039033422945067286, -0.0005841932725161314, -2.5152843591058627e-05, -1.0609570381348021e-05, -0.44546279311180115, -7.152555099310121e-07]",13.86691665649414,True,0.0,-0.4464737982832503,-0.07441229971387504,6.0,-0.001010289915939211,-0.00025257247898480273,4.0,5.980409757405902e-08,0,5,5,5,1.0,-0.8212461019190483,-1.0784936021856988,False,3,0.5,0.0,1.0,0.0,0.7713748712640818
~/anvil/data/cve-targets/libpng_repo_pngrutil.c,2895,2650,3067,bytes_to_copy = row_width;,bytes_to_copy = row_width;,              bytes_to_copy = row_width;,0.0200653076171875,"[[1669, 6262, 29918, 517, 29918, 8552, 353, 1948, 29918, 2103, 29936, 32010, 2]]","[-0.1110338345170021, -0.026010697707533836, -1.585470999998506e-05, -2.47952248173533e-05, -4.172316494077677e-06, -0.0008331642020493746, -0.003854228649288416, -0.1489710658788681, -3.933898824470816e-06, -4.172316494077677e-06, -0.021130092442035675, -0.5346466302871704, -1.5497195136049413e-06]",11.28937816619873,True,0.0,-0.8465341918700915,-0.06511801475923781,13.0,-0.3118860118634075,-0.028353273805764315,11.0,0.0024378626132237533,1,7,7,7,1.0,-0.7076892691350568,-1.0111889254188948,False,10,0.7692307692307693,0.0,1.0,0.0,1.023282425538895
~/anvil/data/cve-targets/libsndfile_repo_src_common.c,598,473,684,"header_put_le_int (psf, size) ;","header_put_le_int (psf, size) ;","						header_put_le_int (psf, size) ;",0.0005550384521484,"[[12, 12, 12, 12, 12, 12, 6672, 29918, 649, 29918, 280, 29918, 524, 313, 567, 29888, 29892, 2159, 29897, 2056, 32010, 2]]","[-0.0009838269324973226, -2.5987286790041253e-05, -1.07287787614041e-05, -1.3828182090946939e-05, -4.708655978902243e-05, -0.0013999671209603548, -0.0007452571298927069, -2.7418097943154862e-06, -1.4305104514278355e-06, -9.536738616588991e-07, -0.0005135409301146865, -4.6491513785440475e-06, -0.00014256415306590497, -0.00018523407925385982, -4.6491513785440475e-06, 0.0, -1.7046782886609435e-05, -0.0005965837044641376, -0.005280950106680393, -0.000192504478036426, -0.1991800218820572, -4.887569048150908e-06]",13.695663452148438,True,0.0,-0.20935443997325365,-0.009516110907875165,22.0,-0.010169530522148307,-0.0005352384485341214,19.0,1.345778586144551e-06,1,11,11,11,1.0,-1.036992864896955,-1.0738860852430874,False,14,0.6363636363636364,0.0,1.0,0.0,0.8550749615992932
~/anvil/data/cve-targets/openssl_repo_crypto_x509_x509_vfy.c,966,951,997,if (crl_score == best_score) {,if (crl_score == best_score && best_crl != NULL) {,"       if (crl_score == best_score && best_crl != NULL) {
",0.162353515625,"[[4706, 565, 313, 29883, 2096, 29918, 13628, 1275, 1900, 29918, 13628, 2607, 1900, 29918, 29883, 2096, 2804, 4265, 29897, 426, 13]]","[-0.0015586382942274213, -0.031488217413425446, -0.06567049771547318, -0.5405726432800293, -0.00019774865359067917, -0.022021528333425522, -0.03231368586421013, -0.011302727274596691, -0.030865171924233437, -2.145764938177308e-06, -0.0001161031104857102, -0.5455984473228455, -1.1731375455856323, -1.2159273865108844e-05, -0.03778913989663124, -4.1483970562694594e-05, -0.18557478487491608, -0.01633814163506031, -0.18285928666591644, -0.0022551598958671093, -0.3016113340854645]",10.125640869140623,False,1.0,-3.181326590835397,-0.15149174242073318,21.0,-3.181326590835397,-0.15149174242073318,21.0,0.07869831120272687,1,13,20,20,0.65,-1.071698780611426,-1.0181290110349415,True,12,0.5714285714285714,20.0,0.75,7.0,2.0922059734815797
~/anvil/data/cve-targets/php_repo_ext_phar_phar.c,986,635,1125,if (entry.filename_len + 20 > endbuffer - buffer) {,if (buffer + entry.filename_len > endbuffer) {,		if (buffer + entry.filename_len > endbuffer) {,0.71875,"[[12, 12, 361, 313, 9040, 718, 6251, 29889, 9507, 29918, 2435, 1405, 1095, 9040, 29897, 426, 32010, 2]]","[-0.014627831056714058, -5.304672595229931e-05, -0.14206166565418243, -0.05973416566848755, -0.37283265590667725, -0.006891884841024876, -0.020729323849081993, -5.722029527532868e-06, -2.13382354559144e-05, -1.9073468138230965e-06, -2.3841855067985307e-07, -0.08449776470661163, -0.0020149897318333387, -5.531158240046352e-05, -0.03150346502661705, -0.006342638749629259, -0.13471640646457672, -9.536738616588991e-07]",15.696145057678224,False,0.0,-0.8760913096679985,-0.04867173942599992,18.0,-0.7413739495295602,-0.04633587184559751,16.0,0.008579342558834087,1,22,19,19,1.1578947368421053,-15.51174007030776,-1.1289589949569991,True,18,1.0,23.0,0.7628865979381443,7.0,1.9165684683197972
~/anvil/data/cve-targets/poppler_repo_poppler_FileSpec.cc,176,169,198,"Object fileName = fileSpec->dictLookup(""UF"");","Object fileName = fileSpec->dictLookup(""UF"");","       Object fileName = fileSpec->dictLookup(""UF"");",0.03900146484375,"[[4706, 4669, 29729, 353, 934, 10299, 976, 8977, 14959, 786, 703, 29965, 29943, 1496, 32010, 2]]","[-0.0011828100541606545, -0.12290363758802414, -0.024127086624503136, -0.06559067219495773, -0.006119206547737122, -7.10462118149735e-05, -0.0010886224918067455, -0.0019840572495013475, -0.002896401798352599, -6.6756979322235566e-06, -0.03444585204124451, -0.24202309548854828, -0.0009029601933434606, -0.00374520942568779, -0.16042110323905945, -3.576278118089249e-07]",9.62668800354004,True,0.0,-0.667508794474486,-0.04171929965465537,16.0,-0.5070873336076147,-0.036220523829115336,14.0,0.004389391772816207,0,19,19,19,1.0,-1.0767780451700493,-1.0309085096150343,False,13,0.8125,0.0,1.0,0.0,1.0966787574695418
~/anvil/data/cve-targets/openssl_repo_crypto_asn1_tasn_enc.c,20,-132,170,"unsigned char **out,","unsigned char **out, int *outlen,","                            unsigned char **out, int *outlen,",0.186279296875,"[[462, 632, 12780, 1373, 3579, 449, 29892, 938, 334, 449, 2435, 29892]]","[-0.008910654112696648, -0.8371134996414185, -0.5729377269744873, -0.004528979770839214, -0.19186687469482422, -0.2309800088405609, -0.054545748978853226, -0.5803244709968567, -1.309099555015564, -0.9121978878974915, -0.08938194066286087, -0.024742016568779945]",6.865240573883057,False,0.0,-4.816629364155233,-0.4013857803462694,12.0,-4.816629364155233,-0.4013857803462694,12.0,0.17334619570855028,0,10,15,15,0.6666666666666666,-0.4640904237173018,-1.1045926753024593,True,5,0.4166666666666667,13.0,0.7547169811320755,6.0,1.7720443638535217
~/anvil/data/cve-targets/libxml2_repo_xmlmemory.c,985,833,1135,"xmlGcMemGet(xmlFreeFunc *freeFunc, xmlMallocFunc *mallocFunc,","xmlGcMemGet(xmlFreeFunc *freeFunc, xmlMallocFunc *mallocFunc,","xmlGcMemGet(xmlFreeFunc *freeFunc, xmlMallocFunc *mallocFunc,",0.0004088878631591,"[[3134, 29954, 29883, 11442, 2577, 29898, 3134, 20475, 14400, 334, 9021, 14400, 29892, 4903, 29924, 15956, 14400, 334, 27631, 14400, 29892, 32010, 2]]","[-0.0001510267611593008, -0.0011512563796713948, -2.098061486321967e-05, -6.544376083184034e-05, -4.100715523236431e-05, -0.0007519278442487121, -0.0007083290838636458, -3.93382906622719e-05, -5.960446742392378e-06, -0.0002388668799540028, -0.0005286726518534124, -1.1324817933200393e-05, -1.4543427823809907e-05, -0.004081135615706444, -8.427741704508662e-05, -2.3841830625315197e-06, -9.179073458653875e-06, -0.00016675988445058465, -0.0004102342063561082, -5.209310256759636e-05, -5.1377883210079744e-05, -0.01034564059227705, -5.960462772236497e-07]",15.472249031066896,True,0.0,-0.018932356119250926,-0.0008231459182283012,23.0,-0.008586119480696652,-0.0004088628324141263,21.0,7.673321554607341e-07,0,15,15,15,1.0,-1.000061220397134,-1.1226574118232064,False,21,0.9130434782608695,0.0,1.0,0.0,0.7368627120820909
~/anvil/data/cve-targets/libsndfile_repo_src_common.c,1058,906,1208,"psf_memset (void *s, int c, sf_count_t len)","psf_memmove (void *dst, const void *src, size_t n)","psf_memmove (void *dst, const void *src, size_t n)
{	if (src == NULL)
	",0.23876953125,"[[567, 29888, 29918, 6954, 11631, 313, 5405, 334, 22992, 29892, 1040, 1780, 334, 4351, 29892, 2159, 29918, 29873, 302, 29897, 13, 29912, 12, 361, 313, 4351, 1275, 4265, 29897, 13, 12]]","[-0.061319999396800995, -0.0001892864383989945, -0.0003632839070633054, -0.6069552302360535, -1.0445654392242432, -0.016994446516036987, -0.015790658071637154, -0.013992777094244957, -0.8340944647789001, -0.015341960825026035, -0.12352069467306137, -0.0005466635921038687, -0.009522020816802979, -0.009210005402565002, -0.0009782296838238835, -0.07402466982603073, -1.156323378381785e-05, -3.0636318115284666e-05, -0.6976621747016907, -0.004572531208395958, -0.002124911407008767, -0.0006896263221278787, -0.1693253517150879, -0.7970488667488098, -0.028338506817817688, -0.349255234003067, -0.0421416200697422, -0.06505722552537918, -0.6485088467597961, -0.004234040156006813, -0.000120751719805412]",5.173386573791504,False,2.0,-5.636531717189428,-0.18182360378030413,31.0,-3.5318116473517875,-0.16818150701675177,21.0,0.09874481504458099,0,19,33,23,0.5757575757575758,-1.4197133530633501,-1.1523150403112328,True,20,0.6451612903225806,24.0,0.6666666666666667,10.0,1.7230584078187252
~/anvil/data/cve-targets/libsndfile_repo_src_common.c,356,204,506,**		1	- single byte value,**		1	- one byte value,**		1	- one byte value,0.6064453125,"[[1068, 12, 12, 29896, 12, 29899, 697, 7023, 995, 32010, 2]]","[-0.002270027529448271, -0.02806209959089756, -0.059000372886657715, -1.046801209449768, -0.05336963012814522, -0.00112255965359509, -0.19162617623806, -0.0014257990987971425, -0.005073292646557093, -0.1239459365606308, -2.861018856492592e-06]",9.828750610351562,False,0.0,-1.5126999648014134,-0.1375181786183103,11.0,-1.3887511672219262,-0.15430568524688068,9.0,0.10281913225002996,0,11,11,11,1.0,-3.9301553376320553,-1.0257139394952386,True,9,0.8181818181818182,4.0,0.8936170212765957,4.0,2.119021398825062
~/anvil/data/cve-targets/sqlite3_repo_src_where.c,2686,2339,2707,&& pProbe->aiRowLogEst[saved_nEq+1]>=42  /* TUNING: Minimum for skip-scan */,&& pNew->nOut + 42 < pProbe->aiRowLogEst[0],"  && pNew->nOut + 42 < pProbe->aiRowLogEst[0]
  ){
    pNew->wsFlags |= WHERE_SKIPSCAN;
    pNew->nOut += pPro",0.79736328125,"[[259, 2607, 282, 4373, 976, 29876, 3744, 718, 29871, 29946, 29906, 529, 282, 1184, 915, 976, 1794, 4301, 3403, 12787, 29961, 29900, 29962, 13, 29871, 29545, 13, 1678, 282, 4373, 976, 5652, 15675, 891, 29922, 5754, 29918, 16033, 5690, 7187, 2190, 29936, 13, 1678, 282, 4373, 976, 29876, 3744, 4619, 282, 1184]]","[-0.5276650190353394, -0.0400061160326004, -0.6070133447647095, -0.49824708700180054, -0.0005614373367279768, -0.3434986174106598, -0.03873317688703537, -1.9068735837936401, -0.2303835153579712, -0.543748140335083, -0.024036897346377373, -1.171569585800171, -0.6127043962478638, -0.344007670879364, -3.814689989667386e-06, -0.00014780859055463225, -0.029698805883526802, -0.0010027624666690826, -0.0014942444395273924, -2.9682672902708873e-05, -0.002066145185381174, -0.723585844039917, -0.0034306738525629044, -0.7450971603393555, -0.5856330394744873, -0.0035611088387668133, -0.003902796423062682, -0.009277683682739735, -0.6332384943962097, -0.05715475231409073, -0.0065695736557245255, -0.4865402579307556, -3.45700973412022e-05, -0.027776222676038742, -4.887569048150908e-06, -0.0043243709951639175, -4.529942543740617e-06, -0.020974846556782722, -0.00012087091454304755, -0.0009460740839131176, -6.9141146923357155e-06, -0.01592254266142845, -0.0019286142196506262, -0.17795208096504211, -0.3270198702812195, -0.0732286125421524, -0.0014556775568053126, -0.7747677564620972, -0.5142679810523987, -0.6773024201393127, -0.8134195804595947, -0.20971639454364777]",8.509988784790039,False,3.0,-13.822658054938984,-0.26582034721036507,52.0,-8.981238569864217,-0.3592495427945687,25.0,0.202566094579219,1,18,39,21,0.46153846153846156,-2.219524832369682,-1.0600943802206466,True,33,0.6346153846153846,61.0,0.40336134453781514,22.0,2.115450089960406
~/anvil/data/cve-targets/libpng_repo_pngrtran.c,1694,1676,1848,info_ptr->num_trans = 0;,info_ptr->num_trans = 0;,        info_ptr->num_trans = 0;,0.061798095703125,"[[308, 5235, 29918, 7414, 976, 1949, 29918, 3286, 353, 29871, 29900, 29936, 32010, 2]]","[-0.49870848655700684, -0.5254689455032349, -1.0371154530730564e-05, -2.50339189733495e-06, -5.6265202147187665e-05, -0.14053305983543396, -1.2040065485052764e-05, -0.00024816294899210334, -0.007727491203695536, -0.005234346725046635, -0.00048720886115916073, -0.00012420836719684303, -0.4230403006076813, -4.768370445162873e-07]",8.798380851745605,True,0.0,-1.601653867260552,-0.11440384766146801,14.0,-1.1786130898158262,-0.09821775748465218,12.0,0.03574200032089595,1,10,10,10,1.0,-0.6291947330683229,-1.0524787963970799,False,11,0.7857142857142857,0.0,1.0,0.0,0.9258809812260635
~/anvil/data/cve-targets/libxml2_repo_HTMLparser.c,4240,4230,4303,return;,return;,	return;,0.177734375,"[[12, 2457, 29936, 32010, 2]]","[-0.13348084688186646, -0.3540503978729248, -0.0014484162675216794, -0.2507823407649994, -1.9073468138230965e-06]",10.159660339355469,True,0.0,-0.7397639091341262,-0.14795278182682522,5.0,-0.48897966102231294,-0.162993220340771,3.0,0.021156849665598432,0,4,4,4,1.0,-1.0904402933349595,-1.017263473911899,False,2,0.4,0.0,1.0,0.0,0.995434693745138
~/anvil/data/cve-targets/libtiff_repo_libtiff_tif_predict.c,437,432,475,unsigned char* cp = (unsigned char*) cp0;,uint8_t* cp = cp0 + stride;,"	uint8_t* cp = cp0 + stride;
	if (cc > stride",0.39404296875,"[[12, 13470, 29947, 29918, 29873, 29930, 21447, 353, 21447, 29900, 718, 380, 2426, 29936, 13, 12, 361, 313, 617, 1405, 380, 2426]]","[-0.03267338126897812, -0.16341239213943481, -0.007835249416530132, -4.482168878894299e-05, -1.4305104514278355e-06, -0.07658108323812485, -0.024151407182216644, -0.02285822480916977, -0.09899898618459702, -5.23315102327615e-05, -0.44938790798187256, -0.4577556848526001, -1.0609570381348021e-05, -0.15123972296714783, -0.46687769889831543, -0.5950561761856079, -1.3965868949890137, -0.03448696807026863, -0.12546023726463318, -0.13250504434108734, -0.039864201098680496, -8.344646857949556e-07]",12.58630657196045,False,1.0,-4.275841288632819,-0.19435642221058266,22.0,-2.5469371084044496,-0.1591835692752781,16.0,0.04035019486236337,1,21,19,13,1.105263157894737,-2.475399757298925,-1.0445122213068747,True,12,0.5454545454545454,28.0,0.4117647058823529,13.0,2.1337163062944335
~/anvil/data/cve-targets/sqlite3_repo_src_resolve.c,301,223,632,if( zTab ){,if( zTab ){,"       if( zTab ){
          if(",0.154052734375,"[[4706, 565, 29898, 503, 8863, 29545, 13, 3986, 565, 29898]]","[-0.022771650925278664, -0.22786974906921387, -0.0005701346672140062, -0.06793373078107834, -0.009643753059208393, -0.461777925491333, -0.28059765696525574, -0.023958340287208557, -0.8999917507171631, -0.005255929194390774]",9.147037506103516,True,1.0,-2.0003706211573444,-0.20003706211573444,10.0,-1.0951229412457906,-0.13689036765572382,8.0,0.024973450876325656,0,10,9,10,1.1111111111111112,-1.125373077837289,-1.0433448186055603,False,5,0.5,0.0,1.0,0.0,0.9721069028477126
~/anvil/data/cve-targets/libsndfile_repo_src_common.c,1264,1261,1275,BUF_UNION	ubuf ;,union {,"	union {
		sf_count_t							",0.7861328125,"[[12, 13094, 426, 13, 12, 12, 4668, 29918, 2798, 29918, 29873, 12, 12, 12, 12, 12, 12, 12]]","[-0.14625799655914307, -0.20874887704849243, -0.9110369086265564, -1.2880815267562866, -0.0031491946429014206, -0.0017539369873702526, -1.542995572090149, -0.002176061272621155, -0.060597579926252365, -0.0003165697562508285, -0.003783569438382983, -0.9234755039215088, -1.706406593322754, -1.3975685834884644, -1.258157730102539, -1.142593264579773, -0.9778102040290833, -0.9035796523094177]",15.490264892578123,False,1.0,-12.478489324857946,-0.6932494069365526,18.0,-2.55902844062075,-0.42650474010345835,6.0,0.24378083290244712,0,5,4,3,1.25,-1.8431983014052922,-1.1231631667211832,True,10,0.5555555555555556,15.0,0.17391304347826086,4.0,1.7542120746421384
~/anvil/data/cve-targets/sqlite3_repo_src_whereexpr.c,933,922,942,if( pIdx->aiColumn[i]!=XN_EXPR ) continue;,if( pIdx->aColExpr->a[i].iCursor!=iCur ) continue;,     if( pIdx->aColExpr->a[i].iCursor!=iCur ) continue;,0.323974609375,"[[418, 565, 29898, 282, 1204, 29916, 976, 29874, 1625, 21176, 976, 29874, 29961, 29875, 1822, 29875, 19890, 19216, 29875, 23902, 1723, 6773, 29936, 32010, 2]]","[-0.0014661526074633002, -0.43391257524490356, -0.004324489738792181, -0.5926318168640137, -0.1176580935716629, -0.00010883215873036534, -0.0024704195093363523, -0.5093140006065369, -0.20566320419311523, -0.07762324810028076, -0.26995575428009033, -0.008773470297455788, -0.0027437680400907993, -0.0015182883944362402, -0.002218763343989849, -0.7829396724700928, -1.169554352760315, -0.2688092291355133, -0.05802275612950325, -0.00252404878847301, -0.04147360101342201, -0.010005203075706959, -0.0007014198345132172, -0.1309206485748291, -3.576278118089249e-07]",8.898050308227539,False,0.0,-4.695334166361079,-0.18781336665444315,25.0,-4.564413160158438,-0.1984527460938451,23.0,0.09071904156516652,0,21,27,27,0.7777777777777778,-1.632502526429126,-1.0498595612341832,True,20,0.8,22.0,0.6739130434782609,8.0,2.103942191997565
~/anvil/data/cve-targets/openssl_repo_ssl_statem_extensions_srvr.c,289,259,335,},},"       }
   ",5.91278076171875e-05,"[[4706, 500, 13, 1678]]","[-0.0014098476385697722, -5.8887653722194955e-05, -0.5049267411231995, -0.07133349776268005]",11.546751976013184,True,1.0,-0.5777289741781715,-0.14443224354454287,4.0,-0.5777289741781715,-0.14443224354454287,4.0,0.04414969526030798,1,2,2,2,1.0,-0.0004093809399211645,-1.0177162410548317,False,1,0.25,0.0,1.0,0.0,0.9411848045039527
~/anvil/data/cve-targets/libsndfile_repo_src_ulaw.c,811,807,816,if (ptr [i] >= 0),if (ptr [i] < 0),		if (ptr [i] < 0),0.1785888671875,"[[12, 12, 361, 313, 7414, 518, 29875, 29962, 529, 29871, 29900, 29897, 32010, 2]]","[-0.005896079819649458, -0.0007493072189390659, -0.09682626277208328, -0.005995029583573341, -0.026456493884325027, -0.010160745121538639, -0.00029047083808109164, -0.005699573550373316, -0.6086824536323547, -0.029622312635183334, -0.008466186001896858, -0.01041465811431408, -0.16502298414707184, -1.1920928244535389e-07]",8.43842887878418,False,0.0,-0.9742826765286665,-0.06959161975204761,14.0,-0.8092595731723122,-0.06743829776435935,12.0,0.027271600932772398,1,17,17,17,1.0,-2.648181717330993,-1.061992584010586,True,10,0.7142857142857143,2.0,0.9090909090909091,1.0,1.9932269695209448
~/anvil/data/cve-targets/poppler_repo_splash_Splash.cc,5090,5079,5179,},},"   }
   ",0.0003764629364013,"[[1678, 500, 13, 1678]]","[-0.0008350699208676815, -0.0003763920976780355, -0.5135558843612671, -0.03851870074868202]",11.359857559204102,True,1.0,-0.5532860471284948,-0.1383215117821237,4.0,-0.5532860471284948,-0.1383215117821237,4.0,0.04717320329886621,1,2,2,2,1.0,-0.0027216514015136225,-1.0129721955469189,False,1,0.25,0.0,1.0,0.0,0.9571560569201862
~/anvil/data/cve-targets/poppler_repo_fofi_FoFiTrueType.cc,1313,1025,1326,} else if (needVerticalMetrics && i == t42VmtxTable) {,} else if (needVerticalMetrics && i == t42VmtxTable) {,               } else if (needVerticalMetrics && i == t42VmtxTable) {,0.0006332397460937,"[[18884, 500, 1683, 565, 313, 26180, 29270, 10095, 10817, 2607, 474, 1275, 260, 29946, 29906, 29963, 4378, 29916, 3562, 29897, 426, 32010, 2]]","[-0.0015708976425230503, -5.519237674889155e-05, -0.00018094333063345402, -0.0001358893496217206, -0.00037091050762683153, -0.0005497612874023616, -0.00015293381875380874, -1.1920922133867862e-06, -1.1920928244535389e-07, -0.00015233787416946143, -0.0009274948388338089, -5.006664650863968e-05, -6.723177648382261e-05, -2.145764938177308e-06, -2.9802276912960224e-06, -3.838465272565372e-05, -9.858122211880982e-05, -1.3112935448589269e-05, -7.510157047363464e-06, -0.009659337811172009, -4.327203714638017e-05, -0.23544766008853912, -1.0728830375228426e-06]",12.088382720947266,True,0.0,-0.2495290285306666,-0.010849088196985504,23.0,-0.014080295559089961,-0.0006704902647185696,21.0,4.178622207435281e-06,1,15,15,15,1.0,-0.9444428642964636,-1.0315906241134214,False,20,0.8695652173913043,0.0,1.0,0.0,1.0424563984023978
~/anvil/data/cve-targets/libtiff_repo_libtiff_tif_luv.c,863,854,880,while (upper - lower > 1) {,while (lower < upper) {,	while (lower < upper) {,0.1611328125,"[[12, 8000, 313, 13609, 529, 7568, 29897, 426, 32010, 2]]","[-0.010012166574597359, -0.18185389041900635, -0.014816952869296074, -0.617648720741272, -0.6463345885276794, -0.004426087252795696, -0.7574435472488403, -0.0030768217984586954, -0.0979657992720604, -1.1920928244535389e-07]",9.253854751586914,False,0.0,-2.3335786939132888,-0.23335786939132888,10.0,-2.235612775431946,-0.27945159692899324,8.0,0.09770414871666123,0,16,13,13,1.2307692307692308,-0.576603656127765,-1.0405623549575473,True,10,1.0,11.0,0.6799999999999999,5.0,2.050820293331677
~/anvil/data/cve-targets/lua_repo_ldebug.c,754,750,794,lu_byte mask = L->hookmask;,int mask = L->hookmask;, int mask = L->hookmask;,0.3662109375,"[[29871, 938, 11105, 353, 365, 976, 20849, 13168, 29936, 32010, 2]]","[-0.012169163674116135, -0.7318332195281982, -0.07055262476205826, -0.07251641154289246, -0.3500753939151764, -0.0009388091857545078, -0.06309685111045837, -0.00023576818057335913, -0.03665461763739586, -0.11742640286684036, -2.3841855067985307e-07]",8.552328109741211,False,0.0,-1.4554995008220146,-0.13231813643836496,11.0,-1.3380728595366236,-0.14867476217073594,9.0,0.052767231153674723,1,11,11,11,1.0,-2.4631681406656543,-1.0589728818578243,True,10,0.9090909090909091,6.0,0.84,1.0,1.9668602763612848
~/anvil/data/cve-targets/libpng_repo_pngrutil.c,2365,2350,2397,limit = PNG_USER_CHUNK_MALLOC_MAX;,limit = PNG_USER_CHUNK_MALLOC_MAX;,     limit = PNG_USER_CHUNK_MALLOC_MAX;,0.0176849365234375,"[[418, 4046, 353, 349, 9312, 29918, 11889, 29918, 3210, 3904, 29968, 29918, 1529, 2208, 20166, 29918, 12648, 29936, 32010, 2]]","[-0.02416781522333622, -0.0009691785671748221, -0.0012163867941126227, -0.16241733729839325, -5.173549288883805e-05, -8.34461570775602e-06, -0.004214216023683548, -8.106198947643861e-06, -0.00023576818057335913, -3.3378546504536644e-06, -6.210611172718927e-05, -5.5549986427649856e-05, -3.516612196108326e-05, -2.50339189733495e-06, -1.3828182090946939e-05, -3.731181277544238e-05, -3.611976353568025e-05, -0.12934650480747223, -0.17927314341068268, -4.768370445162873e-07]",8.394682884216309,True,0.0,-0.5021549366750833,-0.025107746833754163,20.0,-0.32288131642735607,-0.017937850912630893,18.0,0.0021068024522974548,0,7,7,7,1.0,-0.985900518940354,-1.0631546673962078,False,17,0.85,0.0,1.0,0.0,0.848520143693305
~/anvil/data/cve-targets/openssl_repo_crypto_asn1_tasn_dec.c,815,763,890,case V_ASN1_NEG_INTEGER:,case V_ASN1_INTEGER:,"   case V_ASN1_INTEGER:
    case V_ASN1_ENUMER",0.69970703125,"[[1678, 1206, 478, 29918, 3289, 29940, 29896, 29918, 1177, 4330, 17070, 29901, 13, 1678, 1206, 478, 29918, 3289, 29940, 29896, 29918, 1430, 5005, 1001]]","[-0.008008630946278572, -0.004038987681269646, -0.0006848612101748586, -4.0649541915627196e-05, -2.884823152271565e-05, -7.152555099310121e-07, -0.00014697425649501383, -7.545663538621739e-05, -0.7411120533943176, -6.806619057897478e-05, -2.4676019165781327e-05, -0.007213145028799772, -0.39273062348365784, -0.026574673131108284, -0.0007463291985914111, -0.00014006110723130405, -1.0251946150674485e-05, -5.483612312673358e-06, -6.556489552167477e-06, -3.6954811548639555e-06, -2.706014311115723e-05, -0.3090376853942871, -2.3364747903542593e-05, -1.966933996300213e-05]",14.74184513092041,False,1.0,-1.4907685184664388,-0.06211535493610162,24.0,-1.1807483610061809,-0.08433916864329863,14.0,0.04319573439467167,1,5,9,5,0.5555555555555556,-8.296347266704968,-1.10234360846984,True,14,0.5833333333333334,4.0,0.9090909090909091,1.0,1.8094733582454903
~/anvil/data/cve-targets/libpng_repo_pngrutil.c,1712,1694,1740,},},"  }
  ",5.0187110900878906e-05,"[[259, 500, 13, 259]]","[-0.000416907190810889, -5.054346183896996e-05, -0.04538948833942413, -0.1468229442834854]",14.363513946533203,True,1.0,-0.1926798832755594,-0.04816997081888985,4.0,-0.1926798832755594,-0.04816997081888985,4.0,0.003583993657815667,1,2,2,2,1.0,-0.0010418754682159374,-1.0919664866155185,False,1,0.25,0.0,1.0,0.0,0.6920519285216185
~/anvil/data/cve-targets/openssl_repo_crypto_bn_bn_gf2m.c,599,498,643,break;,break;,"               break;
            if (",0.07275390625,"[[18884, 2867, 29936, 13, 9651, 565, 313]]","[-0.014010174199938774, -0.09840657562017441, -0.00014232576359063387, -0.19390879571437836, -0.038095925003290176, -0.20413097739219666, -0.2217237651348114]",10.425931930541992,True,1.0,-0.7704185388283804,-0.1100597912611972,7.0,-0.34456379630137235,-0.06891275926027447,5.0,0.005037447595191764,1,4,6,4,0.6666666666666666,-1.0557392713766984,-1.0105142538083207,False,2,0.2857142857142857,0.0,1.0,0.0,1.0003525925952639
~/anvil/data/cve-targets/php_repo_ext_exif_exif.c,3710,3699,3931,if (ImageInfo->FileSize >= dir_offset+2) {,if (ImageInfo->FileSize >= dir_offset+2) {,"
	if (ImageInfo->FileSize >= dir_offset+2) {",0.1722412109375,"[[13, 12, 361, 313, 2940, 3401, 976, 2283, 3505, 6736, 4516, 29918, 10289, 29974, 29906, 29897, 426, 32010, 2]]","[-0.7286887764930725, -0.208123579621315, -0.5086183547973633, -0.06995835155248642, -0.185175359249115, -7.152555099310121e-07, -0.0060850828886032104, -0.13903364539146423, -0.0015050761867314577, -0.1881856620311737, -0.047107625752687454, -1.1920928244535389e-07, -0.000285584683297202, -0.41927310824394226, -0.014506585896015167, -0.4847216010093689, -0.0019372997339814901, -0.40970298647880554, -4.768370445162873e-07]",12.175320625305176,True,1.0,-3.4129099913112597,-0.17962684164796103,19.0,-3.0032065279954097,-0.17665920752914174,17.0,0.04762336781785736,1,19,19,19,1.0,-0.9749914162220333,-1.0338351706073392,False,15,0.7894736842105263,0.0,1.0,0.0,1.109358719998034
~/anvil/data/cve-targets/libsndfile_repo_src_flac.c,8,-144,158,** (at your option) any later version.,** (at your option) any later version.,** (at your option) any later version.,0.0053443908691406,"[[1068, 313, 271, 596, 2984, 29897, 738, 2678, 1873, 29889, 32010, 2]]","[-7.223821739898995e-05, -0.006276656873524189, -0.0024057275149971247, -0.0033307571429759264, -0.0010276519460603595, -0.0026581690181046724, -0.008021639660000801, -0.0010832638945430517, -0.0019062458304688334, -0.02627977915108204, -0.17896121740341187, -2.622600959512056e-06]",15.67894172668457,True,0.0,-0.23202596925352736,-0.019335497437793947,12.0,-0.05306212924915599,-0.005306212924915598,10.0,5.4262681179149474e-05,0,16,16,16,1.0,-1.0071949514211416,-1.1284735529730083,False,10,0.8333333333333334,0.0,1.0,0.0,0.7295449304423323
~/anvil/data/cve-targets/libxml2_repo_HTMLparser.c,2762,2730,2765,NEXT;,if (ret == NULL),       if (ret == NULL),0.580078125,"[[4706, 565, 313, 2267, 1275, 4265, 29897]]","[-0.4863954186439514, -0.7878400087356567, -0.09386781603097916, -0.3804727792739868, -0.30057471990585327, -0.0006947487709112465, -0.0033369355369359255]",11.00880527496338,False,0.0,-2.0531824268982746,-0.2933117752711821,7.0,-2.0531824268982746,-0.2933117752711821,7.0,0.07128246896704424,1,4,13,13,0.3076923076923077,-1.9776844092388977,-1.004120937959253,True,3,0.42857142857142855,15.0,0.09523809523809523,12.0,2.1074742594539027
~/anvil/data/cve-targets/lua_repo_ldebug.c,784,750,794,L->oldpc = pc;,L->oldpc = pc;,   L->oldpc = pc;,0.0232391357421875,"[[1678, 365, 976, 1025, 6739, 353, 22844, 29936, 32010, 2]]","[-0.031575772911310196, -0.11885407567024231, -0.00016699827392585576, -0.00343186198733747, -3.957670196541585e-05, -0.002801424590870738, -0.031704436987638474, -0.005446238908916712, -0.6707165837287903, -3.576278118089249e-07]",11.30775260925293,True,0.0,-0.8647373273888093,-0.08647373273888093,10.0,-0.19402038603220717,-0.024252548254025896,8.0,0.0014340399897496143,1,10,10,10,1.0,-0.9582141842900912,-1.0116535329552128,False,7,0.7,0.0,1.0,0.0,1.0563503941728611
~/anvil/data/cve-targets/php_repo_ext_phar_zip.c,390,167,665,if (read != entry.uncompressed_filesize) {,if (read != entry.uncompressed_filesize) {,"			if (read != entry.uncompressed_filesize) {
				php_stream_close(",0.03375244140625,"[[12, 12, 12, 361, 313, 949, 2804, 6251, 29889, 348, 510, 13120, 29918, 5325, 675, 29897, 426, 13, 12, 12, 12, 12, 1961, 29918, 5461, 29918, 5358, 29898]]","[-0.00389828416518867, -3.683499380713329e-05, -0.00023183519078884274, -0.2304183542728424, -0.09031174331903458, -0.03286431357264519, -0.08155903965234756, -0.01948104240000248, -1.1920922133867862e-06, -0.001328539103269577, -1.1920928244535389e-07, -3.576272320060525e-06, -1.1920928244535389e-07, -1.1920922133867862e-06, -1.1920928244535389e-07, -0.015521088615059853, -0.0006098079611547291, -0.21064473688602448, -0.0004602803383022547, -2.253030106658116e-05, -2.2172682292875834e-05, -0.00012778419477399439, -0.33739814162254333, -4.6967357775429264e-05, -0.0021061161532998085, -0.000259723310591653, -0.020045205950737, -8.105902816168964e-05]",15.36374282836914,True,1.0,-1.0474819191563043,-0.03741006854129658,28.0,-0.6875447057331954,-0.031252032078781605,22.0,0.0042046744551614825,1,16,15,16,1.0666666666666667,-1.0800078958438684,-1.1196161563095335,False,14,0.5,0.0,1.0,0.0,0.7640612723787185
~/anvil/data/cve-targets/lua_repo_ldebug.c,154,149,160,if (n <= nextra) {,if (n < 0) {,"   if (n < 0) {
      *pos = ci",0.6015625,"[[1678, 565, 313, 29876, 529, 29871, 29900, 29897, 426, 13, 418, 334, 1066, 353, 4583]]","[-0.002337463665753603, -0.1827850192785263, -0.3053988218307495, -0.8968300819396973, -0.8184316158294678, -0.13487474620342255, -0.25168678164482117, -0.43202340602874756, -0.6152372360229492, -0.3221549391746521, -0.006971084978431463, -0.6979405283927917, -0.0001510267611593008, -0.00044919890933670104, -0.5643128752708435]",7.830903053283691,False,1.0,-5.23158482593135,-0.34877232172875666,15.0,-3.9687311965972185,-0.3607937451452017,11.0,0.0835869359250312,1,13,16,13,0.8125,-1.6673307342340449,-1.0782453946382318,True,8,0.5333333333333333,7.0,0.7333333333333334,2.0,1.964665676735457
~/anvil/data/cve-targets/libtiff_repo_libtiff_tif_lzw.c,704,545,732,} while (codep);,} while (--len);,			} while (--len);,1.953125,"[[12, 12, 12, 29913, 1550, 313, 489, 2435, 416, 32010, 2]]","[-0.0005133026279509068, -0.00046206763363443315, -0.00030286493711173534, -0.00988847203552723, -0.19613273441791534, -0.008609439246356487, -0.02422250434756279, -0.0017099058022722602, -0.014547590166330338, -0.24724340438842773, -5.960462772236497e-07]",12.040348052978516,False,0.0,-0.5036328816493665,-0.04578480742266968,11.0,-0.2563888812146615,-0.028487653468295723,9.0,0.0035708767577821332,1,10,12,12,0.8333333333333334,-68.56040291888758,-1.0303525648065757,True,6,0.5454545454545454,4.0,0.75,3.0,2.319503298247103
~/anvil/data/cve-targets/php_repo_ext_exif_exif.c,945,876,977,"{ 0x0079, ""IntelligentDRange""},","{ 0x0078, ""BurstShotNumber""},"," { 0x0078, ""BurstShotNumber""},
  { 0x0079",0.377197265625,"[[29871, 426, 29871, 29900, 29916, 29900, 29900, 29955, 29947, 29892, 376, 29933, 26268, 2713, 327, 4557, 10758, 13, 29871, 426, 29871, 29900, 29916, 29900, 29900, 29955, 29929]]","[-0.00037150635034777224, -0.00029571453342214227, -2.825220326485578e-05, -5.125986263010418e-06, -0.00016866691294126213, -0.00019071667338721454, -0.00023600654094479978, -0.008808565326035023, -0.8229842185974121, -2.396077979938127e-05, -0.0003355178632773459, -2.7530081272125244, -0.6490592360496521, -2.0697484016418457, -0.21056148409843445, -0.6163467764854431, -0.02992790751159191, -0.16516771912574768, -0.0003036991402041167, -0.00026127262390218675, -1.7165990357170813e-05, -1.9073468138230965e-06, -0.0001512651506345719, -8.761498611420393e-05, -7.259582343976945e-05, -0.0022513538133352995, -0.37784498929977417]",11.904977798461914,False,1.0,-7.70825976806691,-0.28549110252099663,27.0,-7.327571603032538,-0.385661663317502,19.0,0.557263333875046,0,10,14,10,0.7142857142857143,-0.9780522709473107,-1.0268714813449695,True,16,0.5925925925925926,17.0,0.5333333333333333,2.0,2.065061486471773
~/anvil/data/cve-targets/lua_repo_ldebug.c,155,149,160,*pos = ci->func - nextra + (n - 1);,*pos = ci->u.l.base + (n - 1);,"     *pos = ci->u.l.base + (n - 1);
      return NULL;
    }
",0.470947265625,"[[418, 334, 1066, 353, 4583, 976, 29884, 29889, 29880, 29889, 3188, 718, 313, 29876, 448, 29871, 29896, 416, 13, 418, 736, 4265, 29936, 13, 1678, 500, 13]]","[-0.011061065830290318, -0.2838073968887329, -0.00030655929003842175, -0.0021077815908938646, -0.41691774129867554, -0.0007892115972936153, -0.2868303060531616, -0.0003461238811723888, -0.00015007323236204684, -0.00011407678539399058, -0.07811806350946426, -0.15050171315670013, -0.17619837820529938, -0.6877720355987549, -0.2697344124317169, -0.04155319556593895, -0.0013665156438946724, -0.18727289140224457, -0.2371281236410141, -0.009573973715305328, -0.060622263699769974, -0.8223862051963806, -4.9828242481453344e-05, -0.5582099556922913, -0.0012904420727863908, -0.00018630675913300365, -0.026678793132305145]",6.934327125549316,False,3.0,-4.311073434113496,-0.159669386448648,27.0,-2.841649639318348,-0.14208248196591738,20.0,0.03158624329683511,1,24,33,27,0.7272727272727273,-3.314604721910548,-1.1026865094333391,True,16,0.5925925925925926,11.0,0.7384615384615385,7.0,1.985601986924777
~/anvil/data/cve-targets/php_repo_ext_phar_phar.c,174,162,201,if (phar->signature) {,if (phar->fname_len) {,"	if (phar->fname_len) {
		phar->",0.280517578125,"[[12, 361, 313, 561, 279, 976, 29888, 978, 29918, 2435, 29897, 426, 13, 12, 12, 561, 279, 976]]","[-0.011268426664173603, -0.013746708631515503, -0.002688723849132657, -0.0013506823452189565, -8.344646857949556e-07, -0.0002138386043952778, -1.2772462368011475, -0.10580678284168243, -0.013737654313445091, -1.8979132175445557, -0.4148128926753998, -0.002920768689364195, -0.0004589696181938052, -0.0002803409588523209, -0.00010907054820563644, -0.22060823440551758, -1.5497195136049413e-06, -0.00019643761334009469]",12.505793571472168,False,1.0,-3.9633613702883395,-0.22018674279379663,18.0,-3.742555148549968,-0.2495036765699979,15.0,0.29889591177128366,0,13,12,13,1.0833333333333333,-1.1243023829602816,-1.0424119154654472,True,9,0.5,8.0,0.7272727272727273,1.0,2.0306836888504747
~/anvil/data/cve-targets/lua_repo_lvm.c,884,786,922,}},}}," }}
/*",0.090576171875,"[[29871, 9156, 13, 5515]]","[-0.0011311330599710345, -0.18004250526428223, -0.006293241400271654, -0.07604871690273285]",10.234793663024902,True,1.0,-0.26351559662725776,-0.06587889915681444,4.0,-0.18746687972452492,-0.06248895990817497,3.0,0.0069138592399813495,0,3,5,3,0.6,-1.4494747873560077,-1.0153545076643307,False,1,0.25,0.0,1.0,0.0,0.9757580728449222
~/anvil/data/cve-targets/lua_repo_lstate.c,220,203,221,L->errfunc = 0;,L->errfunc = 0;," L->errfunc = 0;
  setobj(L",0.07257080078125,"[[29871, 365, 976, 3127, 9891, 353, 29871, 29900, 29936, 13, 29871, 731, 5415, 29898, 29931]]","[-0.030727269127964973, -0.1698523759841919, -0.0036962777376174927, -0.4413093626499176, -0.0013427060330286622, -8.368142152903602e-05, -0.0009839460253715515, -0.0005976559477858245, -0.0002760506176855415, -0.12508109211921692, -0.2122209072113037, -0.15723201632499695, -0.4982105791568756, -0.49629104137420654, -0.012239939533174038]",9.05794906616211,True,1.0,-2.1501449012648663,-0.14334299341765774,15.0,-0.9861713248756132,-0.08965193862505574,11.0,0.017894149464303812,1,10,13,10,0.7692307692307693,-0.8094727441952723,-1.0456711573227677,False,8,0.5333333333333333,0.0,1.0,0.0,0.9505417605519226
~/anvil/data/cve-targets/lua_repo_ldebug.c,438,359,568,},},   },0.0005497932434082,"[[1678, 500, 32010, 2]]","[-0.003933194559067488, -0.000558220490347594, -0.22050775587558746, -2.3841855067985307e-07]",11.236654281616213,True,0.0,-0.22499940934355322,-0.056249852335888306,4.0,-0.004491415049415082,-0.002245707524707541,2.0,2.8476124911329284e-06,0,2,2,2,1.0,-0.24481961135157157,-1.0098569582379155,False,1,0.25,0.0,1.0,0.0,0.9676378621432571
~/anvil/data/cve-targets/php_repo_ext_phar_phar.c,905,635,1125,if (manifest_len < 10 + tmp_len),if (tmp_len > (size_t)(endbuffer - buffer)),	if (tmp_len > (size_t)(endbuffer - buffer)),0.83154296875,"[[12, 361, 313, 7050, 29918, 2435, 1405, 313, 2311, 29918, 29873, 5033, 355, 9040, 448, 6835, 876, 32010, 2]]","[-0.014829520136117935, -0.7023678421974182, -0.1768338680267334, -0.9770011901855469, -6.318072337307967e-06, -9.536697689327411e-06, -1.1044368743896484, -0.8210710883140564, -0.22871756553649902, -4.768360213347478e-06, -3.2186455882765586e-06, -0.062379300594329834, -0.007456566672772169, -0.0004409771354403347, -0.005331345833837986, -0.006695810705423355, -0.09490719437599182, -0.12617313861846924, -1.0728830375228426e-06]",13.821682929992676,False,0.0,-4.328667197381151,-0.22782458933585004,19.0,-4.202492985879644,-0.2472054697576261,17.0,0.1411612153757496,1,15,23,23,0.6521739130434783,-3.3637725312683844,-1.0772746844021448,True,14,0.7368421052631579,29.0,0.4,13.0,2.0294860322897317
~/anvil/data/cve-targets/php_repo_ext_exif_exif.c,1807,1773,1852,typedef struct {,typedef struct {,"typedef struct {
",0.044464111328125,"[[1017, 9795, 1389, 2281, 426, 13]]","[-0.13262009620666504, -1.1920928244535389e-07, -1.5497195136049413e-06, -0.006492947693914175, -0.08323253691196442, -0.007563762366771698]",7.339692115783691,True,1.0,-0.22991101210811138,-0.03831850201801856,6.0,-0.22991101210811138,-0.03831850201801856,6.0,0.0026342114017583323,0,4,4,4,1.0,-1.1603822954043606,-1.091568179207593,False,3,0.5,0.0,1.0,0.0,0.7236156766207203
~/anvil/data/cve-targets/openssl_repo_crypto_bn_bn_gf2m.c,812,793,817,"ret = BN_GF2m_mod_exp_arr(r, a, b, arr, ctx);","ret = BN_GF2m_mod_exp_arr(r, a, b, arr, max, ctx);","   ret = BN_GF2m_mod_exp_arr(r, a, b, arr, max, ctx);",0.150390625,"[[1678, 3240, 353, 350, 29940, 29918, 29954, 29943, 29906, 29885, 29918, 1545, 29918, 4548, 29918, 2749, 29898, 29878, 29892, 263, 29892, 289, 29892, 3948, 29892, 4236, 29892, 12893, 416, 32010, 2]]","[-0.09634624421596527, -0.48382073640823364, -0.001520192832686007, -0.1647050678730011, -0.001134824356995523, -0.0001560327800689265, -0.011101268231868744, -0.00016151554882526398, -0.00029380773776210845, -0.0008597253472544253, -0.00020287363440729678, -0.1132509857416153, -0.0020427091512829065, -0.09969215095043182, -0.011868693865835667, -0.22849619388580322, -0.003365925280377269, -0.02389932982623577, -0.0003150205302517861, -0.0027557751163840294, -0.00017188502533826977, -0.15889622271060944, -0.0024502037558704615, -0.029990265145897865, -0.0040525225922465324, -0.5306381583213806, -0.02869071625173092, -0.01545066200196743, -0.012188360095024109, -0.2672116160392761, -1.0728830375228426e-06]",11.627145767211914,False,0.0,-2.2957307581376654,-0.07405583090766663,31.0,-2.0285180692153517,-0.0699488989384604,29.0,0.01770328432796959,0,20,22,22,0.9090909090909091,-2.150007037742089,-1.0197637496273744,True,26,0.8387096774193549,5.0,0.9473684210526316,2.0,2.1642462652357803
~/anvil/data/cve-targets/poppler_repo_poppler_XRef.cc,1483,1475,1489,gen = -1;,generation = 0;,       generation = 0;,1.3359375,"[[4706, 12623, 353, 29871, 29900, 29936, 32010, 2]]","[-0.002631655428558588, -0.5463792085647583, -0.009149646386504173, -0.017472391948103905, -0.07209467887878418, -0.006161622237414122, -0.6261448860168457, -1.1920928244535389e-07]",9.078411102294922,False,0.0,-1.2800342086702514,-0.16000427608378143,8.0,-0.6538892034441233,-0.10898153390735388,6.0,0.038816654264327635,0,7,7,7,1.0,-12.258384077578608,-1.0451363800922129,True,5,0.625,9.0,0.5833333333333333,2.0,2.131585873698533
~/anvil/data/cve-targets/libtiff_repo_libtiff_tif_print.c,518,211,627,for (i = 1; i < td->td_samplesperpixel; i++),for (i = 1; i < 4; i++),				for (i = 1; i < 4; i++),0.17724609375,"[[12, 12, 12, 12, 1454, 313, 29875, 353, 29871, 29896, 29936, 474, 529, 29871, 29946, 29936, 474, 4862, 32010, 2]]","[-0.0022832294926047325, -0.00011872540198964998, -0.00010215714428341016, -0.002884515328332782, -0.11570600420236588, -0.3770435154438019, -0.04585610702633858, -0.02078396826982498, -0.003190310439094901, -0.23051027953624725, -0.00551037909463048, -0.006382794119417667, -0.00935551431030035, -0.8587011694908142, -0.5928990244865417, -0.0078344214707613, -0.01978239044547081, -0.009760276414453983, -0.16631923615932465, -8.344646857949556e-07]",11.689846992492676,False,0.0,-2.475024852741285,-0.12375124263706425,20.0,-2.3087047821172746,-0.12826137678429303,18.0,0.05581828249323447,1,23,20,20,1.15,-1.3819132321344743,-1.0213635140546378,True,19,0.95,22.0,0.6567164179104478,4.0,2.1975044921288815
~/anvil/data/cve-targets/poppler_repo_poppler_Stream.cc,532,510,538,if (width > INT_MAX / nComps) {,if (imgLineSize < 0) {,       if (imgLineSize < 0) {,1.0322265625,"[[4706, 565, 313, 2492, 3542, 3505, 529, 29871, 29900, 29897, 426, 32010, 2]]","[-0.001867456827312708, -0.10266076773405075, -0.05170094221830368, -0.12903043627738953, -0.0003110878460574895, -0.0053439149633049965, -0.8932496309280396, -0.05659368634223938, -0.03735870495438576, -0.5149483680725098, -0.0006350646144710481, -0.03026602603495121, -3.576278118089249e-07]",10.142080307006836,False,0.0,-1.8239664444408277,-0.1403051111108329,13.0,-1.7937000607780647,-0.16306364188891498,11.0,0.07318832707138555,1,16,13,13,1.2307692307692308,-6.330206725072356,-1.0177106602935504,True,13,1.0,21.0,0.37735849056603776,6.0,2.274593247137988
~/anvil/data/cve-targets/poppler_repo_poppler_GfxState.cc,3568,3522,3593,},},       },7.68899917602539e-05,"[[4706, 500, 32010, 2]]","[-0.0015026956098154187, -7.629103492945433e-05, -0.10450607538223267, -2.3841855067985307e-07]",16.44474983215332,True,0.0,-0.10608530044552822,-0.026521325111382055,4.0,-0.001578986644744873,-0.0007894933223724365,2.0,5.086575028139022e-07,0,2,2,2,1.0,-0.09739156694726511,-1.1502865486543992,False,1,0.25,0.0,1.0,0.0,0.49637551275748154
~/anvil/data/cve-targets/sqlite3_repo_ext_misc_zipfile.c,1634,1595,1635,return a-aBuf;,return (int)(a - aBuf);," return (int)(a - aBuf);
}",0.44775390625,"[[29871, 736, 313, 524, 5033, 29874, 448, 263, 29933, 1137, 416, 13, 29913]]","[-0.0313204787671566, -1.133602499961853, -0.5510380864143372, -0.08070088922977448, -0.070160411298275, -0.039841633290052414, -0.30839231610298157, -0.0021244355011731386, -0.00015293381875380874, -2.9802276912960224e-06, -0.004380037076771259, -0.2710075080394745, -0.001980012049898505]",9.543743133544922,False,1.0,-2.4947042217781927,-0.19190032475216867,13.0,-2.4927242097282942,-0.20772701747735786,12.0,0.10445579095680596,0,8,17,16,0.47058823529411764,-2.155491912836061,-1.0330484418609382,True,7,0.5384615384615384,9.0,0.7567567567567568,8.0,2.033523372179325
~/anvil/data/cve-targets/libpng_repo_pngrutil.c,2655,2650,3067,png_uint_32 row_width = png_ptr->width;,unsigned int row_width = png_ptr->iwidth;,  unsigned int row_width = png_ptr->iwidth;,0.1572265625,"[[259, 12780, 938, 1948, 29918, 2103, 353, 282, 865, 29918, 7414, 976, 29875, 2103, 29936, 32010, 2]]","[-0.04086967557668686, -0.679665207862854, -0.001157567254267633, -0.0067070601508021355, -0.0005539313424378633, -0.0011992413783445954, -0.024423664435744286, -0.006955813616514206, -3.2066785934148356e-05, -2.1934269170742482e-05, -0.002161073498427868, -3.0397906812140718e-05, -0.9105637669563293, -0.003009792184457183, -0.023036127910017967, -0.11973869800567627, -1.5497195136049413e-06]",10.638867378234863,False,0.0,-1.8201275688539909,-0.10706632757964651,17.0,-1.700387321128801,-0.11335915474192007,15.0,0.07341495949819996,1,11,13,13,0.8461538461538461,-1.3869771952512435,-1.0051491890081836,True,18,1.0588235294117647,11.0,0.825,4.0,2.112164041061495
~/anvil/data/cve-targets/libtiff_repo_libtiff_tif_dir.c,248,246,249,{,{,"       {
               ",0.0391845703125,"[[4706, 426, 13, 18884]]","[-1.1183955669403076, -0.03895964100956917, -0.07067892700433731, -1.0006768703460693]",3.218398094177246,True,1.0,-2.2287110053002834,-0.5571777513250709,4.0,-2.2287110053002834,-0.5571777513250709,4.0,0.2542220052651913,1,2,2,2,1.0,-0.07032687543483548,-1.2100330936633716,False,1,0.25,0.0,1.0,0.0,0.30251230743383517
~/anvil/data/cve-targets/libtiff_repo_libtiff_tif_predict.c,544,536,566,uint8_t *tmp;,uint8_t *tmp;,	uint8_t *tmp;,0.0440673828125,"[[12, 13470, 29947, 29918, 29873, 334, 7050, 29936, 32010, 2]]","[-0.23624034225940704, -0.04587489739060402, -0.002461144234985113, -0.0002101439022226259, -0.00012885693286079913, -0.20318898558616638, -0.023633915930986404, -0.03295497968792915, -0.6604229211807251, -2.3841855067985307e-07]",9.322001457214355,True,0.0,-1.2051164255244373,-0.12051164255244373,10.0,-0.5446932659251615,-0.06808665824064519,8.0,0.007970516975740895,1,7,7,7,1.0,-0.647224932919287,-1.0387910917955778,False,7,0.7,0.0,1.0,0.0,0.9347222097039427
~/anvil/data/cve-targets/php_repo_ext_phar_phar.c,701,635,1125,"PHAR_GET_32(buffer, manifest_count);",/* extract manifest count */,"	/* extract manifest count */
	PHAR_GET_32(buffer, manifest_count);
	if",0.33544921875,"[[12, 5515, 6597, 10419, 2302, 3776, 13, 12, 19689, 1718, 29918, 7194, 29918, 29941, 29906, 29898, 9040, 29892, 10419, 29918, 2798, 416, 13, 12, 361]]","[-0.08981747925281525, -1.1288775205612183, -2.46014404296875, -0.7507555484771729, -0.5999360084533691, -0.33185961842536926, -0.004726547282189131, -0.0018435402307659388, -0.15620459616184235, -3.933898824470816e-06, -8.583032467868179e-06, -6.317892984952778e-05, -1.3589766240329482e-05, -0.06722187250852585, -2.861018856492592e-06, -0.0008671099785715342, -0.009009423665702343, -0.004106423351913691, -0.022532744333148003, -3.576278118089249e-07, -0.008826525881886482, -0.00048411093303002417, -0.2323547899723053, -0.019829371944069862, -0.5061736106872559]",13.566177368164062,False,2.0,-6.395663389343952,-0.25582653557375806,25.0,-5.36796030565165,-0.6709950382064562,8.0,0.5958224088525472,1,11,13,2,0.8461538461538461,-0.49992801682504656,-1.0704153732895882,True,15,0.6,23.0,0.5,10.0,1.9232727263438967
~/anvil/data/cve-targets/openssl_repo_crypto_pkcs7_pk7_doit.c,331,310,546,const char *propq;,const char *propq = NULL;,"   const char *propq = NULL;

   ",0.34619140625,"[[1678, 1040, 1373, 334, 7728, 29939, 353, 4265, 29936, 13, 13, 1678]]","[-0.0728137195110321, -0.3079673945903778, -0.005480977240949869, -0.00041797960875555873, -0.0007546676206402481, -2.276871418871451e-05, -0.1879991888999939, -0.17741245031356812, -0.001374729792587459, -0.002066026208922267, -0.0578501857817173, -0.008171104826033115]",16.92015838623047,False,2.0,-0.8223311931087665,-0.06852759942573054,12.0,-0.8223311931087665,-0.06852759942573054,12.0,0.009505216582662741,1,9,13,13,0.6923076923076923,-5.051853693272861,-1.1640395168672706,True,6,0.5,7.0,0.8372093023255813,4.0,1.5882229721567889
~/anvil/data/cve-targets/openssl_repo_crypto_asn1_a_int.c,130,88,161,if (blen == 0),if (blen == 0),   if (blen == 0),0.164306640625,"[[1678, 565, 313, 2204, 264, 1275, 29871, 29900, 29897, 32010, 2]]","[-0.015219980850815773, -0.2571346163749695, -0.17927654087543488, -0.5845471620559692, -6.6756979322235566e-06, -0.06614671647548676, -0.0034898349549621344, -0.018125494942069054, -0.20250354707241058, -0.11676441878080368, -1.1920928244535389e-07]",13.594727516174316,True,0.0,-1.4432151072901362,-0.1312013733900124,11.0,-1.3264505693000501,-0.14738339658889446,9.0,0.032268035384167344,1,12,12,12,1.0,-1.1148246303707505,-1.071179658946496,False,8,0.7272727272727273,0.0,1.0,0.0,0.9031716610489232
~/anvil/data/cve-targets/openssl_repo_crypto_x509_x509_req.c,39,19,51,pktmp = X509_get0_pubkey(x);,if (x->req_extensions != NULL) {,"   if (x->req_extensions != NULL) {
        if (!X509V3_EXT_REQ_",0.144287109375,"[[1678, 565, 313, 29916, 976, 7971, 29918, 24299, 2804, 4265, 29897, 426, 13, 4706, 565, 5384, 29990, 29945, 29900, 29929, 29963, 29941, 29918, 12194, 29918, 1525, 29984, 29918]]","[-0.09893452376127243, -0.7962133288383484, -0.5643404722213745, -0.5612891912460327, -0.0018818541429936886, -0.513968288898468, -0.0002337421028641984, -0.362068235874176, -0.5506833791732788, -0.0005079409456811845, -0.1773633360862732, -0.1535802185535431, -0.0011033882619813085, -0.003923339303582907, -0.5704668164253235, -0.33408424258232117, -0.05939149111509323, -4.577531944960356e-05, -5.483612312673358e-06, -2.264974000354414e-06, -0.058877646923065186, -1.0013530300057027e-05, -9.202533692587167e-05, -0.5072890520095825, -0.00040165462996810675, -0.5548328161239624, -0.035030875355005264, -0.0007594323833473027]",10.347301483154297,False,1.0,-5.907380829730528,-0.21097788677609028,28.0,-3.7860912394098705,-0.27043508852927645,14.0,0.07192511460061142,1,12,19,17,0.631578947368421,-0.5335369391586179,-1.012502637208194,True,17,0.6071428571428571,30.0,0.19999999999999996,17.0,2.0966696564862337
~/anvil/data/cve-targets/openssl_repo_crypto_evp_encode.c,247,242,250,ctx->length = 0;,ctx->line_num = 0;,"   ctx->line_num = 0;
    ctx",0.332275390625,"[[1678, 12893, 976, 1220, 29918, 1949, 353, 29871, 29900, 29936, 13, 1678, 12893]]","[-0.0031237637158483267, -0.031146584078669548, -0.0008998635457828641, -1.0313003063201904, -0.0071684070862829685, -0.25389450788497925, -0.004536456428468227, -0.017722230404615402, -0.04191678389906883, -0.0006607971154153347, -0.0035082479007542133, -0.04557197168469429, -0.026759808883070946]",10.594781875610352,False,1.0,-1.4682097289478406,-0.11293920991906467,13.0,-1.4414499200647697,-0.12012082667206414,12.0,0.08000898942325546,0,10,13,10,0.7692307692307693,-2.7661763561795025,-1.0062576123937599,True,7,0.5384615384615384,6.0,0.7647058823529411,1.0,2.126641253806521
~/anvil/data/cve-targets/libpng_repo_png.c,4019,4009,4022,"(void)png_safe_execute(image, png_image_free_function, image);","png_safe_execute(image->opaque, png_image_free_fn, image);","     png_safe_execute(image->opaque, png_image_free_fn, image);",0.72509765625,"[[418, 282, 865, 29918, 11177, 29918, 7978, 29898, 3027, 976, 459, 19772, 29892, 282, 865, 29918, 3027, 29918, 9021, 29918, 9144, 29892, 1967, 416, 32010, 2]]","[-0.024638274684548378, -0.2841356694698334, -0.0005981324939057231, -0.003677512053400278, -0.49733394384384155, -0.0017501289257779717, -0.08052492886781693, -0.10685397684574127, -0.7926839590072632, -0.29810670018196106, -0.08672167360782623, -0.0010938619961962104, -0.2297922521829605, -1.0049115419387817, -0.0004959068610332906, -0.011573554016649723, -0.11236006766557693, -0.002812479855492711, -0.2767070233821869, -0.20442165434360504, -0.8191622495651245, -0.0613744892179966, -0.3345453143119812, -0.26314777135849, -0.6380451321601868, -1.1920928244535389e-07]",6.259796142578125,False,0.0,-6.1374683180474605,-0.23605647377105618,26.0,-5.499423066677991,-0.22914262777824965,24.0,0.07753832133319506,1,18,16,16,1.125,-3.164394435380682,-1.1214390853424254,True,22,0.8461538461538461,20.0,0.8333333333333334,9.0,1.8974173350827992
~/anvil/data/cve-targets/libxml2_repo_parser.c,12664,12590,12769,xmlFree((xmlChar *) ctxt->encoding);,xmlFree((xmlChar *) ctxt->encoding);,	    xmlFree((xmlChar *) ctxt->encoding);,0.100830078125,"[[12, 1678, 4903, 20475, 3552, 3134, 5914, 4748, 274, 3945, 976, 22331, 416, 32010, 2]]","[-0.21370209753513336, -0.00558210164308548, -0.014193889684975147, -0.06068935617804527, -0.289895236492157, -0.7066434025764465, -0.0009726322605274618, -0.010294788517057896, -0.021269559860229492, -3.4450891689630225e-05, -1.8000440832111053e-05, -0.002428084844723344, -0.00023719835735391825, -0.11812640726566315, -7.152555099310121e-07]",7.21077823638916,True,0.0,-1.4440879218034297,-0.09627252812022864,15.0,-1.3259607992822566,-0.10199698456017359,13.0,0.03832998695476652,0,19,19,19,1.0,-0.9885594026117,-1.0950918114365562,False,11,0.7333333333333333,0.0,1.0,0.0,0.8917657420273024
~/anvil/data/cve-targets/php_repo_ext_exif_exif.c,2939,2911,2994,if (maker_note->offset >= value_len) {,if (i>sizeof(maker_note_array)/sizeof(maker_note_type)) {,"	if (i>sizeof(maker_note_array)/sizeof(maker_note_type)) {
	",0.294189453125,"[[12, 361, 313, 29875, 29958, 17921, 29898, 28107, 29918, 6812, 29918, 2378, 6802, 17921, 29898, 28107, 29918, 6812, 29918, 1853, 876, 426, 13, 12]]","[-0.0679088905453682, -0.08440978825092316, -0.383295476436615, -0.5233497619628906, -0.8709378242492676, -0.06724706292152405, -0.00013648532330989838, -0.00019059749320149422, -7.152555099310121e-07, -1.2278481335670222e-05, -8.141662692651153e-05, -9.881961887003854e-05, -0.00437386566773057, -0.00010966652916977182, -4.649054244509898e-05, -0.00028606137493625283, -2.3841830625315197e-06, -1.0132738680113107e-05, -2.288792165927589e-05, -8.964136941358447e-05, -0.03778064623475075, -0.14880682528018951, -0.029831182211637497, -0.5237076282501221]",13.144843101501465,False,1.0,-2.742736529469539,-0.11428068872789747,24.0,-2.742736529469539,-0.11428068872789747,24.0,0.04920457506883039,1,16,26,26,0.6153846153846154,-2.5742709148827903,-1.0591994805820468,True,13,0.5416666666666666,35.0,0.5052631578947369,16.0,2.0107561155865827
~/anvil/data/cve-targets/libpng_repo_pngset.c,1095,943,1245,},},"}
",0.0016632080078125,"[[29913, 13, 32010]]","[-0.0016373097896575928, -0.025456981733441353, -1.1550118923187256]",13.286554336547852,True,1.0,-1.1821061838418245,-0.3940353946139415,3.0,-0.027094291523098946,-0.013547145761549473,2.0,0.0001418441928773698,0,2,2,2,1.0,-0.12277183969874614,-1.062958647265943,False,1,0.3333333333333333,0.0,1.0,0.0,0.7896541289702569
~/anvil/data/cve-targets/libsndfile_repo_src_ulaw.c,207,55,357,"0xaa, 0xaa, 0xaa, 0xaa, 0xaa, 0xaa, 0xaa, 0xaa, 0xaa, 0xaa, 0xaa, 0xaa,","0xaa, 0xaa, 0xaa, 0xaa, 0xaa, 0xaa, 0xaa, 0xaa, 0xaa, 0xaa, 0xaa, 0xaa,","	0xaa, 0xaa, 0xaa, 0xaa, 0xaa, 0xaa, 0xaa, 0xaa, 0xaa, 0xaa, 0xaa, 0xaa,
	0xaa, 0xaa, 0xaa, 0xaa, 0xaa, 0xaa, 0",0.0015907287597656,"[[12, 29900, 29916, 7340, 29892, 29871, 29900, 29916, 7340, 29892, 29871, 29900, 29916, 7340, 29892, 29871, 29900, 29916, 7340, 29892, 29871, 29900, 29916, 7340, 29892, 29871, 29900, 29916, 7340, 29892, 29871, 29900, 29916, 7340, 29892, 29871, 29900, 29916, 7340, 29892, 29871, 29900, 29916, 7340, 29892, 29871, 29900, 29916, 7340, 29892, 29871, 29900, 29916, 7340, 29892, 29871, 29900, 29916, 7340, 29892, 13, 12, 29900, 29916, 7340, 29892, 29871, 29900, 29916, 7340, 29892, 29871, 29900, 29916, 7340, 29892, 29871, 29900, 29916, 7340, 29892, 29871, 29900, 29916, 7340, 29892, 29871, 29900, 29916, 7340, 29892, 29871, 29900]]","[-0.0004010588163509965, -6.687417771900073e-05, -0.07327747344970703, -0.006172521971166134, -3.2305197237292305e-05, -2.1815061700181104e-05, -9.536738616588991e-07, -0.00464135454967618, -0.00031919151660986245, -0.0002379134384682402, -1.1205610462639015e-05, -3.576278118089249e-07, -0.0006905793561600149, -8.260862523457035e-05, -9.63164638960734e-05, -2.5152843591058627e-05, -3.576278118089249e-07, -0.0009357126546092331, -0.00010954733443213627, -9.953480184776708e-05, -3.313963316031732e-05, -4.768370445162873e-07, -0.00018988236843142658, -7.772143726469949e-05, -7.021180499577895e-05, -4.672895011026412e-05, -4.768370445162873e-07, -0.0001685477327555418, -8.666139910928905e-05, -8.21318244561553e-05, -4.7205765440594405e-05, -5.960462772236497e-07, -0.00038771264371462166, -0.00011872540198964998, -0.0001212284987559542, -6.937739817658439e-05, -1.7881377516459906e-06, -0.0006261295638978481, -0.00016127715934999287, -0.00013517419574782252, -0.00016246906307060272, -1.1920922133867862e-06, -0.00014518637908622622, -0.00010275312524754554, -0.00012540031457319856, -8.868777513271198e-05, -9.536738616588991e-07, -0.00011872540198964998, -0.00011324241495458409, -0.00012027494085486978, -0.00013362467871047556, -1.0728830375228426e-06, -0.0002602000313345343, -0.0002236116270069033, -0.0001932195882545784, -0.0015372138004750013, -5.8412379075889476e-06, -0.0005318895564414561, -0.00043811736395582557, -0.000302030734019354, -0.30934834480285645, -5.8887653722194955e-05, -5.364403477869928e-06, -0.00021836756786797196, -0.00010096516780322418, -7.271740287251305e-06, -5.602820692729438e-06, -1.1920928244535389e-07, -3.111314072157256e-05, -5.400034933700226e-05, -2.038458114839159e-05, -6.318072337307967e-06, -2.3841855067985307e-07, -7.30726242181845e-05, -6.997340824455023e-05, -1.0847986231965479e-05, -7.271740287251305e-06, -1.0728830375228426e-06, -8.77341881277971e-05, -0.0001062098381225951, -7.629365427419543e-06, -1.0609570381348021e-05, -3.576278118089249e-07, -4.768258077092469e-05, -9.321732068201527e-05, -6.556489552167477e-06, -9.298280929215252e-06, -1.1920928244535389e-07, -5.9960475482512265e-05, -8.749579137656838e-05, -9.059865078597795e-06, -1.2993727978027891e-05, -2.3841855067985307e-07]",12.503559112548828,True,1.0,-0.4048121144356145,-0.004352818434791554,93.0,-0.40366096757253445,-0.006510660767298943,62.0,0.0015887611231976341,0,25,38,25,0.6578947368421053,-0.2443267767467388,-1.0423536864266845,False,60,0.6451612903225806,0.0,1.0,0.0,1.1201412171372844
~/anvil/data/cve-targets/libsndfile_repo_src_paf.c,155,121,206,} ;,} ;,"		} ;
	psf_",0.06268310546875,"[[12, 12, 29913, 2056, 13, 12, 567, 29888, 29918]]","[-0.0010700459824874997, -0.0013828248484060168, -0.005690446589142084, -0.11965832114219666, -0.016909237951040268, -0.058765023946762085, -0.29454419016838074, -0.00014125302550382912, -0.41283348202705383]",13.911857604980469,True,1.0,-0.910994825680973,-0.1012216472978859,9.0,-0.2034759004600346,-0.033912650076672435,6.0,0.0018653992600217316,1,4,5,4,0.8,-1.8483694234166606,-1.0797059962703823,False,2,0.2222222222222222,0.0,1.0,0.0,0.7664933650898824
~/anvil/data/cve-targets/poppler_repo_poppler_Annot.cc,5212,5193,5241,if (path->getCoordsLength() != 0) {,if (path->getCoordsLength() > 1) {,           if (path->getCoordsLength() > 1) {,0.412109375,"[[9651, 565, 313, 2084, 976, 657, 7967, 4339, 6513, 580, 1405, 29871, 29896, 29897, 426, 32010, 2]]","[-0.0025185791309922934, -0.10990077257156372, -0.09434359520673752, -0.04481881856918335, -0.21006371080875397, -0.16298922896385193, -0.17184162139892578, -0.0008283997885882854, -0.0017074067145586014, -0.06411626189947128, -0.47195863723754883, -0.0005004345439374447, -0.4199090600013733, -0.019708756357431412, -0.0007013006834313273, -0.2636910676956177, -2.145764938177308e-06]",11.848023414611816,False,0.0,-2.039599797336905,-0.11997645866687676,17.0,-1.775906583876349,-0.11839377225842326,15.0,0.021102115057212708,1,20,20,20,1.0,-3.48083659417888,-1.0254104009656446,True,14,0.8235294117647058,3.0,0.927536231884058,2.0,2.1894956996852057
~/anvil/data/cve-targets/libxml2_repo_xmlmemory.c,768,736,772,},},"	}
    } else",0.0180206298828125,"[[12, 29913, 13, 1678, 500, 1683]]","[-0.021987127140164375, -0.01781170256435871, -0.6816466450691223, -0.5641288161277771, -0.003844253486022353, -0.24404312670230865]",6.656961441040039,True,1.0,-1.5334616710897535,-0.2555769451816256,6.0,-1.2855742909014225,-0.3213935727253556,4.0,0.09262721151779063,0,2,4,2,0.5,-0.05607028706268463,-1.1103592656428791,False,1,0.16666666666666666,0.0,1.0,0.0,0.6333733677387015
