file,masked_line_no,cntx_start,cntx_end,masked_line,prediction,whole_prediction,loss,generated_tokens,log_prob_scores,first_token_var,exact_match,num_generated_lines,log_seq_prob,normalized_seq_prob,generated_token_length,log_seq_prob_first_line,normalized_log_seq_prob_first_line,first_line_length,seq_prob_first_line_var,vul_label,mask_ast_complexity,pred_ast_complexity,first_line_pred_ast_complexity,mask_pred_ast_ratio,loss_to_pred_ratio,scaled_first_token_var,neg_exact_match,masked_line_token_length,length_ratio,lev_dist,lev_ratio,ast_dist,new_score
~/anvil/data/cve-targets/libxml2_repo_parser.c,3215,3152,3216,"return(xmlDictLookup(ctxt->dict, (end - len), len));",if (len == 0),"    if (len == 0)
	return(NULL);
    ctxt->input->cur = end;
    return(xmlDictLookup",0.8730890154838562,"[[315, 562, 334, 6446, 7400, 15, 8, 185, 3404, 7, 14589, 477, 185, 315, 258, 9313, 12, 29, 3584, 12, 29, 1862, 405, 1223, 26, 185, 315, 967, 7, 7056, 35, 965, 9610, 393]]","[-0.07700876146554947, -1.046399474143982, -0.14670991897583008, -1.04103422164917, -0.8994314074516296, -0.011834177188575268, -0.0030730189755558968, -0.5772494077682495, -0.4190831780433655, -0.016792841255664825, -0.043070822954177856, -0.00022968991834204644, -0.02207178808748722, -0.09634288400411606, -1.5873092412948608, -0.01176148746162653, -0.00031382881570607424, -2.861018856492592e-06, -0.2242370992898941, -0.008992175571620464, -3.4570634852570947e-06, -0.14413613080978394, -0.05106624215841293, -0.0325942300260067, -0.013309326022863388, -0.032634615898132324, -0.0996994823217392, -1.399275779724121, -0.5173087120056152, -0.33583492040634155, -0.5083262920379639, -0.004211960360407829, -0.13050390779972076, -1.7881377516459906e-06]",7.520877361297607,False,3.0,-9.501855130106605,-0.2794663273560766,34.0,-3.8027403876185417,-0.4753425484523177,8.0,0.19261214744040805,1,26,33,12,0.7878787878787878,-1.8367575516363375,-1.0481945956534233,True,21,0.6176470588235294,44.0,0.24615384615384617,23.0,2.3048065039204664
~/anvil/data/cve-targets/sqlite3_repo_ext_misc_zipfile.c,1509,1401,1575,nPath++;,nPath = (int)strlen,          nPath = (int)strlen,0.3223673701286316,"[[1574, 291, 4693, 405, 334, 569, 8, 2006, 6446]]","[-0.0015101945027709007, -0.024993648752570152, -7.724463648628443e-05, -0.7434853911399841, -0.2922169864177704, -0.006352589000016451, -0.023307988420128822, -0.005835401825606823, -0.0011428022990003228]",11.45872402191162,False,0.0,-1.0989222469943343,-0.12210247188825936,9.0,-1.0989222469943343,-0.12210247188825936,9.0,0.056136235108171534,1,6,12,12,0.5,-2.6401379525194404,-1.0527196043018692,True,4,0.4444444444444444,14.0,0.37037037037037035,9.0,1.9304228401354224
~/anvil/data/cve-targets/libxml2_repo_valid.c,1205,1186,1278,case XML_ELEMENT_CONTENT_ELEMENT: {,case XML_ELEMENT_CONTENT_ELEMENT: {,        case XML_ELEMENT_CONTENT_ELEMENT: {,0.120392732322216,"[[436, 1452, 17170, 62, 36, 29174, 62, 25563, 4208, 62, 36, 29174, 25, 507, 32014]]","[-0.4433993101119995, -0.004385853186249733, -0.0007241725688800216, -1.0609570381348021e-05, -6.687417771900073e-05, 0.0, -3.576278118089249e-07, -0.0002325502864550799, -1.0728830375228426e-06, -3.2305197237292305e-05, -0.13529415428638458, -0.12921442091464996, -0.0014959108084440231, -0.23606929183006287, -0.5802459120750427]",7.199478149414063,True,0.0,-0.9509268834493128,-0.06792334881780805,14.0,-0.9509268834493128,-0.0731482218037933,13.0,0.01591174662121778,1,6,6,6,1.0,-1.645873670656649,-1.0566507455813656,False,13,0.9285714285714286,0.0,1.0,0.0,0.8682093607017908
~/anvil/data/cve-targets/php_repo_ext_phar_util.c,1391,1252,1478,PHP_SHA256_CTX context;,PHP_SHA256_CTX context;,			PHP_SHA256_CTX context;,0.0087823225185275,"[[459, 184, 24080, 62, 8019, 32, 17, 20, 21, 62, 2068, 55, 3723, 26, 32014]]","[-0.0005092516075819731, -0.00013684290752280504, -0.0006393534131348133, -8.106198947643861e-06, -4.7801782784517854e-05, -1.4305104514278355e-06, -0.0003137096355203539, -0.00013815402053296566, -1.5497195136049413e-06, -0.00015662873920518905, -6.0794889577664435e-05, -1.9073468138230965e-06, -0.09261504560709, -8.749579137656838e-05, -0.002963082632049918]",14.59500789642334,True,0.0,-0.09471807217005335,-0.006765576583575239,14.0,-0.09471807217005335,-0.006765576583575239,14.0,0.000566969062916145,1,5,5,5,1.0,-1.2980892921747877,-1.1385824364402495,False,12,0.8571428571428571,0.0,1.0,0.0,0.5324046948878715
~/anvil/data/cve-targets/libtiff_repo_libtiff_tif_predict.c,26,-129,176,*,*," *
 *",0.0299758035689592,"[[572, 185, 572]]","[-0.029975803568959236, -0.5739167928695679, -0.00650881789624691]",18.194486618041992,True,1.0,-0.610401414334774,-0.20346713811159134,3.0,-0.6038925964385271,-0.30194629821926355,2.0,0.07396794996033121,0,2,3,2,0.6666666666666666,-0.09927528088849677,-1.2457913866226173,False,1,0.3333333333333333,0.0,1.0,0.0,0.11345332501363692
~/anvil/data/cve-targets/libsndfile_repo_src_double64.c,76,70,214,if (psf->sf.channels < 1),if (psf->sf.channels < 1 || psf->sf.channels,	if (psf->sf.channels < 1 || psf->sf.channels,0.3376115560531616,"[[2944, 334, 829, 69, 12, 29, 5274, 13, 358, 9982, 8086, 16, 1550, 265, 5274, 12, 29, 5274, 13, 358, 9982]]","[-0.6769186854362488, -0.09867209941148758, -0.05417769029736519, -6.210611172718927e-05, -0.08851467072963715, -1.6689286894688848e-06, -0.9057072997093201, -0.002745432546362281, -0.1428963541984558, -9.917721035890281e-05, -1.190858244895935, -0.07434908300638199, -0.4036117494106293, -0.012154324911534786, -1.1920928244535389e-07, -0.00013207517622504383, -9.536738616588991e-07, -0.0027069137431681156, -1.680836794548668e-05, -0.00177952169906348, -2.0265558760002023e-06]",4.756249904632568,False,0.0,-3.6554070052295558,-0.17406700024902647,21.0,-3.6554070052295558,-0.17406700024902647,21.0,0.1080906613342586,1,18,22,22,0.8181818181818182,-1.9395494583704118,-1.1232035758977028,True,13,0.6190476190476191,20.0,0.6956521739130435,11.0,1.8140728908628752
~/anvil/data/cve-targets/lua_repo_ldo.c,446,291,596,"** to be executed, if it was a Lua function. Otherwise (a C function)","** for the call, or NULL if the call is a C function.","** for the call, or NULL if the call is a C function.
** If the function is a C function, it is called and the",1.1961817741394043,"[[742, 327, 254, 1280, 11, 409, 4579, 562, 254, 1280, 317, 245, 339, 1155, 13, 185, 742, 1271, 254, 1155, 317, 245, 339, 1155, 11, 359, 317, 2414, 285, 254]]","[-0.03875530883669853, -1.5804413557052612, -0.23511762917041779, -0.9020058512687683, -1.0671412944793701, -0.7678170204162598, -0.33475789427757263, -0.309849351644516, -1.1187243461608887, -0.7674639225006104, -1.0461633205413818, -1.327509880065918, -1.4175753593444824, -0.20402279496192932, -0.7302532196044922, -1.1833401918411255, -0.07325176894664764, -1.651323676109314, -1.1165845394134521, -0.848548412322998, -0.44979536533355713, -0.25096017122268677, -0.6037001013755798, -0.050512176007032394, -0.1271214336156845, -1.6712980270385742, -0.7351175546646118, -0.5233958959579468, -1.1715776920318604, -1.0045392513275146]",14.850520133972168,False,1.0,-23.308664806187153,-0.7769554935395717,30.0,-13.030938740819693,-0.8144336713012308,16.0,0.21085960007467242,0,24,39,20,0.6153846153846154,-1.468728290946333,-1.1458787590258859,True,19,0.6333333333333333,41.0,0.540983606557377,24.0,2.003481153132617
~/anvil/data/cve-targets/sqlite3_repo_src_vdbemem.c,1078,1001,1083,#endif,#endif,"#endif
 ",0.0165709070861339,"[[2, 9239, 185, 207]]","[-0.016657555475831032, -0.016470657661557198, -0.25796133279800415, -0.06253518909215927]",14.060980796813965,True,1.0,-0.35362473502755165,-0.08840618375688791,4.0,-0.35362473502755165,-0.08840618375688791,4.0,0.009935210626530709,0,2,3,2,0.6666666666666666,-0.1874405882251741,-1.1234826102727775,False,2,0.5,0.0,1.0,0.0,0.555075345211666
~/anvil/data/cve-targets/libxml2_repo_xmlstring.c,649,628,685,goto error;,goto error;,                goto error;,9.011491056298836e-05,"[[1044, 2138, 78, 2179, 26, 32014]]","[-0.010753540322184563, -0.00021217002358753234, -9.536738616588991e-07, -0.00012766500003635883, -2.8371408916427754e-05, -0.016314569860696793]",6.968923568725586,True,0.0,-0.01112270042858654,-0.002224540085717308,5.0,-0.01112270042858654,-0.002224540085717308,5.0,1.8191571362702914e-05,0,5,5,5,1.0,-0.04050945682731116,-1.062758723188614,False,3,0.6,0.0,1.0,0.0,0.8060918122848684
~/anvil/data/cve-targets/sqlite3_repo_src_window.c,870,847,878,pSub->flags &= ~(EP_IntValue|EP_IsTrue|EP_IsFalse);,pSub->flags &= ~EP_xIsInt;,          pSub->flags &= ~EP_xIsInt;,1.0470589399337769,"[[1574, 265, 5716, 12, 29, 17614, 573, 4084, 93, 16903, 62, 87, 3098, 3373, 26, 32014]]","[-0.039887912571430206, -0.4267432689666748, -0.048570748418569565, -0.004146312829107046, -3.099436753473128e-06, -1.5372967720031738, -0.7947936058044434, -0.07004482299089432, -0.034095894545316696, -0.44453972578048706, -0.03206354379653931, -1.8268744945526123, -0.03357430547475815, -0.8604831099510193, -0.37962019443511963, -0.6414287090301514]",9.766536712646484,False,0.0,-6.532737811556899,-0.4355158541037933,15.0,-6.532737811556899,-0.4355158541037933,15.0,0.31758648662408784,1,21,12,12,1.75,-2.4041809960935177,-1.0091135096770831,True,24,1.6,28.0,0.5974025974025974,10.0,2.431388236305762
~/anvil/data/cve-targets/php_repo_ext_exif_exif.c,4354,4297,4370,exif_scan_thumbnail(&ImageInfo);,exif_discard_imageinfo(&ImageInfo);,"			exif_discard_imageinfo(&ImageInfo);
			RETURN_FALSE",1.1598719358444214,"[[459, 184, 790, 351, 62, 2401, 9291, 62, 5468, 4895, 9299, 6635, 4580, 477, 185, 459, 184, 26059, 23711, 62, 31755]]","[-0.07348550856113434, -0.06679166108369827, -0.9292391538619995, -0.00013648532330989838, -0.0005659647285938263, -0.1073436439037323, -9.595887240720913e-05, -5.340433563105762e-05, -0.0026110862381756306, -5.090107151772827e-05, -0.00027426297310739756, -1.3589766240329482e-05, -1.2040065485052764e-05, -0.00016389934171456844, -0.010929010808467865, -0.011519582942128181, -0.03571632504463196, -0.303345650434494, -0.00020037073409184813, -5.6503606174374e-05, -0.292996883392334]",9.935589790344238,False,1.0,-1.8356018870890694,-0.08740961367090806,21.0,-1.2390024789219751,-0.07288249876011618,17.0,0.04682957564731319,1,11,14,11,0.7857142857142857,-15.914272364096597,-1.0133873783125023,True,11,0.5238095238095238,13.0,0.7462686567164178,1.0,2.3289731033839014
~/anvil/data/cve-targets/lua_repo_ldebug.c,788,747,794,L->hookcount = 1;  /* undo decrement to zero */,"luaD_hook(L, LUA_HOOKCOUNT, -1, 0, 0);  /* call","      luaD_hook(L, LUA_HOOKCOUNT, -1, 0, 0);  /* call",1.373226523399353,"[[730, 284, 5713, 35, 62, 18863, 7, 43, 11, 412, 24184, 62, 11317, 9516, 27171, 11, 567, 16, 11, 207, 15, 11, 207, 15, 477, 207, 4535, 1280]]","[-0.0022902467753738165, -0.7368028163909912, -0.014823177829384804, -0.5211926698684692, -0.000325388420606032, -1.0071406364440918, -0.024327799677848816, -0.0007743220776319504, -0.0004768426588270813, -0.002474224893376231, -5.006777428206988e-06, -1.883488948806189e-05, -0.0008690156391821802, -0.0001618731184862554, -0.027436450123786926, -0.00045348849380388856, -0.2482617348432541, -0.02109484374523163, -0.002338058315217495, -0.020844796672463417, -0.08961815387010574, -0.0030384347774088383, -0.005948578007519245, -0.06278219819068909, -0.00047064671525731683, -0.05096791312098503, -0.00035363141796551645, -0.2783498466014862]",11.818620681762695,False,0.0,-3.12364163035636,-0.11155862965558429,28.0,-3.12364163035636,-0.11155862965558429,28.0,0.05844907451895297,0,11,23,23,0.4782608695652174,-12.30946030476463,-1.0622340997890016,True,17,0.6071428571428571,43.0,0.2978723404255319,21.0,2.201948317186803
~/anvil/data/cve-targets/openssl_repo_crypto_pkcs7_pk7_doit.c,793,784,824,X509 *x509;,X509 *x509;,"    X509 *x509;
    /*
     * We",0.0327112786471843,"[[315, 1439, 20, 15, 24, 572, 87, 20, 15, 24, 26, 185, 315, 4535, 185, 251, 572, 998]]","[-0.003418318461626768, -0.03291310742497444, -4.291525328881107e-06, -5.722029527532868e-06, -2.8609820219571702e-05, -0.004416236653923988, -0.002016893122345209, -0.0001282609737245366, -3.659658250398934e-05, -4.708655978902243e-05, -0.2576163411140442, -0.2860153317451477, -0.2595210075378418, -0.5339818000793457, -2.772468328475952, -0.009420821443200111, -0.002734376350417733, -1.9909604787826538]",9.67469596862793,True,2.0,-6.155733608682567,-0.34198520048236486,18.0,-0.8461678035509976,-0.06508983104238443,13.0,0.012427979431663572,1,7,12,7,0.5833333333333334,-0.5025559004122128,-1.0067992241269053,False,10,0.5555555555555556,0.0,1.0,0.0,1.040067006159485
~/anvil/data/cve-targets/sqlite3_repo_src_resolve.c,184,173,190,assert( pExTab!=0 );,if( pExTab ){,"  if( pExTab ){
    result = sqlite3Col",3.111274480819702,"[[207, 562, 7, 265, 1488, 14249, 2189, 90, 185, 315, 1228, 405, 15313, 547, 18, 2608]]","[-0.3786100447177887, -0.6888914108276367, -0.008569137193262577, -0.3665572702884674, -0.026879576966166496, -0.0005022218101657927, -0.48819416761398315, -0.241935595870018, -0.038913436233997345, -0.03416766971349716, -0.9193097949028015, -0.040372446179389954, -0.85832279920578, -0.0023660066071897745, -0.0034123784862458706, -1.299074411392212]",9.174304962158203,False,1.0,-5.396078368008602,-0.33725489800053765,16.0,-2.2732205312349834,-0.22732205312349835,10.0,0.053587227292314646,1,12,11,10,1.0909090909090908,-13.686637253489106,-1.0057500298386393,True,9,0.5625,10.0,0.6060606060606061,10.0,2.8310678849832964
~/anvil/data/cve-targets/sqlite3_repo_src_shell.c.in,9328,9173,9478,"utf8_printf(p->out, ""%12.12s: %s\n"",""stats"", zOut);","utf8_printf(p->out, ""%12.12s: %s\n"", ""stats"", zOut);","    utf8_printf(p->out, ""%12.12s: %s\n"", ""stats"", zOut);
    utf8_printf(p->out, ""%12",0.0647802799940109,"[[315, 31979, 23, 62, 17186, 7, 79, 12, 29, 406, 11, 23201, 16, 17, 13, 16, 17, 82, 25, 3018, 82, 59, 77, 950, 440, 16204, 950, 1670, 5052, 477, 185, 315, 31979, 23, 62, 17186, 7, 79, 12, 29, 406, 11, 23201, 16, 17]]","[-0.005127731245011091, -0.009247920475900173, -1.0728830375228426e-06, -6.556489552167477e-06, -1.3112935448589269e-05, -3.6238969187252223e-05, -0.0008303055074065924, -2.3364747903542593e-05, -3.2066785934148356e-05, -9.059865078597795e-06, -0.6327180862426758, -0.0057305097579956055, -0.0005418977816589177, -9.297892393078655e-05, -0.00031025364296510816, -1.1324817933200393e-05, -1.6927575416048057e-05, -1.9907753085135482e-05, -0.0003225283289793879, -0.00938078761100769, -0.004075080621987581, -0.005513580050319433, -3.71926071238704e-05, -0.38771674036979675, -0.022230010479688644, -0.06507430970668793, -0.001988816075026989, -0.02381168119609356, -4.2914423829643056e-05, -0.008366653695702553, -0.03065836802124977, -0.04402711242437363, -0.19298847019672394, -1.9073468138230965e-06, -1.6331539882230572e-05, -0.00015233787416946143, -5.23315102327615e-05, -0.0006846229662187397, -7.688703772146255e-05, -2.7418097943154862e-06, -5.376194530981593e-05, -0.20150747895240784, -0.005715219769626856, -0.0007538337376900017, -0.00027164106722921133]",9.919096946716309,False,1.0,-1.6602926577658081,-0.03689539239479574,45.0,-1.2580150920119877,-0.039312971625374615,32.0,0.015929034693529777,0,25,34,25,0.7352941176470589,-1.6478092933630681,-1.0129696234538645,True,28,0.6222222222222222,1.0,0.9902912621359223,0.0,2.229780614107669
~/anvil/data/cve-targets/sqlite3_repo_src_vdbe.c,639,484,789,** Execute as much of a VDBE program as we can.,** This function is called by the OP_Goto opcode.  It is used to,"** This function is called by the OP_Goto opcode.  It is used to
** implement the G",1.4853873252868652,"[[742, 997, 1155, 317, 2414, 457, 254, 17364, 62, 38, 6064, 1034, 2108, 13, 207, 804, 317, 1219, 276, 185, 742, 4341, 254, 452]]","[-0.0010126468259841204, -1.8240115642547607, -0.4215528070926666, -0.3625359833240509, -0.9192661643028259, -1.7371290922164917, -1.1501374244689941, -1.445971965789795, -0.031445592641830444, -3.0553691387176514, -0.12194404006004333, -1.022425651550293, -0.020199893042445183, -1.1196330785751343, -0.5727459192276001, -0.6572592854499817, -2.2349631786346436, -1.3758741617202759, -0.3197633922100067, -1.298181414604187, -0.000565249880310148, -1.8248413801193237, -0.771645188331604, -2.1994566917419434]",9.884071350097656,False,1.0,-24.487930904782843,-1.0203304543659517,24.0,-19.69142239470966,-0.9845711197354831,20.0,0.6305496461725894,0,14,25,19,0.56,-1.5086643265404052,-1.0120830150499176,True,15,0.625,47.0,0.36036036036036034,17.0,2.4450338060125696
~/anvil/data/cve-targets/openssl_repo_ssl_record_rec_layer_s3.c,798,589,1025,|| (eivlen > 0,|| !WPACKET_put_bytes_u,                || !WPACKET_put_bytes_u,0.4400212168693542,"[[474, 7623, 2069, 54, 47, 9101, 2421, 62, 915, 62, 18921, 62, 84]]","[-0.035247478634119034, -0.002615247620269656, -0.15933839976787567, -0.030148744583129883, -0.0002256377338198945, -4.053033626405522e-05, -3.2186455882765586e-06, -1.6569954823353328e-05, -0.241572767496109, -0.0007782529573887587, -0.043292999267578125, -0.06814755499362946, -0.0018120075110346079]",8.179862022399902,False,0.0,-0.5832394095016298,-0.04486456996166383,13.0,-0.5832394095016298,-0.04486456996166383,13.0,0.005096909872349546,0,7,5,5,1.4,-9.807766289643395,-1.0310674605111116,True,7,0.5384615384615384,20.0,0.21621621621621623,5.0,2.0484416984444773
~/anvil/data/cve-targets/poppler_repo_fofi_FoFiType1C.cc,1459,1449,1462,if(ok) {,if (ok) {,"                    if (ok) {
                        cvt",1.3418142795562744,"[[1817, 562, 334, 541, 8, 507, 185, 3081, 258, 29811]]","[-0.04827715829014778, -0.18531166017055511, -0.08793621510267258, -0.05388449877500534, -0.29387444257736206, -0.015173250809311867, -0.007017015945166349, -0.009395903907716274, -1.5317689180374146, -0.002571611199527979]",11.618228912353516,False,1.0,-2.23521067481488,-0.22352106748148798,10.0,-0.7008701455779374,-0.08760876819724217,8.0,0.009079372435693345,1,10,8,10,1.25,-15.315981575443647,-1.0569258332831364,True,5,0.5,1.0,0.9411764705882353,0.0,2.2024370065491756
~/anvil/data/cve-targets/openssl_repo_crypto_pkcs7_pk7_doit.c,178,159,299,const char *propq;,libctx = p7->libctx;,"    libctx = p7->libctx;
",0.6892023682594299,"[[315, 2469, 12511, 405, 265, 22, 12, 29, 2875, 12511, 26, 185]]","[-0.190887451171875, -1.4147586822509766, -0.0002374367177253589, -0.002483737887814641, -1.464522123336792, -0.008743337355554104, -0.2795320749282837, -3.099393507000059e-05, -0.21074332296848297, -0.0003060825983993709, -0.03591737151145935, -0.4297173321247101]",10.678995132446287,False,1.0,-4.037879946787143,-0.3364899955655953,12.0,-4.037879946787143,-0.3364899955655953,12.0,0.2610566442077561,1,9,10,10,0.9,-2.0482105778537982,-1.0323974230079704,True,6,0.5,17.0,0.3157894736842105,9.0,2.1254487197154703
~/anvil/data/cve-targets/lua_repo_ldebug.c,776,747,794,const Proto *p = ci_func(ci)->p;,Proto *p = ci->u.l.p;,    Proto *p = ci->u.l.p;,1.2642877101898191,"[[315, 1378, 577, 572, 79, 405, 4533, 12, 29, 84, 13, 75, 13, 79, 26, 32014]]","[-0.002739250659942627, -0.32408568263053894, -0.0002574589161667973, -0.008439471945166588, -0.0007907600956968963, -0.0164040494710207, -1.0962438583374023, -0.0017078827368095517, -1.2040065485052764e-05, -0.7458720803260803, -0.0003601856005843729, -0.0018986309878528118, -0.0010656398953869939, -0.5885521173477173, -0.024801675230264664, -0.23227256536483765]",8.228124618530273,False,0.0,-2.813230784246116,-0.18754871894974107,15.0,-2.813230784246116,-0.18754871894974107,15.0,0.11219029832057031,1,20,19,19,1.0526315789473684,-6.741116213801601,-1.0298241609120293,True,15,1.0,16.0,0.6415094339622642,11.0,2.3962418216351167
~/anvil/data/cve-targets/libsndfile_repo_src_wavlike.c,287,95,384,buffer [--bit] = 0 ;,buffer [--bit] = 0 ;,                    buffer [--bit] = 0 ;,0.0251086223870515,"[[1817, 9421, 821, 374, 3374, 60, 1412, 15, 6203, 32014]]","[-0.2135389894247055, -0.25682899355888367, -0.003916214685887098, -0.04146250709891319, -0.00048339602653868496, -0.0007676515378989279, -0.008141308091580868, -0.00016068121476564556, -0.0014366315444931388, -0.14479964971542358]",6.361154556274414,True,0.0,-0.5267363731836667,-0.05852626368707408,9.0,-0.5267363731836667,-0.05852626368707408,9.0,0.009170643320617577,1,14,14,14,1.0,-0.42901461335890656,-1.0790298189944985,False,8,0.8888888888888888,0.0,1.0,0.0,0.855126653241446
~/anvil/data/cve-targets/lua_repo_ldebug.c,114,103,121,L->oldpc = L->ci->u.l.savedpc;,L->ci->hook = func;  /* set hook for current function */,"    L->ci->hook = func;  /* set hook for current function */
  else
    L->hook = func;  /*",0.6664631366729736,"[[315, 412, 12, 29, 2711, 12, 29, 18863, 405, 12293, 26, 207, 4535, 841, 11670, 327, 1642, 1155, 1641, 185, 207, 1969, 185, 315, 412, 12, 29, 18863, 405, 12293, 26, 207, 4535]]","[-0.014652971178293228, -1.081912636756897, -0.09629590064287186, -7.629103492945433e-05, -1.171025276184082, -0.04622826725244522, -1.966933996300213e-05, -1.0072636604309082, -0.24964956939220428, -0.2006152868270874, -0.00320825376547873, -0.8295100927352905, -0.008227502927184105, -2.3701140880584717, -0.9723380208015442, -0.9307713508605957, -1.2462005615234375, -1.2548092603683472, -0.18056818842887878, -0.36892518401145935, -0.014893648214638233, -0.3260385990142822, -0.5828425884246826, -0.0032594669610261917, -0.41264137625694275, -0.016190126538276672, -1.3589766240329482e-05, -0.2072935551404953, -0.032679036259651184, -0.00519782118499279, -0.00044264530879445374, -0.4870314300060272, -0.0027336629573255777]",8.89774227142334,False,2.0,-14.123669578553745,-0.42798998722890136,33.0,-12.047305680735008,-0.5736812228921432,21.0,0.389198816787948,1,22,25,14,0.88,-1.1617307837148336,-1.012727948301063,True,20,0.6060606060606061,47.0,0.2558139534883721,13.0,2.3393135582331577
~/anvil/data/cve-targets/openssl_repo_ssl_statem_statem.c,454,444,456,return 0;,return 0;,"        return 0;
    s-",0.3933360874652862,"[[436, 967, 207, 15, 26, 185, 315, 252, 12]]","[-0.017307674512267113, -1.108573079109192, -0.024357352405786514, -0.070891834795475, -0.00024041623692028224, -0.1525106579065323, -0.035878151655197144, -0.13852833211421967, -0.000648883986286819]",6.106987953186035,True,1.0,-1.5489363827218767,-0.17210404252465297,9.0,-1.4097591666213702,-0.20139416666019574,7.0,0.13935461256678666,1,5,7,5,0.7142857142857143,-1.9530659402312596,-1.0859079819366282,False,4,0.4444444444444444,0.0,1.0,0.0,0.8151993328539797
~/anvil/data/cve-targets/libpng_repo_png.h,2655,2500,2805,*/,*,"    *
   ",0.6327128410339355,"[[315, 572, 185, 315]]","[-0.531545877456665, -0.6932674646377563, -0.9661875367164612, -0.0037032850086688995]",9.29032039642334,False,1.0,-2.1947041638195515,-0.5486760409548879,4.0,-2.1947041638195515,-0.5486760409548879,4.0,0.1231278190301995,1,3,2,2,1.5,-1.1531628753695793,-1.0028371928942859,True,1,0.25,1.0,0.6666666666666667,1.0,2.151367315910829
~/anvil/data/cve-targets/libtiff_repo_libtiff_tif_jbig.c,100,39,108,"decodedSize, (unsigned long)size);","decodedSize, size);","	                 decodedSize, size);",0.2806926369667053,"[[184, 474, 1450, 8709, 5142, 11, 2398, 477, 32014]]","[-0.10361237823963165, -0.030447587370872498, -0.01908850111067295, -0.0020626953337341547, -2.634490556374658e-05, -0.001134943449869752, -0.16403530538082123, -0.013882506638765335, -0.2838273048400879]",4.025868892669678,False,0.0,-0.3342902624299313,-0.041786282803741415,8.0,-0.3342902624299313,-0.041786282803741415,8.0,0.0031455066045100537,1,14,7,7,2.0,-6.717339235103558,-1.1439011286907255,True,10,1.25,15.0,0.7169811320754718,11.0,1.6798436261387564
~/anvil/data/cve-targets/libxml2_repo_parser.c,7503,7419,7540,return;,return;,"		return;
	    /*",0.06607536226511,"[[184, 3404, 26, 185, 10212, 4535]]","[-0.34392306208610535, -0.09074589610099792, -0.0002980979916173965, -0.20825493335723877, -0.4039149880409241, -0.6190926432609558]",5.650867462158203,True,1.0,-1.6662296208378393,-0.27770493680630653,6.0,-1.0471369775768835,-0.2094273955153767,5.0,0.022747248805245292,1,4,6,4,0.6666666666666666,-0.3155048655525995,-1.0983614726966362,False,2,0.3333333333333333,0.0,1.0,0.0,0.6809056285599959
~/anvil/data/cve-targets/libsndfile_repo_src_wavlike.c,273,95,384,for (bit = k = 0 ; bit < ARRAY_LEN (channel_mask_bits) ; bit++),"for (k = 0, bit = 0 ; bit < 32 ; bit++)","					for (k = 0, bit = 0 ; bit < 32 ; bit++)",0.338106632232666,"[[1076, 11635, 334, 74, 1412, 15, 11, 2670, 1412, 15, 6203, 2670, 8086, 18, 17, 6203, 2670, 3868, 8, 32014]]","[-0.011157029308378696, -0.832516074180603, -0.0010944573441520333, -0.43546921014785767, -0.1008090227842331, -0.01006562914699316, -0.09607728570699692, -0.007716016843914986, -0.005310950800776482, -0.016543474048376083, -0.023938553407788277, -0.04769415408372879, -0.37131059169769287, -0.24594247341156006, -0.032560307532548904, -0.025702856481075287, -0.015390326268970966, -0.012148436158895493, -0.006909998599439859, -0.0377345010638237]",7.11805534362793,False,0.0,-2.2983568479539827,-0.12096614989231487,19.0,-2.2983568479539827,-0.12096614989231487,19.0,0.043580781207986134,1,28,26,26,1.0769230769230769,-2.7950516118240643,-1.0588038229189227,True,26,1.368421052631579,37.0,0.5882352941176471,12.0,2.1620302945641674
~/anvil/data/cve-targets/libtiff_repo_libtiff_tif_predict.c,483,474,493,tmsize_t wc = cc/2;,tmsize_t wc = cc / 2;,"	tmsize_t wc = cc / 2;
	(void) stride",0.2676672637462616,"[[19755, 1400, 938, 62, 83, 259, 66, 405, 26383, 889, 207, 17, 26, 185, 19282, 4563, 8, 1401, 543]]","[-0.21592023968696594, -0.00011073929636040702, -2.3841855067985307e-07, -4.529942543740617e-06, -5.483612312673358e-06, -0.0204318817704916, -0.0015513778198510408, -0.01632395200431347, -0.06822739541530609, -0.20581012964248657, -0.05330769345164299, -0.0016401661559939384, -0.005248339846730232, -0.11900098621845245, -1.0015785694122314, -0.00013696208770852536, -0.00018630675913300365, -0.9451029896736145, -0.00010239553375868127]",3.470312595367432,False,1.0,-2.654690376748448,-0.13972054614465515,19.0,-0.7075831532820018,-0.050541653805857276,14.0,0.0053993890350014844,1,11,19,11,0.5789473684210527,-5.2959735899113305,-1.1598995084111514,True,12,0.631578947368421,2.0,0.95,0.0,1.5844809832927846
~/anvil/data/cve-targets/openssl_repo_crypto_asn1_a_type.c,66,54,98,break;,break;,"        break;
    case",0.0037258411757647,"[[436, 2963, 26, 185, 315, 1452]]","[-0.0012009082129225135, -0.008212133310735226, -2.8609820219571702e-05, -0.6360533833503723, -0.025175590068101883, -0.011770323850214481]",10.797569274902344,True,1.0,-0.682440948612566,-0.11374015810209433,6.0,-0.6706706247623515,-0.1341341249524703,5.0,0.06306135631109581,1,4,5,4,0.8,-0.02777698201024483,-1.0354623545115589,False,2,0.3333333333333333,0.0,1.0,0.0,0.8948598559439881
~/anvil/data/cve-targets/php_repo_ext_standard_dns.c,272,117,422,# define PHP_DNS_NS     0x00000002,# define PHP_DNS_NS     0x00000002,"# define PHP_DNS_NS     0x00000002
# define PHP_DNS_CNAME  ",0.0076490226201713,"[[2, 5928, 14096, 62, 35, 5605, 62, 5605, 730, 15, 87, 15, 15, 15, 15, 15, 15, 15, 17, 185, 2, 5928, 14096, 62, 35, 5605, 62, 34, 8648, 243]]","[-0.001258296542800963, -0.0019189768936485052, -0.0009467886411584914, -4.291525328881107e-06, -8.999896090244874e-05, -1.2278481335670222e-05, -3.731181277544238e-05, -0.09629557281732559, -0.011002586223185062, -5.495397272170521e-05, -0.00023409964342135936, -0.001157209975644946, -0.0016439745668321848, -0.0011516136582940817, -0.004767953883856535, -0.0017273995326831937, -0.005833860952407122, -0.010721697472035885, -0.0174038615077734, -0.01565617509186268, -0.000924993772059679, -0.0009829933987930417, -0.00012814177898690104, -3.576272320060525e-06, -2.1576648578047752e-05, -1.1920858014491387e-05, -9.059865078597795e-06, -0.7860651612281799, -0.0003106111544184387, -0.015846041962504387]",12.242578506469728,True,1.0,-0.9762229790949277,-0.03254076596983092,30.0,-0.17191890215599415,-0.008595945107799707,20.0,0.00043252013578810286,0,5,8,5,0.625,-0.8898407940309905,-1.0735525370393326,False,19,0.6333333333333333,0.0,1.0,0.0,0.7686310777167483
~/anvil/data/cve-targets/libxml2_repo_HTMLparser.c,1844,1672,1941,"{ 968,	""psi"",	""greek small letter psi, U+03C8 ISOgrk3"" },","{ 968,	""psi"",	""greek small letter psi, U+03C8 ISOgrk3"" },","{ 968,	""psi"",	""greek small letter psi, U+03C8 ISOgrk3"" },",0.00051035330398,"[[90, 207, 24, 21, 23, 11, 9264, 4173, 950, 9264, 70, 7981, 1752, 5359, 265, 5071, 11, 574, 10, 15, 18, 34, 23, 17848, 877, 74, 18, 1, 4637, 32014]]","[-6.41325386823155e-05, -5.4834770708112046e-05, -2.276871418871451e-05, -1.156323378381785e-05, -0.00025006983196362853, -7.772143726469949e-05, -0.0002530493075028062, -4.887569048150908e-06, -0.01125050988048315, -0.001032891683280468, -0.00016723664884921163, -5.960462772236497e-07, -0.00019596086349338293, -5.972207145532593e-05, -0.00013541258522309363, -1.7881377516459906e-06, -0.00011991735664196312, -0.0001072826053132303, -7.152531907195225e-06, -2.52720492426306e-05, -1.680836794548668e-05, -2.253030106658116e-05, -9.30981186684221e-05, -0.00012790338951162994, -6.437094270950183e-05, -3.3378546504536644e-06, -1.156323378381785e-05, -0.00016056202002801, -1.3112935448589269e-05, -0.007642199285328388]",15.381120681762695,True,0.0,-0.014356057026873259,-0.0004950364492025262,29.0,-0.014356057026873259,-0.0004950364492025262,29.0,4.167082209161404e-06,0,15,15,15,1.0,-1.0309408626418284,-1.1611801184590915,False,29,1.0,0.0,1.0,0.0,0.561897250164766
~/anvil/data/cve-targets/lua_repo_ldebug.c,438,356,568,},},    },0.0006014683749526,"[[315, 611, 32014]]","[-0.003008009400218725, -0.000601349223870784, -0.097438745200634]",10.198090553283691,True,0.0,-0.0036093586240895092,-0.0018046793120447546,2.0,-0.0036093586240895092,-0.0018046793120447546,2.0,1.4480033011047758e-06,0,2,2,2,1.0,-0.3332826895827374,-1.0200596217279292,False,1,0.5,0.0,1.0,0.0,0.9274067068562833
~/anvil/data/cve-targets/libxml2_repo_parser.c,12664,12587,12769,xmlFree((xmlChar *) ctxt->encoding);,xmlFree(ctxt->encoding);,	    xmlFree(ctxt->encoding);,0.1927034854888916,"[[10212, 11815, 13842, 7, 296, 530, 12, 29, 30521, 477, 32014]]","[-0.3319351375102997, -0.004345023538917303, -0.7242481112480164, -0.42443111538887024, -0.0013654442736878991, 0.0, -0.00011181206355104223, -8.34461570775602e-06, -0.0022802562452852726, -0.0005479741375893354, -0.11459342390298843]",6.2168402671813965,False,0.0,-1.4892732190219249,-0.1489273219021925,10.0,-1.4892732190219249,-0.1654748021135472,9.0,0.05930908178643366,0,19,12,12,1.5833333333333333,-1.1645488196847054,-1.082929835646667,True,12,1.2,12.0,0.8,7.0,1.937522264843869
~/anvil/data/cve-targets/libsndfile_repo_src_alaw.c,326,320,332,{,{,		{	,3.302213191986084,"[[184, 5849, 184]]","[-0.0522133931517601, -0.04134161025285721, -1.153178334236145]",8.732813835144043,True,0.0,-1.2467333376407623,-0.41557777921358746,3.0,-1.2467333376407623,-0.41557777921358746,3.0,0.2720469886620259,1,2,2,2,1.0,-7.946077382277221,-1.0169122596944158,False,1,0.3333333333333333,0.0,1.0,0.0,1.7221365078280124
~/anvil/data/cve-targets/libsndfile_repo_src_common.c,1264,1258,1275,BUF_UNION	ubuf ;,union,"	union
	{	sf_count_t frames ;
		char",1.3323915004730225,"[[184, 22417, 185, 5849, 184, 5274, 62, 4241, 62, 83, 16628, 6203, 185, 184, 184, 5897]]","[-0.13532674312591553, -1.5142021179199219, -0.7872504591941833, -0.015972638502717018, -0.28654688596725464, -1.358467936515808, -0.00363974180072546, -0.4037104845046997, -0.00025328766787424684, -0.0008278042078018188, -1.4365975856781006, -0.11041755974292755, -0.033895060420036316, -0.013654638081789017, -0.0877048447728157, -0.8638002872467041]",3.4292104244232178,False,2.0,-7.052268075349275,-0.4407667547093297,16.0,-2.4367793202400208,-0.8122597734133402,3.0,0.31719561610107483,0,5,8,2,0.625,-1.6403514541584951,-1.1610919806680295,True,9,0.5625,15.0,0.09523809523809523,4.0,1.7645606838822618
~/anvil/data/cve-targets/libsndfile_repo_src_ulaw.c,729,574,879,"0x82, 0x82, 0x82, 0x82, 0x82, 0x82, 0x82, 0x82, 0x82, 0x82, 0x82, 0x82,","0x82, 0x82, 0x82, 0x82, 0x82, 0x82, 0x82, 0x82, 0x82, 0x82, 0x82, 0x82,","	0x82, 0x82, 0x82, 0x82, 0x82, 0x82, 0x82, 0x82, 0x82, 0x82, 0x82, 0x82,
	0x82, 0x82, 0x82, 0x82, 0x82, 0x82,",6.890032091178e-05,"[[184, 15, 87, 23, 17, 11, 207, 15, 87, 23, 17, 11, 207, 15, 87, 23, 17, 11, 207, 15, 87, 23, 17, 11, 207, 15, 87, 23, 17, 11, 207, 15, 87, 23, 17, 11, 207, 15, 87, 23, 17, 11, 207, 15, 87, 23, 17, 11, 207, 15, 87, 23, 17, 11, 207, 15, 87, 23, 17, 11, 207, 15, 87, 23, 17, 11, 207, 15, 87, 23, 17, 11, 185, 184, 15, 87, 23, 17, 11, 207, 15, 87, 23, 17, 11, 207, 15, 87, 23, 17, 11, 207, 15, 87, 23, 17, 11, 207, 15, 87, 23, 17, 11, 207, 15, 87, 23, 17, 11]]","[-0.00013290952483657748, -2.264974000354414e-06, -1.7881377516459906e-06, -7.033323527139146e-06, -0.00025376438861712813, -2.3841855067985307e-07, -1.6689286894688848e-06, -3.576278118089249e-07, -5.960462772236497e-07, -3.933898824470816e-06, -6.890059739816934e-05, -4.768370445162873e-07, -2.0265558760002023e-06, -1.1920928244535389e-07, -1.311301275563892e-06, -8.22540732769994e-06, -0.0001003691868390888, -1.6689286894688848e-06, -2.622600959512056e-06, 0.0, -7.152555099310121e-07, -3.933898824470816e-06, -0.00025078488397412, -1.9073468138230965e-06, -2.861018856492592e-06, 0.0, -5.960462772236497e-07, -2.861018856492592e-06, -0.00010740180005086586, -1.5497195136049413e-06, -1.311301275563892e-06, -1.1920928244535389e-07, -5.960462772236497e-07, -3.2186455882765586e-06, -9.285972191719338e-05, -1.311301275563892e-06, -2.145764938177308e-06, -3.576278118089249e-07, -7.152555099310121e-07, -3.933898824470816e-06, -0.0001915509783430025, -2.0265558760002023e-06, -3.4570634852570947e-06, -1.1920928244535389e-07, -5.960462772236497e-07, -5.364403477869928e-06, -0.0005573864909820259, -3.6954811548639555e-06, -5.722029527532868e-06, -1.1920928244535389e-07, -5.960462772236497e-07, -4.768360213347478e-06, -0.0002215855201939121, -2.3841830625315197e-06, -4.172316494077677e-06, -1.1920928244535389e-07, -4.768370445162873e-07, -5.483612312673358e-06, -0.0001333863037871197, -2.0265558760002023e-06, -4.410734163684538e-06, -4.410734163684538e-06, -8.344646857949556e-07, -8.583032467868179e-06, -0.0004580163804348558, -2.622600959512056e-06, -3.0874729418428615e-05, -4.768370445162873e-07, -9.536738616588991e-07, -9.894321920000948e-06, -0.0015200738562271, -9.298280929215252e-06, -0.0012265071272850037, -2.2053474822314456e-05, -5.960462772236497e-07, -8.344646857949556e-07, -7.152531907195225e-06, -0.00013505500101018697, -4.0531076592742465e-06, -3.933898824470816e-06, -2.3841855067985307e-07, -5.960462772236497e-07, -5.245195097813848e-06, -0.00016425691137555987, -4.291525328881107e-06, -3.4570634852570947e-06, -1.1920928244535389e-07, -7.152555099310121e-07, -5.483612312673358e-06, -0.00043871314846910536, -4.887569048150908e-06, -4.172316494077677e-06, -1.1920928244535389e-07, -5.960462772236497e-07, -7.748573807475623e-06, -0.0011099375551566482, -6.794906312279636e-06, -5.602820692729438e-06, -1.1920928244535389e-07, -7.152555099310121e-07, -7.629365427419543e-06, -0.0006344689172692597, -4.768360213347478e-06, -4.172316494077677e-06, -1.1920928244535389e-07, -5.960462772236497e-07, -7.271740287251305e-06, -0.0006003961316309869, -3.933898824470816e-06]",15.729860305786133,True,1.0,-0.0086922931991964,-7.974580916693944e-05,109.0,-0.005513502315572794,-7.657642104962214e-05,72.0,5.68956519546635e-08,0,25,37,25,0.6756756756756757,-0.8997589593163676,-1.1713481167989652,False,71,0.6513761467889908,0.0,1.0,0.0,0.6384507639807943
~/anvil/data/cve-targets/libtiff_repo_libtiff_tif_predict.c,531,376,681,},},"}
TI",0.0016831292305141,"[[92, 185, 22938]]","[-0.0016830102540552616, -0.05666521564126015, -0.970299482345581]",10.455554962158203,True,1.0,-1.0286477082408965,-0.34288256941363215,3.0,-0.05834822589531541,-0.029174112947657704,2.0,0.0007557607273101954,0,2,3,2,0.6666666666666666,-0.057692558931744076,-1.0266465238355338,False,1,0.3333333333333333,0.0,1.0,0.0,0.9037086334483214
~/anvil/data/cve-targets/libtiff_repo_libtiff_tif_predict.c,544,533,566,uint8_t *tmp;,uint8_t *tmp;,"	uint8_t *tmp;

	if (str",0.0246784482151269,"[[184, 9842, 23, 62, 83, 572, 10801, 26, 185, 185, 2944, 334, 2006]]","[-0.23892611265182495, -0.04025394096970558, -0.010118970647454262, -4.482168878894299e-05, -1.311301275563892e-06, -0.038326896727085114, -0.013730482198297977, -0.07051908224821091, -0.39121413230895996, -1.5154813528060913, -0.8952690362930298, -0.27732062339782715, -0.9830513596534729]",3.231945037841797,True,2.0,-4.474258122892024,-0.34417370176092493,13.0,-2.3186171035476946,-0.23186171035476946,10.0,0.19775725814982714,1,7,10,7,0.7,-0.10643606560723905,-1.1668322048388533,False,7,0.5384615384615384,0.0,1.0,0.0,0.4561668359654445
~/anvil/data/cve-targets/poppler_repo_fofi_FoFiType1C.cc,1222,1211,1225,if(ok) {,if (ok) {,"                    if (ok) {
                        cvt",1.3370383977890017,"[[1817, 562, 334, 541, 8, 507, 185, 3081, 258, 29811]]","[-0.08030889183282852, -0.2572426497936249, -0.12473378330469131, -0.1009177714586258, -0.17290376126766205, -0.018479211255908012, -0.010771112516522408, -0.011475980281829834, -1.5116798877716064, -0.00522011611610651]",11.963583946228027,False,1.0,-2.2937331655994058,-0.2293733165599406,10.0,-0.7768331617116928,-0.0971041452139616,8.0,0.006677174878685519,1,10,8,10,1.25,-13.769117629766878,-1.066090706965828,True,5,0.5,1.0,0.9411764705882353,0.0,2.1679739236335127
~/anvil/data/cve-targets/php_repo_ext_exif_exif.c,1560,1516,1562,return 0;,return 0;,	return 0;,0.3685127198696136,"[[3404, 207, 15, 26, 32014]]","[-0.9316568970680237, -0.24419085681438446, -0.0072504254058003426, -0.14918097853660583, -0.6821758151054382]",4.645833492279053,True,0.0,-1.3322791578248143,-0.3330697894562036,4.0,-1.3322791578248143,-0.3330697894562036,4.0,0.12654483570956662,0,5,5,5,1.0,-1.1064129246644585,-1.126308361897671,False,4,1.0,0.0,1.0,0.0,0.6623854742797823
~/anvil/data/cve-targets/poppler_repo_poppler_Stream.cc,4046,3993,4088,if (i + repeat > numLitCodes + numDistCodes) {,if (i + repeat > numLitCodes + numDistCodes) {,            if (i + repeat > numLitCodes + numDistCodes) {,0.0058656972832977,"[[655, 562, 334, 72, 945, 12956, 1938, 1181, 43, 260, 34, 3368, 945, 1181, 10747, 34, 3368, 8, 507, 32014]]","[-0.009691332466900349, -0.057096656411886215, -0.002387056592851877, -0.018904395401477814, -0.009600185789167881, -0.00030727434204891324, -0.006117192097008228, -0.0004048719711136073, -0.00020251607929822057, -1.7881377516459906e-06, -5.006777428206988e-06, 0.0, -0.0009066523634828627, -2.825220326485578e-05, -1.0013530300057027e-05, -8.34461570775602e-06, 0.0, -0.003224414074793458, -0.000398198957554996, -0.07919827848672867]",15.944490432739258,True,0.0,-0.10929415181203694,-0.005752323779580892,19.0,-0.10929415181203694,-0.006429067753649232,17.0,0.000169978438735297,0,19,19,19,1.0,-0.9123713589685294,-1.1776501741962122,False,18,0.9473684210526315,0.0,1.0,0.0,0.5487254038736893
~/anvil/data/cve-targets/libpng_repo_pngrutil.c,2895,2647,3067,bytes_to_copy = row_width;,bytes_to_copy = row_width;,               bytes_to_copy = row_width;,0.0038397696334868,"[[4885, 7879, 62, 577, 62, 11792, 405, 5439, 62, 2166, 26, 32014]]","[-0.03979558125138283, -0.02120327204465866, -9.536738616588991e-07, -3.3378546504536644e-06, -1.7881377516459906e-06, -0.0007376333815045655, -0.0018628163961693645, -0.01085271779447794, -1.1920922133867862e-06, -1.311301275563892e-06, -0.0014868644066154957, -0.43535012006759644]",9.745832443237305,True,0.0,-0.07594746833456156,-0.006904315303141961,11.0,-0.07594746833456156,-0.006904315303141961,11.0,0.00014844620184439972,1,7,7,7,1.0,-0.5561405389089673,-1.00859132088374,False,10,0.9090909090909091,0.0,1.0,0.0,1.0267001011335142
~/anvil/data/cve-targets/libxml2_repo_xmlstring.c,439,430,455,len = xmlStrlen(str2);,len = xmlStrlen(str2);,        len = xmlStrlen(str2);,0.1492487639188766,"[[436, 10405, 405, 11815, 6624, 6446, 7, 2006, 17, 477, 32014]]","[-0.12876112759113312, -1.0374958515167236, -0.12692111730575562, -0.1305176168680191, -0.02487795799970627, -0.004633523523807526, -0.008821799419820309, -9.822363062994555e-05, -0.006731808185577393, -0.03403667360544205, -0.16190503537654877]",4.312674045562744,True,0.0,-1.502895699646615,-0.1502895699646615,10.0,-1.502895699646615,-0.1502895699646615,10.0,0.09021733683413079,1,12,12,12,1.0,-0.9930746621603239,-1.135728544491958,False,9,0.9,0.0,1.0,0.0,0.6556536002409756
~/anvil/data/cve-targets/libsndfile_repo_src_paf.c,155,118,206,} ;,} ;,"		} ;
	ps",0.0433308631181716,"[[184, 1839, 6203, 185, 184, 829]]","[-0.002411792753264308, -0.03496261313557625, -0.046014368534088135, -0.4784773290157318, -0.6763965487480164, -0.03544194623827934]",9.446006774902344,True,1.0,-1.2737045984249562,-0.2122840997374927,6.0,-1.2382626521866769,-0.24765253043733537,5.0,0.07662789791066468,1,4,5,4,0.8,-0.17496636534120052,-1.0010595447241275,False,2,0.3333333333333333,0.0,1.0,0.0,1.0293690991100746
~/anvil/data/cve-targets/lua_repo_lstate.h,120,-35,270,TString **hash;,TString **hash;  /* hash table,  TString **hash;  /* hash table,0.1874471753835678,"[[207, 323, 2005, 9220, 12236, 26, 207, 4535, 11802, 2365]]","[-0.0011311330599710345, -0.5955791473388672, -0.14868015050888062, -0.17061102390289307, -0.018562648445367813, -0.0005745429079979658, -0.5634187459945679, -0.0044563510455191135, -0.20695312321186066, -0.043245621025562286]",10.668793678283691,False,0.0,-1.7532124874414876,-0.17532124874414876,10.0,-1.7532124874414876,-0.17532124874414876,10.0,0.04610595295919733,0,9,14,14,0.6428571428571429,-1.0691640444400141,-1.032134157705799,True,5,0.5,15.0,0.6666666666666667,6.0,2.0073683140410474
~/anvil/data/cve-targets/openssl_repo_crypto_asn1_a_type.c,71,54,98,case V_ASN1_NEG_ENUMERATED:,case V_ASN1_NEG_INTEGER_LONG:,    case V_ASN1_NEG_INTEGER_LONG:,0.0865833982825279,"[[315, 1452, 627, 62, 3146, 45, 16, 62, 8278, 38, 62, 1154, 4463, 18924, 62, 43, 19256, 25, 32014]]","[-0.432565301656723, -0.01619880646467209, -0.00012909532233607024, -1.2993727978027891e-05, -1.0967194612021558e-05, -2.861018856492592e-06, -4.529942543740617e-06, -1.9430925021879375e-05, -0.5003147125244141, -0.00024375328212045133, -0.0015534012345597148, -0.7424876689910889, -0.006985053885728121, -0.00021920185827184469, -0.18781732022762299, -0.11995410174131393, -0.5284741520881653, -0.0029174406081438065, -0.4003891944885254]",9.705252647399902,False,0.0,-2.5399107926941724,-0.14110615514967625,18.0,-2.5399107926941724,-0.14110615514967625,18.0,0.05331055263147562,1,5,5,5,1.0,-0.6136046878372233,-1.007568628982189,True,15,0.8333333333333334,9.0,0.7142857142857143,1.0,2.0273224014203
~/anvil/data/cve-targets/libsndfile_repo_src_sd2.c,351,276,385,rsrc.type_offset = rsrc.map_offset + 30 ;,rsrc.type_offset = rsrc.map_offset + 28 ;,"	rsrc.type_offset = rsrc.map_offset + 28 ;
	if (rsrc.type_offset < ",0.2743138968944549,"[[184, 3303, 2607, 13, 2139, 62, 9668, 405, 427, 7364, 13, 4008, 62, 9668, 4536, 17, 23, 6203, 185, 2944, 334, 3303, 2607, 13, 2139, 62, 9668, 8086]]","[-0.32882148027420044, -0.050576433539390564, -3.576278118089249e-07, -7.664863369427621e-05, -0.11677704006433487, -6.69933797325939e-05, -0.011961989104747772, -0.009161340072751045, -0.05088464543223381, -3.576272320060525e-06, -6.115249561844394e-05, -0.648356020450592, -2.50339189733495e-06, -3.838465272565372e-05, -0.20428036153316498, -0.05768579617142677, -0.02002802863717079, -0.042704109102487564, -0.47880256175994873, -0.04574280604720116, -0.0030967872589826584, -0.002240292262285948, 0.0, -2.276871418871451e-05, -0.009876905009150505, -5.602820692729438e-06, -0.000671042304020375, -0.6441194415092468]",5.416666030883789,False,1.0,-2.7260650685220185,-0.09735946673292924,28.0,-2.0202894225962496,-0.10633102224190787,19.0,0.032063977031760435,1,16,23,16,0.6956521739130435,-2.579810586889482,-1.1048112819268858,True,17,0.6071428571428571,2.0,0.9512195121951219,1.0,1.8432162442851023
~/anvil/data/cve-targets/lua_repo_lstate.h,267,112,417,const Instruction *oldpc;,StkId stack_last;  /* end of stack,  StkId stack_last;  /* end of stack,0.4955756962299347,"[[207, 896, 74, 1825, 10215, 62, 6358, 26, 207, 4535, 1223, 280, 10215]]","[-0.006681956350803375, -1.450666904449463, -6.09140915912576e-05, -0.00045110538485459983, -0.6507096290588379, -0.1428891271352768, -0.24237322807312012, -0.0024801704566925764, -0.02332312986254692, -0.00022718709078617394, -0.11514062434434891, -0.000697965151630342, -0.016080450266599655]",8.873481750488281,False,0.0,-2.6517823917165515,-0.2039832609012732,13.0,-2.6517823917165515,-0.2039832609012732,13.0,0.16001629325352942,1,9,11,11,0.8181818181818182,-2.4294919790981804,-1.0133423672985717,True,7,0.5384615384615384,27.0,0.3389830508474576,11.0,2.148809996736955
~/anvil/data/cve-targets/sqlite3_repo_ext_fts5_fts5_hash.c,411,393,430,"if(pTerm==0 || 0==memcmp(fts5EntryKey(pIter), pTerm, nTerm)) {",int i;,"      int i;
      if( pIter->nTerm==nTerm && memcmp(pIter->pTerm, pTerm, nTerm)==0 ){
        pIter->p",1.4067625999450684,"[[730, 1097, 460, 26, 185, 730, 562, 7, 265, 14208, 12, 29, 77, 14896, 780, 77, 14896, 2956, 1631, 66, 2782, 7, 79, 14208, 12, 29, 79, 14896, 11, 265, 14896, 11, 291, 14896, 8, 780, 15, 2189, 90, 185, 436, 265, 14208, 12, 29, 79]]","[-0.00403008284047246, -0.8651779890060425, -0.3906460702419281, -0.6273998618125916, -0.00955283921211958, -0.004071162547916174, -1.1166338920593262, -0.0019173111068084836, -0.726265013217926, -1.0042061805725098, -0.04924822971224785, -9.381330892210826e-05, -0.8861840963363647, -0.9393851161003113, -0.6314650177955627, -0.10801243036985397, -0.009616834111511707, -0.27331650257110596, -1.3161066770553589, -0.0006915323319844902, -7.045020902296528e-05, -0.003365093609318137, -0.005552583374083042, -0.33613285422325134, -0.0015455455286428332, -2.753696753643453e-05, -0.657957136631012, -0.044373609125614166, -0.004304192494601011, -0.5240742564201355, -0.00011050090688513592, -0.00024303820100612938, -0.03578568249940872, -0.0007084482349455357, -0.029111003503203392, -0.006466298829764128, -8.523101132595912e-05, -0.04391633719205856, -0.006324041169136763, -0.13094647228717804, -0.02616504766047001, -1.1560721397399902, -0.3003029227256775, -0.07038497924804688, -1.311301275563892e-06, -0.05883786082267761]",9.173134803771973,False,2.0,-12.406885226227132,-0.26971489622232897,46.0,-1.9008780056610703,-0.3168130009435117,6.0,0.11544484978777732,1,33,39,5,0.8461538461538461,-4.440356285113111,-1.0057794524397976,True,29,0.6304347826086957,58.0,0.11764705882352944,32.0,2.665214008352133
~/anvil/data/cve-targets/openssl_repo_crypto_bn_bn_gf2m.c,246,227,255,for (i = 0; i < bt->top; i++) {,for (i = 0; i < bt->top; i++) {,    for (i = 0; i < bt->top; i++) {,0.014087907038629,"[[315, 327, 334, 72, 1412, 15, 26, 460, 1013, 270, 83, 12, 29, 2277, 26, 460, 3868, 8, 507, 32014]]","[-0.03444378077983856, -0.2104729264974594, -0.0011547094909474254, -0.00021360022947192192, -0.007019619923084974, -2.3483953555114567e-05, -0.0024442579597234726, -0.0008070787298493087, -0.000348268891684711, -0.005525079555809498, -0.0003013156820088625, -1.2516897186287679e-05, -3.576278118089249e-07, -2.276871418871451e-05, -0.0007298904820345342, -0.007700401823967695, -0.00037245964631438255, -0.0006202919175848365, -0.0006173135479912162, -0.013351790606975555]",14.361979484558104,True,0.0,-0.27283012235051274,-0.014359480123711197,19.0,-0.27283012235051274,-0.014359480123711197,19.0,0.0021955937487135686,0,24,24,24,1.0,-0.9810875405834673,-1.1319686686695403,False,18,0.9473684210526315,0.0,1.0,0.0,0.7736248902109562
~/anvil/data/cve-targets/libtiff_repo_libtiff_tif_dirread.c,5769,5720,5775,"if ((nstrips64==0)||(nstrips64>0xFFFFFFFF)) /* something is wonky, do nothing. */",if( nstrips64 > UINT32_MAX ),        if( nstrips64 > UINT32_MAX ),1.270420789718628,"[[436, 562, 7, 291, 26763, 829, 21, 19, 1938, 574, 8115, 18, 17, 62, 14840, 2189, 32014]]","[-0.025543440133333206, -0.2985744774341583, -0.7352743744850159, -0.22489124536514282, -4.3987260141875595e-05, -6.437280717364047e-06, -0.0010080024367198348, 0.0, -0.4502757787704468, -0.7274223566055298, -0.022508269175887108, -0.1328163594007492, -9.381330892210826e-05, -0.0016794399125501513, -0.0004020121123176068, -0.18458421528339386, -0.28191009163856506]",5.431250095367432,False,0.0,-2.805124208965026,-0.17532026306031412,16.0,-2.805124208965026,-0.18700828059766839,15.0,0.060832641284080495,1,25,12,12,2.0833333333333335,-6.793393242579588,-1.1044085393771919,True,33,2.0625,66.0,0.27522935779816515,14.0,2.1832728594051383
~/anvil/data/cve-targets/php_repo_ext_standard_http_fopen_wrapper.c,625,564,637,if (tmp_line[tmp_line_len - 1] == '\r') {,},"			}
			if (tmp_line[tmp_line_len - 1] == '\r') {
				--tmp_line_len",0.0681779012084007,"[[459, 1839, 185, 459, 2944, 334, 10801, 62, 1027, 58, 10801, 62, 1027, 62, 6446, 567, 207, 16, 60, 2312, 20521, 81, 2462, 507, 185, 1749, 184, 374, 10801, 62, 1027, 62, 6446]]","[-0.12757568061351776, -0.0002809368306770921, -0.049392908811569214, -0.00868956744670868, -0.12348571419715881, -0.00773281417787075, -0.02165273018181324, -0.00010418349120300263, -2.622600959512056e-06, -0.07035853713750839, -0.0019208805169910192, -9.536738616588991e-07, -7.152555099310121e-07, -1.2159273865108844e-05, -2.3841855067985307e-07, -0.002676240401342511, -0.0012019798159599304, -0.00373582704924047, -0.0001578206429257989, -0.0008013612823560834, -0.0011860248632729053, -0.0008662762120366096, -0.001334610627964139, -0.0009049849468283355, -0.34962227940559387, -0.0031216247007250786, -0.01076191384345293, -0.03486165404319763, -7.509902934543788e-05, -4.768370445162873e-07, -8.344646857949556e-07, -1.9192511899746023e-05, -9.536738616588991e-07]",18.352821350097656,False,2.0,-0.8225397969794983,-0.02492544839331813,33.0,-0.18593909370247275,-0.04648477342561819,4.0,0.0025368661477649444,1,24,25,2,0.96,-1.4666716901932284,-1.250732460601203,True,20,0.6060606060606061,41.0,0.0,23.0,1.354547218277252
~/anvil/data/cve-targets/poppler_repo_poppler_FileSpec.cc,176,166,198,"Object fileName = fileSpec->dictLookup(""UF"");","Object fileName = fileSpec->dictLookup(""FS"");","        Object fileName = fileSpec->dictLookup(""FS"");",0.0936514660716056,"[[436, 7635, 1753, 1737, 405, 1753, 7396, 12, 29, 13057, 9610, 393, 1195, 8625, 2583, 32014]]","[-0.0034153484739363194, -0.0746212899684906, -0.022348806262016296, -0.00046993177966214716, -0.21249844133853912, -0.02562628872692585, -0.00010501786891836673, -6.294052582234144e-05, -1.7881377516459906e-06, -0.002503596246242523, -8.11782301752828e-05, -0.00015841660206206143, -0.005159515421837568, -0.9657926559448242, -0.00695782620459795, -0.0805220678448677]",8.83680534362793,False,0.0,-1.3198030417318023,-0.08798686944878682,15.0,-1.3198030417318023,-0.08798686944878682,15.0,0.057906896580561286,0,19,19,19,1.0,-1.064380022363631,-1.014271937323348,True,15,1.0,2.0,0.9777777777777777,1.0,2.1637121329163547
~/anvil/data/cve-targets/openssl_repo_crypto_asn1_a_int.c,158,85,161,},},    },0.0009199915803037,"[[315, 611, 32014]]","[-0.039721231907606125, -0.0009182051289826632, -0.22870637476444244]",11.164063453674316,True,0.0,-0.04063943703658879,-0.020319718518294394,2.0,-0.04063943703658879,-0.020319718518294394,2.0,0.00037641872179564235,1,2,2,2,1.0,-0.04527580337667604,-1.0449932235682813,False,1,0.5,0.0,1.0,0.0,0.8368058552383993
~/anvil/data/cve-targets/lua_repo_ldebug.c,113,103,121,if (isLua(L->ci)),if (count < 0),"  if (count < 0)
    count = 0;
  L->hook",1.3091973066329956,"[[207, 562, 334, 4241, 8086, 15, 8, 185, 315, 1683, 1412, 15, 26, 185, 207, 412, 12, 29, 18863]]","[-0.010508443228900433, -0.9938491582870483, -0.08366494625806808, -0.830694854259491, -0.6385765075683594, -0.023750683292746544, -0.1007915660738945, -0.9918392896652222, -0.0009577454766258597, -0.09991644322872162, -0.20435023307800293, -0.008040796965360641, -0.004361877683550119, -0.3995380699634552, -0.014080584980547428, -1.1136959791183472, -0.023111846297979355, -2.622600959512056e-06, -0.7864660024642944]",10.071874618530272,False,2.0,-6.328197650491575,-0.33306303423639866,19.0,-3.6746331941103563,-0.4082925771233729,9.0,0.1763137742992041,1,17,22,12,0.7727272727272727,-3.2065175317586,-1.0168460000560833,True,11,0.5789473684210527,11.0,0.3870967741935484,9.0,2.4200032728699488
~/anvil/data/cve-targets/poppler_repo_poppler_XRef.cc,1483,1472,1489,gen = -1;,generation = 0;,"        generation = 0;
        objNum = ",1.5245249271392822,"[[436, 8982, 1412, 15, 26, 185, 436, 6528, 11835, 1412]]","[-0.0011878109071403742, -0.291047066450119, -0.05005418509244919, -0.12212637066841125, -0.0006952252588234842, -0.5243833065032959, -0.0036442552227526903, -1.030371069908142, -1.4000571966171265, -0.3034716844558716]",11.271223068237305,False,1.0,-3.727038171084132,-0.3727038171084132,10.0,-0.9931382201029919,-0.1418768885861417,7.0,0.03374547615875798,0,7,9,7,0.7777777777777778,-10.745407108456954,-1.0477965036483128,True,5,0.5,9.0,0.5833333333333333,2.0,2.24489366587387
~/anvil/data/cve-targets/openssl_repo_crypto_x509_x509_obj.c,79,17,173,"ascii2ebcdic(ebcdic_buf, q, (num > (int)sizeof(ebcdic_buf))",if (num > (int)sizeof(ebcdic_buf)) {,"            if (num > (int)sizeof(ebcdic_buf)) {
                ERR_raise(ERR_LIB_X509, X509_R_NAME_TOO_LONG);
",0.342822402715683,"[[655, 562, 334, 6487, 1938, 334, 569, 8, 3017, 990, 7, 3413, 2243, 278, 62, 9455, 1435, 507, 185, 1044, 19798, 62, 22326, 7, 8198, 62, 29492, 62, 55, 20, 15, 24, 11, 1439, 20, 15, 24, 62, 49, 62, 8648, 62, 6176, 46, 62, 43, 19256, 477, 185]]","[-0.016796240583062172, -1.3356642723083496, -0.24756397306919098, -0.4618878960609436, -0.336388498544693, -0.38133931159973145, -0.022433670237660408, -0.0381472185254097, -0.0031052250415086746, -4.768360213347478e-06, -0.0004148814477957785, -0.001630644896067679, -1.1920928244535389e-07, -2.3841855067985307e-07, -1.5735502529423684e-05, -1.4305012882687151e-05, -0.011302019469439983, -0.5782648324966431, -0.0025628122966736555, -0.005219523329287767, -0.1557934582233429, -5.531158240046352e-05, -0.007152310106903315, -0.021186815574765205, -0.00015364897262770683, -2.145764938177308e-06, -0.0015004340093582869, -4.529942543740617e-06, -0.018595879897475243, -0.00013684290752280504, -2.90866428258596e-05, -3.635817120084539e-05, -8.308542601298541e-05, -0.08331359177827835, -3.194758028257638e-05, -7.390948667307384e-06, -7.760223525110632e-05, -8.701899787411094e-05, -5.6265202147187665e-05, -2.7418097943154862e-06, -0.16587428748607635, -0.000301673193462193, -0.015704525634646416, -0.0009514334378764033, -1.6689286894688848e-06, -0.002201516181230545, -0.0003985564399044961, -0.0008285188814625144, -0.0002898749662563205]",8.822916984558105,False,2.0,-3.9176147073337333,-0.07995132055783129,49.0,-3.442756186409916,-0.1721378093204958,20.0,0.10306903066625576,1,24,33,23,0.7272727272727273,-1.9915578342082711,-1.0146241627892312,True,31,0.6326530612244898,27.0,0.7157894736842105,11.0,2.2783633914236305
~/anvil/data/cve-targets/libtiff_repo_libtiff_tif_jbig.c,98,39,108,"TIFFWarningExt(tif->tif_clientdata, ""JBIG"",","TIFFWarningExt(tif->tif_clientdata, ""JBIG"",","	    TIFFWarningExt(tif->tif_clientdata, ""JBIG"",",0.0057025672867894,"[[10212, 323, 40, 3681, 20828, 6500, 7, 83, 351, 12, 29, 83, 351, 62, 6008, 2448, 11, 440, 41, 33, 3654, 950, 32014]]","[-0.04938133433461189, -0.03782610222697258, -0.00031895318534225225, -1.0490362910786644e-05, -0.056749917566776276, -0.0066099571995437145, -0.0018185520311817527, -0.00361218536272645, -1.4305104514278355e-06, -9.870042413240299e-05, -7.152555099310121e-07, -2.8729025871143676e-05, -1.5497195136049413e-06, -1.5497195136049413e-06, -6.174850568640977e-05, -5.602820692729438e-06, -0.0032689727377146482, -0.008860792964696884, -0.0006146925734356046, -0.0003426679759286344, -0.00027021096320822835, -0.00812558177858591, -0.03773369640111923]",6.380208492279053,True,0.0,-0.17801043724500687,-0.008091383511136675,22.0,-0.17801043724500687,-0.008091383511136675,22.0,0.0002666131191996153,1,13,13,13,1.0,-0.7047703620697995,-1.0785159472672474,False,20,0.9090909090909091,0.0,1.0,0.0,0.8410278745925301
~/anvil/data/cve-targets/php_repo_ext_phar_phar.c,2801,2646,2951,cleanup:,cleanup:,"cleanup:
	if (",0.1224814653396606,"[[16226, 393, 25, 185, 2944, 334]]","[-0.3642166554927826, -0.00017248096992261708, -0.003436970291659236, -0.14181746542453766, -0.6114792823791504, -0.043208975344896317]",5.529339790344238,True,1.0,-1.1643318299029488,-0.1940553049838248,6.0,-0.5096435721789021,-0.12741089304472553,4.0,0.021960916371610253,0,6,5,6,1.2,-0.961310782875256,-1.1017035799218793,False,3,0.5,0.0,1.0,0.0,0.7048605518391483
~/anvil/data/cve-targets/libxml2_repo_HTMLparser.c,2762,2727,2765,NEXT;,if (ret == NULL),        if (ret == NULL),0.4409419000148773,"[[436, 562, 334, 2534, 2312, 4579, 8]]","[-0.19485732913017273, -0.5746569633483887, -0.22845976054668427, -0.08887238055467606, -0.20816907286643982, -0.0004400238685775548, -0.0018202179344370961]",5.590452194213867,False,0.0,-1.2972757482493762,-0.18532510689276802,7.0,-1.2972757482493762,-0.18532510689276802,7.0,0.03303032420767641,1,4,13,13,0.3076923076923077,-2.3792885238696404,-1.1000216712145714,True,3,0.42857142857142855,15.0,0.09523809523809523,12.0,1.7638023605593076
~/anvil/data/cve-targets/php_repo_ext_phar_util.c,379,288,436,},++(entry,			++(entry,0.0002758122573141,"[[1749, 3868, 7, 8470]]","[-0.5774138569831848, -4.649054244509898e-05, -0.008716748096048832, -0.22578422725200653]",19.10767936706543,False,0.0,-0.8119613228736853,-0.20299033071842132,4.0,-0.8119613228736853,-0.20299033071842132,4.0,0.05491024147750695,0,2,4,4,0.5,-0.00135874579019576,-1.2745597165324454,True,1,0.25,8.0,0.0,3.0,1.0017849803518772
~/anvil/data/cve-targets/libsndfile_repo_src_aiff.c,1461,1448,1466,pos = psf_ftell (psf) ;,chunk_info->datalen = psf->rchunks.chunks,	chunk_info->datalen = psf->rchunks.chunks,0.1135551631450653,"[[184, 358, 5061, 62, 4895, 12, 29, 67, 2454, 255, 405, 265, 5274, 12, 29, 81, 358, 20436, 13, 358, 20436]]","[-0.05993818864226341, -0.5186415910720825, -3.6954811548639555e-06, -9.65590606938349e-06, -8.344646857949556e-07, -0.0001731960946926847, -3.6954811548639555e-06, -0.44285592436790466, -0.0005858612130396068, -2.5152843591058627e-05, -0.004565292503684759, -0.09145589917898178, -4.410734163684538e-06, -0.16028544306755066, -1.0013530300057027e-05, -0.0003890234511345625, -7.867782187531702e-06, -8.344646857949556e-07, -3.6954195820726454e-05, -0.0002681849291548133, -2.622600959512056e-06]",6.732638835906982,False,0.0,-1.2792643420052627,-0.060917349619298226,21.0,-1.2792643420052627,-0.060917349619298226,21.0,0.020230986117563292,0,12,16,16,0.75,-1.8640857465849392,-1.0690551432527986,True,12,0.5714285714285714,34.0,0.25,13.0,1.8896577479414078
~/anvil/data/cve-targets/openssl_repo_ssl_statem_statem.c,581,479,620,if (SSL_IS_DTLS(s)) {,st->read_state = READ_STATE_HEADER;,"                st->read_state = READ_STATE_HEADER;
                break;
           ",0.1569378674030304,"[[1044, 352, 12, 29, 1187, 62, 4968, 405, 27477, 62, 16521, 62, 27091, 1004, 26, 185, 1044, 2963, 26, 185, 655]]","[-0.05597402900457382, -0.5446532368659973, -2.312633478140924e-05, 0.0, -0.0035309370141476393, -3.933898824470816e-06, -0.0005059154354967177, -0.11297877132892609, -0.0004456242313608527, -2.3841855067985307e-07, -6.318072337307967e-06, -2.264974000354414e-06, -0.17045049369335175, -8.344646857949556e-07, -0.0002493547508493066, -0.0038796409498900175, -0.02164199762046337, -0.7736532092094421, -8.34461570775602e-06, -0.001750604948028922, -0.005464378744363785]",12.119617462158203,False,2.0,-1.6952232545757795,-0.08072491688456093,21.0,-0.9143467170582369,-0.057146669816139806,16.0,0.01723035269942163,0,15,13,10,1.1538461538461537,-2.746229446229372,-1.0702574756595065,True,12,0.5714285714285714,32.0,0.1785714285714286,15.0,1.929668351948002
~/anvil/data/cve-targets/libsndfile_repo_src_ulaw.c,555,400,705,"0x8a, 0x8a, 0x8a, 0x8a, 0x8a, 0x8a, 0x8a, 0x8a, 0x8a, 0x8a, 0x8a, 0x8a,","0x8a, 0x8a, 0x8a, 0x8a, 0x8a, 0x8a, 0x8a, 0x8a, 0x8a, 0x8a, 0x8a, 0x8a,","	0x8a, 0x8a, 0x8a, 0x8a, 0x8a, 0x8a, 0x8a, 0x8a, 0x8a, 0x8a, 0x8a, 0x8a,
	0x8a, 0x8a, 0x8a, 0x8a, 0x8a, 0x8a,",0.0005348482518456,"[[184, 15, 87, 23, 64, 11, 207, 15, 87, 23, 64, 11, 207, 15, 87, 23, 64, 11, 207, 15, 87, 23, 64, 11, 207, 15, 87, 23, 64, 11, 207, 15, 87, 23, 64, 11, 207, 15, 87, 23, 64, 11, 207, 15, 87, 23, 64, 11, 207, 15, 87, 23, 64, 11, 207, 15, 87, 23, 64, 11, 207, 15, 87, 23, 64, 11, 207, 15, 87, 23, 64, 11, 185, 184, 15, 87, 23, 64, 11, 207, 15, 87, 23, 64, 11, 207, 15, 87, 23, 64, 11, 207, 15, 87, 23, 64, 11, 207, 15, 87, 23, 64, 11, 207, 15, 87, 23, 64, 11]]","[-0.0027959563303738832, -3.4570634852570947e-06, -2.9802276912960224e-06, -2.4437606043647975e-05, -0.02985733188688755, 0.0, -8.344646857949556e-07, 0.0, -1.0728830375228426e-06, -4.887569048150908e-06, -0.0003404037852305919, -1.1920928244535389e-07, -1.1920928244535389e-07, 0.0, -4.768370445162873e-07, -5.602820692729438e-06, -0.0002708068350329995, -1.1920928244535389e-07, -3.576278118089249e-07, 0.0, -3.576278118089249e-07, -2.264974000354414e-06, -0.00021169328829273582, -1.1920928244535389e-07, -1.1920928244535389e-07, 0.0, -4.768370445162873e-07, -1.4305104514278355e-06, -2.3364747903542593e-05, -1.1920928244535389e-07, -1.1920928244535389e-07, 0.0, -3.576278118089249e-07, -2.0265558760002023e-06, -3.1709168979432434e-05, -1.1920928244535389e-07, -1.1920928244535389e-07, 0.0, -2.3841855067985307e-07, -2.7418097943154862e-06, -9.321732068201527e-05, -1.1920928244535389e-07, -1.1920928244535389e-07, 0.0, -3.576278118089249e-07, -2.50339189733495e-06, -0.00011932138295378536, -2.3841855067985307e-07, -1.1920928244535389e-07, 0.0, -3.576278118089249e-07, -2.861018856492592e-06, -3.218599158572033e-05, -1.1920928244535389e-07, -1.1920928244535389e-07, 0.0, -2.3841855067985307e-07, -2.861018856492592e-06, -3.659658250398934e-05, -1.1920928244535389e-07, -2.3841855067985307e-07, 0.0, -7.152555099310121e-07, -3.6954811548639555e-06, -0.0002205128694185987, -2.3841855067985307e-07, -1.156323378381785e-05, 0.0, -3.576278118089249e-07, -2.622600959512056e-06, -0.0007613382767885923, -3.4570634852570947e-06, -1.9073304429184645e-05, -1.4305104514278355e-06, 0.0, -2.3841855067985307e-07, -2.9802276912960224e-06, -0.00015341058315243572, -1.1920928244535389e-07, -1.1920928244535389e-07, 0.0, -8.344646857949556e-07, -5.245195097813848e-06, -0.00032109825406223536, -1.1920928244535389e-07, -1.1920928244535389e-07, 0.0, -5.960462772236497e-07, -5.960446742392378e-06, -0.0005293875001370907, -1.1920928244535389e-07, -1.1920928244535389e-07, 0.0, -5.960462772236497e-07, -6.794906312279636e-06, -0.0009921634336933494, -2.3841855067985307e-07, -2.3841855067985307e-07, 0.0, -9.536738616588991e-07, -7.748573807475623e-06, -0.0005287918029353023, -2.3841855067985307e-07, -3.576278118089249e-07, 0.0, -7.152555099310121e-07, -8.4638240878121e-06, -0.0008218486327677965, -3.576278118089249e-07]",13.610416412353516,True,1.0,-0.038293010556394336,-0.00035131202345315907,109.0,-0.034903037503774215,-0.0005629522178028099,62.0,1.1941967175079343e-05,0,25,37,25,0.6756756756756757,-0.9500775286632691,-1.110898585973544,False,71,0.6513761467889908,0.0,1.0,0.0,0.858399059018542
~/anvil/data/cve-targets/libxml2_repo_valid.c,694,599,739,if ((ocur == XML_ELEMENT_CONTENT_PLUS) ||,if ((ocur == XML_ELEMENT_CONTENT_PLUS) ||,	    if ((ocur == XML_ELEMENT_CONTENT_PLUS) ||,0.1328977346420288,"[[10212, 562, 8178, 31629, 2312, 17170, 62, 36, 29174, 62, 25563, 4208, 62, 8124, 3648, 8, 1550, 32014]]","[-0.06185634806752205, -0.5951101779937744, -0.21226361393928528, -0.06009906530380249, -0.3515979051589966, -0.000379132863599807, -5.960462772236497e-07, -1.3351351299206726e-05, -2.3841855067985307e-07, -1.1920928244535389e-07, -2.0265558760002023e-06, -8.344646857949556e-07, -4.768370445162873e-07, -0.9615530967712402, -5.960462772236497e-07, -0.0012453190283849835, -0.013342145830392838, -0.06254740059375763]",8.229340553283691,True,0.0,-2.2574650438862918,-0.132792061405076,17.0,-2.2574650438862918,-0.132792061405076,17.0,0.06795657569980151,0,11,11,11,1.0,-1.000795779776552,-1.0297928564131555,False,16,0.9411764705882353,0.0,1.0,0.0,1.025668769505069
~/anvil/data/cve-targets/libtiff_repo_libtiff_tif_predict.c,606,576,615,assert(rowsize > 0);,if (rowsize == 0),"	if (rowsize == 0)
		rowsize",0.516710102558136,"[[2944, 334, 725, 3017, 7400, 15, 8, 185, 184, 184, 725, 3017]]","[-1.062385082244873, -0.19045111536979675, -0.8360770344734192, -8.737658936297521e-05, -0.7927981019020081, -0.016031062230467796, -0.07224319130182266, -0.3777068257331848, -0.0489337258040905, -0.39147353172302246, -0.02158215083181858, -4.482168878894299e-05]",2.218055486679077,False,1.0,-3.809814019892656,-0.3174845016577213,12.0,-3.7881870473720483,-0.3788187047372048,10.0,0.13612357807341852,1,12,13,12,0.9230769230769231,-1.3640036674445355,-1.1967862011726749,True,7,0.5833333333333334,9.0,0.6486486486486487,7.0,1.5207818386210679
~/anvil/data/cve-targets/libsndfile_repo_src_common.c,1260,1105,1410,} /* psf_strlcpy_crlf */,return ;,"	return ;
} /* psf_strlcpy_crlf */
void
psf",0.2892375588417053,"[[3404, 6203, 185, 92, 4535, 265, 5274, 62, 2006, 23446, 4016, 62, 7251, 75, 69, 1641, 185, 4563, 185, 829, 69]]","[-0.06742693483829498, -0.0009614374139346182, -0.0019955975003540516, -0.00219533103518188, -0.010811679996550083, -0.04085972160100937, -0.00019262365822214633, -0.0004913791781291366, -0.00549970893189311, -0.0036446116864681244, -7.259582343976945e-05, -0.026899071410298347, -0.0022352966479957104, -0.0005703729693777859, -0.0002643712505232543, -0.0018347349250689149, -0.034237250685691833, -1.16074800491333, -0.024573257192969322, -0.17454642057418823, -0.0005077026435174048]",4.993923664093018,False,3.0,-1.5605681048764382,-0.074312766898878,21.0,-0.07038396975258365,-0.023461323250861216,3.0,0.0009666657489759358,0,3,10,4,0.3,-12.328271331886109,-1.1165494639095017,True,13,0.6190476190476191,21.0,0.1875,4.0,1.656341073872871
~/anvil/data/cve-targets/lua_repo_ldebug.c,593,584,599,if (c->upvals[i]->v == o) {,if (o == &c->upvalues[i]->v) {,    if (o == &c->upvalues[i]->v) {,0.6430581212043762,"[[315, 562, 334, 78, 2312, 573, 66, 12, 29, 393, 9254, 58, 72, 25123, 29, 85, 8, 507, 32014]]","[-0.001424251589924097, -0.7059826850891113, -0.049919016659259796, -1.1169699430465698, -0.03250861167907715, -0.32471343874931335, -0.25940585136413574, -0.0007555014453828335, -2.13382354559144e-05, -0.041961826384067535, -0.06004394590854645, -0.009886701591312885, -0.0042860317043960094, -0.7761977314949036, -1.168244216387393e-05, -0.7773042917251587, -0.007696734741330147, -0.0022809698712080717, -0.07476699352264404]",8.810070037841797,False,0.0,-4.171370553721317,-0.23174280854007318,18.0,-4.171370553721317,-0.23174280854007318,18.0,0.12043673993313103,0,24,26,26,0.9230769230769231,-2.7748784320665467,-1.0149500856892668,True,16,0.8888888888888888,13.0,0.7719298245614035,7.0,2.3484068769093613
~/anvil/data/cve-targets/poppler_repo_poppler_SplashOutputDev.cc,3329,3315,3489,GfxRGB rgb;,GfxRGB rgb;,    GfxRGB rgb;,0.0100489342585206,"[[315, 452, 18498, 49, 6691, 427, 17152, 26, 32014]]","[-0.00014256415306590497, -0.022795770317316055, -6.615896563744172e-05, -0.04002318158745766, -7.533743337262422e-05, -0.006887267809361219, -1.2040065485052764e-05, -0.00020454221521504223, -0.0699712410569191]",16.536285400390625,True,0.0,-0.070206862546911,-0.008775857818363875,8.0,-0.070206862546911,-0.008775857818363875,8.0,0.00019411044784893957,0,5,5,5,1.0,-1.1450657549957972,-1.1952028852683774,False,7,0.875,0.0,1.0,0.0,0.32679271948861643
~/anvil/data/cve-targets/libxml2_repo_parser.c,13525,13370,13675,*,*," *
 *",0.0011101757409051,"[[572, 185, 572]]","[-0.0011104138102382421, -0.581279993057251, -0.0004204819560982287]",12.241537094116213,True,1.0,-0.5828108888235874,-0.19427029627452916,3.0,-0.5823904068674892,-0.2911952034337446,2.0,0.08414918517091395,0,2,3,2,0.6666666666666666,-0.003812479490781507,-1.073524587131321,False,1,0.3333333333333333,0.0,1.0,0.0,0.7330905198916352
~/anvil/data/cve-targets/libtiff_repo_libtiff_tif_dirread.c,4239,4220,4241,m=o->tdir_tag+1;,m=o->tdir_tag;,		m=o->tdir_tag;,0.5917438864707947,"[[184, 18299, 28, 78, 12, 29, 1735, 348, 62, 8372, 26, 32014]]","[-0.0071966941468417645, -0.1480434685945511, -0.5237640738487244, -0.056385599076747894, -0.0001641377166379243, -2.5987286790041253e-05, -0.00012659224739763886, -1.2874520507466514e-05, -3.814689989667386e-06, -5.113947918289341e-05, -0.0038304782938212156, -0.18326281011104584]",6.803168296813965,False,0.0,-0.739604859901192,-0.0672368054455629,11.0,-0.739604859901192,-0.0672368054455629,11.0,0.02270571388798842,0,13,10,10,1.3,-8.800892346824682,-1.0671718070509915,True,12,1.0909090909090908,2.0,0.9333333333333333,3.0,2.0213173930185597
~/anvil/data/cve-targets/lua_repo_liolib.c,171,162,172,return 0;,return 0;,"  return 0;
}
static",0.1126092076301574,"[[207, 967, 207, 15, 26, 185, 92, 185, 6412]]","[-0.004792512860149145, -0.2986321449279785, -0.03442615643143654, -0.004173973109573126, -0.0002002515539061278, -0.3725326657295227, -0.0008093419019132853, -0.006593851372599602, -0.6798660755157471]",7.57139778137207,True,2.0,-1.4020269734028261,-0.15578077482253624,9.0,-0.7147577046125662,-0.11912628410209436,6.0,0.02400681770239213,0,5,8,5,0.625,-0.9452927074737625,-1.0468715505569206,False,4,0.4444444444444444,0.0,1.0,0.0,0.8905632900142326
~/anvil/data/cve-targets/libpng_repo_pngrutil.c,128,-27,278,*/,*/, */,0.3489971160888672,"[[1641, 32014]]","[-0.3489970266819, -0.1602848321199417]",19.12256622314453,True,0.0,-0.3489970266819,-0.3489970266819,1.0,-0.3489970266819,-0.3489970266819,1.0,0.0,0,3,3,3,1.0,-1.0000002561826042,-1.2750341594906256,False,1,1.0,0.0,1.0,0.0,0.09415483493085135
~/anvil/data/cve-targets/php_repo_ext_exif_exif.c,2659,2639,2730,switch(ImageInfo->Thumbnail.filetype) {,switch (ImageInfo->Thumbnail.filetype) {,	switch (ImageInfo->Thumbnail.filetype) {,0.1706937104463577,"[[184, 16543, 334, 6635, 4580, 12, 29, 1080, 4313, 28490, 13, 2800, 2139, 8, 507, 32014]]","[-0.29310616850852966, -0.10460270941257477, -0.13023363053798676, -0.006363960448652506, -6.198863957251888e-06, -7.152301259338856e-05, -9.536738616588991e-07, -0.013798560947179794, -5.006777428206988e-06, -8.702239938429557e-06, -0.00022623363474849612, -0.0019714459776878357, -8.5588610090781e-05, -0.006534281652420759, -0.005308460909873247, -0.5827276110649109]",8.041841506958008,False,0.0,-0.5623234252075235,-0.03748822834716824,15.0,-0.5623234252075235,-0.03748822834716824,15.0,0.006202597974726636,0,16,16,16,1.0,-4.553261596296573,-1.0346313171005819,True,14,0.9333333333333333,1.0,0.9873417721518988,0.0,2.0738576704470186
~/anvil/data/cve-targets/openssl_repo_ssl_statem_extensions_srvr.c,335,180,485,},},"}
#",0.0039990940131247,"[[92, 185, 2]]","[-0.003998737782239914, -0.07021719217300415, -0.16381634771823883]",11.24548625946045,True,1.0,-0.2380322776734829,-0.07934409255782764,3.0,-0.07421592995524406,-0.03710796497762203,2.0,0.0010962209254754308,0,2,2,2,1.0,-0.10776915456119339,-1.0471225470339336,False,1,0.3333333333333333,0.0,1.0,0.0,0.8297926063615121
~/anvil/data/cve-targets/libtiff_repo_libtiff_tif_next.c,118,39,140,while (n-- > 0 && npixels < imagewidth),if (npixels + n > imagewidth),"				if (npixels + n > imagewidth)
					goto bad;
				npixels",0.5990476012229919,"[[1749, 2944, 334, 21889, 681, 1289, 945, 291, 1938, 3310, 2166, 8, 185, 1076, 184, 25804, 3794, 26, 185, 1749, 184, 21889, 681, 1289]]","[-0.23762840032577515, -0.37284842133522034, -0.24391143023967743, -0.4913942217826843, -4.6967357775429264e-05, -8.344646857949556e-07, -0.6085811853408813, -0.02007768675684929, -0.12135736644268036, -0.21573032438755035, -5.483612312673358e-06, -0.08860773593187332, -0.25718966126441956, -0.08753131330013275, -0.053316738456487656, -0.5706657767295837, -0.004018209874629974, -0.00042524831951595843, -0.002973779570311308, -0.035645466297864914, -0.252583771944046, -0.2137938290834427, -5.8412379075889476e-06, 0.0]",8.316841125488281,False,2.0,-3.878339694056308,-0.16159748725234616,24.0,-2.7982277709990058,-0.1865485180666004,15.0,0.032732176088213195,1,20,20,15,1.0,-3.2112160816475837,-1.0275426319049157,True,14,0.5833333333333334,19.0,0.6764705882352942,11.0,2.246715641362731
~/anvil/data/cve-targets/poppler_repo_splash_SplashXPathScanner.cc,413,391,477,const int intersectionIndex = splashAASize * y + yy - yMin;,// find the first intersection,"            // find the first intersection
            interIdx = 0;
            interCount = 0;
            while (interIdx < all",0.7365009784698486,"[[655, 1069, 1273, 254, 1019, 20562, 185, 655, 1193, 1825, 87, 1412, 15, 26, 185, 655, 1193, 5611, 1412, 15, 26, 185, 655, 1470, 334, 2263, 1825, 87, 1013, 519]]","[-0.0029517910443246365, -0.8265231847763062, -2.0010578632354736, -1.2337682247161865, -0.8719950914382935, -0.5371324419975281, -1.2953212261199951, -0.0015966061037033796, -1.393537163734436, -0.14865127205848694, -2.622600959512056e-06, -0.1129605621099472, -0.0014467497821897268, -0.0014992436626926064, -0.013616419397294521, -0.0010788579238578677, -0.8061581254005432, -0.0030884684529155493, -0.0488048791885376, -0.000548331590835005, -0.0001746263587847352, -0.0026396214962005615, -0.002018558792769909, -0.17918963730335236, -0.007066140417009592, -0.037056177854537964, -0.002379326382651925, -3.2186455882765586e-06, -0.006101552397012711, -0.5781099796295166]",9.275867462158203,False,3.0,-10.116477964611931,-0.337215932153731,30.0,-6.770346429431811,-0.8462933036789764,8.0,0.40082667166134267,1,19,19,2,1.0,-0.8702668156160016,-1.0031996068653477,True,18,0.6,49.0,0.4044943820224719,18.0,2.3564904936190527
~/anvil/data/cve-targets/libsndfile_repo_src_flac.c,8,-147,158,** (at your option) any later version.,** (at your option) any later version.,"** (at your option) any later version.
**
** This program",0.0035106546711176,"[[742, 334, 253, 518, 3464, 8, 683, 3455, 2615, 13, 185, 742, 185, 742, 997, 2031]]","[-0.00015245705435518175, -0.009419050067663193, -0.00022742546570952982, -0.0001411338453181088, -0.000490068516228348, -0.0004751745145767927, -0.0004737447015941143, -3.3378044463461265e-05, -9.63164638960734e-05, -0.023332446813583374, -0.11492142081260681, -0.0010352734243497252, -0.008064920082688332, -0.0004032037395518273, -0.014928529970347881, -0.002292744582518935]",18.232810974121094,True,2.0,-0.1764872880994517,-0.01103045550621573,16.0,-0.149762616299995,-0.013614783299999544,11.0,0.0010728967854485563,0,16,23,16,0.6956521739130435,-0.2578560814197988,-1.2469855624240285,False,10,0.625,0.0,1.0,0.0,0.2619226892561236
~/anvil/data/cve-targets/openssl_repo_ssl_record_rec_layer_s3.c,1302,1129,1598,if (!peek) {,SSL3_RECORD_add_off(,            SSL3_RECORD_add_off(,0.3032551109790802,"[[655, 25811, 18, 62, 1369, 34, 8875, 62, 1761, 62, 2959, 7]]","[-0.003267427906394005, -0.7712206840515137, -0.0015510206576436758, -2.8490614567999728e-05, -0.0018669809214770794, -4.291525328881107e-06, -2.145764938177308e-06, -5.006777428206988e-06, -0.08146750926971436, -0.000176652567461133, -0.008842714130878448, -0.00024470672360621393]",10.641491889953612,False,0.0,-0.8686776309109518,-0.07238980257591265,12.0,-0.8686776309109518,-0.07238980257591265,12.0,0.04488581244001838,1,12,3,3,4.0,-4.189196546862622,-1.0314299203623267,True,6,0.5,20.0,0.125,10.0,2.0714949375514626
~/anvil/data/cve-targets/libxml2_repo_valid.c,1262,1186,1278,},},    },0.0065050283446908,"[[315, 611, 32014]]","[-0.629734992980957, -0.0065053836442530155, -0.07235708087682724]",6.621700286865234,True,0.0,-0.63624037662521,-0.318120188312605,2.0,-0.63624037662521,-0.318120188312605,2.0,0.09710378648849517,1,2,2,2,1.0,-0.020448335514936095,-1.0720242443576389,False,1,0.5,0.0,1.0,0.0,0.739826730024079
~/anvil/data/cve-targets/libsndfile_repo_src_wavlike.c,712,679,743,if ((psf->cart_16k = cart_var_alloc ()) == NULL),psf->cart_16k = (SF_CART_INFO_16K *) malloc (sizeof (SF_CART_,	psf->cart_16k = (SF_CART_INFO_16K *) malloc (sizeof (SF_CART_,1.1093783378601074,"[[184, 829, 69, 12, 29, 24455, 62, 16, 21, 74, 405, 334, 31708, 62, 34, 6969, 62, 17980, 62, 16, 21, 42, 12376, 273, 14314, 334, 3017, 990, 334, 31708, 62, 34, 6969, 62]]","[-0.7658313512802124, -0.12875473499298096, -7.176141662057489e-05, -0.07016796618700027, -5.960462772236497e-07, -0.005504214204847813, -0.0008547228644602001, -0.00242689554579556, -4.327203714638017e-05, -7.414542778860778e-05, -0.0038727535866200924, -0.81462562084198, -0.0032943999394774437, -6.198863957251888e-06, -0.0001515035255579278, -2.145764938177308e-06, -3.766942609217949e-05, -3.194758028257638e-05, -0.0011426832061260939, -0.00028046013903804123, -2.825220326485578e-05, -7.593343616463244e-05, -0.049486514180898666, -0.7199023365974426, -6.031808152329177e-05, -0.012844802811741829, -0.13770370185375214, -0.0001323135511483997, -0.023031234741210938, -0.0010995777556672692, -3.1470757676288486e-05, -0.00021443451987579465, -2.145764938177308e-06, -6.198863957251888e-06]",7.398611068725586,False,0.0,-2.741794277996462,-0.08064100817636653,34.0,-2.741794277996462,-0.08064100817636653,34.0,0.04679248032184697,0,26,17,17,1.5294117647058822,-13.756999855877707,-1.0514034690457843,True,22,0.6470588235294118,40.0,0.47706422018348627,21.0,2.3491946937631427
~/anvil/data/cve-targets/libsndfile_repo_src_alaw.c,327,320,332,if (ptr [i] >= 0),if (ptr [i] >= 0),		if (ptr [i] >= 0),0.1133904606103897,"[[184, 2944, 334, 8856, 821, 72, 60, 16684, 15, 8, 32014]]","[-0.009863211773335934, -0.06426897644996643, -0.020416464656591415, -0.30241724848747253, -0.007693659048527479, -0.00046588058467023075, -0.0003641180810518563, -0.12515850365161896, -0.0005706112715415657, -0.4949312210083008, -0.015918787568807602]",5.452951431274414,True,0.0,-1.0261498950130772,-0.10261498950130772,10.0,-1.0261498950130772,-0.10261498950130772,10.0,0.025148387996723875,1,17,17,17,1.0,-1.1050087434735318,-1.1038095233676912,False,9,0.9,0.0,1.0,0.0,0.8200450586647786
~/anvil/data/cve-targets/openssl_repo_crypto_bn_bn_gf2m.c,812,790,817,"ret = BN_GF2m_mod_exp_arr(r, a, b, arr, ctx);","ret = BN_GF2m_mod_exp_arr(r, a, b, p, arr, ctx);","    ret = BN_GF2m_mod_exp_arr(r, a, b, p, arr, ctx);",0.1216872036457061,"[[315, 2629, 405, 380, 45, 62, 29362, 17, 76, 62, 1784, 62, 5750, 62, 3046, 7, 81, 11, 245, 11, 270, 11, 265, 11, 5369, 11, 20803, 477, 32014]]","[-0.04600890353322029, -0.20487505197525024, -0.007186278700828552, -0.023501532152295113, -2.455681169521995e-05, -1.8715683836489916e-05, -0.006226663943380117, -9.762764238985255e-05, -0.00012158608296886086, -1.490105023549404e-05, -0.036717016249895096, -0.00018034738604910672, -0.000417741306591779, -0.0004231034545227885, -0.0006846229662187397, -0.020747656002640724, -0.030026128515601158, -3.7788631743751466e-05, -0.009214257821440697, -6.19869097135961e-05, -0.012843861244618893, -0.00018904806347563863, -0.5378419756889343, -0.002403705846518278, -0.405267596244812, -0.012755708768963814, -0.4509675204753876, -0.022944675758481026, -0.6342684030532837]",11.575737953186035,False,0.0,-1.8318005589117092,-0.06542144853256104,28.0,-1.8318005589117092,-0.06542144853256104,28.0,0.020907418626303777,0,20,22,22,0.9090909090909091,-1.8600505854764269,-1.0558036845927081,True,25,0.8928571428571429,3.0,0.967741935483871,2.0,2.030687893763254
~/anvil/data/cve-targets/sqlite3_repo_src_where.c,2686,2336,2707,&& pProbe->aiRowLogEst[saved_nEq+1]>=42  /* TUNING: Minimum for skip-scan */,&& pProbe->aiRowLogEst[saved_nEq] - pProbe->aiRowLogEst[saved_nEq+1] >= 42,   && pProbe->aiRowLogEst[saved_nEq] - pProbe->aiRowLogEst[saved_nEq+1] >= 42,0.6767207980155945,"[[243, 2956, 265, 1426, 1338, 12, 29, 2901, 9216, 5136, 5207, 58, 82, 12614, 62, 77, 14362, 60, 567, 265, 1426, 1338, 12, 29, 2901, 9216, 5136, 5207, 58, 82, 12614, 62, 77, 14362, 10, 16, 60, 16684, 19, 17, 32014]]","[-0.02065739408135414, -0.005768793635070324, -0.6304696798324585, -0.539280116558075, -7.271740287251305e-06, -0.00024291902082040906, -4.410734163684538e-06, -0.34920015931129456, -0.19738461077213287, -0.04098822548985481, -0.0005059154354967177, -0.006503725424408913, -0.04543209448456764, -2.50339189733495e-06, -1.6689286894688848e-06, -1.645074735279195e-05, -0.014670591801404953, -0.7563282251358032, -0.8766258955001831, -0.12792788445949554, -0.006226663943380117, -3.099436753473128e-06, -1.1920858014491387e-05, -3.6954811548639555e-06, -0.002314985264092684, -0.00025185750564560294, -5.8530047681415454e-05, -1.6212332411669195e-05, -0.00017641419253777713, -0.004152960609644651, -1.6689286894688848e-06, -2.7418097943154862e-06, -2.1576648578047752e-05, -0.003498982172459364, -0.004709936212748289, -0.0009756095823831856, -0.0008156548719853163, -1.1933616399765015, -0.08232444524765015, -0.018744124099612236, -0.5052304863929749]",8.125694274902344,False,0.0,-4.92969125570653,-0.12324228139266324,40.0,-4.92969125570653,-0.12324228139266324,40.0,0.07585852814000257,1,18,28,28,0.6428571428571429,-5.490979153976295,-1.0324646713910146,True,35,0.875,42.0,0.56,19.0,2.224515720577527
~/anvil/data/cve-targets/libpng_repo_png.c,2391,2368,2463,default:  goto PNG_FP_End;,default:  type = PNG_FP_SAW_NONDIGIT;,      default:  type = PNG_FP_SAW_NONDIGIT;              ,0.2604095339775085,"[[730, 3346, 25, 207, 1443, 405, 375, 12658, 62, 17843, 62, 9163, 54, 62, 45, 1236, 35, 3654, 2105, 26, 4885]]","[-0.18163461983203888, -0.19432242214679718, -0.018516892567276955, -0.2575956881046295, -0.15537288784980774, -0.5764838457107544, -0.03623323515057564, -2.4676019165781327e-05, -1.0609570381348021e-05, -0.0003875934926327318, -2.658331868587993e-05, -0.3756031095981598, -8.940297266235575e-05, -0.00048065552255138755, -1.171254277229309, -0.602295994758606, -1.0276589393615723, -0.0027925088070333004, -0.01315297931432724, -0.021402940154075623, -0.3795475959777832]",6.151432514190674,False,0.0,-5.014887457458826,-0.2388041646408965,21.0,-5.014887457458826,-0.2388041646408965,21.0,0.1130531066936866,0,8,10,10,0.8,-1.0904731681254438,-1.0847020844168007,True,12,0.5714285714285714,18.0,0.6349206349206349,5.0,1.8221398752778255
~/anvil/data/cve-targets/libtiff_repo_libtiff_tif_predict.c,511,502,521,tmsize_t wc = cc/4;,tmsize_t wc = cc / 4;,"	tmsize_t wc = cc / 4;
	if (wc >",0.1952255964279174,"[[19755, 1400, 938, 62, 83, 259, 66, 405, 26383, 889, 207, 19, 26, 185, 2944, 334, 86, 66, 1938]]","[-0.1903078407049179, -0.00011526874004630372, -2.3841855067985307e-07, -7.867782187531702e-06, -3.6954811548639555e-06, -0.01303955726325512, -0.0013954435708001256, -0.016064966097474098, -0.04342792555689812, -0.19206956028938293, -0.058776937425136566, -0.002474581589922309, -0.004717529751360416, -0.23071199655532837, -1.2497535943984985, -0.06593826413154602, -0.1657782346010208, -7.366862701019272e-05, -0.6127418279647827]",3.1112852096557617,False,1.0,-2.8473989989492736,-0.1498631052078565,19.0,-0.7531134092264153,-0.05379381494474395,14.0,0.006544438411184718,1,11,15,11,0.7333333333333333,-3.629145778719164,-1.1703572631614951,True,12,0.631578947368421,2.0,0.95,0.0,1.5292628365162668
~/anvil/data/cve-targets/sqlite3_repo_src_pragma.c,513,505,526,if( !zRight ){,if( zRight==0 ){,    if( zRight==0 ){,0.5508273243904114,"[[315, 562, 7, 1670, 10123, 780, 15, 2189, 90, 32014]]","[-0.05832519754767418, -0.08385789394378662, -0.00684204138815403, -0.33490824699401855, -0.09988278895616531, -0.15173077583312988, -0.009024073369801044, -0.05067117512226105, -0.00263450900092721, -0.13424475491046906]",10.552257537841797,False,0.0,-0.7978767021559179,-0.0886529669062131,9.0,-0.7978767021559179,-0.0886529669062131,9.0,0.009729436444430561,0,12,13,13,0.9230769230769231,-6.213298252873334,-1.0291315105121572,True,7,0.7777777777777778,4.0,0.8666666666666667,4.0,2.1385883354252546
~/anvil/data/cve-targets/openssl_repo_crypto_asn1_tasn_dec.c,815,760,890,case V_ASN1_NEG_INTEGER:,case V_ASN1_OCTET_STRING:,"    case V_ASN1_OCTET_STRING:
    case V_ASN1_UTF",0.1903763860464096,"[[315, 1452, 627, 62, 3146, 45, 16, 62, 46, 2068, 2421, 62, 22111, 25, 185, 315, 1452, 627, 62, 3146, 45, 16, 62, 15046]]","[-0.032278139144182205, -0.039416320621967316, -0.0010725465836003423, -1.966933996300213e-05, -4.053033626405522e-05, -1.1920928244535389e-07, -1.7881377516459906e-06, -3.302042750874534e-05, -1.4189066886901855, -0.1602577120065689, -2.6464111215318553e-05, -0.0019105292158201337, -0.0011478032683953643, -0.29776978492736816, -0.049853354692459106, -0.3176136314868927, -0.0036797686479985714, -0.00042417587246745825, -5.8412379075889476e-06, -6.329813186312094e-05, -1.7165990357170813e-05, -5.364403477869928e-06, -3.325883881188929e-05, -1.620007038116455]",8.011110305786133,False,1.0,-3.9445840134387637,-0.16435766722661516,24.0,-2.320348102199425,-0.14502175638746406,16.0,0.11856937720650061,1,5,9,5,0.5555555555555556,-1.3127436240516122,-1.0354265091051498,True,14,0.5833333333333334,10.0,0.7346938775510203,1.0,1.9506353571218762
~/anvil/data/cve-targets/sqlite3_repo_src_expr.c,5438,5367,5449,if( (pLeft->op==TK_COLUMN && IsVirtual(pLeft->y.pTab)),if( pLeft->op==TK_COLUMN && pLeft->y.pTab==0,"      if( pLeft->op==TK_COLUMN && pLeft->y.pTab==0
       && (pRight->op==TK_NULL || pRight->",0.0660964474081993,"[[730, 562, 7, 265, 12332, 12, 29, 424, 780, 51, 42, 62, 9725, 5767, 45, 2956, 265, 12332, 12, 29, 88, 13, 79, 14249, 780, 15, 185, 1032, 2956, 334, 79, 10123, 12, 29, 424, 780, 51, 42, 62, 14589, 1550, 265, 10123, 12, 29]]","[-0.007946070283651352, -0.17889711260795593, -0.022663041949272156, -0.9552575349807739, -0.2821362018585205, -0.0900522768497467, -5.590759246842936e-05, -0.1026732474565506, -0.00917232595384121, -0.0017033604672178626, -8.34461570775602e-06, -1.1920858014491387e-05, -0.04654635488986969, -3.2186455882765586e-06, -3.111314072157256e-05, -0.39306339621543884, -0.6541998982429504, -0.19978614151477814, -0.00150781380943954, -2.0503786799963564e-05, -0.27051547169685364, -0.001789517467841506, -0.014199766330420971, -0.008146983571350574, -1.1515878438949585, -0.11035564541816711, -0.6573264002799988, -0.774090051651001, -0.15172401070594788, -0.9894275069236755, -0.1416049599647522, -0.05972113832831383, -0.01861928217113018, -2.52720492426306e-05, -0.019815463572740555, -0.019066395238041878, -0.005355653818696737, -1.585470999998506e-05, -8.451581379631534e-05, -0.7966477870941162, -0.31231215596199036, -0.27559855580329895, -0.006017780862748623, -0.002597650745883584, -1.4662635294371285e-05]",10.057682991027832,False,1.0,-8.73239611242957,-0.19405324694287931,45.0,-5.933747466029899,-0.2119195523582107,28.0,0.10191413243706923,1,27,34,22,0.7941176470588235,-0.3118940497593894,-1.016485296555485,True,28,0.6222222222222222,14.0,0.8367346938775511,9.0,2.240034634889548
~/anvil/data/cve-targets/libpng_repo_pngset.c,683,602,757,else,else,         else,0.0001296912960242,"[[294, 1969, 32014]]","[-0.000993354362435639, -0.00014399446081370115, -0.1131322905421257]",10.618229866027832,True,0.0,-0.00113734882324934,-0.00056867441162467,2.0,-0.00113734882324934,-0.00056867441162467,2.0,1.8035306062080694e-07,0,2,2,2,1.0,-0.22805896198789644,-1.0308302660567563,False,1,0.5,0.0,1.0,0.0,0.8881250107874292
~/anvil/data/cve-targets/openssl_repo_ssl_statem_statem_dtls.c,385,375,412,if ((frag_off + frag_len) > msg_len) {,if (frag_off + frag_len > msg_len) {,"    if (frag_off + frag_len > msg_len) {
        SSLfatal(s, SSL_AD",0.2539748549461365,"[[315, 562, 334, 20708, 62, 2959, 945, 8010, 62, 6446, 1938, 16495, 62, 6446, 8, 507, 185, 436, 25811, 69, 2454, 7, 82, 11, 25811, 62, 3195]]","[-0.16608653962612152, -0.26932641863822937, -0.18091602623462677, -0.44132086634635925, -2.0861407392658293e-05, -0.3142388164997101, -0.7627232074737549, -0.007711994927376509, -4.529942543740617e-06, -6.9141146923357155e-06, -0.11359570175409317, -0.34857916831970215, -6.794906312279636e-06, -0.008691458031535149, -0.1764947921037674, -0.07872437685728073, -0.18315263092517853, -0.006559152156114578, -0.4150424599647522, -0.013339675031602383, -8.666139910928905e-05, -0.00033706706017255783, -0.00013505500101018697, -2.312633478140924e-05, -0.0018914919346570969, -1.2516897186287679e-05, -0.0006294653285294771]",9.49500846862793,False,1.0,-3.489657769216592,-0.12924658404505895,27.0,-3.058160250264791,-0.16989779168137728,18.0,0.03855647281521709,1,19,18,16,1.0555555555555556,-1.4948684878873266,-1.0022866365206624,True,16,0.5925925925925926,2.0,0.972972972972973,3.0,2.245334839427766
~/anvil/data/cve-targets/openssl_repo_crypto_pkcs7_pk7_doit.c,331,307,546,const char *propq;,"const char *propq = ""PROPERTY:","    const char *propq = ""PROPERTY:",0.5086140036582947,"[[315, 1133, 1555, 572, 6946, 80, 405, 440, 31640, 6579, 56, 25]]","[-0.30282047390937805, -1.2674198150634766, -0.5911675095558167, -0.036792051047086716, -0.016478396952152252, -0.006695574149489403, -0.45248034596443176, -0.9260460138320923, -0.7403753399848938, -0.35115504264831543, -0.14271549880504608, -0.09905480593442917]",10.09826374053955,False,0.0,-4.933200867846608,-0.4111000723205507,12.0,-4.933200867846608,-0.4111000723205507,12.0,0.14875898338133692,1,9,10,10,0.9,-1.237202418348661,-1.0175170632203434,True,6,0.5,13.0,0.7083333333333333,4.0,2.1367210599980773
~/anvil/data/cve-targets/lua_repo_ldo.c,320,309,331,Proto *p = clLvalue(s2v(ci->func))->p;,Proto *p = ci->u.l.p;,      Proto *p = ci->u.l.p;,0.941476583480835,"[[730, 1378, 577, 572, 79, 405, 4533, 12, 29, 84, 13, 75, 13, 79, 26, 32014]]","[-0.005242410581558943, -1.641559362411499, -0.0011948358733206987, -0.03216143697500229, -0.015286079607903957, -0.049283068627119064, -1.5720465183258057, -0.0011560192797333002, -4.029192859889008e-05, -0.10842730849981308, -0.000296310376143083, -0.022489503026008606, -0.0003524397616274655, -0.10298743098974228, -0.02340453304350376, -0.3969658613204956]",7.888932228088379,False,0.0,-3.57592754930738,-0.23839516995382534,15.0,-3.57592754930738,-0.23839516995382534,15.0,0.2893804857303765,1,26,19,19,1.368421052631579,-3.949226755152754,-1.03859400463594,True,21,1.4,20.0,0.6101694915254237,12.0,2.3559455839366397
~/anvil/data/cve-targets/sqlite3_repo_src_pragma.c,1587,1460,1707,"sqlite3ExprCodeGetColumnOfTable(v, pTab, iDataCur, j, 3);","sqlite3VdbeAddOp3(v, OP_Column, iDataCur, j, 3);","          sqlite3VdbeAddOp3(v, OP_Column, iDataCur, j, 3);
          if( !isQuick )",1.5214152336120603,"[[1574, 15313, 547, 18, 53, 67, 1338, 3511, 10469, 18, 7, 85, 11, 17364, 62, 8517, 11, 460, 2714, 17560, 11, 521, 11, 207, 18, 477, 185, 1574, 562, 7, 2069, 262, 29324, 2189, 32014]]","[-0.06405353546142578, -0.7856166362762451, -0.0005032941699028015, -1.4305012882687151e-05, -0.030343974009156227, -9.107174992095679e-05, -5.245195097813848e-06, -0.027936561033129692, -0.00040904260822571814, -0.08034178614616394, -0.0018954183906316757, -0.0005627478822134435, -2.13382354559144e-05, -0.0018353299237787724, -4.625213477993384e-05, -0.009153898805379868, -0.0005489272880367935, -0.005241936072707176, -0.00013851160474587232, -5.960462772236497e-07, -0.000949885172303766, -0.05618445575237274, -0.035663869231939316, -0.05484879016876221, -0.007747955620288849, -0.002201516181230545, -0.2080332487821579, -0.4345604479312897, -0.2817467749118805, -0.0022280411794781685, -0.9303967952728271, -0.1561225950717926, -0.0011145814787596464, -0.02462606318295002, -0.49839678406715393]",11.492013931274414,False,1.0,-3.2051854279841905,-0.09427015964659384,34.0,-1.8089505768865024,-0.06460537774594652,28.0,0.026868825767573275,1,17,27,17,0.6296296296296297,-23.549358996008923,-1.0535960924842216,True,24,0.7058823529411765,29.0,0.6285714285714286,2.0,2.3367008217502967
~/anvil/data/cve-targets/poppler_repo_utils_HtmlOutputDev.cc,1169,1146,1175,fclose(f1);,// close the image file,"    // close the image file
    fclose(f",0.2384023517370224,"[[315, 1069, 3399, 254, 3310, 1753, 185, 315, 267, 7428, 7, 69]]","[-0.01708187349140644, -0.5213260650634766, -0.7619471549987793, -0.6492558121681213, -0.8534335494041443, -0.06359007209539413, -0.0384654738008976, -0.0016145778354257345, -0.6735442280769348, -0.012665548361837864, -0.0007840896723791957, -0.0005658455775119364]",13.040973663330078,False,1.0,-3.594274290546309,-0.29952285754552577,12.0,-2.9067145788576454,-0.3633393223572057,8.0,0.11899003098092319,0,9,5,2,1.8,-0.6561424461034377,-1.095195795558693,True,6,0.5,17.0,0.3529411764705882,8.0,1.7901198221448085
~/anvil/data/cve-targets/poppler_repo_fofi_FoFiTrueType.cc,1313,1022,1326,} else if (needVerticalMetrics && i == t42VmtxTable) {,} else if (needVerticalMetrics && i == t42VmtxTable) {,                } else if (needVerticalMetrics && i == t42VmtxTable) {,0.0006002496811561,"[[1044, 611, 1969, 562, 334, 18834, 10681, 735, 30658, 2956, 460, 2312, 244, 19, 17, 53, 7764, 87, 5127, 8, 507, 32014]]","[-0.004802240990102291, -4.9232225137529895e-05, -0.00018070495571009815, -0.0029221950098872185, -0.00027414379292167723, -0.0018634112784639, -2.7417760065873154e-05, 0.0, -8.344646857949556e-07, -0.00018344627460464835, -0.0006992755807004869, -9.643566590966657e-05, -5.352353764465079e-05, -7.152555099310121e-07, -2.3841855067985307e-07, -9.190614218823612e-05, -0.00030524839530698955, -5.960462772236497e-07, -3.671578815556131e-05, -0.005319251213222742, -3.8265450712060556e-05, -0.3140278160572052]",19.07222366333008,True,0.0,-0.01694579824575726,-0.0008069427736074886,21.0,-0.01694579824575726,-0.000847289912287863,20.0,2.4020672947186897e-06,1,15,15,15,1.0,-0.7084348254959134,-1.2734304567975558,False,20,0.9523809523809523,0.0,1.0,0.0,0.15369602003778873
~/anvil/data/cve-targets/openssl_repo_crypto_mdc2_mdc2dgst.c,45,36,69,if (i + len < MDC2_BLOCK) {,j = MDC2_BLOCK - i;,"        j = MDC2_BLOCK - i;
        if (len < j) {",0.1437632888555526,"[[436, 521, 405, 363, 7822, 17, 62, 33, 17500, 567, 460, 26, 185, 436, 562, 334, 6446, 1013, 521, 8, 507, 32014]]","[-0.0017484629061073065, -0.6708062887191772, -0.001259368029423058, -0.029547201469540596, -0.0006058764411136508, -8.4638240878121e-06, -1.156323378381785e-05, -0.00042489083716645837, -4.4225667807040736e-05, -0.0001532914029667154, -0.001434369827620685, -1.1086402082582936e-05, -0.0014935302315279841, -0.00027938754647038877, -0.005536816082894802, -0.0006137394811958075, -0.014431505464017391, -0.010059020482003689, -0.0001006075763143599, -2.038458114839159e-05, -0.00011884459672728553, -0.0340321809053421]",10.29270839691162,False,1.0,-0.7387089248031771,-0.035176615466817954,21.0,-0.7078280065388753,-0.05055914332420538,14.0,0.029648322793315574,1,16,22,10,0.7272727272727273,-2.843467657940426,-1.022475373811674,True,14,0.6666666666666666,16.0,0.5652173913043479,15.0,2.1116763294434238
~/anvil/data/cve-targets/libsndfile_repo_src_common.c,583,470,684,"double64_le_write (doubledata, psf->header.ptr + psf->header.indx) ;","double64_le_write (doubledata, psf->header.ptr + psf->header.indx) ;","						double64_le_write (doubledata, psf->header.ptr + psf->header.indx) ;",0.0001913105515995,"[[4552, 184, 13270, 21, 19, 62, 275, 62, 6449, 334, 67, 264, 11259, 747, 11, 265, 5274, 12, 29, 7301, 13, 8856, 945, 265, 5274, 12, 29, 7301, 13, 513, 87, 8, 6203, 32014]]","[-0.0015718498034402728, -0.0004976941272616386, -0.0007892115972936153, -0.00021598390594590455, -1.7881377516459906e-06, -1.549708758830093e-05, -0.0015705404803156853, -8.4638240878121e-06, -2.4914430468925275e-05, -0.00046790618216618896, -0.0009461931767873466, -2.3841855067985307e-07, -5.006777428206988e-06, -1.1920928244535389e-07, -0.00017105070583056659, -0.0005004345439374447, 0.0, -1.1086402082582936e-05, -3.576278118089249e-07, -8.22540732769994e-06, -6.198863957251888e-06, -8.4638240878121e-06, -0.00018857131362892687, -0.00014161060971673578, 0.0, -1.0847986231965479e-05, 0.0, -1.3351351299206726e-05, -3.576272320060525e-06, -1.6689286894688848e-06, -5.960462772236497e-07, -0.0004917366313748062, -0.00017772526189219207, -0.07489508390426636]",13.497395515441896,True,0.0,-0.007850908934834422,-0.00023790633135861884,33.0,-0.007850908934834422,-0.0002616969644944807,30.0,1.7306726886598916e-07,0,26,26,26,1.0,-0.7310384817380441,-1.1077641474079902,False,31,0.9393939393939394,0.0,1.0,0.0,0.8810802551752351
~/anvil/data/cve-targets/openssl_repo_crypto_asn1_tasn_enc.c,524,454,567,case V_ASN1_NEG_ENUMERATED:,return ossl_i2c_ASN1_NEG_INTEGER((ASN1_NE,        return ossl_i2c_ASN1_NEG_INTEGER((ASN1_NE,0.0578764900565147,"[[436, 967, 269, 23172, 62, 72, 17, 66, 62, 3146, 45, 16, 62, 8278, 38, 62, 1154, 4463, 18924, 5930, 3146, 45, 16, 62, 8278]]","[-0.6359744668006897, -0.38110750913619995, -0.011372149921953678, -2.825220326485578e-05, -2.47952248173533e-05, -0.0025505651719868183, -4.2914423829643056e-05, -0.015883589163422585, -5.352353764465079e-05, -0.008163773454725742, -1.2159273865108844e-05, -2.6464111215318553e-05, -8.725739462533966e-05, -0.45674628019332886, -8.606540359323844e-05, -0.00035065223346464336, -0.0005577438860200346, -1.1920922133867862e-06, -1.645074735279195e-05, -0.007442486006766558, -0.005159752443432808, -5.006777428206988e-06, -6.6756979322235566e-06, -3.6954811548639555e-06, -0.12494790554046631]",11.470009803771973,False,0.0,-1.6506513263213947,-0.06602605305285579,25.0,-1.6506513263213947,-0.06602605305285579,25.0,0.026619473770765744,1,5,6,6,0.8333333333333334,-0.876570495743292,-1.0530166653023258,True,15,0.6,26.0,0.5,6.0,1.8552303099763847
~/anvil/data/cve-targets/lua_repo_ldebug.c,80,74,81,"return luaG_getfuncline(ci_func(ci)->p, currentpc(ci));","return getbaseline(ci, ci->calls);","  return getbaseline(ci, ci->calls);",1.5890449285507202,"[[207, 967, 748, 9872, 6022, 7, 2711, 11, 4533, 12, 29, 4749, 82, 477, 32014]]","[-0.056330837309360504, -1.2160944938659668, -0.8539752960205078, -0.9430645704269409, -0.00849904678761959, -0.3098379969596863, -0.06452829390764236, -0.9779912233352661, -0.8885228633880615, -0.007278828416019678, -0.0001770101225702092, -2.206489086151123, -1.7571783065795898, -1.29861319065094, -0.35799238085746765]",4.296397686004639,False,0.0,-10.588581043921295,-0.7563272174229496,14.0,-10.588581043921295,-0.7563272174229496,14.0,0.47008327747327616,0,25,15,15,1.6666666666666667,-2.1010019102117043,-1.1361907766825607,True,23,1.6428571428571428,31.0,0.5393258426966292,15.0,2.1432811963908263
~/anvil/data/cve-targets/libsndfile_repo_src_alaw.c,338,332,352,"int			bufferlen, readcount ;",int		bufferlen ;,"	int		bufferlen ;
	int		readcount ;",0.215863436460495,"[[17734, 184, 184, 10401, 6446, 6203, 185, 17734, 184, 184, 1187, 4241, 6203, 32014]]","[-0.12877558171749115, -0.04213019087910652, -0.2775784134864807, -0.3512459993362427, -0.00011693747364915907, -0.45835134387016296, -0.06494808197021484, -0.10424886643886566, -0.004377188626676798, -0.0013669917825609446, -0.000325388420606032, -8.77341881277971e-05, -0.007504960056394339, -0.036805953830480576]",6.524999618530273,False,1.0,-1.4410576782465796,-0.11085059063435228,13.0,-1.323146548733348,-0.18902093553333543,7.0,0.026140493439694434,0,7,9,5,0.7777777777777778,-1.1420080841914237,-1.0746190160684006,True,9,0.6923076923076923,12.0,0.7272727272727273,2.0,1.836877248284748
~/anvil/data/cve-targets/libpng_repo_png.h,2652,2497,2802,#define PNG_IMAGE_FLAG_INVALID 0x08,#define PNG_IMAGE_FLAG_16BIT_LINEAR 0x08,"#define PNG_IMAGE_FLAG_16BIT_LINEAR 0x08
   /* On read if",0.6592731475830078,"[[2, 5388, 375, 12658, 62, 3220, 9302, 62, 30692, 62, 16, 21, 22862, 62, 18467, 1522, 207, 15, 87, 15, 23, 185, 243, 4535, 2416, 1272, 562]]","[-0.3649638891220093, -0.09848468750715256, -0.0031237637158483267, -0.00022480344341602176, -6.496695277746767e-05, -0.02842240035533905, -0.00021181246847845614, -9.214453893946484e-05, -0.21979819238185883, -0.0009496469865553081, -0.9079355001449585, -0.004639456048607826, -0.01233249343931675, -0.11105847358703613, -0.6256000995635986, -0.000491855782456696, -0.043066710233688354, -0.000579546787776053, -0.0005886013968847692, -0.0269380621612072, -0.017841212451457977, -0.009615416638553143, -0.029559584334492683, -0.00018142008048016578, -0.3497774004936218, -0.04441637173295021, -0.2281327247619629]",6.734201431274414,False,1.0,-3.1290912371114246,-0.11589226804116387,27.0,-2.5065833200424095,-0.10898188348010476,23.0,0.05004136366837086,1,5,11,5,0.45454545454545453,-6.049382948160937,-1.0690133815531526,True,17,0.6296296296296297,10.0,0.8266666666666667,1.0,1.9397318530325784
~/anvil/data/cve-targets/libxml2_repo_HTMLparser.c,2792,2772,2812,*/,* NameChar,     * NameChar,1.3146244287490845,"[[251, 572, 9715, 8061]]","[-0.003908258862793446, -0.31463608145713806, -1.2256349325180054, -0.07940232753753662]",9.93962574005127,False,0.0,-1.6235816003754735,-0.4058954000938684,4.0,-1.6235816003754735,-0.4058954000938684,4.0,0.23712313809984736,1,3,3,3,1.0,-3.2388256394259733,-1.0134896329834147,True,1,0.25,9.0,0.16666666666666663,3.0,2.2744060621585023
~/anvil/data/cve-targets/lua_repo_lstate.h,278,123,428,l_uint32 nCcalls;  /* number of nested (non-yieldable | C)  calls */,lua_KContext ctx;  /* context for hooks */,"  lua_KContext ctx;  /* context for hooks */
  lua_KFunction k;  /* continuation for yielding */
  lu_mem gcrunning; ",2.281213760375977,"[[207, 284, 5713, 62, 42, 4828, 20803, 26, 207, 4535, 3723, 327, 11670, 82, 1641, 185, 207, 284, 5713, 62, 42, 9116, 528, 26, 207, 4535, 3049, 335, 327, 6916, 272, 1641, 185, 207, 284, 84, 62, 7253, 306, 66, 22785, 26, 207]]","[-0.0029863782692700624, -0.6542087197303772, -0.4522988200187683, -0.0009991897968575358, -0.8992670178413391, -0.28170648217201233, -0.4808571934700012, -0.008488171733915806, -0.3589203357696533, -0.0007306052139028907, -0.3857465982437134, -1.2982792854309082, -1.34225332736969, -0.18952849507331848, -0.4586637318134308, -0.08932460099458694, -0.006385163404047489, -1.2738611698150635, -0.587546706199646, -0.010523423552513123, -1.4701917171478271, -0.05542775243520737, -0.6111512780189514, -0.10275629162788391, -0.08774568140506744, -0.00033146608620882034, -0.36053016781806946, -0.00031859567388892174, -0.9559009075164795, -1.2344155311584473, -1.219106674194336, -0.8474628329277039, -0.11402475833892822, -0.011612086556851864, -1.4093471765518188, -1.0237720012664795, -0.0006111184484325349, -0.6037085056304932, -0.9568663835525513, -0.32176458835601807, -1.187103509902954, -0.4745786190032959, -0.1479232907295227]",9.181815147399902,False,2.0,-21.979226350260433,-0.5111447988432659,43.0,-6.910644116345793,-0.4065084774321055,17.0,0.1742225983938991,1,6,15,6,0.4,-5.611724938152077,-1.0055612133390068,True,27,0.627906976744186,50.0,0.4181818181818182,3.0,2.56664677641065
~/anvil/data/cve-targets/poppler_repo_poppler_Parser.cc,167,68,191,shift();,shift();,            shift();,0.3213205635547638,"[[655, 8292, 1293, 32014]]","[-0.0027204668149352074, -0.6590251326560974, -0.009019583463668823, -0.32566553354263306]",10.868749618530272,True,0.0,-0.6707651829347014,-0.22358839431156716,3.0,-0.6707651829347014,-0.22358839431156716,3.0,0.09480918969515384,1,8,8,8,1.0,-1.437107523152603,-1.0373066091135348,False,2,0.6666666666666666,0.0,1.0,0.0,1.0089544456606208
~/anvil/data/cve-targets/openssl_repo_crypto_asn1_tasn_dec.c,701,638,761,*/,*/,         */,0.0337297953665256,"[[294, 1641, 32014]]","[-0.002463760320097208, -0.03372875973582268, -0.043427810072898865]",15.488021850585938,True,0.0,-0.036192520055919886,-0.018096260027959943,2.0,-0.036192520055919886,-0.018096260027959943,2.0,0.0002443750471163285,0,3,3,3,1.0,-1.863909742367251,-1.1642875567663196,False,1,0.5,0.0,1.0,0.0,0.42211381917203006
~/anvil/data/cve-targets/lua_repo_ldebug.c,764,747,794,resethookcount(L);  /* reset count */,L->hookcount = 0;  /* reset count */,    L->hookcount = 0;  /* reset count */,1.5408843755722046,"[[315, 412, 12, 29, 18863, 4241, 1412, 15, 26, 207, 4535, 10762, 1683, 1641, 32014]]","[-0.001662064460106194, -0.2009132206439972, -0.0007360848248936236, -2.264974000354414e-06, -0.05481482297182083, -0.08596290647983551, -0.2772657871246338, -0.7045361995697021, -0.00558779202401638, -0.17866702377796173, -0.0003736513026524335, -1.541058897972107, -1.0477910041809082, -0.7352227568626404, -0.18582358956336975]",11.38111972808838,False,0.0,-4.834594477169276,-0.34532817694066253,14.0,-4.834594477169276,-0.34532817694066253,14.0,0.2142659910627302,0,10,11,11,0.9090909090909091,-4.4620870188561925,-1.0506791952110697,True,12,0.8571428571428571,9.0,0.7945205479452055,8.0,2.272382207565882
~/anvil/data/cve-targets/openssl_repo_crypto_asn1_tasn_enc.c,523,454,567,case V_ASN1_NEG_INTEGER:,case V_ASN1_UNSIGNED:,"    case V_ASN1_UNSIGNED:
    case V_ASN1_NEG",0.1117284744977951,"[[315, 1452, 627, 62, 3146, 45, 16, 62, 4348, 50, 10000, 2289, 25, 185, 315, 1452, 627, 62, 3146, 45, 16, 62, 8278, 38]]","[-0.025121882557868958, -0.016291113570332527, -0.0008680627797730267, -2.8967437174287625e-05, -0.00018499570433050394, -4.768370445162873e-07, -1.966933996300213e-05, -5.209310256759636e-05, -1.3258460760116577, -1.2530227899551392, -0.1219901517033577, -0.0045642247423529625, -0.14298656582832336, -0.3374287486076355, -0.2863655090332031, -0.007057026028633118, -0.0018798314267769456, -6.556489552167477e-06, -0.0001573438785271719, -3.4570634852570947e-06, -1.5020257706055418e-05, -6.186770770000294e-05, -0.43344855308532715, -6.97350042173639e-05]",8.986979484558105,False,1.0,-3.957470718152649,-0.16489461325636037,24.0,-3.514771327210724,-0.23431808848071492,15.0,0.18243117893752003,1,5,9,5,0.5555555555555556,-0.4768239414303292,-1.0104711411326097,True,14,0.5833333333333334,9.0,0.7555555555555555,1.0,2.022732279463048
~/anvil/data/cve-targets/sqlite3_repo_src_expr.c,5439,5367,5449,|| (pRight->op==TK_COLUMN && IsVirtual(pRight->y.pTab)),|| (pRight->op==TK_COLUMN && IsVirtual(pRight->y.pTab)),       || (pRight->op==TK_COLUMN && IsVirtual(pRight->y.pTab)),0.0112169263884425,"[[436, 7623, 334, 79, 10123, 12, 29, 424, 780, 51, 42, 62, 9725, 5767, 45, 2956, 2115, 23292, 7, 79, 10123, 12, 29, 88, 13, 79, 14249, 1435, 32014]]","[-0.8634039163589478, -0.016227543354034424, -0.1906462013721466, -0.014555108733475208, -0.05556172877550125, -0.0028343526646494865, -7.152555099310121e-07, -0.002885466208681464, -0.0005485698929987848, -7.319182623177767e-05, -7.152555099310121e-07, -9.536738616588991e-07, -0.0015356664080172777, -5.245195097813848e-06, -2.3841830625315197e-06, -0.0056062848307192326, -0.007975990884006023, -0.00025519452174194157, -0.00010823617776622996, -9.953480184776708e-05, -0.008677985519170761, -9.786603914108127e-05, -3.2186455882765586e-06, -0.002998501295223832, -5.8410845667822286e-05, -0.0002338612830499187, -9.691245941212401e-05, -0.006866903975605965, -0.12779559195041656]",2.999305486679077,True,0.0,-1.1813606604366669,-0.04219145215845239,28.0,-1.1813606604366669,-0.04219145215845239,28.0,0.026277748311368285,1,26,26,26,1.0,-0.2658577938089616,-1.173638260636355,False,27,0.9642857142857143,0.0,1.0,0.0,0.6441305878666843
~/anvil/data/cve-targets/libsndfile_repo_src_wavlike.c,286,95,384,buffer [--bit] = 0 ;,if (bit > 0),					if (bit > 0),0.3089949488639831,"[[1076, 2944, 334, 3374, 6213, 15, 8, 32014]]","[-0.0018899451242759824, -0.42816799879074097, -0.014557811431586742, -0.1656545102596283, -0.34762677550315857, -0.6787463426589966, -0.12860065698623657, -0.5389823913574219]",8.74461841583252,False,0.0,-1.7652440407546237,-0.25217772010780337,7.0,-1.7652440407546237,-0.25217772010780337,7.0,0.051986948255666764,1,14,12,12,1.1666666666666667,-1.225306298795512,-1.0166121984022487,True,8,1.1428571428571428,12.0,0.5,15.0,2.149471786438941
~/anvil/data/cve-targets/php_repo_ext_standard_http_fopen_wrapper.c,695,634,719,) {,) {,			) {,0.0043319114483892,"[[459, 184, 8, 507, 32014]]","[-0.18471840023994446, -0.0005165196489542723, -0.004633760545402765, -0.002707508159801364, -0.3886871039867401]",12.74236011505127,True,0.0,-0.19257618859410286,-0.048144047148525715,4.0,-0.19257618859410286,-0.048144047148525715,4.0,0.00621963985340543,0,3,3,3,1.0,-0.08997813239558222,-1.0870502305255605,False,2,0.5,0.0,1.0,0.0,0.6960295715474851
~/anvil/data/cve-targets/poppler_repo_poppler_GfxState.cc,4279,4099,4307,if (typeA == 5 && nVerticesA > 0) {,if (typeA == 4) {,"    if (typeA == 4) {
        if (state != 0) {
            error(errSyntax",0.5614108443260193,"[[315, 562, 334, 2139, 32, 7400, 19, 8, 507, 185, 436, 562, 334, 4968, 2069, 4084, 15, 8, 507, 185, 655, 2179, 7, 977, 18741]]","[-0.009384920820593834, -0.16522108018398285, -0.048927709460258484, -0.47030407190322876, -0.00011383838864276186, -0.08316660672426224, -0.6569389700889587, -0.28827372193336487, -0.0012362702982500196, -0.06996335089206696, -0.03939764201641083, -0.4380033016204834, -0.08344563841819763, -0.49987342953681946, -0.5546927452087402, -0.0019336113473400474, -0.5773047208786011, -0.2604767382144928, -0.0028426735661923885, -0.03250237926840782, -0.004543457645922899, -0.2668703496456146, -0.0009975224966183305, -0.00044860312482342124, -0.0005256939912214875]",11.632161140441896,False,2.0,-4.557389047673496,-0.18229556190693985,25.0,-1.8329281827100203,-0.16662983479182003,11.0,0.04305283838621162,1,19,22,13,0.8636363636363636,-3.369209631801059,-1.0572940306965883,True,15,0.6,19.0,0.6153846153846154,7.0,2.1182255775871788
~/anvil/data/cve-targets/libsndfile_repo_src_file_io.c,292,268,299,break ;,break ;,			break ;,0.0309178698807954,"[[459, 20702, 6203, 32014]]","[-0.14455372095108032, -0.059821080416440964, -0.006685864180326462, -0.2751934230327606]",12.53125,True,0.0,-0.21106066554784775,-0.07035355518261592,3.0,-0.21106066554784775,-0.07035355518261592,3.0,0.00322339083411024,0,4,4,4,1.0,-0.439464214715834,-1.0813281611609578,False,2,0.6666666666666666,0.0,1.0,0.0,0.7345100751475743
~/anvil/data/cve-targets/libxml2_repo_parser.c,7863,7814,7865,*/,*/,"     */
   ",0.1426990628242492,"[[251, 1641, 185, 315]]","[-0.000387831823900342, -0.14269866049289703, -0.011311684735119343, -0.005702774040400982]",16.379384994506836,True,1.0,-0.1601009510923177,-0.040025237773079425,4.0,-0.1601009510923177,-0.040025237773079425,4.0,0.0035288638320317874,1,3,3,3,1.0,-3.5652271107862643,-1.190523872559795,False,1,0.25,0.0,1.0,0.0,0.3525519784722217
~/anvil/data/cve-targets/sqlite3_repo_src_select.c,5223,5100,5396,if(,if( sqliteProcess,  if( sqliteProcess,0.0759012997150421,"[[207, 562, 7, 15313, 547, 9738]]","[-0.005345456302165985, -0.1529615968465805, -0.0014653194230049849, -0.9284342527389526, -7.974783511599526e-05, -0.6543481945991516]",12.84201431274414,False,0.0,-1.7426345677449717,-0.29043909462416195,6.0,-1.7426345677449717,-0.29043909462416195,6.0,0.13457674880852533,1,3,4,4,0.75,-0.26133293044884665,-1.089761834871834,True,2,0.3333333333333333,14.0,0.30000000000000004,1.0,1.7031475625955848
~/anvil/data/cve-targets/php_repo_ext_phar_phar.c,901,632,1125,"PHAR_GET_32(buffer, manifest_flags);","PHAR_GET_32(buffer, tmp_len);","	PHAR_GET_32(buffer, tmp_len);",0.5805591940879822,"[[184, 11914, 1522, 62, 11383, 62, 18, 17, 7, 10401, 11, 20308, 62, 6446, 477, 32014]]","[-0.2888835370540619, -0.3686373829841614, -5.364403477869928e-06, -3.957670196541585e-05, -0.0007104733376763761, -0.00012957210128661245, -0.004571937955915928, -2.8490614567999728e-05, -0.0007297713309526443, -0.0006445952458307147, -0.0014362744987010956, -0.009637377224862576, -1.1920922133867862e-06, -1.1920928244535389e-07, -0.007642790675163269, -0.2594648003578186]",9.94166660308838,False,0.0,-0.6830984554301196,-0.04553989702867464,15.0,-0.6830984554301196,-0.04553989702867464,15.0,0.012560980908166099,1,11,11,11,1.0,-12.748364224943842,-1.013541344140857,True,14,0.9333333333333333,12.0,0.7692307692307692,1.0,2.190975373621532
~/anvil/data/cve-targets/openssl_repo_crypto_asn1_a_type.c,110,95,119,if (rt == NULL) {,if (rt == NULL) {,        if (rt == NULL) {,0.009536363184452,"[[436, 562, 334, 3214, 2312, 4579, 8, 507, 32014]]","[-0.002480527386069298, -0.0038528037257492542, -0.04924255609512329, -0.007430179975926876, -0.0006792622152715921, -0.00013767725613433868, -0.0019595485646277666, -0.0023682662285864353, -0.02057880349457264]",16.113237380981445,True,0.0,-0.06815082144748885,-0.008518852680936106,8.0,-0.06815082144748885,-0.008518852680936106,8.0,0.00024129950970160346,0,14,14,14,1.0,-1.1194421997451518,-1.1826287902154844,False,7,0.875,0.0,1.0,0.0,0.4746722506751191
~/anvil/data/cve-targets/php_repo_ext_exif_exif.c,1993,1981,2001,for (i=0; i<ImageInfo->file.count; i++) {,for (i = 0; i < ImageInfo->file.count; i++) {,		for (i = 0; i < ImageInfo->file.count; i++) {,0.0969074368476867,"[[184, 11635, 334, 72, 1412, 15, 26, 460, 1013, 12955, 4580, 12, 29, 2800, 13, 4241, 26, 460, 3868, 8, 507, 32014]]","[-0.0039673917926847935, -0.04907141253352165, -0.062280960381031036, -0.0070434133522212505, -0.5957038402557373, -0.00038771264371462166, -0.008724074810743332, -0.027006641030311584, -0.016711601987481117, -0.005035219248384237, -1.4662635294371285e-05, -0.0002420847595203668, -1.5497195136049413e-06, -0.00023398046323563904, -1.883488948806189e-05, -0.0003880701260641217, -0.005016241688281298, -0.28289562463760376, -0.01945391856133938, -0.004620945546776056, -0.013724720105528831, -0.18297147750854492]",7.170312881469727,False,0.0,-1.1025429011684764,-0.05250204291278459,21.0,-1.1025429011684764,-0.05250204291278459,21.0,0.018337303295893153,0,27,27,27,1.0,-1.8457841156517951,-1.0574214640778257,True,20,0.9523809523809523,4.0,0.9534883720930233,0.0,2.098471122167354
~/anvil/data/cve-targets/libxml2_repo_xmlregexp.c,2138,2132,2323,if ((type1 == XML_REGEXP_EPSILON) ||,if ((type1 == XML_REGEXP_EPSILON) ||,    if ((type1 == XML_REGEXP_EPSILON) ||,0.0374373830854892,"[[315, 562, 8178, 2139, 16, 2312, 17170, 62, 20018, 5957, 47, 62, 36, 4538, 4470, 1236, 8, 1550, 32014]]","[-0.025293108075857162, -0.45761173963546753, -0.059977371245622635, -0.0008294717408716679, -0.0008138681878335774, -0.006451848894357681, -0.002912923926487565, -5.722029527532868e-06, -0.0001070442158379592, -1.1324817933200393e-05, -6.556489552167477e-06, -1.2040065485052764e-05, -0.056368134915828705, -0.00281461956910789, -3.6954811548639555e-06, -3.576272320060525e-06, -0.00046075694262981415, -0.004123874939978123, -0.012077889405190945]",6.013194561004639,True,0.0,-0.6178076774458532,-0.03432264874699184,18.0,-0.6178076774458532,-0.03432264874699184,18.0,0.010871928655611023,0,11,11,11,1.0,-1.0907486587488486,-1.088457244398829,False,17,0.9444444444444444,0.0,1.0,0.0,0.7896757892387204
~/anvil/data/cve-targets/sqlite3_repo_src_expr.c,3680,3626,3723,"sqlite3ExprCompare(0,pFarg->a[0].pExpr, pFarg->a[1].pExpr,-1),","sqlite3ExprCompare(pParse,pFarg->a[0].pExpr, pFarg->a[1].pExpr),","         sqlite3ExprCompare(pParse,pFarg->a[0].pExpr, pFarg->a[1].pExpr),",0.3098798096179962,"[[294, 15313, 547, 18, 20567, 28806, 7, 79, 19889, 11, 79, 37, 1139, 12, 29, 64, 58, 15, 2975, 79, 20567, 11, 265, 37, 1139, 12, 29, 64, 58, 16, 2975, 79, 20567, 650, 32014]]","[-0.015563576482236385, -0.005023714154958725, -1.2636104656849056e-05, -0.0006405447493307292, -0.0008629412623122334, -0.0008758046315051615, -0.0022361292503774166, -0.005176474340260029, -0.18060609698295593, -0.007818453013896942, -0.137760728597641, -0.0002553137019276619, -9.536738616588991e-07, -0.00040618274942971766, -5.960462772236497e-07, -1.3708974620385561e-05, -0.00022015532886143774, -0.0014013956533744931, -0.0003830652858596295, -1.8954096958623268e-05, -5.602820692729438e-06, -0.0002329078270122409, -0.08257319778203964, -7.390948667307384e-06, -1.1920928244535389e-07, -5.602820692729438e-06, -2.3841855067985307e-07, -1.7881377516459906e-06, -4.6491513785440475e-06, -0.0003359945258125663, -0.0001497156627010554, -1.9788545614574105e-05, -2.13382354559144e-05, -0.8655352592468262, -0.4227060377597809]",7.584028244018555,False,0.0,-1.3081710184137805,-0.0384756181886406,34.0,-1.3081710184137805,-0.0384756181886406,34.0,0.022282305867463117,0,36,34,34,1.0588235294117647,-8.053926725717535,-1.0465410409404092,True,34,1.0,9.0,0.9206349206349207,3.0,2.290839024539579
~/anvil/data/cve-targets/php_repo_ext_intl_locale_locale_methods.c,967,951,983,while( (*str)!='\0' ){,while( *str != '\0' ){,		while( *str != '\0' ){,0.710801362991333,"[[184, 184, 6460, 7, 572, 2006, 2069, 28, 20521, 15, 6, 2189, 90, 32014]]","[-0.04137752577662468, -0.03235211968421936, -0.01198542956262827, -0.6154037714004517, -0.10810916125774384, -0.005250474438071251, -0.5147503018379211, -0.03369925171136856, -0.036567963659763336, -0.0010773098329082131, -0.3136208951473236, -0.04519272968173027, -0.1599680334329605, -0.05205441266298294]",7.572917461395264,False,0.0,-1.9193549674237147,-0.1476426898018242,13.0,-1.9193549674237147,-0.1476426898018242,13.0,0.03872251919986488,0,21,18,18,1.1666666666666667,-4.81433495925479,-1.0468317785678782,True,11,0.8461538461538461,3.0,0.9090909090909091,3.0,2.2144429167693462
~/anvil/data/cve-targets/sqlite3_repo_src_pragma.c,602,591,634,** the locking-mode of the main database).,** the locking mode of the main database file).,      ** the locking mode of the main database file).,0.7447386384010315,"[[730, 9220, 254, 6529, 272, 4428, 280, 254, 1959, 4892, 1753, 628, 32014]]","[-0.0069520254619419575, -0.00016902448260225356, -0.30114516615867615, -1.4233307838439941, -0.001928495243191719, -0.1787247508764267, -1.162624478340149, -0.5223058462142944, -0.5414929389953613, -0.32010897994041443, -0.5782081484794617, -0.6216397285461426, -0.2743903696537018]",14.760589599609377,False,0.0,-5.658630366582656,-0.47155253054855467,12.0,-5.658630366582656,-0.47155253054855467,12.0,0.1850963440962851,0,16,13,13,1.2307692307692308,-1.5793333513334789,-1.143305415658787,True,11,0.9166666666666666,6.0,0.9213483146067416,9.0,1.8148289288006927
~/anvil/data/cve-targets/php_repo_ext_phar_phar.c,2299,2285,2321,"written = php_stream_write(newfile, ZSTR_VAL(newstub), phar->halt_offset);","written = php_stream_write(newfile, ZSTR_VAL(newstub), phar->halt_offset);","			written = php_stream_write(newfile, ZSTR_VAL(newstub), phar->halt_offset);",0.0776409059762954,"[[459, 184, 16618, 405, 15656, 62, 6832, 62, 6449, 7, 1829, 2800, 11, 1971, 10673, 62, 10132, 7, 1829, 292, 458, 650, 1118, 268, 12, 29, 71, 2353, 62, 9668, 477, 32014]]","[-0.6472358703613281, -0.33821582794189453, -0.29949134588241577, -0.31668639183044434, -0.46594902873039246, -8.546940807718784e-05, -0.005093099549412727, -2.8967437174287625e-05, -0.1696704924106598, -0.010567186400294304, -0.004503584001213312, -0.007710693404078484, -0.0002205128694185987, -0.11452719569206238, -0.00018046658078674227, -2.7417760065873154e-05, -5.566918844124302e-05, -0.0009078433504328132, -0.3104848861694336, -0.00032860602368600667, -2.861018856492592e-06, -0.021701492369174957, -0.4561730623245239, -4.7205765440594405e-05, -0.002564596012234688, -8.344646857949556e-07, -7.629103492945433e-05, -1.1920928244535389e-07, -1.1920922133867862e-06, -2.3841855067985307e-07, -0.021402589976787567, -0.2823793888092041]",14.949652671813965,True,0.0,-3.1939410376783925,-0.1030303560541417,31.0,-3.1939410376783925,-0.1030303560541417,31.0,0.030931562272612092,0,24,24,24,1.0,-0.7535731113604585,-1.1487221276859687,False,29,0.9354838709677419,0.0,1.0,0.0,0.7277748182526386
~/anvil/data/cve-targets/libxml2_repo_parser.c,4965,4831,4974,"target, buf);","target, buf);","		                                     target, buf);",0.0064220395870506,"[[459, 22790, 3393, 11, 23350, 477, 32014]]","[-0.257260262966156, -0.04045693576335907, -0.0016174342017620802, -0.00016807096835691482, -0.02121039107441902, -0.0008451942121610045, -0.6335430145263672]",2.1347219944000244,True,0.0,-0.3215582891862141,-0.05359304819770235,6.0,-0.3215582891862141,-0.05359304819770235,6.0,0.008506592841013719,0,7,7,7,1.0,-0.11982971305084167,-1.1992821095207924,False,4,0.6666666666666666,0.0,1.0,0.0,0.3338245589195104
~/anvil/data/cve-targets/libsndfile_repo_src_common.c,616,470,684,"header_put_le_int (psf, size) ;","header_put_le_int (psf, size) ;","						header_put_le_int (psf, size) ;",0.0006271344027481,"[[4552, 184, 7301, 62, 915, 62, 275, 62, 569, 334, 829, 69, 11, 2398, 8, 6203, 32014]]","[-0.001281870063394308, -0.0004354958946350962, -4.1126360883936286e-05, -2.861018856492592e-06, -2.145764938177308e-06, -2.7418097943154862e-06, -0.0011189873330295086, -1.4305104514278355e-06, -0.0008808070560917258, -0.00013386306818574667, -1.0967194612021558e-05, 0.0, -3.0636318115284666e-05, -0.0006526962388306856, -0.0063546025194227695, -8.475421054754406e-05, -0.3906513750553131]",14.66671085357666,True,0.0,-0.01103498536178904,-0.000689686585111815,16.0,-0.01103498536178904,-0.000735665690785936,15.0,2.3178112897544046e-06,0,11,11,11,1.0,-0.8524719999897121,-1.1406252600407825,False,14,0.875,0.0,1.0,0.0,0.5912225846124638
~/anvil/data/cve-targets/openssl_repo_crypto_asn1_a_d2i_fp.c,169,89,226,size_t chunk_max = want;,if (want > INT_MAX /* BIO_read takes an int,                if (want > INT_MAX /* BIO_read takes an int,1.3004095554351809,"[[1044, 562, 334, 28626, 1938, 19440, 62, 14840, 4535, 380, 6860, 62, 1187, 4486, 274, 1097]]","[-0.043768469244241714, -0.33513182401657104, -0.11041691899299622, -0.6655617356300354, -0.2646848261356354, -0.19618701934814453, -0.0002646096108946949, -0.0003293210465926677, -0.2535194158554077, -0.01008415687829256, -7.903263758635148e-05, -0.0006070678355172276, -0.007251372095197439, -0.006530846934765577, -0.0036087408661842346, -0.0004980515805073082]",7.234201908111572,False,0.0,-1.89852340870857,-0.11865771304428563,16.0,-1.89852340870857,-0.11865771304428563,16.0,0.03232182120755498,1,8,15,15,0.5333333333333333,-10.959334391939947,-1.0557338714674602,True,9,0.5625,36.0,0.29850746268656714,15.0,2.174221585640162
~/anvil/data/cve-targets/poppler_repo_poppler_JBIG2Stream.cc,720,673,858,for (yy = y0; yy < y1; ++yy) {,for (yy = y0; yy < y1; yy++) {,    for (yy = y0; yy < y1; yy++) {,0.1540995091199875,"[[315, 327, 334, 14466, 405, 320, 15, 26, 320, 88, 1013, 320, 16, 26, 320, 88, 3868, 8, 507, 32014]]","[-0.024355607107281685, -0.3752656877040863, -0.007894031703472137, -0.0031976778991520405, -0.11418822407722473, -0.000969535845797509, -0.001256867777556181, -0.005836468189954758, -0.0010376551654189825, -0.00015639036428183317, -0.0009623901569284499, -0.0003946240758523345, -8.320462075062096e-05, -0.0029362207278609276, -0.12741103768348694, -0.0002543602604418993, -0.00885547511279583, -0.00549662671983242, -0.0013078240444883704, -0.07915081083774567]",11.86111068725586,False,0.0,-0.681859909236664,-0.03588736364403494,19.0,-0.681859909236664,-0.03588736364403494,19.0,0.007707907595777582,1,21,21,21,1.0,-4.2939768618417675,-1.0633630576190258,True,17,0.8947368421052632,4.0,0.9333333333333333,2.0,2.0222498276445773
~/anvil/data/cve-targets/openssl_repo_ssl_t1_lib.c,1141,1129,1192,if (clu->amask & s->s3.tmp.new_cipher->algorithm_auth) {,if (clu == NULL),"                if (clu == NULL)
                    return NULL;
                if (clu->pkey_type == s->s3.tmp.new_cipher->algorithm_auth) {",0.3987512290477752,"[[1044, 562, 334, 535, 84, 2312, 4579, 8, 185, 1817, 967, 4579, 26, 185, 1044, 562, 334, 535, 84, 12, 29, 79, 2447, 62, 2139, 2312, 252, 12, 29, 82, 18, 13, 10801, 13, 1829, 62, 66, 14519, 12, 29, 18406, 62, 11193, 8, 507]]","[-0.11712711304426193, -0.07502282410860062, -0.07292455434799194, -0.6747581362724304, -0.00011729506513802335, -0.7321999073028564, -0.025943677872419357, -0.4136979877948761, -0.18704967200756073, -0.003846509847790003, -0.7737016677856445, -0.011693505570292473, -4.577531944960356e-05, -0.007679582107812166, -0.021949926391243935, -0.05044949799776077, -0.0759427547454834, -0.8404345512390137, -6.949660019017756e-05, -0.08315015584230423, -4.172316494077677e-06, -0.6787214875221252, -0.1363857090473175, -0.4280540347099304, -0.40640419721603394, -0.14765283465385437, -0.5298923254013062, -0.07110603153705597, -9.417489309271332e-06, -0.48328834772109985, -0.006119443569332361, -0.018190348520874977, -0.005717945750802755, -7.974783511599526e-05, -0.041961368173360825, -9.536697689327411e-06, -0.002099454402923584, -0.0018443731823936105, -0.005681082606315613, -8.4638240878121e-06, -0.43487659096717834, -0.03968869149684906, -0.6901522278785706, -0.24911949038505554, -0.014921952970325947]",10.286848068237305,False,2.0,-8.559793867138524,-0.19021764149196718,45.0,-2.3026876776639256,-0.23026876776639255,10.0,0.06926648567291484,0,28,43,13,0.6511627906976745,-1.7316774346589112,-1.022325583740882,True,28,0.6222222222222222,47.0,0.2777777777777778,20.0,2.3090787726729904
~/anvil/data/cve-targets/libsndfile_repo_src_double64.c,109,70,214,psf->read_float		= host_read_d2f ;,psf->read_float		= host_read_d2f ;,					psf->read_float		= host_read_d2f ;,4.4163036363897845e-05,"[[1076, 184, 829, 69, 12, 29, 1187, 62, 9986, 459, 28, 3686, 62, 1187, 62, 67, 17, 69, 6203, 32014]]","[-8.415821503149346e-05, -1.0847986231965479e-05, -1.7881377516459906e-06, -3.909988299710676e-05, -6.079655122448457e-06, -1.1920922133867862e-06, -0.00010311071673640981, -3.4570634852570947e-06, -0.0002580548170953989, -0.00019965562387369573, -3.9457496313843876e-05, -4.458328112377785e-05, -2.50339189733495e-06, -8.22540732769994e-06, -4.172316494077677e-06, -4.410646579344757e-05, -1.6927575416048057e-05, -2.3603161025675945e-05, -6.294052582234144e-05, -0.0550222210586071]",17.804513931274414,True,0.0,-0.0009539638117530558,-5.020862167121346e-05,19.0,-0.0009539638117530558,-5.020862167121346e-05,19.0,4.6504380536875994e-09,0,10,10,10,1.0,-0.8795906936680203,-1.2337047850588447,False,17,0.8947368421052632,0.0,1.0,0.0,0.2412168810812655
~/anvil/data/cve-targets/libsndfile_repo_src_sd2.c,225,141,230,"psf_fwrite (psf->header.ptr, psf->header.indx, 1, psf) ;",psf->header.len = rsrc.map_offset + rsrc.map_length ;,"	psf->header.len = rsrc.map_offset + rsrc.map_length ;
	psf->header.ptr = psf->header.start ;
	psf->header",0.3945536911487579,"[[184, 829, 69, 12, 29, 7301, 13, 6446, 405, 427, 7364, 13, 4008, 62, 9668, 945, 427, 7364, 13, 4008, 62, 4082, 6203, 185, 184, 829, 69, 12, 29, 7301, 13, 8856, 405, 265, 5274, 12, 29, 7301, 13, 4779, 6203, 185, 184, 829, 69, 12, 29, 7301]]","[-0.5209031105041504, -0.10400351881980896, -0.0007776573766022921, -0.31387776136398315, -1.6689286894688848e-06, -0.10691267997026443, -0.006533926352858543, -0.5805538296699524, -0.34069615602493286, -0.4708327651023865, -2.6702524337451905e-05, -0.0005992047372274101, -0.7362819314002991, -7.271740287251305e-06, -0.38834697008132935, -0.02940714731812477, -0.017318101599812508, -9.536738616588991e-07, -0.00011002412065863609, -0.03892054408788681, -1.5497195136049413e-06, -0.0014499637763947248, -0.6256927251815796, -0.4352216124534607, -0.4951382279396057, -0.15161798894405365, -0.0013147291028872132, -0.4749346375465393, -2.50339189733495e-06, -0.26519545912742615, -0.011755243875086308, -0.8558346629142761, -0.1198134645819664, -1.095080018043518, -0.0006177900941111147, -0.18194234371185303, -1.3351351299206726e-05, -0.7040762901306152, -0.16421274840831757, -1.674609661102295, -0.2247784286737442, -0.6402957439422607, -0.4333796799182892, -0.24565410614013672, -0.0010180057724937797, -0.524850606918335, -8.106198947643861e-06, -0.36918264627456665]",3.8465280532836914,False,2.0,-13.353804220632924,-0.27820425459651926,48.0,-5.213616004468008,-0.20854464017872032,25.0,0.06005422493089396,0,27,46,22,0.5869565217391305,-1.8919387753654564,-1.149041347935295,True,30,0.625,47.0,0.3853211009174312,18.0,1.8358901031188473
~/anvil/data/cve-targets/libpng_repo_pngrutil.c,1901,1856,1957,*/,*/,    */,0.0889589786529541,"[[315, 1641, 32014]]","[-0.0014331794809550047, -0.0789080336689949, -0.16094015538692474]",17.715450286865234,True,0.0,-0.08034121314994991,-0.040170606574974954,2.0,-0.08034121314994991,-0.040170606574974954,2.0,0.001500588257864511,0,3,3,3,1.0,-2.2145291355488963,-1.2309608848573044,False,1,0.5,0.0,1.0,0.0,0.19274461455791045
~/anvil/data/cve-targets/libtiff_repo_libtiff_tif_luv.c,863,851,880,while (upper - lower > 1) {,while (upper - lower > 1) {,	while (upper - lower > 1) {,0.1407732218503952,"[[184, 6460, 334, 22441, 567, 3916, 6213, 16, 8, 507, 32014]]","[-0.2200004607439041, -0.02395903691649437, -0.18685457110404968, -0.6931209564208984, -0.3446972966194153, -0.0043589104898273945, -0.033810585737228394, -0.007568257860839367, -0.0022895331494510174, -0.009591330774128437, -0.05701817572116852]",7.504341125488281,True,0.0,-1.5262509398162365,-0.15262509398162366,10.0,-1.5262509398162365,-0.15262509398162366,10.0,0.04514942322411962,0,16,16,16,1.0,-0.9223465039592018,-1.0486280150615144,False,9,0.9,0.0,1.0,0.0,1.0158572388423326
~/anvil/data/cve-targets/lua_repo_ldebug.c,155,146,160,*pos = ci->func - nextra + (n - 1);,*pos = ci->u.l.base + n - 1;,"      *pos = ci->u.l.base + n - 1;
      return ""..."";  /* vararg",0.8221917152404785,"[[730, 572, 937, 405, 4533, 12, 29, 84, 13, 75, 13, 4907, 945, 291, 567, 207, 16, 26, 185, 730, 967, 440, 12058, 26, 207, 4535, 2241, 1139]]","[-0.00485455896705389, -1.1136857271194458, -0.002148702275007963, -0.06711386144161224, -0.6044210195541382, -0.0016569469589740038, -0.000387831823900342, -0.6501740217208862, -0.0005021026590839028, -0.013440714217722416, -0.0004539651272352785, -1.0496313571929932, -0.680530309677124, -0.9449220299720764, -0.6415681838989258, -0.049952130764722824, -0.028780601918697357, -0.02536853961646557, -0.17558808624744415, -0.004365201108157635, -0.1533910632133484, -0.5395389199256897, -0.3478577136993408, -0.001149708521552384, -0.3355656564235687, -0.0007956438348628581, -1.867171049118042, -0.04319721460342407]",7.555599689483643,False,1.0,-9.348212861601496,-0.33386474505719627,28.0,-6.059545892261667,-0.30297729461308337,20.0,0.15506553820231464,1,24,37,24,0.6486486486486487,-2.713707363089558,-1.04728509654079,True,17,0.6071428571428571,13.0,0.6984126984126984,12.0,2.2733118007769955
~/anvil/data/cve-targets/sqlite3_repo_src_select.c,5799,5644,5949,** Deallocate a single AggInfo object,** Return true if the SELECT statement passed as the second argument is,"** Return true if the SELECT statement passed as the second argument is
** a",1.735504150390625,"[[742, 7909, 1917, 562, 254, 11789, 6158, 5062, 372, 254, 1856, 6758, 317, 185, 742, 245]]","[-0.0005103239673189819, -2.6246023178100586, -0.9294699430465698, -0.08492743223905563, -0.7574418783187866, -2.285104513168335, -1.109519362449646, -1.6772534847259521, -0.6669304370880127, -0.3074490427970886, -1.3797311782836914, -0.338686466217041, -1.4451022148132324, -1.1058324575424194, -0.0001892864383989945, -1.4258655309677124]",11.943750381469728,False,1.0,-16.13861586987332,-1.0086634918670825,16.0,-14.712561052467208,-1.050897218033372,14.0,0.5719130041038593,0,8,22,15,0.36363636363636365,-1.6514499425913531,-1.0655622285199284,True,10,0.625,55.0,0.31481481481481477,12.0,2.241701723322199
~/anvil/data/cve-targets/openssl_repo_crypto_asn1_tasn_dec.c,652,638,761,"ERR_raise(ERR_LIB_ASN1, ASN1_R_ILLEGAL_NULL);","ERR_raise(ERR_LIB_ASN1, ERR_R_PASSED_NULL_PARAMETER);","        ERR_raise(ERR_LIB_ASN1, ERR_R_PASSED_NULL_PARAMETER);",0.4717918336391449,"[[436, 19798, 62, 22326, 7, 8198, 62, 29492, 62, 3146, 45, 16, 11, 19798, 62, 49, 62, 47, 3146, 26980, 62, 14589, 62, 25630, 2421, 1004, 477, 32014]]","[-0.005119429435580969, -0.5236307978630066, -4.7205765440594405e-05, -0.012103565037250519, -0.023284928873181343, -6.067568756407127e-05, -1.6689286894688848e-06, -0.002230776706710458, -1.6689286894688848e-06, -0.0002540027489885688, -1.2159273865108844e-05, -5.006777428206988e-06, -2.002696055569686e-05, -0.3617021441459656, -9.536738616588991e-07, -0.0004768426588270813, 0.0, -0.020673392340540886, -1.1920928244535389e-07, -2.50339189733495e-06, -2.0265558760002023e-06, -0.004504652228206396, -1.4543427823809907e-05, -0.010520710609853268, -2.861018856492592e-06, -0.00021514961554203182, -0.0001081169830285944, -0.22583121061325073]",6.570529460906982,False,0.0,-0.9649959288465126,-0.035740589957278246,27.0,-0.9649959288465126,-0.03711522803255818,26.0,0.013770619328093784,0,11,11,11,1.0,-12.71154344586756,-1.0733965310843314,True,25,0.9259259259259259,21.0,0.7142857142857143,1.0,1.9474948036244966
~/anvil/data/cve-targets/libtiff_repo_libtiff_tif_dirread.c,5739,5720,5775,return;,return;,"            return;
	if (",0.0224120430648326,"[[655, 967, 26, 185, 2944, 334]]","[-0.4240436255931854, -0.021703941747546196, -0.023599104955792427, -0.5411165356636047, -1.2956002950668335, -0.25109854340553284]",2.4513893127441406,True,1.0,-2.557162046432495,-0.42619367440541583,6.0,-1.0104632079601288,-0.2526158019900322,4.0,0.0545972766891554,0,4,6,4,0.6666666666666666,-0.08871987772846032,-1.1898252561282536,False,2,0.3333333333333333,0.0,1.0,0.0,0.3379190499896389
~/anvil/data/cve-targets/libsndfile_repo_src_file_io.c,303,297,328,ssize_t	count ;,sf_count_t count ;,"	sf_count_t count ;
	if (psf",0.5827321410179138,"[[184, 5274, 62, 4241, 62, 83, 1683, 6203, 185, 2944, 334, 829, 69]]","[-0.053833555430173874, -0.12284080684185028, -0.0003570872650016099, -0.0006668727728538215, -8.940656698541716e-06, -3.0397906812140718e-05, -0.0185721255838871, -0.12386684119701385, -0.4361046552658081, -0.635306179523468, -0.279862642288208, -0.5245891213417053, -0.0002649671514518559]",5.749306201934815,False,1.0,-2.1963041932249325,-0.1689464764019179,13.0,-0.7562812829200993,-0.08403125365778881,9.0,0.017812490330003435,1,5,8,5,0.625,-6.934707214901829,-1.095661763029603,True,7,0.5384615384615384,8.0,0.6060606060606061,1.0,1.824660462460594
~/anvil/data/cve-targets/php_repo_ext_phar_phar.c,1513,1391,1530,},},"			}
		",0.0010893370490521,"[[459, 1839, 185, 459]]","[-0.0028937868773937225, -0.0010929093696177006, -0.4795480966567993, -0.42836904525756836]",9.512371063232422,True,1.0,-0.9119038381613791,-0.22797595954034477,4.0,-0.9119038381613791,-0.22797595954034477,4.0,0.05139595797051447,0,2,2,2,1.0,-0.004778297901447457,-1.0027217883695796,False,1,0.25,0.0,1.0,0.0,0.9905752193828783
~/anvil/data/cve-targets/sqlite3_repo_ext_rtree_rtree.c,3385,3358,3390,"*pzErr = sqlite3_mprintf(""%s"", sqlite3_errmsg(db));","*pzErr = sqlite3_mprintf(""%s"", sqlite3_errmsg(db));","      *pzErr = sqlite3_mprintf(""%s"", sqlite3_errmsg(db));",0.0053585092537105,"[[730, 572, 79, 89, 12311, 405, 15313, 547, 18, 62, 76, 17186, 24163, 82, 950, 15313, 547, 18, 62, 977, 12430, 7, 4179, 3183, 32014]]","[-0.0008269704412668943, -0.05136093869805336, -3.218599158572033e-05, -7.819823804311454e-05, -3.099436753473128e-06, -0.0006619884516112506, -0.002975324634462595, -1.4543427823809907e-05, -9.345571743324399e-05, -2.1934269170742482e-05, -0.0024949158541858196, -0.0004191712068859488, -0.058920130133628845, -0.001166735659353435, -0.010553032159805298, -0.005420154891908169, -1.4305104514278355e-06, -3.4927710657939315e-05, -4.887569048150908e-06, -0.00010132275929208845, -0.0002658013836480677, -3.2543604902457446e-05, -0.0003149013500660658, -0.0004990047891624272, -0.07099877297878265]",12.829166412353516,True,0.0,-0.13629759888920034,-0.005679066620383348,24.0,-0.13629759888920034,-0.005679066620383348,24.0,0.00022893389191848702,1,24,24,24,1.0,-0.9435545683647554,-1.089411862292405,False,23,0.9583333333333334,0.0,1.0,0.0,0.9263209050562505
~/anvil/data/cve-targets/libsndfile_repo_src_alaw.c,253,98,274,"0xa9, 0xa9, 0xa9, 0xa9, 0xa9, 0xa9, 0xa9, 0xa9, 0xa9, 0xa9, 0xa9, 0xa9,","0xa9, 0xa9, 0xa9, 0xa9, 0xa9, 0xa9, 0xa9, 0xa9, 0xa9, 0xa9, 0xa9, 0xa9,","	0xa9, 0xa9, 0xa9, 0xa9, 0xa9, 0xa9, 0xa9, 0xa9, 0xa9, 0xa9, 0xa9, 0xa9,
	0xa9, 0xa9, 0xa9, 0xa9, 0xa9, 0xa9,",3.1867770303506404e-05,"[[184, 15, 7287, 24, 11, 207, 15, 7287, 24, 11, 207, 15, 7287, 24, 11, 207, 15, 7287, 24, 11, 207, 15, 7287, 24, 11, 207, 15, 7287, 24, 11, 207, 15, 7287, 24, 11, 207, 15, 7287, 24, 11, 207, 15, 7287, 24, 11, 207, 15, 7287, 24, 11, 207, 15, 7287, 24, 11, 207, 15, 7287, 24, 11, 185, 184, 15, 7287, 24, 11, 207, 15, 7287, 24, 11, 207, 15, 7287, 24, 11, 207, 15, 7287, 24, 11, 207, 15, 7287, 24, 11, 207, 15, 7287, 24, 11]]","[-0.0005617947317659855, -2.098061486321967e-05, -0.0003899767471011728, -0.00018082413589581847, -2.145764938177308e-06, -0.00015579440514557064, -4.768370445162873e-07, -5.340433563105762e-05, -2.038458114839159e-05, -2.264974000354414e-06, -2.825220326485578e-05, -2.3841855067985307e-07, -4.708655978902243e-05, -1.823885577323381e-05, -3.6954811548639555e-06, -5.4834770708112046e-05, -7.152555099310121e-07, -4.1483970562694594e-05, -2.109982233378105e-05, -5.006777428206988e-06, -8.439661905867979e-05, -1.9073468138230965e-06, -4.6967357775429264e-05, -5.8530047681415454e-05, -1.7881377516459906e-06, -1.7165990357170813e-05, -2.3841855067985307e-07, -1.6927575416048057e-05, -1.0251946150674485e-05, -2.9802276912960224e-06, -3.182837463100441e-05, -1.1920928244535389e-07, -2.5152843591058627e-05, -1.0609570381348021e-05, -3.6954811548639555e-06, -4.589452510117553e-05, -1.6689286894688848e-06, -5.328513361746445e-05, -1.4543427823809907e-05, -7.390948667307384e-06, -0.00014101465058047324, -4.410734163684538e-06, -9.142934868577868e-05, -6.115249561844394e-05, -2.7418097943154862e-06, -3.838465272565372e-05, -2.3841855067985307e-07, -2.1815061700181104e-05, -1.1444026313256472e-05, -3.3378546504536644e-06, -4.637133679352701e-05, -7.152555099310121e-07, -3.611976353568025e-05, -1.0013530300057027e-05, -4.410734163684538e-06, -0.0003178806509822607, -2.3841830625315197e-06, -7.629103492945433e-05, -1.597391747054644e-05, -1.680836794548668e-05, -0.4741668403148651, -6.651657167822123e-05, -5.602820692729438e-06, -3.3854863431770355e-05, -7.521823135903105e-05, -9.536738616588991e-07, -7.629365427419543e-06, -1.1920928244535389e-07, -8.940656698541716e-06, -1.0013530300057027e-05, -1.311301275563892e-06, -7.271740287251305e-06, 0.0, -1.1444026313256472e-05, -1.0371154530730564e-05, -1.9073468138230965e-06, -1.728519782773219e-05, -1.1920928244535389e-07, -1.9430925021879375e-05, -1.7762025890988298e-05, -3.2186455882765586e-06, -3.182837463100441e-05, -1.6689286894688848e-06, -3.7788631743751466e-05, -0.0001380348257953301, -1.4305104514278355e-06, -5.8412379075889476e-06, -1.1920928244535389e-07, -7.867782187531702e-06, -7.152531907195225e-06, -1.5497195136049413e-06]",11.771050453186035,True,1.0,-0.4776460717428108,-0.005248857931239679,91.0,-0.47718033606681587,-0.00769645703333574,62.0,0.003567133893546569,0,25,37,25,0.6756756756756757,-0.004140576653059612,-1.0609715826924166,False,59,0.6483516483516484,0.0,1.0,0.0,1.0398500425762185
~/anvil/data/cve-targets/php_repo_ext_iconv_iconv.c,162,146,183,},},	},0.0242261104285717,"[[1839, 32014]]","[-0.0242261104285717, -0.11398529261350632]",9.136284828186035,True,0.0,-0.0242261104285717,-0.0242261104285717,1.0,-0.0242261104285717,-0.0242261104285717,1.0,0.0,0,2,2,2,1.0,-1.0,-1.0067064530803038,False,1,1.0,0.0,1.0,0.0,0.9815731608523259
~/anvil/data/cve-targets/libxml2_repo_valid.c,1217,1186,1278,},},        },0.000370195513824,"[[436, 611, 32014]]","[-0.18670523166656494, -0.00037865620106458664, -0.3596941828727722]",8.51111125946045,True,0.0,-0.18708388786762953,-0.09354194393381476,2.0,-0.18708388786762953,-0.09354194393381476,2.0,0.0086793981811752,1,2,2,2,1.0,-0.003957534965126771,-1.0225642100552907,False,1,0.5,0.0,1.0,0.0,0.9182433635651648
~/anvil/data/cve-targets/lua_repo_lstate.h,162,7,312,} transferinfo;,unsigned short ftransfer2;,      unsigned short ftransfer2; ,0.0194282047450542,"[[730, 13680, 2567, 267, 1831, 3994, 17, 26, 207]]","[-0.20849603414535522, -0.5650709867477417, -0.3145788908004761, -1.499707579612732, -1.6817576885223389, -0.11890900880098343, -0.794544517993927, -0.02595854550600052, -0.15820476412773132]",10.975868225097656,False,0.0,-5.367228016257286,-0.5963586684730318,9.0,-5.367228016257286,-0.5963586684730318,9.0,0.33439082509632556,0,5,7,7,0.7142857142857143,-0.032578053731992955,-1.0400882029206282,True,4,0.4444444444444444,19.0,0.4878048780487805,6.0,1.8931258705203107
~/anvil/data/cve-targets/sqlite3_repo_src_select.c,3867,3780,4171,|| IsVirtual(pSubSrc->a[0].pTab)     /* (3c) */,|| (pSub->selFlags & SF_Distinct)!=0,     || (pSub->selFlags & SF_Distinct)!=0,0.8691650032997131,"[[730, 7623, 334, 79, 5716, 12, 29, 2868, 17512, 573, 25633, 62, 10747, 5729, 26772, 28, 15, 32014]]","[-0.14669951796531677, -0.0023221212904900312, -0.5953409671783447, -0.05188091844320297, -0.6624690294265747, -0.6745537519454956, -0.0003090619284193963, -0.5710246562957764, -0.0008737798780202866, -0.01822850853204727, -0.13663354516029358, -2.396077979938127e-05, -0.696403443813324, -2.622600959512056e-06, -0.14446552097797394, -0.00018070495571009815, -0.00036006642039865255, -1.4214255809783936]",5.521007061004639,False,0.0,-3.7017721775921473,-0.21775130456424396,17.0,-3.7017721775921473,-0.21775130456424396,17.0,0.07749353667911504,1,20,15,15,1.3333333333333333,-3.991549006050984,-1.1019331087721704,True,24,1.411764705882353,35.0,0.3614457831325302,16.0,2.0402620525552195
~/anvil/data/cve-targets/poppler_repo_poppler_Stream.cc,520,507,538,if (nBits <= 0 || nVals > INT_MAX / nBits - 7 || width > INT_MAX / nComps) {,if (inputLineSize > INT_MAX) {,    if (inputLineSize > INT_MAX) {,0.791906476020813,"[[315, 562, 334, 3584, 6498, 5142, 1938, 19440, 62, 14840, 8, 507, 32014]]","[-0.007792313117533922, -0.13440796732902527, -0.0416535958647728, -0.6801662445068359, -3.3854863431770355e-05, -0.0002849888114724308, -0.6105002760887146, -0.1646977812051773, -0.0003319427778478712, -0.00020966715237591416, -0.6915717720985413, -0.0015313815092667937, -0.20462842285633087]",12.042362213134766,False,0.0,-2.333181785324996,-0.19443181544374966,12.0,-2.333181785324996,-0.19443181544374966,12.0,0.07557938646678822,1,34,13,13,2.6153846153846154,-4.072926409772255,-1.0681923953350945,True,34,2.8333333333333335,55.0,0.39622641509433965,22.0,2.3037293084260666
~/anvil/data/cve-targets/openssl_repo_crypto_pkcs7_pk7_doit.c,605,587,741,return 0;,return 0;,"        return 0;
    }
",0.2150663137435913,"[[436, 967, 207, 15, 26, 185, 315, 611, 185]]","[-0.00020418466010596603, -0.6457093954086304, -0.020818175747990608, -0.00011264643399044871, -8.844937838148326e-05, -0.07008616626262665, -0.0003777029050979763, -0.00010513706365600228, -0.003527967259287834]",13.588715553283691,True,2.0,-0.7410298251197673,-0.0823366472355297,9.0,-0.7373967207968235,-0.1053423886852605,7.0,0.04922959476397169,0,5,6,5,0.8333333333333334,-2.041593288587383,-1.1102960630877483,False,4,0.4444444444444444,0.0,1.0,0.0,0.6842135901707671
~/anvil/data/cve-targets/poppler_repo_fofi_FoFiTrueType.cc,1311,1022,1326,} else if (needVerticalMetrics && i == t42VheaTable) {,} else if (needVerticalMetrics && i == t42VheaTable) {,                } else if (needVerticalMetrics && i == t42VheaTable) {,0.0021926609333604,"[[1044, 611, 1969, 562, 334, 18834, 10681, 735, 30658, 2956, 460, 2312, 244, 19, 17, 53, 247, 64, 5127, 8, 507, 32014]]","[-0.007072887383401394, -0.0005814530304633081, -0.007762623019516468, -0.0023363931104540825, -0.003994700964540243, -0.024255432188510895, -4.970903682988137e-05, -2.3841855067985307e-07, -2.145764938177308e-06, -9.274052717955783e-05, -0.0009608419495634735, -6.878139538457617e-05, -4.2676016164477915e-05, -1.1920922133867862e-06, -1.9073468138230965e-06, -0.0007133323233574629, -0.00011920218821614981, -2.861018856492592e-06, -0.00013147920253686607, -0.005286760628223419, -2.8371408916427754e-05, -0.05546993389725685]",15.612674713134766,True,0.0,-0.05350572901463124,-0.002547891857839583,21.0,-0.05350572901463124,-0.002547891857839583,21.0,2.9212834691191562e-05,1,15,15,15,1.0,-0.86057849222047,-1.1679215105291625,False,20,0.9523809523809523,0.0,1.0,0.0,0.5377798398452549
~/anvil/data/cve-targets/php_repo_ext_phar_phar.c,945,632,1125,"PHAR_GET_32(buffer, len);",if (buffer + 4 > endbuffer) {,"	if (buffer + 4 > endbuffer) {
		MAPPHAR_FAIL(""internal",0.0920727550983429,"[[2944, 334, 10401, 4536, 19, 1938, 1223, 10401, 8, 507, 185, 184, 184, 26959, 11914, 1522, 62, 5684, 4470, 1195, 11975]]","[-0.3838214576244354, -0.2993786633014679, -0.6804509162902832, -0.8320071697235107, -0.6225506663322449, -0.1778770536184311, -0.0046386257745325565, -1.6331539882230572e-05, -0.17136316001415253, -0.07105062901973724, -0.0015868464251980186, -0.0017571499338373542, -0.02194654382765293, -0.08572550117969513, -7.629365427419543e-06, -3.2186455882765586e-06, -1.6689160474925302e-05, -0.01655426062643528, -5.722029527532868e-06, -0.00044848397374153137, -0.0071388171054422855]",6.543228149414063,False,1.0,-3.3783455355116985,-0.1608735969291285,21.0,-3.268445213425366,-0.251418862571182,13.0,0.0788137672151675,1,11,17,16,0.6470588235294118,-0.36621259899413927,-1.0741294094889142,True,12,0.5714285714285714,26.0,0.40740740740740744,13.0,1.8547439008745623
~/anvil/data/cve-targets/libsndfile_repo_src_paf.c,102,78,118,switch (subformat),switch (subformat),	switch (subformat),0.0731948390603065,"[[184, 16543, 334, 1580, 7697, 8, 32014]]","[-0.39851120114326477, -0.18689443171024323, -0.13155461847782135, -0.06147078797221184, -6.794906312279636e-06, -0.001757030957378447, -0.015863055363297462]",3.934201240539551,True,0.0,-0.7801948651672319,-0.13003247752787198,6.0,-0.7801948651672319,-0.13003247752787198,6.0,0.018896399564908153,0,6,6,6,1.0,-0.5628965966953714,-1.1465256030530515,False,5,0.8333333333333334,0.0,1.0,0.0,0.5301627015823892
~/anvil/data/cve-targets/libtiff_repo_libtiff_tif_predict.c,261,254,304,unsigned char* cp = (unsigned char*) cp0;,uint8_t* cp = cp0;,"	uint8_t* cp = cp0;
	while (cc>0) {
",0.2620487511157989,"[[184, 9842, 23, 62, 83, 9, 24276, 405, 24276, 15, 26, 185, 184, 6460, 334, 566, 29, 15, 8, 507, 185]]","[-0.091938816010952, -0.23379147052764893, -0.027228934690356255, -0.001293775625526905, -0.00044705410255119205, -0.35388514399528503, -0.007814431563019753, -0.10563497245311737, -0.04455525055527687, -2.062299427052494e-05, -0.021820351481437683, -0.1485709249973297, -1.4701735973358154, -1.6323491334915161, -0.029131149873137474, -0.022638803347945213, -0.9576843976974487, -0.1589123010635376, -0.4881258010864258, -0.27300381660461426, -0.012405730783939362]",2.780555963516236,False,2.0,-6.081426480281152,-0.28959173715624537,21.0,-2.5071753463325877,-0.19285964202558367,13.0,0.1463631599114941,1,21,22,10,0.9545454545454546,-1.3587536944667613,-1.180074162975528,True,12,0.5714285714285714,27.0,0.47457627118644063,12.0,1.6234149139056653
~/anvil/data/cve-targets/openssl_repo_crypto_pkcs7_pk7_doit.c,739,587,741,EVP_MD_CTX_free(ctx_tmp);,EVP_MD_CTX_free(ctx_tmp);,    EVP_MD_CTX_free(ctx_tmp);,0.0356991477310657,"[[315, 426, 22794, 62, 14821, 62, 2068, 55, 62, 6630, 7, 12511, 62, 10801, 477, 32014]]","[-0.0044067418202757835, -0.25498461723327637, -0.00014900050882715732, -3.3378546504536644e-06, -0.0027575583662837744, -4.887569048150908e-06, -3.6000557884108275e-05, 0.0, -0.00025018901214934886, -0.018437782302498817, -0.0006386386230587959, -0.20210672914981842, -1.811964830267243e-05, -1.0728830375228426e-06, -0.0002040654799202457, -0.22608797252178192]",8.340104103088379,True,0.0,-0.4839987410090316,-0.03226658273393544,15.0,-0.4839987410090316,-0.03457133864350226,14.0,0.006040987389963018,0,9,9,9,1.0,-1.0326226617717453,-1.0269452131127752,False,14,0.9333333333333333,0.0,1.0,0.0,0.9902378968560394
~/anvil/data/cve-targets/libsndfile_repo_src_common.c,620,470,684,psf->header.ptr [psf->header.indx] = 0 ;,count += 4 + size ;,"					count += 4 + size ;
					break ;
			case 'L' :
					/* Write a long string (no zero terminator). */
",0.2536757588386535,"[[1076, 184, 4241, 23323, 19, 945, 2398, 6203, 185, 1076, 20702, 6203, 185, 459, 14288, 651, 43, 6, 1191, 185, 1076, 12740, 17437, 245, 1232, 2649, 334, 2459, 5854, 10030, 1268, 628, 1641, 185]]","[-0.010756606236100197, -0.05207093432545662, -0.13102824985980988, -0.010456891730427742, -0.006429699715226889, -0.0054865493439137936, -0.011722490191459656, -0.008792140521109104, -0.0012287693098187447, -0.002604427980259061, -0.003350479993969202, -0.0014718662714585662, -0.0013424679636955261, -0.00889541208744049, -0.0024619766045361757, -0.003639504313468933, -2.3358306884765625, -0.0022393406834453344, -0.0013725870521739125, -0.07984299957752228, -0.005718656815588474, -0.636428713798523, -0.5587419271469116, -0.30943721532821655, -1.6714777946472168, -0.8432973623275757, -0.3234385550022125, -1.3496859073638916, -0.5412453413009644, -0.016992101445794106, -0.012153971940279007, -0.43532559275627136, -0.1686384528875351, -0.0015528061194345355]",7.402778625488281,False,4.0,-9.55515848111827,-0.28103407297406674,34.0,-0.24057675921358168,-0.024057675921358167,10.0,0.0014611572610344309,1,24,21,10,1.1428571428571428,-10.544483169026426,-1.051293930161309,True,20,0.5882352941176471,35.0,0.2033898305084746,20.0,2.1238564731648055
~/anvil/data/cve-targets/poppler_repo_poppler_FileSpec.cc,237,195,266,name->del(0);,"name->setChar(0, '\\');","            name->setChar(0, '\\');
",0.2212450802326202,"[[655, 1208, 12, 29, 1113, 8061, 7, 15, 11, 651, 2383, 3398, 185]]","[-0.005007463973015547, -0.07515463978052139, -0.0004219118563923985, -1.1920928244535389e-07, -0.449348509311676, -0.0033199451863765717, -0.0009480987209826708, -0.08761933445930481, -0.0002698534226510674, -0.33639243245124817, -0.0008480527903884649, -0.00033361115492880344, -0.3148881793022156]",12.631250381469728,False,1.0,-1.274552151618984,-0.0980424732014603,13.0,-1.274552151618984,-0.0980424732014603,13.0,0.023279362793932588,0,12,17,17,0.7058823529411765,-2.256624838277997,-1.0840348738702454,True,7,0.5384615384615384,12.0,0.6111111111111112,6.0,1.8607293895254569
~/anvil/data/cve-targets/libsndfile_repo_src_ulaw.c,830,823,835,if (ptr [i] >= 0),if (ptr [i] >= 0),		if (ptr [i] >= 0),0.1422759145498275,"[[184, 2944, 334, 8856, 821, 72, 60, 16684, 15, 8, 32014]]","[-0.008570672944188118, -0.04437725991010666, -0.021711990237236023, -0.33845722675323486, -0.00678153894841671, -0.00038747431244701147, -0.0003784178989008069, -0.20498645305633545, -0.0008256602450273931, -0.6611528396606445, -0.013573495671153069]",5.589583873748779,True,0.0,-1.2876295339665376,-0.12876295339665375,10.0,-1.2876295339665376,-0.12876295339665375,10.0,0.04304580084688588,1,17,17,17,1.0,-1.104944479733601,-1.1000455507569882,False,9,0.9,0.0,1.0,0.0,0.8405864237186272
~/anvil/data/cve-targets/libtiff_repo_libtiff_tif_predict.c,437,429,475,unsigned char* cp = (unsigned char*) cp0;,uint8_t* cp = cp0;,"	uint8_t* cp = cp0;
	if (cc > stride) {
",0.3256743252277374,"[[184, 9842, 23, 62, 83, 9, 24276, 405, 24276, 15, 26, 185, 2944, 334, 566, 1938, 1401, 543, 8, 507, 185]]","[-0.1005394384264946, -0.1714477241039276, -0.02543838694691658, -0.0007312007946893573, -0.00012230125139467418, -0.39095234870910645, -0.008467486128211021, -0.1499827653169632, -0.14534427225589752, -4.494089080253616e-05, -0.7799122333526611, -0.060187630355358124, -0.8860369920730591, -0.03256365284323692, -0.22841906547546387, -0.13210296630859375, -0.024702241644263268, -9.536738616588991e-07, -0.004822765477001667, -0.05812545493245125, -0.004279265645891428]",3.083333730697632,False,2.0,-3.2042240866062457,-0.15258209936220218,21.0,-1.8331707285324228,-0.1527642273777019,12.0,0.04737734343161223,1,21,22,10,0.9545454545454546,-2.1318755759653336,-1.1711753793830526,True,12,0.5714285714285714,27.0,0.47457627118644063,12.0,1.6708719709546311
~/anvil/data/cve-targets/php_repo_ext_phar_zip.c,144,136,159,do {,do {,	do {,0.010318549349904,"[[184, 2848, 507, 32014]]","[-0.05355224385857582, -0.020651789382100105, -0.0012157914461567998, -0.09195370972156525]",5.446006774902344,True,0.0,-0.07541982468683273,-0.025139941562277574,3.0,-0.07541982468683273,-0.025139941562277574,3.0,0.00046658913018244935,0,3,3,3,1.0,-0.41044444452436435,-1.1040011794505304,False,2,0.6666666666666666,0.0,1.0,0.0,0.6358040780026833
~/anvil/data/cve-targets/libtiff_repo_libtiff_tif_predict.c,40,-115,190,"static int swabHorDiff16(TIFF* tif, uint8_t* cp0, tmsize_t cc);","static int swabHorDiff16(TIFF* tif, uint8_t* cp0, tmsize_t cc);","static int swabHorDiff16(TIFF* tif, uint8_t* cp0, tmsize_t cc);
static int swabHorDiff32(TIFF* tif,",0.002599008847028,"[[6412, 1097, 1961, 356, 24060, 21659, 16, 21, 7, 22938, 3681, 9, 244, 351, 11, 10945, 23, 62, 83, 9, 24276, 15, 11, 244, 1400, 938, 62, 83, 26383, 477, 185, 6412, 1097, 1961, 356, 24060, 21659, 18, 17, 7, 22938, 3681, 9, 244, 351, 11]]","[-0.0015549485106021166, -0.0006512666586786509, -0.03894955292344093, -4.9232225137529895e-05, -0.0011029120068997145, -0.0007845661020837724, -0.030635245144367218, -3.755022044060752e-05, -7.045020902296528e-05, -1.0490362910786644e-05, 0.0, -0.00020644917094614357, -4.637133679352701e-05, -5.245195097813848e-06, -1.0251946150674485e-05, -9.548207890475169e-05, -4.005352093372494e-05, -5.960446742392378e-06, -2.3841855067985307e-07, -0.00013159839727450162, -0.0005554801900871098, -0.00013517419574782252, -1.156323378381785e-05, -9.345571743324399e-05, -1.8596476365928538e-05, 0.0, 0.0, -4.768370445162873e-07, -7.164221460698172e-05, -9.083335316972807e-05, -0.313536137342453, -0.0011807858245447278, -8.570780482841656e-05, -0.004400332923978567, -5.722029527532868e-06, -3.528532761265524e-05, -0.0004741021548397839, -0.0004941195948049426, -4.291525328881107e-06, -1.2040065485052764e-05, -1.0728830375228426e-06, 0.0, -7.152531907195225e-06, -1.2755313036905136e-05, -5.960462772236497e-07, -7.271740287251305e-06]",11.052779197692873,True,1.0,-0.3956224602011673,-0.008600488265242767,46.0,-0.38890122443567066,-0.013889329444131095,28.0,0.0030931211830882797,0,26,37,26,0.7027027027027027,-0.18712270145814747,-1.042089981670071,False,30,0.6521739130434783,0.0,1.0,0.0,1.1204897279136388
~/anvil/data/cve-targets/poppler_repo_poppler_GfxState.cc,519,511,523,*out++ = 0;,*out++ = 0;,        *out++ = 0;,0.035605289041996,"[[436, 572, 406, 3868, 1412, 15, 26, 32014]]","[-0.00020704510097857565, -0.0007622911944054067, -1.4781842764932662e-05, -5.2689116273541003e-05, -0.009821189567446709, -0.20321564376354218, -0.0009974034037441015, -0.04317289590835571]",13.405555725097656,True,0.0,-0.21507104398915544,-0.030724434855593636,7.0,-0.21507104398915544,-0.030724434855593636,7.0,0.004969534159730835,0,11,11,11,1.0,-1.158859038720895,-1.1052236443386767,False,6,0.8571428571428571,0.0,1.0,0.0,0.7282665097003143
~/anvil/data/cve-targets/lua_repo_ldo.c,329,309,331,if (isLua(ci->previous)),if (ci->previous)  /* update 'oldpc' */,  if (ci->previous)  /* update 'oldpc' */,0.6721314787864685,"[[207, 562, 334, 2711, 12, 29, 28101, 8, 207, 4535, 3967, 651, 839, 6338, 6, 1641, 32014]]","[-0.06922223418951035, -0.6213893890380859, -0.11414696276187897, -0.9925024509429932, -0.02513071894645691, -4.124556289752945e-05, -0.12038455903530121, -0.6774842739105225, -0.7077096700668335, -0.005774719640612602, -2.30268931388855, -0.6523973941802979, -0.09199851006269455, -0.005910774692893028, -0.027338555082678795, -1.4160311222076416, -0.11750950664281845]",8.406639099121094,False,0.0,-7.830151894209848,-0.4893844933881155,16.0,-7.830151894209848,-0.4893844933881155,16.0,0.39215238215786635,1,17,13,13,1.3076923076923077,-1.3734221003472256,-1.0252384381176403,True,11,0.6875,28.0,0.5396825396825398,6.0,2.238343056418208
~/anvil/data/cve-targets/php_repo_ext_exif_exif.c,3710,3696,3931,if (ImageInfo->FileSize >= dir_offset+2) {,if (ImageInfo->FileSize >= dir_offset + 2) {,"
	if (ImageInfo->FileSize >= dir_offset + 2) {",0.2137855589389801,"[[185, 2944, 334, 6635, 4580, 12, 29, 3882, 5142, 17237, 4764, 62, 9668, 4536, 17, 8, 507, 32014]]","[-0.9450540542602539, -0.6100847721099854, -0.07305044680833817, -0.2750878632068634, -4.291525328881107e-06, -0.009887292049825191, -2.3841830625315197e-06, -0.07722021639347076, -0.001706692622974515, -0.18192316591739655, -0.0984715074300766, -2.7418097943154862e-06, -0.002514536026865244, -0.6812820434570312, -0.035192009061574936, -0.11275887489318848, -0.003975465893745422, -0.533486545085907]",5.291839599609375,False,1.0,-3.1082183576497755,-0.18283637397939856,17.0,-3.1082183576497755,-0.18283637397939856,17.0,0.07676597773192032,1,19,19,19,1.0,-1.1692725811936568,-1.1082644083815405,True,16,0.9411764705882353,2.0,0.9767441860465116,0.0,1.8503891997344943
~/anvil/data/cve-targets/libtiff_repo_libtiff_tif_jbig.c,71,39,108,{,{,	{,0.0022991669829934,"[[5849, 32014]]","[-0.00229904823936522, -0.1013067290186882]",8.315972328186035,True,0.0,-0.00229904823936522,-0.00229904823936522,1.0,-0.00229904823936522,-0.00229904823936522,1.0,0.0,0,2,2,2,1.0,-1.000051649037261,-1.0275649503039552,False,1,1.0,0.0,1.0,0.0,0.9005147281217973
~/anvil/data/cve-targets/lua_repo_ldebug.c,355,326,359,"if (strchr(what, 'L'))","if (strchr(what, 'l'))","  if (strchr(what, 'l'))",0.2781554460525512,"[[207, 562, 334, 2006, 358, 81, 7, 5003, 11, 651, 75, 14621, 32014]]","[-0.0064363325946033, -0.4780500531196594, -0.12355177849531174, -0.8633843660354614, -0.01993139274418354, -8.320462075062096e-05, -0.003933075815439224, -0.0014335366431623697, -0.0024662574287503958, -0.009457310661673546, -1.0440988540649414, -0.14338728785514832, -0.36154288053512573]",6.67104959487915,False,0.0,-2.6962134500790853,-0.2246844541732571,12.0,-2.6962134500790853,-0.2246844541732571,12.0,0.12455719031370154,0,19,19,19,1.0,-1.2379826057661378,-1.0707024685185025,True,11,0.9166666666666666,1.0,0.9545454545454546,1.0,2.0022625874869493
~/anvil/data/cve-targets/poppler_repo_poppler_FileSpec.cc,85,79,91,int c;,int c;,    int c;,0.1899815797805786,"[[315, 1097, 258, 26, 32014]]","[-0.007308177649974823, -0.4887540638446808, -0.053138941526412964, -0.02940969355404377, -0.31509098410606384]",6.7350687980651855,True,0.0,-0.5786108765751123,-0.14465271914377809,4.0,-0.5786108765751123,-0.14465271914377809,4.0,0.0397312462359973,1,5,5,5,1.0,-1.3133633498568786,-1.0689902011368262,False,3,0.75,0.0,1.0,0.0,0.8284800895005662
~/anvil/data/cve-targets/sqlite3_repo_ext_misc_zipfile.c,1634,1592,1635,return a-aBuf;,return (int)(a-aBuf);,"  return (int)(a-aBuf);
}",0.3962304294109344,"[[207, 967, 334, 569, 4932, 64, 12, 64, 31380, 477, 185, 92]]","[-0.02935679256916046, -0.690822422504425, -0.4765492081642151, -0.07432451844215393, -0.009937455877661705, -0.022018495947122574, -0.5872766971588135, -0.002410127781331539, -0.0001864259538706392, -0.0034973190631717443, -0.28617292642593384, -0.0015111466636881232]",11.08354949951172,False,1.0,-2.184063536551548,-0.18200529471262902,12.0,-2.18255238988786,-0.1984138536261691,11.0,0.06409659971627307,0,8,17,16,0.47058823529411764,-1.9969897372059053,-1.042891925662718,True,6,0.5,7.0,0.8,8.0,2.006414067077253
~/anvil/data/cve-targets/poppler_repo_poppler_Annot.cc,5212,5190,5241,if (path->getCoordsLength() != 0) {,if (path->getCoordsLength() > 0) {,            if (path->getCoordsLength() > 0) {,0.3974331319332123,"[[655, 562, 334, 3261, 12, 29, 703, 9136, 6571, 9409, 822, 6213, 15, 8, 507, 32014]]","[-0.0038872407749295235, -0.07322395592927933, -0.07491244375705719, -0.06062888354063034, -0.7042311429977417, -1.4305104514278355e-06, -0.3608575463294983, -0.5463852286338806, -0.00991656444966793, -0.014495189301669598, -0.070218525826931, -0.5209481716156006, -0.6623247861862183, -0.01677490584552288, -0.0013846105430275202, -0.11734975874423981]",14.514583587646484,False,0.0,-3.120190626242106,-0.20801270841614042,15.0,-3.120190626242106,-0.20801270841614042,15.0,0.06706035369374382,1,20,20,20,1.0,-1.9106194758933972,-1.136295493647184,True,15,1.0,2.0,0.9565217391304348,1.0,1.803380822503684
~/anvil/data/cve-targets/openssl_repo_crypto_asn1_a_type.c,23,-132,173,"void ASN1_TYPE_set(ASN1_TYPE *a, int type, void *value)",void *ASN1_TYPE_retrieve(ASN1_TYPE *a),"void *ASN1_TYPE_retrieve(ASN1_TYPE *a)
{
    void *ret;
    if (a->type == V",0.0503079146146774,"[[4563, 572, 3146, 45, 16, 62, 10441, 62, 2534, 17161, 7, 3146, 45, 16, 62, 10441, 572, 64, 8, 185, 90, 185, 315, 2494, 572, 2534, 26, 185, 315, 562, 334, 64, 12, 29, 2139, 2312, 627]]","[-0.1939825415611267, -0.43305882811546326, -0.0008387623238377273, -3.576278118089249e-07, -1.1920928244535389e-07, -1.1444026313256472e-05, -0.00010132275929208845, -8.022463589441031e-05, -0.18376041948795319, -0.06412173807621002, -0.0017985610757023096, -0.3882272243499756, -3.576272320060525e-06, -5.960462772236497e-07, -1.5497195136049413e-06, -0.0005327236140146852, -0.013159803114831448, -0.002717138035222888, -0.16136103868484497, -0.0011380392825230956, -0.00040260792593471706, -6.317892984952778e-05, -0.0029967185109853745, -0.5167660117149353, -0.00047803416964598, -0.3903074562549591, -0.23682384192943573, -0.0001714082609396428, -0.12751902639865875, -0.2894754409790039, -0.2856566905975342, -0.0038745347410440445, -0.289468377828598, 0.0, -0.03072969615459442, -0.40756669640541077, -0.001940036192536354]",5.17430591583252,False,3.0,-4.029135765012477,-0.10889556121655342,37.0,-1.4448960080184108,-0.07224480040092054,20.0,0.01678031501571124,0,24,30,16,0.8,-0.6963534307728031,-1.1115256573305419,True,24,0.6486486486486487,30.0,0.6666666666666667,13.0,1.8565632460599368
~/anvil/data/cve-targets/openssl_repo_ssl_statem_statem_dtls.c,599,560,646,"frag_len, 0, &readbytes);","frag_len, 0, &readbytes);","                                          frag_len, 0, &readbytes);",0.0438279882073402,"[[30257, 8010, 62, 6446, 11, 207, 15, 11, 573, 1187, 18921, 477, 32014]]","[-0.003392062848433852, -0.10301345586776733, -1.3589766240329482e-05, -1.0013530300057027e-05, -0.09103533625602722, -0.14222373068332672, -0.023390674963593483, -0.055402375757694244, -0.18276377022266388, -0.0010553987231105566, -3.099436753473128e-06, -0.001029438222758472, -0.5236628651618958]",8.976605415344238,True,0.0,-0.6033329462786696,-0.05027774552322247,12.0,-0.6033329462786696,-0.05027774552322247,12.0,0.003818783031922894,0,11,11,11,1.0,-0.8717174517520235,-1.0107332425582878,False,11,0.9166666666666666,0.0,1.0,0.0,1.0738520051261677
~/anvil/data/cve-targets/php_repo_ext_phar_util.c,254,206,284,return ret;,return ret;,				return ret;,0.0012232436565682,"[[1749, 3404, 2629, 26, 32014]]","[-0.0004844683862756938, -0.0032949938904494047, -0.00033468366018496454, -4.184158387943171e-05, -0.05527864396572113]",13.936631202697754,True,0.0,-0.004155987520789495,-0.0010389968801973737,4.0,-0.004155987520789495,-0.0010389968801973737,4.0,1.72185003942408e-06,0,5,5,5,1.0,-1.17733140482176,-1.1199954183029301,False,3,0.75,0.0,1.0,0.0,0.598207056513957
~/anvil/data/cve-targets/poppler_repo_poppler_GfxState.cc,2433,2418,2434,"alt->getCMYK(&color2, cmyk);","alt->getCMYK(&color2, cmyk);","        alt->getCMYK(&color2, cmyk);",0.0256547033786773,"[[436, 2906, 12, 29, 703, 9370, 56, 42, 9299, 3122, 17, 11, 258, 2589, 74, 477, 32014]]","[-0.027792107313871384, -0.37552449107170105, -0.00011586471373448148, -2.50339189733495e-06, -0.0006249382277019322, -0.002833758248016238, -1.8715683836489916e-05, -0.00012230125139467418, -0.0026396214962005615, -6.401333666872233e-05, -0.0002369599969824776, -9.083335316972807e-05, -0.0016042232746258378, -5.173549288883805e-05, -8.868777513271198e-05, -0.00034338299883529544, -0.38847947120666504]",7.088932514190674,True,0.0,-0.41215413762665776,-0.02575963360166611,16.0,-0.41215413762665776,-0.02575963360166611,16.0,0.008199518288104437,1,16,16,16,1.0,-0.9959265638397115,-1.0595749876946698,False,15,0.9375,0.0,1.0,0.0,0.9487351684059454
~/anvil/data/cve-targets/libsndfile_repo_src_wavlike.c,416,409,457,int format = 0 ;,int format ;,"	int format ;
	psf_log",0.5250123739242554,"[[17734, 4797, 6203, 185, 184, 829, 69, 62, 2022]]","[-0.35442739725112915, -0.07523182779550552, -0.1817806363105774, -0.22993624210357666, -1.2341275215148926, -0.6004061102867126, -9.63164638960734e-05, -0.5774266123771667, -0.08309793472290039]",9.182117462158203,False,1.0,-3.336530598826357,-0.3707256220918175,9.0,-2.0755036249756813,-0.4151007249951363,5.0,0.17574423258178165,0,8,8,5,1.0,-1.264783081095334,-1.005553613467847,True,5,0.5555555555555556,4.0,0.8571428571428572,3.0,2.172755483996197
~/anvil/data/cve-targets/openssl_repo_crypto_asn1_a_int.c,130,85,161,if (blen == 0),if (blen == 0),    if (blen == 0),0.1204888448119163,"[[315, 562, 334, 1638, 255, 7400, 15, 8, 32014]]","[-0.040133584290742874, -0.15250849723815918, -0.11254287511110306, -0.5184365510940552, -3.814689989667386e-06, -0.016560593619942665, -0.004637676291167736, -0.039608605206012726, -0.09306709468364716]",5.470312118530273,True,0.0,-0.8844321975411731,-0.11055402469264664,8.0,-0.8844321975411731,-0.11055402469264664,8.0,0.0262998708104802,1,12,12,12,1.0,-1.0898639388922262,-1.1033305550173258,False,7,0.875,0.0,1.0,0.0,0.7666527893459971
~/anvil/data/cve-targets/php_repo_ext_exif_exif.c,3657,3617,3700,marker = c;,marker = c;,"		marker = c;
		if (pos",0.071292832493782,"[[184, 184, 5294, 250, 405, 258, 26, 185, 184, 2944, 334, 937]]","[-0.02710595913231373, -0.2293662428855896, -0.16511264443397522, -1.311301275563892e-06, -0.04960722103714943, -0.1285688877105713, -0.01794062741100788, -0.45776456594467163, -0.033760569989681244, -0.7356587052345276, -0.0724492222070694, -0.1419655829668045]",9.643924713134766,True,1.0,-2.059301540254637,-0.17160846168788643,12.0,-1.1092280298462356,-0.12324755887180396,9.0,0.019321891126389917,1,7,10,7,0.7,-0.5784522886001928,-1.0060250100554258,False,5,0.4166666666666667,0.0,1.0,0.0,1.052035799945014
~/anvil/data/cve-targets/libtiff_repo_libtiff_tif_pixarlog.c,877,866,919,: LogK1*log(v*LogK2) + 0.5 ),: (v>(float)24.0) ? 2046			\,"		  : (v>(float)24.0) ? 2046			\
		  : (v>(float",2.3979082107543945,"[[459, 207, 1191, 334, 85, 29, 7, 9986, 8, 17, 19, 13, 15, 8, 3015, 207, 17, 15, 19, 21, 459, 2080, 185, 459, 207, 1191, 334, 85, 29, 7, 9986]]","[-0.11050829291343689, -0.01870773732662201, -0.00021860594279132783, -0.24834907054901123, -0.2158195674419403, -0.7733348608016968, -0.006119680590927601, -0.0017851145239546895, -0.0015486401971429586, -0.4778135418891907, -0.6080500483512878, -0.6388509273529053, -1.273106575012207, -0.03360692784190178, -0.005320911295711994, -0.23961247503757477, -0.026058899238705635, -0.0032150268089026213, -0.006690955720841885, -0.6745588183403015, -0.23168593645095825, -0.002029979834333062, -0.00020525732543319464, -0.18259604275226593, -0.03150889649987221, -0.00041607304592616856, -0.22042541205883026, -0.6658583879470825, -0.8522127270698547, -0.003615867579355836, -0.0019050560658797622]",4.939627170562744,False,1.0,-7.555736313806847,-0.2437334294776402,31.0,-5.8113027900399175,-0.2324521116015967,25.0,0.10389486013296363,0,18,22,16,0.8181818181818182,-10.315708445205294,-1.1180661110529821,True,18,0.5806451612903226,23.0,0.3571428571428571,17.0,2.3215470180869295
~/anvil/data/cve-targets/libtiff_repo_libtiff_tif_predict.c,49,-106,199,PredictorSetup(TIFF* tif),PredictorSetup(TIFF* tif),"PredictorSetup(TIFF* tif)
{
	static const char",0.1451781243085861,"[[24059, 965, 256, 30421, 7, 22938, 3681, 9, 244, 351, 8, 185, 90, 185, 184, 6412, 1133, 1555]]","[-0.8659148216247559, -0.003254595212638378, -0.0014069906901568174, -0.20315910875797272, -0.10303571075201035, -0.0013654442736878991, -1.0728830375228426e-06, -0.016130423173308372, -0.005496389232575893, -0.0008147019543685019, -0.38860782980918884, -0.7076765894889832, -0.019624128937721252, -0.01659400947391987, -0.09238138794898987, -0.19035553932189941, -0.0027457892429083586, -0.0018261675722897053]",2.6347227096557617,True,2.0,-2.6203907003504128,-0.14557726113057848,18.0,-2.2968636778526843,-0.1914053064877237,12.0,0.08451618874903566,0,11,17,11,0.6470588235294118,-0.7584853678959914,-1.1843843667137635,False,11,0.6111111111111112,0.0,1.0,0.0,0.466376845700713
~/anvil/data/cve-targets/lua_repo_lvm.c,884,783,922,}},}},"  }}
/*",0.0977004170417785,"[[207, 17679, 185, 4350]]","[-0.054539430886507034, -0.10885163396596909, -0.011214674450457096, -0.020271506160497665]",6.220660209655762,True,1.0,-0.19487724546343088,-0.04871931136585772,4.0,-0.17460573930293322,-0.05820191310097774,3.0,0.0015955361985579449,0,3,5,3,0.6,-1.678646144711302,-1.082826422342758,False,1,0.25,0.0,1.0,0.0,0.733541370079408
~/anvil/data/cve-targets/libxml2_repo_xmlmemory.c,199,186,235,TEST_POINT,if (size == 0),"    if (size == 0)
	return(",0.9097740054130554,"[[315, 562, 334, 3017, 7400, 15, 8, 185, 3404, 7]]","[-0.17373435199260712, -0.2859853208065033, -0.22395403683185577, -0.4126545488834381, -1.1984082460403442, -0.0014083001296967268, -0.0032835875172168016, -1.1291308403015137, -0.7014397382736206, -0.09373898059129715]",6.516492366790772,False,1.0,-4.2237379513680935,-0.42237379513680934,10.0,-3.4285592325031757,-0.42856990406289697,8.0,0.19677058233905714,1,2,11,12,0.18181818181818182,-2.1228135638743706,-1.0748475917367672,True,4,0.4,14.0,0.0,11.0,1.94385311552544
~/anvil/data/cve-targets/poppler_repo_poppler_GfxState.cc,4327,4304,4344,return false;,return false;,            return false;,8.518966933479533e-05,"[[655, 967, 2515, 26, 32014]]","[-0.0010259846458211541, -0.00011228884250158444, -0.00013290952483657748, -6.198863957251888e-06, -0.03806930035352707]",18.49548721313477,True,0.0,-0.001277381877116568,-0.000319345469279142,4.0,-0.001277381877116568,-0.000319345469279142,4.0,1.6875763258032207e-07,0,5,5,5,1.0,-0.26676335670925233,-1.255201345979196,False,3,0.75,0.0,1.0,0.0,0.10623155392828443
~/anvil/data/cve-targets/lua_repo_ldebug.c,723,718,739,"static int changedline (const Proto *p, int oldpc, int newpc) {","static int luaG_linedelta(const Proto *p, int oldpc, int newpc) {","static int luaG_linedelta(const Proto *p, int oldpc, int newpc) {",0.5513433814048767,"[[6412, 1097, 284, 5713, 38, 62, 17537, 1792, 7, 2834, 1378, 577, 572, 79, 11, 1097, 1705, 6338, 11, 1097, 756, 6338, 8, 507, 32014]]","[-0.9136302471160889, -0.04700856655836105, -1.7296414375305176, -0.044896554201841354, -0.9588884115219116, -0.004923718981444836, -1.851841926574707, -0.5039606094360352, -0.719914972782135, -1.2363234758377075, -0.4698570966720581, -8.391981828026474e-05, -0.22732163965702057, -0.019582748413085938, -0.0006348263123072684, -0.03886229544878006, -0.047684721648693085, -0.00019834458362311125, -0.0015600664773955941, -0.001158043509349227, -0.00036566724884323776, -1.2636104656849056e-05, -0.0026717225555330515, -0.18189722299575806, -0.47667449712753296]",3.423133611679077,False,0.0,-9.002920871986134,-0.37512170299942227,24.0,-9.002920871986134,-0.37512170299942227,24.0,0.3088616703221959,1,28,28,28,1.0,-1.46977201531239,-1.1612683875312149,True,20,0.8333333333333334,11.0,0.875,1.0,1.8399847050744256
~/anvil/data/cve-targets/poppler_repo_splash_SplashXPathScanner.cc,283,203,293,"if (!addIntersection(segYMin, segYMax, y, x0, x1, count))","if (!addIntersection(segYMin, segYMax, y, x0, x1, count))","                if (!addIntersection(segYMin, segYMax, y, x0, x1, count))",0.0227712225168943,"[[1044, 562, 5036, 1761, 5317, 2190, 7, 8353, 56, 7729, 11, 2048, 56, 8924, 11, 320, 11, 1371, 15, 11, 1371, 16, 11, 1683, 1435, 32014]]","[-0.005480384454131126, -0.11393072456121445, -0.3588303327560425, -0.009061286225914955, -0.0002714027068577707, -0.00029059001826681197, -0.0011479223612695932, -0.005210154689848423, -0.004794648382812738, -0.0001245659514097497, -0.00015901254664640874, -0.0004758894501719624, -0.000587767455726862, -4.0411134250462055e-05, -3.516612196108326e-05, -0.004361046943813562, -0.00343732675537467, -0.019150951877236366, -0.001983700320124626, -0.0013715155655518174, -0.0033770932350307703, -0.00040844682371243834, -0.0077641610987484455, -0.0026611413341015577, -0.009971094317734241, -0.02957555651664734]",13.884723663330078,True,0.0,-0.5549267370879534,-0.022197069483518135,25.0,-0.5549267370879534,-0.022197069483518135,25.0,0.00520671219585309,0,26,26,26,1.0,-1.0258661637205075,-1.1185429557720292,False,24,0.96,0.0,1.0,0.0,0.8472377169969642
~/anvil/data/cve-targets/poppler_repo_poppler_JPEG2000Stream.cc,31,25,39,opj_image_t *image;,opj_stream_t *stream;,"    opj_stream_t *stream;
    opj_codec",0.539126992225647,"[[315, 1034, 73, 62, 6832, 62, 83, 572, 6832, 26, 185, 315, 1034, 73, 62, 23958]]","[-0.05115572363138199, -1.3656907081604004, -4.362964682513848e-05, -0.001166259404271841, -0.6776439547538757, -0.0006121906917542219, -0.14985623955726624, -0.7199345231056213, -0.3779531419277191, -0.035607386380434036, -0.11327759921550751, -0.07830195128917694, -1.2271678447723389, -8.594620157964528e-05, -0.0004362108593340963, -0.18098048865795135]",4.71336841583252,False,1.0,-4.9799137982554385,-0.3112446123909649,16.0,-3.5712433077642345,-0.2976036089803529,12.0,0.16399652261216352,0,7,10,7,0.7,-1.8115606664610002,-1.124408337596012,True,9,0.5625,12.0,0.55,2.0,1.7324996094782261
~/anvil/data/cve-targets/sqlite3_repo_src_expr.c,97,90,105,"Expr *pNew = sqlite3ExprAlloc(pParse->db, TK_COLLATE, pCollName, 1);","Expr *pNew = sqlite3ExprAddCollateToken(pParse, pExpr, 0, 0);","    Expr *pNew = sqlite3ExprAddCollateToken(pParse, pExpr, 0, 0);
    if( pNew ){
      pNew->pCollName = sqlite3DbStr",0.323842853307724,"[[315, 2066, 1006, 572, 79, 4843, 405, 15313, 547, 18, 20567, 3511, 2608, 12356, 7581, 7, 79, 19889, 11, 265, 20567, 11, 207, 15, 11, 207, 15, 477, 185, 315, 562, 7, 265, 4843, 2189, 90, 185, 730, 265, 4843, 12, 29, 79, 27232, 1737, 405, 15313, 547, 18, 21792, 6624]]","[-0.0023534002248197794, -0.46805110573768616, -2.1815061700181104e-05, -0.02211306430399418, -0.0005075835506431758, -0.07009994983673096, -0.44059327244758606, -0.23143739998340607, -0.0012912754900753498, -0.0036264387890696526, -0.38711559772491455, -0.6152653098106384, -1.0970268249511719, -0.0029355075675994158, -0.6014481782913208, -0.7528014183044434, -0.09185247123241425, -0.0019085064996033907, -0.0049725910648703575, -0.6823498606681824, -0.01042610127478838, -0.044567566365003586, -0.5166084170341492, -0.004381580278277397, -0.0185963474214077, -0.10183756053447723, -0.055011387914419174, -0.003708629636093974, -0.4887886643409729, -0.009344767779111862, -0.456523060798645, -0.0010968389688059688, -0.16619102656841278, -0.024663861840963364, -0.12914904952049255, -0.05331605672836304, -0.0055861324071884155, -0.0030001651030033827, -0.8053988814353943, -0.02401757799088955, -0.009860261343419552, -1.823885577323381e-05, -0.8251688480377197, -0.6478778719902039, -0.4043816924095154, -0.013716490007936954, -0.3719129264354706, -0.00045694399159401655, -0.003453008132055402, -0.6930221319198608, -0.05056929588317871]",10.186153411865234,False,2.0,-11.420422954488458,-0.22392986185271488,51.0,-6.731042594119572,-0.2243680864706524,30.0,0.08727032170271526,1,24,34,21,0.7058823529411765,-1.44335524005141,-1.0197552522474618,True,31,0.6078431372549019,34.0,0.6821705426356589,7.0,2.2552003161120866
~/anvil/data/cve-targets/libsndfile_repo_src_common.c,478,470,684,unsigned int 	data ;,unsigned int	data ;,	unsigned int	data ;,0.0371167697012424,"[[184, 15546, 1097, 184, 2448, 6203, 32014]]","[-0.050649188458919525, -0.04788690060377121, -0.06642227619886398, -0.4007137715816498, -0.12988276779651642, -0.055427078157663345, -0.018040968105196953]",7.007638454437256,False,0.0,-0.7509819827973843,-0.12516366379956403,6.0,-0.7509819827973843,-0.12516366379956403,6.0,0.01596466316680152,0,7,7,7,1.0,-0.296545886997051,-1.061730606249063,True,6,1.0,1.0,0.9743589743589743,0.0,1.8413423626535999
~/anvil/data/cve-targets/libxml2_repo_parser.c,9750,9665,9759,"int m_tmp = xmlSwitchToEncoding(ctxt, handler);",ctxt->input->encoder = xmlGetCharEncodingHandler(handler);,"		ctxt->input->encoder = xmlGetCharEncodingHandler(handler);
		if (ct",2.241271495819092,"[[184, 184, 296, 530, 12, 29, 3584, 12, 29, 897, 8589, 405, 11815, 3106, 8061, 28782, 7777, 7, 18214, 477, 185, 184, 2944, 334, 296]]","[-0.33483439683914185, -0.5573594570159912, -0.5273870825767517, 0.0, -0.00026079590315930545, -2.9802276912960224e-06, -0.022414319217205048, -0.0014148473273962736, -9.536738616588991e-07, -0.4836237132549286, -0.005653937812894583, -0.003240574151277542, -0.6850653290748596, -0.34024038910865784, -0.03359977900981903, -0.01900768093764782, -0.02005595527589321, -0.05473559722304344, -0.2454134076833725, -0.11462106555700302, -0.18264718353748322, -0.18371081352233887, -0.401231050491333, -0.09638023376464844, -0.029541991651058197]",5.041840553283691,False,1.0,-4.342443534837457,-0.17369774139349828,25.0,-3.8152902589304176,-0.18168048852049606,21.0,0.04564205150763125,1,15,21,18,0.7142857142857143,-12.33633569609345,-1.1152127253003514,True,15,0.6,31.0,0.5523809523809524,13.0,2.2606721224710298
~/anvil/data/cve-targets/sqlite3_repo_ext_misc_zipfile.c,380,370,390,pTab->pWriteFd = 0;,pTab->pWriteFd = 0;,    pTab->pWriteFd = 0;,0.0089511312544345,"[[315, 265, 14249, 12, 29, 79, 9083, 37, 67, 1412, 15, 26, 32014]]","[-0.030926315113902092, -0.03836819529533386, -0.0012217445764690638, -4.5298504119273275e-05, -3.576278118089249e-07, -0.006806876976042986, -0.0016071987338364124, -0.0011375630274415016, -3.2305197237292305e-05, -0.048960063606500626, -4.529942543740617e-06, -0.00028391621890477836, -0.5255470871925354]",12.11805534362793,True,0.0,-0.12939436482014344,-0.010782863735011953,12.0,-0.12939436482014344,-0.010782863735011953,12.0,0.0002901823747666872,0,10,10,10,1.0,-0.8301256024751739,-1.0702156797497664,False,11,0.9166666666666666,0.0,1.0,0.0,0.8378933764701465
~/anvil/data/cve-targets/poppler_repo_poppler_Stream.cc,1341,1334,1352,return pred->lookChar();,return pred;,        return pred;,0.5696538090705872,"[[436, 967, 3777, 26, 32014]]","[-0.0038373658899217844, -0.6697306036949158, -0.25682005286216736, -0.22892552614212036, -0.1291751265525818]",7.403646469116211,False,0.0,-1.1593135485891253,-0.2898283871472813,4.0,-1.1593135485891253,-0.2898283871472813,4.0,0.05772881674713125,0,12,5,5,2.4,-1.9654865925231393,-1.0512711214402803,True,7,1.75,12.0,0.6666666666666667,7.0,2.062539315499724
~/anvil/data/cve-targets/libxml2_repo_xmlmemory.c,985,830,1135,"xmlGcMemGet(xmlFreeFunc *freeFunc, xmlMallocFunc *mallocFunc,","xmlGcMemGet(xmlFreeFunc *freeFunc, xmlMallocFunc *mallocFunc,","xmlGcMemGet(xmlFreeFunc *freeFunc, xmlMallocFunc *mallocFunc,",0.000363512604963,"[[7056, 38, 66, 8989, 3106, 7, 7056, 13842, 20933, 572, 6630, 20933, 11, 11815, 44, 14314, 20933, 572, 76, 14314, 20933, 11, 32014]]","[-0.0005359405186027288, -0.0012004319578409195, -3.6238969187252223e-05, -3.8265450712060556e-05, -6.186770770000294e-05, -0.0006697318749502301, -0.000624104228336364, -8.844937838148326e-05, -4.291525328881107e-06, -0.0009919252479448915, -0.00025281094713136554, -2.372236667724792e-05, -5.6980417866725475e-05, -0.003015853464603424, -1.490105023549404e-05, -4.768370445162873e-07, -9.536738616588991e-07, -0.0002686616498976946, -0.00021109737281221896, -8.344646857949556e-07, -1.5258672647178173e-05, -9.357491217087954e-05, -0.006464640609920025]",11.836978912353516,True,0.0,-0.008206372688619012,-0.0003730169403917733,22.0,-0.008206372688619012,-0.0003730169403917733,22.0,4.4511871161241476e-07,0,15,15,15,1.0,-0.974520365164137,-1.0627217301444574,False,22,1.0,0.0,1.0,0.0,0.9199275707476315
~/anvil/data/cve-targets/sqlite3_repo_ext_misc_zipfile.c,223,218,234,struct ZipfileLFH {,struct ZipfileLFH {,"struct ZipfileLFH {
  u32",0.0776419937610626,"[[5556, 1971, 515, 2800, 43, 37, 39, 507, 185, 207, 2631, 18, 17]]","[-0.2412538230419159, -0.00497579388320446, -0.000406301929615438, -0.0005189026123844087, -0.0004152389301452786, -5.674201020156033e-05, -2.13382354559144e-05, -0.373207151889801, -0.1574249267578125, -0.017117967829108238, -0.10004211217164993, -0.15773041546344757, -1.7762025890988298e-05]",6.816839218139648,True,1.0,-1.0531884767806332,-0.08101449821389486,13.0,-0.7953981871196447,-0.07953981871196447,10.0,0.015932215909830877,0,4,5,4,0.8,-0.9761399386919095,-1.0668071388260443,False,8,0.6153846153846154,0.0,1.0,0.0,0.7984038675358929
~/anvil/data/cve-targets/lua_repo_ldebug.c,778,747,794,if (npci == 0 ||,if (L->oldpc == NULL ||,    if (L->oldpc == NULL ||,0.9371523261070251,"[[315, 562, 334, 43, 12, 29, 839, 6338, 2312, 4579, 1550, 32014]]","[-0.003009079024195671, -0.09955348819494247, -0.1877782940864563, -0.8464264869689941, -0.005883281119167805, -1.2874520507466514e-05, -0.30380693078041077, -0.046034861356019974, -0.2586442232131958, -0.3515182137489319, -0.1538519263267517, -0.25390151143074036]",9.584027290344238,False,0.0,-2.256519659339574,-0.20513815084905218,11.0,-2.256519659339574,-0.20513815084905218,11.0,0.05520954033778224,1,8,12,12,0.6666666666666666,-4.56839608930966,-1.0045196797701392,True,7,0.6363636363636364,11.0,0.6666666666666667,6.0,2.27429285935233
~/anvil/data/cve-targets/php_repo_ext_standard_dns.c,502,391,729,cp += n;,cp += n;,"			cp += n;
			break;",0.0031071139965206,"[[459, 184, 5820, 8528, 291, 26, 185, 459, 20702, 26]]","[-0.0015863704029470682, -0.0158546082675457, -0.006830438040196896, -0.00347415404394269, -0.0016628975281491876, -0.0006245807744562626, -0.07076089829206467, -0.009130273945629597, -0.6347214579582214, -2.8371408916427754e-05]",13.036502838134766,True,1.0,-0.7446740506620699,-0.074467405066207,10.0,-0.10992422129493207,-0.013740527661866508,8.0,0.00048697686998220565,1,7,10,7,0.7,-0.2261277057899049,-1.0950733916754856,False,4,0.4,0.0,1.0,0.0,0.7120155872001259
~/anvil/data/cve-targets/libxml2_repo_xmlmemory.c,943,788,1093,"xmlMallocFunc mallocAtomicFunc, xmlReallocFunc reallocFunc,","xmlMallocFunc mallocAtomicFunc, xmlReallocFunc reallocFunc,","              xmlMallocFunc mallocAtomicFunc, xmlReallocFunc reallocFunc,",0.009557032957673,"[[3462, 11815, 44, 14314, 20933, 273, 14314, 3554, 10475, 20933, 11, 11815, 2767, 14314, 20933, 299, 14314, 20933, 11, 32014]]","[-1.0066503286361694, -0.0003695997002068907, -0.0015167410019785166, -2.50339189733495e-06, -0.001671228208579123, -0.00135925377253443, -3.576278118089249e-07, -2.7418097943154862e-06, -3.576278118089249e-07, -1.1801649634435307e-05, -0.0002618685248307884, -0.16621848940849304, -0.0002087136817863211, -7.152555099310121e-07, -1.7881377516459906e-06, -0.00035422726068645716, -2.50339189733495e-06, -1.07287787614041e-05, -7.784063927829266e-05, -0.00660675996914506]",4.338932991027832,True,0.0,-1.1787217885054133,-0.062037988868705964,19.0,-1.1787217885054133,-0.062037988868705964,19.0,0.050939750673828554,0,9,9,9,1.0,-0.15405130198367675,-1.1349832133160351,False,18,0.9473684210526315,0.0,1.0,0.0,0.5911323857580367
~/anvil/data/cve-targets/libtiff_repo_libtiff_tif_dirread.c,2124,2078,2230,},},					},0.000160204450367,"[[1076, 1839, 32014]]","[-0.0003883084573317319, -0.00016020445036701858, -0.3496551513671875]",12.368749618530272,True,0.0,-0.0005485129076987505,-0.00027425645384937525,2.0,-0.0005485129076987505,-0.00027425645384937525,2.0,1.3007859498339497e-08,0,2,2,2,1.0,-0.584141040688093,-1.076944166233939,False,1,0.5,0.0,1.0,0.0,0.7204291093111318
~/anvil/data/cve-targets/lua_repo_ldebug.c,396,356,568,},},},0.20315882563591,"[[92, 32014]]","[-0.2031589150428772, -0.03414762392640114]",13.162325859069824,True,0.0,-0.2031589150428772,-0.2031589150428772,1.0,-0.2031589150428772,-0.2031589150428772,1.0,0.0,0,2,2,2,1.0,-0.9999995599161022,-1.0985234510991202,False,1,1.0,0.0,1.0,0.0,0.690111356551274
~/anvil/data/cve-targets/php_repo_ext_phar_phar.c,938,632,1125,if (manifest_count > ((manifest_len - 10 - tmp_len) / (5 * 4 + 1))) {,if (buffer + (5 * 4) + 1 > endbuffer) {,"	if (buffer + (5 * 4) + 1 > endbuffer) {
		MAPPHAR_FAIL(""internal corruption of phar \""%s\"" (truncated manifest header)"")
",0.5294253826141357,"[[2944, 334, 10401, 945, 334, 20, 572, 207, 19, 8, 4536, 16, 1938, 1223, 10401, 8, 507, 185, 184, 184, 26959, 11914, 1522, 62, 5684, 4470, 1195, 11975, 24668, 280, 1118, 268, 23838, 4, 82, 7757, 334, 648, 8551, 612, 11759, 11125, 8, 2456, 185]]","[-0.38752153515815735, -0.283778578042984, -0.9950444102287292, -0.9741138815879822, -0.41856732964515686, -1.044141173362732, -0.1230601817369461, -0.0857667550444603, -0.017765093594789505, -0.7052626609802246, -0.23993128538131714, -0.06231445074081421, -0.0856330469250679, -0.00312210014089942, -2.0265373677830212e-05, -0.021997155621647835, -0.1164344772696495, -0.16218727827072144, -0.0012273406609892845, -0.04336811229586601, -0.09676273912191391, -8.940656698541716e-06, -2.622600959512056e-06, -2.5033637939486653e-05, -0.01651650480926037, -3.4570634852570947e-06, -0.0005590544897131622, -0.008694885298609734, -0.00019727191829588264, -0.0007109498255886137, -0.0002851079625543207, -1.585470999998506e-05, -0.001191144809126854, -0.00021205084340181202, -5.8887653722194955e-05, -0.001769644906744361, -0.011370735242962837, -0.6216229796409607, -0.001262463629245758, -0.0015118608716875315, -0.05702943354845047, -0.5805416107177734, -0.027720104902982712, -0.2521674335002899, -0.004892758093774319]",5.89652681350708,False,2.0,-7.456390642518954,-0.16569756983375455,45.0,-5.771257112062813,-0.28856285560314066,20.0,0.12005024696187397,1,37,35,25,1.0571428571428572,-1.834696920736924,-1.0916365750855792,True,29,0.6444444444444445,50.0,0.40740740740740744,22.0,2.1902886431867303
~/anvil/data/cve-targets/libxml2_repo_xmlmemory.c,768,733,772,},},"	}
   ",0.0482892021536827,"[[1839, 185, 315]]","[-0.04828920215368271, -0.6408299803733826, -0.36791160702705383]",4.426389217376709,True,1.0,-1.057030789554119,-0.3523435965180397,3.0,-1.057030789554119,-0.3523435965180397,3.0,0.058638610451138974,0,2,2,2,1.0,-0.13705145383906625,-1.1325043904395427,False,1,0.3333333333333333,0.0,1.0,0.0,0.5297906348574003
~/anvil/data/cve-targets/libpng_repo_pngrutil.c,2620,2602,2642,size_t row_factor_l =,png_uint_32 row_factor_l =,      png_uint_32 row_factor_l =,0.1604156494140625,"[[730, 265, 944, 62, 9842, 62, 18, 17, 5439, 62, 24619, 62, 75, 405, 32014]]","[-0.09288743138313293, -0.8050360083580017, -0.000505677133332938, -0.0001486429391661659, -0.30524370074272156, -1.6212332411669195e-05, -0.008631540462374687, -0.008711311966180801, -0.03821686655282974, -0.011454884894192219, -0.006016003433614969, -0.001987745286896825, -0.000957030919380486, -0.0968967005610466, -0.08883921802043915]",5.097395896911621,False,0.0,-1.3767097569652833,-0.09833641121180595,14.0,-1.3767097569652833,-0.09833641121180595,14.0,0.044691179388010996,1,4,4,4,1.0,-1.6312945269941224,-1.113664899769597,True,9,0.6428571428571429,9.0,0.7234042553191489,1.0,1.6476329740788034
~/anvil/data/cve-targets/openssl_repo_ssl_statem_extensions_srvr.c,289,256,335,},},        },0.0001207517198054,"[[436, 611, 32014]]","[-0.0004629017203114927, -0.00011979816190432757, -0.06289514899253845]",11.519487380981444,True,0.0,-0.0005826998822158203,-0.0002913499411079101,2.0,-0.0005826998822158203,-0.0002913499411079101,2.0,2.943001294791474e-08,1,2,2,2,1.0,-0.41445596091840636,-1.0543199890364174,False,1,0.5,0.0,1.0,0.0,0.802697447757626
~/anvil/data/cve-targets/libtiff_repo_libtiff_tif_read.c,439,414,449,stripsperplane=((td->td_imagelength+rowsperstrip-1)/rowsperstrip);,stripsperplane=td->td_nstrips/(td->td_samplesperpixel*td->td_planarconfig);,	stripsperplane=td->td_nstrips/(td->td_samplesperpixel*td->td_planarconfig);,0.3018733263015747,"[[184, 26763, 829, 522, 18323, 28, 1735, 12, 29, 1735, 62, 77, 26763, 829, 17919, 1735, 12, 29, 1735, 62, 82, 10592, 14726, 16939, 9, 1735, 12, 29, 1735, 62, 11767, 268, 4130, 477, 32014]]","[-0.16868114471435547, -0.021150868386030197, -9.536738616588991e-07, -0.009985847398638725, -1.1920928244535389e-07, -0.03065062128007412, -0.6217961311340332, -0.0007809926173649728, -3.242440288886428e-05, -0.0002002515539061278, -2.0265558760002023e-06, -0.2419150024652481, -0.005218693055212498, -1.6212332411669195e-05, -0.12921692430973053, -0.07620889693498611, -0.00020132421923335642, -1.168244216387393e-05, -0.00037091050762683153, -2.5152843591058627e-05, -0.6707484126091003, -9.107174992095679e-05, -0.01425100676715374, -2.5748875486897305e-05, -0.2746952772140503, -0.05534598231315613, -9.917721035890281e-05, -7.033323527139146e-06, -0.00031013446277938783, -3.3378546504536644e-06, -0.10141250491142273, -0.0038132588379085064, -0.0001538873475510627, -0.04586419463157654, -0.4079893231391907]",6.944616794586182,False,0.0,-2.473287208145159,-0.07274374141603408,34.0,-2.473287208145159,-0.07274374141603408,34.0,0.02525705204415397,1,25,25,25,1.0,-4.149818533186364,-1.0634047253528247,True,25,0.7352941176470589,44.0,0.5390070921985816,17.0,2.102611119397919
~/anvil/data/cve-targets/libsndfile_repo_src_common.c,594,470,684,return count ;,break ;,						break ;,2.258312702178955,"[[4552, 20702, 6203, 32014]]","[-0.010634301230311394, -0.003784044412896037, -0.0005092516075819731, -0.1440063863992691]",11.81753635406494,False,0.0,-0.014927597250789404,-0.004975865750263135,3.0,-0.014927597250789404,-0.004975865750263135,3.0,1.7796324027223947e-05,1,5,4,4,1.25,-453.85322183572384,-1.0622053049328941,True,3,1.0,11.0,0.38095238095238093,3.0,2.343851575991785
~/anvil/data/cve-targets/php_repo_ext_standard_http_fopen_wrapper.c,623,564,637,if (tmp_line[tmp_line_len - 1] == '\n') {,tmp_line[tmp_line_len] = '\0';,"			tmp_line[tmp_line_len] = '\0';
			if (tmp_line_len > 0) {",0.3251527845859527,"[[459, 184, 10801, 62, 1027, 58, 10801, 62, 1027, 62, 6446, 60, 405, 20521, 15, 4057, 185, 459, 2944, 334, 10801, 62, 1027, 62, 6446, 6213, 15, 8, 507, 32014]]","[-0.3635868430137634, -0.8193632960319519, -1.1947624683380127, -0.12790721654891968, -0.0018737631617113948, -0.32273581624031067, -0.0507998950779438, -1.7523612768854946e-05, -8.344646857949556e-07, -0.0003573255962692201, -8.4638240878121e-06, -0.057110052555799484, -0.06672486662864685, -0.0026148909237235785, -0.0017414417816326022, -0.00022790218645241112, -0.02738344483077526, -0.036898329854011536, -0.9478362798690796, -0.04477664455771446, -0.2931978404521942, -0.0013912770664319396, -4.5298504119273275e-05, -0.08001039177179337, -2.753696753643453e-05, -0.6664272546768188, -0.2267264723777771, -0.4843360185623169, -0.001029438222758472, -0.3303704857826233]",11.187891006469728,False,1.0,-5.819918827700008,-0.20068685612758647,29.0,-3.074114374671467,-0.1707841319261926,18.0,0.10216316464359905,1,24,27,15,0.8888888888888888,-1.9038817067997469,-1.045615899790636,True,20,0.6896551724137931,13.0,0.7887323943661972,14.0,2.1614632673840948
~/anvil/data/cve-targets/openssl_repo_ssl_statem_statem_clnt.c,2623,2608,2643,"ckey = ssl_generate_pkey(s, skey);",ckey = s->s3.tmp.ecdhe_tmp.client_key;,"    ckey = s->s3.tmp.ecdhe_tmp.client_key;
    if (c",0.6996994018554688,"[[315, 258, 2447, 405, 252, 12, 29, 82, 18, 13, 10801, 13, 865, 67, 247, 62, 10801, 13, 6008, 62, 2447, 26, 185, 315, 562, 334, 66]]","[-0.04425375163555145, -0.8785028457641602, -0.0001839230244513601, -0.0014385362155735493, -0.7472614049911499, -0.4947628974914551, -8.272782724816352e-05, -0.1603393703699112, -0.004059646278619766, -0.005468291230499744, -0.0933794230222702, -0.03759903460741043, -0.8268014192581177, -0.7327538132667542, -0.019982224330306053, -0.2931860089302063, -1.4908788204193115, -0.4036076068878174, -1.0528010129928589, -0.048863571137189865, -1.2649530172348022, -0.04681622236967087, -0.2865191400051117, -0.030389076098799706, -0.27524447441101074, -0.09519098699092865, -0.023576749488711357]",9.85021686553955,False,1.0,-9.358895996279898,-0.34662577763999625,27.0,-8.964883785389247,-0.37353682439121866,24.0,0.19802870904669137,1,14,22,19,0.6363636363636364,-1.8731738242831133,-1.0112267887196795,True,16,0.5925925925925926,22.0,0.5,14.0,2.26174882373058
~/anvil/data/cve-targets/libpng_repo_pngrutil.c,2655,2647,3067,png_uint_32 row_width = png_ptr->width;,unsigned int row_width = png_ptr->row_info.width;,   unsigned int row_width = png_ptr->row_info.width;,0.122567631304264,"[[243, 13680, 1097, 5439, 62, 2166, 405, 265, 944, 62, 8856, 12, 29, 725, 62, 4895, 13, 2166, 26, 32014]]","[-0.019590463489294052, -0.7840476632118225, -0.0031428963411599398, -0.01053415797650814, -0.000366263062460348, -0.0011818574275821447, -0.004416474141180515, -0.023901425302028656, -0.00014590153296012431, -9.011816291604191e-05, -0.01636253483593464, -6.782778655178845e-05, -2.145764938177308e-06, -0.8200117945671082, -0.48220300674438477, -0.22391639649868011, -0.020810704678297043, -0.02360527403652668, -0.008195461705327034, -0.0750453844666481]",9.86150074005127,False,0.0,-2.442592367265661,-0.12855749301398214,19.0,-2.442592367265661,-0.12855749301398214,19.0,0.06622194715563456,1,11,16,16,0.6875,-0.953407136610336,-1.0115120928641597,True,18,0.9473684210526315,19.0,0.75,6.0,2.0896999645748338
~/anvil/data/cve-targets/poppler_repo_poppler_XRef.cc,672,596,676,trailerDict = xrefStr->getDictObject()->copy();,"trailerDict = dict->lookupNF(""Trailer"").copy();","        trailerDict = dict->lookupNF(""Trailer"").copy();",0.9905511140823364,"[[436, 26265, 35, 965, 405, 13026, 12, 29, 5845, 393, 31393, 1195, 11822, 6689, 6399, 11792, 1293, 32014]]","[-0.0009029601933434606, -0.3705582618713379, -0.02193441428244114, -3.015949550899677e-05, -0.06497523188591003, -0.32875752449035645, -0.46812868118286133, -6.556489552167477e-06, -0.5346194505691528, -0.00015960850578267127, -0.17192183434963226, -0.002097075106576085, -0.2845408618450165, -4.768360213347478e-06, -0.2612645924091339, -0.015978973358869553, -0.0399700403213501, -0.6339857578277588]",9.887195587158203,False,0.0,-2.5658509947170387,-0.15093241145394345,17.0,-2.5658509947170387,-0.15093241145394345,17.0,0.03226047960611541,0,21,25,25,0.84,-6.562878738504751,-1.0121620678187215,True,18,1.0588235294117647,26.0,0.574468085106383,7.0,2.4068954202704833
~/anvil/data/cve-targets/libxml2_repo_HTMLparser.c,2461,2438,2471,in++;,in++;,"	    in++;
	count",0.0136755211278796,"[[10212, 279, 3868, 26, 185, 184, 4241]]","[-0.10843297839164734, -0.037863634526729584, -0.0046164365485310555, -0.0006381620769388974, -0.22873075306415558, -0.700603723526001, -0.3579152226448059]",4.639583587646484,True,1.0,-1.4388009107788093,-0.20554298725411563,7.0,-1.0808856881340034,-0.18014761468900056,6.0,0.06027624011777893,1,6,9,6,0.6666666666666666,-0.07591286263483676,-1.126484358643067,False,3,0.42857142857142855,0.0,1.0,0.0,0.5889264759314835
~/anvil/data/cve-targets/poppler_repo_splash_Splash.cc,2717,2504,2757,xa = 0;,xa = 0;,"                xa = 0;
            if (",0.0034669761080294,"[[1044, 1371, 64, 1412, 15, 26, 185, 655, 562, 334]]","[-0.012791606597602367, -0.010951178148388863, -0.0007474012672901154, -0.005823550280183554, -0.00030083899036981165, -0.0001858300092862919, -0.01960928365588188, -0.00040189296123571694, -0.021785126999020576, -0.0003860443539451808]",11.897612571716309,True,1.0,-0.07298275326320436,-0.007298275326320436,10.0,-0.0508115819102386,-0.006351447738779825,8.0,4.7513662752217666e-05,0,7,9,7,0.7777777777777778,-0.545856039539017,-1.064333869394115,False,4,0.4,0.0,1.0,0.0,0.8238918623614675
~/anvil/data/cve-targets/libsndfile_repo_src_ulaw.c,810,804,816,{,{,		{,4.147322177886963,"[[184, 5849, 32014]]","[-0.02232211083173752, -0.01816810667514801, -0.7051406502723694]",8.508506774902344,True,0.0,-0.04049021750688553,-0.020245108753442764,2.0,-0.04049021750688553,-0.020245108753442764,2.0,4.3139376332407275e-06,1,2,2,2,1.0,-204.85551489970106,-1.022630793540332,False,1,0.5,0.0,1.0,0.0,1.9018358820668388
~/anvil/data/cve-targets/php_repo_ext_standard_dns.c,417,391,729,CHECKCP(dlen);,if (dlen > (end - cp)) {,"	if (dlen > (end - cp)) {
",0.3238361775875091,"[[2944, 334, 67, 6446, 1938, 334, 408, 567, 24276, 1435, 507, 185]]","[-0.6398783922195435, -0.2117578238248825, -0.6418874859809875, -0.000888191512785852, -0.5427608489990234, -0.8558849096298218, -0.3606647551059723, -0.032132696360349655, -0.03581593185663223, -0.10815377533435822, -0.0062177786603569984, -0.007530516013503075]",2.6460065841674805,False,1.0,-3.443573105498217,-0.28696442545818474,12.0,-3.443573105498217,-0.28696442545818474,12.0,0.08745319763392333,1,9,19,19,0.47368421052631576,-1.1284889305371308,-1.1840503027209899,True,6,0.5,21.0,0.3157894736842105,16.0,1.4872498125750575
~/anvil/data/cve-targets/openssl_repo_ssl_statem_extensions_srvr.c,627,570,758,EVP_MD_CTX_free(hctx);,EVP_MD_CTX_free(hctx);,    EVP_MD_CTX_free(hctx);,0.0068272668868303,"[[315, 426, 22794, 62, 14821, 62, 2068, 55, 62, 6630, 7, 71, 12511, 477, 32014]]","[-0.0027781245298683643, -0.05251238867640495, -5.936446541454643e-05, -1.4305104514278355e-06, -0.019066395238041878, -2.4437606043647975e-05, -4.875540980719961e-05, -1.5497195136049413e-06, -2.861018856492592e-06, -0.019795246422290802, -3.2543604902457446e-05, -1.168244216387393e-05, -1.7881377516459906e-06, -5.4834770708112046e-05, -0.007678517140448093]",12.663236618041992,True,0.0,-0.094391402552219,-0.006742243039444215,14.0,-0.094391402552219,-0.006742243039444215,14.0,0.00020601779203797038,0,9,9,9,1.0,-1.0126106173996798,-1.084902075453677,False,13,0.9285714285714286,0.0,1.0,0.0,0.7726156240167185
~/anvil/data/cve-targets/openssl_repo_crypto_x509_v3_addr.c,77,68,78,: 0);,: 0);,            : 0);,0.0116001265123486,"[[655, 1191, 207, 15, 477, 32014]]","[-0.008065629750490189, -0.00036006642039865255, -0.2099149078130722, -0.006679825019091368, -0.02764635719358921, -0.47588884830474854]",7.000173091888428,True,0.0,-0.2526667861966416,-0.05053335723932832,5.0,-0.2526667861966416,-0.05053335723932832,5.0,0.006434058542448601,1,6,6,6,1.0,-0.22955384613394797,-1.06192877983908,False,4,0.8,0.0,1.0,0.0,0.8232043844166685
~/anvil/data/cve-targets/openssl_repo_crypto_bn_bn_gf2m.c,599,495,643,break;,break;,                break;,0.0099417706951498,"[[1044, 2963, 26, 32014]]","[-0.002095647621899843, -0.012898819521069527, -3.0278701160568744e-05, -0.29360339045524597]",9.347394943237305,True,0.0,-0.015024745844129939,-0.00500824861470998,3.0,-0.015024745844129939,-0.00500824861470998,3.0,3.184151274393648e-05,1,4,4,4,1.0,-1.9850793081536173,-1.0014073013092455,False,2,0.6666666666666666,0.0,1.0,0.0,1.0201830842134822
~/anvil/data/cve-targets/poppler_repo_poppler_XRef.cc,1493,1486,1515,if ((!xRefStream) && mainXRefEntriesOffset) {,if (complainIfMissing) {,"        if (complainIfMissing) {
            error(errSyntaxError, -1, ""Invalid XRef entry {0",2.581283569335937,"[[436, 562, 334, 685, 20667, 1840, 30101, 8, 507, 185, 655, 2179, 7, 977, 18741, 3419, 11, 567, 16, 11, 440, 14551, 1439, 2224, 6048, 507, 15]]","[-0.005023358389735222, -0.5082852840423584, -0.06899183988571167, -0.7594984173774719, -5.2927523938706145e-05, -3.111314072157256e-05, -7.748573807475623e-06, -0.028826352208852768, -0.00735716987401247, -0.002615842269733548, -0.0011699505848810077, -0.0773489847779274, -0.000759074988309294, -0.001260558608919382, -0.005462126340717077, -0.011132980696856976, -0.00011860620725201443, -0.005411855410784483, -8.093983342405409e-05, -0.00012444675667211413, -0.0063049690797924995, -0.20815184712409973, -0.025776632130146027, -0.0032518624793738127, -0.01726069115102291, -0.030161699280142784, -0.0004415729199536145]",9.171701431274414,False,1.0,-1.774908851656619,-0.06573736487617107,27.0,-1.3818600038712248,-0.1256236367155659,11.0,0.06066144606635542,1,18,15,10,1.2,-20.54775388472807,-1.0058154945007085,True,16,0.5925925925925926,31.0,0.4347826086956522,9.0,2.7732750780402724
~/anvil/data/cve-targets/poppler_repo_fofi_FoFiTrueType.cc,552,492,590,"cmapLen = getU16BE(pos + 8, &ok);","cmapLen = getU16BE(pos + 8, &ok);","        cmapLen = getU16BE(pos + 8, &ok);",0.0386827588081359,"[[436, 258, 4008, 21356, 405, 748, 52, 16, 21, 11306, 7, 937, 4536, 23, 11, 573, 541, 477, 32014]]","[-7.92710343375802e-05, -0.017794020473957062, -1.966933996300213e-05, -0.0006959400488995016, -0.02725248411297798, -0.013741182163357735, -0.00021240839851088822, -0.006801667157560587, -6.318072337307967e-06, -7.021180499577895e-05, -7.581423415103927e-05, -0.0002181292074965313, -0.0010839784517884254, -0.5797021389007568, -0.0004741021548397839, -4.2676016164477915e-05, -3.266281055402942e-05, -0.0097829420119524, -0.08922766894102097]",15.92986011505127,True,0.0,-0.658085616394601,-0.036560312021922274,18.0,-0.658085616394601,-0.036560312021922274,18.0,0.017410381401943523,0,19,19,19,1.0,-1.0580533006649662,-1.17721951805462,False,17,0.9444444444444444,0.0,1.0,0.0,0.5580771906465928
~/anvil/data/cve-targets/sqlite3_repo_src_whereexpr.c,933,919,942,if( pIdx->aiColumn[i]!=XN_EXPR ) continue;,if( pIdx->aColExpr->a[i].pExpr==0 ) continue;,      if( pIdx->aColExpr->a[i].pExpr==0 ) continue;,1.5990437269210815,"[[730, 562, 7, 265, 1825, 87, 12, 29, 64, 2608, 20567, 12, 29, 64, 58, 72, 2975, 79, 20567, 780, 15, 2189, 4873, 26, 32014]]","[-0.002534393919631839, -0.2270113229751587, -0.00810985453426838, -1.256277322769165, -0.0735052227973938, -3.3378546504536644e-06, -0.0010745710460469127, -0.00017414960893802345, -0.04993478208780289, -0.0392058901488781, -0.0889480710029602, -0.6573356986045837, -0.00015317220822907984, -0.01945882849395275, -0.004000281449407339, -0.0020679295994341373, -0.001987864263355732, -0.7935965061187744, -0.1063910722732544, -0.2406146079301834, -0.302962064743042, -0.12382176518440247, -0.22070442140102386, -8.761498611420393e-05, -0.3525180518627167]",8.41931438446045,False,0.0,-4.219960746000652,-0.17583169775002716,24.0,-4.219960746000652,-0.17583169775002716,24.0,0.09135475023114248,0,21,27,27,0.7777777777777778,-9.094172139510235,-1.0249136098428964,True,22,0.9166666666666666,17.0,0.6896551724137931,9.0,2.5048822036737355
~/anvil/data/cve-targets/php_repo_ext_phar_phar.c,2336,2181,2486,},},"	}
	",0.2298159450292587,"[[1839, 185, 184]]","[-0.2298160344362259, -0.10093996673822403, -0.9331318140029907]",15.57569408416748,True,1.0,-1.2638878151774406,-0.4212959383924802,3.0,-1.2638878151774406,-0.4212959383924802,3.0,0.13375615525187234,0,2,2,2,1.0,-0.545497651617903,-1.1668422477026676,False,1,0.3333333333333333,0.0,1.0,0.0,0.44797953334634866
~/anvil/data/cve-targets/php_repo_ext_phar_util.c,1364,1252,1478,PHP_SHA512_CTX context;,PHP_SHA512_CTX context;,			PHP_SHA512_CTX context;,0.008683580905199,"[[459, 184, 24080, 62, 8019, 32, 20, 16, 17, 62, 2068, 55, 3723, 26, 32014]]","[-0.001757030957378447, -0.0005771639989688993, -0.001892800792120397, -1.2516897186287679e-05, -0.0002884448622353375, -1.0013530300057027e-05, -0.00141258561052382, -5.125986263010418e-06, -2.9802276912960224e-06, -0.00031990656862035394, -0.0002933310461230576, -5.006777428206988e-06, -0.0995241329073906, -0.0002213471452705562, -0.01004285179078579]",13.999999046325684,True,0.0,-0.10632238730750032,-0.007594456236250023,14.0,-0.10632238730750032,-0.007594456236250023,14.0,0.0006504936841515334,1,5,5,5,1.0,-1.1434104872117563,-1.1217711168221627,False,12,0.8571428571428571,0.0,1.0,0.0,0.5935192575873258
~/anvil/data/cve-targets/php_repo_ext_phar_phar.c,173,159,201,},},"	}
	if",0.0022657455410808,"[[1839, 185, 2944]]","[-0.0022656265646219254, -0.6341736912727356, -0.05092860385775566]",13.281944274902344,True,1.0,-0.6873679216951132,-0.22912264056503773,3.0,-0.6364393178373575,-0.31821965891867876,2.0,0.0998269505607884,0,2,3,2,0.6666666666666666,-0.0071200677820467805,-1.1018134588405926,False,1,0.3333333333333333,0.0,1.0,0.0,0.6304860892845726
~/anvil/data/cve-targets/libsndfile_repo_src_common.c,356,201,506,**		1	- single byte value,**		O	- one byte value,**		O	- one byte value,0.5844454169273376,"[[742, 184, 184, 46, 24216, 629, 12477, 1432, 32014]]","[-0.000695344409905374, -0.1445145308971405, -0.17427636682987213, -0.7919548153877258, -0.7022374272346497, -2.4547319412231445, -0.10858763009309769, -0.052217692136764526, -0.6836022734642029]",12.596397399902344,False,0.0,-4.4292157482123,-0.5536519685265375,8.0,-4.4292157482123,-0.5536519685265375,8.0,0.5949462331275784,0,11,11,11,1.0,-1.055618782468619,-1.0830907390669544,True,7,0.875,5.0,0.851063829787234,5.0,1.9389659821330907
~/anvil/data/cve-targets/lua_repo_ldebug.c,784,747,794,L->oldpc = pc;,L->oldpc = pc;  /* save current 'pc,    L->oldpc = pc;  /* save current 'pc,0.0931925028562545,"[[315, 412, 12, 29, 839, 6338, 405, 17198, 26, 207, 4535, 4608, 1642, 651, 6338]]","[-0.25395146012306213, -0.46579062938690186, -0.00018571082910057157, -1.5497195136049413e-06, -0.02013891004025936, -0.0014943634159862995, -0.0006115949945524335, -0.14287011325359344, -0.13264599442481995, -0.33651819825172424, -0.0004657614335883409, -1.270863652229309, -1.2345004081726074, -1.1223877668380737, -0.008485098369419575]",11.224348068237305,False,0.0,-4.990911211482512,-0.33272741409883416,15.0,-4.990911211482512,-0.33272741409883416,15.0,0.21142740071021324,1,10,17,17,0.5882352941176471,-0.28008663821302193,-1.0465693363044035,True,8,0.5333333333333333,21.0,0.5714285714285714,9.0,1.9438740649464807
~/anvil/data/cve-targets/sqlite3_repo_src_select.c,1067,942,1302,#endif,#endif,"#endif
   ",0.1527151763439178,"[[2, 9239, 185, 315]]","[-0.2027042657136917, -0.09148027002811432, -0.24149954319000244, -0.047602202743291855]",14.794965744018556,True,1.0,-0.5832862816751003,-0.14582157041877508,4.0,-0.5832862816751003,-0.14582157041877508,4.0,0.0062474841530864595,0,2,3,2,0.6666666666666666,-1.0472742537701756,-1.144288398789724,False,2,0.5,0.0,1.0,0.0,0.5117098624074771
~/anvil/data/cve-targets/libpng_repo_pngrutil.c,2626,2602,2642,size_t row_factor = (png_uint_32)row_factor_l;,size_t row_factor = row_factor_l;,      size_t row_factor = row_factor_l;,0.4392972588539123,"[[730, 2398, 62, 83, 5439, 62, 24619, 405, 5439, 62, 24619, 62, 75, 26, 32014]]","[-0.022890498861670494, -0.5556344389915466, -2.50339189733495e-06, -3.6954811548639555e-06, -0.006962324492633343, -0.0003026265767402947, -0.0007970731821842492, -0.19653084874153137, -0.7251635193824768, -2.3603161025675945e-05, -7.629365427419543e-06, -0.00033408781746402383, -3.9219088648678735e-05, -0.4755655825138092, -0.37064749002456665]",6.3170576095581055,False,0.0,-1.9842576510482104,-0.14173268936058644,14.0,-1.9842576510482104,-0.14173268936058644,14.0,0.05847984812464564,1,13,8,8,1.625,-3.0994773388959183,-1.0802200229392938,True,21,1.5,13.0,0.8354430379746836,5.0,1.9376978718327664
~/anvil/data/cve-targets/openssl_repo_crypto_x509_x509_obj.c,87,17,173,if (q[j] != 0),if (q[j] == '/' || q[j] == '+,                if (q[j] == '/' || q[j] == '+,0.6835174560546875,"[[1044, 562, 334, 80, 58, 73, 60, 2312, 11725, 6, 1550, 4652, 58, 73, 60, 2312, 651, 10]]","[-0.0020787552930414677, -0.018290312960743904, -0.35919079184532166, -0.1288752555847168, -0.002733781933784485, -0.0007350126979872584, -0.01491290982812643, -0.22080938518047333, -0.3300148844718933, -0.048610493540763855, -0.0024639980401843786, -0.017124295234680176, -4.672895011026412e-05, -2.169585604860913e-05, -0.00010072677832795307, -0.0007572882459498942, -0.004067600704729557, -0.009027380496263504]",11.11267375946045,False,0.0,-1.1598612976431468,-0.0644367387579526,18.0,-1.1598612976431468,-0.0644367387579526,18.0,0.012882553841550909,0,17,25,25,0.68,-10.607573710740128,-1.043651538557238,True,10,0.5555555555555556,18.0,0.5116279069767442,17.0,2.1740810882423727
~/anvil/data/cve-targets/libtiff_repo_libtiff_tif_dirwrite.c,3257,3122,3530,else,else if(,        else if(,0.0514758713543415,"[[436, 1969, 562, 7]]","[-0.057675667107105255, -0.050752874463796616, -0.6878734230995178, -0.010783495381474495]",11.72291660308838,False,0.0,-0.8070854600518942,-0.20177136501297355,4.0,-0.8070854600518942,-0.20177136501297355,4.0,0.07908543296627091,0,2,4,4,0.5,-0.2551198052857089,-1.0596956343722206,True,1,0.25,4.0,0.6666666666666667,3.0,1.7953313888703557
~/anvil/data/cve-targets/poppler_repo_poppler_GfxState.cc,2408,2399,2421,int i;,int i;,"    int i;

   ",0.0576755441725254,"[[315, 1097, 460, 26, 185, 185, 315]]","[-0.15756016969680786, -0.14747890830039978, -0.0073847416788339615, -0.018591316416859627, -0.049577496945858, -0.7435024976730347, -0.7208661437034607]",8.274998664855957,True,2.0,-1.8449612744152546,-0.26356589634503635,7.0,-1.8449612744152546,-0.26356589634503635,7.0,0.09080120347119404,1,5,5,5,1.0,-0.21882779590354076,-1.0286180670956206,False,3,0.42857142857142855,0.0,1.0,0.0,0.9439133999072232
~/anvil/data/cve-targets/libxml2_repo_valid.c,1210,1186,1278,},},"            }
	",0.0004195286892354,"[[655, 611, 185, 184]]","[-0.05116025358438492, -0.0004196478403173387, -0.6426383852958679, -0.7603137493133545]",5.601388931274414,True,1.0,-1.4545320360339247,-0.36363300900848117,4.0,-1.4545320360339247,-0.36363300900848117,4.0,0.11619069458487268,1,2,2,2,1.0,-0.0011537145386754895,-1.0997209461338597,False,1,0.25,0.0,1.0,0.0,0.6376579611760167
~/anvil/data/cve-targets/poppler_repo_poppler_GfxState.cc,2395,2386,2402,int i;,int i;,"    int i;

   ",0.0498212836682796,"[[315, 1097, 460, 26, 185, 185, 315]]","[-0.03684065118432045, -0.1332210749387741, -0.006284593604505062, -0.013145096600055695, -0.0054746936075389385, -0.483958899974823, -0.2653847336769104]",9.723133087158203,True,2.0,-0.9443097435869277,-0.13490139194098966,7.0,-0.9443097435869277,-0.13490139194098966,7.0,0.028086275034187442,1,5,5,5,1.0,-0.36931630542458066,-1.0080191239171037,False,3,0.42857142857142855,0.0,1.0,0.0,1.0169625310010475
~/anvil/data/cve-targets/sqlite3_repo_ext_rtree_rtree.c,578,567,580,pNode->pNext = 0;,pNode->pNext = 0;,    pNode->pNext = 0;,0.0597912073135376,"[[315, 265, 4601, 12, 29, 79, 7926, 1412, 15, 26, 32014]]","[-0.2573346197605133, -0.12835513055324554, -0.00745538342744112, -0.0008596062543801963, -7.390948667307384e-06, -0.09188727289438248, -0.004716224502772093, -0.2818147540092468, -3.0517112463712692e-05, -0.0010034770239144564, -0.28755655884742737]",10.732813835144045,True,0.0,-0.773464376487027,-0.0773464376487027,10.0,-0.773464376487027,-0.0773464376487027,10.0,0.011081383078502222,0,10,10,10,1.0,-0.7730311715854498,-1.0337874151423183,False,9,0.9,0.0,1.0,0.0,0.982434058933705
~/anvil/data/cve-targets/libtiff_repo_libtiff_tif_read.c,89,46,147,uint8_t* new_rawdata;,uint8_t* new_rawdata;,                uint8_t* new_rawdata;,0.0836890488862991,"[[1044, 10945, 23, 62, 83, 9, 756, 62, 2024, 2448, 26, 32014]]","[-0.03551972284913063, -0.2448270469903946, -0.0011828100541606545, -0.0001072826053132303, -2.264974000354414e-06, -0.4754204750061035, -0.006698060780763626, -3.397406908334233e-05, -6.174850568640977e-05, -1.1920858014491387e-05, -0.10744557529687881, -0.4342460632324219]",6.324479103088379,True,0.0,-0.8713108819895297,-0.07921008018086634,11.0,-0.8713108819895297,-0.07921008018086634,11.0,0.020890980746557004,0,7,7,7,1.0,-1.0565454383483213,-1.0800196203831591,False,10,0.9090909090909091,0.0,1.0,0.0,0.7858793592610572
~/anvil/data/cve-targets/php_repo_ext_exif_exif.c,2939,2908,2994,if (maker_note->offset >= value_len) {,#ifdef EXIF_DEBUG,"#ifdef EXIF_DEBUG
	exif_error_docref(NULL EXIFERR_CC",0.3117530941963196,"[[2, 23191, 7449, 6671, 62, 21253, 185, 184, 790, 351, 62, 4014, 62, 7676, 632, 7, 14589, 7449, 6671, 8198, 62, 4970]]","[-1.2766963243484497, -0.01524275727570057, -0.0034640564117580652, -6.139089964563027e-05, -0.00038628268521279097, -0.004193679429590702, -0.0032087289728224277, -0.04172711819410324, -0.007044715341180563, -2.622600959512056e-06, -5.018585216021165e-05, -0.007494429592043161, -0.0015455455286428332, -0.0017051455797627568, -7.486063259420916e-05, -0.14456652104854584, -0.002484213560819626, -0.0015643513761460781, -1.1920922133867862e-06, -2.3007127310847864e-05, -8.248942322097719e-05, -0.0021786780562251806]",3.920833110809326,False,1.0,-1.5137982960291083,-0.06880901345586855,22.0,-1.3449803382172831,-0.1681225422771604,8.0,0.17573069005398329,1,16,8,5,2.0,-1.8543206043266665,-1.1469088396639595,True,14,0.6363636363636364,33.0,0.21818181818181814,15.0,1.6990015804967031
~/anvil/data/cve-targets/libxml2_repo_HTMLparser.c,2761,2727,2765,"ret = xmlStrndup(q, CUR_PTR - q);",if (!err) {,"        if (!err) {
            ret = xmlStrndup(q, len);
            if (ret == NULL) {",0.6858444213867188,"[[436, 562, 5036, 977, 8, 507, 185, 655, 2629, 405, 11815, 6624, 425, 393, 7, 80, 11, 10405, 477, 185, 655, 562, 334, 2534, 2312, 4579, 8, 507]]","[-0.1197926327586174, -0.7147312164306641, -0.6989126801490784, -0.2789503335952759, -0.016479099169373512, -0.4412909746170044, -0.0112879928201437, -0.19153453409671783, -0.488500714302063, -0.0026937173679471016, -0.23297645151615143, -0.7752647399902344, -0.1562289595603943, -0.0010787388309836388, -0.5100399255752563, -0.38706886768341064, -0.04778677970170975, -0.04479670524597168, -0.017863579094409943, -0.0062719183042645454, -0.3914719223976135, -0.17558908462524414, -0.2900055944919586, -0.021561618894338608, -0.20073583722114563, -0.00040725519647821784, -0.0009590555564500391, -0.5502054691314697]",4.774478435516357,False,2.0,-6.77448639832437,-0.24194594279729895,28.0,-2.472979463636875,-0.3091224329546094,8.0,0.06985649534562245,1,17,32,12,0.53125,-2.2186821410254174,-1.1226918337336063,True,17,0.6071428571428571,30.0,0.13636363636363635,16.0,1.887186069004585
~/anvil/data/cve-targets/lua_repo_ldebug.c,318,273,330,ar->ftransfer = ci->u2.transferinfo.ftransfer;,ar->ftransfer = ci->u2.transferinfo.ftransfer;,          ar->ftransfer = ci->u2.transferinfo.ftransfer;,0.0486603677272796,"[[1574, 666, 12, 29, 69, 1831, 3994, 405, 4533, 12, 29, 84, 17, 13, 1831, 3994, 4895, 13, 69, 1831, 3994, 26, 32014]]","[-0.002717970171943307, -0.14979210495948792, -6.675497570540756e-05, -1.9073468138230965e-06, -0.015082485973834991, -0.00020168177434243262, -4.994744449504651e-05, -0.005428810138255358, -0.1474066972732544, -0.0003502947511151433, -1.0728830375228426e-06, -0.03625565394759178, -0.013154862448573112, -0.00013612773909699172, -0.0031251898035407066, -0.0003104920033365488, -0.0009804924484342337, -0.002279185689985752, -0.5918928980827332, -0.018370019271969795, -0.006403286010026932, -0.018212823197245598, -0.024984115734696388]",7.733334064483643,True,0.0,-1.01222075833482,-0.046010034469764545,22.0,-1.01222075833482,-0.046010034469764545,22.0,0.015927706284010308,0,19,19,19,1.0,-1.057603374743323,-1.0426419556997666,False,21,0.9545454545454546,0.0,1.0,0.0,1.0498646283728286
~/anvil/data/cve-targets/lua_repo_ldebug.c,154,146,160,if (n <= nextra) {,if (n <= nextra) {,    if (n <= nextra) {,0.1438849866390228,"[[315, 562, 334, 77, 14443, 2100, 401, 8, 507, 32014]]","[-0.001852583372965455, -0.09928183257579803, -0.03270568698644638, -0.24058780074119568, -0.5534087419509888, -0.12200112640857697, -1.2040065485052764e-05, -0.06385012716054916, -0.038349494338035583, -0.5197768211364746]",9.94444465637207,True,0.0,-1.152049433600041,-0.1280054926222268,9.0,-1.152049433600041,-0.1280054926222268,9.0,0.0275596493344972,1,13,13,13,1.0,-1.1240532237445466,-1.0136117383817969,False,8,0.8888888888888888,0.0,1.0,0.0,1.1098488135885267
~/anvil/data/cve-targets/openssl_repo_crypto_bn_bn_local.h,611,456,761,"return ((((((bits+BN_BITS2-1))/BN_BITS2)) <= (a)->dmax)?(a):bn_expand2((a),(bits+BN_BITS2-1)/BN_BITS2));",if (a->top < (bits + BN_BYTES - 1) / BN_BITS2),"    if (a->top < (bits + BN_BYTES - 1) / BN_BITS2)
        return a;
    if (bn_wexpand(a, bits) == NULL)
        return NULL;
    memset(a->d + a->top, 0, (bits + BN_BYTES - 1) /",0.926099181175232,"[[315, 562, 334, 64, 12, 29, 2277, 1013, 334, 11857, 945, 380, 45, 62, 19445, 51, 2718, 567, 207, 16, 8, 889, 380, 45, 62, 22862, 50, 17, 8, 185, 436, 967, 245, 26, 185, 315, 562, 334, 14030, 62, 86, 21138, 7, 64, 11, 9814, 8, 2312, 4579, 8, 185, 436, 967, 4579, 26, 185, 315, 1631, 1113, 7, 64, 12, 29, 67, 945, 245, 12, 29, 2277, 11, 207, 15, 11, 334, 11857, 945, 380, 45, 62, 19445, 51, 2718, 567, 207, 16, 8, 889]]","[-0.05268226936459541, -0.9367825388908386, -0.3512137830257416, -0.37680113315582275, -0.2836535573005676, -0.0001726001501083374, -0.8655349016189575, -1.2700121402740479, -0.695112943649292, -0.157704159617424, -1.0898150205612183, -0.11824683845043182, -0.0014212755486369133, -3.0397906812140718e-05, -0.4482964873313904, -3.6954811548639555e-06, 0.0, -0.46335339546203613, -0.005268024746328592, -0.006117192097008228, -0.02780555561184883, -0.004404724109917879, -0.014121606945991516, -0.00021443451987579465, -4.887569048150908e-06, -0.3142422139644623, -8.689979586051777e-05, -0.058915749192237854, -0.17221589386463165, -0.5296415686607361, -0.02879508025944233, -0.39578527212142944, -0.980432391166687, -0.005686535034328699, -0.007505314890295267, -0.1639244109392166, -0.5211179256439209, -0.3079160451889038, -0.7160775065422058, -0.001551734865643084, -0.3116186857223511, -2.0503786799963564e-05, -0.004237838555127382, -0.0002648479712661356, -0.0003178806509822607, -0.8691049814224243, -0.10331505537033081, -0.015717200934886932, -0.018802620470523834, -0.0026106107980012894, -0.03596198931336403, -0.004041124600917101, -0.002986615989357233, -0.0075352489948272705, -3.2305197237292305e-05, -0.02737358585000038, -0.020023120567202568, -1.0838141441345215, -0.008471032604575157, -0.19358715415000916, -0.004733665846288204, -1.2874520507466514e-05, -2.3841855067985307e-07, -3.755022044060752e-05, -0.5282226204872131, -0.18968963623046875, -5.304672595229931e-05, -1.4305104514278355e-06, -0.0025963427033275366, -0.015462752431631088, -0.024792255833745003, -6.6756979322235566e-06, -0.0016577800270169973, -0.4113987982273102, -0.30986571311950684, -0.06010052561759949, -0.008875798434019089, -1.490105023549404e-05, -1.4305104514278355e-06, -0.05723040550947189, -7.986990567587782e-06, -1.1920928244535389e-07, -0.04112906754016876, -0.0022553978487849236, -0.0006261295638978481, -0.007126980926841497, -0.003994700964540243]",4.584200859069824,False,4.0,-15.752399477770005,-0.18106206296287364,87.0,-8.272670969126466,-0.2757556989708822,30.0,0.12645948567891666,1,71,77,27,0.922077922077922,-3.3584045030852523,-1.1280451333302548,True,56,0.6436781609195402,78.0,0.42666666666666664,54.0,2.538352725868723
~/anvil/data/cve-targets/openssl_repo_crypto_x509_x509_obj.c,80,17,173,? (int)sizeof(ebcdic_buf) : num);,? (int)sizeof(ebcdic_buf) : num);,                           ? (int)sizeof(ebcdic_buf) : num);,0.055922046303749,"[[13399, 3015, 334, 569, 8, 3017, 990, 7, 3413, 2243, 278, 62, 9455, 8, 1191, 1181, 477, 32014]]","[-1.497538685798645, -0.001007764250971377, -0.5679944753646851, -0.1386011838912964, -0.03386659547686577, -0.005295891314744949, -1.2516897186287679e-05, -0.0006391151691786945, -0.0006098079611547291, -4.768370445162873e-07, -1.0728830375228426e-06, -3.862306402879767e-05, -2.3841830625315197e-06, -0.002224829513579607, -0.1020616963505745, -0.018389681354165077, -0.01862688735127449, -0.25400426983833313]",0.624305784702301,True,0.0,-2.3869116876614953,-0.1404065698624409,17.0,-2.3869116876614953,-0.1404065698624409,17.0,0.1330350303781491,1,20,20,20,1.0,-0.3982865357264759,-1.2454333491400085,False,16,0.9411764705882353,0.0,1.0,0.0,0.3254564203618039
~/anvil/data/cve-targets/poppler_repo_poppler_FileSpec.cc,124,119,129,{,{,{,0.0029675990808755,"[[90, 32014]]","[-0.002967718057334423, -0.4777807891368866]",9.846353530883787,True,0.0,-0.002967718057334423,-0.002967718057334423,1.0,-0.002967718057334423,-0.002967718057334423,1.0,0.0,0,2,2,2,1.0,-0.9999599097836707,-1.0111291257486223,False,1,1.0,0.0,1.0,0.0,0.9604457285356034
~/anvil/data/cve-targets/libpng_repo_pngset.c,473,444,497,"png_chunk_report(png_ptr, ""Invalid palette"", PNG_CHUNK_ERROR);","png_warning(png_ptr, ""NULL palette not allowed"");","      png_warning(png_ptr, ""NULL palette not allowed"");",1.120205998420715,"[[730, 265, 944, 62, 21407, 7, 6320, 62, 8856, 11, 440, 14589, 5597, 7934, 441, 5983, 2583, 32014]]","[-0.04901114106178284, -0.17760451138019562, -7.033323527139146e-06, -2.3245540432981215e-05, -0.31788933277130127, -0.00043049128726124763, -2.95634672511369e-05, -1.4305104514278355e-06, -1.311301275563892e-06, -0.004648949019610882, -0.016443569213151932, -0.8222928643226624, -0.0025933701545000076, -0.0002798642381094396, -1.549349308013916, -0.05385332554578781, -0.1365688592195511, -0.14624585211277008]",6.601388931274414,False,0.0,-3.1310281703707687,-0.18417812766886876,17.0,-3.1310281703707687,-0.18417812766886876,17.0,0.15628419044245687,1,16,14,14,1.1428571428571428,-6.082188002446835,-1.0725687392295293,True,25,1.4705882352941178,35.0,0.4864864864864865,4.0,2.1611550466464475
~/anvil/data/cve-targets/openssl_repo_crypto_pkcs7_pk7_doit.c,1023,868,1173,void *value),void *value),                        void *value),0.0024090383667498,"[[3081, 2494, 572, 2824, 8, 32014]]","[-0.3084130585193634, -0.013594899326562881, -0.0002829628065228462, -0.0006525770877487957, -0.00033063191222026944, -0.003795682918280363]",6.402952194213867,True,0.0,-0.3232741296524182,-0.06465482593048363,5.0,-0.3232741296524182,-0.06465482593048363,5.0,0.014880563722945734,0,6,6,6,1.0,-0.0372599930798666,-1.0779028854440418,False,4,0.8,0.0,1.0,0.0,0.7629305853949071
~/anvil/data/cve-targets/libtiff_repo_libtiff_tif_predict.c,4,-151,154,*,* All Rights, * All Rights,0.0050874068401753,"[[572, 2418, 19265]]","[-0.00508764386177063, -0.24605953693389893, -0.011052104644477367]",14.062023162841797,False,0.0,-0.2621992854401469,-0.08739976181338231,3.0,-0.2621992854401469,-0.08739976181338231,3.0,0.01259239125271786,0,2,4,4,0.5,-0.05820847488163676,-1.123511887656893,True,1,0.3333333333333333,11.0,0.15384615384615385,4.0,1.5522444934857846
~/anvil/data/cve-targets/php_repo_ext_intl_msgformat_msgformat_parse.c,83,57,115,if(pattern && pattern_len) {,INTL_DATA_ERROR_CODE(mfo) = U,	INTL_DATA_ERROR_CODE(mfo) = U,0.6380409598350525,"[[184, 8115, 43, 62, 20780, 62, 10978, 62, 11087, 7, 76, 2305, 8, 405, 574]]","[-1.2112629413604736, -1.2477688789367676, -0.00041940953815355897, -0.0005915798828937113, -0.8266621232032776, -0.0031222188845276833, -0.21369901299476624, -0.013309914618730545, -0.00762220611795783, -0.5521437525749207, -0.00873849168419838, -5.209310256759636e-05, -0.005387667566537857, -0.06131136789917946, -0.014424102380871773]",5.620833396911621,False,0.0,-4.166515760745824,-0.27776771738305495,15.0,-4.166515760745824,-0.27776771738305495,15.0,0.1936653219403718,0,13,12,12,1.0833333333333333,-2.2970306479322202,-1.099186488893637,True,9,0.6,28.0,0.10526315789473684,13.0,1.9158727490346252
~/anvil/data/cve-targets/openssl_repo_crypto_x509_x509_vfy.c,963,948,997,if (crl_score < best_score),if (crl_score < best_score),        if (crl_score < best_score),0.1380561590194702,"[[436, 562, 334, 7251, 75, 62, 20709, 1013, 1598, 62, 20709, 8, 32014]]","[-0.016881223767995834, -0.23913758993148804, -0.031548283994197845, -0.01429190393537283, -6.16293036728166e-05, -0.003572868648916483, -0.013193568214774132, -0.5243613719940186, -0.6035288572311401, -4.410734163684538e-06, -0.0004633783537428826, -0.05692211911082268, -0.08440957218408585]",10.205774307250977,True,0.0,-1.503967205220306,-0.1253306004350255,12.0,-1.503967205220306,-0.1253306004350255,12.0,0.04273394285619673,1,12,12,12,1.0,-1.1015359261048296,-1.0202555877283912,False,11,0.9166666666666666,0.0,1.0,0.0,1.0729405389956932
~/anvil/data/cve-targets/php_repo_ext_exif_exif.c,960,873,977,"{ 0x009d, ""InternalNDFilter""},","{ 0x0097, ""SelfTimer2""},","  { 0x0097, ""SelfTimer2""},
  { 0x009",1.0210336446762085,"[[207, 507, 207, 15, 87, 15, 15, 24, 22, 11, 440, 25446, 27772, 17, 22294, 185, 207, 507, 207, 15, 87, 15, 15, 24]]","[-0.0008425738196820021, -0.0011432785540819168, -0.00015484087634831667, -4.6491513785440475e-06, -0.00021920185827184469, -0.00011693747364915907, -9.953480184776708e-05, -0.0024441389832645655, -0.7692270278930664, -2.729855441430118e-05, -0.00016425691137555987, -2.5551350116729736, -0.07359614968299866, -1.3915867805480957, -0.008360032923519611, -0.055019624531269073, -7.092700980138034e-05, -0.00024005869636312127, -7.462222856702283e-05, -1.4305104514278355e-06, -4.279521817807108e-05, -6.425174069590867e-05, -2.9205850296420977e-05, -0.0005227153305895627]",15.098307609558104,False,1.0,-4.85918734482118,-0.20246613936754917,24.0,-4.858212265246038,-0.2857771920732964,17.0,0.45159377753852775,0,10,14,10,0.7142857142857143,-3.572831118077236,-1.1529991506800672,True,14,0.5833333333333334,13.0,0.6666666666666667,2.0,1.77694276500785
~/anvil/data/cve-targets/libxml2_repo_parser.c,6689,6634,7035,},},    },0.0003353986830916,"[[315, 611, 32014]]","[-0.003134815488010645, -0.00030119650182314217, -0.29541143774986267]",7.544096946716309,True,0.0,-0.003436011989833787,-0.0017180059949168935,2.0,-0.003436011989833787,-0.0017180059949168935,2.0,2.0073491397205725e-06,0,2,2,2,1.0,-0.19522556037869035,-1.047586306124658,False,1,0.5,0.0,1.0,0.0,0.8272368609548111
~/anvil/data/cve-targets/sqlite3_repo_src_sqliteInt.h,3863,3708,4013,# define SQLITE_CORRUPT_PGNO(P) sqlite3CorruptError(__LINE__),# define SQLITE_CORRUPT_PGNO(P) SQLITE_CORRUPT,"# define SQLITE_CORRUPT_PGNO(P) SQLITE_CORRUPT
#endif
#if defined(SQLITE_DEBUG) || defined",0.2019367963075637,"[[2, 5928, 5975, 14928, 62, 34, 1692, 49, 6049, 51, 62, 16250, 8322, 7, 47, 8, 5975, 14928, 62, 34, 1692, 49, 6049, 51, 185, 2, 9239, 185, 2, 351, 4212, 7, 6231, 14928, 62, 21253, 8, 1550, 4212]]","[-0.035277169197797775, -0.015993757173419, -0.014663778245449066, -4.529942543740617e-06, -3.2066785934148356e-05, -0.0018797124503180385, -0.002875124802812934, -8.702239938429557e-06, -7.986990567587782e-06, -3.957670196541585e-05, -0.00021443451987579465, -0.0015147175872698426, -4.0411134250462055e-05, -0.02556598372757435, -0.124613918364048, -0.0021346656139940023, -0.35451269149780273, -0.00020215852418914437, -3.6954195820726454e-05, -0.14005047082901, -0.010778306052088737, -1.4066597032069694e-05, -0.00013505500101018697, -0.000408327643526718, -0.1310407966375351, -0.0010346779599785805, -0.004899519495666027, -0.011334551498293877, -0.739575207233429, -0.7665923833847046, -0.09647160023450851, -0.0037157556507736444, -0.004021652974188328, -5.602679812000133e-05, -0.0002574589161667973, -0.0738392174243927, -0.0012735360069200397, -0.06820802390575409, -0.026666490361094475]",10.067534446716309,False,2.0,-2.6599914642997646,-0.06820490934101961,39.0,-0.862045362455774,-0.03448181449823096,25.0,0.006030913556096294,0,9,19,9,0.47368421052631576,-5.856327436536838,-1.0167356738829088,True,25,0.6410256410256411,27.0,0.6728971962616823,1.0,2.06680577930555
~/anvil/data/cve-targets/libpng_repo_pngrutil.c,3050,2647,3067,bytes_to_copy = row_width;,bytes_to_copy = row_width;,                     bytes_to_copy = row_width;,0.068746380507946,"[[7901, 7879, 62, 577, 62, 11792, 405, 5439, 62, 2166, 26, 32014]]","[-0.3657894730567932, -0.6102492809295654, -2.276871418871451e-05, -8.284702198579907e-05, -1.3351351299206726e-05, -0.006767448503524065, -0.0046088420785963535, -0.012932946905493736, -4.887569048150908e-06, -5.054346183896996e-05, -0.0010636154329404235, -0.4369677007198334]",7.6347222328186035,True,0.0,-1.001586005025274,-0.09105327318411582,11.0,-1.001586005025274,-0.09105327318411582,11.0,0.037749443787099934,1,7,7,7,1.0,-0.7550127316009411,-1.045215547554454,False,10,0.9090909090909091,0.0,1.0,0.0,0.9089068330505068
~/anvil/data/cve-targets/poppler_repo_poppler_JPEG2000Stream.cc,280,273,351,jpxData.data = buf;,jpxData.buf = buf;,    jpxData.buf = buf;,0.1644184738397598,"[[315, 521, 2527, 2714, 13, 9455, 405, 23350, 26, 32014]]","[-0.03422849625349045, -0.17381972074508667, -0.0006725909770466387, -0.0017015753546729684, -0.0007008241955190897, -0.7070564031600952, -0.00436318339779973, -0.044651247560977936, -0.0014121094718575478, -0.055595897138118744]",16.074827194213867,False,0.0,-0.9686061511165462,-0.10762290567961624,9.0,-0.9686061511165462,-0.10762290567961624,9.0,0.04767644870068802,0,10,10,10,1.0,-1.527727511178883,-1.1814937104677963,True,8,0.8888888888888888,4.0,0.8108108108108107,1.0,1.4700903391794808
~/anvil/data/cve-targets/libpng_repo_pngset.c,456,444,497,if (num_palette < 0 || num_palette > PNG_MAX_PALETTE_LENGTH),if (num_palette > (int)max_palette_length),   if (num_palette > (int)max_palette_length),0.3230326771736145,"[[243, 562, 334, 6487, 62, 16515, 7934, 1938, 334, 569, 8, 3966, 62, 16515, 7934, 62, 4082, 8, 32014]]","[-0.06187371537089348, -0.07949195802211761, -0.15165989100933075, -0.2645094394683838, -1.1920922133867862e-06, -4.6491513785440475e-06, 0.0, -0.4959033727645874, -0.032763026654720306, -0.1619832068681717, -0.008460985496640205, -0.014593526721000671, -5.722029527532868e-06, -3.6954811548639555e-06, -4.410734163684538e-06, -7.390948667307384e-06, -3.814689989667386e-06, -0.05911971256136894, -0.047334592789411545]",8.350217819213867,False,0.0,-1.3303897100643098,-0.07391053944801722,18.0,-1.3303897100643098,-0.07825821823907705,17.0,0.015655294623177177,1,18,17,17,1.0588235294117647,-4.12777960503467,-1.0266855901270269,True,26,1.4444444444444444,33.0,0.5686274509803921,10.0,2.161622621510834
~/anvil/data/cve-targets/libxml2_repo_valid.c,540,530,558,switch (state->cont->type) {,switch (state->cont->type) {,"	switch (state->cont->type) {
            case XML_ELEMENT",0.0581565275788307,"[[184, 16543, 334, 4968, 12, 29, 2098, 12, 29, 2139, 8, 507, 185, 655, 1452, 17170, 62, 36, 29174]]","[-0.1448589414358139, -0.01961325854063034, -0.3183750808238983, -0.007623862475156784, -3.528532761265524e-05, -4.768370445162873e-07, -0.03243475407361984, -0.003932838328182697, -8.940656698541716e-06, -0.255461722612381, -0.018888721242547035, -0.006735478527843952, -0.47528088092803955, -0.2746218144893646, -0.049163684248924255, -0.007992074824869633, -5.125986263010418e-06, -0.002814263105392456, -1.1444026313256472e-05]",5.382638931274414,True,1.0,-1.6178586484905964,-0.0851504551837156,19.0,-1.5578720562988337,-0.11127657544991669,14.0,0.022676737253133714,0,16,15,16,1.0666666666666667,-0.5226304578810997,-1.1057515198783079,False,11,0.5789473684210527,0.0,1.0,0.0,0.7885150781700676
~/anvil/data/cve-targets/poppler_repo_poppler_JPEG2000Stream.cc,215,202,276,if (oLen.isInt()) bufSize = oLen.getInt();,if (oLen.isInt()),"    if (oLen.isInt())
        bufSize = oLen.getInt();
    Stream *str = getStream",0.529555082321167,"[[315, 562, 334, 78, 21356, 13, 262, 3373, 4683, 185, 436, 23350, 5142, 405, 269, 21356, 13, 703, 3373, 1293, 185, 315, 21087, 572, 2006, 405, 748, 6620]]","[-0.003935450688004494, -0.6968913078308105, -0.05847474932670593, -0.0778936818242073, -9.738924563862383e-05, -0.0036112351808696985, -0.006066598929464817, -0.2289065569639206, -0.07970684766769409, -0.430541455745697, -0.0009561972692608833, -0.010481075383722782, -0.0001255195093108341, -0.01141057163476944, -0.05273722857236862, -0.00024434918304905295, -0.0004564673872664571, -0.0041287424974143505, -0.00025245340657420456, -0.11468707025051117, -0.2268669158220291, -0.016576657071709633, -1.7285218238830566, -0.027888797223567963, -0.01432128343731165, -0.03541283681988716, -0.48288053274154663, -0.5172743201255798]",10.048437118530272,False,2.0,-4.8313481156219495,-0.1725481469864982,28.0,-1.587081470672274,-0.14428013369747947,11.0,0.046394862258511464,1,27,36,16,0.75,-3.6703256973099005,-1.0162503663720226,True,17,0.6071428571428571,25.0,0.576271186440678,12.0,2.350841251706815
~/anvil/data/cve-targets/libxml2_repo_valid.c,713,599,739,"xmlValidBuildAContentModel(content, ctxt, name);","xmlValidBuildAContentModel(content, ctxt, name);","	    xmlValidBuildAContentModel(content, ctxt, name);",0.0022485344670712,"[[10212, 11815, 9378, 11521, 32, 7261, 5795, 7, 5064, 11, 258, 9313, 11, 1208, 477, 32014]]","[-0.0033568956423550844, -0.017816152423620224, -0.006363249849528074, -4.1960789531003684e-05, -9.16677454370074e-05, -7.271740287251305e-06, -1.8715683836489916e-05, -0.00013350549852475524, -4.303362584323622e-05, -0.005302057601511478, -0.0005371319712139666, 0.0, -7.772143726469949e-05, -0.0008872386533766985, -4.8874615458771586e-05, -0.3496412932872772]",9.597396850585938,True,0.0,-0.03472547727778874,-0.0023150318185192493,15.0,-0.03472547727778874,-0.0024803912341277673,14.0,2.120070594421133e-05,0,13,13,13,1.0,-0.9065241144757955,-1.0048554855460239,False,14,0.9333333333333333,0.0,1.0,0.0,1.1080905808463473
~/anvil/data/cve-targets/libpng_repo_pngset.c,474,444,497,return;,return;,      return;,0.1377370208501815,"[[730, 967, 26, 32014]]","[-0.04920442774891853, -0.30170366168022156, -0.0005980133428238332, -0.34948402643203735]",7.100520610809326,True,0.0,-0.3515061027719639,-0.11716870092398797,3.0,-0.3515061027719639,-0.11716870092398797,3.0,0.017420339790888504,1,4,4,4,1.0,-1.1755444906702261,-1.059268070720808,False,2,0.6666666666666666,0.0,1.0,0.0,0.8400784290496666
~/anvil/data/cve-targets/libtiff_repo_libtiff_tif_next.c,34,26,38,case 1:	op[0] |= (v) << 4; break;	\,case 1:	op[0] |= (v) << 4; break;	\,	case 1:	op[0] |= (v) << 4; break;	\,0.0164033118635416,"[[14288, 207, 16, 25, 184, 424, 58, 15, 60, 29332, 334, 85, 8, 30252, 19, 26, 2963, 26, 2080, 32014]]","[-0.0036476997192949057, -2.658331868587993e-05, -0.003950055688619614, -2.2053474822314456e-05, -0.058733999729156494, -0.0020697140134871006, -0.0027138092555105686, -0.008283189497888088, -9.775113539944869e-06, -0.016439933329820633, -0.07171527296304703, -0.14816704392433167, -0.001900891656987369, -0.004461691714823246, -0.001534238108433783, -0.0017446548445150256, -0.01622942090034485, -0.0006057572900317609, -0.011055995710194111, -0.026319488883018494]",7.886285781860352,True,0.0,-0.3533117802535344,-0.018595356855449177,19.0,-0.3533117802535344,-0.018595356855449177,19.0,0.001303717489484746,0,25,25,25,1.0,-0.882118691835418,-1.0386627214887587,False,19,1.0,0.0,1.0,0.0,1.1248650341882338
~/anvil/data/cve-targets/openssl_repo_crypto_asn1_a_int.c,177,164,213,if (pneg),if (neg),    if (neg),0.7295052409172058,"[[315, 562, 334, 11624, 8, 32014]]","[-0.008545143529772758, -0.3195415437221527, -0.02043585292994976, -0.48175865411758423, -0.05292278528213501, -0.6175934076309204]",11.182119369506836,False,0.0,-0.8832039795815945,-0.1766407959163189,5.0,-0.8832039795815945,-0.1766407959163189,5.0,0.036295961967341486,0,9,9,9,1.0,-4.129879720779783,-1.0454650377905008,True,5,1.0,1.0,0.9411764705882353,1.0,2.087487089031795
~/anvil/data/cve-targets/openssl_repo_crypto_mdc2_mdc2dgst.c,96,66,102,"l2c(tin0, p);","l2c(tin0, p);","        l2c(tin0, p);",0.0410818718373775,"[[436, 284, 17, 66, 7, 83, 246, 15, 11, 265, 477, 32014]]","[-0.00036066226311959326, -0.015653124079108238, -1.680836794548668e-05, -0.000945240433793515, -0.00019095504831057042, -0.3979678153991699, -2.682172998902388e-05, -0.033650610595941544, -0.001690983772277832, -0.0008937893435359001, -0.00024279984063468874, -0.25229284167289734]",13.55577278137207,True,0.0,-0.4516396108738263,-0.04105814644307512,11.0,-0.4516396108738263,-0.04105814644307512,11.0,0.012837914450684213,0,11,11,11,1.0,-1.0005778486453418,-1.1093820337736346,False,10,0.9090909090909091,0.0,1.0,0.0,0.714442909992851
~/anvil/data/cve-targets/sqlite3_repo_ext_misc_zipfile.c,1873,1762,1918,nName++;,nName = (int)strlen,      nName = (int)strlen,0.2599193155765533,"[[730, 291, 1737, 405, 334, 569, 8, 2006, 6446]]","[-0.012869634665548801, -0.02198747731745243, -0.0006089740199968219, -0.6419745683670044, -0.45731794834136963, -0.0373382642865181, -0.17982521653175354, -0.03224939852952957, -9.42901024245657e-05]",12.66128635406494,False,0.0,-1.3842657721615979,-0.1538073080179553,9.0,-1.3842657721615979,-0.1538073080179553,9.0,0.049309066098768735,1,6,12,12,0.5,-1.6899022479881813,-1.0848491806072642,True,4,0.4444444444444444,14.0,0.37037037037037035,9.0,1.7987613547334358
~/anvil/data/cve-targets/lua_repo_ldo.c,285,255,292,lua_lock(L);,lua_lock(L);,    lua_lock(L);,0.0346240475773811,"[[315, 284, 5713, 62, 4183, 7, 43, 477, 32014]]","[-0.005178490653634071, -0.17692376673221588, -0.001993931829929352, -0.015212113969027996, -0.04829828813672066, -0.001190430368296802, -0.00023135847004596144, -0.0005974177038297057, -0.2687860131263733]",7.126779556274414,True,0.0,-0.24962579786370043,-0.031203224732962553,8.0,-0.24962579786370043,-0.031203224732962553,8.0,0.0032637053127352817,0,9,9,9,1.0,-1.109630426781013,-1.058572917358152,False,7,0.875,0.0,1.0,0.0,0.8749618713797022
~/anvil/data/cve-targets/php_repo_ext_phar_phar.c,167,159,201,"pefree(phar->alias, phar->is_persistent);","pefree(phar->alias, phar->is_persistent);","		pefree(phar->alias, phar->is_persistent);",0.0029212934896349,"[[184, 184, 388, 6630, 7, 690, 268, 12, 29, 20768, 11, 1118, 268, 12, 29, 262, 62, 6474, 10191, 477, 32014]]","[-0.0011555430246517062, -0.012404199689626694, -0.021401071920990944, -0.0003522014303598553, -0.0007588367443531752, -0.00033122775494121015, -2.3841855067985307e-07, -2.6464111215318553e-05, -2.3841855067985307e-07, -0.0011244647903367877, -6.997340824455023e-05, -0.02796727977693081, -2.3841855067985307e-07, -1.549708758830093e-05, -1.1920928244535389e-07, -0.0003131137927994132, -1.6689286894688848e-06, -2.6702524337451905e-05, -9.536738616588991e-07, -0.00017724849749356508, -0.0039778403006494045]",9.351388931274414,True,0.0,-0.0661272816213554,-0.0033063640810677697,20.0,-0.0661272816213554,-0.0033063640810677697,20.0,5.894716106448593e-05,0,17,17,17,1.0,-0.8835365428635695,-1.0013073160815336,False,18,0.9,0.0,1.0,0.0,1.166608416831803
~/anvil/data/cve-targets/poppler_repo_poppler_FileSpec.cc,120,88,122,if (obj1.isString()),if (obj1.isString()),    if (obj1.isString()),0.0109369587153196,"[[315, 562, 334, 8612, 16, 13, 262, 2005, 4683, 32014]]","[-0.016408272087574005, -0.011104333214461803, -0.0443105474114418, -0.003041762625798583, -0.0001380348257953301, -0.00031919151660986245, -0.0016250512562692165, -0.014570147730410099, -0.010462908074259758, -0.0417601615190506]",15.802952766418455,True,0.0,-0.10198024874262046,-0.01133113874918005,9.0,-0.10198024874262046,-0.01133113874918005,9.0,0.00017046506347908501,1,16,16,16,1.0,-0.9652126725666497,-1.1734904914986644,False,8,0.8888888888888888,0.0,1.0,0.0,0.5309651982339391
~/anvil/data/cve-targets/libpng_repo_png.c,4005,3952,4008,image->flags |= PNG_IMAGE_FLAG_INVALID;,/* Finally the png_ptr itself. */,"   /* Finally the png_ptr itself. */
   png_free(c.png_ptr, c.png",1.036007285118103,"[[243, 4535, 12252, 254, 265, 944, 62, 8856, 3952, 13, 1641, 185, 243, 265, 944, 62, 6630, 7, 66, 13, 6320, 62, 8856, 11, 258, 13, 6320]]","[-0.08386721462011337, -0.338521808385849, -1.1815463304519653, -0.47282975912094116, -0.6654303669929504, -0.0005335576133802533, -0.11906649172306061, -0.3147192895412445, -0.9375509023666382, -0.3660427927970886, -0.18291409313678741, -0.001490554423071444, -0.050129134207963943, -0.22569814324378967, -6.16293036728166e-05, -0.00011598391574807465, -0.23646612465381622, -0.028815580531954765, -0.08543507009744644, -5.602679812000133e-05, -0.0013899675104767084, -0.00015853578224778175, -0.0005847889697179198, -0.004845899064093828, -0.016539135947823524, -2.884823152271565e-05, -0.001437107683159411]",6.482811450958252,False,1.0,-5.316275137114644,-0.19689907915239424,27.0,-4.714642295381054,-0.36266479195238877,13.0,0.125876948156645,1,10,13,2,0.7692307692307693,-2.8566525014485324,-1.0757530191603337,True,16,0.5925925925925926,36.0,0.16666666666666663,9.0,2.061417366112317
~/anvil/data/cve-targets/sqlite3_repo_src_resolve.c,875,717,1141,pNC->nNcErr++;,pNC->nNcErr++;,"              pNC->nNcErr++;
            }else{
             ",0.0265493057668209,"[[3462, 265, 14037, 12, 29, 77, 45, 66, 12311, 3868, 26, 185, 655, 611, 7736, 90, 185, 3462]]","[-0.16499559581279755, -0.09125396609306335, -0.1632363200187683, -7.939023635117337e-05, -2.5152843591058627e-05, -0.007010860368609428, -0.00033790123416110873, -2.2172682292875834e-05, -3.516612196108326e-05, -0.003391468897461891, -0.0001294529065489769, -0.5326527953147888, -0.4322899878025055, -0.00037555795279331505, -0.3579500615596771, -0.434368759393692, -0.029891926795244217, -0.012717102654278278]",9.913888931274414,True,2.0,-2.230763638688586,-0.123931313260477,18.0,-1.3954602303329011,-0.1073430946409924,13.0,0.029466025946202734,0,9,14,9,0.6428571428571429,-0.24733128717422126,-1.0128377430034656,False,10,0.5555555555555556,0.0,1.0,0.0,1.039372019098064
~/anvil/data/cve-targets/poppler_repo_poppler_GfxState.cc,2623,2566,2644,"GfxSeparationColorSpace *cs = (GfxSeparationColorSpace *)GfxSeparationColorSpace::parse(res, obj3.getArray(), out, state, recursion);","GfxSeparationColorSpace *cs = GfxSeparationColorSpace::parse(res, &obj3, out, state, recursion + 1);","                    GfxSeparationColorSpace *cs = GfxSeparationColorSpace::parse(res, &obj3, out, state, recursion + 1);",0.2818810045719147,"[[1817, 452, 18498, 17384, 18789, 5709, 17855, 572, 5494, 405, 452, 18498, 17384, 18789, 5709, 17855, 1161, 9928, 7, 379, 11, 573, 8612, 18, 11, 631, 11, 1967, 11, 15082, 277, 4536, 16, 477, 32014]]","[-0.0012490098597481847, -0.9920187592506409, -0.0014318700414150953, -0.1608974188566208, -0.00031859567388892174, -0.0036332090385258198, -0.000188332938705571, -0.013355320319533348, -0.007529806345701218, -0.20696979761123657, -0.22485527396202087, -8.475421054754406e-05, -0.022767571732401848, -0.00018845213344320655, -0.009558742865920067, -0.00021026308240834624, -0.0007769426447339356, -0.05460309237241745, -0.1946648210287094, -0.2312585413455963, -0.0010837402660399675, -0.5742511749267578, -0.0051687657833099365, -0.013853349722921848, -0.1526232212781906, -0.3321411609649658, -0.03046100214123726, -0.02303997240960598, -0.11412728577852249, -0.06638222932815552, -6.318072337307967e-06, -0.1260024756193161, -0.005676341243088245, -0.04360426217317581, -0.027298884466290474]",9.743228912353516,False,0.0,-3.61498187502184,-0.10632299632417176,34.0,-3.61498187502184,-0.10632299632417176,34.0,0.038663090116054025,0,40,31,31,1.2903225806451613,-2.6511762677612865,-1.0085256755538077,True,41,1.2058823529411764,43.0,0.8154506437768241,18.0,2.467902126613216
~/anvil/data/cve-targets/libtiff_repo_libtiff_tif_pixarlog.c,731,684,813,},},"	}
	/*",0.0071270992048084,"[[1839, 185, 12740]]","[-0.007127099204808474, -0.6452327966690063, -1.0554134845733643]",8.26111125946045,True,1.0,-1.707773380447179,-0.569257793482393,3.0,-0.6523598958738148,-0.3261799479369074,2.0,0.10179472028406761,1,2,4,2,0.5,-0.02185020645777706,-1.0289752499987024,False,1,0.3333333333333333,0.0,1.0,0.0,0.8965312615598268
~/anvil/data/cve-targets/libxml2_repo_xmlstring.c,412,398,421,size = xmlStrlen(cur);,size = xmlStrlen(cur);,    size = xmlStrlen(cur);,0.0456791780889034,"[[315, 2398, 405, 11815, 6624, 6446, 7, 1862, 477, 32014]]","[-0.06274379789829254, -0.07271085679531097, -0.01961863599717617, -0.21838542819023132, -0.019137036055326462, -0.009238352999091148, -0.010224111378192902, -0.0009890670189633965, -0.009903580881655216, -0.2602497935295105]",8.958332061767578,True,0.0,-0.42295086721424013,-0.04699454080158224,9.0,-0.42295086721424013,-0.04699454080158224,9.0,0.0042310580161006705,1,12,12,12,1.0,-0.972010308213618,-1.011195085190751,False,8,0.8888888888888888,0.0,1.0,0.0,1.083975232724065
~/anvil/data/cve-targets/libxml2_repo_HTMLparser.c,4240,4227,4303,return;,return;,	return;,0.1699583381414413,"[[3404, 26, 32014]]","[-0.3372299373149872, -0.0024731545709073544, -0.477125346660614]",7.782812118530273,True,0.0,-0.33970309188589454,-0.16985154594294727,2.0,-0.33970309188589454,-0.16985154594294727,2.0,0.028015525898291767,0,4,4,4,1.0,-1.00062873845452,-1.0413530556415558,False,2,1.0,0.0,1.0,0.0,0.9128745208071916
~/anvil/data/cve-targets/libsndfile_repo_src_common.c,611,470,684,"if (psf->header.indx + (sf_count_t) size > psf->header.len && psf_bump_header_allocation (psf, size))",size = (size & 1) ? size : size + 1 ;,"					size = (size & 1) ? size : size + 1 ;
					size = (size > 254) ? 254 : size ;
					if (psf->header.indx + (sf_count_t) size > psf->header.len && psf",0.054312814027071,"[[1076, 184, 3017, 405, 334, 3017, 573, 207, 16, 8, 3015, 2398, 1191, 2398, 4536, 16, 6203, 185, 1076, 184, 3017, 405, 334, 3017, 6213, 17, 20, 19, 8, 3015, 207, 17, 20, 19, 1191, 2398, 6203, 185, 1076, 2944, 334, 829, 69, 12, 29, 7301, 13, 513, 87, 945, 334, 5274, 62, 4241, 62, 83, 8, 2398, 1938, 265, 5274, 12, 29, 7301, 13, 6446, 2956, 265, 5274]]","[-0.20756055414676666, -0.4371805787086487, -0.02189033105969429, -0.31943371891975403, -0.03823247179389, -0.0021098037250339985, -0.4923868775367737, -0.0010849310783669353, -0.0019867937080562115, -0.001328658196143806, -0.0016319541027769446, -0.011577678844332695, -0.16543549299240112, -0.002441046992316842, -0.005158566869795322, -0.004211129620671272, -0.0023443615064024925, -0.01267190370708704, -0.04084072262048721, -0.582409143447876, -0.010422443971037865, -0.058348022401332855, -0.009866753593087196, -0.000418575422372669, -0.012705685570836067, -0.01158851943910122, -0.0006447143969126046, -0.1248626857995987, -0.0008865240379236639, -0.0001740304142003879, -0.001167926355265081, -0.0005637010326609015, -0.00012444675667211413, -0.006800482980906963, -0.00033742457162588835, -0.00017855956684798002, -0.0022357723210006952, -0.00261869584210217, -0.01711960881948471, -0.05809508636593819, -0.01021844707429409, -0.005132000893354416, -3.576278118089249e-07, -0.00031716562807559967, 0.0, -0.004697596654295921, -3.6954811548639555e-06, -0.000163541772053577, -1.1920928244535389e-07, -0.009525562636554241, -0.008052858524024487, -0.0012322221882641315, -4.768370445162873e-07, -7.510157047363464e-06, -1.311301275563892e-06, -1.0728830375228426e-06, -0.00034028460504487157, -0.039527248591184616, -0.3310346305370331, -0.0004884004010818899, -1.1920928244535389e-07, -2.1219027985353023e-05, 0.0, -1.549708758830093e-05, -6.318072337307967e-06, -0.00018082413589581847, -0.0067648435942828655, -0.001655637752264738, -1.1920928244535389e-07]",9.302257537841797,False,2.0,-3.0904654603270174,-0.04478935449749301,69.0,-2.351916719577275,-0.11759583597886376,20.0,0.033632898814545654,1,42,67,21,0.6268656716417911,-0.4618600103904443,-1.0025379623111974,True,44,0.6376811594202898,83.0,0.30434782608695654,41.0,2.458416085831973
~/anvil/data/cve-targets/openssl_repo_crypto_pkcs7_pk7_doit.c,75,45,86,if (*pbio == NULL),if (*pbio == NULL),    if (*pbio == NULL),0.0440620742738246,"[[315, 562, 7384, 26704, 1112, 2312, 4579, 8, 32014]]","[-0.02928467094898224, -0.11532292515039444, -0.1875860095024109, -0.00011717586312443018, 0.0, -0.002888319082558155, -0.0014724613865837455, -0.002189026679843664, -0.012642712332308292]",11.409029006958008,True,0.0,-0.33886058861389756,-0.042357573576737195,8.0,-0.33886058861389756,-0.04840865551627108,7.0,0.004375935470256026,0,15,15,15,1.0,-0.9102106597241579,-1.0514125434881296,False,7,0.875,0.0,1.0,0.0,0.9714230372242363
~/anvil/data/cve-targets/sqlite3_repo_src_select.c,2823,2535,2855,if( !pKeyInfo ){,if( pKeyInfo==0 ){,    if( pKeyInfo==0 ){,0.2317955642938614,"[[315, 562, 7, 265, 3790, 4580, 780, 15, 2189, 90, 32014]]","[-0.0018818541429936886, -0.08206608146429062, -0.000513064325787127, -0.7390171885490417, -0.009827327914536, -9.65590606938349e-06, -0.010390354320406914, -0.003145867260172963, -0.02787129208445549, -0.0008441222598776221, -0.14620351791381836]",12.603473663330078,False,0.0,-0.8755668082276316,-0.08755668082276316,10.0,-0.8755668082276316,-0.08755668082276316,10.0,0.04772152816166044,0,12,13,13,0.9230769230769231,-2.64737724312636,-1.0832823619007697,True,8,0.8,4.0,0.8823529411764706,4.0,1.8659690883469136
~/anvil/data/cve-targets/libtiff_repo_libtiff_tif_dirwrite.c,1999,1971,2023,"if (!_TIFFmemcmp(tif->tif_dir.td_transferfunction[0],tif->tif_dir.td_transferfunction[2],m*sizeof(uint16_t)))","if (!_TIFFmemcmp(tif->tif_dir.td_transferfunction[0],tif->tif_dir.td_transferfunction[1],m*sizeof(uint16_t)) &&","		if (!_TIFFmemcmp(tif->tif_dir.td_transferfunction[0],tif->tif_dir.td_transferfunction[1],m*sizeof(uint16_t)) &&
		    !_TIFFmemcmp(tif->tif_dir.td_transferfunction[0],",0.0496520027518272,"[[184, 2944, 5036, 62, 22938, 3681, 7253, 66, 2782, 7, 83, 351, 12, 29, 83, 351, 62, 5634, 13, 1735, 62, 1831, 3994, 3344, 58, 15, 2705, 83, 351, 12, 29, 83, 351, 62, 5634, 13, 1735, 62, 1831, 3994, 3344, 58, 16, 2705, 76, 9, 3017, 990, 7, 9842, 16, 21, 62, 83, 1435, 2956, 185, 459, 315, 2069, 62, 22938, 3681, 7253, 66, 2782, 7, 83, 351, 12, 29, 83, 351, 62, 5634, 13, 1735, 62, 1831, 3994, 3344, 58, 15, 2705]]","[-0.0006825978052802384, -0.024341877549886703, -0.22616317868232727, -0.022724224254488945, -1.311301275563892e-06, 0.0, -0.0006729483720846474, -0.00025149996508844197, -1.168244216387393e-05, -0.007165566086769104, -0.0004413345886860043, -2.145764938177308e-06, -1.0013530300057027e-05, -1.1920928244535389e-07, -7.986990567587782e-06, -1.1920928244535389e-07, -3.576278118089249e-07, -1.0490362910786644e-05, -1.7881377516459906e-06, -6.198863957251888e-06, -1.1920928244535389e-07, -0.0002563863235991448, -8.344646857949556e-07, -1.2278481335670222e-05, -0.0010282472940161824, -0.07863093167543411, -0.00028081765049137175, -0.008115294389426708, 0.0, -1.9073468138230965e-06, -1.1920928244535389e-07, -8.22540732769994e-06, -2.3841855067985307e-07, -9.298280929215252e-06, -2.7656173188006505e-05, -6.079655122448457e-06, -1.7165990357170813e-05, -2.3841855067985307e-07, -4.1960789531003684e-05, -2.3841855067985307e-07, -5.364403477869928e-06, -2.932505594799295e-05, -0.12430445849895477, -0.0012544866185635328, -0.011606666259467602, -0.0007653883076272905, -0.0011385156540200114, -1.4305104514278355e-06, -0.002368622925132513, -8.785339014139026e-05, -3.099393507000059e-05, -2.3841855067985307e-07, -7.033100700937212e-05, -8.344646857949556e-07, -0.20250694453716278, -0.7950530052185059, -0.5539565682411194, -0.1053142100572586, -0.4591370224952698, -0.012040906585752964, -0.0004119024670217186, -3.576278118089249e-07, 0.0, -9.775113539944869e-06, -5.125986263010418e-06, -0.0011701886542141438, -0.00032634177478030324, -3.9934315282152966e-05, -1.1920928244535389e-07, -1.1444026313256472e-05, 0.0, -9.536697689327411e-06, 0.0, -2.3841855067985307e-07, -1.1920922133867862e-06, -1.7881377516459906e-06, -1.1920858014491387e-05, -5.960462772236497e-07, -2.4318398573086597e-05, -3.576278118089249e-07, -1.2040065485052764e-05, -1.811964830267243e-05, -0.7022975087165833, -1.3708974620385561e-05]",10.54118824005127,False,1.0,-3.3449731597818797,-0.039821109045022375,84.0,-2.628565738339745,-0.04611518839192535,57.0,0.01964292974693887,1,50,62,46,0.8064516129032258,-1.0766952165486792,-1.0288467558355165,True,54,0.6428571428571429,4.0,0.9727272727272728,6.0,2.452541832611439
~/anvil/data/cve-targets/libpng_repo_png.c,2261,2226,2361,*/,*/,"       */
     ",0.1799789816141128,"[[1032, 1641, 185, 730]]","[-0.005966826807707548, -0.20165325701236725, -0.18055783212184906, -0.03500140830874443]",12.698827743530272,True,1.0,-0.4231793242506683,-0.10579483106266707,4.0,-0.4231793242506683,-0.10579483106266707,4.0,0.007438920822918306,1,3,3,3,1.0,-1.7012077036873672,-1.0858678271901008,False,1,0.25,0.0,1.0,0.0,0.7420006458936688
~/anvil/data/cve-targets/libpng_repo_pngrutil.c,1766,1740,1781,num > (unsigned int) PNG_MAX_PALETTE_LENGTH),length != (png_uint_32)(num * 2)),       length != (png_uint_32)(num * 2)),0.0959664285182952,"[[1032, 3960, 2069, 28, 334, 6320, 62, 9842, 62, 18, 17, 4932, 6487, 572, 207, 17, 1435, 32014]]","[-0.3857078552246094, -1.0048255920410156, -0.15264809131622314, -0.14267653226852417, -0.6263809204101562, -0.20393870770931244, -2.1815061700181104e-05, -0.08443454653024673, -1.9073468138230965e-06, -0.00011014331539627165, -3.576278118089249e-07, -0.5232152342796326, -0.4395752549171448, -0.11458353698253632, -0.0028855851851403713, -0.00010740180005086586, -0.11892086267471313, -0.016292402520775795]",4.787500381469727,False,0.0,-3.800034344691028,-0.2235314320406487,17.0,-3.800034344691028,-0.2235314320406487,17.0,0.07576527504525099,0,13,17,17,0.7647058823529411,-0.4293196157793322,-1.1223264024101414,True,18,1.0588235294117647,37.0,0.3116883116883117,14.0,1.7031161633420822
~/anvil/data/cve-targets/libxml2_repo_HTMLparser.c,323,168,473,*,*, *,0.0026858705095946,"[[572, 32014]]","[-0.0026857517659664154, -0.40983545780181885]",8.554513931274414,True,0.0,-0.0026857517659664154,-0.0026857517659664154,1.0,-0.0026857517659664154,-0.0026857517659664154,1.0,0.0,0,2,2,2,1.0,-1.0000442124360447,-1.0214552613353678,False,1,1.0,0.0,1.0,0.0,0.9228256719944148
~/anvil/data/cve-targets/libsndfile_repo_src_alaw.c,163,98,274,"0xb3, 0xb3, 0xb3, 0xb3, 0xb3, 0xb3, 0xb3, 0xb3, 0xb3, 0xb3, 0xb3, 0xb3,","0xb3, 0xb3, 0xb3, 0xb3, 0xb3, 0xb3, 0xb3, 0xb3, 0xb3, 0xb3, 0xb3, 0xb3,","	0xb3, 0xb3, 0xb3, 0xb3, 0xb3, 0xb3, 0xb3, 0xb3, 0xb3, 0xb3, 0xb3, 0xb3,
	0xb3, 0xb3, 0xb3, 0xb3, 0xb3, 0xb3,",0.000436914677266,"[[184, 15, 87, 65, 18, 11, 207, 15, 87, 65, 18, 11, 207, 15, 87, 65, 18, 11, 207, 15, 87, 65, 18, 11, 207, 15, 87, 65, 18, 11, 207, 15, 87, 65, 18, 11, 207, 15, 87, 65, 18, 11, 207, 15, 87, 65, 18, 11, 207, 15, 87, 65, 18, 11, 207, 15, 87, 65, 18, 11, 207, 15, 87, 65, 18, 11, 207, 15, 87, 65, 18, 11, 185, 184, 15, 87, 65, 18, 11, 207, 15, 87, 65, 18, 11, 207, 15, 87, 65, 18, 11, 207, 15, 87, 65, 18, 11, 207, 15, 87, 65, 18, 11, 207, 15, 87, 65, 18, 11]]","[-0.00025900822947733104, -1.0132738680113107e-05, -0.00032729512895457447, -0.000316212244797498, -0.003801383078098297, -2.7418097943154862e-06, -2.1219027985353023e-05, 0.0, -2.5748875486897305e-05, -2.825220326485578e-05, -7.629103492945433e-05, -1.6689286894688848e-06, -7.152531907195225e-06, -1.1920928244535389e-07, -2.8013790142722428e-05, -2.7417760065873154e-05, -6.568216485902667e-05, -6.6756979322235566e-06, -2.276871418871451e-05, -1.1920928244535389e-07, -7.939023635117337e-05, -2.1576648578047752e-05, -0.00014625910262111574, -6.6756979322235566e-06, -4.8874615458771586e-05, -2.3841855067985307e-07, -0.00027307120035402477, -6.747018051100895e-05, -0.0036701480858027935, -2.861018856492592e-06, -5.8412379075889476e-06, 0.0, -2.062299427052494e-05, -7.867782187531702e-06, -5.149708886165172e-05, -3.6954811548639555e-06, -1.156323378381785e-05, 0.0, -4.124556289752945e-05, -1.2755313036905136e-05, -9.798523387871683e-05, -5.483612312673358e-06, -4.6967357775429264e-05, -3.576278118089249e-07, -0.00010442188795423135, -2.6225699912174605e-05, -0.0005143749876879156, -8.22540732769994e-06, -8.630380034446716e-05, -8.344646857949556e-07, -0.0003177614707965404, -0.00010585224663373083, -0.01618332415819168, -3.576272320060525e-06, -1.0847986231965479e-05, 0.0, -1.585470999998506e-05, -8.940656698541716e-06, -0.00015114595589693636, -2.50339189733495e-06, -1.8358061424805783e-05, -1.1920928244535389e-07, -3.2305197237292305e-05, -1.1801649634435307e-05, -0.00019238528329879045, -2.9802276912960224e-06, -0.00011646069469861686, -4.768370445162873e-07, -8.093983342405409e-05, -2.6464111215318553e-05, -0.0005749003030359745, -8.702239938429557e-06, -0.3134271204471588, -3.909988299710676e-05, -3.2186455882765586e-06, -0.00198643677867949, -0.0005806190893054008, -0.10054978728294373, -2.3841830625315197e-06, -6.079655122448457e-06, 0.0, -2.4437606043647975e-05, -1.0609570381348021e-05, -8.368142152903602e-05, -1.6689286894688848e-06, -1.2874520507466514e-05, -1.1920928244535389e-07, -4.625213477993384e-05, -2.1457441107486375e-05, -0.0003962923656217754, -3.2186455882765586e-06, -2.706014311115723e-05, 0.0, -0.00011383838864276186, -5.1616290875244886e-05, -0.002226256998255849, -6.437280717364047e-06, -0.00011085849109804258, -1.7881377516459906e-06, -0.005200074519962072, -0.0016319541027769446, -0.3491927683353424, -4.768360213347478e-06, -1.2159273865108844e-05, 0.0, -4.470248313737102e-05, -1.9430925021879375e-05, -0.00021944021864328533, -1.6689286894688848e-06]",12.451214790344238,True,1.0,-0.8043166175397118,-0.007379051537061577,109.0,-0.34172265718337513,-0.004881752245476788,70.0,0.001310129380101847,0,25,37,25,0.6756756756756757,-0.0894995598498112,-1.079166716126275,False,71,0.6513761467889908,0.0,1.0,0.0,0.9737756113125002
~/anvil/data/cve-targets/sqlite3_repo_src_printf.c,522,385,861,idx = precision;,if( flag_zeropad &&,        if( flag_zeropad &&,1.6230790615081787,"[[436, 562, 7, 9355, 62, 9888, 424, 307, 2956]]","[-0.018522627651691437, -1.095070719718933, -0.0007655074005015194, -1.4735462665557861, -0.00032085992279462516, -0.8574278354644775, -0.0009066523634828627, -2.5987286790041253e-05, -0.2801726758480072]",8.365276336669922,False,0.0,-3.7267591322124645,-0.41408434802360716,9.0,-3.7267591322124645,-0.41408434802360716,9.0,0.29348329734064316,1,7,5,5,1.4,-3.91968223202594,-1.026299153799048,True,4,0.4444444444444444,16.0,0.22857142857142854,6.0,2.3464546762789573
~/anvil/data/cve-targets/libsndfile_repo_src_common.c,178,84,318,"log_putchar (psf, lead_char) ;","log_putchar (psf, lead_char) ;","							log_putchar (psf, lead_char) ;",0.0012612696737051,"[[10139, 184, 2022, 62, 915, 5897, 334, 829, 69, 11, 2012, 62, 5897, 8, 6203, 32014]]","[-0.0030444960575550795, -0.00033563701435923576, -5.245071224635467e-05, -3.4570634852570947e-06, -2.3841830625315197e-06, -8.344646857949556e-07, -5.507317473529838e-05, -7.867782187531702e-06, -2.3841855067985307e-07, -2.7417760065873154e-05, -0.014519980177283287, -7.152555099310121e-07, -6.9141146923357155e-06, -8.260862523457035e-05, -0.0017282324843108654, -0.1271820068359375]",15.07013988494873,True,0.0,-0.019868307287964626,-0.0013245538191976418,15.0,-0.019868307287964626,-0.0013245538191976418,15.0,1.3126337778454581e-05,0,11,11,11,1.0,-0.9522222920840795,-1.1521875024283832,False,13,0.8666666666666667,0.0,1.0,0.0,0.5493244413144477
~/anvil/data/cve-targets/sqlite3_repo_src_build.c,3400,3379,3404,p->nKeyCol = nCol - 1;,p->nConstraint = 0;,"    p->nConstraint = 0;
    p->nConstraintAlloc = 0;
   ",1.2757821083068848,"[[315, 265, 12, 29, 77, 20726, 1412, 15, 26, 185, 315, 265, 12, 29, 77, 20726, 28836, 1412, 15, 26, 185, 315]]","[-0.07701031118631363, -0.16328735649585724, -0.005500064697116613, -9.298280929215252e-06, -1.1595157384872437, -0.8667140007019043, -0.3333863317966461, -0.10360947996377945, -0.004965118132531643, -0.32054632902145386, -0.0271430853754282, -0.06537161022424698, -0.00355124962516129, -4.565611743601039e-05, -1.2009921073913574, -0.9445458650588989, -0.7130675911903381, -0.43063896894454956, -0.10644926875829697, -0.000964533886872232, -0.2562996745109558, -0.015654532238841057]",9.990277290344238,False,2.0,-6.799268172086158,-0.30905764418573445,22.0,-3.061687114139204,-0.27833519219447306,11.0,0.1365009958341524,0,13,19,10,0.6842105263157895,-4.58361768143029,-1.0147738164132483,True,13,0.5909090909090909,13.0,0.4878048780487805,5.0,2.3741571534767947
~/anvil/data/cve-targets/libtiff_repo_libtiff_tif_dir.c,248,243,249,{,{,"        {
           ",0.0516048297286033,"[[436, 507, 185, 655]]","[-0.7274125218391418, -0.05347924679517746, -0.016900798305869102, -0.24639596045017242]",4.224001407623291,True,1.0,-1.0441885273903608,-0.2610471318475902,4.0,-1.0441885273903608,-0.2610471318475902,4.0,0.08010079822307138,1,2,2,2,1.0,-0.19768395600964608,-1.1382490383458261,False,1,0.25,0.0,1.0,0.0,0.509685593056907
~/anvil/data/cve-targets/poppler_repo_fofi_FoFiType1C.cc,1230,1075,1380,case 0x000b: // return,case 0x000b: // callgsubr,"            case 0x000b: // callgsubr
                if (",0.1688795387744903,"[[655, 1452, 207, 15, 87, 15, 15, 15, 65, 25, 1069, 1280, 70, 1580, 81, 185, 1044, 562, 334]]","[-0.002135260496288538, -0.004792631138116121, -0.00013982271775603294, -1.07287787614041e-05, -0.000336590368533507, -0.0012807984603568912, -0.0001565095444675535, -0.019139140844345093, -0.03164103254675865, -0.00019369633810129017, -0.0035124055575579405, -0.2478208988904953, -0.031129829585552216, -0.00010835537250386551, -0.00022921319759916514, -0.031000977382063866, -0.013254154473543167, -0.06201881915330887, -0.0037416466511785984]",12.173784255981444,False,1.0,-0.45264251149728807,-0.023823290078804637,19.0,-0.3868820456928006,-0.022757767393694152,17.0,0.0033015089890795625,0,6,8,6,0.75,-7.420742810706659,-1.0717077678093745,True,11,0.5789473684210527,8.0,0.7659574468085106,1.0,1.8249544006031297
~/anvil/data/cve-targets/libpng_repo_pngrutil.c,823,760,919,max_palette_length = PNG_MAX_PALETTE_LENGTH;,max_palette_length = PNG_MAX_PALETTE_LENGTH;,"      max_palette_length = PNG_MAX_PALETTE_LENGTH;
   if (num > max_palette_",0.026856854557991,"[[730, 3034, 62, 16515, 7934, 62, 4082, 405, 375, 12658, 62, 14840, 62, 6859, 28247, 4463, 62, 1535, 30451, 26, 185, 243, 562, 334, 6487, 1938, 3034, 62, 16515, 7934, 62]]","[-0.04567675292491913, -0.028147289529442787, -3.576278118089249e-07, 0.0, -1.1920928244535389e-07, -4.768370445162873e-07, -7.152555099310121e-07, -0.2815776765346527, -0.23353025317192078, -0.0001006075763143599, -7.867782187531702e-06, -0.0020895807538181543, -0.0003808011533692479, -0.000700466800481081, -6.69933797325939e-05, -3.576278118089249e-07, -1.1801649634435307e-05, -0.0001501924270996824, -7.152555099310121e-07, -0.0025332048535346985, -0.08485274761915207, -0.050249651074409485, -0.18123720586299896, -0.04133348912000656, -0.16968628764152527, -0.05812343209981918, -0.01323380321264267, -4.529942543740617e-06, -5.006777428206988e-06, -1.1920928244535389e-07, -2.7418097943154862e-06]",7.103472709655762,True,1.0,-1.1937052447196805,-0.03850662079740905,31.0,-0.7300786290436392,-0.034765649002078056,21.0,0.005554978626895433,1,7,13,7,0.5384615384615384,-0.7725112382163692,-1.0591898970043092,False,19,0.6129032258064516,0.0,1.0,0.0,0.848148108216538
~/anvil/data/cve-targets/poppler_repo_poppler_JPEG2000Stream.cc,256,202,276,const int componentPixels = priv->image->comps[component].w * priv->image->comps[component].h;,priv->image->comps[component].prec = 8;,"            priv->image->comps[component].prec = 8;
            priv->image->comps[component].bpp = 8;
            priv->image->comps[component].sgnd = 0;",0.510246217250824,"[[655, 6188, 12, 29, 5468, 12, 29, 685, 829, 58, 12335, 2975, 9206, 1412, 23, 26, 185, 655, 6188, 12, 29, 5468, 12, 29, 685, 829, 58, 12335, 2975, 65, 9154, 1412, 23, 26, 185, 655, 6188, 12, 29, 5468, 12, 29, 685, 829, 58, 12335, 2975, 7648, 425, 1412, 15, 26]]","[-0.5848963856697083, -0.8370319604873657, -0.00015531764074694365, -2.9802276912960224e-06, -0.3845028281211853, -0.005409247241914272, -3.576278118089249e-07, -0.021797139197587967, -0.00019107422849629074, -0.0014912686310708523, -0.0035039715003222227, -0.0009162995265796781, -0.953447699546814, -0.4435847997665405, -0.004731530323624611, -0.005257115233689547, -0.49431970715522766, -0.10970380902290344, -0.10261967033147812, -1.3112935448589269e-05, -2.3841855067985307e-07, -0.010065393522381783, -0.0001255195093108341, -1.1920928244535389e-07, -0.004081135615706444, -3.218599158572033e-05, -0.00015269544383045286, -0.0009056995622813702, -6.580135959666222e-05, -0.3510918617248535, -0.0029138748068362474, -0.035880569368600845, -0.5269063711166382, -0.0034732038620859385, -0.5270078182220459, -0.15632419288158417, -0.1281590312719345, -3.015949550899677e-05, -9.536738616588991e-07, -0.011350227519869804, -6.508615479106084e-05, -2.3841855067985307e-07, -0.005840616300702095, -1.597391747054644e-05, -0.00019429226813372225, -0.0018575809663161635, -6.341733387671411e-05, -0.07184508442878723, 0.0, -0.07910510152578354, -0.0011926926672458649, -7.70062324590981e-05]",10.112369537353516,False,2.0,-5.87240041720667,-0.11293077725397442,52.0,-3.8509434911492804,-0.2139413050638489,18.0,0.09608219579030336,1,41,61,21,0.6721311475409836,-2.384982259963991,-1.0178759487199116,True,33,0.6346153846153846,59.0,0.5263157894736843,25.0,2.4994394901242187
~/anvil/data/cve-targets/sqlite3_repo_src_vdbemem.c,1155,1144,1179,if( pVal->flags & (MEM_Blob|MEM_Str) ){,if( (pVal->flags & MEM_Str)==0 ){,  if( (pVal->flags & MEM_Str)==0 ){,0.3945068717002868,"[[207, 562, 7, 334, 79, 2174, 12, 29, 17614, 573, 363, 7160, 62, 6624, 8, 780, 15, 2189, 90, 32014]]","[-0.06262276321649551, -0.6972055435180664, -0.006785564590245485, -1.0682107210159302, -0.20058923959732056, -0.00029845553217455745, -0.00015901254664640874, -2.2411095415009186e-05, -0.07386324554681778, -0.0716324895620346, -0.5880597829818726, -0.004129692446440458, -0.0005540504935197532, -0.35957953333854675, -0.5781252384185791, -0.8681542277336121, -0.006273458246141672, -0.22956742346286774, -0.002815451705828309, -0.35713765025138855]",12.50538158416748,False,0.0,-4.818648305048555,-0.25361306868676603,19.0,-4.818648305048555,-0.25361306868676603,19.0,0.10924665713616398,1,22,22,22,1.0,-1.5555463042306261,-1.0806290810733945,True,20,1.0526315789473684,14.0,0.8055555555555556,10.0,2.0278567723727137
~/anvil/data/cve-targets/libxml2_repo_HTMLparser.c,2808,2772,2812,"ret = xmlStrndup(q, CUR_PTR - q);",if (err),"        if (err)
            return(NULL);
        ret = xmlStrndup(q, len);
        if (",0.6469404697418213,"[[436, 562, 334, 977, 8, 185, 655, 967, 7, 14589, 477, 185, 436, 2629, 405, 11815, 6624, 425, 393, 7, 80, 11, 10405, 477, 185, 436, 562, 334]]","[-0.14258940517902374, -0.7411154508590698, -0.46098071336746216, -0.5773319005966187, -0.5777691006660461, -0.7739273309707642, -0.09462429583072662, -0.8629860877990723, -0.0981929674744606, -0.04924221709370613, -0.0003800861886702478, -0.01558141689747572, -0.1064489483833313, -0.408352792263031, -0.0029233836103230715, -0.3146282434463501, -0.8944991230964661, -0.19020268321037292, -0.000834117061458528, -0.34836429357528687, -0.4459746479988098, -0.06794153153896332, -0.04827386513352394, -0.01603669300675392, -0.23209942877292633, -0.1432795524597168, -0.8393522500991821, -0.27064934372901917]",4.503644943237305,False,3.0,-8.724581870308612,-0.31159220965387896,28.0,-3.3683381974697113,-0.48119117106710163,7.0,0.06233128491336732,1,17,30,9,0.5666666666666667,-1.3444562341140838,-1.1303191901411735,True,17,0.6071428571428571,30.0,0.14634146341463417,15.0,1.850217858954875
~/anvil/data/cve-targets/sqlite3_repo_src_sqliteInt.h,2107,1952,2257,((X)->op==TK_COLUMN && (X)->y.pTab==0),(((X)->op==TK_VIEW) && ((X)->pLeft->op==TK_VIEW)),"     (((X)->op==TK_VIEW) && ((X)->pLeft->op==TK_VIEW))
#  define ExprIsV",0.6671857833862305,"[[251, 334, 5930, 55, 6906, 29, 424, 780, 51, 42, 62, 53, 26030, 8, 2956, 8178, 55, 6906, 29, 79, 12332, 12, 29, 424, 780, 51, 42, 62, 53, 26030, 1435, 185, 2, 207, 5928, 2066, 1006, 3098, 53]]","[-1.6393312215805054, -0.6727842688560486, -0.7796010375022888, -0.22073616087436676, -0.2246141880750656, -0.00017915551143232733, -0.30765464901924133, -0.6726258397102356, -0.019004639238119125, -2.074220174108632e-05, -0.0004923323867842555, -0.930134117603302, -0.7761854529380798, -0.5026631355285645, -0.7508934140205383, -0.77345210313797, -0.03224420174956322, -0.0048539661802351475, -0.0001289761275984347, -0.5425909757614136, -1.5276985168457031, -0.5504240393638611, -0.00034648136352188885, -0.34239891171455383, -0.04121509939432144, -0.0118391253054142, -0.00015531764074694365, -0.00032646095496602356, -1.0870596170425415, -0.5231236219406128, -0.8204822540283203, -0.03131735697388649, -0.03052043542265892, -0.433480441570282, -0.018799228593707085, -1.1774730682373047, -0.0009454786195419729, -0.20977109670639038, -1.3211252689361572]",0.3168402910232544,False,1.0,-16.978692398657586,-0.4353510871450663,39.0,-13.786577380571543,-0.43083054314286073,32.0,0.20368794472470317,1,31,40,37,0.775,-1.5486037236802772,-1.25504343091807,True,24,0.6153846153846154,25.0,0.5977011494252873,11.0,1.560525230657168
~/anvil/data/cve-targets/sqlite3_repo_src_whereexpr.c,1369,985,1371,*/,*/,  */,0.2217089533805847,"[[207, 1641, 32014]]","[-0.00030191155383363366, -0.22170905768871307, -0.47647422552108765]",15.29617977142334,True,0.0,-0.2220109692425467,-0.11100548462127335,2.0,-0.2220109692425467,-0.11100548462127335,2.0,0.012255281089897966,1,3,3,3,1.0,-1.9972792708126772,-1.15871694228179,False,1,0.5,0.0,1.0,0.0,0.4869692690321681
~/anvil/data/cve-targets/openssl_repo_crypto_bn_bn_gf2m.c,598,495,643,if (ubits <= BN_BITS2 && udp[0] == 1),if (ubits == 1),            if (ubits == 1),0.642579197883606,"[[655, 562, 334, 458, 1043, 7400, 16, 8, 32014]]","[-0.0037130240816622972, -0.029208607971668243, -0.0869922861456871, -0.4491254687309265, -1.9073468138230965e-06, -0.33527806401252747, -0.3137166500091553, -0.10383494198322296, -0.2273484170436859]",9.156944274902344,False,0.0,-1.3218709502816637,-0.16523386878520796,8.0,-1.3218709502816637,-0.16523386878520796,8.0,0.02666770432131689,1,23,12,12,1.9166666666666667,-3.888907296111987,-1.0061866373725112,True,21,2.625,22.0,0.5769230769230769,11.0,2.36879978868751
~/anvil/data/cve-targets/php_repo_ext_phar_phar.c,976,632,1125,if (buffer + 4 > endbuffer) {,if (buffer + 20 > endbuffer) {,		if (buffer + 20 > endbuffer) {,0.360432893037796,"[[184, 2944, 334, 10401, 4536, 17, 15, 1938, 1223, 10401, 8, 507, 32014]]","[-0.00677194818854332, -0.2879279553890228, -0.12860222160816193, -0.47957104444503784, -0.5426273345947266, -0.6046514511108398, -0.08634241670370102, -0.024364331737160683, -0.0019760860595852137, -1.5616295058862306e-05, -0.011663814075291157, -0.017782660201191902, -0.10233259946107864]",11.110417366027832,False,0.0,-2.192296880408321,-0.18269140670069342,12.0,-2.192296880408321,-0.18269140670069342,12.0,0.049792840978978826,1,16,16,16,1.0,-1.9729055654396468,-1.0435926680057541,True,10,0.8333333333333334,2.0,0.9491525423728814,1.0,2.0862820481930755
~/anvil/data/cve-targets/sqlite3_repo_src_shell.c.in,3423,3268,3573,sqlite3_finalize(pStmt);,sqlite3_finalize(pStmt);,"  sqlite3_finalize(pStmt);
  /* Allocate space",0.0140507519245147,"[[207, 15313, 547, 18, 62, 10435, 938, 7, 79, 1201, 7764, 477, 185, 207, 4535, 2418, 404, 387, 2507]]","[-0.0016131495358422399, -0.1513347029685974, -1.156323378381785e-05, -4.5298504119273275e-05, -3.7788631743751466e-05, -0.0039930385537445545, -2.0265558760002023e-06, -7.986990567587782e-06, -1.823885577323381e-05, -3.099436753473128e-06, -3.576278118089249e-07, -2.1219027985353023e-05, -0.6950891017913818, -0.01039908453822136, -1.2191057205200195, -1.6913509368896484, -0.0056454031728208065, -0.004593653604388237, -1.031838059425354]",9.173785209655762,True,1.0,-4.815110429864433,-0.253426864729707,19.0,-0.8625766562522017,-0.061612618303728696,14.0,0.03235943839386427,1,9,14,9,0.6428571428571429,-0.22804990781676243,-1.0057630984509156,False,11,0.5789473684210527,0.0,1.0,0.0,1.0621352969572613
~/anvil/data/cve-targets/libxml2_repo_xmlstring.c,636,628,685,goto error;,goto error;,        goto error;,0.018501229584217,"[[436, 2138, 78, 2179, 26, 32014]]","[-0.042589422315359116, -0.07382427155971527, -7.152555099310121e-07, -0.00014780859055463225, -3.862306402879767e-05, -0.011699043214321136]",7.999825477600098,True,0.0,-0.11660084078516775,-0.023320168157033548,5.0,-0.11660084078516775,-0.023320168157033548,5.0,0.0009089508179498188,0,5,5,5,1.0,-0.7933574689356123,-1.035718665571269,False,3,0.6,0.0,1.0,0.0,0.9087967169775742
~/anvil/data/cve-targets/poppler_repo_poppler_JBIG2Stream.cc,3121,2740,3214,buf0 <<= 1;,buf0 <<= 1;,                            buf0 <<= 1;,2.4735170882195238e-05,"[[5230, 23350, 15, 6820, 4084, 16, 26, 32014]]","[-4.792098479811102e-05, -8.523101132595912e-05, -1.7523612768854946e-05, -3.838465272565372e-05, -8.344646857949556e-07, -3.3378546504536644e-06, -3.6954811548639555e-06, -0.16023080050945282]",18.455554962158203,True,0.0,-0.00019692806210969138,-2.8132580301384485e-05,7.0,-0.00019692806210969138,-2.8132580301384485e-05,7.0,8.323720442938277e-10,0,7,7,7,1.0,-0.8792357692471582,-1.2539488958682716,False,6,0.8571428571428571,0.0,1.0,0.0,0.13349928912487521
~/anvil/data/cve-targets/libxml2_repo_xzlib.c,534,470,573,},},"        }
       ",8.701899787411094e-05,"[[436, 611, 185, 436]]","[-0.0009305914281867445, -8.594620157964528e-05, -0.3534601330757141, -0.14570902287960052]",10.67886447906494,True,1.0,-0.500185693585081,-0.12504642339627026,4.0,-0.500185693585081,-0.12504642339627026,4.0,0.020904906598197028,1,2,2,2,1.0,-0.0006958935370614241,-1.0323940508581224,False,1,0.25,0.0,1.0,0.0,0.8824278464961228
~/anvil/data/cve-targets/libtiff_repo_libtiff_tif_print.c,262,208,627,break;,break;,				break;,0.0001119892767746,"[[1749, 20702, 26, 32014]]","[-0.0016219568205997348, -0.0001864259538706392, -5.4238757002167404e-05, -0.0891232118010521]",14.543792724609377,True,0.0,-0.0018626215314725414,-0.0006208738438241804,3.0,-0.0018626215314725414,-0.0006208738438241804,3.0,5.039958056975599e-07,0,4,4,4,1.0,-0.18037364255002053,-1.137125551943987,False,2,0.6666666666666666,0.0,1.0,0.0,0.5242823586323653
~/anvil/data/cve-targets/libsndfile_repo_src_ulaw.c,207,52,357,"0xaa, 0xaa, 0xaa, 0xaa, 0xaa, 0xaa, 0xaa, 0xaa, 0xaa, 0xaa, 0xaa, 0xaa,","0xaa, 0xaa, 0xaa, 0xaa, 0xaa, 0xaa, 0xaa, 0xaa, 0xaa, 0xaa, 0xaa, 0xaa,","	0xaa, 0xaa, 0xaa, 0xaa, 0xaa, 0xaa, 0xaa, 0xaa, 0xaa, 0xaa, 0xaa, 0xaa,
	0xaa, 0xaa, 0xaa, 0xaa, 0xaa, 0xaa,",0.0021304956171661,"[[184, 15, 7287, 64, 11, 207, 15, 7287, 64, 11, 207, 15, 7287, 64, 11, 207, 15, 7287, 64, 11, 207, 15, 7287, 64, 11, 207, 15, 7287, 64, 11, 207, 15, 7287, 64, 11, 207, 15, 7287, 64, 11, 207, 15, 7287, 64, 11, 207, 15, 7287, 64, 11, 207, 15, 7287, 64, 11, 207, 15, 7287, 64, 11, 185, 184, 15, 7287, 64, 11, 207, 15, 7287, 64, 11, 207, 15, 7287, 64, 11, 207, 15, 7287, 64, 11, 207, 15, 7287, 64, 11, 207, 15, 7287, 64, 11]]","[-0.00222090445458889, -7.152555099310121e-07, -0.02630288526415825, -8.892617915989831e-05, -3.576278118089249e-07, -1.0847986231965479e-05, 0.0, -0.0015023384476080537, -1.3947389561508317e-05, -4.768370445162873e-07, -5.364403477869928e-06, 0.0, -0.0036005449946969748, -0.00015078838623594493, -4.768370445162873e-07, -4.0531076592742465e-06, 0.0, -0.002476722002029419, -0.000726316764485091, -4.768370445162873e-07, -2.622600959512056e-06, 0.0, -0.0005530973430722952, -0.00014435203047469258, -3.576278118089249e-07, -3.2186455882765586e-06, 0.0, -0.0008048156159929931, -0.00034290633630007505, -3.576278118089249e-07, -4.6491513785440475e-06, 0.0, -0.0031794970855116844, -0.004115564748644829, -3.576278118089249e-07, -7.986990567587782e-06, 0.0, -0.00318068522028625, -0.00865884032100439, -8.344646857949556e-07, -7.152531907195225e-06, 0.0, -0.0010333680547773838, -0.0015126940561458468, -7.152555099310121e-07, -8.4638240878121e-06, 0.0, -0.0007102350937202573, -0.0005614373367279768, -7.152555099310121e-07, -1.811964830267243e-05, 0.0, -0.0015041239093989134, -0.0032083725091069937, -1.0728830375228426e-06, -0.00019214690837543458, -4.768370445162873e-07, -0.006723400671035051, -0.018217505887150764, -3.361645576660521e-05, -0.0006009918288327754, -6.198863957251888e-06, -1.1920928244535389e-07, -0.0011714984430000186, -0.0052552176639437675, -3.576278118089249e-07, -3.814689989667386e-06, 0.0, -0.001929447171278298, -0.002489208010956645, -5.960462772236497e-07, -5.245195097813848e-06, -1.1920928244535389e-07, -0.004080898128449917, -0.006738912779837847, -9.536738616588991e-07, -7.748573807475623e-06, 0.0, -0.004082678817212582, -0.029821811243891716, -8.344646857949556e-07, -6.9141146923357155e-06, 0.0, -0.003180447733029723, -0.018201468512415886, -5.960462772236497e-07, -5.364403477869928e-06, 0.0, -0.002477792324498296, -0.011077453382313251, -9.536738616588991e-07]",13.398265838623049,True,1.0,-0.18298754516187898,-0.002010852144636033,91.0,-0.09244709402264562,-0.0017778287312047235,52.0,1.7553004615107e-05,0,25,37,25,0.6756756756756757,-1.1983694378267788,-1.1050222388196191,False,59,0.6483516483516484,0.0,1.0,0.0,0.8801482183409929
~/anvil/data/cve-targets/sqlite3_repo_src_select.c,2804,2535,2855,},},"  }
 ",0.1094439774751663,"[[207, 611, 185, 207]]","[-0.12910713255405426, -0.10949515551328659, -0.747109591960907, -0.25199222564697266]",7.423436641693115,True,1.0,-1.2377041056752205,-0.3094260264188051,4.0,-1.2377041056752205,-0.3094260264188051,4.0,0.06683820041059808,1,2,2,2,1.0,-0.3536999739221514,-1.0507511291621385,False,1,0.25,0.0,1.0,0.0,0.8416125286689052
~/anvil/data/cve-targets/libxml2_repo_parser.c,4712,4564,4724,"""Double hyphen within comment\n"", NULL);","""Double hyphen within comment: ""","		                      ""Double hyphen within comment: ""
                                      ""<!--%.50s\n",0.3218837678432464,"[[459, 8745, 440, 17666, 8424, 1105, 2372, 5273, 25, 440, 185, 24603, 440, 27, 4013, 13027, 20, 15, 82, 59, 77]]","[-0.1369815170764923, -0.056505363434553146, -0.008196880109608173, -0.052809376269578934, -0.001913860673084855, -0.006908814422786236, -0.039820555597543716, -0.008204566314816475, -0.8954973816871643, -0.28033319115638733, -0.003297132672742009, -0.18450748920440674, -0.014172852039337158, -0.026160402223467827, -0.020647235214710236, -0.7608799934387207, -0.17895662784576416, -0.007787818089127541, -0.02124365232884884, -0.05197598785161972, -0.0006164796068333089]",2.62656307220459,False,1.0,-2.7574171772575937,-0.13130557986940922,21.0,-1.6749761286191642,-0.13958134405159703,12.0,0.058939826780061676,1,11,8,7,1.375,-2.306065828713186,-1.1846259950337996,True,11,0.5238095238095238,10.0,0.8333333333333334,7.0,1.507420260851476
~/anvil/data/cve-targets/libsndfile_repo_src_alaw.c,307,301,313,{,{,		{,3.902320623397827,"[[184, 5849, 32014]]","[-0.027320344001054764, -0.02599896676838398, -1.2049813270568848]",8.202082633972168,True,0.0,-0.053319310769438744,-0.026659655384719372,2.0,-0.053319310769438744,-0.026659655384719372,2.0,4.365094477551748e-07,1,2,2,2,1.0,-146.3755088760276,-1.0304948458353205,False,1,0.5,0.0,1.0,0.0,1.81511169586958
~/anvil/data/cve-targets/libtiff_repo_libtiff_tif_predict.c,334,326,336,"TIFFSwabArrayOfLong(wp, wc);",while (wc-- > 0) {,"	while (wc-- > 0) {
		uint32_t w = *wp;
",0.3216740190982818,"[[184, 6460, 334, 86, 66, 374, 6213, 15, 8, 507, 185, 184, 184, 9842, 18, 17, 62, 83, 259, 405, 572, 20192, 26, 185]]","[-0.8570657968521118, -0.4190651476383209, -0.010698227211833, -0.021437127143144608, -3.576272320060525e-06, -0.006376279518008232, -0.033031564205884933, -0.000545472139492631, -0.0004889961564913392, -0.48008567094802856, -0.0007869484252296388, -0.009042265824973583, -0.6367867588996887, -0.8428928852081299, -0.00991514790803194, -3.4570634852570947e-06, -9.107174992095679e-05, -4.172316494077677e-06, -0.0115846311673522, -0.0009161804337054491, -0.08468201011419296, -1.2516897186287679e-05, -0.002471489831805229, -0.0007348936051130295]",2.437674045562744,False,2.0,-3.4287222875309453,-0.14286342864712273,24.0,-2.475413831235528,-0.19041644855657908,13.0,0.08281431981505566,0,11,24,15,0.4583333333333333,-1.689318446681888,-1.1902332953610189,True,13,0.5416666666666666,26.0,0.21739130434782605,13.0,1.486978342846889
~/anvil/data/cve-targets/sqlite3_repo_src_build.c,2315,2288,2556,if( db->init.busy ){,if( db->init.busy ){,"  if( db->init.busy ){
    p->tnum",0.0443556867539882,"[[207, 562, 7, 10499, 12, 29, 2995, 13, 12623, 88, 2189, 90, 185, 315, 265, 12, 29, 83, 6487]]","[-0.003762548789381981, -0.13486048579216003, -0.0006667536217719316, -0.10555312782526016, -0.005303835961967707, -3.576278118089249e-07, -0.0011087467428296804, -0.0001255195093108341, -0.010299625806510448, -1.311301275563892e-06, -0.2291267067193985, -0.0012631779536604881, -0.6376625299453735, -0.005511445924639702, -0.8847013115882874, -0.04561320319771767, -3.6954811548639555e-06, -0.5823004841804504, -0.026148324832320213]",13.694618225097656,True,1.0,-2.674013192801283,-0.14073753646322543,19.0,-1.1352461735213524,-0.0810890123943823,14.0,0.028326243089097446,1,16,17,16,0.9411764705882353,-0.5469999626862033,-1.11323954088504,False,11,0.5789473684210527,0.0,1.0,0.0,0.7580091246393079
~/anvil/data/cve-targets/sqlite3_repo_src_pragma.c,1588,1460,1707,"sqlite3VdbeChangeP5(v, OPFLAG_TYPEOFARG);","sqlite3VdbeChangeP5(v, OPFLAG_TYPEOFARG);","          sqlite3VdbeChangeP5(v, OPFLAG_TYPEOFARG);",0.1789031475782394,"[[1574, 15313, 547, 18, 53, 67, 1338, 10809, 47, 20, 7, 85, 11, 17364, 30692, 62, 10441, 16283, 29649, 477, 32014]]","[-0.0025475923903286457, -0.8590741157531738, -2.312633478140924e-05, -2.825220326485578e-05, -0.07923076301813126, -0.00024053541710600257, -4.351044481154531e-05, -0.6726075410842896, -0.001085883704945445, -0.054434556514024734, -0.001278179232031107, -0.001579943229444325, -0.00010966652916977182, -0.1758337914943695, -0.0020817292388528585, -8.725739462533966e-05, -0.10690678656101227, -0.00047195740626193583, -0.006070153787732124, -0.01933828555047512, -0.1833103448152542]",7.832639694213867,True,0.0,-1.9830736272888316,-0.09915368136444158,20.0,-1.9830736272888316,-0.09915368136444158,20.0,0.052289733028310525,1,11,11,11,1.0,-1.8043016166054076,-1.0400566608070088,False,19,0.95,0.0,1.0,0.0,0.9992566866709701
~/anvil/data/cve-targets/libxml2_repo_HTMLparser.c,2500,2468,2509,c = CUR_CHAR(l);,c = CUR_CHAR(l);,"	c = CUR_CHAR(l);
    }
    if",0.0293077863752841,"[[23012, 405, 339, 3309, 62, 13294, 7, 75, 477, 185, 315, 611, 185, 315, 562]]","[-0.23716621100902557, -0.0031860326416790485, -0.01782446727156639, -5.936446541454643e-05, -6.389413465512916e-05, -0.00031442465842701495, -0.0015448314370587468, -0.0005606033373624086, -0.0008353081648238003, -0.43113550543785095, -0.054280783981084824, -0.0006036128615960479, -0.01189237181097269, -0.06534693390130997, -0.4116697311401367]",5.803645133972168,True,2.0,-1.2364840762529639,-0.08243227175019759,15.0,-0.7469714265389484,-0.06790649332172259,11.0,0.017698108767483758,1,12,14,12,0.8571428571428571,-0.43159033756067683,-1.094174346314367,False,9,0.6,0.0,1.0,0.0,0.778319263227852
~/anvil/data/cve-targets/openssl_repo_crypto_x509_x509_vfy.c,966,948,997,if (crl_score == best_score) {,if (crl_score == best_score) {,        if (crl_score == best_score) {,0.0473798513412475,"[[436, 562, 334, 7251, 75, 62, 20709, 2312, 1598, 62, 20709, 8, 507, 32014]]","[-0.0011614966206252575, -0.03153499960899353, -0.04323112219572067, -0.07528091967105865, -0.00026901919045485556, -0.007292082998901606, -0.0032027876004576683, -0.01764938235282898, -0.018766120076179504, -7.152555099310121e-07, -1.0847986231965479e-05, -0.3616628646850586, -0.0014059193199500442, -0.22568310797214508]",11.786458015441896,True,0.0,-0.5614682775619713,-0.04318986750476702,13.0,-0.5614682775619713,-0.04318986750476702,13.0,0.008908568355800638,1,13,13,13,1.0,-1.0970131208672502,-1.0613803360538243,False,12,0.9230769230769231,0.0,1.0,0.0,0.9132328565519579
~/anvil/data/cve-targets/libtiff_repo_libtiff_tif_dirread.c,5768,5720,5775,"uint64_t nstrips64 = TIFFhowmany_64(bytecount, stripbytes);",/*,"	/*
	 * If the number of rows per strip is less than the number of rows
	 * in the image, then we need to chop up the image into strips.
	 */
	if (",0.3700275123119354,"[[12740, 185, 184, 572, 1271, 254, 1594, 280, 7719, 511, 12207, 317, 2236, 849, 254, 1594, 280, 7719, 185, 184, 572, 279, 254, 3310, 11, 930, 394, 927, 276, 20258, 578, 254, 3310, 878, 29508, 13, 185, 184, 1641, 185, 2944, 334]]","[-1.0637991428375244, -0.24694499373435974, -0.02185487560927868, -0.0015595904551446438, -2.47249436378479, -1.1466275453567505, -1.7500531673431396, -0.011989552527666092, -0.7273010015487671, -0.4570411443710327, -0.019802609458565712, -0.7075702548027039, -2.283256769180298, -0.0585397370159626, -0.7387005686759949, -0.6569476127624512, -0.09337703138589859, -0.370971143245697, -0.96490877866745, -0.004588076379150152, -0.0022149572614580393, -0.6228020191192627, -0.16031448543071747, -0.1938319057226181, -0.16643793880939484, -1.3448314666748047, -1.3492332696914673, -1.160078763961792, -0.12379901111125946, -1.2258145809173584, -0.5284353494644165, -0.14114254713058472, -1.1006183624267578, -0.7349544763565063, -0.5240041017532349, -0.2739813029766083, -0.10007349401712418, -0.00824251864105463, -0.2523409426212311, -0.0033404999412596226, -0.9289612174034119, -0.16946694254875183]",2.441840171813965,False,4.0,-24.9132481131237,-0.5931725741219929,42.0,-1.3325990121811628,-0.4441996707270543,3.0,0.20039601313271374,1,15,4,3,3.75,-0.8330206812316726,-1.1901093352621268,True,26,0.6190476190476191,59.0,0.0,14.0,1.5443552159590974
~/anvil/data/cve-targets/libxml2_repo_xmlregexp.c,4854,4774,4859,} else {,} else {,    } else {,0.0405498743057251,"[[315, 611, 1969, 507, 32014]]","[-0.7380037307739258, -0.00034648136352188885, -0.039389390498399734, -0.09219996631145477, -0.1304813027381897]",10.245831489562988,True,0.0,-0.8699395689473022,-0.21748489223682554,4.0,-0.8699395689473022,-0.21748489223682554,4.0,0.09137581778804568,1,4,4,4,1.0,-0.18644915464550602,-1.0212778135886198,False,3,0.75,0.0,1.0,0.0,0.9551812354884703
~/anvil/data/cve-targets/openssl_repo_crypto_bn_bn_local.h,579,424,729,(c)=h&BN_MASK2; \,(c)=h&BN_MASK2; \,"        (c)=h&BN_MASK2; \
        (r)=l;",0.0538162142038345,"[[436, 334, 66, 8, 28, 71, 5, 11876, 62, 44, 25807, 17, 26, 357, 185, 436, 334, 81, 8, 28, 75, 26]]","[-0.012026065960526466, -0.09668319672346115, -0.20349588990211487, -0.0004051103023812175, -0.005206478293985128, -0.29821276664733887, -0.08396422117948532, -0.0006372089846991003, -3.814689989667386e-06, -3.9934315282152966e-05, -1.1920928244535389e-07, -0.00036971885128878057, -0.0024153604172170162, -0.0031061756890267134, -0.0019421778852120042, -0.0010833829874172807, -0.003935450688004494, -0.0012232924345880747, -6.0437283536884934e-05, -0.00034683887497521937, -0.005237311124801636, -0.4749649465084076]",10.504384994506836,True,1.0,-1.195359898953022,-0.054334540861501,22.0,-0.7095916220387082,-0.04434947637741926,16.0,0.007216369730183407,0,13,22,13,0.5909090909090909,-1.213457713589495,-1.027900568692173,False,13,0.5909090909090909,0.0,1.0,0.0,1.0365162300581288
~/anvil/data/cve-targets/php_repo_ext_intl_locale_locale_methods.c,408,384,489,},},"	}
	if",0.0068554198369383,"[[1839, 185, 2944]]","[-0.006855538114905357, -0.3329854905605316, -0.9784965515136719]",7.952083110809326,True,1.0,-1.3183375801891088,-0.43944586006303626,3.0,-0.339841028675437,-0.1699205143377185,2.0,0.02659018647054661,1,2,3,2,0.6666666666666666,-0.04034486279457167,-1.0369555951093166,False,1,0.3333333333333333,0.0,1.0,0.0,0.8674445619569985
~/anvil/data/cve-targets/php_repo_ext_exif_exif.c,3994,3941,4007,} else {,} else {,				} else {,0.0006177979521453,"[[1749, 1839, 1969, 507, 32014]]","[-0.001604342251084745, -0.00011467275908216834, -0.0012417471734806895, -0.0005260513862594962, -0.038208719342947006]",13.320137977600098,True,0.0,-0.003486813569907099,-0.0008717033924767748,4.0,-0.003486813569907099,-0.0008717033924767748,4.0,3.4156569657548277e-07,0,4,4,4,1.0,-0.7087249602068748,-1.102866019667447,False,3,0.75,0.0,1.0,0.0,0.648994533859431
~/anvil/data/cve-targets/openssl_repo_crypto_asn1_a_d2i_fp.c,99,89,226,uint32_t eos = 0;,size_t eos = 0;,    size_t eos = 0;,0.4514430463314056,"[[315, 2398, 62, 83, 300, 378, 1412, 15, 26, 32014]]","[-0.009295518510043621, -0.33071139454841614, -6.6756979322235566e-06, -8.34461570775602e-06, -0.008688385598361492, -3.58813522325363e-05, -0.5312580466270447, -0.01592829078435898, -0.008805729448795319, -0.18210957944393158]",7.154036521911621,False,0.0,-0.9047382671828927,-0.10052647413143252,9.0,-0.9047382671828927,-0.10052647413143252,9.0,0.03346090422302723,0,8,8,8,1.0,-4.490787628154251,-1.0578518259297853,True,10,1.1111111111111112,5.0,0.75,1.0,1.9651079623034222
~/anvil/data/cve-targets/openssl_repo_crypto_x509_x509_obj.c,147,17,173,*(p++) = 'x';,*(p++) = 'x';,                *(p++) = 'x';,0.0010210521286353,"[[1044, 572, 7, 79, 3868, 8, 405, 651, 87, 4057, 32014]]","[-0.00020692592079285532, -0.0011855486081913114, -2.312633478140924e-05, -2.0146166207268834e-05, -3.8980677345534787e-05, -1.0728830375228426e-06, -9.524368942948058e-05, -0.0031493136193603277, -0.005032016895711422, -3.433168603805825e-05, -0.020990489050745964]",14.32013988494873,True,0.0,-0.009786706480895191,-0.0009786706480895192,10.0,-0.009786706480895191,-0.0009786706480895192,10.0,2.7122463141274354e-06,0,17,17,17,1.0,-1.043305151358646,-1.130785259797667,False,8,0.8,0.0,1.0,0.0,0.6952831394174674
~/anvil/data/cve-targets/lua_repo_ldebug.c,780,747,794,"changedline(p, pcRel(L->oldpc, p), npci)) {",(npci == ci->u.l.lastlinedef && p->lineinfo == NULL)) {,"        (npci == ci->u.l.lastlinedef && p->lineinfo == NULL)) {
      /*
      ** no line",0.8011661767959595,"[[436, 334, 21889, 2711, 2312, 4533, 12, 29, 84, 13, 75, 13, 6358, 17537, 811, 2956, 265, 12, 29, 1027, 4895, 2312, 4579, 1435, 507, 185, 730, 4535, 185, 730, 9220, 637, 1348]]","[-0.007595113944262266, -0.9448857307434082, -1.4348232746124268, -0.00011216964776394889, -1.2133076190948486, -0.7566515803337097, -0.05576874688267708, -8.308542601298541e-05, -1.1116111278533936, -0.0005623904871754348, -0.03804692253470421, -0.0036047021858394146, -0.542046070098877, -0.14609763026237488, -0.0144855547696352, -0.3446146845817566, -1.510145902633667, -0.7291450500488281, -0.0006079017766751349, -0.5067047476768494, -0.005217269994318485, -0.9335410594940186, -0.16713593900203705, -0.23251153528690338, -0.1542263627052307, -0.290598064661026, -0.040029481053352356, -1.1106481552124023, -1.7082462310791016, -0.12379006296396255, -0.011947383172810078, -2.6977782249450684, -1.2758158445358276]",6.604166030883789,False,2.0,-18.112385619700945,-0.548860170293968,33.0,-11.184159717791772,-0.41422813769599154,27.0,0.22852246578332863,1,23,39,29,0.5897435897435898,-1.9341181920962303,-1.0724942760587863,True,20,0.6060606060606061,45.0,0.34693877551020413,27.0,2.1652813893611076
~/anvil/data/cve-targets/libpng_repo_pngrtran.c,1694,1673,1848,info_ptr->num_trans = 0;,info_ptr->num_trans = 0;,         info_ptr->num_trans = 0;,0.0332247354090213,"[[294, 6382, 62, 8856, 12, 29, 6487, 62, 1831, 1412, 15, 26, 32014]]","[-0.07964278012514114, -0.13010185956954956, -5.602820692729438e-06, -8.4638240878121e-06, -1.156323378381785e-05, -9.536738616588991e-07, -0.13925012946128845, -7.390948667307384e-06, -0.011388531886041164, -0.058933842927217484, -0.02382425218820572, -0.00020954797219019383, -0.4434756934642792]",9.5244779586792,True,0.0,-0.44338491863072704,-0.036948743219227254,12.0,-0.44338491863072704,-0.036948743219227254,12.0,0.0025373404195315305,1,10,10,10,1.0,-0.8992115161235561,-1.0030253305005228,False,11,0.9166666666666666,0.0,1.0,0.0,1.0880043070432008
~/anvil/data/cve-targets/libtiff_repo_libtiff_tif_predict.c,177,101,179,},sp,		sp,4.215115070343018,"[[184, 184, 776]]","[-0.09011513739824295, -0.5642215013504028, -0.2567765414714813]",5.698610305786133,False,0.0,-0.9111131802201271,-0.303704393406709,3.0,-0.9111131802201271,-0.303704393406709,3.0,0.03856391903361698,0,2,2,2,1.0,-13.879005907887215,-1.0970512822539493,True,1,0.3333333333333333,2.0,0.0,1.0,2.647273107539926
~/anvil/data/cve-targets/poppler_repo_poppler_Stream.cc,573,564,616,"int readChars = str->doGetChars(inputLineSize, inputLine);",if (unlikely(imgLine == nullptr)) {,"    if (unlikely(imgLine == nullptr)) {
        imgLine = new unsigned char[nVals];
    }
    int readCh",1.0541908740997314,"[[315, 562, 334, 309, 15703, 7, 6379, 6498, 2312, 24113, 1435, 507, 185, 436, 21905, 6498, 405, 756, 13680, 1555, 58, 77, 53, 909, 2818, 185, 315, 611, 185, 315, 1097, 1272, 1915]]","[-0.10492981225252151, -1.597162127494812, -0.08660820871591568, -1.140783429145813, -0.001134824356995523, -0.1512547880411148, -0.9578032493591309, -0.03472856059670448, -0.11875266581773758, -0.005874274298548698, -0.03281159698963165, -0.030749116092920303, -0.0022519484627991915, -0.001555900671519339, -0.7545062303543091, -0.0008993871742859483, -0.039489664137363434, -0.3544135093688965, -0.047502510249614716, -0.00021491125517059118, -0.009497341699898243, -0.31545382738113403, -0.01769142970442772, -3.564294092939235e-05, -0.13966457545757294, -0.008740146644413471, -0.10126718878746033, -9.321732068201527e-05, -0.020192651078104973, -0.1317153424024582, -0.8420711159706116, -0.09835979342460632, -0.008261553943157196]",13.238237380981444,False,3.0,-7.156470541591261,-0.21686274368458366,33.0,-4.266400502296165,-0.3047428930211546,14.0,0.2520220320847481,1,18,37,19,0.4864864864864865,-3.4592796033689677,-1.1006101952475842,True,20,0.6060606060606061,47.0,0.30107526881720426,18.0,2.0662419030658437
~/anvil/data/cve-targets/openssl_repo_crypto_asn1_a_type.c,70,54,98,case V_ASN1_NEG_INTEGER:,case V_ASN1_BOOLEAN:,"    case V_ASN1_BOOLEAN:
        result = a->value.boolean -",0.7838191390037537,"[[315, 1452, 627, 62, 3146, 45, 16, 62, 9311, 46, 1535, 1934, 25, 185, 436, 1228, 405, 245, 12, 29, 2824, 13, 15509, 567]]","[-0.020117294043302536, -0.0099044069647789, -0.0010629009921103716, -1.1920858014491387e-05, -1.0967194612021558e-05, 0.0, -7.152555099310121e-07, -4.887569048150908e-06, -0.5724034309387207, -3.123234637314454e-05, 0.0, -3.2186455882765586e-06, -4.3987260141875595e-05, -0.0663759857416153, -0.11495106667280197, -0.02640993706882, -0.001416871091350913, -0.3146655857563019, -3.4450891689630225e-05, -8.344646857949556e-07, -0.00014494798961095512, -7.867782187531702e-06, -0.0017822586232796311, -0.0037150431890040636]",7.477474689483643,False,1.0,-1.133099811339548,-0.047212492139147834,24.0,-0.7849220144826177,-0.0603786164986629,13.0,0.020313042542519574,1,5,15,5,0.3333333333333333,-12.981734005467176,-1.049332574083884,True,14,0.5833333333333334,10.0,0.6818181818181819,1.0,2.0408529973840777
~/anvil/data/cve-targets/libtiff_repo_libtiff_tif_ojpeg.c,1299,1215,1349,if (OJPEGReadHeaderInfoSecStreamDqt(tif)==0),if (OJPEGReadHeaderInfoSecStreamDqt(tif)==0),				if (OJPEGReadHeaderInfoSecStreamDqt(tif)==0),0.0039963098242878,"[[1749, 2944, 334, 46, 41, 3855, 38, 4614, 11851, 4580, 8512, 6620, 35, 21508, 7, 83, 351, 8, 780, 15, 8, 32014]]","[-0.0341695137321949, -0.01865953393280506, -0.0030827641021460295, -0.012692738324403763, -1.0728830375228426e-06, 0.0, -5.483612312673358e-06, -0.00024327656137757003, -0.003251624759286642, -2.682172998902388e-05, -5.0424259825376794e-05, -0.011067903600633144, -0.0019114810274913907, -0.010571197606623173, -0.0012223399244248867, -0.0028347091283649206, 0.0, -0.016308119520545006, -0.00011979816190432757, -4.386805812828243e-05, -0.0001662831346038729, -0.6327896118164062]",14.427473068237305,True,0.0,-0.11642895406009757,-0.005544235907623694,21.0,-0.11642895406009757,-0.006127839687373556,19.0,7.451903410749636e-05,0,17,17,17,1.0,-0.6521563924921562,-1.1338236039527188,False,20,0.9523809523809523,0.0,1.0,0.0,0.6849394043914545
~/anvil/data/cve-targets/openssl_repo_ssl_statem_statem_clnt.c,2575,2558,2611,"ckey = ssl_generate_pkey(s, skey);",ckey = s->s3.tmp.new_key;,"    ckey = s->s3.tmp.new_key;
    if (ckey == NULL) {
",0.7214599251747131,"[[315, 258, 2447, 405, 252, 12, 29, 82, 18, 13, 10801, 13, 1829, 62, 2447, 26, 185, 315, 562, 334, 66, 2447, 2312, 4579, 8, 507, 185]]","[-0.033299338072538376, -1.0514408349990845, -0.0011649496154859662, -0.0012832987122237682, -0.652988851070404, -0.25390180945396423, -2.8729025871143676e-05, -0.15858569741249084, -0.0027664743829518557, -0.0048114946112036705, -0.18035539984703064, -0.06154533475637436, -0.8332690596580505, -0.0010390841634944081, -0.721440851688385, -0.020366590470075607, -0.09778506308794022, -0.020765753462910652, -0.42743435502052307, -0.13987283408641815, -0.04264242574572563, -0.0001618731184862554, -0.01383007038384676, -0.00028546550311148167, -0.11372115463018417, -0.1165047213435173, -0.0012257928028702736]",8.771745681762695,False,2.0,-4.952517307125163,-0.18342656693056159,27.0,-4.09683861449048,-0.2276021452494711,18.0,0.10843168656089111,1,14,29,16,0.4827586206896552,-3.169829196398533,-1.0159229843984612,True,16,0.5925925925925926,20.0,0.5423728813559322,11.0,2.2498326239509656
~/anvil/data/cve-targets/php_repo_ext_phar_util.c,399,288,436,return FAILURE;,return FAILURE;,					return FAILURE;,0.0018235880415886,"[[1076, 3404, 13571, 4470, 10323, 26, 32014]]","[-0.00035696811391972005, -0.008839759975671768, -0.00023946279543451965, 0.0, -7.629365427419543e-06, -1.8715683836489916e-05, -0.22559958696365356]",14.237847328186035,True,0.0,-0.009462535934289917,-0.001577089322381653,6.0,-0.009462535934289917,-0.0018925071868579834,5.0,1.0567211531943038e-05,0,5,5,5,1.0,-0.9635831526833958,-1.128461270950209,False,5,0.8333333333333334,0.0,1.0,0.0,0.5675615854661865
~/anvil/data/cve-targets/libsndfile_repo_src_ulaw.c,811,804,816,if (ptr [i] >= 0),if (ptr [i] >= 0),		if (ptr [i] >= 0),0.0564565658569335,"[[184, 2944, 334, 8856, 821, 72, 60, 16684, 15, 8, 32014]]","[-0.010059846565127373, -0.12942485511302948, -0.02037137933075428, -0.062126707285642624, -0.006077500060200691, -0.00052426423644647, -0.0007101159426383674, -0.2585347890853882, -0.0015872034709900618, -0.006221214309334755, -0.018070120364427567]",5.261285305023193,True,0.0,-0.4956378753995523,-0.04956378753995523,10.0,-0.4956378753995523,-0.04956378753995523,10.0,0.006348019914926827,1,17,17,17,1.0,-1.1390688375342932,-1.1091112877181983,False,9,0.9,0.0,1.0,0.0,0.7872568906463169
~/anvil/data/cve-targets/libsndfile_repo_src_common.c,630,470,684,"if (psf->header.indx + (sf_count_t) size > psf->header.len && psf_bump_header_allocation (psf, size))","if (psf->header.indx + (sf_count_t) size > psf->header.len && psf_bump_header_allocation (psf, size))","					if (psf->header.indx + (sf_count_t) size > psf->header.len && psf_bump_header_allocation (psf, size))",0.030362844467163,"[[1076, 2944, 334, 829, 69, 12, 29, 7301, 13, 513, 87, 945, 334, 5274, 62, 4241, 62, 83, 8, 2398, 1938, 265, 5274, 12, 29, 7301, 13, 6446, 2956, 265, 5274, 62, 65, 2990, 62, 7301, 62, 435, 5590, 334, 829, 69, 11, 2398, 1435, 32014]]","[-0.018304359167814255, -0.18441490828990936, -0.009061286225914955, -0.016290996223688126, -8.344646857949556e-07, -0.0005901502445340157, -5.960462772236497e-07, -0.023524586111307144, -1.2874520507466514e-05, -0.0003367095487192273, -1.7881377516459906e-06, -0.15007109940052032, -0.04425990954041481, -0.007280722260475159, -4.410734163684538e-06, -8.4638240878121e-06, -3.6954811548639555e-06, -7.152555099310121e-07, -0.0002889215829782188, -0.06125777214765549, -0.24830497801303864, -0.0006805725861340761, -5.722029527532868e-06, -5.8530047681415454e-05, -1.4305104514278355e-06, -3.302042750874534e-05, -1.3112935448589269e-05, -0.0004950728034600616, -0.009754256345331669, -0.001492934999987483, 0.0, -0.00016842853801790625, -9.917721035890281e-05, -4.768370445162873e-07, -7.748573807475623e-06, -1.4066597032069694e-05, -1.764281842042692e-05, -5.5549986427649856e-05, 0.0, -0.0003666205739136785, -2.407998726994265e-05, -4.768370445162873e-07, -8.296622399939224e-05, -0.13694503903388977, -0.43712177872657776, -0.31474626064300537]",9.563193321228027,True,0.0,-1.3514584818504431,-0.030032410707787626,45.0,-1.3514584818504431,-0.031429267019777746,43.0,0.006545036248853322,1,42,42,42,1.0,-0.9660691242992187,-1.0039966127018798,False,44,0.9777777777777777,0.0,1.0,0.0,1.4474294304049857
~/anvil/data/cve-targets/openssl_repo_ssl_statem_extensions_srvr.c,284,256,335,if (PACKET_remaining(&responder_id_list) > 0 && s->ext.ocsp.ids == NULL) {,if (s->ext.ocsp.ids == NULL) {,    if (s->ext.ocsp.ids == NULL) {,0.2221514582633972,"[[315, 562, 334, 82, 12, 29, 1730, 13, 404, 776, 13, 2929, 2312, 4579, 8, 507, 32014]]","[-0.02314819023013115, -0.2202652245759964, -0.17458847165107727, -0.43173161149024963, -0.0004353767435532063, -2.145764938177308e-06, -0.009046400897204876, -0.0002294515579706058, -0.01948244497179985, -5.8887653722194955e-05, -0.0020104688592255116, -0.010444976389408112, -0.03916599974036217, -0.0002786724944598973, -0.013129331171512604, -0.003359984839335084, -0.06324032694101334]",10.471179962158203,False,0.0,-0.9473776390309467,-0.05921110243943417,16.0,-0.9473776390309467,-0.05921110243943417,16.0,0.013257697654931337,1,36,23,23,1.565217391304348,-3.7518547892370586,-1.0270476359710206,True,33,2.0625,44.0,0.5769230769230769,13.0,2.3409180714550475
~/anvil/data/cve-targets/poppler_repo_utils_ImageOutputDev.cc,326,312,464,unsigned char zero[1];,unsigned char zero[4];,    unsigned char zero[4];,0.5752978324890137,"[[315, 13680, 1555, 5854, 58, 19, 2818, 32014]]","[-0.006098353303968906, -0.2630324959754944, -0.03997255861759186, -0.02450706996023655, -0.011180606670677662, -0.7299953103065491, -0.21848814189434052, -0.23338885605335236]",13.729167938232422,False,0.0,-1.293274536728859,-0.18475350524697984,7.0,-1.293274536728859,-0.18475350524697984,7.0,0.059034272721255894,1,11,11,11,1.0,-3.113866942442858,-1.1142015089414348,True,6,0.8571428571428571,1.0,0.9545454545454546,1.0,1.823654760857755
~/anvil/data/cve-targets/sqlite3_repo_src_where.c,2442,2336,2707,"** However, the nIn multiplier should only be applied once, not once",** We need to make sure that we do not add a separate term,        ** We need to make sure that we do not add a separate term,1.900429368019104,"[[436, 9220, 998, 927, 276, 1098, 2037, 344, 394, 533, 441, 957, 245, 7039, 1632, 32014]]","[-0.0008762810612097383, -0.0025307077448815107, -2.055558919906616, -1.576889157295227, -0.1047397032380104, -2.6101572513580322, -0.13620877265930176, -0.5500227212905884, -0.963050127029419, -1.3740692138671875, -0.06290824711322784, -1.7177969217300415, -1.739245891571045, -1.0761770009994507, -1.340048909187317, -0.595950722694397]",10.853472709655762,False,0.0,-15.310279826051556,-1.0206853217367704,15.0,-15.310279826051556,-1.0206853217367704,15.0,0.6652720018084215,0,18,18,18,1.0,-1.8619150560384126,-1.036910513793692,True,16,1.0666666666666667,50.0,0.39682539682539686,16.0,2.498663552029825
~/anvil/data/cve-targets/poppler_repo_poppler_FileSpec.cc,118,88,122,},obj1 =,        obj1 =,0.004026164766401,"[[436, 6528, 16, 405]]","[-0.4068496823310852, -0.24871985614299774, -0.00032217081752605736, -0.0025119201745837927]",12.4598970413208,False,0.0,-0.6584036294661928,-0.1646009073665482,4.0,-0.6584036294661928,-0.1646009073665482,4.0,0.029755202391533415,1,2,3,3,0.6666666666666666,-0.024460161434196544,-1.0794009814566092,True,1,0.25,6.0,0.0,2.0,1.7124115424486444
~/anvil/data/cve-targets/libsndfile_repo_src_wavlike.c,388,382,391,"psf_binheader_writef (psf, ""422b"", BHW4 (subformat->esf_field1),","psf->write_guid (psf, BHWv (subformat->esf_field1),","	psf->write_guid (psf, BHWv (subformat->esf_field1),",1.3535326719284058,"[[184, 829, 69, 12, 29, 6449, 62, 3425, 304, 334, 829, 69, 11, 380, 39, 54, 85, 334, 1580, 7697, 12, 29, 257, 69, 62, 3267, 16, 650, 32014]]","[-0.405903160572052, -0.9479553699493408, -0.007906804792582989, -0.7025205492973328, -0.0014093714999035, -2.3285210132598877, -0.6795063018798828, -0.6814523339271545, -0.0012752028414979577, -0.7012473344802856, -0.030118321999907494, -0.00029559535323642194, -0.15915298461914062, -0.3396570086479187, -0.020215781405568123, -0.01811893843114376, -1.2878001928329468, -0.016902556642889977, -0.12954330444335938, -4.160317621426657e-05, -0.0007512131123803556, -3.504691630951129e-05, -0.049520548433065414, -0.0005554801900871098, -0.0029678368009626865, -0.5337467193603516, -0.2598668932914734, -0.01354350708425045, -0.051981646567583084]",1.9863276481628416,False,0.0,-9.320530975241127,-0.3328761062586117,28.0,-9.320530975241127,-0.3328761062586117,28.0,0.26668424900904303,0,20,18,18,1.1111111111111112,-4.066175512389721,-1.2037395397414243,True,33,1.1785714285714286,23.0,0.7478260869565218,9.0,1.7849337771737994
~/anvil/data/cve-targets/libtiff_repo_libtiff_tif_dir.c,113,82,118,},},	},0.1430197358131408,"[[1839, 32014]]","[-0.14301984012126923, -0.29091233015060425]",6.809202194213867,True,0.0,-0.14301984012126923,-0.14301984012126923,1.0,-0.14301984012126923,-0.14301984012126923,1.0,0.0,1,2,2,2,1.0,-0.9999992706737169,-1.0670108390623054,False,1,1.0,0.0,1.0,0.0,0.7904461961467523
~/anvil/data/cve-targets/libsndfile_repo_src_common.c,599,470,684,"memcpy (&(psf->header.ptr [psf->header.indx]), strptr, size) ;","memcpy (&(psf->header.ptr [psf->header.indx]), strptr, size) ;","					memcpy (&(psf->header.ptr [psf->header.indx]), strptr, size) ;",0.0071728914044797,"[[1076, 184, 7253, 66, 4016, 334, 5, 7, 829, 69, 12, 29, 7301, 13, 8856, 821, 829, 69, 12, 29, 7301, 13, 513, 87, 60, 650, 1401, 8856, 11, 2398, 8, 6203, 32014]]","[-0.019587190821766853, -0.03500750660896301, -0.03034767508506775, -0.0016797969583421946, -5.364403477869928e-06, -0.0006611545104533434, -0.003881303360685706, -0.005445527844130993, -7.676783570786938e-05, -2.3841855067985307e-07, -2.992108420585282e-05, -7.152555099310121e-07, -2.0265373677830212e-05, -1.6093124941107817e-05, -1.6331539882230572e-05, -0.0012982996413484216, -0.0002277830062666908, -1.1920928244535389e-07, -7.152531907195225e-06, 0.0, -5.722029527532868e-06, -3.2186455882765586e-06, -5.960446742392378e-06, -3.576278118089249e-07, -0.005772942211478949, -6.05564855504781e-05, -0.0017507239244878292, -1.7762025890988298e-05, -0.0006394725642167032, -0.010805783793330193, -0.18003074824810028, -0.0002530493075028062, -0.14571210741996765]",8.608332633972168,True,0.0,-0.2976555039243962,-0.009301734497637382,32.0,-0.2976555039243962,-0.009601790449174072,31.0,0.001011746221144915,1,35,35,35,1.0,-0.74703686176537,-1.0200818505566644,False,30,0.9375,0.0,1.0,0.0,1.303884889987173
~/anvil/data/cve-targets/libxml2_repo_valid.c,1207,1186,1278,if (size - len < xmlStrlen(content->prefix) + 10) {,if (size - len < xmlStrlen(content->prefix) + 10) {,		if (size - len < xmlStrlen(content->prefix) + 10) {,0.0505970939993858,"[[184, 2944, 334, 3017, 567, 10405, 1013, 11815, 6624, 6446, 7, 5064, 12, 29, 18410, 8, 4536, 16, 15, 8, 507, 32014]]","[-1.1985505819320679, -0.5150327682495117, -0.18180349469184875, -0.11817566305398941, -0.007482124026864767, -0.006676983088254929, -0.05130510777235031, -0.07492870837450027, -0.0003797286772169173, -0.0001597276859683916, -0.02708113193511963, -0.0008319730986841023, -2.5152843591058627e-05, -2.3841855067985307e-07, -0.0018147443188354373, -0.0070937201380729675, -0.00998301524668932, -0.4124482572078705, -0.051305901259183884, -0.0034777179826050997, -0.001729184528812766, -0.1440252810716629]",4.902082443237305,True,0.0,-2.6702859245305888,-0.12715647259669471,21.0,-2.6702859245305888,-0.12715647259669471,21.0,0.0757738889770957,1,27,27,27,1.0,-0.3979120603625569,-1.1191160408993042,False,20,0.9523809523809523,0.0,1.0,0.0,0.8631186944966893
~/anvil/data/cve-targets/libxml2_repo_valid.c,4300,4193,4382,},},    },0.0004377598816063,"[[315, 611, 32014]]","[-0.01016817893832922, -0.0003924791526515037, -0.5259774327278137]",5.579165935516357,True,0.0,-0.010560658090980724,-0.005280329045490362,2.0,-0.010560658090980724,-0.005280329045490362,2.0,2.3891076574924836e-05,1,2,2,2,1.0,-0.08290390197939777,-1.1003320932351572,False,1,0.5,0.0,1.0,0.0,0.6354397181940081
~/anvil/data/cve-targets/libsndfile_repo_src_alaw.c,308,301,313,if (ptr [i] >= 0),if (ptr [i] >= 0),		if (ptr [i] >= 0),0.0734613835811615,"[[184, 2944, 334, 8856, 821, 72, 60, 16684, 15, 8, 32014]]","[-0.012464598752558231, -0.2209552377462387, -0.026062848046422005, -0.04733004420995712, -0.0053258915431797504, -0.0005712069687433541, -0.0007849234389141202, -0.35818538069725037, -0.005595734342932701, -0.00918000377714634, -0.032032255083322525]",5.034027099609375,True,0.0,-0.6864558695233427,-0.06864558695233428,10.0,-0.6864558695233427,-0.06864558695233428,10.0,0.013321548152281676,1,17,17,17,1.0,-1.0701544970716208,-1.1154305881520785,False,9,0.9,0.0,1.0,0.0,0.7683096633716556
~/anvil/data/cve-targets/php_repo_ext_phar_util.c,1445,1252,1478,PHP_MD5_CTX   context;,PHP_MD5_CTX context;,			PHP_MD5_CTX context;,0.0004276011604815,"[[459, 184, 24080, 62, 14821, 20, 62, 2068, 55, 3723, 26, 32014]]","[-0.0007273888913914561, -0.00042572495294734836, -0.0011872155591845512, -6.282132380874828e-05, -0.00020001317898277193, -3.766942609217949e-05, -0.0009919252479448915, -0.00027092601521871984, -2.145764938177308e-06, -0.5952715277671814, -0.0004032037395518273, -0.0063495091162621975]",13.125000953674316,False,0.0,-0.5995805618672421,-0.054507323806112916,11.0,-0.5995805618672421,-0.054507323806112916,11.0,0.02924273136537123,1,5,5,5,1.0,-0.00784483864961914,-1.0974988721052132,True,10,0.9090909090909091,2.0,0.9523809523809523,0.0,1.6798318367042444
~/anvil/data/cve-targets/php_repo_ext_phar_phar.c,1300,1190,1319,"mydata->alias = alias ? estrndup(alias, alias_len) : estrndup(mydata->fname, fname_len);","mydata->alias = alias ? expand_filepath(alias, NULL) : mydata->fname;","		mydata->alias = alias ? expand_filepath(alias, NULL) : mydata->fname;
		if (alias && mydata->alias == NULL) {
			zend_hash_str_del(&(PHAR",0.2852257788181305,"[[184, 184, 2589, 2448, 12, 29, 20768, 405, 19867, 3015, 7682, 62, 2800, 3261, 7, 20768, 11, 4579, 8, 1191, 597, 2448, 12, 29, 69, 1523, 26, 185, 184, 2944, 334, 20768, 2956, 597, 2448, 12, 29, 20768, 2312, 4579, 8, 507, 185, 459, 184, 89, 408, 62, 12236, 62, 2006, 62, 7776, 9299, 7, 11914, 1522]]","[-0.10114168375730515, -0.2477535456418991, -0.17124122381210327, -2.777537883957848e-05, -3.981510963058099e-05, -3.576278118089249e-07, -0.11235517263412476, -0.016050653532147408, -0.2482270449399948, -0.3234063684940338, -1.0615756511688232, -0.0001867835089797154, -0.0321965292096138, -0.00019751029321923852, -0.011677835136651993, -0.006822505500167608, -0.0007049936102703214, -0.053717199712991714, -0.00506344810128212, -0.0007003477076068521, -0.6673039793968201, -0.00010430268594063818, -9.500529267825186e-05, -2.145764938177308e-06, -0.0006033745594322681, -4.410734163684538e-06, -0.002790487837046385, -0.7022990584373474, -0.012256307527422905, -0.37948960065841675, -0.26541855931282043, -0.6755913496017456, -0.47496652603149414, -0.8995966911315918, -5.245195097813848e-06, -0.0007619338575750589, -2.3841855067985307e-07, -0.026335977017879486, -0.10471190512180328, -0.04041801393032074, -0.004266802221536636, -0.0008911690674722195, -0.0027751526795327663, -0.001848180778324604, -0.19047033786773682, -0.6152926087379456, -0.0014636528212577105, -2.264974000354414e-06, -0.0014735327567905188, -5.125986263010418e-06, -0.0011805477552115917, -2.861018856492592e-06, -0.0062303366139531136, -0.00043084874050691724, -0.0013667537132278085, -5.924526340095326e-05, -7.152555099310121e-07]",11.011981010437012,False,2.0,-7.4736016936421095,-0.13111581918670367,57.0,-3.7785455171132867,-0.13029467300390643,29.0,0.06405006590343533,0,32,47,26,0.6808510638297872,-2.1890824255691483,-1.0410276389776285,True,35,0.6140350877192983,39.0,0.6878980891719746,10.0,2.2595861617814217
~/anvil/data/cve-targets/poppler_repo_poppler_FileSpec.cc,121,88,122,desc = obj1.getString()->copy();,desc = obj1.getString()->copy();,"        desc = obj1.getString()->copy();
    obj1 = fileSpec",0.0460544675588607,"[[436, 1774, 405, 6528, 16, 13, 24657, 10962, 29, 11792, 1293, 185, 315, 6528, 16, 405, 1753, 7396]]","[-0.0029913701582700014, -0.017887583002448082, -0.003973447252064943, -0.023943092674016953, -0.00033539868309162557, -0.0003985564399044961, -0.21822740137577057, -0.10642022639513016, -1.3351351299206726e-05, -0.005719486624002457, -0.004650965798646212, -0.11390179395675659, -0.6394805908203125, -1.3581851720809937, -0.00362489465624094, -0.0070208036340773106, -0.0386306457221508, -0.006954748183488846]",10.41736125946045,True,1.0,-2.5523595288086653,-0.14179775160048141,18.0,-1.1379432645317138,-0.08753409727167029,13.0,0.029401635462410983,1,21,27,21,0.7777777777777778,-0.5261317474483839,-1.025666705893241,False,10,0.5555555555555556,0.0,1.0,0.0,1.1337078258596487
~/anvil/data/cve-targets/openssl_repo_ssl_t1_lib.c,1715,1599,1840,if (eticklen < 48) {,if (eticklen <= TLSEXT_KEYNAME_LENGTH +,    if (eticklen <= TLSEXT_KEYNAME_LENGTH +,1.151795744895935,"[[315, 562, 334, 290, 767, 6446, 14443, 323, 43, 1871, 15232, 62, 14153, 8648, 62, 1535, 30451, 945]]","[-0.0013719918206334114, -0.024432038888335228, -0.04400532320141792, -0.11540354788303375, -5.960462772236497e-07, -0.0004320403386373073, -0.6955136656761169, -0.5672871470451355, -0.00025459862081333995, -1.6689286894688848e-06, -0.00023457636416424066, -2.145764938177308e-06, -0.001022650278173387, -7.617183291586116e-05, -7.510157047363464e-06, -1.3589766240329482e-05, -2.50339189733495e-06, -0.05711815878748894]",14.648612022399902,False,0.0,-1.5071799247919557,-0.08373221804399754,18.0,-1.5071799247919557,-0.08373221804399754,18.0,0.0388039747172202,1,13,7,7,1.8571428571428572,-13.755705650729542,-1.140109277182733,True,10,0.5555555555555556,23.0,0.5423728813559322,9.0,1.8889328501863574
~/anvil/data/cve-targets/sqlite3_repo_src_vdbe.c,5755,5600,5905,"** seek operation now, without further delay.  If the cursor seek has","** deferred seek.  If no deferred seek has been initiated, or if the seek","** deferred seek.  If no deferred seek has been initiated, or if the seek",2.525496006011963,"[[742, 972, 11366, 9852, 13, 207, 1271, 637, 972, 11366, 9852, 638, 798, 10240, 612, 11, 409, 562, 254, 9852, 32014]]","[-0.00046850196667946875, -0.8069438934326172, -0.010673223994672298, -0.06693549454212189, -0.6774051785469055, -0.1849592924118042, -0.4273974895477295, -0.8526216745376587, -0.5160203576087952, -0.021963685750961304, -0.058314625173807144, -1.0991857051849365, -0.92648845911026, -1.7176284790039062, -0.0012859179405495524, -0.9854787588119507, -1.0395824909210205, -0.25504574179649353, -0.5096163749694824, -0.605027973651886, -0.08556902408599854]",18.28580665588379,False,0.0,-10.763043318904238,-0.5381521659452119,20.0,-10.763043318904238,-0.5381521659452119,20.0,0.21480167110089213,0,19,21,21,0.9047619047619048,-4.692903170938976,-1.2486387785994004,True,15,0.75,56.0,0.45070422535211263,18.0,1.8883242872893835
~/anvil/data/cve-targets/openssl_repo_crypto_pkcs7_pk7_doit.c,601,587,741,const PKCS7_CTX *p7_ctx;,PKCS7_CTX *p7_ctx = PKCS7_get_ctx(p,    PKCS7_CTX *p7_ctx = PKCS7_get_ctx(p,0.3990921676158905,"[[315, 28932, 9775, 22, 62, 2068, 55, 572, 79, 22, 62, 12511, 405, 28932, 9775, 22, 62, 703, 62, 12511, 7, 79]]","[-0.07406662404537201, -1.3137263059616089, -0.0005162813467904925, -0.00018463814922142774, -0.031468234956264496, -0.285490483045578, -0.00032026408007368445, -0.046591755002737045, -0.005466749891638756, -2.7179348762729205e-05, -0.00024232311989180744, -0.00025281094713136554, -0.16272850334644318, -0.7059600949287415, -0.00023469554434996098, -0.00016830935783218592, -0.00011181206355104223, -0.05428202450275421, -0.5292479991912842, -0.1028398647904396, -0.008082066662609577, -0.0010627818992361426]",10.05486011505127,False,0.0,-3.3230718021823122,-0.15104871828101418,22.0,-3.3230718021823122,-0.15104871828101418,22.0,0.09693936326639427,1,9,9,9,1.0,-2.6421420330982954,-1.0164135637885692,True,13,0.5909090909090909,24.0,0.576271186440678,7.0,2.1147509022311817
~/anvil/data/cve-targets/openssl_repo_crypto_evp_encode.c,151,139,193,if ((ctx->num + inl) < ctx->length) {,if (ctx->num + inl < ctx->length) {,    if (ctx->num + inl < ctx->length) {,0.2225188314914703,"[[315, 562, 334, 12511, 12, 29, 6487, 945, 279, 75, 1013, 20803, 12, 29, 4082, 8, 507, 32014]]","[-0.0639214739203453, -0.13194312155246735, -0.2769300937652588, -0.23924964666366577, -0.016893532127141953, -3.576278118089249e-07, -0.06724148988723755, -0.2906619608402252, -0.00285705691203475, -2.0265558760002023e-06, -0.012597627937793732, -0.0026022878009825945, -4.768360213347478e-06, -4.768370445162873e-07, -0.004788953345268965, -0.009937810711562634, -0.0005246216314844787, -0.10358057171106339]",11.324652671813965,False,0.0,-1.1201573064764148,-0.06589160626331851,17.0,-1.1201573064764148,-0.06589160626331851,17.0,0.010070790435848503,1,25,22,22,1.1363636363636365,-3.377043664745889,-1.0491970226002072,True,17,1.0,2.0,0.9722222222222222,3.0,2.1354542080687495
~/anvil/data/cve-targets/php_repo_ext_phar_zip.c,390,165,664,if (read != entry.uncompressed_filesize) {,if (read != entry.uncompressed_filesize) {,"			if (read != entry.uncompressed_filesize) {
				php_stream_close(",0.0394648313522338,"[[459, 2944, 334, 1187, 2069, 28, 6048, 13, 309, 685, 11330, 62, 9099, 938, 8, 507, 185, 1749, 184, 4431, 62, 6832, 62, 7428, 7]]","[-0.005073292646557093, -0.19242630898952484, -0.07967007905244827, -0.1251494586467743, -0.1264888495206833, -0.0015051951631903648, -0.00950596109032631, -1.0847986231965479e-05, -0.000316927267704159, -1.311301275563892e-06, -2.3841855067985307e-07, -5.960462772236497e-07, -7.152531907195225e-06, -6.55629628454335e-05, -0.05963343009352684, -0.0006198153714649379, -0.47469112277030945, -0.0034901914186775684, -0.08238702267408371, -0.3479248285293579, -1.2040065485052764e-05, -6.782778655178845e-05, -7.271740287251305e-06, -0.017340127378702164, -0.00035446559195406735]",10.103515625,True,1.0,-1.5267499250446974,-0.0610699970017879,25.0,-1.1610433639523592,-0.0611075454711768,19.0,0.012626051528254606,1,16,15,16,1.0666666666666667,-0.6458258312935933,-1.017650669042495,False,15,0.6,0.0,1.0,0.0,1.104478346362878
~/anvil/data/cve-targets/sqlite3_repo_src_expr.c,5730,5707,5837,"assert( !ExprHasProperty(pExpr, EP_TokenOnly|EP_Reduced) );","/* If the table is in the FROM clause, then it is an aggregate","          /* If the table is in the FROM clause, then it is an aggregate
          ** column.  If it is not in the FROM clause, then it is",0.3706932961940765,"[[1574, 4535, 1271, 254, 2365, 317, 279, 254, 7432, 12363, 11, 930, 359, 317, 274, 25658, 185, 1574, 9220, 3812, 13, 207, 1271, 359, 317, 441, 279, 254, 7432, 12363, 11, 930, 359, 317]]","[-0.0267043299973011, -0.40905138850212097, -1.4263694286346436, -1.030282735824585, -1.3236325979232788, -1.484140157699585, -1.0664851665496826, -0.10836654901504517, -0.08475944399833679, -0.04423801228404045, -0.7905451655387878, -1.0116631984710693, -2.0256829261779785, -0.9000926613807678, -1.5355085134506226, -0.3018001914024353, -0.5358941555023193, -0.000536655425094068, -0.004878285340964794, -0.7446550130844116, -0.7397002577781677, -0.9159578680992126, -2.036738157272339, -1.0743207931518555, -0.07354255020618439, -0.4679347276687622, -0.7999039888381958, -0.03626921772956848, -0.06595756858587265, -0.012402080930769444, -0.09882696717977524, -0.30704423785209656, -0.18423376977443695, -0.2197522670030594]",6.36614465713501,False,1.0,-21.887871028273366,-0.6437609125962754,34.0,-14.105753277777694,-0.7836529598765386,18.0,0.3678343471168304,0,21,38,18,0.5526315789473685,-0.47303247122613784,-1.078895215700014,True,21,0.6176470588235294,57.0,0.23140495867768596,24.0,2.0171491110015003
~/anvil/data/cve-targets/php_repo_ext_phar_phar.c,905,632,1125,if (manifest_len < 10 + tmp_len),tmp_len = *buffer++;,"	tmp_len = *buffer++;
	if (buffer + tmp_len > endbuffer)",0.89640212059021,"[[184, 10801, 62, 6446, 405, 572, 10401, 3868, 26, 185, 2944, 334, 10401, 945, 20308, 62, 6446, 1938, 1223, 10401, 8]]","[-0.5250382423400879, -0.4920099079608917, -8.583032467868179e-06, -6.079655122448457e-06, -0.023235198110342026, -0.612356424331665, -0.5383729934692383, -0.3581482172012329, -0.02593589574098587, -0.14519664645195007, -0.11020414531230927, -0.17056377232074738, -0.5166330933570862, -0.03599913418292999, -0.011207601986825466, -3.576278118089249e-07, 0.0, -0.027625136077404022, -0.0014435357879847288, -3.3378546504536644e-06, -0.022948753088712692]",5.084896087646484,False,1.0,-3.616937055890446,-0.17223509789954505,21.0,-2.720308188293984,-0.2720308188293984,10.0,0.05931218688936737,1,15,25,11,0.6,-3.295222667959472,-1.114012969122581,True,13,0.6190476190476191,25.0,0.3076923076923077,15.0,1.9459746651092076
~/anvil/data/cve-targets/libtiff_repo_libtiff_tif_dirread.c,5699,5652,5716,newoffsets[i] = offset;,newoffsets[i] = offset;,        newoffsets[i] = offset;,0.0143682546913623,"[[436, 756, 9668, 82, 58, 72, 60, 405, 8813, 26, 32014]]","[-0.005115041043609381, -0.09016938507556915, -0.0012859179405495524, -4.410734163684538e-06, -0.0001134808044298552, -2.47952248173533e-05, -0.00047052756417542696, -0.0009748950251378119, -0.024574652314186096, -0.008422449231147766, -0.2274002581834793]",8.666840553283691,True,0.0,-0.13115555495778608,-0.013115555495778608,10.0,-0.13115555495778608,-0.013115555495778608,10.0,0.0007114193791169229,1,12,12,12,1.0,-1.0955124772249933,-1.018590869584834,False,10,1.0,0.0,1.0,0.0,1.049650575812136
~/anvil/data/cve-targets/openssl_repo_crypto_rsa_rsa_ameth.c,832,677,982,};,};,};,0.0242489166557788,"[[3871, 32014]]","[-0.024249032139778137, -0.14352433383464813]",6.44570255279541,True,0.0,-0.024249032139778137,-0.024249032139778137,1.0,-0.024249032139778137,-0.024249032139778137,1.0,0.0,0,4,4,4,1.0,-0.9999952375831468,-1.0767514824680464,False,1,1.0,0.0,1.0,0.0,0.7495719925814458
~/anvil/data/cve-targets/libtiff_repo_libtiff_tif_pixarlog.c,213,160,226,},},	    },7.235741941258311e-05,"[[10212, 611, 32014]]","[-0.0013105622492730618, -7.283422019099817e-05, -0.2525598704814911]",11.516016006469728,True,0.0,-0.00138339646946406,-0.00069169823473203,2.0,-0.00138339646946406,-0.00069169823473203,2.0,3.829926684938424e-07,0,2,2,2,1.0,-0.104608362114174,-1.0542284945181934,False,1,0.5,0.0,1.0,0.0,0.8030187060988225
~/anvil/data/cve-targets/sqlite3_repo_src_select.c,2116,2093,2124,"sqlite3ColumnsFromExprList(pParse, pSelect->pEList, &pTab->nCol, &pTab->aCol);",pTab->nColLogEst = 200; assert( 200==sqlite3LogEst(1048576) );,"  pTab->nColLogEst = 200; assert( 200==sqlite3LogEst(1048576) );
  pTab->nCol = pSelect->nCol;
  p",0.733143150806427,"[[207, 265, 14249, 12, 29, 77, 2608, 5136, 5207, 1412, 17, 15, 15, 26, 4409, 7, 207, 17, 15, 15, 780, 6204, 547, 18, 5136, 5207, 7, 16, 15, 19, 23, 20, 22, 21, 8, 4363, 185, 207, 265, 14249, 12, 29, 77, 2608, 405, 265, 6330, 12, 29, 77, 2608, 26, 185, 207, 265]]","[-0.008175479248166084, -0.19352556765079498, -0.007146155461668968, -0.002339128637686372, -4.291525328881107e-06, -1.2659143209457397, -0.8198383450508118, -0.7125835418701172, -0.010064921341836452, -0.43386420607566833, -0.9463834762573242, -0.11248993128538132, -0.5357778668403625, -0.05752464383840561, -0.7245739698410034, -0.00016675988445058465, -0.008263327181339264, -0.005152636673301458, -0.0005222387262620032, -0.0004094000905752182, -0.0024070357903838158, -0.00201261043548584, -3.4570634852570947e-06, -0.000482442817883566, -0.0027051304932683706, -0.0002584123576525599, -0.0011972171487286687, -0.1554507464170456, -0.03304967284202576, -0.2367127388715744, -0.001334967790171504, -0.0006429274217225611, -0.0008688965463079512, -0.0014030622551217675, -0.013775398023426533, -0.0003895000845659524, -0.38996410369873047, -0.013366141356527805, -0.32514679431915283, -0.011148895137012005, -0.00419557886198163, -2.622600959512056e-06, -1.037214994430542, -1.1896392107009888, -0.811130702495575, -0.627903938293457, -0.05503372848033905, -0.014955306425690651, -1.168244216387393e-05, -0.708158016204834, -1.0430490970611572, -0.3557288348674774, -0.237934410572052, -0.004911856725811958, -0.16810142993927002]",10.334376335144045,False,2.0,-13.295011769398798,-0.24172748671634178,55.0,-6.700744669840333,-0.1763353860484298,38.0,0.09958699459076818,0,28,41,26,0.6829268292682927,-4.1576632304821235,-1.0235410397846114,True,35,0.6363636363636364,65.0,0.27142857142857146,30.0,2.3839905937429298
~/anvil/data/cve-targets/php_repo_ext_phar_phar.c,1074,632,1125,if (mydata->ext) {,if (mydata->ext) {,		if (mydata->ext) {,0.0345156155526638,"[[184, 2944, 334, 2589, 2448, 12, 29, 1730, 8, 507, 32014]]","[-0.046788692474365234, -0.04063059389591217, -0.05265885591506958, -0.01397690735757351, -1.1920928244535389e-07, -0.00010287232726113871, -3.6954811548639555e-06, -0.0004094000905752182, -0.20443788170814514, -0.004603383596986532, -0.28642433881759644]",15.573784828186035,True,0.0,-0.36361240205632583,-0.03636124020563258,10.0,-0.36361240205632583,-0.03636124020563258,10.0,0.0035403154879119617,0,13,13,13,1.0,-0.949241977376699,-1.1667865540183264,False,9,0.9,0.0,1.0,0.0,0.5268484707108829
~/anvil/data/cve-targets/openssl_repo_crypto_asn1_tasn_enc.c,20,-135,170,"unsigned char **out,","unsigned char **out, int tag, int","                             unsigned char **out, int tag, int",0.2082548439502716,"[[12788, 13680, 1555, 9220, 406, 11, 1097, 7615, 11, 1097]]","[-0.8558834791183472, -1.0467684268951416, -0.007046372629702091, -0.08046608418226242, -0.3270568251609802, -0.01754724606871605, -0.5876564383506775, -0.7047020196914673, -0.02137458510696888, -0.15180175006389618]",4.441839694976807,False,0.0,-3.8003032272681594,-0.3800303227268159,10.0,-3.8003032272681594,-0.3800303227268159,10.0,0.13632743925568097,0,10,16,16,0.625,-0.5479953348353606,-1.1320670315696106,True,5,0.5,13.0,0.7547169811320755,7.0,1.660240978682291
~/anvil/data/cve-targets/libxml2_repo_valid.c,501,437,514,case XML_ENTITY_DECL:,case XML_ENTITY_DECL:,	case XML_ENTITY_DECL:,0.0050262087024748,"[[14288, 17170, 62, 4208, 10843, 62, 2505, 6787, 25, 32014]]","[-0.004245079588145018, -0.0003295593778602779, -3.576272320060525e-06, -0.03929300233721733, -7.152555099310121e-07, -2.0265558760002023e-06, -4.160317621426657e-05, 0.0, -6.09140915912576e-05, -0.0702240839600563]",10.348785400390623,True,0.0,-0.04397647665473414,-0.0048862751838593494,9.0,-0.04397647665473414,-0.005497059581841768,8.0,0.00014968818166369546,0,5,5,5,1.0,-0.914344956179425,-1.0239098129422,False,9,1.0,0.0,1.0,0.0,0.9485453034253348
~/anvil/data/cve-targets/lua_repo_ldo.c,330,309,331,L->oldpc = ci->previous->u.l.savedpc;,ci->previous->u.l.savedpc += ci->u.l.savedpc - ci->previous->u,    ci->previous->u.l.savedpc += ci->u.l.savedpc - ci->previous->u,0.3169209957122803,"[[315, 4533, 12, 29, 28101, 12, 29, 84, 13, 75, 13, 82, 12614, 6338, 8528, 4533, 12, 29, 84, 13, 75, 13, 82, 12614, 6338, 567, 4533, 12, 29, 28101, 12, 29, 84]]","[-0.006474352441728115, -0.69313645362854, -0.040362484753131866, -0.00014709345123264939, -0.22927506268024445, -0.06404313445091248, -1.4543427823809907e-05, -0.4436311423778534, -0.0014553203945979476, -0.1315525323152542, -0.0022169791627675295, -1.2951948642730713, -0.001128275180235505, -0.0017890414455905557, -0.7635316252708435, -1.7545418739318848, -0.000726316764485091, -0.0003297977091278881, -0.9307078123092651, -0.00028224775451235473, -0.014703248627483845, -0.0002996472467202693, -0.35669058561325073, -0.0118694007396698, -0.06622392684221268, -0.7177245020866394, -0.39804309606552124, -0.0006728292210027575, -8.05822346592322e-05, -1.0399651527404785, -0.0011437548091635108, -3.671578815556131e-05, -0.4546976089477539]",7.757855892181396,False,0.0,-9.422692004685814,-0.2855361213541156,33.0,-9.422692004685814,-0.2855361213541156,33.0,0.19276809555840657,1,22,37,37,0.5945945945945946,-1.109915600903053,-1.0420029644255002,True,20,0.6060606060606061,45.0,0.505050505050505,25.0,2.149922280121801
~/anvil/data/cve-targets/libxml2_repo_HTMLparser.c,6620,6607,6631,htmlCtxtReset(ctxt);,if (encoding != NULL),"    if (encoding != NULL)
        ctxt->input",1.1674540042877195,"[[315, 562, 334, 30521, 2069, 28, 4579, 8, 185, 436, 258, 9313, 12, 29, 3584]]","[-0.14126820862293243, -1.1639575958251953, -0.2924841344356537, -1.0788861513137817, -0.700226366519928, -0.0006268443539738655, -0.0015086471103131771, -0.09096349775791168, -0.4398306906223297, -0.03073062002658844, -0.7897883057594299, -0.00010656742961145937, -0.008543252013623714, -5.8412379075889476e-06, -0.7053502798080444]",6.928168296813965,False,1.0,-5.444277002837225,-0.36295180018914835,15.0,-3.940482756588608,-0.3940482756588608,10.0,0.17645452512072593,0,9,17,13,0.5294117647058824,-2.962718216024929,-1.0638421005301177,True,8,0.5333333333333333,21.0,0.14634146341463417,11.0,2.124555146335521
~/anvil/data/cve-targets/php_repo_ext_phar_phar.c,846,632,1125,efree(savebuf);,efree(savebuf);,					efree(savebuf);,0.0001761069433996,"[[1076, 184, 811, 754, 7, 13766, 9455, 477, 32014]]","[-0.00026258357684127986, -0.0006498370785266161, -0.0004986473359167576, -4.768370445162873e-07, -1.0967194612021558e-05, -0.0003507714136503637, -4.172316494077677e-06, -3.194758028257638e-05, -0.009777040220797062]",16.227256774902344,True,0.0,-0.0018094033333682091,-0.00022617541667102614,8.0,-0.0018094033333682091,-0.00022617541667102614,8.0,5.685551546218588e-08,0,9,9,9,1.0,-0.7786299059006438,-1.1860046648167062,False,6,0.75,0.0,1.0,0.0,0.4033563192358524
~/anvil/data/cve-targets/lua_repo_lstate.c,220,200,221,L->errfunc = 0;,L->top = luaD_fake(L);,  L->top = luaD_fake(L); ,0.7363284230232239,"[[207, 412, 12, 29, 2277, 405, 284, 5713, 35, 62, 30719, 7, 43, 477, 207]]","[-0.17310911417007446, -0.22085335850715637, -0.0046563055366277695, -4.494089080253616e-05, -1.8292747735977173, -0.22730739414691925, -0.6727166175842285, -0.034837592393159866, -0.18029507994651794, -5.817244164063595e-05, -0.9947196245193481, -1.137374997138977, -0.04807835444808006, -0.2765282988548279, -0.6977502107620239]",9.876779556274414,False,0.0,-6.497604834938102,-0.4331736556625401,15.0,-6.497604834938102,-0.4331736556625401,15.0,0.2664719792637056,1,10,15,15,0.6666666666666666,-1.6998458087138466,-1.0118985343484252,True,8,0.5333333333333333,17.0,0.3783783783783784,7.0,2.2225413034547237
~/anvil/data/cve-targets/php_repo_ext_intl_msgformat_msgformat_parse.c,80,57,115,},},"	}
	/*",0.0080541595816612,"[[1839, 185, 12740]]","[-0.008054159581661224, -0.5313946008682251, -0.6341781616210938]",9.781944274902344,True,1.0,-1.17362692207098,-0.39120897402366,3.0,-0.5394487604498863,-0.26972438022494316,2.0,0.06847130437150385,1,2,4,2,0.5,-0.029860702895838483,-1.0095022840286785,False,1,0.3333333333333333,0.0,1.0,0.0,0.9675688392663465
~/anvil/data/cve-targets/php_repo_ext_phar_phar.c,986,632,1125,if (entry.filename_len + 20 > endbuffer - buffer) {,if (buffer + entry.filename_len > endbuffer) {,		if (buffer + entry.filename_len > endbuffer) {,0.8256217241287231,"[[184, 2944, 334, 10401, 945, 6048, 13, 17464, 62, 6446, 1938, 1223, 10401, 8, 507, 32014]]","[-0.02120840735733509, -0.22567130625247955, -0.08573184907436371, -0.48623499274253845, -0.05986475944519043, -0.008116122335195541, -1.2755313036905136e-05, -4.327203714638017e-05, -6.318072337307967e-06, -1.6689286894688848e-06, -0.058422576636075974, -0.0007731309160590172, -5.483612312673358e-06, -0.04048418253660202, -0.009124367497861385, -0.5235595107078552]",12.855731010437012,False,0.0,-0.9957011927572239,-0.06638007951714826,15.0,-0.9957011927572239,-0.06638007951714826,15.0,0.0158561806702715,1,22,19,19,1.1578947368421053,-12.437793538879937,-1.0901355972941524,True,17,1.1333333333333333,23.0,0.7628865979381443,7.0,2.095563188212895
~/anvil/data/cve-targets/php_repo_ext_phar_phar.c,174,159,201,if (phar->signature) {,if (phar->signature) {,	if (phar->signature) {,0.0441117137670517,"[[2944, 334, 690, 268, 12, 29, 26430, 8, 507, 32014]]","[-0.02269846946001053, -0.00416661286726594, -0.005333836190402508, -4.768370445162873e-07, -0.000491021724883467, -1.4305104514278355e-06, -0.34019356966018677, -0.043302930891513824, -0.0005306981038302183, -0.014629358425736427]",7.43125057220459,True,0.0,-0.4167190462455892,-0.04630211624950991,9.0,-0.4167190462455892,-0.04630211624950991,9.0,0.010985932074610176,0,13,13,13,1.0,-0.9526932533568291,-1.0505458868019573,False,9,1.0,0.0,1.0,0.0,0.9518593250083615
~/anvil/data/cve-targets/php_repo_ext_phar_phar.c,698,632,1125,"if (manifest_len < 10 || manifest_len != php_stream_read(fp, buffer, manifest_len)) {","if (manifest_len != php_stream_read(fp, buffer, manifest_len)) {","	if (manifest_len != php_stream_read(fp, buffer, manifest_len)) {
		MAPPHAR_ALLOC_FAIL(""internal corruption of phar \""%s\"" (",0.2921505272388458,"[[2944, 334, 31260, 62, 6446, 2069, 28, 15656, 62, 6832, 62, 1187, 7, 25644, 11, 9421, 11, 11759, 62, 6446, 1435, 507, 185, 184, 184, 26959, 11914, 1522, 62, 1743, 21826, 62, 5684, 4470, 1195, 11975, 24668, 280, 1118, 268, 23838, 4, 82, 7757, 334]]","[-0.23941047489643097, -0.10937976092100143, -0.2708123028278351, -2.622600959512056e-06, -0.00024327656137757003, -0.27464765310287476, -0.0036050586495548487, -0.08216787129640579, -3.218599158572033e-05, -0.0002379134384682402, -6.198863957251888e-06, -0.0014288941165432334, -0.0007757514831610024, -0.002160121686756611, -6.961580220377073e-05, -0.014662603847682476, -0.009625924751162529, -0.007078924216330051, -1.6689286894688848e-06, -9.775113539944869e-06, -0.01716741919517517, -0.008034056052565575, -0.024118823930621147, -0.0012341272085905075, -0.04160865768790245, -0.4543269872665405, -1.0371154530730564e-05, -3.3378546504536644e-06, -5.817244164063595e-05, -0.5783421397209167, -2.6225699912174605e-05, -5.781483559985645e-05, -4.351044481154531e-05, -4.660974445869215e-05, -0.000949885172303766, -0.11305756121873856, -0.0011711412807926536, -0.0026276130229234695, -0.0014179424615576863, -3.40932747349143e-05, -0.003708629636093974, -4.1483970562694594e-05, -4.386805812828243e-05, -0.00596398301422596, -0.017822125926613808]",6.902951717376709,False,1.0,-2.2882751793711122,-0.05085055954158027,45.0,-1.1085216831713751,-0.04434086732685501,25.0,0.0071481066972159755,1,28,27,22,1.037037037037037,-6.588741827833059,-1.0645129734428185,True,29,0.6444444444444445,21.0,0.8590604026845637,6.0,2.1303649809049663
~/anvil/data/cve-targets/openssl_repo_crypto_rsa_rsa_ameth.c,545,534,551,"int magma_int = ossl_rsa_pss_to_ctx(ctx, NULL, sigalg, pkey);",/*,"
    /*
     * We need to use the PSS_MGF1_SHA256 mask generation function.
     * This is the default, so we don't need to do anything.
",0.7006726264953613,"[[185, 315, 4535, 185, 251, 572, 998, 927, 276, 931, 254, 375, 2150, 62, 44, 29362, 16, 62, 8019, 32, 17, 20, 21, 12326, 8982, 1155, 13, 185, 251, 572, 997, 317, 254, 3346, 11, 555, 394, 1115, 6, 83, 927, 276, 533, 3257, 13, 185]]","[-0.4362334609031677, -0.026814356446266174, -0.7220614552497864, -1.6662733554840088, -0.0058005573228001595, -0.00031704644788987935, -1.670426845550537, -2.1360697746276855, -0.22209185361862183, -2.3411636352539062, -1.033489465713501, -2.6180882453918457, -0.025918355211615562, -2.032139301300049, -1.4027503728866577, -0.7700115442276001, -0.04292317107319832, -1.256961464881897, -1.7851437330245972, -0.0019143365789204836, -1.2226721048355103, -0.15247973799705505, -0.014132537879049778, -1.9528627395629883, -0.402971476316452, -0.07908516377210617, -1.2223271131515503, -0.9854239225387573, -0.0010546842822805047, -0.632612943649292, -2.130078077316284, -0.7907506227493286, -1.898984432220459, -0.8319544792175293, -1.6819908618927002, -0.7158077955245972, -0.6981675624847412, -0.9701144695281982, -0.0008972433279268444, -7.70062324590981e-05, -0.4257897734642029, -0.04741213098168373, -0.7064158320426941, -0.051386527717113495, -0.8571548461914062, -0.11446553468704224]",10.093273162841797,False,4.0,-38.78366195075796,-0.8431230858860426,46.0,-2.8571831854060292,-0.5714366370812058,5.0,0.3712385555896853,1,20,49,3,0.40816326530612246,-1.226159789253747,-1.0173901211903642,True,29,0.6304347826086957,61.0,0.0,19.0,2.3077472450982337
~/anvil/data/cve-targets/poppler_repo_poppler_Parser.cc,266,188,287,length += 5000;,"dict.dictSet(""Length"", Object(length + 5","            dict.dictSet(""Length"", Object(length + 5",0.3037631213665008,"[[655, 13026, 13, 13057, 2964, 1195, 9409, 950, 7635, 7, 4082, 4536, 20]]","[-0.0031339838169515133, -0.720726728439331, -0.0006191005813889205, -0.0008525789016857743, -0.005006040912121534, -0.004779225215315819, -0.001384134404361248, -0.00024256148026324809, -0.0043088216334581375, -0.051104865968227386, -0.054647114127874374, -0.13014225661754608, -0.03704756125807762]",12.171874046325684,False,0.0,-1.0139949733566027,-0.07799961333512329,13.0,-1.0139949733566027,-0.07799961333512329,13.0,0.03571867065232632,1,7,17,17,0.4117647058823529,-3.8944182974522006,-1.0716565893682481,True,7,0.5384615384615384,34.0,0.36363636363636365,17.0,1.8685043225427589
~/anvil/data/cve-targets/poppler_repo_poppler_SplashOutputDev.cc,1699,1633,1887,doAdjustFontMatrix = true;,if (fontType == fontType1COT || fontType ==,            if (fontType == fontType1COT || fontType ==,0.7271042466163635,"[[655, 562, 334, 7193, 1920, 2312, 5742, 1920, 16, 34, 2778, 1550, 5742, 1920, 2312]]","[-0.09301082789897919, -0.8806830644607544, -0.25311052799224854, -0.4429672360420227, -0.6083710789680481, -0.19963227212429047, -0.007738137152045965, -0.5141646265983582, -1.161558747291565, -0.4828273355960846, -0.9397444725036621, -0.6611455082893372, -0.004923244938254356, -0.0009589364635758102, -0.0001958416833076626]",9.954167366027832,False,0.0,-6.251031858002534,-0.41673545720016897,15.0,-6.251031858002534,-0.41673545720016897,15.0,0.1344336489739044,0,7,10,10,0.7,-1.744762136395599,-1.0138581446431894,True,8,0.5333333333333333,35.0,0.26086956521739135,10.0,2.1791354792168396
~/anvil/data/cve-targets/php_repo_ext_phar_util.c,1418,1252,1478,PHP_SHA1_CTX  context;,PHP_SHA1_CTX   context;,			PHP_SHA1_CTX   context;,0.0003735208301804,"[[459, 184, 24080, 62, 8019, 32, 16, 62, 2068, 55, 243, 3723, 26, 32014]]","[-0.0005316513124853373, -0.00021479207498487085, -0.000736918649636209, -6.6756979322235566e-06, -9.881961887003854e-05, -2.50339189733495e-06, -0.0012429377529770136, -0.0005775213940069079, -9.345571743324399e-05, -2.50339189733495e-06, -0.543897271156311, -3.480850500636734e-05, -7.784063927829266e-05, -0.0030188248492777348]",13.944618225097656,False,0.0,-0.5475176993027162,-0.04211674610020894,13.0,-0.5475176993027162,-0.04211674610020894,13.0,0.02098210413343314,1,5,5,5,1.0,-0.008868701045699895,-1.1202190763440538,True,11,0.8461538461538461,1.0,0.9777777777777777,0.0,1.5971920851688801
~/anvil/data/cve-targets/libsndfile_repo_src_common.c,1058,903,1208,"psf_memset (void *s, int c, sf_count_t len)","psf_memset (void *s, int c, size_t len)","psf_memset (void *s, int c, size_t len)",0.4057270288467407,"[[829, 69, 62, 7253, 1113, 334, 4563, 572, 82, 11, 1097, 258, 11, 2398, 62, 83, 10405, 8, 32014]]","[-0.05300780385732651, -0.0005709686665795743, -0.0009714413317851722, -0.852415919303894, -1.2744009494781494, -0.02360038459300995, -0.009508087299764156, -0.011762312613427639, -0.439797043800354, -0.0006191005813889205, -0.043029144406318665, -0.009832403622567654, -0.0009062950266525149, -0.027474375441670418, -1.1920922133867862e-06, -1.883488948806189e-05, -0.0025824313051998615, -0.0004998388467356563, -0.05760736018419266]",4.001779556274414,False,0.0,-2.7509985271565256,-0.15283325150869587,18.0,-2.7509985271565256,-0.15283325150869587,18.0,0.11833311382412957,0,19,19,19,1.0,-2.654703900110741,-1.1445902316476086,True,21,1.1666666666666667,7.0,0.8780487804878049,1.0,1.7638192506471404
~/anvil/data/cve-targets/openssl_repo_crypto_asn1_tasn_dec.c,816,760,890,case V_ASN1_NEG_ENUMERATED:,case V_ASN1_NEG_ENUMERATED:,    case V_ASN1_NEG_ENUMERATED:,0.0443705916404724,"[[315, 1452, 627, 62, 3146, 45, 16, 62, 8278, 38, 62, 1732, 5767, 1004, 18266, 25, 32014]]","[-0.1621471345424652, -0.013104270212352276, -0.00037102968781255186, -5.006777428206988e-06, -2.109982233378105e-05, -1.1920928244535389e-07, -6.318072337307967e-06, -5.0424259825376794e-05, -0.5582903623580933, -0.0009345216676592827, -0.04129677265882492, -0.05467115342617035, -4.9470632802695036e-05, -0.004130286164581776, -0.00040260792593471706, -0.00011491115583339706, -0.14630649983882904]",11.541882514953612,True,0.0,-0.8355954885737376,-0.0522247180358586,16.0,-0.8355954885737376,-0.0522247180358586,16.0,0.018701588410105687,1,5,5,5,1.0,-0.8496090224940346,-1.0549104452479183,False,15,0.9375,0.0,1.0,0.0,0.8451389932001537
~/anvil/data/cve-targets/openssl_repo_crypto_x509_v3_addr.c,1169,1014,1319,#undef validation_err,/*,"/*
 * RFC 3779",1.137804627418518,"[[4350, 185, 572, 432, 11144, 207, 18, 22, 22, 24]]","[-0.18701516091823578, -0.08354411274194717, -0.0006730675231665373, -0.5588473677635193, -0.0031554929446429014, -0.003132795449346304, -0.007223915308713913, -0.0013392536202445626, -0.0007952864980325103, -0.0004862556525040418]",3.571006774902344,False,1.0,-0.846212708420353,-0.0846212708420353,10.0,-0.27055927366018295,-0.13527963683009148,2.0,0.0026765644526749593,0,4,7,3,0.5714285714285714,-8.410760511188968,-1.1569833022799056,True,6,0.6,21.0,0.0,3.0,1.7219748000404056
~/anvil/data/cve-targets/openssl_repo_crypto_evp_encode.c,247,239,250,ctx->length = 0;,ctx->length = 0;,    ctx->length = 0;,0.0127666434273123,"[[315, 20803, 12, 29, 4082, 1412, 15, 26, 32014]]","[-0.0020226037595421076, -0.018447495996952057, -1.3351351299206726e-05, -7.152555099310121e-07, -0.04727194458246231, -0.010681007988750935, -0.002954049501568079, -0.0007975496700964868, -0.3876350224018097]",11.720876693725586,True,0.0,-0.08218871810618111,-0.01027358976327264,8.0,-0.08218871810618111,-0.01027358976327264,8.0,0.00023226390131260248,0,10,10,10,1.0,-1.242666265782984,-1.0596415936740522,False,7,0.875,0.0,1.0,0.0,0.8772535232804249
~/anvil/data/cve-targets/php_repo_ext_exif_exif.c,945,873,977,"{ 0x0079, ""IntelligentDRange""},","{ 0x0078, ""BurstResult""},","  { 0x0078, ""BurstResult""},
  { 0x0079,",0.7833132147789001,"[[207, 507, 207, 15, 87, 15, 15, 22, 23, 11, 440, 33, 332, 292, 4835, 22294, 185, 207, 507, 207, 15, 87, 15, 15, 22, 24, 11]]","[-0.0006572232232429087, -0.0007372760446742177, -0.0001267114421352744, -2.7418097943154862e-06, -9.655486064730212e-05, -3.659658250398934e-05, -3.4689302992774174e-05, -0.003979502711445093, -0.4177163243293762, -3.4927710657939315e-05, -0.00018737945356406271, -2.525280237197876, -0.8655353784561157, -8.689979586051777e-05, -1.488777756690979, -0.023567667230963707, -0.1270706206560135, -9.250213042832911e-05, -0.00021038226259406656, -3.302042750874534e-05, -1.1920922133867862e-06, -2.276871418871451e-05, -3.7431014789035544e-05, -1.8358061424805783e-05, -0.0006644901586696506, -0.5184001922607422, -1.883488948806189e-05]",10.69309902191162,False,1.0,-5.9734276595108895,-0.22123806146336628,27.0,-5.454020989629271,-0.30300116609051503,18.0,0.43784902524063285,0,10,13,10,0.7692307692307693,-2.585182178952085,-1.0327615076702812,True,16,0.5925925925925926,17.0,0.6071428571428572,2.0,2.1578154081642142
~/anvil/data/cve-targets/libpng_repo_pngrutil.c,312,278,370,*/,*/,"    */
  ",0.3485053181648254,"[[315, 1641, 185, 243]]","[-0.009306147694587708, -0.3485070765018463, -0.47472575306892395, -0.21036483347415924]",12.555946350097656,True,1.0,-1.0429038107395172,-0.2607259526848793,4.0,-1.0429038107395172,-0.2607259526848793,4.0,0.029812400233123315,0,3,3,3,1.0,-1.3366729110624391,-1.0819959887720116,False,1,0.25,0.0,1.0,0.0,0.7960630877182189
~/anvil/data/cve-targets/sqlite3_repo_src_resolve.c,301,220,632,if( zTab ){,if( zTab ){,        if( zTab ){,0.1235218122601509,"[[436, 562, 7, 1670, 14249, 2189, 90, 32014]]","[-0.004650253802537918, -0.30238649249076843, -0.0006058764411136508, -0.22587096691131592, -0.05571744590997696, -0.15456019341945648, -0.000842692912556231, -0.4028891921043396]",10.049304962158203,True,0.0,-0.7446339218877256,-0.10637627455538937,7.0,-0.7446339218877256,-0.10637627455538937,7.0,0.012894270180423292,0,10,10,10,1.0,-1.16117821174339,-1.01627241527133,False,6,0.8571428571428571,0.0,1.0,0.0,1.0612507620150273
~/anvil/data/cve-targets/libxml2_repo_valid.c,1629,1585,1639,"xmlBufferWriteCHAR(buf, elem->name);","xmlBufferWriteCHAR(buf, elem->name);","	    xmlBufferWriteCHAR(buf, elem->name);",0.0005623188917525,"[[10212, 11815, 8538, 9083, 13294, 7, 9455, 11, 17415, 12, 29, 1523, 477, 32014]]","[-0.0013238961109891534, -0.0037726436275988817, -0.00019035911827813834, -5.686121585313231e-05, -0.0015393561916425824, -7.009260298218578e-05, -1.9073468138230965e-06, -1.490105023549404e-05, -0.0005245024804025888, -1.8715683836489916e-05, -2.7418097943154862e-06, -0.0004862556525040418, -0.00010466027742950246, -0.20195059478282928]",11.384721755981444,True,0.0,-0.00810689316836033,-0.0006236071667969484,13.0,-0.00810689316836033,-0.0006236071667969484,13.0,1.0667006985887426e-06,0,14,14,14,1.0,-0.9017197391119715,-1.050773813865439,False,12,0.9230769230769231,0.0,1.0,0.0,0.9520622733627144
~/anvil/data/cve-targets/lua_repo_ldo.c,371,348,395,if (hastocloseCfunc(wanted)) {  /* to-be-closed variables? */,if (nres == 0)  /* no results? */ {,"      if (nres == 0)  /* no results? */ {
        for (i = 0; i < wanted; i++)  /* fill with nils */
         ",1.698784589767456,"[[730, 562, 334, 77, 379, 7400, 15, 8, 207, 4535, 637, 2461, 30, 1641, 507, 185, 436, 327, 334, 72, 1412, 15, 26, 460, 1013, 4571, 26, 460, 3868, 8, 207, 4535, 3278, 365, 291, 4097, 1641, 185, 1574]]","[-0.003068978199735284, -0.2889508008956909, -0.060722339898347855, -0.8044123649597168, -0.00675099017098546, -1.4925272464752197, -0.1817546933889389, -0.09709122776985168, -0.7962376475334167, -0.0033623608760535717, -0.22710147500038147, -0.06376814842224121, -0.21141678094863892, -0.045183729380369186, -0.5271874070167542, -0.08128761500120163, -0.003246515290811658, -1.3953551054000854, -0.3871288597583771, -0.02422296814620495, -0.11704472452402115, -0.0184157807379961, -0.001835924806073308, -0.002620598068460822, -0.010162632912397385, -0.014417757280170918, -0.041034795343875885, -0.008250794373452663, -0.00027724236133508384, -0.00042215018766000867, -0.31022951006889343, -0.0008043391280807555, -1.6711361408233643, -0.46591466665267944, -0.8114736676216125, -0.000550357042811811, -0.050465136766433716, -0.0032234634272754192, -0.002369098598137498]",8.326433181762695,False,2.0,-10.231426035257755,-0.2623442573143014,39.0,-4.894070321228355,-0.2878864894840209,17.0,0.15390628848818735,0,16,28,14,0.5714285714285714,-5.900883340556163,-1.0272962552780873,True,24,0.6153846153846154,43.0,0.4375,8.0,2.463061823532957
~/anvil/data/cve-targets/php_repo_ext_exif_exif.c,1917,1911,1921,if ((offset + length) > (info->valid_end - info->valid_start)) {,if (offset + length > info->valid_length) {,	if (offset + length > info->valid_length) {,0.314753919839859,"[[2944, 334, 9668, 945, 3960, 1938, 6382, 12, 29, 4605, 62, 4082, 8, 507, 32014]]","[-0.19670045375823975, -0.40018516778945923, -0.2697252929210663, -0.8668725490570068, -0.003040217561647296, -0.17603044211864471, -0.04543573781847954, -0.00015805903240107, -7.629365427419543e-06, -0.07039497792720795, -0.0001567479339428246, -0.3202442526817322, -0.07553252577781677, -0.004976386670023203, -0.18365873396396637]",3.677083730697632,False,0.0,-2.429460440413095,-0.17353288860093535,14.0,-2.429460440413095,-0.17353288860093535,14.0,0.05341213396683244,1,31,19,19,1.631578947368421,-1.8137998069269876,-1.1539191353791014,True,23,1.6428571428571428,25.0,0.7476635514018692,13.0,1.844673598506409
~/anvil/data/cve-targets/libpng_repo_pngrutil.c,2365,2347,2397,limit = PNG_USER_CHUNK_MALLOC_MAX;,limit = PNG_USER_CHUNK_MALLOC_MAX;,      limit = PNG_USER_CHUNK_MALLOC_MAX;,0.0109074478968977,"[[730, 3935, 405, 375, 12658, 62, 17213, 62, 3388, 4348, 42, 62, 44, 1743, 21826, 62, 14840, 26, 32014]]","[-0.02647634595632553, -0.005397390574216843, -0.0009345216676592827, -0.11662609130144119, -8.702239938429557e-06, -7.271740287251305e-06, -0.002151795197278261, -5.364403477869928e-06, -3.7788631743751466e-05, -3.576278118089249e-07, -6.270212179515511e-05, -1.0013530300057027e-05, -0.00010716341057559475, -1.9073468138230965e-06, -8.583032467868179e-06, -4.768360213347478e-06, -1.3351351299206726e-05, -0.05977549031376839, -0.16893912851810455]",7.197959899902344,True,0.0,-0.21162960880741366,-0.011757200489300759,18.0,-0.21162960880741366,-0.011757200489300759,18.0,0.0008567906848571549,0,7,7,7,1.0,-0.9277249211513958,-1.0566908528294845,False,17,0.9444444444444444,0.0,1.0,0.0,0.8534525386461858
~/anvil/data/cve-targets/php_repo_ext_exif_exif.c,1920,1911,1921,return info->offset_base + offset;,return (char *)info->valid_start + offset;,	return (char *)info->valid_start + offset;,0.56797856092453,"[[3404, 334, 5897, 12376, 4895, 12, 29, 4605, 62, 4779, 945, 8813, 26, 32014]]","[-0.1985968053340912, -0.784588098526001, -0.21160906553268433, -0.8950859904289246, -0.2984924912452698, -0.003822996746748686, -7.986990567587782e-06, -0.18620504438877106, -0.00041571559268049896, -0.0033887361641973257, -0.006030578166246414, -0.01802738569676876, -0.0026717225555330515, -0.4761841893196106]",3.736284494400024,False,0.0,-2.608942617368484,-0.20068789364372955,13.0,-2.608942617368484,-0.20068789364372955,13.0,0.0847352426164265,1,11,18,18,0.6111111111111112,-2.830158564187394,-1.1522125762090591,True,10,0.7692307692307693,18.0,0.6842105263157895,8.0,1.683682874493133
~/anvil/data/cve-targets/libpng_repo_png.c,2441,2368,2463,goto PNG_FP_End; /* not a part of the number */,goto PNG_FP_End; /* not a part of the number */,            goto PNG_FP_End; /* not a part of the number */,0.0950575694441795,"[[655, 2138, 78, 375, 12658, 62, 17843, 62, 6015, 26, 4535, 441, 245, 692, 280, 254, 1594, 1641, 32014]]","[-0.014809788204729557, -0.009966136887669563, -5.960462772236497e-07, -0.00010668662434909493, -3.71926071238704e-05, -1.3470558769768104e-05, -1.3708974620385561e-05, -1.6331539882230572e-05, -0.00016032364510465413, -4.088794958079234e-05, -0.9180070161819458, -0.4724809527397156, -0.03380459547042847, -0.033737171441316605, -0.001508409040980041, -0.022134635597467422, -0.03362709656357765, -0.012673669494688511, -0.3495023548603058]",8.480730056762695,True,0.0,-1.5531386695682272,-0.0862854816426793,18.0,-1.5531386695682272,-0.0862854816426793,18.0,0.05201917095068717,0,6,6,6,1.0,-1.1016635433273316,-1.023341173344858,False,16,0.8888888888888888,0.0,1.0,0.0,0.9833362159570376
~/anvil/data/cve-targets/libxml2_repo_parser.c,11751,11731,11756,},},"	}
	",0.2425272911787033,"[[1839, 185, 184]]","[-0.2425272911787033, -0.3455822169780731, -0.7473403215408325]",7.44444465637207,True,1.0,-1.335449829697609,-0.4451499432325363,3.0,-1.335449829697609,-0.4451499432325363,3.0,0.047429565326307856,1,2,2,2,1.0,-0.5448215704972302,-1.0501994191753299,False,1,0.3333333333333333,0.0,1.0,0.0,0.875192004226176
~/anvil/data/cve-targets/libpng_repo_png.c,4019,4006,4022,"(void)png_safe_execute(image, png_image_free_function, image);",png_image_free_ex(image);,      png_image_free_ex(image);,0.8519839644432068,"[[730, 265, 944, 62, 5468, 62, 6630, 62, 790, 7, 5468, 477, 32014]]","[-0.015850618481636047, -0.9128060340881348, -0.0003232433518860489, -0.002831024117767811, -0.5590408444404602, -0.02731129713356495, -0.10087509453296661, -0.15428653359413147, -2.028852939605713, -0.19969895482063293, -0.02500225231051445, -0.40543028712272644, -0.3020683228969574]",6.705034732818604,False,0.0,-4.432309123600135,-0.36935909363334457,12.0,-4.432309123600135,-0.36935909363334457,12.0,0.3220613318209658,1,18,9,9,2.0,-2.306654903395865,-1.0697931555851534,True,22,1.8333333333333333,40.0,0.5057471264367817,10.0,2.1303425707676777
~/anvil/data/cve-targets/openssl_repo_crypto_pkcs7_pk7_doit.c,519,307,546,if (PKCS7_is_detached(p7) || (in_bio != NULL)) {,if (in_bio != NULL) {,"    if (in_bio != NULL) {
        if (data_body != NULL) {
            ERR_raise(ERR_LIB_PKCS7, PKCS",0.4512848258018493,"[[315, 562, 334, 246, 62, 65, 1112, 2069, 28, 4579, 8, 507, 185, 436, 562, 334, 2448, 62, 2898, 2069, 28, 4579, 8, 507, 185, 655, 19798, 62, 22326, 7, 8198, 62, 29492, 62, 30048, 9775, 22, 11, 28932, 9775]]","[-0.03489791974425316, -0.2960684299468994, -0.0635889545083046, -0.6498696804046631, -5.590759246842936e-05, -1.168244216387393e-05, 0.0, -0.3747323155403137, -0.00017975145601667464, -0.00043466180795803666, -0.017701148986816406, -0.004515095613896847, -0.5299344062805176, -0.006575021427124739, -0.8995822072029114, -0.1711336374282837, -0.8242077231407166, -6.389413465512916e-05, -2.622600959512056e-06, -0.6550231575965881, -0.00020358874462544918, -0.00010430268594063818, -0.308899849653244, -0.4359431862831116, -0.0072907814756035805, -0.003269447945058346, -1.2140730619430542, -0.0002051381452474743, -0.033273857086896896, -0.05513662099838257, -0.0010269373888149858, -1.1920922133867862e-06, -0.00045122456504032016, -1.6689286894688848e-06, -0.0031619099900126457, -5.125986263010418e-06, -0.00014244495832826942, -5.400034933700226e-05, -0.2204539179801941, -5.364403477869928e-06]",8.908897399902344,False,2.0,-6.812281839459047,-0.17030704598647617,40.0,-1.9785649757513966,-0.1521973058270305,13.0,0.04694697717432783,1,25,26,14,0.9615384615384616,-2.9651301864352737,-1.012445559919437,True,25,0.625,27.0,0.6086956521739131,11.0,2.323381920082184
~/anvil/data/cve-targets/libtiff_repo_libtiff_tif_dirread.c,5771,5720,5775,nstrips = (uint32_t)nstrips64;,nstrips = (uint32_t) nstrips64;,"        nstrips = (uint32_t) nstrips64;
	td->td_rowsperstrip",0.0827070698142051,"[[436, 291, 26763, 829, 405, 334, 9842, 18, 17, 62, 83, 8, 291, 26763, 829, 21, 19, 26, 185, 184, 1735, 12, 29, 1735, 62, 3186, 522, 23448]]","[-0.3548111319541931, -0.15975427627563477, -2.5987286790041253e-05, -1.7881377516459906e-06, -0.08342304825782776, -0.11490356922149658, -0.01837259531021118, -0.004120432306081057, -4.768370445162873e-07, -0.0011183919850736856, -8.106198947643861e-06, -0.03381462022662163, -0.4877748489379883, -2.622600959512056e-06, 0.0, -8.260862523457035e-05, -1.1920928244535389e-07, -0.004589381627738476, -0.2190932184457779, -1.1844180822372437, -0.23227559030056, -0.002131572924554348, -4.768360213347478e-06, -0.00031418632715940475, -7.152555099310121e-07, -0.19958394765853882, -0.0003545847721397877, -4.303362584323622e-05]",4.384722232818604,False,1.0,-3.1010237049064173,-0.11075084660380062,28.0,-2.6663153056818985,-0.1403323845095736,19.0,0.07532026762997576,1,12,18,12,0.6666666666666666,-0.5893655274457532,-1.1336847061589854,True,17,0.6071428571428571,1.0,0.9836065573770492,0.0,1.647299918549337
~/anvil/data/cve-targets/libpng_repo_pngrutil.c,2634,2602,2642,limit = limit < idat_limit? idat_limit : limit;,if (idat_limit < limit),"      if (idat_limit < limit)
         limit = idat_limit;",0.4976594150066376,"[[730, 562, 334, 304, 253, 62, 15553, 1013, 3935, 8, 185, 294, 3935, 405, 1975, 253, 62, 15553, 26, 32014]]","[-0.06362441927194595, -0.22131884098052979, -0.00850743893533945, -0.30545687675476074, -2.264974000354414e-06, -1.9073468138230965e-06, -1.5497195136049413e-06, -0.0683588907122612, -0.019220300018787384, -0.005755874328315258, -0.040383435785770416, -0.02987653762102127, -0.0008687774534337223, -0.012719692662358284, -0.005249644163995981, -8.344646857949556e-07, -9.536738616588991e-07, -5.960462772236497e-07, -0.0007178590167313814, -0.2933703362941742]",6.902604103088379,False,1.0,-0.7820666939304033,-0.04116140494370544,19.0,-0.7625083364490592,-0.06354236137075493,12.0,0.008796142772547465,0,15,16,12,0.9375,-7.831931396173812,-1.0645222244810078,True,16,0.8421052631578947,28.0,0.5428571428571429,14.0,2.0313595768658117
~/anvil/data/cve-targets/libsndfile_repo_src_common.c,1453,1438,1462,#if CPU_CLIPS_NEGATIVE == 0,#if CPU_CLIPS_NEGATIVE == 0,#if CPU_CLIPS_NEGATIVE == 0,0.0063483933918178,"[[2, 351, 11215, 62, 6787, 26229, 62, 8278, 38, 1392, 13013, 7400, 15, 32014]]","[-0.04571262747049332, -0.0010488491971045732, -0.008008039556443691, -2.169585604860913e-05, -0.0005756151513196528, -0.00011538793478393927, -1.3828182090946939e-05, -0.008555189706385136, -3.93382906622719e-05, -5.8410845667822286e-05, -0.00028546550311148167, -0.012528171762824059, -0.005412685684859753, -0.04237474501132965]",14.519315719604492,True,0.0,-0.08237530514179525,-0.00633656193398425,13.0,-0.08237530514179525,-0.00633656193398425,13.0,0.0001455978579624943,0,6,6,6,1.0,-1.00186717307537,-1.136429929104587,False,13,1.0,0.0,1.0,0.0,0.5510189560174387
~/anvil/data/cve-targets/poppler_repo_utils_HtmlOutputDev.cc,1250,1172,1284,unsigned char zero[1];,unsigned char zero[4];,            unsigned char zero[4];,0.3940419256687164,"[[655, 13680, 1555, 5854, 58, 19, 2818, 32014]]","[-0.0008789013954810798, -0.1530989706516266, -0.0011941214324906468, -0.013495522551238537, -0.0297715924680233, -1.2614926099777222, -0.43471604585647583, -0.11237743496894836]",12.080554962158203,False,0.0,-1.8946477643330581,-0.27066396633329404,7.0,-1.8946477643330581,-0.27066396633329404,7.0,0.18457696241569435,1,11,11,11,1.0,-1.4558344467009525,-1.0692128125158806,True,6,0.8571428571428571,1.0,0.9545454545454546,1.0,1.9442641893001158
~/anvil/data/cve-targets/poppler_repo_poppler_Annot.cc,5094,5076,5097,if (obj1.isArray()) {,if (obj1.isArray()) {,"    if (obj1.isArray()) {
        rect = std::",0.0861674845218658,"[[315, 562, 334, 8612, 16, 13, 262, 5055, 4683, 507, 185, 436, 9171, 405, 6284, 1161]]","[-0.0012644876260310411, -0.3534556031227112, -0.08058267086744308, -0.01878916658461094, -0.00033790123416110873, -0.00021491125517059118, -0.008835388347506523, -0.062224727123975754, -0.25301593542099, -0.007203558459877968, -0.2826780080795288, -0.002133595058694482, -1.4087107181549072, -0.12390043586492538, -0.17546546459197998, -7.295342220459133e-05]",14.782160758972168,True,1.0,-2.7788855252147187,-0.17368034532591992,16.0,-1.0707359531807015,-0.08922799609839178,12.0,0.015347495242348302,0,17,18,17,0.9444444444444444,-0.9657000973870224,-1.1439221425207962,False,9,0.5625,0.0,1.0,0.0,0.667708414379468
~/anvil/data/cve-targets/sqlite3_repo_src_expr.c,5070,5063,5075,"Expr *pCopy = sqlite3ExprDup(db, pExpr, 0);","Expr *pCopy = sqlite3ExprDup(db, pExpr);","  Expr *pCopy = sqlite3ExprDup(db, pExpr);",0.0872293785214424,"[[207, 2066, 1006, 572, 79, 10693, 405, 15313, 547, 18, 20567, 35, 393, 7, 4179, 11, 265, 20567, 477, 32014]]","[-0.01968853548169136, -0.2619854509830475, -7.152555099310121e-07, -0.020717646926641464, -0.00034814971149899065, -0.007277408614754677, -0.21907100081443787, -0.037462055683135986, -0.00012015574611723423, -0.0015160269103944302, -0.06800378859043121, -0.018298154696822166, -1.2636104656849056e-05, -0.047301165759563446, -0.08452405035495758, -0.00036113892565481365, -0.06179952993988991, -0.008959567174315453, -0.6334924101829529, -0.12869562208652496]",11.962197303771973,False,0.0,-1.4909395878564737,-0.07847050462402494,19.0,-1.4909395878564737,-0.07847050462402494,19.0,0.022182243730778716,0,19,17,17,1.1176470588235294,-1.1116199512082123,-1.0660537504404932,True,20,1.0526315789473684,3.0,0.963855421686747,2.0,1.9738728106750274
~/anvil/data/cve-targets/libpng_repo_pngset.c,1095,940,1245,},},"}
void",0.0141875427216291,"[[92, 185, 4563]]","[-0.014187660999596119, -0.12749919295310974, -0.7988267540931702]",11.751910209655762,True,1.0,-0.940513608045876,-0.313504536015292,3.0,-0.14168685395270586,-0.07084342697635293,2.0,0.0032098758184130344,0,2,3,2,0.6666666666666666,-0.20026618314730607,-1.0604640227755706,False,1,0.3333333333333333,0.0,1.0,0.0,0.7836905898049344
~/anvil/data/cve-targets/openssl_repo_crypto_x509_x509_vfy.c,45,-110,195,static int check_name_constraints(X509_STORE_CTX *ctx);,static int check_crl_extensions(X509_STORE_CTX *ctx);,"static int check_crl_extensions(X509_STORE_CTX *ctx);
static int check_id(X509_ST",0.2360830903053283,"[[6412, 1097, 2332, 62, 7251, 75, 62, 29823, 7, 55, 20, 15, 24, 62, 1428, 46, 1369, 62, 2068, 55, 572, 12511, 477, 185, 6412, 1097, 2332, 62, 304, 7, 55, 20, 15, 24, 62, 1428]]","[-0.06864464282989502, -0.17818324267864227, -0.4064777195453644, -0.0007759897271171212, -2.2589685916900635, -0.5405564904212952, -0.48772132396698, -0.692280650138855, -0.0016321921721100807, -0.01743759959936142, -8.22540732769994e-06, -1.07287787614041e-05, -1.1801649634435307e-05, -0.02485760860145092, -0.03319971263408661, -1.7881377516459906e-06, 0.0, -0.0005633435794152319, -0.00018320789968129247, -7.271740287251305e-06, -0.0003844952443614602, -0.0025568671990185976, -0.28166958689689636, -0.004011916927993298, -0.030014559626579285, -0.09295282512903214, -0.4396894574165344, -0.0006258912617340684, -2.3855576515197754, -0.023424211889505386, -0.00039617318543605506, -1.4305104514278355e-06, -9.536738616588991e-07, -4.768370445162873e-07, -0.0009352362249046564, -9.870042413240299e-05]",6.93558931350708,False,1.0,-7.9738425651653415,-0.22149562681014837,36.0,-5.00014499746635,-0.21739760858549348,23.0,0.22306715668178054,0,16,22,16,0.7272727272727273,-1.085950723383816,-1.0636447490878662,True,23,0.6388888888888888,12.0,0.8333333333333334,1.0,1.9838572316605338
~/anvil/data/cve-targets/poppler_repo_poppler_GfxState.cc,2427,2418,2434,int i;,int i;,"    int i;

       ",0.0349955148994922,"[[315, 1097, 460, 26, 185, 185, 436]]","[-0.0573713444173336, -0.08447760343551636, -0.0060431379824876785, -0.015553013421595097, -0.021267108619213104, -0.6201602816581726, -0.49031129479408264]",8.479557037353516,True,2.0,-1.295183784328401,-0.1850262549040573,7.0,-1.295183784328401,-0.1850262549040573,7.0,0.05664565400241361,1,5,5,5,1.0,-0.18913810322561314,-1.0233711837613546,False,3,0.42857142857142855,0.0,1.0,0.0,0.9576141478750309
~/anvil/data/cve-targets/libxml2_repo_xmlregexp.c,4850,4774,4859,NEXTL(len);,NEXTL(len);,    NEXTL(len);,0.0549369119107723,"[[315, 461, 13532, 43, 7, 6446, 477, 32014]]","[-0.033501334488391876, -0.2864815294742584, -0.0007284610182978213, -0.037988048046827316, -0.0006730675231665373, -0.0012268644059076905, -0.0027177324518561363, -0.6403228044509888]",8.231596946716309,True,0.0,-0.3633170374087058,-0.0519024339155294,7.0,-0.3633170374087058,-0.0519024339155294,7.0,0.00939856205051808,1,9,9,9,1.0,-1.0584650423173116,-1.0297347676056068,False,6,0.8571428571428571,0.0,1.0,0.0,0.9846571022938266
~/anvil/data/cve-targets/libsndfile_repo_src_flac.c,137,129,257,"unsigned i = 0, j, offset, channels, len ;",sf_count_t len ;,"	sf_count_t len ;
	sf_count_t i, j, offset ;
",0.9927355051040648,"[[184, 5274, 62, 4241, 62, 83, 10405, 6203, 185, 184, 5274, 62, 4241, 62, 83, 460, 11, 521, 11, 8813, 6203, 185]]","[-0.5700437426567078, -0.6582791209220886, -0.0005208089714869857, -0.004157709423452616, -2.2411095415009186e-05, -3.3378546504536644e-06, -0.8017195463180542, -0.8980036973953247, -0.014659314416348934, -0.43550553917884827, -0.22098390758037567, -0.0002580548170953989, -0.002360179089009762, -8.4638240878121e-06, -4.529942543740617e-06, -0.49623262882232666, -0.6578992605209351, -0.07140442728996277, -0.6454381942749023, -0.2609082758426666, -0.3813879191875458, -0.0026848006527870893]",7.524999141693115,False,2.0,-6.122485870076616,-0.27829481227620984,22.0,-3.3829152282323776,-0.33829152282323777,10.0,0.12529321253851233,1,17,13,5,1.3076923076923077,-2.9345562573342505,-1.048086590519811,True,13,0.5909090909090909,32.0,0.3448275862068966,13.0,2.231311833540384
~/anvil/data/cve-targets/poppler_repo_poppler_Stream.cc,532,507,538,if (width > INT_MAX / nComps) {,if (imgLineSize > INT_MAX - 7) {,        if (imgLineSize > INT_MAX - 7) {,0.7312422394752502,"[[436, 562, 334, 6379, 6498, 5142, 1938, 19440, 62, 14840, 567, 207, 22, 8, 507, 32014]]","[-0.002770635299384594, -0.06462808698415756, -0.041839390993118286, -0.16655108332633972, -6.890059739816934e-05, -0.0005942009738646448, -0.37642109394073486, -0.032379474490880966, -0.0002543602604418993, -0.0003003622987307608, -1.0964409112930298, -0.5375006198883057, -0.34346944093704224, -0.08877333998680115, -0.0014951966004446149, -0.02192823402583599]",11.55490493774414,False,0.0,-2.753487097870675,-0.18356580652471166,15.0,-2.753487097870675,-0.18356580652471166,15.0,0.0858609169291939,1,16,16,16,1.0,-3.9835427595106623,-1.0552539384044024,True,13,0.8666666666666667,17.0,0.6349206349206349,3.0,2.1318451864031753
~/anvil/data/cve-targets/php_repo_ext_phar_phar.c,1755,1667,1791,"pos = memchr(pos + 1, '.', filename_len - (pos - filename) + 1);","pos = memchr(pos + 1, '.', filename_len - (pos - filename));","		pos = memchr(pos + 1, '.', filename_len - (pos - filename));",0.1793994754552841,"[[184, 184, 937, 405, 1631, 358, 81, 7, 937, 4536, 16, 11, 21716, 1183, 11903, 62, 6446, 567, 334, 937, 567, 11903, 3183, 32014]]","[-0.011410689912736416, -0.49260663986206055, -0.08535780012607574, -0.2086753398180008, -0.03344761207699776, -0.0005012686015106738, -2.8013790142722428e-05, -0.004995602648705244, -0.021579468622803688, -0.046552613377571106, -0.0021445390302687883, -0.0011330381967127323, -0.00939743872731924, -6.794906312279636e-06, -0.019973577931523323, -0.009628050029277802, -7.557583012385294e-05, -0.01040286011993885, -0.018262337893247604, -0.01860138028860092, -0.04380498453974724, -0.0016143397660925984, -0.32846394181251526, -0.1303160935640335]",9.861804962158203,False,0.0,-1.3686639079082852,-0.05950712643079501,23.0,-1.3686639079082852,-0.05950712643079501,23.0,0.014223391398267542,1,34,31,31,1.096774193548387,-3.0147561513312233,-1.011519786001917,True,24,1.0434782608695652,4.0,0.967741935483871,3.0,2.364518571266543
~/anvil/data/cve-targets/libsndfile_repo_src_common.c,617,470,684,"memcpy (&(psf->header.ptr [psf->header.indx]), strptr, size + 1) ;","memcpy (&(psf->header.ptr [psf->header.indx]), strptr, size) ;","					memcpy (&(psf->header.ptr [psf->header.indx]), strptr, size) ;",0.2096978574991226,"[[1076, 184, 7253, 66, 4016, 334, 5, 7, 829, 69, 12, 29, 7301, 13, 8856, 821, 829, 69, 12, 29, 7301, 13, 513, 87, 60, 650, 1401, 8856, 11, 2398, 8, 6203, 32014]]","[-0.012552423402667046, -0.03926262632012367, -0.021425459533929825, -0.0012296028435230255, -5.8412379075889476e-06, -0.00039081089198589325, -0.0015073377871885896, -0.0032448519486933947, -4.9470632802695036e-05, -2.3841855067985307e-07, -3.1470757676288486e-05, -2.3841855067985307e-07, -1.0013530300057027e-05, -7.986990567587782e-06, -1.2874520507466514e-05, -0.0010758809512481093, -0.00025781645672395825, -1.1920928244535389e-07, -8.702239938429557e-06, -1.1920928244535389e-07, -2.0265558760002023e-06, -9.059865078597795e-06, -7.033323527139146e-06, -8.344646857949556e-07, -0.003881065873429179, -4.935142715112306e-05, -0.0009151084814220667, -1.0847986231965479e-05, -0.0002498314715921879, -0.005887665785849094, -0.00639665313065052, -0.00013147920253686607, -0.3499782979488373]",9.257811546325684,False,0.0,-0.09861484286948041,-0.003081713839671263,32.0,-0.09861484286948041,-0.003081713839671263,32.0,6.129758347052648e-05,1,38,35,35,1.0857142857142856,-68.04585643211175,-1.0036525512783536,True,32,1.0,4.0,0.96875,3.0,2.445772086218571
~/anvil/data/cve-targets/libsndfile_repo_src_common.c,596,470,684,"header_put_be_int (psf, size) ;","header_put_be_int (psf, size) ;","						header_put_be_int (psf, size) ;",0.0062976665794849,"[[4552, 184, 7301, 62, 915, 62, 1338, 62, 569, 334, 829, 69, 11, 2398, 8, 6203, 32014]]","[-0.027477160096168518, -0.0023679095320403576, -0.002481478499248624, -4.410734163684538e-06, -5.5549986427649856e-05, -5.125986263010418e-06, -0.003816465148702264, -5.8887653722194955e-05, -0.0175151489675045, -0.0006328010931611061, -5.817244164063595e-05, 0.0, -3.755022044060752e-05, -0.006820966489613056, -0.058751873672008514, -9.285972191719338e-05, -0.030051808804273605]",14.489583015441896,True,0.0,-0.12017636024302192,-0.00751102251518887,16.0,-0.12017636024302192,-0.008011757349534795,15.0,0.00023026164108535,1,11,11,11,1.0,-0.786053084826711,-1.1355855146054583,False,14,0.875,0.0,1.0,0.0,0.6108959986509239
~/anvil/data/cve-targets/libtiff_repo_libtiff_tif_luv.c,1444,1428,1453,*/,*/,"         */
       ",0.1031703427433967,"[[294, 1641, 185, 436]]","[-0.2051781266927719, -0.632688045501709, -0.1308923065662384, -0.2731490433216095]",8.82361125946045,True,1.0,-1.2419075220823288,-0.3104768805205822,4.0,-1.2419075220823288,-0.3104768805205822,4.0,0.03713796225712522,1,3,3,3,1.0,-0.33229637765752196,-1.0146065522397751,False,1,0.25,0.0,1.0,0.0,0.9829353371398218
~/anvil/data/cve-targets/sqlite3_repo_src_resolve.c,188,173,190,result = ((Bitmask)1)<<n;,result = (Bitmask)0x1 << n;,  result = (Bitmask)0x1 << n;,0.38335981965065,"[[207, 1228, 405, 334, 15609, 16043, 8, 15, 87, 16, 6820, 291, 26, 32014]]","[-0.4489854872226715, -0.2966458797454834, -0.17710033059120178, -0.8869192004203796, -0.5446070432662964, -0.0005726366653107107, -0.28722646832466125, -0.9848544001579285, -0.04768040403723717, -0.476050466299057, -0.5068615674972534, -0.21511167287826538, -0.0037841631565243006, -0.5855642557144165]",7.600000858306885,False,0.0,-4.87639972026227,-0.37510767078940543,13.0,-4.87639972026227,-0.37510767078940543,13.0,0.0891946046748583,1,18,15,15,1.2,-1.0219994137786577,-1.046123224456634,True,11,0.8461538461538461,5.0,0.8846153846153846,4.0,2.105245655950785
~/anvil/data/cve-targets/php_repo_ext_iconv_iconv.c,1138,968,1463,--str_left;,--str_left;,"								--str_left;
							}
						",0.0720819160342216,"[[17913, 184, 374, 2006, 62, 1349, 26, 185, 10139, 1839, 185, 10139]]","[-0.5196465253829956, -0.20900803804397583, -0.3188832998275757, -0.01210191659629345, -4.2914423829643056e-05, -0.0010147904977202415, -0.00015531764074694365, -0.6373052597045898, -0.24789896607398987, -0.0008353081648238003, -0.09381050616502762, -0.03773989528417587]",13.287715911865234,True,2.0,-2.0784427378057444,-0.17320356148381202,12.0,-1.946057028191717,-0.21622855868796856,9.0,0.05137441416289029,1,6,7,6,0.8571428571428571,-0.3333598321683323,-1.1019724519930827,False,5,0.4166666666666667,0.0,1.0,0.0,0.6919258083929894
~/anvil/data/cve-targets/poppler_repo_poppler_XRef.cc,1491,1486,1515,{,{,{,0.0006823595031164,"[[90, 32014]]","[-0.0006824786541983485, -0.5767884254455566]",13.127126693725586,True,0.0,-0.0006824786541983485,-0.0006824786541983485,1.0,-0.0006824786541983485,-0.0006824786541983485,1.0,0.0,1,2,2,2,1.0,-0.9998254141998206,-1.0975571985877526,False,1,1.0,0.0,1.0,0.0,0.6455892503765466
~/anvil/data/cve-targets/sqlite3_repo_src_printf.c,63,-92,213,"static const char aPrefix[] = ""-x0\000X0"";","static const char aPrefix[] = ""0x0X"";","static const char aPrefix[] = ""0x0X"";
static const char aSuffix[] = ""eE"";",1.3133420944213867,"[[6412, 1133, 1555, 245, 21514, 4807, 405, 440, 15, 87, 15, 55, 3150, 185, 6412, 1133, 1555, 245, 50, 2140, 681, 4807, 405, 440, 68, 36, 3150]]","[-0.05005566030740738, -0.007105556782335043, -0.04265430569648743, -0.07514236867427826, -0.04089519754052162, -0.023398011922836304, -0.0730239599943161, -0.2633610665798187, -0.6307579874992371, -0.17939381301403046, -0.6959711909294128, -0.7706342935562134, -0.6098284125328064, -0.05659109354019165, -0.7184343338012695, -0.052693914622068405, -0.18670544028282166, -0.3901982009410858, -1.6990567445755005, -0.33469706773757935, -0.0014228230575099587, -0.02608642354607582, -0.03378269821405411, -0.21794013679027557, -2.240065574645996, -0.05584676191210747, -0.37745994329452515]",8.000173568725586,False,1.0,-9.853202981990762,-0.36493344377743564,27.0,-3.5188129185698926,-0.25134377989784945,14.0,0.07756326103868326,0,20,35,18,0.5714285714285714,-5.225281862774373,-1.0357096524985865,True,17,0.6296296296296297,6.0,0.9113924050632911,3.0,2.3864757639302185
~/anvil/data/cve-targets/poppler_repo_poppler_FileSpec.cc,132,126,139,if (!ok || !fileSpec.isDict()),if (!fileSpec.isStream()),    if (!fileSpec.isStream()),1.3164265155792236,"[[315, 562, 5036, 2800, 7396, 13, 262, 6620, 4683, 32014]]","[-0.0041448879055678844, -0.16252991557121277, -0.5314430594444275, -0.3587915301322937, -0.3585473299026489, -0.06932946294546127, -0.17091631889343262, -0.2424338459968567, -0.12814907729625702, -0.03326151892542839]",9.310070037841797,False,0.0,-2.0262854280881584,-0.2251428253431287,9.0,-2.0262854280881584,-0.2251428253431287,9.0,0.024351568979966497,0,23,18,18,1.2777777777777777,-5.847072912818453,-1.0023421732360827,True,12,1.3333333333333333,13.0,0.7272727272727273,6.0,2.5426464624765956
~/anvil/data/cve-targets/libtiff_repo_libtiff_tif_next.c,123,39,140,break;,break;,"					break;
				",0.0223218593746423,"[[1076, 20702, 26, 185, 1749, 184]]","[-0.06768164783716202, -0.040133241564035416, -3.683499380713329e-05, -0.0997500866651535, -0.013682624325156212, -0.6188040375709534]",10.560591697692873,True,1.0,-0.8400884729562677,-0.14001474549271128,6.0,-0.8400884729562677,-0.14001474549271128,6.0,0.04693707351151969,1,4,4,4,1.0,-0.15942506123974137,-1.029345956514632,False,2,0.3333333333333333,0.0,1.0,0.0,0.9215152281634621
~/anvil/data/cve-targets/libxml2_repo_HTMLparser.c,694,539,844,"static const char* const object_attrs[] = { ATTRS, ""declare"", ""classid"", ""codebase"", ""data"", ""type"", ""codetype"", ""archive"", ""standby"", ""height"", ""width"", ""usemap"", ""name"", ""tabindex"", NULL } ;","static const char* const object_attrs[] = { COREATTRS, ""classid"", ""codebase"", ""data"", ""type"", ""usemap"", ""name"", ""tabindex"", ""align"", ""archive"", ""border"", ""code"", ""declare"", ""height"", ""hspace"", ""vspace"", ""width"", NULL } ;","static const char* const object_attrs[] = { COREATTRS, ""classid"", ""codebase"", ""data"", ""type"", ""usemap"", ""name"", ""tabindex"", ""align"", ""archive"", ""border"", ""code"", ""declare"", ""height"", ""hspace"", ""vspace"", ""width"", NULL } ;
static const char* const ol_elt[] = { ""ol"", NULL } ;
static const char* const optgroup_",0.1748373955488205,"[[6412, 1133, 1555, 9, 1133, 2148, 62, 8723, 82, 4807, 405, 507, 6720, 1369, 24302, 50, 11, 440, 2176, 304, 950, 440, 2108, 4907, 950, 440, 2448, 950, 440, 2139, 950, 440, 319, 369, 373, 950, 440, 1523, 950, 440, 3594, 3531, 950, 440, 2167, 950, 440, 11416, 950, 440, 12214, 950, 440, 2108, 950, 440, 30209, 950, 440, 6107, 950, 440, 9507, 950, 440, 10071, 950, 440, 2166, 950, 4579, 611, 6203, 185, 6412, 1133, 1555, 9, 1133, 22374, 62, 3467, 4807, 405, 507, 440, 313, 950, 4579, 611, 6203, 185, 6412, 1133, 1555, 9, 1133, 1941, 3912, 62]]","[-0.009806551970541477, -0.00010144196130568162, -9.035655966727063e-05, -0.00020787939138244838, -7.343022298300639e-05, -0.5189559459686279, -0.0013450870756059885, -0.07985258102416992, -0.04883939027786255, -0.001720973290503025, -0.0021822466515004635, -0.005226875655353069, -0.5811492800712585, -9.536738616588991e-07, -7.593343616463244e-05, -4.827859811484814e-05, -0.23555119335651398, -0.27428698539733887, -0.8022144436836243, -0.005298144184052944, -0.005796409212052822, -0.02833816036581993, -0.22803620994091034, -0.014830459840595722, -0.005703603848814964, -0.06501689553260803, -1.128785252571106, -0.004199496004730463, -0.02239193767309189, -0.6796109080314636, -0.007649179082363844, -0.0334954559803009, -0.7540764808654785, -0.0011736417654901743, -1.3589766240329482e-05, -0.002779789036139846, -0.034370873123407364, -0.31543391942977905, -0.00642744917422533, -0.031594254076480865, -0.6184362173080444, -0.00010513706365600228, -0.00855708122253418, -0.1212739497423172, -0.26290759444236755, -0.0019377756398171186, -0.011117183603346348, -0.4434286952018738, -0.0015374518698081374, -0.022778525948524475, -0.15423667430877686, -0.0021350225433707237, -0.010772527195513248, -0.05152501165866852, -0.0036106412298977375, -0.04004780575633049, -0.04904825985431671, -0.002929921029135585, -0.007949145510792732, -0.12579457461833954, -0.0008833082392811775, -0.0037176560144871473, -0.40946823358535767, -0.0008596062543801963, -0.0022356535773724318, -0.1969393640756607, -0.003077059518545866, -0.022489968687295914, -0.019126510247588158, -0.044688981026411057, -0.37537339329719543, -0.03753221035003662, -0.00046302087139338255, -0.3877570927143097, -0.040104497224092484, -4.458328112377785e-05, -9.619726915843785e-05, -0.000271521887043491, -0.00020895205670967698, -1.8201878070831299, -0.006293715443462133, -1.308526873588562, -0.002039615996181965, -0.0012988949893042445, -0.004462640732526779, -0.024283472448587418, -0.034550655633211136, -0.017407843843102455, -0.05339234322309494, -0.01992543414235115, -0.00039772229501977563, -0.011408214457333088, -0.01421081367880106, -3.302042750874534e-05, -5.447716102935374e-05, -9.83428253675811e-05, -0.00020895205670967698, -1.4697171449661255, -0.031337808817625046, -0.0016052944120019674]",10.192534446716309,False,2.0,-14.243660031917443,-0.14243660031917443,100.0,-9.38149319197828,-0.1267769350267335,74.0,0.05241117874917711,0,90,144,105,0.625,-1.3790946713765595,-1.0199179425688782,True,66,0.66,87.0,0.7281553398058253,28.0,2.969258179776496
~/anvil/data/cve-targets/libpng_repo_pngrutil.c,1712,1691,1740,},},"   }
  ",0.0001113352773245,"[[243, 611, 185, 243]]","[-0.0017268045339733362, -0.0001102625101339072, -0.20321525633335114, -0.052524831146001816]",10.531249046325684,True,1.0,-0.2575771545234602,-0.06439428863086505,4.0,-0.2575771545234602,-0.06439428863086505,4.0,0.00686794866804117,1,2,2,2,1.0,-0.0017289619885813212,-1.028591139914029,False,1,0.25,0.0,1.0,0.0,0.8962637209441693
~/anvil/data/cve-targets/libxml2_repo_xmlmemory.c,289,257,325,xmlMutexUnlock(xmlMemMutex);,xmlMutexUnlock(xmlMemMutex);,    xmlMutexUnlock(xmlMemMutex);,0.0323446951806545,"[[315, 11815, 30738, 790, 2826, 4183, 7, 7056, 8989, 30738, 790, 477, 32014]]","[-0.12087282538414001, -0.23790104687213898, -0.09093008190393448, 0.0, -0.0004757702990900725, -2.253030106658116e-05, -9.142934868577868e-05, -9.512448741588742e-05, -5.23315102327615e-05, -1.1444026313256472e-05, 0.0, -2.8609820219571702e-05, -0.3907729983329773]",7.342057228088379,True,0.0,-0.4504811939532374,-0.03754009949610312,12.0,-0.4504811939532374,-0.04504811939532374,10.0,0.005213713911099436,1,9,9,9,1.0,-0.718003228876455,-1.052891043004087,False,11,0.9166666666666666,0.0,1.0,0.0,0.8950844724889064
~/anvil/data/cve-targets/sqlite3_repo_ext_misc_zipfile.c,1493,1401,1575,zPath = (const char*)sqlite3_value_text(apVal[2]);,zPath = (const char*)sqlite3_value_text(apVal[2]);,      zPath = (const char*)sqlite3_value_text(apVal[2]);,0.0315561816096305,"[[730, 1670, 4693, 405, 334, 2834, 1555, 10230, 6204, 547, 18, 62, 2824, 62, 818, 7, 373, 2174, 58, 17, 10111, 32014]]","[-0.0012400802224874496, -0.24335765838623047, -0.0018162912456318736, -0.001279131742194295, -0.1443450003862381, -0.0064313579350709915, -0.00013469743134919554, -0.0630871132016182, -0.0034736788365989923, -8.344646857949556e-07, -0.0002867764269467443, -0.00011383838864276186, -0.00038354191929101944, -2.2172682292875834e-05, -0.007794205565005541, -0.0006993946735747159, -0.00025233422638848424, -1.1205610462639015e-05, -6.794906312279636e-06, -0.16817648708820343, -0.0004627825692296028, -0.08321015536785126]",10.30625057220459,True,0.0,-0.6433753779084554,-0.0306369227575455,21.0,-0.6433753779084554,-0.0306369227575455,21.0,0.004415827684848767,1,26,26,26,1.0,-1.0300049342213589,-1.0228215959344982,False,20,0.9523809523809523,0.0,1.0,0.0,1.1974332489433106
~/anvil/data/cve-targets/sqlite3_repo_src_select.c,6330,6175,6480,"&& sqlite3ExprListCompare(sSort.pOrderBy, pEList, -1)==0",&& (p->selFlags & SF_Aggregate)==0,"   && (p->selFlags & SF_Aggregate)==0
   && pEList==pGroupBy
   && pGroupBy->nExpr==1
",0.9153966903686525,"[[243, 2956, 334, 79, 12, 29, 2868, 17512, 573, 25633, 62, 31009, 387, 8, 780, 15, 185, 243, 2956, 265, 36, 2245, 780, 79, 6725, 2704, 185, 243, 2956, 265, 6725, 2704, 12, 29, 77, 20567, 780, 16, 185]]","[-0.8245247602462769, -0.0023964515421539545, -0.4407106637954712, -0.028917964547872543, -0.0524333231151104, -7.152531907195225e-06, -0.021984094753861427, -7.617183291586116e-05, -0.0210574921220541, -0.09362880140542984, -3.2305197237292305e-05, -0.05539504438638687, -2.5987286790041253e-05, -0.014586360193789005, -0.001522573409602046, -0.0015926783671602607, -0.3144613206386566, -0.033646922558546066, -0.005462363362312317, -0.7990843653678894, -1.2151254415512085, -7.056941103655845e-05, -0.6506251096725464, -0.08599725365638733, -0.3042095899581909, -1.5139465176616795e-05, -0.4176004230976105, -0.3311958312988281, -0.00533976498991251, -0.9362750053405762, -1.1577653884887695, -4.815939246327616e-05, -1.1258183717727661, -0.00019751029321923852, -0.20321884751319885, -0.005915633402764797, -0.33282724022865295, -0.34662574529647827, -0.4374504089355469]",3.85225772857666,False,3.0,-10.267868230426757,-0.26327867257504506,39.0,-1.9070000679312216,-0.1059444482184012,18.0,0.043812193789816344,1,16,31,16,0.5161290322580645,-8.640346009274507,-1.148876768877337,True,24,0.6153846153846154,43.0,0.33333333333333337,17.0,1.8350549024328897
~/anvil/data/cve-targets/lua_repo_lvm.c,1678,1669,1682,L->oldpc = pc + 1;,vmbreak;,          vmbreak;,1.8387508392333984,"[[1574, 25244, 9351, 26, 32014]]","[-0.019405633211135864, -0.899310827255249, -0.13259190320968628, -0.005005684681236744, -0.23222976922988892]",8.73615550994873,False,0.0,-1.056314048357308,-0.264078512089327,4.0,-1.056314048357308,-0.264078512089327,4.0,0.13694809252637224,1,13,4,4,3.25,-6.962894575123265,-1.0168273084910364,True,10,2.5,17.0,0.07692307692307687,10.0,2.500249487080046
~/anvil/data/cve-targets/libxml2_repo_xmlmemory.c,415,405,446,TEST_POINT,if (size > RESERVE_SIZE,    if (size > RESERVE_SIZE,0.8201001882553101,"[[315, 562, 334, 3017, 1938, 27988, 1004, 10568, 62, 16736]]","[-0.16561540961265564, -0.3186120390892029, -0.25356751680374146, -0.3323855698108673, -1.2484139204025269, -0.6733064651489258, -0.0005477358354255557, -0.00011491115583339706, -0.0002790300059132278, -0.023753011599183083]",7.27933931350708,False,0.0,-3.016595609464275,-0.30165956094642754,10.0,-3.016595609464275,-0.30165956094642754,10.0,0.14061773501493866,1,2,7,7,0.2857142857142857,-2.718628196906226,-1.0545432161887753,True,4,0.4,20.0,0.24242424242424243,6.0,1.9964198839701037
~/anvil/data/cve-targets/libtiff_repo_libtiff_tif_dirwrite.c,2004,1971,2023,"if (!_TIFFmemcmp(tif->tif_dir.td_transferfunction[0],tif->tif_dir.td_transferfunction[1],m*sizeof(uint16_t)))","if (!_TIFFmemcmp(tif->tif_dir.td_transferfunction[0],tif->tif_dir.td_transferfunction[1],m*sizeof(uint16_t)))","		if (!_TIFFmemcmp(tif->tif_dir.td_transferfunction[0],tif->tif_dir.td_transferfunction[1],m*sizeof(uint16_t)))",0.0026910838205367,"[[184, 2944, 5036, 62, 22938, 3681, 7253, 66, 2782, 7, 83, 351, 12, 29, 83, 351, 62, 5634, 13, 1735, 62, 1831, 3994, 3344, 58, 15, 2705, 83, 351, 12, 29, 83, 351, 62, 5634, 13, 1735, 62, 1831, 3994, 3344, 58, 16, 2705, 76, 9, 3017, 990, 7, 9842, 16, 21, 62, 83, 13773, 32014]]","[-0.0004674295778386295, -0.007081055082380772, -0.03244675695896149, -0.0030198944732546806, -3.576278118089249e-07, -1.1920928244535389e-07, -0.0003333727945573628, -9.16677454370074e-05, -0.0006267252028919756, -0.003540439996868372, -0.0006400682032108307, -1.0728830375228426e-06, -8.22540732769994e-06, -3.576278118089249e-07, -3.576272320060525e-06, -2.3841855067985307e-07, -8.344646857949556e-07, -2.9802276912960224e-06, -2.9802276912960224e-06, -2.622600959512056e-06, -5.960462772236497e-07, -7.784063927829266e-05, -1.6689286894688848e-06, -1.2636104656849056e-05, -0.0001282609737245366, -0.06860857456922531, -0.00012003655137959868, -0.002484808210283518, 0.0, -2.145764938177308e-06, -3.576278118089249e-07, -5.483612312673358e-06, -1.1920928244535389e-07, -3.576278118089249e-07, -3.4570634852570947e-06, -2.9802276912960224e-06, -4.172316494077677e-06, -2.3841855067985307e-07, -7.712543447269127e-05, -5.960462772236497e-07, -7.629365427419543e-06, -3.2066785934148356e-05, -0.009525799192488194, -0.00020549570035655051, -0.005970145110040903, -0.00019572250312194228, -0.0008407871937379241, -1.311301275563892e-06, -0.0005236684810370207, -4.494089080253616e-05, -1.811964830267243e-05, -8.344646857949556e-07, -1.847726889536716e-05, -7.152555099310121e-07, -0.0076632569544017315, -0.11303839087486267]",11.732464790344238,True,0.0,-0.14485120049123168,-0.002633658190749667,55.0,-0.14485120049123168,-0.0026824296387265127,54.0,0.00010261396821323275,1,50,50,50,1.0,-1.0032262474606028,-1.0599486188740919,False,54,0.9818181818181818,0.0,1.0,0.0,1.3282920601179702
~/anvil/data/cve-targets/poppler_repo_splash_Splash.cc,5090,5076,5179,},},"    }
   ",0.0006342306733131,"[[315, 611, 185, 315]]","[-0.00015066919149830937, -0.0006347072194330394, -0.1829150915145874, -0.016495399177074432]",17.847394943237305,True,1.0,-0.20019586710259318,-0.050048966775648296,4.0,-0.20019586710259318,-0.050048966775648296,4.0,0.005927714537755198,1,2,2,2,1.0,-0.012672203127711515,-1.2350280569637646,False,1,0.25,0.0,1.0,0.0,0.145635415904102
~/anvil/data/cve-targets/php_repo_ext_phar_phar.c,717,632,1125,"PHAR_GET_32(buffer, manifest_flags);",/* extract flags */,"	/* extract flags */
	PHAR_GET_32(buffer, manifest_flags);
	PHAR",0.0772642418742179,"[[12740, 7815, 15307, 1641, 185, 184, 11914, 1522, 62, 11383, 62, 18, 17, 7, 10401, 11, 11759, 62, 17614, 477, 185, 184, 11914, 1522]]","[-0.8616053462028503, -0.9968909025192261, -1.0533456802368164, -0.4619460999965668, -0.01161043718457222, -0.06485647708177567, -0.08962185680866241, -1.6689286894688848e-06, -2.074220174108632e-05, -0.0005372511222958565, -6.90197994117625e-05, -0.003388023469597101, -1.7523612768854946e-05, -0.00040236959466710687, -0.0003046525234822184, -0.0008087463211268187, -0.06570588052272797, -4.768370445162873e-07, -0.0029169651679694653, -0.0011762612266466022, -0.16280366480350494, -0.858810544013977, -0.6328237056732178, -9.297892393078655e-05]",7.164755821228027,False,2.0,-5.269757274773269,-0.21957321978221955,24.0,-3.4502549432218075,-0.5750424905369679,6.0,0.17989742247330887,1,11,15,2,0.7333333333333333,-0.13436266562157775,-1.0575683781521374,True,14,0.5833333333333334,29.0,0.32727272727272727,10.0,1.9114584482891541
~/anvil/data/cve-targets/poppler_repo_poppler_GfxState.cc,2401,2386,2402,"alt->getGray(&color2, gray);","alt->getGray(&color2, gray);","        alt->getGray(&color2, gray);
}
void GfxSeparation",0.0277511458843946,"[[436, 2906, 12, 29, 703, 38, 1227, 9299, 3122, 17, 11, 14297, 477, 185, 92, 185, 4563, 452, 18498, 17384, 18789]]","[-0.17177927494049072, -0.21164166927337646, -0.004582142923027277, -3.671578815556131e-05, -0.00495005352422595, -0.005250592716038227, -3.802703940891661e-05, -0.1029522567987442, -0.00019858295854646713, -0.0004601611872203648, -0.00022289653134066612, -0.0025808855425566435, -0.0013721107970923185, -0.3884608745574951, -0.1808069944381714, -0.016131125390529633, -0.8383833169937134, -0.02445751614868641, -1.1444026313256472e-05, -0.024447744712233543, -7.1403817855753e-05]",7.477603435516357,True,2.0,-1.9788357901052223,-0.09423027571929629,21.0,-0.8945262445777189,-0.06389473175555135,14.0,0.01276626674103338,1,16,21,16,0.7619047619047619,-0.43432604100389705,-1.0493291966541713,False,12,0.5714285714285714,0.0,1.0,0.0,0.9864935625685526
~/anvil/data/cve-targets/php_repo_ext_exif_exif.c,1807,1770,1852,typedef struct {,typedef struct {,"typedef struct {
	char",0.0813356041908264,"[[20178, 2784, 507, 185, 184, 5897]]","[-0.11936287581920624, -0.02057880349457264, -0.10404745489358902, -0.18545129895210266, -0.5449039936065674, -1.1364027261734009]",5.53628396987915,True,1.0,-2.110747152939439,-0.3517911921565731,6.0,-0.9743444267660379,-0.1948688853532076,5.0,0.033387998056866666,0,4,5,4,0.8,-0.41738630589179176,-1.1015123358364447,False,3,0.5,0.0,1.0,0.0,0.6730672185283074
~/anvil/data/cve-targets/openssl_repo_crypto_x509_v3_addr.c,74,68,78,return ((f != NULL &&,return ((f != NULL && f->present &&,    return ((f != NULL && f->present &&,0.101520299911499,"[[315, 967, 8178, 69, 2069, 28, 4579, 2956, 267, 12, 29, 13832, 2956]]","[-0.020012138411402702, -0.04728899896144867, -0.4975224435329437, -0.03642911836504936, -0.05247969925403595, -0.0002308817347511649, -0.0008690156391821802, -0.07949602603912354, -0.17070689797401428, -0.001609936123713851, -8.344646857949556e-07, -0.6981165409088135, -1.1274006366729736]",5.075043678283691,False,0.0,-2.7321631680821383,-0.21016639754477986,13.0,-2.7321631680821383,-0.21016639754477986,13.0,0.11337695305434381,1,10,16,16,0.625,-0.4830472477878782,-1.114287395713414,True,7,0.5384615384615384,14.0,0.75,6.0,1.6995784515948313
~/anvil/data/cve-targets/libxml2_repo_valid.c,6151,6120,6153,ctxt->finishDtd = save;,ctxt->doc = NULL;,"    ctxt->doc = NULL;
    ctxt->finishDtd",0.1579113602638244,"[[315, 258, 9313, 12, 29, 7676, 405, 4579, 26, 185, 315, 258, 9313, 12, 29, 4647, 840, 35, 1735]]","[-0.04468362405896187, -0.2954978346824646, -4.3748852476710454e-05, -0.00024637524620629847, -3.4570634852570947e-06, -0.6523630619049072, -0.0046147750690579414, -0.022720377892255783, -0.00021026308240834624, -0.03404473885893822, -0.044588200747966766, -0.19314011931419373, -5.245195097813848e-06, -7.390703103737906e-05, -7.152555099310121e-07, -0.06887411326169968, -1.9073304429184645e-05, -0.0003094194398727268, -2.2053474822314456e-05]",8.12430477142334,False,1.0,-1.3614611037357918,-0.07165584756504167,19.0,-1.099016457459129,-0.099910587041739,11.0,0.037161322919399824,0,10,17,11,0.5882352941176471,-1.5805267984048057,-1.0325005373452805,True,11,0.5789473684210527,13.0,0.55,3.0,2.0103923712045595
~/anvil/data/cve-targets/libxml2_repo_xmlstring.c,445,430,455,size = xmlStrlen(str1);,size = xmlStrlen(str1);,    size = xmlStrlen(str1);,0.0061697587370872,"[[315, 2398, 405, 11815, 6624, 6446, 7, 2006, 16, 477, 32014]]","[-0.0841795802116394, -0.0344032384455204, -0.004923481959849596, -0.007209239527583122, -0.003037959337234497, -0.001814506365917623, -0.003566810628399253, -4.053033626405522e-05, -0.0004319211875554174, -0.005287353415042162, -0.18275900185108185]",10.084896087646484,True,0.0,-0.14489462141500553,-0.014489462141500552,10.0,-0.14489462141500553,-0.014489462141500552,10.0,0.0006299941290923901,1,12,12,12,1.0,-0.4258100595339455,-1.0171770746612732,False,9,0.9,0.0,1.0,0.0,1.0528471114165734
~/anvil/data/cve-targets/lua_repo_liolib.c,213,205,217,LStream *p = newprefile(L);,"LStream *p = lua_newuserdata(L, sizeof(LStream","  LStream *p = lua_newuserdata(L, sizeof(LStream",1.6782435178756714,"[[207, 412, 6620, 572, 79, 405, 284, 5713, 62, 1829, 3619, 2448, 7, 43, 11, 21343, 7, 43, 6620]]","[-0.025852259248495102, -0.33103179931640625, -0.008400226011872292, -0.004170411732047796, -0.0034726096782833338, -0.03951762244105339, -0.948861300945282, -0.28208866715431213, -0.5141037702560425, -0.016227426007390022, -0.025537513196468353, -0.00041929035796783864, -0.14670486748218536, -0.00014935807848814875, -0.00020037073409184813, -0.06198061257600784, -0.0924796387553215, -0.005808735266327858, -0.0010555178159847856]",9.122221946716309,False,0.0,-2.5080619970540283,-0.1320032630028436,19.0,-2.5080619970540283,-0.1320032630028436,19.0,0.05578532308506949,1,15,13,13,1.1538461538461537,-12.71365176661973,-1.0070604451416245,True,11,0.5789473684210527,25.0,0.5753424657534247,9.0,2.520416851503269
~/anvil/data/cve-targets/lua_repo_ldebug.c,754,747,794,lu_byte mask = L->hookmask;,int mask = ci->callstatus & CIST_TRACE;,  int mask = ci->callstatus & CIST_TRACE;,0.5228434205055237,"[[207, 1097, 12326, 405, 4533, 12, 29, 4749, 7430, 573, 339, 6900, 62, 3907, 11371, 26, 32014]]","[-0.003646155819296837, -0.6868610382080078, -0.02696138620376587, -0.04566263034939766, -0.7293888330459595, -0.01743326522409916, -3.957670196541585e-05, -0.7813244462013245, -0.10485575348138809, -0.10736377537250519, -0.587029755115509, -0.2706831693649292, -0.0015292390016838908, -0.9760541915893555, -0.3007459342479706, -0.9022818803787231, -0.6828274726867676]",9.63368034362793,False,0.0,-5.541861030305881,-0.3463663143941176,16.0,-5.541861030305881,-0.3463663143941176,16.0,0.12471932035990191,1,11,14,14,0.7857142857142857,-1.5095100151991088,-1.005767390747773,True,11,0.6875,29.0,0.4242424242424242,6.0,2.2055543772487662
~/anvil/data/cve-targets/poppler_repo_poppler_Parser.cc,270,188,287,"str = baseStr->makeSubStream(pos, true, length, std::move(dict));","baseStr = new BaseStream(baseStr, pos, length, true);","    baseStr = new BaseStream(baseStr, pos, length, true);
    // make stream
    str = new Stream(baseStr, std::move(",0.8187980055809021,"[[315, 3240, 6624, 405, 756, 12318, 6620, 7, 4907, 6624, 11, 984, 11, 3960, 11, 1917, 477, 185, 315, 1069, 1098, 5531, 185, 315, 1401, 405, 756, 21087, 7, 4907, 6624, 11, 6284, 1161, 13593, 7]]","[-0.0021451336797326803, -0.7234636545181274, -0.00023195437097456306, -0.08951820433139801, -0.24493390321731567, -0.7054043412208557, -0.006212684325873852, -0.04956921562552452, -0.5855657458305359, -0.007744998205453157, -0.07266552001237869, -0.16538134217262268, -0.012002155184745789, -0.20341184735298157, -0.1309289038181305, -1.7674002647399902, -0.20762768387794495, -0.5844204425811768, -0.009274259209632874, -0.8441765904426575, -0.9012488126754761, -0.7169430255889893, -0.2596260905265808, -0.0009538153535686433, -0.07990782707929611, -0.013232861645519733, -0.0405922457575798, -0.09015250205993652, -0.01553235575556755, -0.6684263348579407, -0.001559947500936687, -0.017070038244128227, -1.161471962928772, -0.00011896379146492109, -0.00888749584555626, -0.0002217047003796324]",11.96115493774414,False,2.0,-10.388024829029746,-0.2885562452508263,36.0,-5.5679022542753955,-0.2930474870671261,19.0,0.17908048345091213,0,29,32,19,0.90625,-2.7940796004619775,-1.066025970347125,True,22,0.6111111111111112,39.0,0.5932203389830508,17.0,2.2611696210066152
~/anvil/data/cve-targets/libxml2_repo_valid.c,1214,1186,1278,if (size - len < xmlStrlen(content->name) + 10) {,if (size - len < xmlStrlen(content->name) + 10) {,	    if (size - len < xmlStrlen(content->name) + 10) {,0.0948606878519058,"[[10212, 562, 334, 3017, 567, 10405, 1013, 11815, 6624, 6446, 7, 5064, 12, 29, 1523, 8, 4536, 16, 15, 8, 507, 32014]]","[-0.631633460521698, -0.14371134340763092, -0.12943418323993683, -0.1162722259759903, -0.010591249912977219, -0.019216792657971382, -0.1687299907207489, -0.11960469186306, -0.000969297660049051, -0.00034028460504487157, -0.020490864291787148, -0.0031393314711749554, -3.0278701160568744e-05, 0.0, -0.046788353472948074, -0.015019896440207958, -0.01623985916376114, -0.43821436166763306, -0.6003921627998352, -0.007963337004184723, -0.0012282931711524725, -0.3882993459701538]",5.95208215713501,True,0.0,-2.4900102587489528,-0.11857191708328346,21.0,-2.4900102587489528,-0.12450051293744764,20.0,0.035884487890957495,1,27,27,27,1.0,-0.7619300966219016,-1.0901214713543446,False,20,0.9523809523809523,0.0,1.0,0.0,0.9790649187912119
~/anvil/data/cve-targets/libsndfile_repo_src_common.c,591,470,684,int padding = size & 1 ;,size = (size > 254) ? 25,					size = (size > 254) ? 25,2.461578607559204,"[[1076, 184, 3017, 405, 334, 3017, 6213, 17, 20, 19, 8, 3015, 207, 17, 20]]","[-0.667714536190033, -0.9650479555130005, -0.1237892135977745, -0.7565909028053284, -0.08696496486663818, -0.013813845813274384, -0.8218576908111572, -0.17415209114551544, -0.006658391561359167, -0.5603453516960144, -0.005287946667522192, -0.0004962643142789602, -0.004326151218265295, -0.0013987767742946744, -0.00021455370006151497]",6.006250381469727,False,0.0,-4.188658636674518,-0.2792439091116345,15.0,-4.188658636674518,-0.2792439091116345,15.0,0.12152462177967337,1,11,12,12,0.9166666666666666,-8.815155952336738,-1.088646221865052,True,8,0.5333333333333333,18.0,0.45833333333333337,11.0,2.364098679458464
~/anvil/data/cve-targets/libsndfile_repo_src_aiff.c,1425,1408,1432,{    size_t chanmap_size = psf->sf.channels * sizeof (psf->channel_map [0]) ;,{,"		{
		unsigned chanmap_size ;
		chanmap_size = map_info->channel_count * sizeof (int) ;
		psf->channels = map_info->channel_",0.4944595694541931,"[[184, 5849, 185, 184, 184, 15546, 494, 261, 4008, 62, 3017, 6203, 185, 184, 184, 4975, 4008, 62, 3017, 405, 3579, 62, 4895, 12, 29, 15412, 62, 4241, 572, 21343, 334, 569, 8, 6203, 185, 184, 184, 829, 69, 12, 29, 358, 9982, 405, 3579, 62, 4895, 12, 29, 15412, 62]]","[-0.3175971508026123, -0.07812964171171188, -0.5714514255523682, -0.0076548573561012745, -0.5268826484680176, -0.7647302150726318, -0.18199074268341064, -0.004612164571881294, -0.007651663385331631, -0.0009845414897426963, -0.006386466324329376, -0.632775604724884, -0.006510476116091013, -0.013654402457177639, -0.11660869419574738, -0.2736372649669647, -6.592056161025539e-05, -0.0002493547508493066, -1.3351351299206726e-05, -0.05687955021858215, -0.8946054577827454, -0.0003507714136503637, -0.005031067878007889, -0.038790397346019745, -4.672895011026412e-05, -1.1454253196716309, -0.007891666144132614, -0.36084234714508057, -0.09631311148405075, -0.05907577648758888, -0.32376164197921753, -1.1978459358215332, -0.04025851935148239, -0.03583813086152077, -0.09322652965784073, -0.009432630613446236, -0.4833451807498932, -0.034638747572898865, -7.557583012385294e-05, -0.22640295326709747, -3.099436753473128e-06, -0.4181528687477112, -0.1332503855228424, -0.02748817764222622, -0.03377658873796463, -3.0874729418428615e-05, -7.438383181579411e-05, -0.001518169417977333, -5.960462772236497e-07, -0.0013098479248583317, -2.7418097943154862e-06]",9.38302993774414,False,3.0,-9.237272360617055,-0.1811229874630795,51.0,-1.5017157238908112,-0.30034314477816226,5.0,0.052032564379881144,1,33,34,2,0.9705882352941176,-1.6463154829766733,-1.0005155699867012,True,33,0.6470588235294118,76.0,0.02564102564102566,31.0,2.467919890358833
~/anvil/data/cve-targets/libtiff_repo_libtiff_tif_pixarlog.c,1152,1136,1165,*/,*/,"	 */
	if",0.2874793112277984,"[[184, 1641, 185, 2944]]","[-0.07799997925758362, -0.2874751091003418, -0.015651129186153412, -0.7814998030662537]",9.643619537353516,True,1.0,-1.1626260206103325,-0.2906565051525831,4.0,-0.3811262175440788,-0.12704207251469293,3.0,0.013517276131584351,1,3,7,3,0.42857142857142855,-2.262866982074385,-1.0060173347229948,False,1,0.25,0.0,1.0,0.0,1.05789786157499
~/anvil/data/cve-targets/libxml2_repo_xmlmemory.c,142,129,178,TEST_POINT,if (size == 0),"    if (size == 0)
	return(",0.78471839427948,"[[315, 562, 334, 3017, 7400, 15, 8, 185, 3404, 7]]","[-0.17289604246616364, -0.28339362144470215, -0.24855168163776398, -0.4224802553653717, -1.2096421718597412, -0.0014250847743824124, -0.003417011583223939, -1.2623062133789062, -0.7043638825416565, -0.10182851552963257]",6.532509326934815,False,1.0,-4.410304480581544,-0.44103044805815445,10.0,-3.6041120825102553,-0.4505140103137819,8.0,0.22292929624922778,1,2,11,12,0.18181818181818182,-1.7418290581749623,-1.0744172831195222,True,4,0.4,14.0,0.0,11.0,1.915749477305143
~/anvil/data/cve-targets/libtiff_repo_libtiff_tif_print.c,518,208,627,for (i = 1; i < td->td_samplesperpixel; i++),for (i = 1; i < td->td_transferfunctionlength; i++),				for (i = 1; i < td->td_transferfunctionlength; i++),0.1634158343076706,"[[1749, 11635, 334, 72, 1412, 16, 26, 460, 1013, 26508, 12, 29, 1735, 62, 1831, 3994, 3344, 4082, 26, 460, 3868, 8, 32014]]","[-0.007310544606298208, -0.02247912809252739, -0.17989274859428406, -0.007647049613296986, -0.021067529916763306, -0.01428120955824852, -0.0052288915030658245, -0.02801121398806572, -0.20802433788776398, -0.27006658911705017, -3.6000557884108275e-05, -4.529942543740617e-06, -0.0006572232232429087, -1.6689160474925302e-05, -0.4612521529197693, -0.2001539170742035, -0.07712376862764359, -0.9697269201278687, -0.20698481798171997, -0.016800343990325928, -0.005199481267482042, -0.0011398254428058863, -0.025832394137978554]",9.208507537841797,False,0.0,-2.7031049131933287,-0.12286840514515131,22.0,-2.7031049131933287,-0.12286840514515131,22.0,0.04821861559416956,1,23,23,23,1.0,-1.330006962445865,-1.0048904163655914,True,21,0.9545454545454546,18.0,0.736842105263158,1.0,2.2598356988798862
~/anvil/data/cve-targets/libtiff_repo_libtiff_tif_predict.c,343,335,352,tmsize_t wc = cc / 4;,tmsize_t wc = cc / 4;,"	tmsize_t wc = cc / 4;
	REPEAT4(w",0.0733424127101898,"[[19755, 1400, 938, 62, 83, 259, 66, 405, 26383, 889, 207, 19, 26, 185, 184, 1369, 3855, 1392, 19, 7, 86]]","[-0.17055563628673553, -8.070142939686775e-05, -2.3841855067985307e-07, -1.6093124941107817e-05, -2.7418097943154862e-06, -0.015336208045482635, -0.0007879013428464532, -0.010919813998043537, -0.14264656603336334, -0.4893572926521301, -0.06826113164424896, -0.008385567925870419, -0.0027013260405510664, -0.321539044380188, -1.0234862565994263, -0.7478924989700317, -0.0005006728461012244, -2.13382354559144e-05, -0.3739791214466095, -0.011266776360571384, -0.2266978621482849]",4.222916126251221,True,1.0,-3.614434789738624,-0.17211594236850591,21.0,-2.2540765197315693,-0.15027176798210462,15.0,0.07374583364345812,1,11,14,11,0.7857142857142857,-0.48806514819818925,-1.1382799217767419,False,13,0.6190476190476191,0.0,1.0,0.0,0.6170030919855188
~/anvil/data/cve-targets/php_repo_ext_exif_exif.c,3659,3617,3700,if (pos+length>=ImageInfo->Thumbnail.size) {,if (pos+length>=ImageInfo->Thumbnail.size) {,"		if (pos+length>=ImageInfo->Thumbnail.size) {
			exif_error_docref",0.1425260454416275,"[[184, 2944, 334, 937, 10, 4082, 25057, 6635, 4580, 12, 29, 1080, 4313, 28490, 13, 3017, 8, 507, 185, 459, 184, 790, 351, 62, 4014, 62, 7676, 632]]","[-0.021642232313752174, -0.6517626643180847, -0.12924416363239288, -0.5767590999603271, -0.13239853084087372, -0.10485446453094482, -0.5980336666107178, -0.005024069920182228, -1.966933996300213e-05, -4.8874615458771586e-05, -0.00021765247220173478, -0.00020632999076042324, -5.340433563105762e-05, -1.311301275563892e-06, -9.60780744208023e-05, -0.00010787858627736568, -0.056815918534994125, -0.12970373034477234, -0.13038556277751923, -0.05071117356419563, -0.16251370310783386, -0.07172903418540955, -3.099436753473128e-06, -2.3364747903542593e-05, -0.002901156432926655, -0.003559327218681574, -0.0007593132322654128, -1.4185804502631072e-05]",11.426387786865234,True,1.0,-2.829589660231022,-0.10105677357967936,28.0,-2.7506001791725794,-0.13098096091297998,21.0,0.041265195112976535,1,22,20,22,1.1,-1.0881432266809965,-1.0518689234818182,False,17,0.6071428571428571,0.0,1.0,0.0,1.072668639635071
~/anvil/data/cve-targets/php_repo_ext_phar_util.c,1475,1252,1478,},},	},0.0549423359334468,"[[1839, 32014]]","[-0.05494222417473793, -0.47593510150909424]",8.406944274902344,True,0.0,-0.05494222417473793,-0.05494222417473793,1.0,-0.05494222417473793,-0.05494222417473793,1.0,0.0,0,2,2,2,1.0,-1.000002034113299,-1.0252306161989455,False,1,1.0,0.0,1.0,0.0,0.9214932522787076
~/anvil/data/cve-targets/poppler_repo_poppler_GfxState.cc,4624,4513,4911,case 1:,case 1:,            case 1:,0.0014938688836991,"[[655, 1452, 207, 16, 25, 32014]]","[-0.001035987981595099, -0.003936281893402338, -5.722029527532868e-06, -0.0006015875260345638, -6.031808152329177e-05, -0.6347792744636536]",14.716838836669922,True,0.0,-0.005639897512082825,-0.001127979502416565,5.0,-0.005639897512082825,-0.001127979502416565,5.0,2.114295203407585e-06,0,5,5,5,1.0,-1.3243759133022004,-1.1420555871900537,False,4,0.8,0.0,1.0,0.0,0.5180446999122357
~/anvil/data/cve-targets/libsndfile_repo_src_wav.c,902,828,934,"psf_binheader_writef (psf, ""44"", BHW4 (psf->instrument->loop_count), BHW4 (0)) ;","psf_binheader_writef (psf, ""44"", BHW4 (0), BHW4 (0)) ; /* Loop start and end */","		psf_binheader_writef (psf, ""44"", BHW4 (0), BHW4 (0)) ; /* Loop start and end */
		psf_binheader_writef (psf, ""44"", BHW4 (0),",0.0759397819638252,"[[184, 184, 829, 69, 62, 4159, 7301, 62, 6449, 69, 334, 829, 69, 11, 440, 19, 19, 950, 380, 39, 54, 19, 334, 15, 650, 380, 39, 54, 19, 334, 15, 1435, 6203, 4535, 7997, 424, 1328, 285, 1223, 1641, 185, 184, 184, 829, 69, 62, 4159, 7301, 62, 6449, 69, 334, 829, 69, 11, 440, 19, 19, 950, 380, 39, 54, 19, 334, 15, 650]]","[-0.005399880465120077, -0.08894654363393784, -0.08397748321294785, -8.106198947643861e-06, -0.020610101521015167, -0.0012011463986709714, -8.702239938429557e-06, -9.536697689327411e-06, -0.00013839241000823677, -0.001157329068519175, -4.994744449504651e-05, -7.152531907195225e-06, -4.768370445162873e-07, -2.706014311115723e-05, -0.0005871717585250735, -0.08582834899425507, -0.2416185587644577, -0.24862252175807953, -0.0019936938770115376, -9.536288416711614e-05, -0.0010596857173368335, -0.005452285520732403, -0.01375258807092905, -0.6344119310379028, -0.014353599399328232, -0.0017147850012406707, -5.960446742392378e-06, -1.1086402082582936e-05, -0.00242380378767848, -0.006529662758111954, -0.3554595708847046, -0.0076567502692341805, -0.029927676543593407, -0.12918466329574585, -1.569777011871338, -0.18589337170124054, -1.2926632165908813, -1.1242618560791016, -0.14427587389945984, -1.1762452125549316, -0.037057094275951385, -0.004537998698651791, -0.034657977521419525, -0.031768761575222015, -4.410734163684538e-06, -0.003185438457876444, -0.0003780603874474764, -9.65590606938349e-06, -3.361645576660521e-05, -8.809178689261898e-05, -0.0007265550084412098, -5.5549986427649856e-05, -1.0371154530730564e-05, -1.1920928244535389e-07, -4.410646579344757e-05, -0.000409161759307608, -0.043165020644664764, -0.14926713705062866, -0.16485832631587982, -0.00109112320933491, -5.1973900554003194e-05, -0.0003796095261350274, -0.0031885281205177307, -0.008536279201507568, -0.3725362718105316, -0.00676448829472065]",7.382638931274414,False,1.0,-8.338153836129884,-0.1263356641837861,66.0,-7.551601179168188,-0.17561863207367878,43.0,0.14428825539789097,1,34,45,29,0.7555555555555555,-0.43241301373971264,-1.0518233818946325,True,41,0.6212121212121212,37.0,0.6666666666666667,8.0,2.193400783578325
~/anvil/data/cve-targets/openssl_repo_crypto_rsa_rsa_ameth.c,546,534,551,if (magma_int) {,if (magma_int == 1) {,"    if (magma_int == 1) {
        /* Success",0.4309996664524078,"[[315, 562, 334, 12072, 732, 62, 569, 7400, 16, 8, 507, 185, 436, 4535, 22184]]","[-0.1624867469072342, -0.10042095184326172, -0.021608984097838402, -0.0036087408661842346, -4.458328112377785e-05, -0.00013731967192143202, -0.0005178302526473999, -1.0938366651535034, -0.21867477893829346, -0.016086433082818985, -0.2597120702266693, -0.3522501289844513, -0.004579888191074133, -0.6383971571922302, -1.279093623161316]",13.345487594604492,False,1.0,-4.151455901850568,-0.27676372679003786,15.0,-2.2339651214970218,-0.17184347088438628,13.0,0.08378321698829314,1,10,13,13,0.7692307692307693,-2.5080945131885626,-1.1035651719647275,True,8,0.5333333333333333,5.0,0.8648648648648649,3.0,1.816738750535686
~/anvil/data/cve-targets/php_repo_ext_exif_exif.c,2970,2908,2994,},},"	}
#",0.0020161794964224,"[[1839, 185, 2]]","[-0.002016298472881317, -0.25793635845184326, -0.51116943359375]",8.982812881469727,True,1.0,-0.7711220905184746,-0.25704069683949154,3.0,-0.2599526569247246,-0.1299763284623623,2.0,0.01637376927490887,1,2,2,2,1.0,-0.015511897591462067,-1.0105764024192236,False,1,0.3333333333333333,0.0,1.0,0.0,0.9622301086105344
~/anvil/data/cve-targets/libsndfile_repo_src_ulaw.c,829,823,835,{,{,		{,3.1835944652557373,"[[184, 5849, 32014]]","[-0.058594826608896255, -0.0302115511149168, -0.7284315824508667]",8.774479866027832,True,0.0,-0.08880637772381306,-0.04440318886190653,2.0,-0.08880637772381306,-0.04440318886190653,2.0,0.00020140258194178366,1,2,2,2,1.0,-71.69742864992611,-1.0158535437558187,False,1,0.5,0.0,1.0,0.0,1.697845313054795
~/anvil/data/cve-targets/openssl_repo_crypto_x509_x509_vfy.c,1029,1021,1047,return 0;,return 0;,        return 0;,0.0004067423578817,"[[436, 967, 207, 15, 26, 32014]]","[-0.0008521024719811976, -0.00047291061491705477, -0.0003367095487192273, -0.000753476400859654, -3.957670196541585e-05, -0.2522827684879303]",12.450910568237305,True,0.0,-0.0024547757384425495,-0.0004909551476885099,5.0,-0.0024547757384425495,-0.0004909551476885099,5.0,8.544092188760893e-08,0,5,5,5,1.0,-0.8284715208643879,-1.079158508498184,False,4,0.8,0.0,1.0,0.0,0.746525574682227
~/anvil/data/cve-targets/php_repo_ext_exif_exif.c,2223,2210,2256,if ((f=image_info->info_list[section_index].list[i].name) != NULL) {,if ((f=image_info->info_list[section_index].list[i].name) != NULL) {,			if ((f=image_info->info_list[section_index].list[i].name) != NULL) {,0.0252268556505441,"[[459, 2944, 8178, 69, 28, 5468, 62, 4895, 12, 29, 4895, 62, 2493, 58, 2190, 62, 3531, 2975, 2493, 58, 72, 2975, 1523, 8, 2069, 28, 4579, 8, 507, 32014]]","[-0.008108199574053288, -0.13094428181648254, -0.07998155802488327, -0.00824393704533577, -0.009842673316597939, -0.0073078228160738945, -1.9073468138230965e-06, -1.8358061424805783e-05, -0.000120751719805412, -8.344646857949556e-07, -0.000521523819770664, -2.002696055569686e-05, -6.246371776796877e-05, -9.131014667218551e-05, -6.615896563744172e-05, -1.0728830375228426e-06, -1.311301275563892e-06, -2.098061486321967e-05, -0.0019955975003540516, -0.00047338721924461424, -0.00013195598148740828, -0.00012289722508285195, -0.3631870746612549, -0.11562041193246841, -0.003083952469751239, -0.000912250077817589, -0.0017044316045939922, -0.0032450894359499216, -0.0017328736139461398, -0.08128431439399719]",6.77847146987915,True,0.0,-0.7375650943176879,-0.025433279114403032,29.0,-0.7375650943176879,-0.025433279114403032,29.0,0.005185275837935386,0,39,39,39,1.0,-0.9918837259273409,-1.0678309044359406,False,28,0.9655172413793104,0.0,1.0,0.0,1.179972879691287
~/anvil/data/cve-targets/libtiff_repo_libtiff_tif_ojpeg.c,735,727,747,(void)s;,if (sp->libjpeg_,	if (sp->libjpeg_,0.7084283828735352,"[[2944, 334, 776, 12, 29, 2875, 73, 18399, 62]]","[-1.0842007398605347, -0.24221689999103546, -0.4628352224826813, -0.2971656322479248, -5.030505417380482e-05, -0.8438417911529541, -0.00033241944038309157, -2.6225699912174605e-05, -0.00547315226867795]",1.3342013359069824,False,0.0,-2.9361423881982773,-0.3262380431331419,9.0,-2.9361423881982773,-0.3262380431331419,9.0,0.1434335352935862,1,9,7,7,1.2857142857142858,-2.1715075779326463,-1.2235251410684813,True,5,0.5555555555555556,14.0,0.16666666666666663,9.0,1.4349327986914484
~/anvil/data/cve-targets/libtiff_repo_libtiff_tif_predict.c,419,408,430,assert(rowsize > 0);,assert(rowsize > 0);,		assert(rowsize > 0);,0.2081056386232376,"[[184, 27288, 7, 725, 3017, 6213, 15, 477, 32014]]","[-0.11942031979560852, -0.6607556343078613, -0.025524381548166275, -0.2665427625179291, -9.179073458653875e-06, -0.48664021492004395, -0.005190468393266201, -0.013538920320570469, -0.16861176490783691]",6.165104866027832,True,0.0,-1.5776218808769045,-0.19720273510961306,8.0,-1.5776218808769045,-0.19720273510961306,8.0,0.056059168957918445,1,12,12,12,1.0,-1.0552877905449145,-1.0843313870608022,False,7,0.875,0.0,1.0,0.0,0.8565338169402125
~/anvil/data/cve-targets/libxml2_repo_HTMLparser.c,544,389,694,*,*," *
 *",0.0021456095855683,"[[572, 185, 572]]","[-0.0021459662821143866, -0.1111125648021698, -0.0003743662964552641]",10.158029556274414,True,1.0,-0.11363289738073945,-0.03787763246024648,3.0,-0.11325853108428419,-0.05662926554214209,2.0,0.002968429898257736,0,2,3,2,0.6666666666666666,-0.03788870586660868,-1.0190385180073114,False,1,0.3333333333333333,0.0,1.0,0.0,0.9314865071395219
~/anvil/data/cve-targets/libxml2_repo_parser.c,2591,2479,2636,"xmlLoadEntityContent(ctxt, ent);",if (ent->name != NULL) {,"		    if (ent->name != NULL) {
		        const xmlChar",2.046236991882324,"[[459, 315, 562, 334, 289, 12, 29, 1523, 2069, 28, 4579, 8, 507, 185, 459, 436, 1133, 11815, 8061]]","[-0.7172868251800537, -0.005757415201514959, -1.7203439474105835, -0.3534209430217743, -0.9388138651847839, -0.0029333680868148804, -7.510157047363464e-06, -0.9983667135238647, -0.6045054793357849, -0.005234109237790108, -0.003302360652014613, -0.0241992324590683, -0.48509639501571655, -0.018104655668139458, -0.14672093093395233, -1.3867789506912231, -1.7001091241836548, -0.10447268187999725, -0.0008616310660727322]",7.20242977142334,False,1.0,-9.216316138889852,-0.48506927046788695,19.0,-7.410872701760127,-0.4631795438600079,16.0,0.28693466828451936,1,11,17,17,0.6470588235294118,-4.41780518809091,-1.056572777618131,True,10,0.5263157894736842,29.0,0.2142857142857143,15.0,2.382203850463148
~/anvil/data/cve-targets/poppler_repo_poppler_GfxState.cc,2420,2399,2421,"alt->getRGB(&color2, rgb);","alt->getRGB(&color2, rgb);","        alt->getRGB(&color2, rgb);
}
void GfxSeparation",0.0074182110838592,"[[436, 2906, 12, 29, 703, 49, 6691, 9299, 3122, 17, 11, 427, 17152, 477, 185, 92, 185, 4563, 452, 18498, 17384, 18789]]","[-0.034220319241285324, -0.07878849655389786, -0.000271879427600652, -3.0278701160568744e-05, -0.0007761088781990111, -0.0009274948388338089, -2.062299427052494e-05, -0.005514409858733416, -5.090107151772827e-05, -0.00012766500003635883, -0.00015090756642166525, -0.002370406873524189, -2.169585604860913e-05, -0.00042024365393444896, -0.4309139549732208, -0.0419950895011425, -0.011143825948238373, -0.5404858589172363, -0.008764726109802723, -1.1444026313256472e-05, -0.005515713710337877, -3.576272320060525e-06]",7.279904842376709,True,2.0,-1.162525619974076,-0.052842073635185276,22.0,-0.554605385488685,-0.03697369236591233,15.0,0.011506497950410853,1,16,21,16,0.7619047619047619,-0.20063484626973244,-1.054528306928345,False,13,0.5909090909090909,0.0,1.0,0.0,0.9627620339005075
~/anvil/data/cve-targets/libxml2_repo_xmlregexp.c,1804,1763,1821,#endif,#endif,"#endif
			",0.0039397617802023,"[[2, 9239, 185, 1749]]","[-0.007672957144677639, -0.00021217002358753234, -0.4843651056289673, -0.03321331739425659]",10.386284828186035,True,1.0,-0.525463550191489,-0.13136588754787226,4.0,-0.525463550191489,-0.13136588754787226,4.0,0.04168590341144859,0,2,3,2,0.6666666666666666,-0.02999075219406998,-1.0248701638319604,False,2,0.5,0.0,1.0,0.0,0.9107041195119789
~/anvil/data/cve-targets/sqlite3_repo_ext_fts5_fts5_hash.c,144,138,166,int nNew = pHash->nSlot*2;,int nNew = pHash->nSlot*2;,  int nNew = pHash->nSlot*2;,0.1142032667994499,"[[207, 1097, 291, 4843, 405, 265, 12597, 12, 29, 77, 11291, 301, 9, 17, 26, 32014]]","[-0.005128798540681601, -0.1905321180820465, -0.2567717432975769, -0.06634987890720367, -0.27484408020973206, -0.27480289340019226, -2.884823152271565e-05, -0.00011646069469861686, -4.410734163684538e-06, -0.0019163592951372266, -0.0030746827833354473, -0.0001255195093108341, -0.4656398892402649, -0.005323994439095259, -0.03103414550423622, -0.15259294211864471]",9.783679962158203,True,0.0,-1.575693822869198,-0.10504625485794652,15.0,-1.575693822869198,-0.10504625485794652,15.0,0.020668207784490265,0,14,14,14,1.0,-1.0871712366508102,-1.0095460894853074,False,14,0.9333333333333333,0.0,1.0,0.0,1.128956283252292
~/anvil/data/cve-targets/libsndfile_repo_src_common.c,598,470,684,"header_put_le_int (psf, size) ;","header_put_le_int (psf, size) ;","						header_put_le_int (psf, size) ;",0.0003095569263678,"[[4552, 184, 7301, 62, 915, 62, 275, 62, 569, 334, 829, 69, 11, 2398, 8, 6203, 32014]]","[-0.0013371107634156942, -0.0006220789509825408, -3.957670196541585e-05, -1.1920922133867862e-06, -1.9073468138230965e-06, -2.3841830625315197e-06, -0.0010124086402356625, -1.1920922133867862e-06, -0.0004359725280664861, -0.00017927470616996288, -9.536697689327411e-06, 0.0, -2.8729025871143676e-05, -0.0007717015105299652, -0.0018186711240559816, -8.749579137656838e-05, -0.09033320099115372]",13.652822494506836,True,0.0,-0.006349232154661877,-0.0003968270096663673,16.0,-0.006349232154661877,-0.0004232821436441251,15.0,3.009825939553474e-07,1,11,11,11,1.0,-0.7313252661753205,-1.1120769318936237,False,14,0.875,0.0,1.0,0.0,0.694969392175098
~/anvil/data/cve-targets/openssl_repo_crypto_pkcs7_pk7_doit.c,185,159,299,break;,break;,        break;,0.1762261390686035,"[[436, 2963, 26, 32014]]","[-0.003735114587470889, -0.38758349418640137, -3.1709168979432434e-05, -0.5232675671577454]",10.889583587646484,True,0.0,-0.3913503179428517,-0.13045010598095055,3.0,-0.3913503179428517,-0.13045010598095055,3.0,0.03306107553362316,0,4,4,4,1.0,-1.3509083625760914,-1.0378470301867246,False,2,0.6666666666666666,0.0,1.0,0.0,0.9271119291891526
~/anvil/data/cve-targets/libsndfile_repo_src_alaw.c,257,98,274,"0xa9, 0xa9, 0xa9, 0xa9, 0xa9, 0xa9, 0xa9, 0xa9, 0xa8, 0xa8, 0xa8, 0xa8,","0xa9, 0xa9, 0xa9, 0xa9, 0xa9, 0xa9, 0xa9, 0xa9, 0xa9, 0xa9, 0xa9, 0xa9,","	0xa9, 0xa9, 0xa9, 0xa9, 0xa9, 0xa9, 0xa9, 0xa9, 0xa9, 0xa9, 0xa9, 0xa9,
	0xa9, 0xa9, 0xa9, 0xa9, 0xa9, 0xa9,",0.039951417595148,"[[184, 15, 7287, 24, 11, 207, 15, 7287, 24, 11, 207, 15, 7287, 24, 11, 207, 15, 7287, 24, 11, 207, 15, 7287, 24, 11, 207, 15, 7287, 24, 11, 207, 15, 7287, 24, 11, 207, 15, 7287, 24, 11, 207, 15, 7287, 24, 11, 207, 15, 7287, 24, 11, 207, 15, 7287, 24, 11, 207, 15, 7287, 24, 11, 185, 184, 15, 7287, 24, 11, 207, 15, 7287, 24, 11, 207, 15, 7287, 24, 11, 207, 15, 7287, 24, 11, 207, 15, 7287, 24, 11, 207, 15, 7287, 24, 11]]","[-0.0010473009897395968, -2.8609820219571702e-05, -0.0019935749005526304, -0.11604594439268112, -2.4914430468925275e-05, -7.688703772146255e-05, -7.152555099310121e-07, -0.00011157367407577112, -0.00036638224264606833, -1.3828182090946939e-05, -0.00011550712952157483, -3.576278118089249e-07, -0.0005651307292282581, -0.0038035206962376833, -3.361645576660521e-05, -0.00019059749320149422, -1.0728830375228426e-06, -0.0011944787111133337, -0.018628526479005814, -5.173549288883805e-05, -0.00047958316281437874, -1.4424220353248529e-05, -0.006812441628426313, -0.5780086517333984, -4.541770613286644e-05, -3.909988299710676e-05, -9.536738616588991e-07, -0.00020954797219019383, -0.0006448334897868335, -6.794906312279636e-06, -4.4225667807040736e-05, -5.960462772236497e-07, -0.0004440752090886235, -0.001964426366612315, -1.5616295058862306e-05, -0.0001289761275984347, -2.50339189733495e-06, -0.0017563169822096825, -0.038259319961071014, -3.7431014789035544e-05, -0.0004999579978175461, -1.537788011773955e-05, -0.005565742030739784, -0.38773995637893677, -3.8742269680369645e-05, -6.48477507638745e-05, -7.152555099310121e-07, -0.0002416080387774855, -0.002493250882253051, -6.079655122448457e-06, -4.5536911784438416e-05, -1.0728830375228426e-06, -0.00034671969478949904, -0.0010515881003811955, -8.22540732769994e-06, -0.00019393471302464604, -2.9802276912960224e-06, -0.000501983508002013, -0.006753121502697468, -5.566918844124302e-05, -0.06999091804027557, -0.00010096516780322418, -1.811964830267243e-05, -0.008802775293588638, -0.475461483001709, -2.753696753643453e-05, -1.2278481335670222e-05, -9.536738616588991e-07, -0.00014423283573705703, -0.0002708068350329995, -6.794906312279636e-06, -2.6225699912174605e-05, -1.1920928244535389e-07, -0.00023982033599168062, -0.006748266983777285, -1.0847986231965479e-05, -6.05564855504781e-05, -3.576278118089249e-07, -0.0008386432309634984, -0.03815777227282524, -1.6093124941107817e-05, -0.0001538873475510627, -8.106198947643861e-06, -0.004183470271527767, -0.3136957287788391, -1.3947389561508317e-05, -8.22540732769994e-06, -1.1920928244535389e-07, -6.913899414939806e-05, -0.00023684080224484205, -3.814689989667386e-06]",12.417057037353516,False,1.0,-2.098145467237302,-0.023056543596014306,91.0,-1.2489285035471767,-0.020144008121728656,62.0,0.007735716715401063,0,25,37,25,0.6756756756756757,-1.9832903836081046,-1.0782455617361724,True,59,0.6483516483516484,4.0,0.9436619718309859,4.0,1.9865001207349682
~/anvil/data/cve-targets/openssl_repo_crypto_x509_v3_addr.c,1020,865,1170,},},"}
/*",0.0039058837573975,"[[92, 185, 4350]]","[-0.0039054087828844786, -0.4289351999759674, -0.057172540575265884]",10.834027290344238,True,1.0,-0.49001314933411777,-0.16333771644470593,3.0,-0.4328406087588519,-0.21642030437942594,2.0,0.04516258085040892,0,2,4,2,0.5,-0.01804767703565255,-1.0364065573059509,False,1,0.3333333333333333,0.0,1.0,0.0,0.8687414999908726
~/anvil/data/cve-targets/libtiff_repo_libtiff_tif_predict.c,364,353,388,uint8_t *tmp;,uint8_t *tmp;,"	uint8_t *tmp;
",0.0297068562358617,"[[184, 9842, 23, 62, 83, 572, 10801, 26, 185, 32014]]","[-0.24856635928153992, -0.0343749038875103, -0.007400597911328077, -4.362964682513848e-05, -1.5497195136049413e-06, -0.03890747204422951, -0.011439800262451172, -0.11270317435264587, -0.2562381327152252, -1.2848379611968994]",4.121527671813965,True,1.0,-0.7096756198212688,-0.07885284664680764,9.0,-0.7096756198212688,-0.07885284664680764,9.0,0.009674038166429878,1,7,7,7,1.0,-0.37673790483332387,-1.1411687925064269,False,7,0.7777777777777778,0.0,1.0,0.0,0.550690321937336
~/anvil/data/cve-targets/lua_repo_ldebug.c,237,210,238,"luaO_chunkid(ar->short_src, ar->source, ar->srclen);",},"}
static void callinfo (lua_Debug *ar, Closure *cl) {
  if (noLuaClosure(cl)) {
    ar->name = """,0.8687204718589783,"[[92, 185, 6412, 2494, 1280, 4895, 334, 2572, 64, 62, 14543, 572, 268, 11, 1854, 378, 453, 572, 535, 8, 507, 185, 207, 562, 334, 2459, 43, 5713, 1982, 378, 453, 7, 535, 1435, 507, 185, 315, 666, 12, 29, 1523, 405, 440]]","[-0.3188985586166382, -0.008818254806101322, -0.6993876099586487, -0.7355561852455139, -1.992527723312378, -0.12573108077049255, -0.01557237934321165, -0.019864782691001892, -6.270212179515511e-05, -0.0005293875001370907, -0.027513228356838226, -0.0008317348547279835, -0.003971072379499674, -0.2815886437892914, -1.0403387546539307, -0.00014006110723130405, -9.536697689327411e-06, -0.0048315441235899925, -0.016792723909020424, -0.3165966868400574, -0.010437662713229656, -0.02364334650337696, -0.011966700665652752, -1.6384645700454712, -0.13342222571372986, -0.526766300201416, -0.002947036875411868, -0.0004930472350679338, -0.0042188456282019615, -0.00022659118985757232, -1.811964830267243e-05, -0.0011136289685964584, -0.0006823595031164587, -0.023215048015117645, -0.18547557294368744, -0.10977686941623688, -0.0057523190043866634, -0.22475948929786682, -0.00011920218821614981, -2.7418097943154862e-06, -0.7301849722862244, -0.12084704637527466, -0.9100349545478821]",10.405598640441896,False,3.0,-10.274131301853913,-0.23893328608962588,43.0,-0.3277168134227395,-0.16385840671136975,2.0,0.02403744870280871,0,22,39,2,0.5641025641025641,-5.301653356053899,-1.025365137068368,True,27,0.627906976744186,52.0,0.0,21.0,2.341339801122058
~/anvil/data/cve-targets/php_repo_ext_phar_phar.c,77,69,145,"char *key, *lasts, *end;",char *key;,"	char *key;
	char *end;
	char *lasts;",0.1932195127010345,"[[184, 5897, 572, 2447, 26, 185, 184, 5897, 572, 408, 26, 185, 184, 5897, 572, 6358, 82, 26, 32014]]","[-0.06123916059732437, -0.02759997360408306, -0.007251727394759655, -0.4109593629837036, -0.6683989763259888, -0.00195693108253181, -0.016607141122221947, -0.012878578156232834, -0.005344744771718979, -0.5249162316322327, -0.04195348173379898, -0.0027437680400907993, -0.02577117085456848, -0.013032262213528156, -0.0031272100750356913, -0.0024154791608452797, -9.548207890475169e-05, -0.20777460932731628, -0.0590515062212944]",6.652083873748779,False,2.0,-2.034066291154886,-0.11300368284193812,18.0,-1.1940132731106132,-0.1705733247300876,7.0,0.059546026201514834,0,15,19,7,0.7894736842105263,-1.1327651202600515,-1.071210255001488,True,11,0.6111111111111112,14.0,0.5882352941176471,8.0,1.934810924997768
~/anvil/data/cve-targets/poppler_repo_poppler_Parser.cc,245,188,287,},},    },0.0003109686949755,"[[315, 611, 32014]]","[-0.002384559018537402, -0.0003103728231508285, -0.5661454200744629]",15.098785400390623,True,0.0,-0.0026949318416882306,-0.0013474659208441153,2.0,-0.0026949318416882306,-0.0013474659208441153,2.0,1.0755620932830574e-06,1,2,2,2,1.0,-0.23078037831242126,-1.1530129230729236,False,1,0.5,0.0,1.0,0.0,0.4438244417982454
~/anvil/data/cve-targets/libpng_repo_pngset.c,1031,950,1034,++np;,++np;,      ++np;,0.0094865430146455,"[[1032, 3868, 21889, 26, 32014]]","[-0.5518331527709961, -0.0006908176001161337, -0.02566405013203621, -0.0004015354788862169, -0.16577328741550446]",8.884072303771973,True,0.0,-0.5785895559820347,-0.14464738899550866,4.0,-0.5785895559820347,-0.14464738899550866,4.0,0.05537191046329565,0,6,6,6,1.0,-0.06558392156625834,-1.0130741064046425,False,3,0.75,0.0,1.0,0.0,1.000373505251433
~/anvil/data/cve-targets/sqlite3_repo_src_vdbe.c,2055,1933,2062,pIn3->flags = flags3;,pIn3->flags = flags3;,  pIn3->flags = flags3;,0.0680088251829147,"[[207, 265, 769, 18, 12, 29, 17614, 405, 15307, 18, 26, 32014]]","[-0.0024079871363937855, -0.5422886610031128, -0.0006335158832371235, -0.11413664370775223, -0.0007499027997255325, -1.9073468138230965e-06, -0.004620708059519529, -0.0005155664402991533, -0.002840890549123287, -0.0002520958660170436, -0.00043275527423247695, -0.0161100123077631]",9.401216506958008,True,0.0,-0.6688806340662268,-0.06080733036965698,11.0,-0.6688806340662268,-0.06080733036965698,11.0,0.024224365448949983,1,10,10,10,1.0,-1.1184313596646778,-1.0000607747425228,False,10,0.9090909090909091,0.0,1.0,0.0,1.1070378294665424
~/anvil/data/cve-targets/poppler_repo_poppler_GfxState.cc,3934,3805,4010,double b;,"// If a == 0,","        // If a == 0,",1.7618883848190308,"[[436, 1069, 1271, 245, 7400, 15, 11]]","[-0.0034575224854052067, -0.2599162459373474, -1.918583631515503, -0.28606411814689636, -0.0922185555100441, -3.0278701160568744e-05, -0.19608885049819946]",8.876779556274414,False,0.0,-2.756359202794556,-0.3937656003992223,7.0,-2.756359202794556,-0.3937656003992223,7.0,0.39885141485097453,0,5,2,2,2.5,-4.47445988941829,-1.0132588255843682,True,3,0.42857142857142855,12.0,0.09090909090909094,4.0,2.4040828867145834
~/anvil/data/cve-targets/lua_repo_ldebug.c,166,156,182,"return findvararg(ci, -n, pos);","name = luaG_getvarargname(L, ci, n);","      name = luaG_getvarargname(L, ci, n);",1.14496648311615,"[[730, 1208, 405, 284, 5713, 38, 62, 703, 1881, 1139, 1523, 7, 43, 11, 4533, 11, 291, 477, 32014]]","[-0.006610904820263386, -0.0711669847369194, -0.000337305391440168, -0.24933449923992157, -0.009328705258667469, -0.6204882264137268, -0.0010353925172239542, -0.8443666100502014, -0.5043390989303589, -0.04792258143424988, -0.17906755208969116, -0.0469934418797493, -0.7483174204826355, -0.047900423407554626, -0.6250125169754028, -0.3744474947452545, -0.2104232758283615, -0.3223424255847931, -0.4719334840774536]",11.321223258972168,False,0.0,-4.9094348597864155,-0.2727463810992453,18.0,-4.9094348597864155,-0.2727463810992453,18.0,0.07547388992183719,1,16,16,16,1.0,-4.19791631515553,-1.0491070732126102,True,12,0.6666666666666666,25.0,0.4776119402985075,10.0,2.2523527013288307
~/anvil/data/cve-targets/libxml2_repo_HTMLparser.c,3862,3808,3891,},},    },0.0002686616498976,"[[315, 611, 32014]]","[-0.0023022594396024942, -0.00030417583184316754, -0.6484920978546143]",9.15490436553955,True,0.0,-0.002606435271445662,-0.001303217635722831,2.0,-0.002606435271445662,-0.001303217635722831,2.0,9.980845258991317e-07,0,2,2,2,1.0,-0.20615255850845401,-1.0062379519195201,False,1,0.5,0.0,1.0,0.0,0.9775932331597528
~/anvil/data/cve-targets/libpng_repo_pngrutil.c,1633,1594,1691,"if (png_crc_finish(png_ptr, 0) != 0)","if (png_crc_finish(png_ptr, 0) != 0)","   if (png_crc_finish(png_ptr, 0) != 0)",0.0351984873414039,"[[243, 562, 334, 6320, 62, 66, 2607, 62, 4647, 840, 7, 6320, 62, 8856, 11, 207, 15, 8, 2069, 4084, 15, 8, 32014]]","[-0.023590954020619392, -0.23087336122989655, -0.1574423462152481, -0.248626708984375, -1.2755313036905136e-05, -0.024699566885828972, -7.748573807475623e-06, -4.768370445162873e-07, -0.015521323308348656, 0.0, -8.999896090244874e-05, -5.960446742392378e-06, -3.576278118089249e-07, 0.0, -3.981510963058099e-05, -0.20816965401172638, -0.0022172171156853437, -0.025760482996702194, -0.006921363528817892, -0.00048792376765049994, -4.207999518257566e-05, -0.0033435889054089785, -0.06354957818984985]",7.685070514678955,True,0.0,-0.9478536838344667,-0.04308425835611212,22.0,-0.9478536838344667,-0.047392684191723336,20.0,0.006569919997910217,0,19,19,19,1.0,-0.7426987506977072,-1.0439007550225292,False,21,0.9545454545454546,0.0,1.0,0.0,1.0420929985006617
~/anvil/data/cve-targets/libpng_repo_pngrtran.c,3987,3829,4027,else if (row_info->bit_depth == 16),else if (row_info->bit_depth == 16),      else if (row_info->bit_depth == 16),0.0085770776495337,"[[730, 1969, 562, 334, 725, 62, 4895, 12, 29, 3374, 62, 15369, 7400, 16, 21, 8, 32014]]","[-0.001553996349684894, -0.06285171955823898, -0.05589083954691887, -0.0005946775199845433, -0.001029080944135785, -5.9126061387360096e-05, -0.00022110878489911556, -2.6225699912174605e-05, -3.576278118089249e-07, -0.00027938754647038877, -2.264974000354414e-06, -4.0531076592742465e-06, -0.0064610871486365795, -0.00015746307326480746, -4.851700214203447e-05, -0.0008887869771569967, -0.00619692774489522]",10.19032096862793,True,0.0,-0.13006869192230397,-0.008129293245143998,16.0,-0.13006869192230397,-0.008129293245143998,16.0,0.0003789549688404664,0,16,16,16,1.0,-1.0550828209644405,-1.019861504979989,False,15,0.9375,0.0,1.0,0.0,1.089110266407861
~/anvil/data/cve-targets/libxml2_repo_xmlmemory.c,898,874,902,"xmlGenericError(xmlGenericErrorContext,","xmlGenericError(xmlGenericErrorContext,","     xmlGenericError(xmlGenericErrorContext,",0.0009370609768666,"[[251, 11815, 18366, 3419, 7, 7056, 18366, 3419, 4828, 11, 32014]]","[-0.06895311921834946, -0.0020268866792321205, -0.0002320735511602834, -0.00032300499151460826, -0.005031542386859655, -0.0003165697562508285, -4.172316494077677e-06, -9.381330892210826e-05, -0.00023731753753963858, -0.00021431533969007432, -0.009507732465863228]",6.96875,True,0.0,-0.07743281508601285,-0.0077432815086012855,10.0,-0.07743281508601285,-0.0077432815086012855,10.0,0.0004184742728918532,0,5,5,5,1.0,-0.12101600281814716,-1.062763334740549,False,9,0.9,0.0,1.0,0.0,0.8062759732716712
~/anvil/data/cve-targets/openssl_repo_crypto_x509_x509_req.c,39,16,51,pktmp = X509_get0_pubkey(x);,"if (!X509_REQ_set_pubkey(ret, X509_get_pubkey(","    if (!X509_REQ_set_pubkey(ret, X509_get_pubkey(",0.3110392689704895,"[[315, 562, 5036, 55, 20, 15, 24, 62, 1369, 48, 62, 1113, 62, 11225, 2447, 7, 2534, 11, 1439, 20, 15, 24, 62, 703, 62, 11225, 2447, 7]]","[-0.03485601395368576, -0.5544747114181519, -0.5931932330131531, -0.048574384301900864, -0.00013195598148740828, -6.568216485902667e-05, -3.242440288886428e-05, -0.024497415870428085, -0.1499592661857605, -0.00027807659353129566, -0.0004332319076638669, -0.01268202718347311, -0.0018231928115710616, -0.6051473021507263, -1.7881377516459906e-06, -0.010014290921390057, -0.0003355178632773459, -2.002696055569686e-05, -0.141503244638443, -5.066266385256313e-05, -9.298280929215252e-06, -9.65590606938349e-06, -3.564294092939235e-05, -0.003403824521228671, -0.008099685423076153, -0.060891952365636826, -3.576278118089249e-07, -0.00021765247220173478]",8.387195587158203,False,0.0,-2.2507425186624346,-0.08038366138080123,28.0,-2.2507425186624346,-0.08038366138080123,28.0,0.03197629116421298,1,12,10,10,1.2,-3.8694339574432206,-1.025736915155537,True,16,0.5714285714285714,31.0,0.5405405405405406,12.0,2.0940455141866376
~/anvil/data/cve-targets/lua_repo_ldebug.c,94,88,97,for (; ci != NULL; ci = ci->previous),if (isC(ci)),"    if (isC(ci))
      ci->u.c.trap = 1;",0.553227961063385,"[[315, 562, 334, 262, 34, 7, 2711, 1435, 185, 730, 4533, 12, 29, 84, 13, 66, 13, 648, 373, 1412, 16, 26, 32014]]","[-0.34345152974128723, -1.1386867761611938, -0.05990113690495491, -0.5319234728813171, -0.5937548279762268, -0.22843044996261597, -0.0005968220066279173, -0.041252847760915756, -0.1373550444841385, -0.012789487838745117, -0.056816257536411285, -0.0004545609117485583, -5.245195097813848e-06, -0.041223905980587006, -0.0013656823430210352, -0.06084046512842178, -0.005300278775393963, -0.07479121536016464, -0.015818702057003975, -0.08996729552745819, -0.004473322071135044, -0.0010442048078402877, -0.6344538331031799]",5.068750381469727,False,1.0,-3.4402435314123068,-0.15637470597328668,22.0,-3.088142395718023,-0.3088142395718023,10.0,0.11728923081720373,0,21,27,14,0.7777777777777778,-1.7914587158625959,-1.1144627230383206,True,14,0.6363636363636364,31.0,0.2857142857142857,17.0,1.9311052441459156
~/anvil/data/cve-targets/php_repo_ext_phar_phar.c,701,632,1125,"PHAR_GET_32(buffer, manifest_count);",/* extract manifest count */,"	/* extract manifest count */
	PHAR_GET_32(buffer, manifest_count);
	buffer",0.0463014058768749,"[[12740, 7815, 11759, 1683, 1641, 185, 184, 11914, 1522, 62, 11383, 62, 18, 17, 7, 10401, 11, 11759, 62, 4241, 477, 185, 184, 10401]]","[-0.7393010258674622, -0.7207447290420532, -1.4058363437652588, -1.3860231637954712, -0.36096617579460144, -0.0010191967012360692, -0.0740252211689949, -0.3376455008983612, -8.106198947643861e-06, -1.9550132492440753e-05, -0.0003813969960901886, -9.536288416711614e-05, -0.0016381428577005863, -2.3007127310847864e-05, -0.001500552985817194, -0.0011606630869209766, -0.010342100635170937, -0.0458914078772068, -5.960462772236497e-07, -0.011216796934604645, -0.004130404442548752, -0.39039018750190735, -0.743547797203064, -0.3255210816860199]",7.016666889190674,False,2.0,-6.5614285116296855,-0.2733928546512369,24.0,-4.687915856135078,-0.6697022651621539,7.0,0.2799634988250053,1,11,15,2,0.7333333333333333,-0.06913729919319299,-1.061490989154566,True,14,0.5833333333333334,23.0,0.5,10.0,1.8898473165019354
~/anvil/data/cve-targets/sqlite3_repo_src_window.c,1445,1290,1595,** eDelete:,** pVdbe:,"** pVdbe:
",0.9225693941116332,"[[742, 265, 53, 67, 1338, 25, 185]]","[-0.00025674383505247533, -1.099470615386963, -0.8973724246025085, -0.004400451667606831, -0.0003797286772169173, -0.2509133219718933, -0.03511662408709526]",13.164974212646484,False,1.0,-2.2879099102283362,-0.3268442728897623,7.0,-2.2879099102283362,-0.3268442728897623,7.0,0.19007612828669992,0,5,6,5,0.8333333333333334,-2.82265736509569,-1.098596185469692,True,4,0.5714285714285714,6.0,0.5,1.0,1.8946127574760019
~/anvil/data/cve-targets/poppler_repo_poppler_GfxState.cc,3568,3519,3593,},},        },7.73638384998776e-05,"[[436, 611, 32014]]","[-0.0012763934209942818, -8.77341881277971e-05, -0.0704273134469986]",15.20295238494873,True,0.0,-0.0013641276091220789,-0.0006820638045610394,2.0,-0.0013641276091220789,-0.0006820638045610394,2.0,3.5322769296968495e-07,0,2,2,2,1.0,-0.11342610175549073,-1.1560194831613395,False,1,0.5,0.0,1.0,0.0,0.4328350167199062
~/anvil/data/cve-targets/libxml2_repo_valid.c,5242,5203,5259,(cont->c1->type == XML_ELEMENT_CONTENT_ELEMENT)){,(cont->c1->type == XML_ELEMENT_CONTENT_ELEMENT)){,	       (cont->c1->type == XML_ELEMENT_CONTENT_ELEMENT)){,0.0009897305862978,"[[184, 1032, 334, 2098, 12, 29, 66, 16, 12, 29, 2139, 2312, 17170, 62, 36, 29174, 62, 25563, 4208, 62, 36, 29174, 31343, 32014]]","[-0.005477657541632652, -0.0009128456003963947, -0.00040284625720232725, -7.724463648628443e-05, -4.0531076592742465e-06, 0.0, -4.756337511935271e-05, -0.00012492353562265635, -4.076874756719917e-05, -1.1920928244535389e-07, -0.00011991735664196312, -0.00030179237364791334, -0.00021741411183029413, -1.1920928244535389e-07, -2.7418097943154862e-06, -1.1920928244535389e-07, -3.576278118089249e-07, -1.5497195136049413e-06, -1.1920928244535389e-07, -8.344646857949556e-07, -0.0007114263135008514, -6.794906312279636e-06, -0.01886286772787571, -0.003291191766038537]",11.108506202697754,True,0.0,-0.027314076050430458,-0.001187568523931759,23.0,-0.027314076050430458,-0.0012415489113832027,22.0,1.543718138150272e-05,0,16,16,16,1.0,-0.7971740599370722,-1.0435428072959474,False,21,0.9130434782608695,0.0,1.0,0.0,1.0011880609042934
~/anvil/data/cve-targets/poppler_repo_poppler_SplashOutputDev.cc,2214,2203,2320,if (t3GlyphStack->haveDx) {,if (t3GlyphStack->haveD1) {,    if (t3GlyphStack->haveD1) {,0.2622293829917907,"[[315, 562, 334, 83, 18, 38, 16703, 13427, 12, 29, 6281, 35, 16, 8, 507, 32014]]","[-0.0006586528033949435, -0.025849588215351105, -0.03379952162504196, -0.3675311207771301, -0.0003446938644628972, -0.02643420174717903, -5.07818695041351e-05, -0.0018116504652425647, -0.8080090880393982, -8.583032467868179e-06, -1.0038330554962158, -0.004098943900316954, -0.733944296836853, -0.08566609025001526, -0.010027981363236904, -0.4290599524974823]",13.751779556274414,False,0.0,-3.102068250285811,-0.20680455001905404,15.0,-3.102068250285811,-0.20680455001905404,15.0,0.11351735137758015,1,13,13,13,1.0,-1.2680058681863144,-1.1148315344719157,True,14,0.9333333333333333,1.0,0.962962962962963,1.0,1.7698175619785212
~/anvil/data/cve-targets/libxml2_repo_HTMLparser.c,2809,2772,2812,NEXT;,if (ret == NULL),        if (ret == NULL),0.5990706086158752,"[[436, 562, 334, 2534, 2312, 4579, 8]]","[-0.30161601305007935, -0.4215165972709656, -0.13120098412036896, -0.04718984663486481, -0.2108960598707199, -0.00035768310772255063, -0.0012225781101733446]",6.119616985321045,False,0.0,-1.1139997621648945,-0.1591428231664135,7.0,-1.1139997621648945,-0.1591428231664135,7.0,0.02218324921549932,1,4,13,13,0.3076923076923077,-3.764358308444957,-1.085565186884109,True,3,0.42857142857142855,15.0,0.09523809523809523,12.0,1.8538913865955788
~/anvil/data/cve-targets/libtiff_repo_libtiff_tif_predict.c,319,311,328,tmsize_t wc = cc / 2;,tmsize_t wc = cc / 2;,"	tmsize_t wc = cc / 2;
	if (wc > stride",0.0570133626461029,"[[19755, 1400, 938, 62, 83, 259, 66, 405, 26383, 889, 207, 17, 26, 185, 2944, 334, 86, 66, 1938, 1401, 543]]","[-0.14566151797771454, -5.793403761344962e-05, -1.1920928244535389e-07, -8.940656698541716e-06, -4.410734163684538e-06, -0.011870814487338066, -0.0007929041748866439, -0.01153478492051363, -0.13160990178585052, -0.3490799367427826, -0.031111687421798706, -0.0018273574532940984, -0.0024601928889751434, -0.2893337905406952, -1.0638427734375, -0.041197024285793304, -0.16339011490345, -2.7656173188006505e-05, -0.5756081938743591, -0.01671101525425911, -5.006777428206988e-06]",3.7258687019348153,True,1.0,-2.836136077737585,-0.13505409893988501,21.0,-0.9753542930316073,-0.06966816378797194,14.0,0.012672148181821793,1,11,17,11,0.6470588235294118,-0.8183560402082268,-1.1525126454523407,False,13,0.6190476190476191,0.0,1.0,0.0,0.5613687734511271
~/anvil/data/cve-targets/libtiff_repo_libtiff_tif_lzw.c,704,542,732,} while (codep);,} while (--len);,			} while (--len);,1.658587098121643,"[[459, 1839, 1470, 334, 374, 6446, 477, 32014]]","[-0.010466447100043297, -0.00012957210128661245, -0.10243568569421768, -0.013990778475999832, -0.07325830310583115, -0.026089560240507126, -0.08819688856601715, -0.15119431912899017]",13.79236125946045,False,0.0,-0.31456723528390285,-0.044938176469128975,7.0,-0.31456723528390285,-0.044938176469128975,7.0,0.001498347462779682,1,10,12,12,0.8333333333333334,-36.90819762704517,-1.1159631524730338,True,6,0.8571428571428571,4.0,0.75,3.0,2.0628871493808356
~/anvil/data/cve-targets/libtiff_repo_libtiff_tif_dirread.c,2080,2074,2081,"return TIFFReadDirEntryLong8ArrayWithLimit(tif, direntry, value, ~((uint64_t)0));",uint64_t* data;,"	uint64_t* data;
	uint32_t i;
	tsize_t count;
	tsize_t bytes;
	enum TIFFReadDirEntryErr err;
	count=TI",0.7916697263717651,"[[184, 9842, 21, 19, 62, 83, 9, 1189, 26, 185, 184, 9842, 18, 17, 62, 83, 460, 26, 185, 184, 1267, 938, 62, 83, 1683, 26, 185, 184, 1267, 938, 62, 83, 7879, 26, 185, 184, 16242, 323, 40, 3681, 4614, 13401, 11058, 12311, 1572, 26, 185, 184, 4241, 28, 22938]]","[-0.4399832487106323, -0.4601135849952698, -0.4187155067920685, -1.9430925021879375e-05, -0.014182372018694878, -4.2437604861333966e-05, -0.7362617254257202, -0.1619272381067276, -0.31290408968925476, -0.007000206504017115, -0.4614914357662201, -0.9336102604866028, -0.8451159596443176, -2.0146166207268834e-05, -0.011012136936187744, -1.0371154530730564e-05, -0.6667090058326721, -0.23949500918388367, -0.0024569821543991566, -0.7456541657447815, -1.0205605030059814, -0.0006549597019329667, -4.2437604861333966e-05, -0.0006469779182225466, -1.4586461782455444, -0.83131343126297, -0.002572205848991871, -0.679824709892273, -1.1833117008209229, -0.00824192725121975, -6.675497570540756e-05, -0.0002051381452474743, -2.178231954574585, -0.4972848892211914, -0.0026385514065623283, -0.7438347935676575, -1.63094961643219, -0.0069051445461809635, -0.0004648081958293915, -0.0003519630990922451, -0.024587564170360565, -0.005865267012268305, -0.005908641964197159, -0.0031718919053673744, -0.457329124212265, -0.24997828900814056, -0.0021077815908938646, -1.2996189594268799, -1.377288579940796, -0.20668305456638336, -0.7037752270698547]",1.6710505485534668,False,5.0,-21.03978834042664,-0.4125448694201302,51.0,-3.0126412765384885,-0.27387647968531714,11.0,0.05772327969468232,0,26,31,7,0.8387096774193549,-2.890608668847322,-1.2132648169700857,True,32,0.6274509803921569,71.0,0.20833333333333337,24.0,1.685176910359359
~/anvil/data/cve-targets/php_repo_ext_phar_phar.c,949,632,1125,"PHAR_GET_32(buffer, len);","MAPPHAR_FAIL(""internal corruption of phar \""%s\"" (truncated","			MAPPHAR_FAIL(""internal corruption of phar \""%s\"" (truncated",0.4038027822971344,"[[459, 184, 26959, 11914, 1522, 62, 5684, 4470, 1195, 11975, 24668, 280, 1118, 268, 23838, 4, 82, 7757, 334, 648, 8551, 612]]","[-0.007673666812479496, -0.10803725570440292, -0.8536829352378845, -4.100715523236431e-05, -1.9192511899746023e-05, -0.0003507714136503637, -0.07408621907234192, -8.821448318485636e-06, -0.001644331612624228, -0.3889435827732086, -0.0026188145857304335, -0.005845475476235151, -0.0017827346455305815, -1.4543427823809907e-05, -0.007184621877968311, -0.00011872540198964998, -7.664863369427621e-05, -0.018254728987812996, -0.01906850002706051, -0.7467617988586426, -0.038892339915037155, -0.0017034795600920916]",11.465970993041992,False,0.0,-2.27681019513966,-0.1034913725063482,22.0,-2.27681019513966,-0.1034913725063482,22.0,0.05552751686336546,1,11,9,9,1.2222222222222223,-3.901801401584127,-1.0529103472947283,True,12,0.5454545454545454,49.0,0.26190476190476186,10.0,2.0058673123557367
~/anvil/data/cve-targets/libtiff_repo_libtiff_tif_dir.c,1330,1306,1374,td->td_sampleformat = SAMPLEFORMAT_UINT;,td->td_xresolution = 72.0;,"	td->td_xresolution = 72.0;
	td->td_yresolution = 72.",0.2346624284982681,"[[184, 1735, 12, 29, 1735, 62, 87, 26193, 1412, 22, 17, 13, 15, 26, 185, 184, 1735, 12, 29, 1735, 62, 88, 26193, 1412, 22, 17, 13]]","[-0.09411164373159409, -0.002669344889000058, -2.8490614567999728e-05, -3.1470757676288486e-05, -0.00017307691450696439, -6.437280717364047e-06, -1.297149896621704, -0.015229725278913975, -0.2546311020851135, -0.19597125053405762, -0.0026159610133618116, -0.3456082046031952, -0.002158099552616477, -0.05383976921439171, -0.024835048243403435, -0.0012480573495849967, -5.006664650863968e-05, -6.437280717364047e-06, -1.1920928244535389e-07, -0.0002989322238136083, -5.483612312673358e-06, -0.004507025703787804, -3.40932747349143e-05, -0.0013196102809160948, -0.0006719953380525112, -7.688703772146255e-05, -0.000129691296024248]",3.268229484558105,False,1.0,-2.2974079205882774,-0.08508918224401027,27.0,-2.2903075786844056,-0.14314422366777535,16.0,0.09937906100943214,0,10,19,10,0.5263157894736842,-1.6393426328043674,-1.1657742382339766,True,16,0.5925925925925926,29.0,0.4242424242424242,2.0,1.5439224644592717
~/anvil/data/cve-targets/php_repo_ext_standard_dns.c,738,725,945,#if defined(HAVE_DNS_SEARCH),#if defined(HAVE_DNS_SEARCH),#if defined(HAVE_DNS_SEARCH),0.027527667582035,"[[2, 351, 4212, 7, 39, 20134, 62, 35, 5605, 62, 1871, 29705, 8, 32014]]","[-0.25147897005081177, -0.02046400122344494, -0.02452358789741993, -0.006002376321703196, -0.004107847809791565, -5.221230458118953e-05, -6.544376083184034e-05, -0.03444826975464821, -8.034383063204587e-05, -0.0010012142593041062, -0.012696857564151287, -6.556489552167477e-06, -0.0009099871967919171, -0.3191729784011841]",5.2819437980651855,True,0.0,-0.35583766846366416,-0.02737212834335878,13.0,-0.35583766846366416,-0.02737212834335878,13.0,0.004301881552824114,0,7,7,7,1.0,-1.0056823947602875,-1.1085386214157098,False,13,1.0,0.0,1.0,0.0,0.6688399775189164
~/anvil/data/cve-targets/php_repo_ext_exif_exif.c,3630,3617,3700,if (!data) {,if (!ImageInfo->Thumb,"
	if (!ImageInfo->Thumb",0.9176709055900574,"[[185, 2944, 5036, 6635, 4580, 12, 29, 1080, 4313]]","[-0.34551841020584106, -0.3406134843826294, -0.44736188650131226, -0.3551734685897827, -1.645074735279195e-05, -0.03925483301281929, -1.1920922133867862e-06, -0.016208894550800323, -4.5298504119273275e-05]",5.906249046325684,False,1.0,-1.5441939185868705,-0.17157710206520782,9.0,-1.5441939185868705,-0.17157710206520782,9.0,0.033170746971347906,1,12,9,9,1.3333333333333333,-5.34844623521673,-1.0913712787043928,True,5,0.5555555555555556,15.0,0.36363636363636365,10.0,1.9992710118923158
~/anvil/data/cve-targets/php_repo_ext_exif_exif.c,133,118,137,exif_globals->decode_jis_be     = NULL;,exif_globals->decode_jis_be     = NULL;,	exif_globals->decode_jis_be     = NULL;,0.0003264225379098,"[[184, 790, 351, 62, 30420, 909, 12, 29, 28991, 62, 73, 262, 62, 1338, 251, 405, 4579, 26, 32014]]","[-0.0016229089815169573, -0.00018094333063345402, -7.152555099310121e-07, -1.1920922133867862e-06, -3.6954811548639555e-06, 0.0, -2.3841830625315197e-06, -1.1920928244535389e-07, -0.004057746846228838, -1.1920922133867862e-06, -0.00023767507809679955, -1.5258672647178173e-05, -8.022463589441031e-05, -0.0003594706067815423, -0.0027052494697272778, -9.178694017464295e-05, -0.0001778444420779124, -2.109982233378105e-05, -0.026549482718110085]",9.277082443237305,True,0.0,-0.00955950713954934,-0.0005310837299749633,18.0,-0.00955950713954934,-0.0005623239493852553,17.0,1.2003476823813505e-06,0,11,11,11,1.0,-0.5804884146703199,-1.0031691356146024,False,17,0.9444444444444444,0.0,1.0,0.0,1.091040075942651
~/anvil/data/cve-targets/openssl_repo_crypto_asn1_a_type.c,125,-30,275,},},"}
int",0.0019801310263574,"[[92, 185, 569]]","[-0.0019802500028163195, -0.47474926710128784, -1.058732271194458]",13.909767150878906,True,1.0,-1.5354617882985622,-0.5118205960995207,3.0,-0.47672951710410416,-0.23836475855205208,2.0,0.055877635882063716,0,2,3,2,0.6666666666666666,-0.008307146737570251,-1.1192434804585547,False,1,0.3333333333333333,0.0,1.0,0.0,0.5670302976264807
~/anvil/data/cve-targets/poppler_repo_poppler_Parser.cc,322,305,331,},},    },0.0006507901125587,"[[315, 611, 32014]]","[-0.05792151391506195, -0.0006509092636406422, -0.5394836664199829]",13.115277290344238,True,0.0,-0.05857242317870259,-0.029286211589351296,2.0,-0.05857242317870259,-0.029286211589351296,2.0,0.00081998053928485,0,2,2,2,1.0,-0.0222217240551295,-1.097232111791683,False,1,0.5,0.0,1.0,0.0,0.6467640089897935
~/anvil/data/cve-targets/libxml2_repo_HTMLparser.c,2744,2727,2765,NEXT;,NEXT;,    NEXT;,0.0526969544589519,"[[315, 461, 13532, 26, 32014]]","[-0.00888135191053152, -0.1537979692220688, -2.9205850296420977e-05, -0.004432139918208122, -0.3771330416202545]",9.892361640930176,True,0.0,-0.16714066690110485,-0.04178516672527621,4.0,-0.16714066690110485,-0.04178516672527621,4.0,0.004192084458197716,1,4,4,4,1.0,-1.2611402224482462,-1.0122927983522594,False,3,0.75,0.0,1.0,0.0,0.9907389884210314
~/anvil/data/cve-targets/libsndfile_repo_src_ulaw.c,808,653,958,"i2ulaw_array (const int *ptr, int count, unsigned char *buffer)","i2ulaw_array (const int *ptr, int count, unsigned char *buffer)","i2ulaw_array (const int *ptr, int count, unsigned char *buffer)",0.0031005025375634,"[[72, 17, 341, 2258, 62, 2482, 334, 2834, 1097, 572, 8856, 11, 1097, 1683, 11, 13680, 1555, 572, 10401, 8, 32014]]","[-0.042764533311128616, -3.3378044463461265e-05, -3.0517112463712692e-05, -2.9802276912960224e-06, -3.9457496313843876e-05, -5.829164365422912e-05, -0.0013388964580371976, -0.010317914187908173, -0.002342815510928631, -0.00168503331951797, -0.0005392765742726624, -0.0001006075763143599, -0.0011869773734360933, -0.00013553177996072918, -7.283422019099817e-05, -0.0011478032683953643, -7.998623186722398e-05, -0.00030751267331652343, -0.000388665939681232, -0.0004773192631546408, -0.030077027156949043]",11.150174140930176,True,0.0,-0.06305033221269696,-0.003152516610634848,20.0,-0.06305033221269696,-0.003152516610634848,20.0,8.750780283341119e-05,0,25,25,25,1.0,-0.9835007774753727,-1.0446304306162948,False,20,1.0,0.0,1.0,0.0,1.1000061770039988
~/anvil/data/cve-targets/poppler_repo_fofi_FoFiType1C.cc,769,741,1040,if (charset[i] >= nCIDs) {,if (charset[i] + 1 > nCIDs) {,            if (charset[i] + 1 > nCIDs) {,0.1180387884378433,"[[655, 562, 334, 5897, 1113, 58, 72, 60, 4536, 16, 1938, 291, 34, 1796, 82, 8, 507, 32014]]","[-0.0008046964649111032, -0.03873604163527489, -0.06474016606807709, -0.24242645502090454, -0.0005638201837427914, -0.007758719846606255, -0.00025197668583132327, -0.0015062665333971381, -0.7031598091125488, -0.0003833036171272397, -0.014822708442807198, -0.003227503504604101, -0.0003134713042527437, -0.0002675890573300421, -3.099436753473128e-06, -0.0028871302492916584, -0.00024041623692028224, -0.01920650154352188]",12.581987380981444,False,0.0,-1.0820931734003807,-0.0636525396117871,17.0,-1.0820931734003807,-0.0636525396117871,17.0,0.028842378221475555,0,18,21,21,0.8571428571428571,-1.8544238636471468,-1.0827006253894167,True,14,0.8235294117647058,5.0,0.9090909090909091,4.0,1.9092785362590219
~/anvil/data/cve-targets/libsndfile_repo_src_flac.c,339,331,397,{	case FLAC__METADATA_TYPE_STREAMINFO :,{	case FLAC__METADATA_TYPE_STREAMINFO :,		{	case FLAC__METADATA_TYPE_STREAMINFO :,0.1149787753820419,"[[184, 5849, 14288, 17235, 2585, 1437, 44, 2421, 3195, 10216, 62, 10441, 62, 1428, 1369, 2348, 17980, 1191, 32014]]","[-0.1623552143573761, -0.0006665153778158128, -0.10326990485191345, -0.002961418591439724, -3.576278118089249e-07, -2.276871418871451e-05, -5.1020273531321436e-05, -9.536738616588991e-07, 0.0, -4.768370445162873e-07, -4.0531076592742465e-06, -1.5497195136049413e-06, -8.582700684200972e-05, -0.000735608336981386, 0.0, -1.4305104514278355e-06, -0.00011073929636040702, -0.009432157501578331, -0.6413246393203735]",10.493749618530272,True,0.0,-0.27969999578436955,-0.015538888654687198,18.0,-0.27969999578436955,-0.017481249736523097,16.0,0.001820911417589754,1,8,8,8,1.0,-6.577262902538363,-1.0276273022970543,False,17,0.9444444444444444,0.0,1.0,0.0,0.995202220091085
