file,masked_line_no,cntx_start,cntx_end,masked_line,prediction,whole_prediction,loss,generated_tokens,log_prob_scores,first_token_var,exact_match,num_generated_lines,log_seq_prob,normalized_seq_prob,generated_token_length,log_seq_prob_first_line,normalized_log_seq_prob_first_line,first_line_length,seq_prob_first_line_var,vul_label,mask_ast_complexity,pred_ast_complexity,first_line_pred_ast_complexity,mask_pred_ast_ratio,loss_to_pred_ratio,scaled_first_token_var,neg_exact_match,masked_line_token_length,length_ratio,lev_dist,lev_ratio,ast_dist,new_score
~/anvil/data/cve-targets/libsndfile_repo_src_flac.c,8,-147,158,** (at your option) any later version.,** (at your option) any later version.,"** (at your option) any later version.
**
** This program",0.0280531756579875,"[[742, 334, 253, 518, 3464, 8, 683, 3455, 2615, 13, 185, 742, 185, 742, 997, 2031]]","[-0.0042641907930374146, -0.005003193859010935, -0.2002413421869278, -0.000263894529780373, -0.001946580014191568, -0.0013097288319841027, -0.01939043402671814, -6.067568756407127e-05, -0.00036149643710814416, -0.04336560145020485, -0.012037727050483227, -0.1667202115058899, -0.40458551049232483, -0.0029882797971367836, -0.04194044694304466, -0.013525983318686485]",10.825183868408203,True,2.0,-0.9180052969240933,-0.05737533105775583,16.0,-0.2882448648670106,-0.026204078624273694,11.0,0.003181254459003606,0,16,23,16,0.6956521739130435,-1.070565237581028,-1.0578463403432474,False,10,0.625,0.0,1.0,0.0,1.0127765163421474
~/anvil/data/cve-targets/libtiff_repo_libtiff_tif_print.c,262,208,627,break;,break;,"				break;
			case",0.0505212061107158,"[[1749, 20702, 26, 185, 459, 14288]]","[-0.13662897050380707, -0.09037306159734726, -0.00036042393185198307, -0.3869827389717102, -0.0013892533024773002, -0.0013099670177325606]",17.386070251464844,True,1.0,-0.6170444153249264,-0.10284073588748772,6.0,-0.6157344483071938,-0.12314688966143876,5.0,0.020153336773834223,0,4,5,4,0.8,-0.41025158044682314,-1.246397320691517,False,2,0.3333333333333333,0.0,1.0,0.0,0.38986225763050086
~/anvil/data/cve-targets/libsndfile_repo_src_alaw.c,326,320,332,{,{,		{,3.61046314239502,"[[184, 5849, 32014]]","[-0.04796314612030983, -0.08991772681474686, -0.15740720927715302]",6.971527099609375,True,0.0,-0.1378808729350567,-0.06894043646752834,2.0,-0.1378808729350567,-0.06894043646752834,2.0,0.000440046710311507,1,2,2,2,1.0,-52.37076130342728,-1.0409214518822543,False,1,0.5,0.0,1.0,0.0,1.3466978714864049
~/anvil/data/cve-targets/sqlite3_repo_src_expr.c,5730,5707,5837,"assert( !ExprHasProperty(pExpr, EP_TokenOnly|EP_Reduced) );",if( pCol->iTable==pExpr->iTable &&,"          if( pCol->iTable==pExpr->iTable &&
              pCol->iColumn==pExpr->iColumn ){",0.4261305630207062,"[[1574, 562, 7, 265, 2608, 12, 29, 72, 5127, 780, 79, 20567, 12, 29, 72, 5127, 2956, 185, 3462, 265, 2608, 12, 29, 72, 8517, 780, 79, 20567, 12, 29, 72, 8517, 2189, 90]]","[-0.018919719383120537, -0.2111196368932724, -0.0015140033792704344, -0.12508708238601685, -0.4266168177127838, -0.0684596374630928, -1.3589766240329482e-05, -0.3179526627063751, -0.20126010477542877, -0.05435563996434212, -0.01615259237587452, -0.02111935429275036, -7.319182623177767e-05, -7.629365427419543e-06, -0.024494508281350136, -0.011738277971744537, -0.13121865689754486, -0.1613527238368988, -0.014662250876426697, -0.0053537567146122456, -0.0006690170848742127, -6.079655122448457e-06, -8.344646857949556e-07, -0.0016964580863714218, -0.0038239466957747936, -0.0005212855176068842, -0.0010433712741360068, -0.0003311085747554898, -1.5735502529423684e-05, -3.576278118089249e-07, -0.0016598032088950276, -0.0005613181856460869, -0.06353873014450073, -0.02055521309375763]",6.4689249992370605,False,1.0,-1.9058950959852723,-0.05605573811721389,34.0,-1.8061180801541923,-0.09505884632390486,19.0,0.013949812869195341,0,21,31,14,0.6774193548387096,-4.482808065739645,-1.054083200449269,True,21,0.6176470588235294,47.0,0.30107526881720426,20.0,2.1292639406522347
~/anvil/data/cve-targets/libtiff_repo_libtiff_tif_dirwrite.c,2004,1971,2023,"if (!_TIFFmemcmp(tif->tif_dir.td_transferfunction[0],tif->tif_dir.td_transferfunction[1],m*sizeof(uint16_t)))","if (!_TIFFmemcmp(tif->tif_dir.td_transferfunction[0],tif->tif_dir.td_transferfunction[1],m*sizeof(uint16_t)))","		if (!_TIFFmemcmp(tif->tif_dir.td_transferfunction[0],tif->tif_dir.td_transferfunction[1],m*sizeof(uint16_t)))",0.0219935979694128,"[[184, 2944, 5036, 62, 22938, 3681, 7253, 66, 2782, 7, 83, 351, 12, 29, 83, 351, 62, 5634, 13, 1735, 62, 1831, 3994, 3344, 58, 15, 2705, 83, 351, 12, 29, 83, 351, 62, 5634, 13, 1735, 62, 1831, 3994, 3344, 58, 16, 2705, 76, 9, 3017, 990, 7, 9842, 16, 21, 62, 83, 13773, 32014]]","[-0.005434738472104073, -0.09018398076295853, -0.12072639912366867, -0.00915460754185915, -0.00010692501382436603, -8.344646857949556e-07, -0.001758220954798162, -0.00110600795596838, -6.544376083184034e-05, -0.026782440021634102, -0.0015827997121959925, -2.622600959512056e-06, -7.390948667307384e-06, -4.291525328881107e-06, -7.390948667307384e-06, -2.3841855067985307e-07, -3.4570634852570947e-06, -3.4927710657939315e-05, -5.602820692729438e-06, -2.4914430468925275e-05, -3.6954811548639555e-06, -0.0016382618341594934, -4.172316494077677e-06, -1.6689160474925302e-05, -0.0010186012368649244, -0.729126513004303, -0.002372904447838664, -0.019066747277975082, -4.768370445162873e-07, -9.894321920000948e-06, 0.0, -1.597391747054644e-05, -9.536738616588991e-07, -2.6464111215318553e-05, -0.00015901254664640874, -5.245071224635467e-05, -0.0001234931987710297, -0.0001012035645544529, -0.004542152397334576, -2.6464111215318553e-05, -7.462222856702283e-05, -0.0010886224918067455, -0.06324994564056396, -0.0004689785710070282, -0.08434569835662842, -0.00500698946416378, -0.007588962092995644, -5.602820692729438e-06, -0.00011467275908216834, -0.0013711584033444524, -0.001492934999987483, -1.1920928244535389e-07, -4.6491513785440475e-06, -2.3841855067985307e-07, -0.014994177967309952, -0.3998605012893677]",7.700694561004639,True,0.0,-1.1951067309789138,-0.021729213290525705,55.0,-1.1951067309789138,-0.022131606129239145,54.0,0.009836792531133468,1,50,50,50,1.0,-0.9937642049555537,-1.0221182052087046,False,54,0.9818181818181818,0.0,1.0,0.0,1.4911097078560034
~/anvil/data/cve-targets/poppler_repo_fofi_FoFiType1C.cc,1222,1211,1225,if(ok) {,if (ok) {,"                    if (ok) {
                        if (",1.164769411087036,"[[1817, 562, 334, 541, 8, 507, 185, 3081, 562, 334]]","[-0.1432817280292511, -0.3530921936035156, -0.07422900199890137, -0.08417651057243347, -0.12433614581823349, -0.03641555830836296, -0.4856714606285095, -0.015178886242210865, -1.6747280359268188, -0.11135777086019516]",9.84462070465088,False,1.0,-3.1024672919884324,-0.3102467291988432,10.0,-1.3163814852014184,-0.1645476856501773,8.0,0.024260573739810613,1,10,9,10,1.1111111111111112,-7.0786131478220575,-1.0322294811796047,True,5,0.5,1.0,0.9411764705882353,0.0,2.153577905996483
~/anvil/data/cve-targets/poppler_repo_splash_Splash.cc,5090,5076,5179,},},"    }
   ",0.0001864259538706,"[[315, 611, 185, 315]]","[-0.0016245751176029444, -0.00017951308109331876, -0.27710938453674316, -0.02657107450067997]",16.489582061767578,True,1.0,-0.3054845472361194,-0.07637113680902985,4.0,-0.3054845472361194,-0.07637113680902985,4.0,0.01354202557942452,1,2,2,2,1.0,-0.002441052492602908,-1.2187735201786918,False,1,0.25,0.0,1.0,0.0,0.4325201963636612
~/anvil/data/cve-targets/libtiff_repo_libtiff_tif_dirread.c,5739,5720,5775,return;,{,"        {
            return;",0.0758858174085617,"[[436, 507, 185, 655, 967, 26]]","[-1.2456051111221313, -0.02403666451573372, -0.02512955665588379, -0.5643367767333984, -1.7028805017471313, -0.009618132375180721]",1.7784714698791504,False,1.0,-3.5716067431494594,-0.5952677905249099,6.0,-1.8591081090271473,-0.4647770272567868,4.0,0.2517866515058895,0,4,7,2,0.5714285714285714,-0.16327359778613842,-1.1852251103020324,True,2,0.3333333333333333,7.0,0.0,3.0,1.551808917311859
~/anvil/data/cve-targets/libtiff_repo_libtiff_tif_dir.c,248,243,249,{,goto bad,            goto bad,0.0277929194271564,"[[655, 2138, 78, 3794]]","[-0.8257785439491272, -0.8572142720222473, -0.0002903516869992018, -0.048313166946172714]",3.7890625,False,0.0,-1.7315963346045464,-0.4328990836511366,4.0,-1.7315963346045464,-0.4328990836511366,4.0,0.16736357292646697,1,2,5,5,0.4,-0.06420184397884768,-1.1271225253483756,True,1,0.25,8.0,0.0,4.0,1.6738528495527567
~/anvil/data/cve-targets/lua_repo_lvm.c,884,783,922,}},}},"  }}
/*",0.0489352010190486,"[[207, 17679, 185, 4350]]","[-0.0040199910290539265, -0.06240897998213768, -0.015000872313976288, -0.02827094867825508]",9.958334922790527,True,1.0,-0.10970079200342298,-0.027425198000855744,4.0,-0.0814298433251679,-0.0271432811083893,3.0,0.0006419313841592086,0,3,5,3,0.6,-1.8028476669286666,-1.0351681354950126,False,1,0.25,0.0,1.0,0.0,0.9265262303591729
~/anvil/data/cve-targets/libxml2_repo_valid.c,694,599,739,if ((ocur == XML_ELEMENT_CONTENT_PLUS) ||,if (ocur != XML_ELEMENT_CONTENT_ONCE) {,"	    if (ocur != XML_ELEMENT_CONTENT_ONCE) {
		ctxt->state =",0.2226102203130722,"[[10212, 562, 334, 31629, 2069, 28, 17170, 62, 36, 29174, 62, 25563, 4208, 62, 1236, 4402, 8, 507, 185, 184, 184, 296, 530, 12, 29, 4968, 405]]","[-0.012336025945842266, -0.43335697054862976, -0.7038751244544983, -0.18841496109962463, -0.699131429195404, -0.0012212683213874698, -0.001207456924021244, -2.50339189733495e-06, -1.156323378381785e-05, -1.7881377516459906e-06, -2.622600959512056e-06, -1.1324817933200393e-05, 0.0, -5.483612312673358e-06, -0.1607871949672699, -2.610649426060263e-05, -0.11404506862163544, -0.025348084047436714, -0.16252698004245758, -0.017559662461280823, -0.0580085851252079, -0.06369846314191818, -1.311301275563892e-06, -7.867782187531702e-06, -1.1920928244535389e-07, -0.00015162272029556334, -0.0008910499745979905]",7.756250381469727,False,1.0,-2.642630638173152,-0.09787520882122785,27.0,-2.577880204043595,-0.12889401020217975,20.0,0.04575321139149716,0,11,15,13,0.7333333333333333,-1.727079636702215,-1.0206995752136026,True,16,0.5925925925925926,8.0,0.825,8.0,2.0767587983801716
~/anvil/data/cve-targets/lua_repo_ldebug.c,94,88,97,for (; ci != NULL; ci = ci->previous),if (ci->u.c.trap),"  if (ci->u.c.trap)
    return;
  if (ci->",1.0059454441070557,"[[207, 562, 334, 2711, 12, 29, 84, 13, 66, 13, 648, 373, 8, 185, 315, 967, 26, 185, 207, 562, 334, 2711, 12, 29]]","[-0.754631519317627, -0.6292272210121155, -0.1421172171831131, -0.7691436409950256, -0.08322002738714218, -6.341733387671411e-05, -0.8203222751617432, -0.006727071478962898, -1.7126643657684326, -0.09786700457334518, -0.9641416668891907, -0.045168232172727585, -0.5720064640045166, -0.29916664958000183, -0.011548454873263836, -0.1625661849975586, -0.003093816339969635, -0.178879976272583, -0.3777059316635132, -0.5923647880554199, -0.15186627209186554, -0.6641846299171448, -0.008344310335814953, -6.318072337307967e-06]",5.267362117767334,False,2.0,-9.047027455477291,-0.3769594773115538,24.0,-6.9080152277310845,-0.46053434851540564,15.0,0.2244618661302223,0,21,23,18,0.9130434782608695,-2.184300578990158,-1.0862272533492177,True,14,0.5833333333333334,30.0,0.33333333333333337,18.0,2.1185216048396898
~/anvil/data/cve-targets/openssl_repo_crypto_x509_x509_vfy.c,1029,1021,1047,return 0;,return 0;,"        return 0;
    /* Base",0.001668463111855,"[[436, 967, 207, 15, 26, 185, 315, 4535, 12318]]","[-0.005597156938165426, -0.002328781643882394, -0.0097195478156209, -0.002560672117397189, -4.255681051290594e-05, -0.2672048509120941, -0.05421597138047218, -0.174472838640213, -0.9401259422302246]",10.988607406616213,True,1.0,-1.4562683184885827,-0.16180759094317587,9.0,-0.3416695376181451,-0.0488099339454493,7.0,0.00825695945623131,0,5,11,5,0.45454545454545453,-0.03418285945069499,-1.0621771059776635,False,4,0.4444444444444444,0.0,1.0,0.0,0.8732288563665013
~/anvil/data/cve-targets/libxml2_repo_parser.c,9750,9665,9759,"int m_tmp = xmlSwitchToEncoding(ctxt, handler);",ctxt->input->encoding = NULL;,"		ctxt->input->encoding = NULL;
		ctxt->input->buf-",2.4582884311676025,"[[184, 184, 296, 530, 12, 29, 3584, 12, 29, 30521, 405, 4579, 26, 185, 184, 184, 296, 530, 12, 29, 3584, 12, 29, 9455, 12]]","[-0.06357743591070175, -0.3095623254776001, -0.34347859025001526, -1.1920858014491387e-05, -0.0023473347537219524, -1.7881377516459906e-06, -0.5543767809867859, -0.0033116282429546118, -6.6756979322235566e-06, -1.0595952272415161, -0.4325459599494934, -1.1795856952667236, -0.0004786299541592598, -0.04161608964204788, -0.06795322149991989, -0.25280290842056274, -0.32355982065200806, -7.390948667307384e-06, -0.0019193338230252266, -1.9073468138230965e-06, -0.7894551157951355, -0.0017564359586685896, -6.437280717364047e-06, -1.1922460794448853, -0.3267174959182739]",5.917057514190674,False,1.0,-6.946922229458096,-0.2778768891783238,25.0,-4.311252212289901,-0.2694532632681188,16.0,0.1334398203130851,1,15,22,14,0.6818181818181818,-9.123246092297233,-1.0687268411531223,True,15,0.6,35.0,0.3421052631578947,16.0,2.2778239525219703
~/anvil/data/cve-targets/poppler_repo_poppler_GfxState.cc,2623,2566,2644,"GfxSeparationColorSpace *cs = (GfxSeparationColorSpace *)GfxSeparationColorSpace::parse(res, obj3.getArray(), out, state, recursion);","GfxSeparationColorSpace *cs = GfxSeparationColorSpace::parse(res, &obj3, out, state, recursion + 1);","                    GfxSeparationColorSpace *cs = GfxSeparationColorSpace::parse(res, &obj3, out, state, recursion + 1);",0.4749718308448791,"[[1817, 452, 18498, 17384, 18789, 5709, 17855, 572, 5494, 405, 452, 18498, 17384, 18789, 5709, 17855, 1161, 9928, 7, 379, 11, 573, 8612, 18, 11, 631, 11, 1967, 11, 15082, 277, 4536, 16, 477, 32014]]","[-0.001558043179102242, -0.812886118888855, -0.00013517419574782252, -0.06948627531528473, -0.0025341559667140245, -0.005468528252094984, -0.0026012177113443613, -0.004214453510940075, -0.039977483451366425, -0.10036660730838776, -0.263888955116272, -0.00035339308669790626, -0.04808494448661804, -0.004171361681073904, -0.007148995995521545, -0.0024855216033756733, -0.0031276855152100325, -0.046832602471113205, -0.2051355093717575, -0.3716658651828766, -0.003073731902986765, -0.11118114739656448, -0.02396567165851593, -0.001208409434184432, -0.26238879561424255, -0.06591750681400299, -0.049701936542987823, -0.020636726170778275, -0.31649506092071533, -0.11894044280052185, -1.5497195136049413e-06, -0.045403387397527695, -0.0170134324580431, -0.038665857166051865, -0.07917030155658722]",10.125694274902344,False,0.0,-3.0667165482869905,-0.09019754553785266,34.0,-3.0667165482869905,-0.09019754553785266,34.0,0.025364057213376857,0,40,31,31,1.2903225806451613,-5.2659063837335855,-1.0395083355389103,True,41,1.2058823529411764,43.0,0.8154506437768241,18.0,2.389123451694429
~/anvil/data/cve-targets/sqlite3_repo_ext_misc_zipfile.c,1509,1401,1575,nPath++;,nPath++;,"          nPath++;
        }
",0.1818991303443908,"[[1574, 291, 4693, 3868, 26, 185, 436, 611, 185]]","[-0.04924119636416435, -0.4779948592185974, -0.008671249262988567, -0.36178284883499146, -9.881961887003854e-05, -0.48784101009368896, -0.161468967795372, -0.00014149141497910023, -0.00857339147478342]",10.191146850585938,True,2.0,-1.5558138340784353,-0.1728682037864928,9.0,-1.5470989511886728,-0.2210141358840961,7.0,0.04057087882357412,1,6,7,6,0.8571428571428571,-0.8230203449058212,-1.0412106904030909,False,4,0.4444444444444444,0.0,1.0,0.0,0.9616023768042485
~/anvil/data/cve-targets/libxml2_repo_HTMLparser.c,1844,1672,1941,"{ 968,	""psi"",	""greek small letter psi, U+03C8 ISOgrk3"" },","{ 968,	""psi"",	""greek small letter psi, U+03C8 ISOgrk3"" },","{ 968,	""psi"",	""greek small letter psi, U+03C8 ISOgrk3"" },",0.0218274164944887,"[[90, 207, 24, 21, 23, 11, 9264, 4173, 950, 9264, 70, 7981, 1752, 5359, 265, 5071, 11, 574, 10, 15, 18, 34, 23, 17848, 877, 74, 18, 1, 4637, 32014]]","[-1.6689160474925302e-05, -2.0265373677830212e-05, -5.98412734689191e-05, -0.0004929280839860439, -0.007637585513293743, -0.0005561950383707881, -0.00023827097902540118, -0.1379936784505844, -0.38823944330215454, -0.00056429672986269, -0.00045753977610729635, -3.4570634852570947e-06, -0.00041845624218694866, -0.0003924791526515037, -0.0009891861118376255, -4.768360213347478e-06, -0.0006586528033949435, -0.0012347224401310086, -5.364403477869928e-06, -2.3364747903542593e-05, -1.5139465176616795e-05, -0.005336800590157509, -0.010704713873565197, -0.04556160792708397, -0.00779668940231204, -0.0002559096028562635, -0.0018256916664540768, -0.0008332832949236035, -4.482168878894299e-05, -0.31327715516090393]",18.61836051940918,True,0.0,-0.6123818425176069,-0.02111661525922782,29.0,-0.6123818425176069,-0.02111661525922782,29.0,0.005489215358489018,0,15,15,15,1.0,-1.0336607560698092,-1.2853929936094313,False,29,1.0,0.0,1.0,0.0,0.41005547385824126
~/anvil/data/cve-targets/sqlite3_repo_src_select.c,3867,3780,4171,|| IsVirtual(pSubSrc->a[0].pTab)     /* (3c) */,|| (pSub->selFlags & SF_Recursive)         /* (3c) */,"     || (pSub->selFlags & SF_Recursive)         /* (3c) */
     || (pSub->pPrior && pSub->op",0.9109331369400024,"[[730, 7623, 334, 79, 5716, 12, 29, 2868, 17512, 573, 25633, 62, 5473, 2750, 488, 8, 294, 4535, 334, 18, 66, 8, 1641, 185, 730, 7623, 334, 79, 5716, 12, 29, 79, 22266, 2956, 265, 5716, 12, 29, 424]]","[-0.3592640459537506, -0.04604499414563179, -0.8623001575469971, -0.20714491605758667, -0.47384142875671387, -0.8708642721176147, -3.814624506048858e-05, -0.6051735877990723, -0.0010161004029214382, -0.004275704734027386, -0.21159006655216217, -6.151010165922344e-05, -1.0841350555419922, -0.00011503035057103261, -3.480850500636734e-05, -0.7098069787025452, -1.8050931692123413, -0.0023267597425729036, -0.024424361065030098, -0.07314085960388184, -0.18943123519420624, -0.014696905389428139, -0.01608232781291008, -0.48001497983932495, -0.1380269080400467, -0.03356289118528366, -0.5097204446792603, -0.1000029519200325, -0.36061689257621765, -0.37418556213378906, -1.7046782886609435e-05, -0.43676450848579407, -1.157345175743103, -0.05521378293633461, -0.08355792611837387, -0.02097461372613907, -0.0053811464458703995, -3.814689989667386e-06, -0.07539644837379456]",4.395139217376709,False,1.0,-11.391687515209924,-0.29209455167204934,39.0,-8.178944309413055,-0.3271577723765222,25.0,0.1946049408052222,1,20,25,13,0.8,-2.784384825470751,-1.1101731890869835,True,24,0.6153846153846154,33.0,0.54,13.0,2.03309784520193
~/anvil/data/cve-targets/poppler_repo_poppler_GfxState.cc,2395,2386,2402,int i;,int i;,"    int i;
    G",0.3160592913627624,"[[315, 1097, 460, 26, 185, 315, 452]]","[-0.1102723702788353, -0.8836067914962769, -0.054161541163921356, -0.031017502769827843, -0.0014723424101248384, -0.2831447124481201, -1.124345302581787]",8.659026145935059,True,1.0,-2.4880205631488934,-0.35543150902127046,7.0,-1.3636752605671063,-0.2272792100945177,6.0,0.09450909592949312,1,5,8,5,0.625,-1.3906212153382795,-1.0020833109389997,False,3,0.42857142857142855,0.0,1.0,0.0,1.068608453823458
~/anvil/data/cve-targets/openssl_repo_crypto_pkcs7_pk7_doit.c,75,45,86,if (*pbio == NULL),"if (BIO_set_flags(btmp,","    if (BIO_set_flags(btmp,",0.312824010848999,"[[315, 562, 334, 33, 6860, 62, 1113, 62, 17614, 7, 2574, 2782, 11]]","[-0.008935819379985332, -0.17054277658462524, -0.8034980297088623, -0.24846157431602478, -0.0005595310358330607, -0.00013982271775603294, -1.4981486797332764, -0.00832456722855568, -0.5776305198669434, -0.08863184601068497, -0.00503699854016304, -8.344646857949556e-07, -0.015028821304440498]",11.16388702392578,False,0.0,-3.4249398208918365,-0.26345690929937204,13.0,-3.4249398208918365,-0.26345690929937204,13.0,0.18618967857596774,0,15,7,7,2.142857142857143,-1.187382072009089,-1.0668417686834333,True,7,0.5384615384615384,19.0,0.24390243902439024,12.0,2.013764471840249
~/anvil/data/cve-targets/sqlite3_repo_ext_misc_zipfile.c,1873,1762,1918,nName++;,nName++;,      nName++;,0.2134817093610763,"[[730, 291, 1737, 3868, 26, 32014]]","[-0.17130571603775024, -0.15060220658779144, -0.0033031923230737448, -0.7059592604637146, -0.00032395837479270995, -0.5295704007148743]",11.584026336669922,True,0.0,-1.0314943337871227,-0.20629886675742454,5.0,-1.0314943337871227,-0.20629886675742454,5.0,0.06752401086247135,1,6,6,6,1.0,-1.034817654195346,-1.0781063781247537,False,4,0.8,0.0,1.0,0.0,0.8698020664756374
~/anvil/data/cve-targets/openssl_repo_crypto_asn1_a_int.c,177,164,213,if (pneg),if (neg),"    if (neg)
        p++;",1.110012412071228,"[[315, 562, 334, 11624, 8, 185, 436, 265, 3868, 26]]","[-0.005463193170726299, -0.3927153944969177, -0.08792048692703247, -0.4142442047595978, -0.37332722544670105, -0.7351952791213989, -0.01616526022553444, -0.5646959543228149, -0.9620066285133362, -0.04867294430732727]",10.29513931274414,False,1.0,-3.600406571291387,-0.3600406571291387,10.0,-2.0250310441479087,-0.28929014916398693,7.0,0.06112979989570265,0,9,12,9,0.75,-3.8370211197271247,-1.0439211638194763,True,5,0.5,1.0,0.9411764705882353,1.0,2.1050053041251746
~/anvil/data/cve-targets/libsndfile_repo_src_common.c,591,470,684,int padding = size & 1 ;,if (psf->header.indx + (sf_,					if (psf->header.indx + (sf_,2.577533483505249,"[[1076, 2944, 334, 829, 69, 12, 29, 7301, 13, 513, 87, 945, 334, 5274, 62]]","[-0.02176074869930744, -0.5091261267662048, -0.08441581577062607, -0.41584599018096924, -1.0728830375228426e-06, -0.0016731324139982462, -1.8000440832111053e-05, -0.16527332365512848, -1.1205610462639015e-05, -0.0023899106308817863, -2.861018856492592e-06, -0.02136116474866867, -0.024336177855730057, -0.007310426328331232, -1.1920922133867862e-06]",6.882856369018555,False,0.0,-1.2535271490952482,-0.08356847660634988,15.0,-1.2535271490952482,-0.08356847660634988,15.0,0.024227152044635356,1,11,13,13,0.8461538461538461,-30.843370469067487,-1.043231492989841,True,8,0.5333333333333333,22.0,0.3921568627450981,14.0,2.3134886700007553
~/anvil/data/cve-targets/php_repo_ext_exif_exif.c,3994,3941,4007,} else {,} else {,				} else {,0.0006045963964425,"[[1749, 1839, 1969, 507, 32014]]","[-0.000502817565575242, -1.5139465176616795e-05, -0.000722266617231071, -0.001042775809764862, -0.1603148877620697]",17.345062255859375,True,0.0,-0.002282999457747792,-0.000570749864436948,4.0,-0.002282999457747792,-0.000570749864436948,4.0,1.3977088310871177e-07,0,4,4,4,1.0,-1.059301866044142,-1.2451201690749867,False,3,0.75,0.0,1.0,0.0,0.38691952320837625
~/anvil/data/cve-targets/poppler_repo_poppler_Parser.cc,270,188,287,"str = baseStr->makeSubStream(pos, true, length, std::move(dict));",baseStr->setPos(pos);,"    baseStr->setPos(pos);
    baseStr->setLength(length);
    // make stream
    str = new Stream(baseStr,",1.2224267721176147,"[[315, 3240, 6624, 12, 29, 1113, 6952, 7, 937, 477, 185, 315, 3240, 6624, 12, 29, 1113, 9409, 7, 4082, 477, 185, 315, 1069, 1098, 5531, 185, 315, 1401, 405, 756, 21087, 7, 4907, 6624, 11]]","[-0.0014732946874573827, -0.7801642417907715, -0.0011375630274415016, -0.1609582155942917, -1.7881377516459906e-06, -0.28196683526039124, -1.7326898574829102, -0.01944386400282383, -0.12331691384315491, -0.09465412050485611, -0.020709706470370293, -0.004652389790862799, -0.2933145761489868, -0.0011644733604043722, -0.002295123180374503, -1.6569954823353328e-05, -0.047450557351112366, -0.5680906176567078, -0.004529336001724005, -0.04946404695510864, -0.016390329226851463, -0.017901752144098282, -0.016160568222403526, -0.8821874260902405, -1.691750407218933, -0.2684343457221985, -0.11510109901428223, -0.0020004753023386, -0.2583317756652832, -0.1277506947517395, -0.13272157311439514, -0.5185579061508179, -0.06386947631835938, -0.32460901141166687, -0.00902419164776802, -0.18439903855323792]",10.500001907348633,False,3.0,-8.816684161756939,-0.2449078933821372,36.0,-3.221168790593083,-0.26843073254942357,12.0,0.23971842171346433,0,29,31,12,0.9354838709677419,-4.553974727512026,-1.049281388426306,True,22,0.6111111111111112,48.0,0.39534883720930236,18.0,2.3324581345086184
~/anvil/data/cve-targets/libxml2_repo_xmlmemory.c,199,186,235,TEST_POINT,if (xmlMemStopAtBlock == block,    if (xmlMemStopAtBlock == block,0.9537221789360046,"[[315, 562, 334, 7056, 8989, 16916, 3554, 8123, 2312, 3839]]","[-0.08956114947795868, -0.760589599609375, -0.44932812452316284, -1.0734283924102783, -0.1212763786315918, -0.6269482374191284, -0.032989006489515305, -0.03225124254822731, -0.2802341878414154, -0.3247687518596649]",7.122221946716309,False,0.0,-3.791375070810318,-0.3791375070810318,10.0,-3.791375070810318,-0.3791375070810318,10.0,0.10971159347252228,1,2,7,7,0.2857142857142857,-2.5155046945333446,-1.0370072920821185,True,4,0.4,29.0,0.050000000000000044,6.0,2.0238118885487166
~/anvil/data/cve-targets/libxml2_repo_xmlmemory.c,943,788,1093,"xmlMallocFunc mallocAtomicFunc, xmlReallocFunc reallocFunc,","xmlMallocFunc mallocAtomicFunc, xmlReallocFunc reallocFunc,","              xmlMallocFunc mallocAtomicFunc, xmlReallocFunc reallocFunc,",0.0136821987107396,"[[3462, 11815, 44, 14314, 20933, 273, 14314, 3554, 10475, 20933, 11, 11815, 2767, 14314, 20933, 299, 14314, 20933, 11, 32014]]","[-0.5821077227592468, -0.0027285509277135134, -0.000610999355558306, -1.2993727978027891e-05, -0.0009160612826235592, -0.0031966085080057383, -2.3841855067985307e-07, -8.22540732769994e-06, -9.536738616588991e-07, -1.168244216387393e-05, -0.00025614796322770417, -0.22593601047992706, -0.0011653067776933312, -5.113947918289341e-05, -6.115249561844394e-05, -0.010340212844312191, -2.13382354559144e-05, -4.756337511935271e-05, -0.00028868322260677814, -0.011654741130769253]",3.823958396911621,True,0.0,-0.8277615913761736,-0.043566399546114395,19.0,-0.8277615913761736,-0.043566399546114395,19.0,0.018629536927950927,0,9,9,9,1.0,-0.31405392351179245,-1.1261396553510554,False,18,0.9473684210526315,0.0,1.0,0.0,0.7541803575583856
~/anvil/data/cve-targets/libsndfile_repo_src_common.c,599,470,684,"memcpy (&(psf->header.ptr [psf->header.indx]), strptr, size) ;","memcpy (&(psf->header.ptr [psf->header.indx]), strptr, size) ;","					memcpy (&(psf->header.ptr [psf->header.indx]), strptr, size) ;",0.0157027263194322,"[[1076, 184, 7253, 66, 4016, 334, 5, 7, 829, 69, 12, 29, 7301, 13, 8856, 821, 829, 69, 12, 29, 7301, 13, 513, 87, 60, 650, 1401, 8856, 11, 2398, 8, 6203, 32014]]","[-0.0081220343708992, -0.12252742052078247, -0.19168324768543243, -0.006785327568650246, -1.1086402082582936e-05, -0.004298970103263855, -0.02433338575065136, -0.006666088476777077, -0.0001003691868390888, -4.768370445162873e-07, -1.8358061424805783e-05, -2.145764938177308e-06, -4.410646579344757e-05, -6.603976362384856e-05, -4.970903682988137e-05, -0.004603264853358269, -0.00021217002358753234, -2.861018856492592e-06, -4.136476854910143e-05, -1.1920928244535389e-07, -2.5748875486897305e-05, -5.483612312673358e-06, -2.6225699912174605e-05, -6.9141146923357155e-06, -0.005320437252521515, -0.00015221867943182588, -0.019107680767774582, -5.960446742392378e-06, -0.000537727726623416, -0.027981653809547424, -0.18033617734909058, -0.00010895135346800089, -0.3488290011882782]",9.721229553222656,True,0.0,-0.6031837255562706,-0.018849491423633458,32.0,-0.6031837255562706,-0.018849491423633458,32.0,0.0023397459843140303,1,35,35,35,1.0,-0.833058355078172,-1.029050187803604,False,30,0.9375,0.0,1.0,0.0,1.3018752088525516
~/anvil/data/cve-targets/lua_repo_ldo.c,371,348,395,if (hastocloseCfunc(wanted)) {  /* to-be-closed variables? */,if (nres == 0)  /* no results? */,"      if (nres == 0)  /* no results? */
        setnilvalue(s2v(res));  /* adjust with nil */
      else {  /* at",1.998975157737732,"[[730, 562, 334, 77, 379, 7400, 15, 8, 207, 4535, 637, 2461, 30, 1641, 185, 436, 841, 19892, 2824, 7, 82, 17, 85, 7, 379, 3183, 207, 4535, 7223, 365, 6476, 1641, 185, 730, 1969, 507, 207, 4535, 429]]","[-0.02592044696211815, -0.7672399282455444, -0.11018119007349014, -0.8394047021865845, -0.006550269667059183, -1.1878440380096436, -0.5146895051002502, -0.09915682673454285, -0.99435955286026, -0.007885398343205452, -0.4156454801559448, -0.07464563101530075, -0.24950653314590454, -0.13963255286216736, -0.06922857463359833, -0.007792786229401827, -0.8738870024681091, -0.02313118241727352, -0.005872022360563278, -0.004574548453092575, -0.1805899739265442, -0.0015773248160257936, -0.0029369338881224394, -0.002248974982649088, -0.04010060429573059, -0.0483090803027153, -0.0886853039264679, -0.00013136000779923052, -0.17655394971370697, -0.04555192589759827, -0.015415798872709274, -0.0259404256939888, -0.0250750333070755, -0.007206162437796593, -0.16257014870643616, -0.9210589528083801, -0.32910415530204773, -0.001176856574602425, -0.2944616973400116]",8.205554962158203,False,2.0,-8.785842834724463,-0.22527802140319134,39.0,-5.509683416225016,-0.3443552135140635,16.0,0.14676781015190946,0,16,31,13,0.5161290322580645,-5.80498008826021,-1.0092986015912888,True,24,0.6153846153846154,41.0,0.44680851063829785,11.0,2.3858494774917776
~/anvil/data/cve-targets/libsndfile_repo_src_common.c,596,470,684,"header_put_be_int (psf, size) ;","header_put_be_int (psf, size) ;","						header_put_be_int (psf, size) ;",0.008455304428935,"[[4552, 184, 7301, 62, 915, 62, 1338, 62, 569, 334, 829, 69, 11, 2398, 8, 6203, 32014]]","[-0.029418375343084335, -0.007457513362169266, -0.005377708002924919, -2.0146166207268834e-05, -0.0001408954558428377, -3.135155202471651e-05, -0.003941862843930721, -9.810443589231e-05, -0.08117605745792389, -0.0006986799417063594, -3.635817120084539e-05, -8.344646857949556e-07, -1.7046782886609435e-05, -0.02613113634288311, -0.006023705471307039, -0.00019131260341964662, -0.07004682719707489]",11.72943878173828,True,0.0,-0.16076108839808967,-0.010047568024880604,16.0,-0.16076108839808967,-0.010047568024880604,16.0,0.0004162178886718181,1,11,11,11,1.0,-0.8415274629639022,-1.0820327627276543,False,14,0.875,0.0,1.0,0.0,0.8907278837968657
~/anvil/data/cve-targets/libsndfile_repo_src_wavlike.c,287,95,384,buffer [--bit] = 0 ;,buffer [--bit] = 0 ;,"					buffer [--bit] = 0 ;
					psf_",0.154906764626503,"[[1076, 184, 10401, 821, 374, 3374, 60, 1412, 15, 6203, 185, 1076, 184, 829, 69, 62]]","[-0.40420737862586975, -0.6130563616752625, -0.5117219686508179, -0.010834911838173866, -0.5949588418006897, -0.011033594608306885, -0.0066189575009047985, -0.10109104216098785, -0.0023679095320403576, -0.00120698066893965, -0.011491300538182259, -0.06343524158000946, -0.5272000432014465, -0.8027058243751526, -2.1815061700181104e-05, -0.15578337013721466]",8.14865493774414,True,1.0,-3.817735541955699,-0.23860847137223118,16.0,-2.8592245323816314,-0.21994034864474088,13.0,0.06298489521516647,1,14,17,14,0.8235294117647058,-0.7043126264963618,-1.0107353511143433,False,8,0.5,0.0,1.0,0.0,1.1282237606818029
~/anvil/data/cve-targets/lua_repo_lstate.h,120,-35,270,TString **hash;,lu_byte *data;,"  lu_byte *data;
 ",1.7417669296264648,"[[207, 284, 84, 62, 13764, 572, 2448, 26, 185, 207]]","[-0.034375593066215515, -1.964388370513916, -0.8513853549957275, -0.004759293049573898, -0.5243399143218994, -0.5529172420501709, -2.244150400161743, -0.007588252425193787, -0.7820110321044922, -0.0086303586140275]",3.853472471237183,False,1.0,-6.97454581130296,-0.697454581130296,10.0,-6.97454581130296,-0.697454581130296,10.0,0.5948988257635524,0,9,7,7,1.2857142857142858,-2.49731950545619,-1.1253090375879449,True,5,0.5,11.0,0.3448275862068966,4.0,1.9729661129920584
~/anvil/data/cve-targets/lua_repo_lstate.h,162,7,312,} transferinfo;,unsigned short ftransfer2;,      unsigned short ftransfer2; ,0.0602925196290016,"[[730, 13680, 2567, 267, 1831, 3994, 17, 26, 207]]","[-0.35797038674354553, -1.2322471141815186, -0.15848274528980255, -0.768886148929596, -0.23473666608333588, -0.14644892513751984, -1.4779568910598755, -0.02407972328364849, -0.21984757483005524]",8.930728912353516,False,0.0,-4.6206561755388975,-0.5134062417265441,9.0,-4.6206561755388975,-0.5134062417265441,9.0,0.24449140761241223,0,5,7,7,0.7142857142857143,-0.11743628091906844,-1.0089132011234792,True,4,0.4444444444444444,19.0,0.4878048780487805,6.0,2.018819568769633
~/anvil/data/cve-targets/poppler_repo_poppler_JBIG2Stream.cc,3121,2740,3214,buf0 <<= 1;,buf0 <<= 1;,"                            buf0 <<= 1;
                            buf1 <<",0.002518935361877,"[[5230, 23350, 15, 6820, 4084, 16, 26, 185, 5230, 23350, 16, 6820]]","[-0.007191486191004515, -0.008995365351438522, -0.0014160377904772758, -0.00445563904941082, -8.821448318485636e-06, -0.0001289761275984347, -6.6756979322235566e-06, -0.10023343563079834, -0.0003313469351269305, -0.000144709600135684, -7.724463648628443e-05, -1.07287787614041e-05]",10.348883628845217,True,1.0,-0.12300046723748892,-0.01025003893645741,12.0,-0.12276778422210555,-0.013640864913567283,9.0,0.0009474112622068269,0,7,9,7,0.7777777777777778,-0.1846609711215344,-1.0453247272531074,False,6,0.5,0.0,1.0,0.0,0.9398015822825291
~/anvil/data/cve-targets/libsndfile_repo_src_ulaw.c,830,823,835,if (ptr [i] >= 0),if (ptr [i] > 0.0),		if (ptr [i] > 0.0),0.3315207958221435,"[[184, 2944, 334, 8856, 821, 72, 60, 6213, 15, 13, 15, 8, 32014]]","[-0.01922626420855522, -0.05268068611621857, -0.061265844851732254, -0.8955638408660889, -0.007903967052698135, -0.0005608416395261884, -0.01440412737429142, -1.370164394378662, -0.6905175447463989, -0.6510231494903564, -0.3830834627151489, -0.12636058032512665, -0.10592324286699295]",5.726953506469727,False,0.0,-4.272754703764804,-0.3560628919804003,12.0,-4.272754703764804,-0.3560628919804003,12.0,0.1857124911983168,1,17,17,17,1.0,-0.9310737043622963,-1.0738181614664057,True,9,0.75,3.0,0.9142857142857143,2.0,2.0207289413621106
~/anvil/data/cve-targets/php_repo_ext_phar_phar.c,1074,632,1125,if (mydata->ext) {,if (mydata->ext) {,		if (mydata->ext) {,0.0928961932659149,"[[184, 2944, 334, 2589, 2448, 12, 29, 1730, 8, 507, 32014]]","[-0.3099663555622101, -0.15866535902023315, -0.1087862029671669, -0.15166562795639038, -2.2411095415009186e-05, -0.0002727136597968638, -5.364403477869928e-06, -0.07933802157640457, -0.27444273233413696, -0.07464231550693512, -0.3495657444000244]",10.97821807861328,True,0.0,-1.157807104082167,-0.11578071040821669,10.0,-1.157807104082167,-0.11578071040821669,10.0,0.010922389453334031,0,13,13,13,1.0,-0.8023460293030148,-1.0619012591437245,False,9,0.9,0.0,1.0,0.0,0.9762900466039742
~/anvil/data/cve-targets/poppler_repo_poppler_SplashOutputDev.cc,1699,1633,1887,doAdjustFontMatrix = true;,if (fontType == fontType1) {,"            if (fontType == fontType1) {
                if (!",0.8298962116241455,"[[655, 562, 334, 7193, 1920, 2312, 5742, 1920, 16, 8, 507, 185, 1044, 562, 5036]]","[-0.1463603675365448, -0.5767132043838501, -0.3531093895435333, -0.4677589535713196, -0.25072214007377625, -0.26545968651771545, -0.012962601147592068, -0.6784033179283142, -0.5110694766044617, -0.8781118392944336, -0.25653380155563354, -0.03202856332063675, -0.004184182267636061, -1.2364509105682373, -0.6063718199729919]",8.566666603088379,False,1.0,-6.276240254286677,-0.4184160169524451,15.0,-4.433417523745447,-0.34103211721118826,13.0,0.0675708661255319,0,7,13,13,0.5384615384615384,-2.433484031975271,-1.000227870673697,True,8,0.5333333333333333,26.0,0.2962962962962963,12.0,2.1605651370193866
~/anvil/data/cve-targets/libtiff_repo_libtiff_tif_luv.c,1444,1428,1453,*/,* for a,	 * for a,1.7054296731948853,"[[184, 572, 327, 245]]","[-0.5157214403152466, -0.2564137876033783, -0.9827406406402588, -1.044216513633728]",6.715885639190674,False,0.0,-2.7990923821926117,-0.6997730955481529,4.0,-2.7990923821926117,-0.6997730955481529,4.0,0.10728859689329234,1,3,4,4,0.75,-2.4371180944860016,-1.0475953226452535,True,1,0.25,6.0,0.2222222222222222,4.0,2.1019280994737746
~/anvil/data/cve-targets/libsndfile_repo_src_flac.c,137,129,257,"unsigned i = 0, j, offset, channels, len ;",sf_count_t offset ;,"	sf_count_t offset ;
	sf_count_t i, j, len ;
",1.2121106386184692,"[[184, 5274, 62, 4241, 62, 83, 8813, 6203, 185, 184, 5274, 62, 4241, 62, 83, 460, 11, 521, 11, 10405, 6203, 185]]","[-0.9268383383750916, -1.3141758441925049, -0.003944000229239464, -0.34492841362953186, -0.0003156163729727268, -0.00027926836628466845, -0.8535429239273071, -0.8429484963417053, -0.03788670524954796, -0.5289686322212219, -0.3969394266605377, -0.002566736191511154, -0.39837032556533813, -0.0001147919538198039, -0.00020454221521504223, -0.819675624370575, -0.7909618616104126, -0.16582277417182922, -0.7198005318641663, -0.09202797710895538, -0.12791204452514648, -0.24416695535182953]",6.781248092651367,False,2.0,-8.612391830494744,-0.39147235593157925,22.0,-4.8538282389054075,-0.48538282389054077,10.0,0.20694548477125108,1,17,13,5,1.3076923076923077,-2.497226063548993,-1.045884885492407,True,13,0.5909090909090909,32.0,0.360655737704918,13.0,2.2036166031137863
~/anvil/data/cve-targets/php_repo_ext_exif_exif.c,4354,4297,4370,exif_scan_thumbnail(&ImageInfo);,RETURN_FALSE;,			RETURN_FALSE;,1.4751229286193848,"[[459, 184, 26059, 23711, 62, 31755, 26, 32014]]","[-0.017493126913905144, -0.09237345308065414, -0.8437924385070801, -0.00026008085114881396, -0.00021944021864328533, -0.5249891877174377, -0.003465482033789158, -0.14933572709560394]",8.952430725097656,False,0.0,-1.4825932093226584,-0.2117990299032369,7.0,-1.4825932093226584,-0.2117990299032369,7.0,0.09749121610161841,1,11,4,4,2.75,-6.964729391316445,-1.0094607307740198,True,11,1.5714285714285714,30.0,0.0888888888888889,8.0,2.2629412191963794
~/anvil/data/cve-targets/lua_repo_ldo.c,320,309,331,Proto *p = clLvalue(s2v(ci->func))->p;,/*,"      /*
      ** If the function is a Lua function, we need to adjust the
      ** 'oldpc' to point to the first result.
      */",2.6016221046447754,"[[730, 4535, 185, 730, 9220, 1271, 254, 1155, 317, 245, 412, 5713, 1155, 11, 394, 927, 276, 7223, 254, 185, 730, 9220, 651, 839, 6338, 6, 276, 1414, 276, 254, 1019, 1228, 13, 185, 730, 1641]]","[-0.011010131798684597, -1.791815996170044, -2.033600091934204, -0.18602363765239716, -0.015930050984025, -2.0460352897644043, -1.703235149383545, -1.3954977989196777, -1.0067474842071533, -1.0053657293319702, -0.8386600017547607, -0.01699186861515045, -0.6720490455627441, -0.27246201038360596, -1.7276558876037598, -1.0853934288024902, -0.04669494926929474, -2.404146671295166, -0.6591594815254211, -1.8433693647384644, -0.001397348241880536, -0.000543446687515825, -2.022939920425415, -1.1580250263214111, -0.0144716901704669, -0.0961814597249031, -1.8477033376693726, -1.2802401781082153, -0.2979523837566376, -0.25102758407592773, -2.4062206745147705, -1.2206658124923706, -1.0912683010101318, -0.5497846603393555, -0.0016994333127513528, -0.02766166441142559]",6.225868225097656,False,3.0,-33.029626990959514,-0.9174896386377642,36.0,-4.02244985755533,-1.0056124643888324,4.0,0.8339585501691454,1,26,2,3,13.0,-2.587102086315058,-1.0605077513737227,True,21,0.5833333333333334,37.0,0.050000000000000044,24.0,2.4421239457804953
~/anvil/data/cve-targets/openssl_repo_crypto_asn1_tasn_dec.c,701,638,761,*/,*/,         */,0.1240468174219131,"[[294, 1641, 32014]]","[-0.001967995660379529, -0.12518532574176788, -0.17993515729904175]",11.343055725097656,True,0.0,-0.1271533214021474,-0.0635766607010737,2.0,-0.1271533214021474,-0.0635766607010737,2.0,0.0037956276080964527,0,3,3,3,1.0,-1.9511376667793148,-1.071631103262886,False,1,0.5,0.0,1.0,0.0,0.8413057370049035
~/anvil/data/cve-targets/libxml2_repo_valid.c,1205,1186,1278,case XML_ELEMENT_CONTENT_ELEMENT: {,case XML_ELEMENT_CONTENT_ELEMENT:,"        case XML_ELEMENT_CONTENT_ELEMENT:
	    if (size - len <",0.2494662851095199,"[[436, 1452, 17170, 62, 36, 29174, 62, 25563, 4208, 62, 36, 29174, 25, 185, 10212, 562, 334, 3017, 567, 10405, 1013]]","[-0.27709969878196716, -0.007478219456970692, -0.00012778419477399439, -3.2186455882765586e-06, -0.0003816353273577988, -3.2186455882765586e-06, -2.372236667724792e-05, -0.00030429501202888787, -2.264974000354414e-06, -5.781483559985645e-05, -0.8291725516319275, -0.046170786023139954, -0.0029891119338572025, -0.7177942991256714, -0.8551874756813049, -0.9415736198425293, -0.26283764839172363, -0.7545244693756104, -0.0018780466634780169, -0.0017375147435814142, -0.48830389976501465]",6.7090277671813965,False,1.0,-5.187651295418391,-0.2470310140675424,21.0,-2.7367960966364535,-0.1824530731090969,15.0,0.10091637587329069,1,6,11,5,0.5454545454545454,-1.3672901248440623,-1.04777494490865,True,13,0.6190476190476191,2.0,0.9705882352941176,2.0,1.953035553635861
~/anvil/data/cve-targets/libtiff_repo_libtiff_tif_predict.c,334,326,336,"TIFFSwabArrayOfLong(wp, wc);",uint32_t* wp2 = wp + wc;,"	uint32_t* wp2 = wp + wc;
	uint32_t",1.533282995223999,"[[184, 9842, 18, 17, 62, 83, 9, 259, 79, 17, 405, 259, 79, 945, 259, 66, 26, 185, 184, 9842, 18, 17, 62, 83]]","[-0.9488695859909058, -0.646766722202301, -0.14939722418785095, -3.2186455882765586e-06, -0.0017202593153342605, -2.5748875486897305e-05, -0.7432959079742432, -1.136879563331604, -0.46915727853775024, -1.1606825590133667, -0.21429754793643951, -0.27392518520355225, -0.0005123494775034487, -0.6285406351089478, -0.14443591237068176, -9.905801562126726e-05, -0.24594563245773315, -0.004963220097124577, -0.6939050555229187, -0.8029009699821472, -0.1291234791278839, -2.7418097943154862e-06, -0.0006871246150694788, -0.0001746263587847352]",3.2840278148651123,False,1.0,-8.396311606158633,-0.3498463169232764,24.0,-7.463422664264954,-0.39281171917183966,19.0,0.15265482553609755,0,11,15,13,0.7333333333333333,-3.9033534907171346,-1.1414436426060206,True,13,0.5416666666666666,23.0,0.2692307692307693,11.0,1.9276822483410898
~/anvil/data/cve-targets/libsndfile_repo_src_aiff.c,1425,1408,1432,{    size_t chanmap_size = psf->sf.channels * sizeof (psf->channel_map [0]) ;,"memcpy (map_info->channel_map, psf->channel_map, map_info->channel_map_size) ;","		memcpy (map_info->channel_map, psf->channel_map, map_info->channel_map_size) ;
	else
		{
		unsigned chanmap_size = map",0.8004224300384521,"[[184, 184, 7253, 66, 4016, 334, 4008, 62, 4895, 12, 29, 15412, 62, 4008, 11, 265, 5274, 12, 29, 15412, 62, 4008, 11, 3579, 62, 4895, 12, 29, 15412, 62, 4008, 62, 3017, 8, 6203, 185, 18052, 185, 184, 5849, 185, 184, 184, 15546, 494, 261, 4008, 62, 3017, 405, 3579]]","[-0.23254942893981934, -0.7133702039718628, -0.8624637126922607, -0.05485793203115463, -0.0011881680693477392, -0.016406981274485588, -0.637039065361023, -0.00026222606538794935, -5.5549986427649856e-05, -0.0005884823040105402, -4.577531944960356e-05, -0.002195450011640787, -5.6980417866725475e-05, -0.0020912461914122105, -0.00727930199354887, -0.7835577130317688, -0.00011753345461329445, -0.025528449565172195, -1.4066597032069694e-05, -0.08883136510848999, -0.000476246903417632, -0.0010445620864629745, -0.004351670388132334, -1.3412808179855347, -0.0005043664714321494, -0.0035985256545245647, -0.0005947966128587723, -0.00013743886665906757, -1.5912513732910156, -0.015919139608740807, -0.36491698026657104, -0.026379169896245003, -0.22506441175937653, -0.01599152758717537, -0.0009029601933434606, -0.02310730330646038, -0.16838493943214417, -0.4274641275405884, -0.7096091508865356, -1.194447636604309, -0.5960674285888672, -0.020616289228200912, -0.4831765294075012, -0.5592229962348938, -0.12939909100532532, -0.00015817821258679032, -0.0008316157618537545, -0.00020013237372040749, -0.002893430180847645, -0.47956347465515137, -1.0166873931884766]",8.942534446716309,False,3.0,-12.832743336565727,-0.2516224183640339,51.0,-7.044020923264725,-0.19566724786846457,36.0,0.15213638053042564,1,33,29,22,1.1379310344827587,-4.0907328066295925,-1.009211014055951,True,33,0.6470588235294118,48.0,0.5290322580645161,26.0,2.4290099520196966
~/anvil/data/cve-targets/sqlite3_repo_src_whereexpr.c,1369,985,1371,*/,*/,"  */
 ",0.2890359759330749,"[[207, 1641, 185, 207]]","[-0.0002330270071979612, -0.2892163097858429, -0.01068513561040163, -0.05215059593319893]",14.232857704162598,True,1.0,-0.3522850683366414,-0.08807126708416035,4.0,-0.3522850683366414,-0.08807126708416035,4.0,0.01386344814592229,1,3,3,3,1.0,-3.2818419162389696,-1.151916333898168,False,1,0.25,0.0,1.0,0.0,0.6536153921447045
~/anvil/data/cve-targets/sqlite3_repo_src_pragma.c,1587,1460,1707,"sqlite3ExprCodeGetColumnOfTable(v, pTab, iDataCur, j, 3);",if( pTab->aCol[j].zName[0]=='?' ){,"          if( pTab->aCol[j].zName[0]=='?' ){
            sqlite3VdbeAddOp2(v, OP_Is",2.169639825820923,"[[1574, 562, 7, 265, 14249, 12, 29, 64, 2608, 58, 73, 2975, 89, 1737, 58, 15, 60, 780, 6, 11665, 2189, 90, 185, 655, 15313, 547, 18, 53, 67, 1338, 3511, 10469, 17, 7, 85, 11, 17364, 62, 3098]]","[-0.0071957469917833805, -0.7614749073982239, -0.0027684953529387712, -0.681224524974823, -0.16284772753715515, -0.00043585337698459625, -9.775113539944869e-06, -0.237138569355011, -0.003415229730308056, -0.0014304416254162788, -0.00418287655338645, -0.0017854715697467327, -1.1360305547714233, -1.1954641342163086, -1.1182878017425537, -0.0196373388171196, -0.0032745571807026863, -0.1061047613620758, -0.6685907244682312, -1.903361201286316, -0.21247676014900208, -0.49372994899749756, -0.131818488240242, -0.005539542995393276, -1.112213134765625, -1.0371154530730564e-05, -0.0002728328399825841, -0.04684864357113838, -0.00021336186910048127, -7.152555099310121e-07, -0.8210440278053284, -0.002767544472590089, -0.9482263326644897, -0.0037441407330334187, -9.77468371274881e-05, -4.446407547220588e-05, -0.0016242180718109012, -7.033100700937212e-05, -0.40568920969963074]",8.611112594604492,False,1.0,-12.201092508628562,-0.31284852586227085,39.0,-8.858225433806183,-0.369092726408591,24.0,0.25897059882892903,1,17,34,32,0.5,-5.878305560048074,-1.0008836953015987,True,24,0.6153846153846154,48.0,0.2857142857142857,30.0,2.440447501466848
~/anvil/data/cve-targets/libsndfile_repo_src_wavlike.c,286,95,384,buffer [--bit] = 0 ;,if (bit > 0),					if (bit > 0),0.2528770864009857,"[[1076, 2944, 334, 3374, 6213, 15, 8, 32014]]","[-0.019583215937018394, -0.5941786170005798, -0.03958030417561531, -0.4580959975719452, -0.6449865102767944, -0.3182736337184906, -0.08071881532669067, -0.4869096875190735]",9.957639694213867,False,0.0,-2.1554170940071344,-0.3079167277153049,7.0,-2.1554170940071344,-0.3079167277153049,7.0,0.06071178968229609,1,14,12,12,1.1666666666666667,-0.8212515386133616,-1.0351501436896322,True,8,1.1428571428571428,12.0,0.5,15.0,2.0771387578147245
~/anvil/data/cve-targets/libxml2_repo_valid.c,5242,5203,5259,(cont->c1->type == XML_ELEMENT_CONTENT_ELEMENT)){,(cont->c1->type == XML_ELEMENT_CONTENT_ELEMENT)){,	       (cont->c1->type == XML_ELEMENT_CONTENT_ELEMENT)){,0.0019651558250188,"[[184, 1032, 334, 2098, 12, 29, 66, 16, 12, 29, 2139, 2312, 17170, 62, 36, 29174, 62, 25563, 4208, 62, 36, 29174, 31343, 32014]]","[-0.0013533014571294188, -0.08946871757507324, -0.0004032037395518273, -0.0001591317413840443, -4.768370445162873e-07, -1.1920928244535389e-07, -8.487341256113723e-05, -0.00020752183627337217, -0.0009448830969631672, 0.0, -3.7431014789035544e-05, -0.0010618292726576328, -2.5987286790041253e-05, -9.536738616588991e-07, -7.748573807475623e-06, -2.3841855067985307e-07, -2.3841855067985307e-07, -2.0265558760002023e-06, -1.1920928244535389e-07, -2.145764938177308e-06, -0.0038543473929166794, -5.936446541454643e-05, -0.030385605990886688, -0.013333440758287907]",11.789756774902344,True,0.0,-0.1280602649435849,-0.005567837606242822,23.0,-0.1280602649435849,-0.005820921133799314,22.0,0.0003579943155060596,0,16,16,16,1.0,-0.3376022075970205,-1.0836656446899104,False,21,0.9130434782608695,0.0,1.0,0.0,0.9424944720195053
~/anvil/data/cve-targets/sqlite3_repo_ext_misc_zipfile.c,1634,1592,1635,return a-aBuf;,assert( a==&aBuf[ZIPFILE,  assert( a==&aBuf[ZIPFILE,0.4721694886684418,"[[207, 4409, 7, 245, 780, 5, 64, 31380, 58, 57, 4072, 12929]]","[-0.01219789870083332, -0.6951923966407776, -0.010247237980365753, -0.02675493434071541, -0.053446363657712936, -0.036443259567022324, -0.0005927712772972882, -1.7165990357170813e-05, -0.0018342590192332864, -0.03578188642859459, -0.0004751745145767927, -0.0003046525234822184]",8.309027671813965,False,0.0,-0.8732880006409687,-0.07277400005341406,12.0,-0.8732880006409687,-0.07277400005341406,12.0,0.03551486930062105,0,8,9,9,0.8888888888888888,-6.488161820456244,-1.0066911040767768,True,6,0.5,17.0,0.42105263157894735,8.0,2.1103099753649737
~/anvil/data/cve-targets/php_repo_ext_phar_zip.c,390,165,664,if (read != entry.uncompressed_filesize) {,if (read != entry.uncompressed_filesize) {,"			if (read != entry.uncompressed_filesize) {
				php_stream_close(",0.0423401109874248,"[[459, 2944, 334, 1187, 2069, 28, 6048, 13, 309, 685, 11330, 62, 9099, 938, 8, 507, 185, 1749, 184, 4431, 62, 6832, 62, 7428, 7]]","[-0.007711403537541628, -0.10183724015951157, -0.15558013319969177, -0.1961631178855896, -0.09523867070674896, -0.0011944787111133337, -0.02192951738834381, -6.079655122448457e-06, -0.0008859285153448582, -4.768370445162873e-07, -0.00030393750057555735, 0.0, -6.198863957251888e-06, -3.576278118089249e-07, -0.037204351276159286, -0.00036995718255639076, -0.09484951198101044, -0.0025381988380104303, -0.05985431745648384, -0.2088843137025833, -7.390948667307384e-06, -6.663577369181439e-05, -0.0002711643755901605, -0.21822424232959747, -0.0003695997002068907]",8.59999942779541,True,1.0,-1.2034972241529545,-0.04813988896611818,25.0,-0.7756738773226175,-0.04309299318458986,18.0,0.0034195747491841733,1,16,15,16,1.0666666666666667,-0.9825288952674958,-1.000605659240092,False,15,0.6,0.0,1.0,0.0,1.1631305640567353
~/anvil/data/cve-targets/libxml2_repo_HTMLparser.c,2500,2468,2509,c = CUR_CHAR(l);,},"    }
    if (count > 0) {
        /* San",0.1275042742490768,"[[315, 611, 185, 315, 562, 334, 4241, 6213, 15, 8, 507, 185, 436, 4535, 5635]]","[-1.1204148530960083, -0.005933290813118219, -0.05436275526881218, -0.018354805186390877, -0.42653363943099976, -0.27035045623779297, -0.943699836730957, -0.7256157398223877, -0.7826610207557678, -0.03207208588719368, -0.0351230688393116, -0.027935169637203217, -0.8469361662864685, -0.8155723214149475, -1.5018666982650757]",6.013195037841797,False,2.0,-7.607431907672435,-0.5071621271781623,15.0,-1.1990657043643296,-0.2997664260910824,4.0,0.22480430354154718,1,12,15,2,0.8,-0.4253454127992816,-1.0661613066405968,True,9,0.6,16.0,0.0,11.0,1.9582082527289775
~/anvil/data/cve-targets/php_repo_ext_phar_phar.c,77,69,145,"char *key, *lasts, *end;",char *key;,"	char *key;
	char *lasts;
	char *end;",0.2609460055828094,"[[184, 5897, 572, 2447, 26, 185, 184, 5897, 572, 6358, 82, 26, 185, 184, 5897, 572, 408, 26, 32014]]","[-0.13845297694206238, -0.13154573738574982, -0.10628410428762436, -0.38180577754974365, -0.655828595161438, -0.018631450831890106, -0.11391040682792664, -0.03043903037905693, -0.030354613438248634, -0.26177626848220825, -0.0023855105973780155, -0.6333937048912048, -0.01209814753383398, -0.0949656292796135, -0.008677276782691479, -0.006014107260853052, -0.008236016146838665, -0.028599083423614502, -0.07888655364513397]",5.072915554046631,False,2.0,-2.6633984372019768,-0.14796657984455427,18.0,-1.546459048986435,-0.2209227212837764,7.0,0.04219019813747042,0,15,19,7,0.7894736842105263,-1.1811641829616197,-1.0915204373645309,True,11,0.6111111111111112,14.0,0.5882352941176471,8.0,1.943209853533305
~/anvil/data/cve-targets/libtiff_repo_libtiff_tif_jbig.c,100,39,108,"decodedSize, (unsigned long)size);","decodedSize, size);","	                 decodedSize, size);
	}
	else
	{
	    TIFF",0.5338927507400513,"[[184, 474, 1450, 8709, 5142, 11, 2398, 477, 185, 1839, 185, 18052, 185, 5849, 185, 10212, 323, 40, 3681]]","[-0.033481042832136154, -0.08255530148744583, -0.030483203008770943, -0.0004968600696884096, -3.099436753473128e-06, -0.0027775303460657597, -0.03941059112548828, -0.011853143572807312, -0.6195050477981567, -0.14477024972438812, -0.013753058388829231, -0.6813316345214844, -0.17521028220653534, -0.0029416880570352077, -0.011699514463543892, -0.14650359749794006, -0.9928510189056396, -0.005254506133496761, -0.00020525732543319464]",5.745415687561035,False,4.0,-2.9950866269016387,-0.15763613825798098,19.0,-0.8205658196773129,-0.09117397996414588,9.0,0.03550438773368169,1,14,11,7,1.2727272727272727,-5.855757870282775,-1.0733226501940347,True,10,0.5263157894736842,15.0,0.7169811320754718,11.0,2.013293114733582
~/anvil/data/cve-targets/lua_repo_ldebug.c,754,747,794,lu_byte mask = L->hookmask;,int mask = ci->callstatus;,"  int mask = ci->callstatus;
  if (mask & CIST_TRAP",1.439742088317871,"[[207, 1097, 12326, 405, 4533, 12, 29, 4749, 7430, 26, 185, 207, 562, 334, 16043, 573, 339, 6900, 62, 3907, 2831]]","[-0.019406333565711975, -0.921613335609436, -0.1412300169467926, -0.17963877320289612, -1.1335062980651855, -0.2577468752861023, -4.0649541915627196e-05, -1.0759954452514648, -0.3191578984260559, -0.7160868644714355, -0.424232542514801, -0.05655786395072937, -0.6369330883026123, -0.5001769065856934, -0.417463093996048, -0.3512485921382904, -0.317889004945755, -0.03258096054196358, -0.0015468548517674208, -1.3894319534301758, -0.428168386220932]",11.806249618530272,False,1.0,-9.320651737845765,-0.44384055894503643,21.0,-5.245212896832527,-0.4371010747360439,12.0,0.15967716177353136,1,11,17,11,0.6470588235294118,-3.293842480683217,-1.084112555019427,True,11,0.5238095238095238,17.0,0.5283018867924528,3.0,2.0647538106776655
~/anvil/data/cve-targets/openssl_repo_crypto_asn1_tasn_dec.c,652,638,761,"ERR_raise(ERR_LIB_ASN1, ASN1_R_ILLEGAL_NULL);","ERR_raise(ERR_LIB_ASN1, ERR_R_PASSED_NULL_PARAMETER);","        ERR_raise(ERR_LIB_ASN1, ERR_R_PASSED_NULL_PARAMETER);",0.4051101803779602,"[[436, 19798, 62, 22326, 7, 8198, 62, 29492, 62, 3146, 45, 16, 11, 19798, 62, 49, 62, 47, 3146, 26980, 62, 14589, 62, 25630, 2421, 1004, 477, 32014]]","[-0.004891097079962492, -0.20423002541065216, -0.00032074074260890484, -0.002538912231102586, -0.0016315970569849014, -0.0012425805907696486, -4.0531076592742465e-06, -0.005342136137187481, -1.5497195136049413e-06, -0.0010877889581024647, -7.510157047363464e-06, -5.364403477869928e-06, -0.00037400881410576403, -0.6000612378120422, -9.298280929215252e-06, -0.00604657456278801, -5.960446742392378e-06, -1.4620786905288696, -0.46769076585769653, -0.03739338740706444, -0.000196556793525815, -0.0020475867204368114, -0.02066907100379467, -0.3613223135471344, -0.0006297035724855959, -0.0004345426568761468, -0.0043082283809781075, -0.30518457293510437]",7.101778507232666,False,0.0,-3.1845712819805385,-0.11794708451779773,27.0,-3.1845712819805385,-0.11794708451779773,27.0,0.09315129675595461,0,11,11,11,1.0,-3.434677355817394,-1.0375374274384492,True,25,0.9259259259259259,21.0,0.7142857142857143,1.0,2.055935566854374
~/anvil/data/cve-targets/libpng_repo_pngset.c,473,444,497,"png_chunk_report(png_ptr, ""Invalid palette"", PNG_CHUNK_ERROR);","png_error(png_ptr, ""Invalid palette"");","      png_error(png_ptr, ""Invalid palette"");",1.3238260746002195,"[[730, 265, 944, 62, 4014, 7, 6320, 62, 8856, 11, 440, 14551, 5597, 7934, 2583, 32014]]","[-0.016521429643034935, -0.47957098484039307, -0.0001433984871255234, -0.0004969792207702994, -0.39606431126594543, -0.011118244379758835, -0.001192454481497407, -1.3589766240329482e-05, -1.2278481335670222e-05, -0.0018647201359272003, -0.045368071645498276, -0.32856547832489014, -0.36211320757865906, -0.0014282988850027323, -1.1473336219787598, -0.2813093066215515]",6.102745056152344,False,0.0,-2.7918070691148387,-0.18612047127432257,15.0,-2.7918070691148387,-0.18612047127432257,15.0,0.09501070343301642,1,16,14,14,1.1428571428571428,-7.112737602351302,-1.063777107336748,True,25,1.6666666666666667,26.0,0.72,3.0,2.1598197776402803
~/anvil/data/cve-targets/poppler_repo_utils_HtmlOutputDev.cc,1169,1146,1175,fclose(f1);,// close the file,"    // close the file
    fclose(f1",0.233423113822937,"[[315, 1069, 3399, 254, 1753, 185, 315, 267, 7428, 7, 69, 16]]","[-0.014779483899474144, -0.5474586486816406, -0.7128849029541016, -0.4135016202926636, -0.7925387024879456, -0.13716383278369904, -0.0005819296347908676, -0.38756635785102844, -0.02774074301123619, -0.0016349294455721974, -0.0009420248097740114, -5.471556869451888e-05]",8.738886833190918,False,1.0,-3.0368478914206207,-0.25307065761838504,12.0,-2.6189091207343154,-0.37412987439061646,7.0,0.09231965574738875,0,9,5,2,1.8,-0.6239093154566635,-1.0040859860088376,True,6,0.5,11.0,0.4285714285714286,8.0,2.0985060953644346
~/anvil/data/cve-targets/php_repo_ext_standard_http_fopen_wrapper.c,625,564,637,if (tmp_line[tmp_line_len - 1] == '\r') {,},"			}
			if (tmp_line_len > 0 && tmp_line[tmp_line_len - 1] == '\r') {
",0.1253697425127029,"[[459, 1839, 185, 459, 2944, 334, 10801, 62, 1027, 62, 6446, 6213, 15, 2956, 20308, 62, 1027, 58, 10801, 62, 1027, 62, 6446, 567, 207, 16, 60, 2312, 20521, 81, 2462, 507, 185]]","[-0.22669872641563416, -0.00026782741770148277, -0.2082417756319046, -0.10364268720149994, -0.6354855298995972, -0.14934507012367249, -1.2156398296356201, -0.005022528115659952, -0.0002540027489885688, -0.4873160123825073, -6.794698856538162e-05, -0.4836620092391968, -0.9102794528007507, -0.32935357093811035, -0.11025219410657883, -3.45700973412022e-05, -8.4638240878121e-06, -0.020046139135956764, -0.03458024933934212, -4.291525328881107e-06, -1.0251946150674485e-05, -7.152555099310121e-07, -3.099436753473128e-06, -0.0196844432502985, -0.004726309794932604, -0.0028654965572059155, -0.0005118728731758893, -0.013291092589497566, -0.04923415929079056, -0.3537678122520447, -0.029958682134747505, -0.0015705404803156853, -0.024379922077059746]",16.201560974121094,False,2.0,-5.420207275506527,-0.16424870531837962,33.0,-0.5388510166667402,-0.13471275416668504,4.0,0.00822718086949445,1,24,28,2,0.8571428571428571,-0.9306449362439602,-1.2100292278449774,True,20,0.6060606060606061,41.0,0.0,23.0,1.72090800584395
~/anvil/data/cve-targets/libxml2_repo_HTMLparser.c,2744,2727,2765,NEXT;,CUR_PTR++,    CUR_PTR++,0.5984106659889221,"[[315, 339, 3309, 62, 47, 3907, 3868]]","[-0.03504721820354462, -1.5138012170791626, -0.032389167696237564, -0.6502526998519897, -0.11290189623832703, -0.0004151197790633887, -0.9180142879486084]",9.166840553283691,False,0.0,-3.2628216067969333,-0.4661173723995619,7.0,-3.2628216067969333,-0.4661173723995619,7.0,0.2930484962272494,1,4,4,4,1.0,-1.2838197016951272,-1.0148862162973806,True,3,0.42857142857142855,8.0,0.1428571428571429,4.0,2.059411144056696
~/anvil/data/cve-targets/lua_repo_lstate.c,220,200,221,L->errfunc = 0;,L->err = NULL;,"  L->err = NULL;
  L->errmsg",1.13182270526886,"[[207, 412, 12, 29, 977, 405, 4579, 26, 185, 207, 412, 12, 29, 977, 12430]]","[-0.29915356636047363, -0.21819444000720978, -0.004042668268084526, -2.3245540432981215e-05, -2.8336851596832275, -1.5462467670440674, -0.36588215827941895, -0.000747877755202353, -0.061365969479084015, -0.24378643929958344, -0.21376138925552368, -0.0036114726681262255, -0.00018749863374978304, -1.600682020187378, -1.893392562866211]",9.441664695739746,False,1.0,-9.284763235327773,-0.6189842156885182,15.0,-5.573128291716785,-0.5573128291716785,10.0,0.7648860690097936,1,10,17,11,0.5882352941176471,-2.0308570806652035,-1.021883106053222,True,8,0.5333333333333333,8.0,0.6896551724137931,3.0,2.1763008490104085
~/anvil/data/cve-targets/libsndfile_repo_src_paf.c,155,118,206,} ;,} ;,"		} ;
	ps",0.1219679042696952,"[[184, 1839, 6203, 185, 184, 829]]","[-0.011021451093256474, -0.01491173543035984, -0.20534104108810425, -0.027692856267094612, -0.23476682603359222, -0.022458497434854507]",10.346202850341797,True,1.0,-0.5161924073472619,-0.08603206789121032,6.0,-0.4937339099124074,-0.09874678198248148,5.0,0.009927299505506176,1,4,5,4,0.8,-1.2351582686647282,-1.0452546724992018,False,2,0.3333333333333333,0.0,1.0,0.0,0.9208664273475913
~/anvil/data/cve-targets/libsndfile_repo_src_common.c,583,470,684,"double64_le_write (doubledata, psf->header.ptr + psf->header.indx) ;","double64_le_write (doubledata, psf->header.ptr + psf->header.indx) ;","						double64_le_write (doubledata, psf->header.ptr + psf->header.indx) ;
					psf->header.indx += 8 ;
					count",0.0002717652823776,"[[4552, 184, 13270, 21, 19, 62, 275, 62, 6449, 334, 67, 264, 11259, 747, 11, 265, 5274, 12, 29, 7301, 13, 8856, 945, 265, 5274, 12, 29, 7301, 13, 513, 87, 8, 6203, 185, 1076, 184, 829, 69, 12, 29, 7301, 13, 513, 87, 23323, 23, 6203, 185, 1076, 184, 4241]]","[-0.0027894179802387953, -0.0010030006524175406, -0.005409721285104752, -0.0007813499541953206, -5.8412379075889476e-06, -7.271740287251305e-06, -0.0005660838796757162, -6.794906312279636e-06, -2.52720492426306e-05, -0.0003280101518612355, -0.00017248096992261708, -1.1920928244535389e-07, -2.038458114839159e-05, -5.960462772236497e-07, -6.878139538457617e-05, -0.00017641419253777713, -2.145764938177308e-06, -1.2993727978027891e-05, -3.3378546504536644e-06, -2.396077979938127e-05, -4.291525328881107e-06, -6.794906312279636e-06, -0.00018273114983458072, -5.686121585313231e-05, -1.9073468138230965e-06, -1.1444026313256472e-05, -9.536738616588991e-07, -1.680836794548668e-05, -1.966933996300213e-05, -2.932505594799295e-05, -1.5497195136049413e-06, -0.0003203832311555743, -3.0278701160568744e-05, -0.05198707804083824, -0.012529348954558372, -0.04221178963780403, -0.02452254109084606, -9.536738616588991e-07, -0.00018082413589581847, -5.125986263010418e-06, -0.00037400881410576403, -1.2516897186287679e-05, -0.0015997005393728614, -3.3378546504536644e-06, -0.005913618952035904, -0.005585539620369673, -0.0006130246329121292, -0.0036649219691753387, -0.0003477922291494906, -0.0023393663577735424, -0.001754293916746974]",14.29444408416748,True,2.0,-0.16573275992271164,-0.003249661959268856,51.0,-0.11881519325236667,-0.003300422034787963,36.0,0.00011912877040718689,0,26,41,26,0.6341463414634146,-0.08234258513398263,-1.1536912588644141,False,31,0.6078431372549019,0.0,1.0,0.0,0.8741733462378277
~/anvil/data/cve-targets/libsndfile_repo_src_common.c,617,470,684,"memcpy (&(psf->header.ptr [psf->header.indx]), strptr, size + 1) ;","memcpy (&(psf->header.ptr [psf->header.indx]), strptr, size) ;","					memcpy (&(psf->header.ptr [psf->header.indx]), strptr, size) ;
					psf->header.indx += size ;
					count += 4",0.2187113016843795,"[[1076, 184, 7253, 66, 4016, 334, 5, 7, 829, 69, 12, 29, 7301, 13, 8856, 821, 829, 69, 12, 29, 7301, 13, 513, 87, 60, 650, 1401, 8856, 11, 2398, 8, 6203, 185, 1076, 184, 829, 69, 12, 29, 7301, 13, 513, 87, 8528, 2398, 6203, 185, 1076, 184, 4241, 23323, 19]]","[-0.007105556782335043, -0.04819287359714508, -0.14837342500686646, -0.003890921827405691, -1.5497195136049413e-06, -0.0012999664759263396, -0.006330556236207485, -0.002190216211602092, -5.602679812000133e-05, -2.3841855067985307e-07, -1.847726889536716e-05, -2.7418097943154862e-06, -3.397406908334233e-05, -4.637133679352701e-05, -3.361645576660521e-05, -0.002305232686921954, -0.00011205045302631333, -2.3841830625315197e-06, -3.6238969187252223e-05, -5.960462772236497e-07, -1.5020257706055418e-05, -6.556489552167477e-06, -2.074220174108632e-05, -4.768360213347478e-06, -0.002177488524466753, -7.819823804311454e-05, -0.007499753963202238, -8.4638240878121e-06, -0.00039939055568538606, -0.011026638559997082, -0.007460826076567173, -7.86750388215296e-05, -0.2814471423625946, -0.01987927407026291, -0.2219320386648178, -0.1660454422235489, -2.145764938177308e-06, -0.0002653246629051864, -3.099436753473128e-06, -0.00019429226813372225, -2.002696055569686e-05, -0.008864101022481918, -2.7418097943154862e-06, -0.010954479686915874, -0.011151253245770931, -0.01343495026230812, -0.07026297599077225, -0.010289479047060013, -0.1525060534477234, -0.47015056014060974, -0.06406314671039581, -0.1496214121580124]",11.06042766571045,False,2.0,-1.8998994763789199,-0.03653652839190231,52.0,-0.77206799154024,-0.022059085472578285,35.0,0.003900673138139996,1,38,53,35,0.7169811320754716,-9.914794607249705,-1.0640859650231138,True,32,0.6153846153846154,4.0,0.96875,3.0,2.270482729763078
~/anvil/data/cve-targets/libsndfile_repo_src_wavlike.c,388,382,391,"psf_binheader_writef (psf, ""422b"", BHW4 (subformat->esf_field1),","sf_write_guid (psf, BHW2 (subformat->esf_field1),","	sf_write_guid (psf, BHW2 (subformat->esf_field1),",1.6622328758239746,"[[184, 5274, 62, 6449, 62, 3425, 304, 334, 829, 69, 11, 380, 39, 54, 17, 334, 1580, 7697, 12, 29, 257, 69, 62, 3267, 16, 650, 32014]]","[-0.5763334035873413, -1.3773113489151, -0.2655230462551117, -1.3506319522857666, -0.44189804792404175, -2.0049736499786377, -0.003991494886577129, -0.28074055910110474, -0.15801160037517548, -0.00031895318534225225, -0.3921463191509247, -1.4294934272766113, -0.03331271559000015, -0.050142399966716766, -1.3738470077514648, -0.024696078151464462, -0.06879666447639465, -2.0503786799963564e-05, -0.0005435658385977149, -2.7417760065873154e-05, -0.06218092888593674, -0.0006227937992662191, -0.0014486543368548155, -0.35176679491996765, -0.10208354890346527, -0.012544653378427029, -0.4617821276187897]",1.270138382911682,False,0.0,-10.363407530467157,-0.3985925973256599,26.0,-10.363407530467157,-0.3985925973256599,26.0,0.3286119530289687,0,20,15,15,1.3333333333333333,-4.170255260575975,-1.20038345336285,True,33,1.2692307692307692,23.0,0.7610619469026548,7.0,1.893146929189023
~/anvil/data/cve-targets/libxml2_repo_valid.c,540,530,558,switch (state->cont->type) {,"xmlSnprintfElementContent(state->cont, 5000, state","	xmlSnprintfElementContent(state->cont, 5000, state",0.6100170612335205,"[[184, 7056, 16028, 17186, 4471, 7261, 7, 4968, 12, 29, 2098, 11, 207, 20, 15, 15, 15, 11, 1967]]","[-0.1857813149690628, -0.009686137549579144, -0.7703123092651367, -0.000779205875005573, -0.08826422691345215, -0.035193391144275665, -0.010543830692768097, -0.03330452740192413, -0.009818238206207752, -9.179073458653875e-06, -0.03569113090634346, -0.06473793089389801, -0.0779416486620903, -0.16554540395736694, -0.0027105992194265127, -0.005763696972280741, -0.013847588561475277, -0.003566216677427292, -0.1960122138261795]",3.288194417953491,False,0.0,-1.7095087907673587,-0.08997414688249257,19.0,-1.7095087907673587,-0.08997414688249257,19.0,0.029586071659550118,0,16,11,11,1.4545454545454546,-6.779914924119379,-1.1413247502331825,True,11,0.5789473684210527,35.0,0.41025641025641024,10.0,1.869069851310892
~/anvil/data/cve-targets/libxml2_repo_HTMLparser.c,323,168,473,*,*," *
 *",0.0034849646035581,"[[572, 185, 572]]","[-0.003485320834442973, -0.7952011227607727, -0.0008659188752062619]",15.830557823181152,True,1.0,-0.7995523624704219,-0.26651745415680733,3.0,-0.7986864435952157,-0.39934322179760784,2.0,0.15670347775496285,0,2,3,2,0.6666666666666666,-0.008726740340979979,-1.1988579985399574,False,1,0.3333333333333333,0.0,1.0,0.0,0.48462264831016494
~/anvil/data/cve-targets/libxml2_repo_valid.c,6151,6120,6153,ctxt->finishDtd = save;,ctxt->valid = 0;,"    ctxt->valid = 0;
    ctxt->finishDtd",0.1629745811223983,"[[315, 258, 9313, 12, 29, 4605, 1412, 15, 26, 185, 315, 258, 9313, 12, 29, 4647, 840, 35, 1735]]","[-0.016277976334095, -0.49547696113586426, -0.0002915434306487441, -0.0015926783671602607, -2.169585604860913e-05, -0.9150762557983398, -0.7148752808570862, -0.13182611763477325, -0.0007136897183954716, -0.07210355252027512, -0.010176321491599083, -0.3180942237377167, -9.917721035890281e-05, -0.0006873629172332585, -1.823885577323381e-05, -0.09790180623531342, -7.748573807475623e-06, -0.0011501847766339779, -9.965400386136025e-05]",7.419444561004639,False,1.0,-2.776490469454984,-0.14613107733973602,19.0,-2.358432073144286,-0.2144029157403896,11.0,0.1010184214654603,0,10,16,10,0.625,-0.7601322983859815,-1.0293302991439324,True,11,0.5789473684210527,11.0,0.6153846153846154,2.0,2.035519062041793
~/anvil/data/cve-targets/poppler_repo_fofi_FoFiType1C.cc,769,741,1040,if (charset[i] >= nCIDs) {,if (charset[i] >= 0 && charset[i] < nGlyphs) {,            if (charset[i] >= 0 && charset[i] < nGlyphs) {,0.3943469822406769,"[[655, 562, 334, 5897, 1113, 58, 72, 60, 16684, 15, 2956, 20115, 58, 72, 60, 1013, 291, 38, 16703, 82, 8, 507, 32014]]","[-0.09339147806167603, -0.3314615786075592, -0.05616360902786255, -0.22636377811431885, -0.002825674833729863, -0.024021651595830917, -0.004898214712738991, -0.16621607542037964, -0.9373477697372437, -0.03646348789334297, -0.3979364335536957, -0.0071083977818489075, -0.000847814604640007, -0.00016068121476564556, -0.003453127108514309, -0.10814082622528076, -0.10590630024671555, -0.7265682816505432, -0.0006542449118569493, -0.00028772983932867646, -0.03366352245211601, -0.00219818577170372, -0.6476921439170837]",9.71180534362793,False,0.0,-3.266078863365692,-0.148458130152986,22.0,-3.266078863365692,-0.148458130152986,22.0,0.05939373424923977,0,18,29,29,0.6206896551724138,-2.6562841781336095,-1.0288077667462272,True,14,0.6363636363636364,23.0,0.6388888888888888,12.0,2.1567888162697018
~/anvil/data/cve-targets/libsndfile_repo_src_ulaw.c,729,574,879,"0x82, 0x82, 0x82, 0x82, 0x82, 0x82, 0x82, 0x82, 0x82, 0x82, 0x82, 0x82,","0x82, 0x82, 0x82, 0x82, 0x82, 0x82, 0x82, 0x82, 0x82, 0x82, 0x82, 0x82,","	0x82, 0x82, 0x82, 0x82, 0x82, 0x82, 0x82, 0x82, 0x82, 0x82, 0x82, 0x82,
	0x82, 0x82, 0x82, 0x82, 0x82, 0x82,",0.0006370089831762,"[[184, 15, 87, 23, 17, 11, 207, 15, 87, 23, 17, 11, 207, 15, 87, 23, 17, 11, 207, 15, 87, 23, 17, 11, 207, 15, 87, 23, 17, 11, 207, 15, 87, 23, 17, 11, 207, 15, 87, 23, 17, 11, 207, 15, 87, 23, 17, 11, 207, 15, 87, 23, 17, 11, 207, 15, 87, 23, 17, 11, 207, 15, 87, 23, 17, 11, 207, 15, 87, 23, 17, 11, 185, 184, 15, 87, 23, 17, 11, 207, 15, 87, 23, 17, 11, 207, 15, 87, 23, 17, 11, 207, 15, 87, 23, 17, 11, 207, 15, 87, 23, 17, 11, 207, 15, 87, 23, 17, 11]]","[-0.0004956685588695109, -2.8967437174287625e-05, -0.00011300401820335537, -0.00013600854435935616, -0.01144274603575468, -6.329813186312094e-05, -5.018585216021165e-05, -1.8358061424805783e-05, -1.4185804502631072e-05, -3.0397906812140718e-05, -0.004420865327119827, -1.5139465176616795e-05, -1.811964830267243e-05, -9.894321920000948e-06, -5.602820692729438e-06, -2.0861407392658293e-05, -0.002692409558221698, -1.1205610462639015e-05, -1.2397689715726301e-05, -1.2159273865108844e-05, -6.556489552167477e-06, -1.9192511899746023e-05, -0.0021142051555216312, -1.0371154530730564e-05, -2.0146166207268834e-05, -2.0146166207268834e-05, -1.0013530300057027e-05, -2.038458114839159e-05, -0.001479841535910964, -1.0251946150674485e-05, -1.5735502529423684e-05, -1.2516897186287679e-05, -6.198863957251888e-06, -1.811964830267243e-05, -0.0014617482665926218, -9.298280929215252e-06, -2.3603161025675945e-05, -8.583032467868179e-06, -4.410734163684538e-06, -1.8358061424805783e-05, -0.0016473069554194808, -1.1801649634435307e-05, -2.9801878554280847e-05, -6.556489552167477e-06, -4.410734163684538e-06, -2.288792165927589e-05, -0.0018794744974002242, -1.1086402082582936e-05, -8.749579137656838e-05, -1.8596476365928538e-05, -6.9141146923357155e-06, -2.6702524337451905e-05, -0.0018794744974002242, -1.168244216387393e-05, -0.00010966652916977182, -1.0609570381348021e-05, -5.483612312673358e-06, -1.966933996300213e-05, -0.001863292302004993, -1.0013530300057027e-05, -0.00020561488054227084, -7.867782187531702e-06, -5.483612312673358e-06, -2.372236667724792e-05, -0.002667204709723592, -1.6689160474925302e-05, -0.018611092120409012, -2.8132995794294402e-05, -1.6569954823353328e-05, -4.362964682513848e-05, -0.003977602813392878, -7.903263758635148e-05, -0.008808801881968975, -1.5258672647178173e-05, -1.9073468138230965e-06, -1.7881377516459906e-06, -1.597391747054644e-05, -0.001492696930654347, -8.22540732769994e-06, -3.6954811548639555e-06, -5.960462772236497e-07, -1.0728830375228426e-06, -1.0490362910786644e-05, -0.0016417133156210184, -5.483612312673358e-06, -1.7881377516459906e-06, -1.1920928244535389e-07, -1.1920922133867862e-06, -8.940656698541716e-06, -0.0013144910335540771, -3.814689989667386e-06, -2.264974000354414e-06, -2.3841855067985307e-07, -1.0728830375228426e-06, -1.168244216387393e-05, -0.0010749283246695995, -4.291525328881107e-06, -2.7418097943154862e-06, -4.768370445162873e-07, -1.5497195136049413e-06, -1.2278481335670222e-05, -0.0009509570081718266, -3.933898824470816e-06, -1.7881377516459906e-06, -4.768370445162873e-07, -9.536738616588991e-07, -1.156323378381785e-05, -0.0012047183699905872, -5.006777428206988e-06]",13.223089218139648,True,1.0,-0.07487570026741963,-0.0006869330299763269,109.0,-0.06707078765430197,-0.0009063619953284049,74.0,7.652109423366532e-06,0,25,37,25,0.6756756756756757,-0.7028196090077569,-1.1232010854292782,False,71,0.6513761467889908,0.0,1.0,0.0,0.9419900100732445
~/anvil/data/cve-targets/lua_repo_ldebug.c,780,747,794,"changedline(p, pcRel(L->oldpc, p), npci)) {",!isIT(*(ci->u.l.savedpc - 1)) ||,"        !isIT(*(ci->u.l.savedpc - 1)) ||
        !isIT(*(ci->u.",1.0835477113723757,"[[436, 2069, 262, 2105, 7, 13271, 2711, 12, 29, 84, 13, 75, 13, 82, 12614, 6338, 567, 207, 16, 1435, 1550, 185, 436, 2069, 262, 2105, 7, 13271, 2711, 12, 29, 84, 13]]","[-0.01646420732140541, -1.702986478805542, -0.9762352108955383, -0.27839046716690063, -0.3612053394317627, -0.4067539572715759, -0.4906197786331177, -0.0008731843554414809, -4.887569048150908e-06, -0.0047143264673650265, -6.329813186312094e-05, -0.0019490785198286176, -0.00017069313616957515, -0.014036975800991058, -5.364403477869928e-06, -0.00035637227119877934, -0.1317080408334732, -0.037504423409700394, -0.2059440314769745, -0.446292906999588, -0.3263167440891266, -0.1104959100484848, -0.009597588330507278, -1.52396559715271, -0.9339969754219055, -0.322319895029068, -0.29160454869270325, -0.359405517578125, -0.2595665156841278, -0.0022665781434625387, -9.77468371274881e-05, -0.006406839471310377, -0.00028046013903804123]",5.308333396911621,False,1.0,-9.222599939518659,-0.2794727254399594,33.0,-5.522689265369081,-0.2401169245812644,23.0,0.15308074321050838,1,23,37,27,0.6216216216216216,-4.5125836642375585,-1.0851152199640426,True,20,0.6060606060606061,34.0,0.3733333333333333,23.0,2.1538631577629204
~/anvil/data/cve-targets/php_repo_ext_phar_util.c,1391,1252,1478,PHP_SHA256_CTX context;,PHP_SHA256_CTX context;,			PHP_SHA256_CTX context;,0.0286870300769805,"[[459, 184, 24080, 62, 8019, 32, 17, 20, 21, 62, 2068, 55, 3723, 26, 32014]]","[-0.0006559127941727638, -0.0009347598534077406, -0.0004239375703036785, -1.9073468138230965e-06, -0.0006513857515528798, -3.6954811548639555e-06, -0.009332248941063881, -0.00010656742961145937, -7.152555099310121e-07, -0.00011562632425921038, -6.198863957251888e-06, -2.5748875486897305e-05, -0.40773990750312805, -0.00025376438861712813, -0.00530478497967124]",14.42725658416748,True,0.0,-0.42025237637903956,-0.030018026884217112,14.0,-0.42025237637903956,-0.030018026884217112,14.0,0.010980412412454194,1,5,5,5,1.0,-0.9556600834435116,-1.1575282408369063,False,12,0.8571428571428571,0.0,1.0,0.0,0.6291405321435323
~/anvil/data/cve-targets/libpng_repo_pngrutil.c,2895,2647,3067,bytes_to_copy = row_width;,bytes_to_copy = row_width;,"               bytes_to_copy = row_width;
            /* And the number of",0.0191882140934467,"[[4885, 7879, 62, 577, 62, 11792, 405, 5439, 62, 2166, 26, 185, 655, 4535, 1306, 254, 1594, 280]]","[-0.18372847139835358, -0.1489337831735611, -3.2186455882765586e-06, -1.0371154530730564e-05, -7.152555099310121e-07, -0.00041166413575410843, -0.006867022719234228, -0.013505049049854279, -1.311301275563892e-06, -3.242440288886428e-05, -0.0214814655482769, -0.7033511400222778, -0.4996796250343323, -0.676426887512207, -2.3235080242156982, -2.178666114807129, -1.0798866748809814, -0.3320268988609314]",7.138986587524414,True,1.0,-8.168520862118385,-0.4538067145621325,18.0,-1.5780062618414377,-0.12138509706472597,13.0,0.04688189999286975,1,7,14,7,0.5,-0.15807718210428254,-1.036572756779654,False,10,0.5555555555555556,0.0,1.0,0.0,0.9646061719883827
~/anvil/data/cve-targets/libsndfile_repo_src_common.c,620,470,684,psf->header.ptr [psf->header.indx] = 0 ;,count += 4 + size ;,"					count += 4 + size ;
					break ;
			case 'c' :
					data = va_arg (argptr, unsigned int)",0.23307666182518,"[[1076, 184, 4241, 23323, 19, 945, 2398, 6203, 185, 1076, 20702, 6203, 185, 459, 14288, 651, 66, 6, 1191, 185, 1076, 184, 2448, 405, 817, 62, 1139, 334, 1139, 8856, 11, 13680, 1097, 8]]","[-0.00791295524686575, -0.08515966683626175, -0.2012418806552887, -0.032946906983852386, -0.05835983157157898, -0.026842093095183372, -0.013803851790726185, -0.04836064577102661, -0.0004159538948442787, -0.0028314997907727957, -0.01223110780119896, -0.0013617537915706635, -0.0005164004978723824, -0.006730624008923769, -0.001829142333008349, -0.015541394241154194, -2.2633774280548096, -0.0028736984822899103, -0.0002759314374998212, -0.0671156495809555, -0.003054716857150197, -0.5114635229110718, -0.25373348593711853, -0.07365395873785019, -0.04175855964422226, -1.7881377516459906e-06, -1.4781842764932662e-05, -0.00027104519540444016, -5.8412379075889476e-06, -7.629365427419543e-06, -1.847726889536716e-05, -0.5141951441764832, -0.32376009225845337, -0.0008611546363681555]",8.947948455810547,False,3.0,-4.572528614072553,-0.13448613570801626,34.0,-0.4778752856364008,-0.04778752856364008,10.0,0.003272595475882731,1,24,34,10,0.7058823529411765,-4.877353335290919,-1.0093476202407843,True,20,0.5882352941176471,35.0,0.2033898305084746,20.0,2.255261109836411
~/anvil/data/cve-targets/lua_repo_ldebug.c,723,718,739,"static int changedline (const Proto *p, int oldpc, int newpc) {",int,"
int
luaG_islineinfo(lua_State *L, int oldpc, int newpc)
{
  l",1.073192477226257,"[[185, 569, 185, 2572, 64, 38, 62, 262, 1027, 4895, 7, 2572, 64, 62, 4425, 572, 43, 11, 1097, 1705, 6338, 11, 1097, 756, 6338, 8, 185, 90, 185, 207, 284]]","[-1.2170393466949463, -1.3068310022354126, -0.61260586977005, -0.5115901827812195, -0.04192524403333664, -0.21019230782985687, -0.006980082020163536, -1.9837634563446045, -2.3232717514038086, -1.1169955730438232, -1.0727717876434326, -0.7135281562805176, -0.08602482080459595, -0.3908455967903137, -0.03443433344364166, -0.02745802327990532, -0.1487889438867569, -0.39075493812561035, -0.1466696709394455, -0.4990571141242981, -0.0029623694717884064, -0.06326046586036682, -0.002139780670404434, -0.0038758409209549427, -0.00013505500101018697, -0.015337617136538029, -0.4363395571708679, -0.0027437680400907993, -0.1671958565711975, -0.016362419351935387, -0.9822617173194885]",0.8638889193534851,False,4.0,-14.534142648990382,-0.46884331125775425,31.0,-3.136476218700409,-1.0454920729001362,3.0,0.09503898933097411,1,28,22,2,1.2727272727272727,-1.0264950878577983,-1.2126369510957116,True,20,0.6451612903225806,60.0,0.09090909090909094,26.0,1.8784119941498296
~/anvil/data/cve-targets/libtiff_repo_libtiff_tif_lzw.c,704,542,732,} while (codep);,} while (--len);,"			} while (--len);
			sp-",1.0184086561203003,"[[459, 1839, 1470, 334, 374, 6446, 477, 185, 459, 184, 776, 12]]","[-0.008046000264585018, -8.987976616481319e-05, -0.0693766176700592, -0.014637816697359085, -0.11214089393615723, -0.023125825449824333, -0.0084184305742383, -0.16109825670719147, -0.2492186427116394, -0.6685914397239685, -1.1218204498291016, -0.0007900454220362008]",13.84461784362793,False,1.0,-2.437354298752325,-0.20311285822936043,12.0,-1.3147438035011874,-0.13147438035011874,10.0,0.03804953474013227,1,10,14,12,0.7142857142857143,-7.746061654051982,-1.1407899217843565,True,6,0.5,4.0,0.75,3.0,1.8534714551573677
~/anvil/data/cve-targets/libxml2_repo_HTMLparser.c,544,389,694,*,*," *
 *",0.0102326069027185,"[[572, 185, 572]]","[-0.010232842527329922, -0.6958526968955994, -0.00039545822073705494]",6.659895896911621,True,1.0,-0.7064809976436663,-0.23549366588122211,3.0,-0.7060855394229293,-0.35304276971146464,2.0,0.11751864617599175,0,2,3,2,0.6666666666666666,-0.02898404323952427,-1.049062714194792,False,1,0.3333333333333333,0.0,1.0,0.0,0.874248763839564
~/anvil/data/cve-targets/lua_repo_ldebug.c,114,103,121,L->oldpc = L->ci->u.l.savedpc;,L->hook = NULL;,"    L->hook = NULL;
  else",1.9902675151824951,"[[315, 412, 12, 29, 18863, 405, 4579, 26, 185, 207, 1969, 32014]]","[-0.026911141350865364, -1.3364394903182983, -0.03234981372952461, -4.6967357775429264e-05, -0.6777539253234863, -0.635837972164154, -0.5468522906303406, -0.0033083013258874416, -0.7405812740325928, -0.06125721335411072, -0.7156234979629517, -0.4665663242340088]",6.365451335906982,False,1.0,-4.776961887549987,-0.4342692625045443,11.0,-4.061338389587036,-0.4061338389587036,10.0,0.1853306034390145,1,22,14,11,1.5714285714285714,-4.900521267288119,-1.0568134765777832,True,20,1.8181818181818181,23.0,0.4,14.0,2.3296191177872907
~/anvil/data/cve-targets/poppler_repo_splash_SplashXPathScanner.cc,413,391,477,const int intersectionIndex = splashAASize * y + yy - yMin;,// find intersection,"            // find intersection
            interIdx = 0;
            interCount = 0;
            while (interIdx < allIntersections",1.5197726488113403,"[[655, 1069, 1273, 20562, 185, 655, 1193, 1825, 87, 1412, 15, 26, 185, 655, 1193, 5611, 1412, 15, 26, 185, 655, 1470, 334, 2263, 1825, 87, 1013, 519, 5317, 25987]]","[-0.028308263048529625, -1.3296325206756592, -2.340508222579956, -1.474021553993225, -1.810804009437561, -0.005591822322458029, -1.632146954536438, -0.3189886808395386, -7.271740287251305e-06, -0.12762825191020966, -0.007331135682761669, -0.0005403488758020103, -0.005518321879208088, -0.001303061842918396, -0.13257092237472534, -0.005367273930460215, -0.01822347566485405, -0.004867964424192905, -0.00020597243565134704, -0.0007192885386757553, -0.0015168600948527455, -0.19965298473834991, -0.016079159453511238, -0.028543706983327866, -0.005496389232575893, -1.1920928244535389e-07, -0.0026581690181046724, -0.24654056131839752, -0.008282479830086231, -0.010665792971849442]",7.780556678771973,False,3.0,-9.76372153958345,-0.3254573846527817,30.0,-6.988866392057389,-1.1648110653428982,6.0,0.7596293001327679,1,19,19,2,1.0,-1.304737475484016,-1.0200795279375643,True,18,0.6,44.0,0.40506329113924056,18.0,2.3318873914208007
~/anvil/data/cve-targets/php_repo_ext_phar_phar.c,986,632,1125,if (entry.filename_len + 20 > endbuffer - buffer) {,entry.filename_len = entry.filename_len;,"		entry.filename_len = entry.filename_len;
		entry.is_dir = (entry.flags &",1.0133341550827026,"[[184, 184, 8470, 13, 17464, 62, 6446, 405, 6048, 13, 17464, 62, 6446, 26, 185, 184, 184, 8470, 13, 262, 62, 5634, 405, 334, 8470, 13, 17614, 573]]","[-0.015388447791337967, -0.7843711972236633, -0.47215014696121216, -0.0022519484627991915, -0.9457399249076843, -0.315388947725296, -0.15648750960826874, -0.3636527359485626, -0.17880311608314514, -0.049142006784677505, -0.1075071394443512, -0.004510467406362295, -0.001443654764443636, -0.6305612325668335, -0.021052006632089615, -0.012573495507240295, -0.7848341464996338, -0.28608599305152893, -0.001192097319290042, -1.9188106060028076, -0.0025631689932197332, -0.8263488411903381, -0.4872424602508545, -0.8141055703163147, -0.9465632438659668, -0.0006033745594322681, -0.3488655984401703, -0.025081194937229156]",7.778471946716309,False,1.0,-10.503320273244753,-0.3751185811873126,28.0,-4.845858124317601,-0.2850504779010354,17.0,0.09810921027098057,1,22,24,13,0.9166666666666666,-3.5549288060990896,-1.0201326941352986,True,17,0.6071428571428571,27.0,0.5494505494505495,17.0,2.302353985954508
~/anvil/data/cve-targets/libtiff_repo_libtiff_tif_next.c,123,39,140,break;,goto bad;,"					goto bad;
",0.5805211663246155,"[[1076, 184, 25804, 3794, 26, 185]]","[-0.13619431853294373, -0.49879878759384155, -0.03774850443005562, -0.058043792843818665, -0.0017849955474957824, -0.025157803669571877]",9.656423568725586,False,1.0,-0.7577282026177272,-0.1262880337696212,6.0,-0.7577282026177272,-0.1262880337696212,6.0,0.02951454180572344,1,4,5,5,0.8,-4.59680263439386,-1.027384322380668,True,2,0.3333333333333333,7.0,0.4,3.0,2.0247308299948936
~/anvil/data/cve-targets/openssl_repo_crypto_pkcs7_pk7_doit.c,601,587,741,const PKCS7_CTX *p7_ctx;,PKCS7_CTX *p7_ctx = PKCS7_get_ctx(p,    PKCS7_CTX *p7_ctx = PKCS7_get_ctx(p,0.5754636526107788,"[[315, 28932, 9775, 22, 62, 2068, 55, 572, 79, 22, 62, 12511, 405, 28932, 9775, 22, 62, 703, 62, 12511, 7, 79]]","[-0.15138143301010132, -1.253666639328003, -0.013429893180727959, -0.0024403335992246866, -0.03764277324080467, -0.40379008650779724, -0.008895057253539562, -0.133305162191391, -0.005636749789118767, -9.202533692587167e-05, -0.0001209901092806831, -0.00020180096908006817, -0.20708338916301727, -0.8592876195907593, -0.00032455421751365066, -0.00022063204960431904, -0.0021250303834676743, -0.9752035140991211, -0.210308238863945, -0.36855870485305786, -0.060846634209156036, -0.0314231812953949]",13.365277290344238,False,0.0,-4.725984443241032,-0.21481747469277418,22.0,-4.725984443241032,-0.21481747469277418,22.0,0.12177015465365036,1,9,9,9,1.0,-2.678849350751332,-1.1272008351021479,True,13,0.5909090909090909,24.0,0.576271186440678,7.0,1.8218501927521258
~/anvil/data/cve-targets/libsndfile_repo_src_common.c,478,470,684,unsigned int 	data ;,unsigned int	data ;,	unsigned int	data ;,0.1890593320131302,"[[184, 15546, 1097, 184, 2448, 6203, 32014]]","[-0.12590104341506958, -0.15392491221427917, -0.4386153817176819, -0.5413646101951599, -0.5417589545249939, -0.038121167570352554, -0.14331622421741486]",5.2967023849487305,False,0.0,-1.839686069637537,-0.3066143449395895,6.0,-1.839686069637537,-0.3066143449395895,6.0,0.04264748244547031,0,7,7,7,1.0,-0.6166030230920196,-1.085430790544497,True,6,1.0,1.0,0.9743589743589743,0.0,1.859094296033023
~/anvil/data/cve-targets/lua_repo_ldebug.c,155,146,160,*pos = ci->func - nextra + (n - 1);,*pos = ci->u.l.nextraargs;,"      *pos = ci->u.l.nextraargs;
      return ci->u.l.nextraargs",1.156155347824097,"[[730, 572, 937, 405, 4533, 12, 29, 84, 13, 75, 13, 4786, 401, 7175, 26, 185, 730, 967, 4533, 12, 29, 84, 13, 75, 13, 4786, 401, 7175]]","[-0.004949104506522417, -1.0130051374435425, -0.007095495704561472, -0.04991742968559265, -1.2172373533248901, -0.0034905478823930025, -7.60526381782256e-05, -0.1557425558567047, -0.0012723454274237156, -0.03063385747373104, -0.0016544476384297013, -1.608507513999939, -0.3230714797973633, -0.19336150586605072, -1.2874367237091064, -0.1792547106742859, -0.02206175960600376, -0.16440442204475403, -1.635713815689087, -0.0012465096078813076, -1.3708974620385561e-05, -0.10694224387407303, -0.00045003299601376057, -0.026160402223467827, -0.002022127853706479, -1.6200590133666992, -0.13602961599826813, -0.14902077615261078]",7.514583110809326,False,1.0,-9.9408306900159,-0.35502966750056786,28.0,-6.098768021234719,-0.3587510600726305,17.0,0.280403327525505,1,24,31,18,0.7741935483870968,-3.2227231540166845,-1.0268849835456966,True,17,0.6071428571428571,16.0,0.6229508196721312,13.0,2.325460134623494
~/anvil/data/cve-targets/sqlite3_repo_src_select.c,2116,2093,2124,"sqlite3ColumnsFromExprList(pParse, pSelect->pEList, &pTab->nCol, &pTab->aCol);",pTab->nCol = pSelect->nCol;,"  pTab->nCol = pSelect->nCol;
  pTab->pCol = sqlite3DbMallocZero(db, pTab->nCol * sizeof(Column) );
  if( pTab->p",1.0653141736984253,"[[207, 265, 14249, 12, 29, 77, 2608, 405, 265, 6330, 12, 29, 77, 2608, 26, 185, 207, 265, 14249, 12, 29, 79, 2608, 405, 15313, 547, 18, 21792, 44, 14314, 29630, 7, 4179, 11, 265, 14249, 12, 29, 77, 2608, 572, 21343, 7, 8517, 8, 4363, 185, 207, 562, 7, 265, 14249, 12, 29, 79]]","[-0.011920761317014694, -0.22978875041007996, -0.005645047407597303, -0.0004889961564913392, -1.0967194612021558e-05, -0.8821801543235779, -1.1541237831115723, -0.8632592558860779, -0.1503499150276184, -0.054549362510442734, -0.00015007323236204684, -1.1920858014491387e-05, -0.4263246953487396, -0.22173474729061127, -0.07353612035512924, -0.09946812689304352, -0.008432142436504364, -0.2000349462032318, -0.0026825417298823595, -0.0006089740199968219, -1.0013530300057027e-05, -1.1543618440628052, -0.39403098821640015, -0.27054738998413086, -0.49814772605895996, -0.0002980979916173965, -0.000514851592015475, -0.462581992149353, -0.15371577441692352, -0.0003916450368706137, -0.38030150532722473, -0.023193033412098885, -0.01785912923514843, -0.0022652698680758476, -0.5454502105712891, -0.07567610591650009, -0.00019464982324279845, -5.722029527532868e-06, -0.0012561534531414509, -0.0022691949270665646, -0.6173379421234131, -0.04818571358919144, -0.01281726360321045, -0.9220106601715088, -0.42992308735847473, -0.004615012556314468, -0.07690710574388504, -0.004732479341328144, -0.2769123613834381, -0.00415094243362546, -0.07878574728965759, -0.0009139174944721162, -0.009260203689336777, -5.245195097813848e-06, -0.004472016356885433]",8.089583396911621,False,2.0,-10.859402277645131,-0.19744367777536603,55.0,-4.181974819759489,-0.2459985188093817,17.0,0.12656175941042924,0,28,46,13,0.6086956521739131,-4.330571496342673,-1.0122290961797553,True,35,0.6363636363636364,60.0,0.34285714285714286,19.0,2.3975650173249297
~/anvil/data/cve-targets/libsndfile_repo_src_double64.c,109,70,214,psf->read_float		= host_read_d2f ;,psf->read_float		= host_read_d2f ;,					psf->read_float		= host_read_d2f ;,0.0001101193920476,"[[1076, 184, 829, 69, 12, 29, 1187, 62, 9986, 459, 28, 3686, 62, 1187, 62, 67, 17, 69, 6203, 32014]]","[-0.00013207517622504383, -0.00012432756193447858, -3.504691630951129e-05, -2.3841855067985307e-07, -7.986990567587782e-06, -5.960462772236497e-07, -0.0002383901592111215, -2.3841855067985307e-07, -3.886147169396281e-05, -0.0021290748845785856, -0.00011014331539627165, -0.0003122795606032014, -2.861018856492592e-06, -0.000498289882671088, -5.602820692729438e-06, -0.0002703301142901182, -3.40932747349143e-05, -0.0001662831346038729, -6.69933797325939e-05, -0.10635184496641159]",15.807120323181152,True,0.0,-0.004173712545480157,-0.0002196690813410609,19.0,-0.004173712545480157,-0.0002196690813410609,19.0,2.1963260324165504e-07,0,10,10,10,1.0,-0.5012967294957058,-1.1981557484388639,False,17,0.8947368421052632,0.0,1.0,0.0,0.576931301204957
~/anvil/data/cve-targets/sqlite3_repo_src_vdbemem.c,1078,1001,1083,#endif,#endif,"#endif
 ",0.038797840476036,"[[2, 9239, 185, 207]]","[-0.05029238760471344, -0.033965349197387695, -0.25427553057670593, -0.055783290416002274]",11.834029197692873,True,1.0,-0.39431655779480934,-0.09857913944870234,4.0,-0.39431655779480934,-0.09857913944870234,4.0,0.008144850799749444,0,2,3,2,0.6666666666666666,-0.3935704926317119,-1.0848657212857622,False,2,0.5,0.0,1.0,0.0,0.7849061585652961
~/anvil/data/cve-targets/libpng_repo_pngset.c,474,444,497,return;,return;,      return;,0.0493475385010242,"[[730, 967, 26, 32014]]","[-0.02266094461083412, -0.09850283712148666, -0.0002847504511009902, -0.523714005947113]",7.089583396911621,True,0.0,-0.12144853218342178,-0.04048284406114059,3.0,-0.12144853218342178,-0.04048284406114059,3.0,0.0017666088082069825,1,4,4,4,1.0,-1.2189741023752036,-1.0378537977478794,False,2,0.6666666666666666,0.0,1.0,0.0,0.9309711609011306
~/anvil/data/cve-targets/poppler_repo_fofi_FoFiType1C.cc,1230,1075,1380,case 0x000b: // return,case 0x000b: // hcurveto,"            case 0x000b: // hcurveto
                if (",0.7908459901809692,"[[655, 1452, 207, 15, 87, 15, 15, 15, 65, 25, 1069, 286, 1862, 85, 11514, 185, 1044, 562, 334]]","[-0.0023424585815519094, -0.011841952800750732, -0.0003880701260641217, -4.851700214203447e-05, -0.00035553809721022844, -0.0010377742582932115, -0.000957150012254715, -0.025302289053797722, -0.16282078623771667, -0.00012754580529872328, -0.0066059306263923645, -1.835042953491211, -0.8934050798416138, -0.1809864640235901, -0.0002012050390476361, -0.013986663892865181, -0.0385308600962162, -0.1666097193956375, -0.004641473293304443]",9.763020515441896,False,1.0,-3.345232431674958,-0.1760648648249978,19.0,-3.1739812389860163,-0.1867047787638833,17.0,0.21380803927577327,0,6,8,6,0.75,-4.2358101137899355,-1.0301258745685735,True,11,0.5789473684210527,7.0,0.8260869565217391,1.0,2.0667086359892552
~/anvil/data/cve-targets/openssl_repo_crypto_x509_v3_addr.c,1169,1014,1319,#undef validation_err,/*,"/*
 * RFC 3779",0.8368590474128723,"[[4350, 185, 572, 432, 11144, 207, 18, 22, 22, 24]]","[-0.6231125593185425, -0.5819070339202881, -0.002184744458645582, -0.4639597535133362, -0.0010931475553661585, -0.0017432268941774964, -0.023812612518668175, -0.0037360647693276405, -0.0011975744273513556, -0.0014843647368252277]",6.358333110809326,False,1.0,-1.7042310821125284,-0.17042310821125284,10.0,-1.2050195932388306,-0.6025097966194153,2.0,0.000424473830836547,0,4,7,3,0.5714285714285714,-1.3889550877153412,-1.057001559217782,True,6,0.6,21.0,0.0,3.0,1.9799960551766262
~/anvil/data/cve-targets/libsndfile_repo_src_alaw.c,163,98,274,"0xb3, 0xb3, 0xb3, 0xb3, 0xb3, 0xb3, 0xb3, 0xb3, 0xb3, 0xb3, 0xb3, 0xb3,","0xb3, 0xb3, 0xb3, 0xb3, 0xb3, 0xb3, 0xb3, 0xb3, 0xb3, 0xb3, 0xb3, 0xb3,","	0xb3, 0xb3, 0xb3, 0xb3, 0xb3, 0xb3, 0xb3, 0xb3, 0xb3, 0xb3, 0xb3, 0xb3,
	0xb3, 0xb3, 0xb3, 0xb3, 0xb3, 0xb3,",0.0008955335943028,"[[184, 15, 87, 65, 18, 11, 207, 15, 87, 65, 18, 11, 207, 15, 87, 65, 18, 11, 207, 15, 87, 65, 18, 11, 207, 15, 87, 65, 18, 11, 207, 15, 87, 65, 18, 11, 207, 15, 87, 65, 18, 11, 207, 15, 87, 65, 18, 11, 207, 15, 87, 65, 18, 11, 207, 15, 87, 65, 18, 11, 207, 15, 87, 65, 18, 11, 207, 15, 87, 65, 18, 11, 185, 184, 15, 87, 65, 18, 11, 207, 15, 87, 65, 18, 11, 207, 15, 87, 65, 18, 11, 207, 15, 87, 65, 18, 11, 207, 15, 87, 65, 18, 11, 207, 15, 87, 65, 18, 11]]","[-0.0003313469351269305, -2.7894584491150454e-05, -0.0018931577214971185, -0.003420457011088729, -0.03017326630651951, -0.00015209948469419032, -1.8596476365928538e-05, -4.0531076592742465e-06, -9.214453893946484e-05, -0.00011908298620255664, -0.0005820487276650965, -1.6331539882230572e-05, -4.6491513785440475e-06, -1.9073468138230965e-06, -2.7656173188006505e-05, -5.1973900554003194e-05, -0.0003743662964552641, -1.4662635294371285e-05, -6.437280717364047e-06, -7.271740287251305e-06, -4.9232225137529895e-05, -9.7508447652217e-05, -0.00035529976594261825, -1.9550132492440753e-05, -3.3378044463461265e-05, -1.0371154530730564e-05, -0.0006504327175207436, -0.0012850845232605934, -0.010297502391040325, -1.07287787614041e-05, -1.3947389561508317e-05, -4.172316494077677e-06, -4.4225667807040736e-05, -4.589452510117553e-05, -0.00046135272714309394, -6.794906312279636e-06, -1.549708758830093e-05, -3.3378546504536644e-06, -5.94836674281396e-05, -5.793403761344962e-05, -0.00042274597217328846, -1.0132738680113107e-05, -1.764281842042692e-05, -4.0531076592742465e-06, -5.435795901576057e-05, -7.009260298218578e-05, -0.000324673397699371, -1.2516897186287679e-05, -7.986703712958843e-05, -1.1920858014491387e-05, -0.0002882065309677273, -0.0005401106318458915, -0.0026012177113443613, -7.867782187531702e-06, -2.90866428258596e-05, -4.887569048150908e-06, -0.00010680581908673048, -0.0002884448622353375, -0.0016549237770959735, -5.722029527532868e-06, -2.4318398573086597e-05, -5.245195097813848e-06, -7.390703103737906e-05, -0.0001411338453181088, -0.0011462554102763534, -1.156323378381785e-05, -0.0005296258023008704, -3.0517112463712692e-05, -0.00016282663273159415, -0.0001255195093108341, -0.000604565953835845, -0.00012754580529872328, -0.12773968279361725, -9.643566590966657e-05, -2.276871418871451e-05, -0.002542122732847929, -0.003722644178196788, -0.009175279177725315, -1.0371154530730564e-05, -6.794906312279636e-06, -2.145764938177308e-06, -5.864924969500862e-05, -0.0001677133986959234, -0.0010620674584060907, -4.291525328881107e-06, -4.768360213347478e-06, -9.536738616588991e-07, -7.462222856702283e-05, -0.00011097769311163574, -0.0009083197801373899, -3.3378546504536644e-06, -3.2186455882765586e-06, -1.1920922133867862e-06, -9.131014667218551e-05, -0.0001784403866622597, -0.0012332937913015485, -5.722029527532868e-06, -1.7404405298293568e-05, -3.099436753473128e-06, -0.0024782679975032806, -0.0028701324481517076, -0.03617759048938751, -6.318072337307967e-06, -1.2040065485052764e-05, -1.9073468138230965e-06, -0.0001793938863556832, -0.00029452278977259994, -0.004149161744862795, -4.887569048150908e-06]",11.553916931152344,True,1.0,-0.25378128263514554,-0.002328268648028858,109.0,-0.18819555144000333,-0.0025431831275676124,74.0,0.00022818873982374834,0,25,37,25,0.6756756756756757,-0.35213099072394327,-1.0772951549279088,False,71,0.6513761467889908,0.0,1.0,0.0,1.0611671486516567
~/anvil/data/cve-targets/libxml2_repo_parser.c,4712,4564,4724,"""Double hyphen within comment\n"", NULL);","""Double hyphen within comment: ""","		                      ""Double hyphen within comment: ""
                                      ""<!--\n"");
	    }",0.7509803771972656,"[[459, 8745, 440, 17666, 8424, 1105, 2372, 5273, 25, 440, 185, 24603, 440, 27, 4013, 59, 77, 2583, 185, 10212, 611]]","[-0.5098460912704468, -0.04326891154050827, -0.010962733998894691, -1.0157506465911865, -0.01798512041568756, -0.00034671969478949904, -0.10957838594913483, -0.01217352133244276, -0.8438567519187927, -0.4161868989467621, -0.004339444916695356, -0.07958773523569107, -0.013596192933619022, -0.035792239010334015, -0.007568257860839367, -1.19845449924469, -0.004943410400301218, -0.03567284345626831, -0.006829136051237583, -0.49178826808929443, -0.02767639048397541]",1.5654948949813845,False,2.0,-4.8862041993415914,-0.23267639044483768,21.0,-3.063882961811032,-0.2553235801509193,12.0,0.11796176826329609,1,11,15,7,0.7333333333333333,-2.941288762884213,-1.191552569974222,True,11,0.5238095238095238,10.0,0.8333333333333334,7.0,1.6995608005315226
~/anvil/data/cve-targets/openssl_repo_ssl_statem_statem.c,581,479,620,if (SSL_IS_DTLS(s)) {,if (SSL_IS_DTLS(s)) {,                if (SSL_IS_DTLS(s)) {,0.1250704973936081,"[[1044, 562, 334, 22756, 62, 2713, 62, 15091, 10839, 7, 82, 1435, 507, 32014]]","[-0.019720911979675293, -0.8915629386901855, -0.06560451537370682, -0.34559816122055054, -0.0012213874142616987, -0.003913602326065302, -2.50339189733495e-06, -0.0029634390957653522, -1.1920928244535389e-07, -0.0006752118351869285, -4.029192859889008e-05, -0.030695708468556404, -0.014830812811851501, -0.31410592794418335]",10.895140647888184,True,0.0,-1.376829603745584,-0.10590996951889108,13.0,-1.376829603745584,-0.10590996951889108,13.0,0.059567975018129146,0,15,15,15,1.0,-1.1809133546327701,-1.0596980471932342,False,12,0.9230769230769231,0.0,1.0,0.0,1.0087688783268611
~/anvil/data/cve-targets/poppler_repo_poppler_Annot.cc,5094,5076,5097,if (obj1.isArray()) {,if (obj1.isArray()) {,"    if (obj1.isArray()) {
        Rectangle rect",0.1165147721767425,"[[315, 562, 334, 8612, 16, 13, 262, 5055, 4683, 507, 185, 436, 432, 498, 2395, 9171]]","[-0.006067072972655296, -0.16233524680137634, -0.05266745388507843, -0.012301996350288391, -1.7404405298293568e-05, -0.004244842100888491, -0.01626378484070301, -0.6599247455596924, -0.08919354528188705, -0.02005244977772236, -0.6947361826896667, -0.004661289043724537, -1.7075889110565186, -0.005169477313756943, -0.23973479866981506, -0.43930524587631226]",11.556249618530272,True,1.0,-4.114264446625384,-0.2571415279140865,16.0,-1.7224660137089813,-0.14353883447574844,12.0,0.05907457145101053,0,17,16,17,1.0625,-0.811729958671416,-1.077357981580083,False,9,0.5625,0.0,1.0,0.0,0.9845888411923039
~/anvil/data/cve-targets/libtiff_repo_libtiff_tif_pixarlog.c,1152,1136,1165,*/,*/,"	 */
	if",0.5896322727203369,"[[184, 1641, 185, 2944]]","[-0.018528243526816368, -0.5914942026138306, -0.04006636142730713, -0.5774266123771667]",8.545833587646484,True,1.0,-1.2275154199451208,-0.3068788549862802,4.0,-0.6500888075679541,-0.21669626918931803,3.0,0.07031406053675858,1,3,7,3,0.42857142857142855,-2.7210079570184065,-1.0007489504245781,False,1,0.25,0.0,1.0,0.0,1.0836390693843085
~/anvil/data/cve-targets/libxml2_repo_xmlmemory.c,142,129,178,TEST_POINT,if (xmlMemStopAtBlock == block,    if (xmlMemStopAtBlock == block,0.9786471128463744,"[[315, 562, 334, 7056, 8989, 16916, 3554, 8123, 2312, 3839]]","[-0.0865153893828392, -0.677345871925354, -0.36727288365364075, -1.0879590511322021, -0.10404960811138153, -0.5734220743179321, -0.026829790323972702, -0.05198458954691887, -0.21125176548957825, -0.23714251816272736]",6.917359828948975,False,0.0,-3.423773542046547,-0.3423773542046547,10.0,-3.423773542046547,-0.3423773542046547,10.0,0.10565293979057544,1,2,7,7,0.2857142857142857,-2.858387392822108,-1.0423320035889065,True,4,0.4,29.0,0.050000000000000044,6.0,2.013116627011365
~/anvil/data/cve-targets/libpng_repo_png.c,2441,2368,2463,goto PNG_FP_End; /* not a part of the number */,goto PNG_FP_End; /* not a part of the number */,"            goto PNG_FP_End; /* not a part of the number */
         png_fp_add(state",0.0518108010292053,"[[655, 2138, 78, 375, 12658, 62, 17843, 62, 6015, 26, 4535, 441, 245, 692, 280, 254, 1594, 1641, 185, 294, 265, 944, 62, 25644, 62, 1761, 7, 4968]]","[-0.00697676744312048, -0.016006309539079666, -4.172316494077677e-06, -8.415821503149346e-05, -0.00012814177898690104, -1.9311717551317997e-05, -1.3708974620385561e-05, -4.529942543740617e-06, -0.0003687655262183398, -9.250213042832911e-05, -0.5139425992965698, -0.30578258633613586, -0.02645103633403778, -0.01593603380024433, -0.0009682258241809905, -0.013131213374435902, -0.06607764959335327, -0.01162009872496128, -0.6932961940765381, -0.006690126843750477, -0.10128992050886154, -1.1324817933200393e-05, -3.2186455882765586e-06, -0.0004273931554052979, -2.861018856492592e-06, -0.0645003542304039, -0.0005947966128587723, -0.0005079409456811845]",10.689062118530272,True,1.0,-1.8449319417238712,-0.06589042649013825,28.0,-1.6775941317882825,-0.08387970658941413,20.0,0.035178078075686244,0,6,9,6,0.6666666666666666,-0.6176798076180202,-1.0542525613313152,False,16,0.5714285714285714,0.0,1.0,0.0,0.9114457024401942
~/anvil/data/cve-targets/openssl_repo_ssl_statem_statem_dtls.c,599,560,646,"frag_len, 0, &readbytes);",frag_len);,"                                          frag_len);
            if (i <= 0)
                goto err;",0.1881298124790191,"[[30257, 8010, 62, 6446, 477, 185, 655, 562, 334, 72, 22322, 15, 8, 185, 1044, 2138, 78, 1572, 26]]","[-0.27674996852874756, -0.1595417857170105, -0.0005515484372153878, -4.815939246327616e-05, -0.3086322247982025, -0.3520319163799286, -0.00997321866452694, -0.1660466492176056, -0.015808142721652985, -0.006834937259554863, -0.42263495922088623, -0.0016075557796284556, -0.22337163984775543, -0.08486183732748032, -0.003957892768085003, -0.16457977890968323, -5.960462772236497e-07, -0.0019066027598455548, -0.0004520586517173797]",7.292416095733643,False,2.0,-2.199591472428267,-0.11576797223306669,19.0,-1.1075288219180948,-0.1582184031311564,7.0,0.0208703966849104,0,11,18,5,0.6111111111111112,-1.1890513919740893,-1.032604351319043,True,11,0.5789473684210527,15.0,0.5714285714285714,10.0,2.0415386091871452
~/anvil/data/cve-targets/sqlite3_repo_src_expr.c,3680,3626,3723,"sqlite3ExprCompare(0,pFarg->a[0].pExpr, pFarg->a[1].pExpr,-1),","sqlite3ExprCompare(pParse,pFarg->a[0].pExpr, pFarg->a[1].pExpr,-1),","         sqlite3ExprCompare(pParse,pFarg->a[0].pExpr, pFarg->a[1].pExpr,-1),",0.3135179579257965,"[[294, 15313, 547, 18, 20567, 28806, 7, 79, 19889, 11, 79, 37, 1139, 12, 29, 64, 58, 15, 2975, 79, 20567, 11, 265, 37, 1139, 12, 29, 64, 58, 16, 2975, 79, 20567, 6297, 16, 650, 32014]]","[-0.008158097974956036, -0.005924995522946119, -3.576272320060525e-06, -2.407998726994265e-05, -0.004272618796676397, -0.004735564347356558, -0.007862097583711147, -0.007246401626616716, -0.09515716880559921, -0.0036535197868943214, -0.1834685355424881, -9.178694017464295e-05, 0.0, -0.00028272447525523603, -4.291525328881107e-06, -2.4199192921514623e-05, -1.1086402082582936e-05, -0.0018651961581781507, -4.8993817472364753e-05, -5.447716102935374e-05, -3.123234637314454e-05, -0.0007640779949724674, -0.02542397566139698, -3.3854863431770355e-05, -1.1920928244535389e-07, -1.2040065485052764e-05, -1.1920928244535389e-07, -1.0013530300057027e-05, -1.7881377516459906e-06, -0.0005178302526473999, -5.924526340095326e-05, -9.059865078597795e-06, -5.245195097813848e-06, -0.8196628093719482, -0.0028110535349696875, -0.0023161747958511114, -0.32831647992134094]",8.921875,False,0.0,-1.1745480512165472,-0.0326263347560152,36.0,-1.1745480512165472,-0.033558515749044206,35.0,0.018810433409710496,0,36,36,36,1.0,-9.342426234531125,-1.0086899051110563,True,34,0.9444444444444444,6.0,0.9457364341085271,1.0,2.403415780214623
~/anvil/data/cve-targets/poppler_repo_poppler_GfxState.cc,4624,4513,4911,case 1:,case 1:,"            case 1:
                if (",0.0135842515155673,"[[655, 1452, 207, 16, 25, 185, 1044, 562, 334]]","[-0.00045062878052704036, -0.0005296258023008704, -1.3470558769768104e-05, -0.03187984973192215, -5.578839045483619e-05, -0.1491723507642746, -0.12417390942573547, -0.1399424821138382, -0.004677069839090109]",15.972917556762695,True,1.0,-0.45089517540691304,-0.050099463934101446,9.0,-0.30627562345398474,-0.04375366049342639,7.0,0.003612526007301584,0,5,7,5,0.7142857142857143,-0.3104712008634847,-1.2031323278148158,False,4,0.4444444444444444,0.0,1.0,0.0,0.5088859492560902
~/anvil/data/cve-targets/libsndfile_repo_src_sd2.c,351,276,385,rsrc.type_offset = rsrc.map_offset + 30 ;,"rsrc.type_offset = rsrc.string_offset + read_rsrc_short (&rsrc, rsrc","	rsrc.type_offset = rsrc.string_offset + read_rsrc_short (&rsrc, rsrc",0.3171933889389038,"[[184, 3303, 2607, 13, 2139, 62, 9668, 405, 427, 7364, 13, 2600, 62, 9668, 945, 1272, 62, 3303, 2607, 62, 11972, 334, 5, 3303, 2607, 11, 427, 7364]]","[-0.5023873448371887, -0.47139957547187805, -6.198863957251888e-06, -0.0002212279650848359, -0.19494463503360748, -0.0001147919538198039, -0.007775634527206421, -0.01158993411809206, -0.21383436024188995, -1.0490362910786644e-05, -3.886147169396281e-05, -0.6333593130111694, -2.861018856492592e-06, -2.7894584491150454e-05, -0.6808965802192688, -0.25517377257347107, -8.844937838148326e-05, -0.003054241416975856, -3.576272320060525e-06, -0.00021109737281221896, -0.4907826781272888, -0.0012380562257021666, -0.00024732868769206107, -1.4543427823809907e-05, -2.3841855067985307e-07, -4.5060096454108134e-05, -0.002406084444373846, -2.7418097943154862e-06]",5.013887405395508,False,0.0,-3.4698775719327557,-0.12392419899759842,28.0,-3.4698775719327557,-0.12392419899759842,28.0,0.04640337254251909,1,16,18,18,0.8888888888888888,-2.559575865768161,-1.093132387218009,True,17,0.6071428571428571,33.0,0.6422018348623852,11.0,1.9574409012307123
~/anvil/data/cve-targets/lua_repo_ldebug.c,154,146,160,if (n <= nextra) {,if (n <= nextra) {,"    if (n <= nextra) {
      *pos = ci",0.2876933515071869,"[[315, 562, 334, 77, 14443, 2100, 401, 8, 507, 185, 730, 572, 937, 405, 4533]]","[-0.007013227790594101, -0.15837378799915314, -0.06864241510629654, -0.8322122693061829, -1.0235402584075928, -0.07902942597866058, -2.5152843591058627e-05, -0.13495276868343353, -0.04122413694858551, -0.4714967608451843, -0.00581003911793232, -0.31823939085006714, -0.00296248821541667, -0.03889038786292076, -0.16580449044704437]",8.931248664855957,True,1.0,-3.3482170004026557,-0.2232144666935104,15.0,-2.8223202430272067,-0.2565745675479279,11.0,0.11767453011426764,1,13,16,13,0.8125,-1.1212855360399119,-1.0089263108376774,False,8,0.5333333333333333,0.0,1.0,0.0,1.1382012422574044
~/anvil/data/cve-targets/php_repo_ext_intl_msgformat_msgformat_parse.c,80,57,115,},},"	}
	/*",0.0829962342977523,"[[1839, 185, 12740]]","[-0.08299634605646133, -0.11308502405881882, -0.6563714146614075]",10.086803436279297,True,1.0,-0.8524527847766876,-0.2841509282588959,3.0,-0.19608137011528015,-0.09804068505764008,2.0,0.00022633213598238777,1,2,4,2,0.5,-0.846548902110967,-1.038498142935839,False,1,0.3333333333333333,0.0,1.0,0.0,0.9107896951035401
~/anvil/data/cve-targets/lua_repo_ldebug.c,318,273,330,ar->ftransfer = ci->u2.transferinfo.ftransfer;,ar->ftransfer = ci->u2.transferinfo.ftransfer;,          ar->ftransfer = ci->u2.transferinfo.ftransfer;,0.035850066691637,"[[1574, 666, 12, 29, 69, 1831, 3994, 405, 4533, 12, 29, 84, 17, 13, 1831, 3994, 4895, 13, 69, 1831, 3994, 26, 32014]]","[-0.0017259714659303427, -0.05961636081337929, -5.435795901576057e-05, -3.814689989667386e-06, -0.04763573408126831, -0.0019249258330091834, -1.8596476365928538e-05, -0.011718837544322014, -0.04204218089580536, -9.77468371274881e-05, -1.156323378381785e-05, -0.04177502542734146, -0.07244190573692322, -0.0001928620331455022, -0.005475049372762442, -3.45700973412022e-05, -0.00029583368450403214, -0.00013839241000823677, -0.45152026414871216, -0.011704345233738422, -0.001110532903112471, -0.006462982390075922, -0.08023243397474289]",8.580554962158203,True,0.0,-0.7560018532676622,-0.034363720603075555,22.0,-0.7560018532676622,-0.034363720603075555,22.0,0.008764975380313289,0,19,19,19,1.0,-1.0432533515718438,-1.000119371385824,False,21,0.9545454545454546,0.0,1.0,0.0,1.1976700080506404
~/anvil/data/cve-targets/php_repo_ext_phar_phar.c,938,632,1125,if (manifest_count > ((manifest_len - 10 - tmp_len) / (5 * 4 + 1))) {,if (buffer + tmp_len > endbuffer) {,"	if (buffer + tmp_len > endbuffer) {
		MAPPHAR_FAIL(""internal corruption of phar \""%s\"" (buffer overrun)"");
	}
	PHAR_GET",0.9972364902496338,"[[2944, 334, 10401, 945, 20308, 62, 6446, 1938, 1223, 10401, 8, 507, 185, 184, 184, 26959, 11914, 1522, 62, 5684, 4470, 1195, 11975, 24668, 280, 1118, 268, 23838, 4, 82, 7757, 334, 10401, 851, 5608, 8, 2583, 185, 1839, 185, 184, 11914, 1522, 62, 11383]]","[-0.5988273620605469, -0.18134081363677979, -0.8285636901855469, -0.8204665184020996, -0.4902932047843933, -1.3232143828645349e-05, -0.00010513706365600228, -0.7143633961677551, -0.009244613349437714, -4.184158387943171e-05, -0.17301176488399506, -0.030795125290751457, -0.0013484203955158591, -0.0013315153773874044, -0.017374103888869286, -0.04369761049747467, -5.435795901576057e-05, -1.6689286894688848e-06, -4.9232225137529895e-05, -0.049694452434778214, -7.986990567587782e-06, -0.0002755738969426602, -0.016324186697602272, -0.0007247682078741491, -0.0010057396721094847, -0.0005411829333752394, -6.079655122448457e-06, -0.0017616719705983996, -1.4305012882687151e-05, -7.70062324590981e-05, -0.0036887952592223883, -0.0022266136948019266, -0.4876946806907654, -0.007182373199611902, -0.0011339908232912421, -0.017340244725346565, -0.039013415575027466, -0.004268582910299301, -0.0009342834819108248, -0.008457912132143974, -1.146196961402893, -1.6305851936340332, -3.313963316031732e-05, -7.962863310240209e-05, -0.011679602786898613]",5.409028053283691,False,3.0,-7.341871981111581,-0.16315271069136847,45.0,-3.8671207392144424,-0.25780804928096285,15.0,0.10241078454193926,1,37,34,16,1.088235294117647,-3.868135587818018,-1.082387022735859,True,29,0.6444444444444445,48.0,0.40384615384615385,25.0,2.3092150205605844
~/anvil/data/cve-targets/poppler_repo_poppler_JBIG2Stream.cc,720,673,858,for (yy = y0; yy < y1; ++yy) {,for (yy = y0; yy < y1; yy++) {,    for (yy = y0; yy < y1; yy++) {,0.1535188257694244,"[[315, 327, 334, 14466, 405, 320, 15, 26, 320, 88, 1013, 320, 16, 26, 320, 88, 3868, 8, 507, 32014]]","[-0.035709768533706665, -0.5986071825027466, -0.12817035615444183, -0.013368140906095505, -0.08995857834815979, -0.0014216327108442783, -0.0028760756831616163, -0.008326695300638676, -0.009924118407070637, -0.00047255316167138517, -0.006506567820906639, -0.0007201223634183407, -0.000243634101934731, -0.004066532477736473, -0.20248542726039886, -0.0001081169830285944, -0.013059088960289955, -0.00868767686188221, -0.004899519495666027, -0.2260647714138031]",9.320138931274414,False,0.0,-1.1296117880337988,-0.05945325200177889,19.0,-1.1296117880337988,-0.05945325200177889,19.0,0.018876511282695567,1,21,21,21,1.0,-2.582177098820953,-1.0187831892931494,True,17,0.8947368421052632,4.0,0.9333333333333333,2.0,2.186707782348899
~/anvil/data/cve-targets/php_repo_ext_phar_util.c,1475,1252,1478,},},"	}
	}",0.1798069924116134,"[[1839, 185, 1839]]","[-0.1798073947429657, -0.01703968457877636, -0.9252351522445679]",9.22222137451172,True,1.0,-1.12208223156631,-0.3740274105221033,3.0,-0.19684707932174206,-0.09842353966087103,2.0,0.006623331868023386,0,2,3,2,0.6666666666666666,-1.8268698019920628,-1.0162923202654626,False,1,0.3333333333333333,0.0,1.0,0.0,0.980558961750011
~/anvil/data/cve-targets/openssl_repo_crypto_bn_bn_gf2m.c,812,790,817,"ret = BN_GF2m_mod_exp_arr(r, a, b, arr, ctx);","ret = BN_GF2m_mod_exp_arr(r, a, b, arr, max);","    ret = BN_GF2m_mod_exp_arr(r, a, b, arr, max);
    OPENSSL_free(arr);
    if (",0.1936865299940109,"[[315, 2629, 405, 380, 45, 62, 29362, 17, 76, 62, 1784, 62, 5750, 62, 3046, 7, 81, 11, 245, 11, 270, 11, 5369, 11, 3034, 477, 185, 315, 17364, 1732, 22756, 62, 6630, 7, 3046, 477, 185, 315, 562, 334]]","[-0.054007839411497116, -0.36260250210762024, -0.014339850284159184, -0.0911334976553917, -0.004289592616260052, -0.00037531962152570486, -0.030550844967365265, -0.0009585791267454624, -0.002597175072878599, -0.0011931689223274589, -0.1515303999185562, -0.0026570989284664392, -0.009246503002941608, -0.005995503626763821, -0.016584863886237144, -0.011201590299606323, -0.04655682295560837, -0.00036793138133361936, -0.10100225359201431, -0.0033945576287806034, -0.16795530915260315, -0.0011199399596080184, -0.2236582189798355, -0.03200039267539978, -0.08024343848228455, -0.4822966456413269, -0.042378172278404236, -0.1670406311750412, -0.6468266844749451, -7.152531907195225e-06, -3.814689989667386e-06, -1.1920928244535389e-07, -0.011584159918129444, -0.0001597276859683916, -0.0001554368354845792, -4.8636207793606445e-05, -0.030512457713484764, -0.05752340704202652, -0.7861581444740295, -0.585751473903656]",10.809030532836914,False,2.0,-4.22600985803728,-0.10565024645093199,40.0,-2.1072786433505826,-0.07525995154823509,28.0,0.013183986522542894,0,20,30,20,0.6666666666666666,-2.5735670301338778,-1.057419232916211,True,25,0.625,2.0,0.9555555555555556,1.0,2.0801031154980087
~/anvil/data/cve-targets/lua_repo_ldebug.c,784,747,794,L->oldpc = pc;,L->oldpc = pc;  /* save 'pc',    L->oldpc = pc;  /* save 'pc',0.2001663148403167,"[[315, 412, 12, 29, 839, 6338, 405, 17198, 26, 207, 4535, 4608, 651, 6338, 6]]","[-0.39707791805267334, -1.231522560119629, -0.0018290233565494418, -5.364403477869928e-06, -0.05018763616681099, -0.0008833082392811775, -0.008760116994380951, -0.2539668083190918, -0.050072554498910904, -0.2807583808898926, -0.0003846143954433501, -1.1175205707550049, -0.7528488039970398, -0.6607085466384888, -0.03600764274597168]",8.933333396911621,False,0.0,-4.842533849572646,-0.32283558997150974,15.0,-4.842533849572646,-0.32283558997150974,15.0,0.16752491862365987,1,10,21,21,0.47619047619047616,-0.6200255518853462,-1.0089788957335335,True,8,0.5333333333333333,14.0,0.6666666666666667,13.0,2.093001603265427
~/anvil/data/cve-targets/libxml2_repo_valid.c,1210,1186,1278,},},"            }
           ",0.0003999863693024,"[[655, 611, 185, 655]]","[-0.010779013857245445, -0.00038771264371462166, -0.006085912697017193, -0.8044970631599426]",9.289756774902344,True,1.0,-0.8217497023579199,-0.20543742558947997,4.0,-0.8217497023579199,-0.20543742558947997,4.0,0.11963768927395618,1,2,2,2,1.0,-0.0019469985478774538,-1.0180096623438886,False,1,0.25,0.0,1.0,0.0,0.9536115764554225
~/anvil/data/cve-targets/openssl_repo_crypto_mdc2_mdc2dgst.c,96,66,102,"l2c(tin0, p);","l2c(tin0, p);","        l2c(tin0, p);
        l2c(t",0.0650039389729499,"[[436, 284, 17, 66, 7, 83, 246, 15, 11, 265, 477, 185, 436, 284, 17, 66, 7, 83]]","[-0.0007537146448157728, -0.08775878697633743, -0.0016742035513743758, -0.0013303249143064022, -0.0025305887684226036, -0.5164975523948669, -0.0011714984430000186, -0.019401773810386658, -0.006258650217205286, -0.003152046585455537, -0.006036028731614351, -0.5761364698410034, -0.0017673838883638382, -0.3436245918273926, -0.0004493180604185909, -0.00017450717859901488, -0.0009870424401015043, -0.6264021396636963]",10.959027290344238,True,1.0,-2.1961066219373606,-0.12200592344096448,18.0,-1.2244690227671526,-0.09418992482824251,13.0,0.03781153248500056,0,11,14,11,0.7857142857142857,-0.6901368600886567,-1.0613919132821803,False,10,0.5555555555555556,0.0,1.0,0.0,0.9513882066668391
~/anvil/data/cve-targets/lua_repo_lvm.c,1678,1669,1682,L->oldpc = pc + 1;,trap = false;,          trap = false;,2.365250587463379,"[[1574, 21480, 405, 2515, 26, 32014]]","[-0.2605772316455841, -1.3217872381210327, -0.6146789193153381, -0.775394082069397, -0.00039033422945067286, -0.29645323753356934]",8.472917556762695,False,0.0,-2.9728278053808026,-0.5945655610761605,5.0,-2.9728278053808026,-0.5945655610761605,5.0,0.2053094546284763,1,13,7,7,1.8571428571428572,-3.9781156903576584,-1.0025748801977514,True,10,2.0,13.0,0.32258064516129037,8.0,2.4151250919874947
~/anvil/data/cve-targets/libtiff_repo_libtiff_tif_dirread.c,5769,5720,5775,"if ((nstrips64==0)||(nstrips64>0xFFFFFFFF)) /* something is wonky, do nothing. */",if (nstrips64 > tif->tif_nstrips),        if (nstrips64 > tif->tif_nstrips),1.4797039031982422,"[[436, 562, 334, 77, 26763, 829, 21, 19, 1938, 244, 351, 12, 29, 83, 351, 62, 77, 26763, 829, 8, 32014]]","[-0.047106146812438965, -0.229737788438797, -0.7418486475944519, -0.23440223932266235, -0.0004990047891624272, -9.179073458653875e-06, -0.006269074976444244, -1.0728830375228426e-06, -1.1489336490631104, -1.6187759637832642, -0.004282945767045021, -0.0018938715802505612, -2.6940935640595853e-05, -0.0667964518070221, -0.0006755692302249372, -0.002509898506104946, -1.1164170503616333, -0.2484610229730606, -0.0018986309878528118, -0.20933480560779572, -0.5098885297775269]",4.919445514678955,False,0.0,-5.679879954493458,-0.28399399772467293,20.0,-5.679879954493458,-0.28399399772467293,20.0,0.2172094590802191,1,25,15,15,1.6666666666666667,-5.210335130507894,-1.0957163737110642,True,33,1.65,60.0,0.38596491228070173,15.0,2.198737597570709
~/anvil/data/cve-targets/sqlite3_repo_src_select.c,5223,5100,5396,if(,if( pParse-,  if( pParse-,0.3111504912376404,"[[207, 562, 7, 265, 19889, 12]]","[-0.015276335179805756, -0.6637355089187622, -0.006547664292156696, -0.8985949158668518, -0.9384230971336365, -0.0025381988380104303]",10.13125228881836,False,0.0,-2.5251157202292234,-0.4208526200382039,6.0,-2.5251157202292234,-0.4208526200382039,6.0,0.177706111979119,1,3,5,5,0.6,-0.7393336204236889,-1.0396527856192408,True,2,0.3333333333333333,8.0,0.4285714285714286,2.0,1.947757615654247
~/anvil/data/cve-targets/openssl_repo_crypto_x509_x509_vfy.c,45,-110,195,static int check_name_constraints(X509_STORE_CTX *ctx);,static int check_crl(X509_STORE_CTX *ctx);,"static int check_crl(X509_STORE_CTX *ctx);
static int check_cert_policy(X509_ST",0.3469097316265106,"[[6412, 1097, 2332, 62, 7251, 75, 7, 55, 20, 15, 24, 62, 1428, 46, 1369, 62, 2068, 55, 572, 12511, 477, 185, 6412, 1097, 2332, 62, 13850, 62, 20036, 7, 55, 20, 15, 24, 62, 1428]]","[-0.03187141939997673, -0.08519557118415833, -0.40929993987083435, -0.0002989322238136083, -2.79172682762146, -0.14371898770332336, -0.7076213359832764, -0.010796231217682362, -2.50339189733495e-06, -3.576278118089249e-07, -8.344646857949556e-07, -0.018976567313075066, -0.0014035383937880397, -1.2636104656849056e-05, -7.152555099310121e-07, -0.00017295771976932883, -3.3378546504536644e-06, -9.536738616588991e-07, -0.0002337421028641984, -0.0022285168524831533, -0.6344318389892578, -0.03747399523854256, -0.02538887783885002, -0.05255989357829094, -0.19166721403598785, -0.0003277718205936253, -2.0290141105651855, -0.46206289529800415, -2.0824944972991943, -0.024382829666137695, -0.008314991369843483, -4.291525328881107e-06, -1.0728830375228426e-06, -2.8371408916427754e-05, -0.044214289635419846, -0.006755015812814236]",8.000694274902344,False,1.0,-9.802687862924984,-0.27229688508124955,36.0,-4.875471740187379,-0.22161235182669906,22.0,0.3552204261443706,0,16,22,16,0.7272727272727273,-1.5653898745580488,-1.0144810012671581,True,23,0.6388888888888888,14.0,0.845360824742268,1.0,2.165298721435425
~/anvil/data/cve-targets/libxml2_repo_xmlregexp.c,2138,2132,2323,if ((type1 == XML_REGEXP_EPSILON) ||,if ((type1 == XML_REGEXP_EPSILON) ||,    if ((type1 == XML_REGEXP_EPSILON) ||,0.0677698031067848,"[[315, 562, 8178, 2139, 16, 2312, 17170, 62, 20018, 5957, 47, 62, 36, 4538, 4470, 1236, 8, 1550, 32014]]","[-0.04485335573554039, -0.33027949929237366, -0.04054691642522812, -0.000289159914245829, -0.0008749709231778979, -0.006128566339612007, -0.0007963585085235536, -3.862306402879767e-05, -0.0014884117990732193, -7.4741430580616e-05, -6.961580220377073e-05, -8.535020606359467e-05, -0.7032208442687988, -0.0010038343025371432, -1.645074735279195e-05, -1.311301275563892e-06, -0.003562415484338999, -0.006745306774973869, -0.08151157200336456]",5.811806678771973,True,0.0,-1.1400757323199286,-0.06333754068444047,18.0,-1.1400757323199286,-0.06333754068444047,18.0,0.029730603418994122,0,11,11,11,1.0,-1.0699784420810827,-1.0715426539332331,False,17,0.9444444444444444,0.0,1.0,0.0,0.9253895929564381
~/anvil/data/cve-targets/libxml2_repo_parser.c,13525,13370,13675,*,*," *
 *",0.0017295415746048,"[[572, 185, 572]]","[-0.0017301365733146667, -0.16944058239459991, -0.0034361386206001043]",14.25625228881836,True,1.0,-0.17460685758851469,-0.05820228586283823,3.0,-0.17117071896791458,-0.08558535948395729,2.0,0.007031698409393564,0,2,3,2,0.6666666666666666,-0.02020838125858427,-1.1525902460573894,False,1,0.3333333333333333,0.0,1.0,0.0,0.6044863981462061
~/anvil/data/cve-targets/sqlite3_repo_src_shell.c.in,3423,3268,3573,sqlite3_finalize(pStmt);,if( nCol==0 ){,"  if( nCol==0 ){
    freeColumnList(azCol);
",0.1914889812469482,"[[207, 562, 7, 291, 2608, 780, 15, 2189, 90, 185, 315, 2082, 8517, 2245, 7, 1750, 2608, 477, 185]]","[-0.002506331307813525, -1.0888381004333496, -0.0010998159414157271, -0.30485567450523376, -0.44328707456588745, -0.9614526033401489, -0.09846308082342148, -0.0883725956082344, -0.18418766558170319, -0.014781598001718521, -0.003697702893987298, -0.8426859378814697, -0.010853071697056293, -2.3841830625315197e-06, -0.0005598884890787303, -0.000655793643090874, -1.1920858014491387e-05, -0.0002401778765488416, -0.006410985253751278]",10.397396087646484,False,2.0,-4.052962402884987,-0.2133138106781572,19.0,-3.191542243002914,-0.2901402039093558,11.0,0.13864315118545545,1,9,21,13,0.42857142857142855,-0.6599877530477377,-1.046593278173287,True,11,0.5789473684210527,21.0,0.26315789473684215,11.0,1.9829254300135304
~/anvil/data/cve-targets/libtiff_repo_libtiff_tif_ojpeg.c,1299,1215,1349,if (OJPEGReadHeaderInfoSecStreamDqt(tif)==0),if (OJPEGReadHeaderInfoSecStreamDqt(tif)==0),"				if (OJPEGReadHeaderInfoSecStreamDqt(tif)==0)
					return(0);
				break;
		",0.0151621773838996,"[[1749, 2944, 334, 46, 41, 3855, 38, 4614, 11851, 4580, 8512, 6620, 35, 21508, 7, 83, 351, 8, 780, 15, 8, 185, 1076, 3404, 7, 15, 477, 185, 1749, 20702, 26, 185, 459]]","[-0.02205546200275421, -0.06294597685337067, -0.0036684852093458176, -0.12908408045768738, -4.291525328881107e-06, -4.768370445162873e-07, -4.6491513785440475e-06, -0.0004731489170808345, -0.0018421123968437314, -0.00015698630886618048, -0.0003980797773692757, -0.024402141571044922, -0.004914110526442528, -0.0037228816654533148, -0.0005560758872888982, -0.010442381724715233, -8.344646857949556e-07, -0.03010467253625393, -0.00010680581908673048, -0.00022480344341602176, -4.649054244509898e-05, -0.213169664144516, -0.0007221474661491811, -0.0027138092555105686, -0.00012492353562265635, -0.0002165798214264214, -1.0847986231965479e-05, -0.0050263237208127975, -0.001129227806814015, -0.0587921142578125, -5.483612312673358e-06, -0.00013743886665906757, -0.0011917401570826769]",11.997450828552246,True,3.0,-0.578395248248853,-0.017527128734813727,33.0,-0.5090467592285677,-0.02213246779254642,23.0,0.002476223671192806,0,17,25,17,0.68,-0.6850649247982092,-1.0893070508604337,False,20,0.6060606060606061,0.0,1.0,0.0,0.940870701721684
~/anvil/data/cve-targets/openssl_repo_crypto_bn_bn_gf2m.c,599,495,643,break;,break;,"                break;
            if",0.0319998525083065,"[[1044, 2963, 26, 185, 655, 562]]","[-0.004839492961764336, -0.08394668251276016, -9.393251093570143e-05, -0.05579828470945358, -0.028392737731337547, -0.8327698707580566]",8.06726360321045,True,1.0,-1.005841001184308,-0.16764016686405134,6.0,-0.17307113042625133,-0.03461422608525026,5.0,0.0009998695830670781,1,4,5,4,0.8,-0.9244711243722479,-1.0127940724071332,False,2,0.3333333333333333,0.0,1.0,0.0,0.9938367547562269
~/anvil/data/cve-targets/libsndfile_repo_src_alaw.c,307,301,313,{,{,		{,3.550481081008911,"[[184, 5849, 32014]]","[-0.05048077926039696, -0.12808027863502502, -0.1361318975687027]",6.933854103088379,True,0.0,-0.17856105789542198,-0.08928052894771099,2.0,-0.17856105789542198,-0.08928052894771099,2.0,0.0015054205757982254,1,2,2,2,1.0,-39.76769764758366,-1.0419022794495558,False,1,0.5,0.0,1.0,0.0,1.3366329653038105
~/anvil/data/cve-targets/sqlite3_repo_src_printf.c,522,385,861,idx = precision;,},"        }
        if( precision<0",2.43122673034668,"[[436, 611, 185, 436, 562, 7, 14669, 27, 15]]","[-0.21969619393348694, -0.7114399671554565, -0.10912754386663437, -0.05605575069785118, -1.069449782371521, -0.0021034989040344954, -0.8400707840919495, -0.9836914539337158, -0.3688242733478546]",8.236806869506836,False,1.0,-4.360459248302504,-0.4844954720336116,9.0,-1.096319455653429,-0.27407986391335726,4.0,0.06724630632515588,1,7,7,2,1.0,-8.870504734033453,-1.0085103469025667,True,4,0.4444444444444444,16.0,0.0,6.0,2.339808966320588
~/anvil/data/cve-targets/libtiff_repo_libtiff_tif_dirread.c,5699,5652,5716,newoffsets[i] = offset;,newoffsets[i] = offset;,        newoffsets[i] = offset;,0.0108284624293446,"[[436, 756, 9668, 82, 58, 72, 60, 405, 8813, 26, 32014]]","[-0.0047149197198450565, -0.06493724882602692, -0.002539625857025385, -2.706014311115723e-05, -0.0004586121649481356, -0.00023195437097456306, -0.0003299168893136084, -0.0021633333526551723, -0.016226721927523613, -0.008631067350506783, -0.3307344317436218]",8.756250381469727,True,0.0,-0.10026046060193039,-0.010026046060193038,10.0,-0.10026046060193039,-0.010026046060193038,10.0,0.0003583166001210589,1,12,12,12,1.0,-1.0800331820075553,-1.0045219430113512,False,10,1.0,0.0,1.0,0.0,1.1035614046048408
~/anvil/data/cve-targets/lua_repo_liolib.c,213,205,217,LStream *p = newprefile(L);,LStream *p = tolstream(L);,  LStream *p = tolstream(L);,1.9446079730987549,"[[207, 412, 6620, 572, 79, 405, 276, 75, 6832, 7, 43, 477, 32014]]","[-0.19227761030197144, -0.26302093267440796, -0.012462361715734005, -0.01932530663907528, -0.0025100174825638533, -0.051405441015958786, -0.4414547383785248, -0.013474117033183575, -0.004116395954042673, -0.004107373300939798, -0.0004148814477957785, -0.012690266594290733, -0.2035229206085205]",9.62499713897705,False,0.0,-1.0172594425384887,-0.08477162021154072,12.0,-1.0172594425384887,-0.08477162021154072,12.0,0.01819603540912677,1,15,15,15,1.0,-22.93937485500623,-1.0265774638499072,True,11,0.9166666666666666,9.0,0.7169811320754718,1.0,2.3228247179340897
~/anvil/data/cve-targets/lua_repo_ldebug.c,778,747,794,if (npci == 0 ||,if (pc <= L->oldpc &&,    if (pc <= L->oldpc &&,0.868209183216095,"[[315, 562, 334, 6338, 14443, 412, 12, 29, 839, 6338, 2956, 32014]]","[-0.0025782696902751923, -0.12980256974697113, -0.33299148082733154, -1.5410339832305908, -0.7121189832687378, -0.6561368703842163, -0.01681358925998211, -8.5588610090781e-05, -0.4049627184867859, -0.008298794738948345, -0.48663246631622314, -0.9688965082168579]",10.322223663330078,False,0.0,-4.291455314560153,-0.3901323013236503,11.0,-4.291455314560153,-0.3901323013236503,11.0,0.197006877655956,1,8,11,11,0.7272727272727273,-2.2254224535379765,-1.0446282513496672,True,7,0.6363636363636364,13.0,0.5405405405405406,7.0,2.061494416105203
~/anvil/data/cve-targets/sqlite3_repo_src_sqliteInt.h,2107,1952,2257,((X)->op==TK_COLUMN && (X)->y.pTab==0),(((X)->colFlags & COLFLAG_VIRTUAL)!=0),"    (((X)->colFlags & COLFLAG_VIRTUAL)!=0)
#elif defined(SQLITE_OMIT_VIRTUALTABLE",1.9315897226333616,"[[315, 334, 5930, 55, 6906, 29, 1314, 17512, 573, 21844, 30692, 62, 53, 4708, 51, 52, 1743, 26772, 28, 15, 8, 185, 2, 282, 351, 4212, 7, 6231, 14928, 62, 3670, 2105, 62, 53, 4708, 51, 52, 1743, 16130]]","[-1.457906723022461, -0.5786678791046143, -0.3565276861190796, -0.26277321577072144, -0.20476004481315613, -0.0005362979718483984, -0.8844983577728271, -0.0178710725158453, -0.10411416739225388, -0.15450872480869293, -0.005982587579637766, -0.00035553809721022844, -0.16141144931316376, -0.0024462793953716755, -7.486063259420916e-05, -5.07818695041351e-05, -1.645074735279195e-05, -0.3208767771720886, -0.0010742137674242258, -0.0011787617113441229, -0.3745843172073364, -0.10853084176778793, -0.038510095328092575, -0.6573901772499084, -2.2053474822314456e-05, -0.3819245994091034, -0.08071760833263397, -0.022482508793473244, -0.0007605044520460069, -0.0011373248416930437, -0.9128642082214355, -6.878139538457617e-05, -0.0011781663633883, -0.895405650138855, -0.14519406855106354, -0.0012037658598273993, -0.0007188120507635176, -0.004289236851036549, -0.10693410038948059]",0.6638888716697693,False,1.0,-8.249548690255324,-0.21152688949372625,39.0,-4.998747028552316,-0.22721577402510526,22.0,0.12096203935948363,1,31,24,22,1.2916666666666667,-8.501125112994746,-1.2187153205607812,True,24,0.6153846153846154,30.0,0.39473684210526316,17.0,2.0043343572180135
~/anvil/data/cve-targets/libxml2_repo_parser.c,6689,6634,7035,},},"    }
   ",0.1821303516626358,"[[315, 611, 185, 315]]","[-0.6463508009910583, -0.14446541666984558, -0.3991738259792328, -0.14521118998527527]",2.8861098289489746,True,1.0,-1.335201233625412,-0.333800308406353,4.0,-1.335201233625412,-0.333800308406353,4.0,0.04334376600762696,0,2,2,2,1.0,-0.5456266728217601,-1.152855333843622,False,1,0.25,0.0,1.0,0.0,0.6264131460131775
~/anvil/data/cve-targets/php_repo_ext_phar_phar.c,1755,1667,1791,"pos = memchr(pos + 1, '.', filename_len - (pos - filename) + 1);",pos--;,"		pos--;
		if (!pos) {
			return FAILURE;
		}
	}
	slash = memchr(pos, '/', filename_len -",0.3375851809978485,"[[184, 184, 937, 374, 26, 185, 184, 2944, 5036, 937, 8, 507, 185, 459, 3404, 13571, 4470, 10323, 26, 185, 184, 1839, 185, 1839, 185, 184, 19991, 405, 1631, 358, 81, 7, 937, 11, 11725, 1183, 11903, 62, 6446, 567]]","[-0.019107680767774582, -0.26123008131980896, -0.07230307161808014, -0.4489259719848633, -8.11782301752828e-05, -0.3923715651035309, -0.6983821392059326, -0.3871493339538574, -0.31618592143058777, -0.03472372516989708, -0.03345441445708275, -0.0006716379430145025, -0.0008111285860650241, -0.00017963226127903908, -0.0474759079515934, -0.003062441712245345, -3.4570634852570947e-06, -3.2186455882765586e-06, -1.7762025890988298e-05, -0.0014949585311114788, -0.0003044141922146082, -2.6464111215318553e-05, -0.008455547504127026, -0.04938666895031929, -0.0026562665589153767, -0.6519255638122559, -0.6769710183143616, -0.00018869050836656243, -0.03957892954349518, -0.022048581391572952, -1.7404405298293568e-05, -0.0008693729760125279, -0.020507797598838806, -0.04947425797581673, -0.02207995019853115, -4.7444173105759546e-05, -0.025188958272337914, -0.00029523781267926097, -2.622600959512056e-06, -0.025292176753282547]",7.75086784362793,False,5.0,-4.31295259561557,-0.10782381489038925,40.0,-1.8924016882301657,-0.2703430983185951,7.0,0.05792340710467309,1,34,35,6,0.9714285714285714,-1.2487286825425432,-1.020836933307302,True,24,0.6,58.0,0.17142857142857137,30.0,2.352179012858084
~/anvil/data/cve-targets/sqlite3_repo_ext_misc_zipfile.c,1493,1401,1575,zPath = (const char*)sqlite3_value_text(apVal[2]);,/* Check that the path is valid. */,"      /* Check that the path is valid. */
      rc = zipfileCheckPath(zPath, nPath, &pTab->base.",0.1581843048334121,"[[730, 4535, 7365, 344, 254, 3076, 317, 4629, 13, 1641, 185, 730, 427, 66, 405, 18345, 2800, 7115, 4693, 7, 89, 4693, 11, 291, 4693, 11, 573, 79, 14249, 12, 29, 4907, 13]]","[-0.015167850069701672, -0.9534908533096313, -1.914670467376709, -0.2819002866744995, -0.9604222774505615, -1.1392340660095215, -0.6057927012443542, -1.2038681507110596, -0.9094043374061584, -0.3856653869152069, -0.040874939411878586, -0.0014416311169043183, -0.7597604393959045, -0.00032789100077934563, -0.0033522620797157288, -0.06273035705089569, -0.002008922165259719, -0.9897361993789673, -0.1382032185792923, -0.04246809333562851, -0.7530966997146606, -0.01915130391716957, -0.17348863184452057, -0.7011666893959045, -0.6477236151695251, -0.4329563081264496, -0.5899212956428528, -0.23492226004600525, -0.018289610743522644, -0.0010399178136140108, -4.172316494077677e-06, -0.013358496129512787, -0.015362270176410675]",9.02847385406494,False,1.0,-14.011001601719272,-0.42457580611270523,33.0,-8.411932947696187,-0.7009944123080155,12.0,0.31433858801124626,1,26,16,2,1.625,-0.22565701246118666,-1.0113816198891716,True,20,0.6060606060606061,41.0,0.2588235294117647,25.0,2.2633209315761595
~/anvil/data/cve-targets/poppler_repo_poppler_XRef.cc,672,596,676,trailerDict = xrefStr->getDictObject()->copy();,trailerDict = xrefStr->getDict();,"        trailerDict = xrefStr->getDict();
    }
    if (trailerDict.isNone",0.9544790983200072,"[[436, 26265, 35, 965, 405, 1371, 632, 6624, 12, 29, 703, 35, 965, 1293, 185, 315, 611, 185, 315, 562, 334, 7246, 6689, 35, 965, 13, 262, 11161]]","[-0.005657019559293985, -0.3278714120388031, -0.07119040936231613, -0.0002858230145648122, -0.16856935620307922, -1.3555177450180054, -0.0029491763561964035, -0.018031952902674675, -0.007259183097630739, -2.861018856492592e-06, -0.08126497268676758, -0.026895474642515182, -0.00020394629973452538, -0.05357642099261284, -0.4307008683681488, -0.2467745542526245, -0.0001554368354845792, -0.39858946204185486, -0.0048685576766729355, -0.8815778493881226, -0.4132325053215027, -0.6949056386947632, -0.0029851896688342094, -0.02734215185046196, -3.7788631743751466e-05, -0.3252984285354614, -0.10587788373231888, -0.10208580642938614]",7.33680534362793,False,2.0,-5.7537078746204315,-0.2054895669507297,28.0,-2.7967511758138244,-0.17479694848836402,16.0,0.10916034591592204,0,21,21,14,1.0,-5.460502065821506,-1.0314590736485723,True,18,0.6428571428571429,14.0,0.825,8.0,2.254215769603903
~/anvil/data/cve-targets/sqlite3_repo_ext_rtree_rtree.c,3385,3358,3390,"*pzErr = sqlite3_mprintf(""%s"", sqlite3_errmsg(db));","*pzErr = sqlite3_mprintf(""%s"", sqlite3_errmsg(db));","      *pzErr = sqlite3_mprintf(""%s"", sqlite3_errmsg(db));",0.024047952145338,"[[730, 572, 79, 89, 12311, 405, 15313, 547, 18, 62, 76, 17186, 24163, 82, 950, 15313, 547, 18, 62, 977, 12430, 7, 4179, 3183, 32014]]","[-0.004388938657939434, -0.2201477736234665, -0.00020776021119672805, -5.960446742392378e-06, -2.50339189733495e-06, -0.001830451306886971, -0.017765210941433907, -2.1219027985353023e-05, -6.222531374078244e-05, -4.9232225137529895e-05, -0.013197215273976326, -5.5549986427649856e-05, -0.24765266478061676, -0.0043451422825455666, -0.03145044296979904, -0.0068207294680178165, -5.602820692729438e-06, -7.962863310240209e-05, -6.09140915912576e-05, -0.0014247277285903692, -0.00020632999076042324, -8.34430247778073e-05, -0.0011262509506195784, -0.00086758635006845, -0.1609494835138321]",8.100001335144043,True,0.0,-0.5518575034980131,-0.022994062645750546,24.0,-0.5518575034980131,-0.022994062645750546,24.0,0.004111604907056553,1,24,24,24,1.0,-1.045833114218388,-1.0119654970032181,False,23,0.9583333333333334,0.0,1.0,0.0,1.222263137646451
~/anvil/data/cve-targets/libtiff_repo_libtiff_tif_pixarlog.c,213,160,226,},},"	    }
	}",0.0001348166115349,"[[10212, 611, 185, 1839]]","[-0.0025843337643891573, -0.00012778419477399439, -0.062236715108156204, -0.021407723426818848]",8.86198616027832,True,1.0,-0.0863565564941382,-0.02158913912353455,4.0,-0.06494883306731936,-0.021649611022439785,3.0,0.0008246622816637187,0,2,3,2,0.6666666666666666,-0.006227207102943458,-1.007180803420929,False,1,0.25,0.0,1.0,0.0,0.9816836684757615
~/anvil/data/cve-targets/libtiff_repo_libtiff_tif_ojpeg.c,735,727,747,(void)s;,if (sp==NULL),"	if (sp==NULL)
	{
",1.064849853515625,"[[2944, 334, 776, 780, 14589, 8, 185, 5849, 185]]","[-1.091330647468567, -0.1550626903772354, -1.0823915004730225, -0.495124876499176, -0.3845183551311493, -0.05829314514994621, -0.12208343297243118, -0.6756080389022827, -0.006227967329323292]",1.2284722328186035,False,2.0,-4.0706406543031335,-0.4522934060336815,9.0,-3.3888046480715275,-0.4841149497245039,7.0,0.16533612180843024,1,9,14,13,0.6428571428571429,-2.199580603990025,-1.2016344887510109,True,5,0.5555555555555556,12.0,0.19047619047619047,11.0,1.6900129905725925
~/anvil/data/cve-targets/sqlite3_repo_ext_fts5_fts5_hash.c,144,138,166,int nNew = pHash->nSlot*2;,int nNew = pHash->nSlot*2;,  int nNew = pHash->nSlot*2;,0.1236673519015312,"[[207, 1097, 291, 4843, 405, 265, 12597, 12, 29, 77, 11291, 301, 9, 17, 26, 32014]]","[-0.01998526230454445, -0.2345394343137741, -0.04075511917471886, -0.09639961272478104, -0.5101521611213684, -0.30445316433906555, -5.781483559985645e-05, -0.00017355366435367614, -5.483612312673358e-06, -0.0009458358981646597, -0.0013181816320866346, -5.8887653722194955e-05, -0.6764158606529236, -0.009519068524241447, -0.014692089520394802, -0.3165963292121887]",7.572220802307129,True,0.0,-1.909471529972052,-0.1272981019981368,15.0,-1.909471529972052,-0.1272981019981368,15.0,0.042272295539365914,0,14,14,14,1.0,-0.9714783642519766,-1.025406367104881,False,14,0.9333333333333333,0.0,1.0,0.0,1.086230329675216
~/anvil/data/cve-targets/libsndfile_repo_src_common.c,1058,903,1208,"psf_memset (void *s, int c, sf_count_t len)","psf_memset (void *s, int c, size_t len)","psf_memset (void *s, int c, size_t len)",0.4049400985240936,"[[829, 69, 62, 7253, 1113, 334, 4563, 572, 82, 11, 1097, 258, 11, 2398, 62, 83, 10405, 8, 32014]]","[-0.04453997313976288, -0.00040260792593471706, -0.0003761537664104253, -0.6653470396995544, -1.6082241535186768, -0.04379996284842491, -0.015078140422701836, -0.007837614975869656, -0.4175068438053131, -0.0012650828575715423, -0.033937349915504456, -0.0150656932964921, -0.0018806643784046173, -0.1331024318933487, -2.5629668016335927e-05, -8.583032467868179e-06, -0.03332862630486488, -0.00406308937817812, -0.03942250832915306]",4.18472146987915,False,0.0,-3.0257896408274974,-0.1680994244904165,18.0,-3.0257896408274974,-0.1680994244904165,18.0,0.15106493482970718,0,19,19,19,1.0,-2.4089320933230174,-1.1160285801061862,True,21,1.1666666666666667,7.0,0.8780487804878049,1.0,1.9431065810943793
~/anvil/data/cve-targets/openssl_repo_crypto_x509_v3_addr.c,77,68,78,: 0);,: 0);,"            : 0);
}

",0.0308200363069772,"[[655, 1191, 207, 15, 477, 185, 92, 185, 185]]","[-0.00996814388781786, -0.002183198230341077, -0.4422569274902344, -0.030415093526244164, -0.05878997594118118, -0.6974836587905884, -0.0147544639185071, -0.002977345371618867, -0.41746678948402405]",5.683332443237305,True,3.0,-1.676295596640557,-0.18625506629339522,9.0,-1.241096997866407,-0.20684949964440116,6.0,0.07163997010110496,1,6,7,6,0.8571428571428571,-0.1489973935637287,-1.0749898274647827,False,4,0.4444444444444444,0.0,1.0,0.0,0.8549926168660675
~/anvil/data/cve-targets/libtiff_repo_libtiff_tif_pixarlog.c,877,866,919,: LogK1*log(v*LogK2) + 0.5 ),: (v>(float)24.1) ? 1023			\,"		  : (v>(float)24.1) ? 1023			\
		  : (v>(float",2.816873073577881,"[[459, 207, 1191, 334, 85, 29, 7, 9986, 8, 17, 19, 13, 16, 8, 3015, 207, 16, 15, 17, 18, 459, 2080, 185, 459, 207, 1191, 334, 85, 29, 7, 9986]]","[-0.2577756345272064, -0.028921669349074364, -0.002351972972974181, -0.4434235095977783, -0.1762884259223938, -0.6980540752410889, -0.15052612125873566, -0.011674300767481327, -0.10221894830465317, -0.7593461275100708, -0.7187300324440002, -0.4347105026245117, -1.849672794342041, -0.26783478260040283, -0.07092059403657913, -0.7852402925491333, -0.7772747278213501, -0.295165479183197, -0.011611850932240486, -0.18775299191474915, -0.3120763301849365, -0.0036562515888363123, -0.0019566931296139956, -0.1242782473564148, -0.012732992880046368, -0.0011066034203395247, -0.20378558337688446, -0.5894690155982971, -0.2408858835697174, -0.036224957555532455, -0.0025870685931295156]",3.4355034828186035,False,1.0,-9.55825446115341,-0.3083307890694649,31.0,-8.48419534903951,-0.3393678139615804,25.0,0.16690969537179345,0,18,22,16,0.8181818181818182,-8.30035424012478,-1.1371292932937869,True,18,0.5806451612903226,23.0,0.3571428571428571,17.0,2.179334026725049
~/anvil/data/cve-targets/libxml2_repo_HTMLparser.c,2761,2727,2765,"ret = xmlStrndup(q, CUR_PTR - q);",ret = xmlMalloc(len + 1);,"        ret = xmlMalloc(len + 1);
        if (ret == NULL) {
            htmlParseErr(ctxt",0.879806399345398,"[[436, 2629, 405, 11815, 44, 14314, 7, 6446, 4536, 16, 477, 185, 436, 562, 334, 2534, 2312, 4579, 8, 507, 185, 655, 11775, 19889, 12311, 7, 296, 530]]","[-0.04327815771102905, -0.9131731986999512, -0.0030706420075148344, -0.8900860548019409, -0.7065544724464417, -0.008353058248758316, -0.29146677255630493, -0.11179780960083008, -0.21833406388759613, -0.04634663835167885, -0.040291838347911835, -0.01750999502837658, -0.07376746833324432, -0.6577741503715515, -0.26612260937690735, -0.0564812533557415, -0.21046249568462372, -0.0030824074055999517, -0.0009042703313753009, -0.18864212930202484, -0.012396899983286858, -0.0495755709707737, -0.3928664028644562, -0.02479446493089199, -0.0520651638507843, -0.28211086988449097, -0.0009883524617180228, -4.410734163684538e-06]",4.961978435516357,False,2.0,-5.5623016215299685,-0.19865362934035602,28.0,-3.3640301700215787,-0.25877155154012144,13.0,0.1085719745207422,1,17,28,15,0.6071428571428571,-3.3999347845970145,-1.0945518924860478,True,17,0.6071428571428571,19.0,0.48275862068965514,6.0,2.03564861361276
~/anvil/data/cve-targets/libsndfile_repo_src_ulaw.c,555,400,705,"0x8a, 0x8a, 0x8a, 0x8a, 0x8a, 0x8a, 0x8a, 0x8a, 0x8a, 0x8a, 0x8a, 0x8a,","0x8a, 0x8a, 0x8a, 0x8a, 0x8a, 0x8a, 0x8a, 0x8a, 0x8a, 0x8a, 0x8a, 0x8a,","	0x8a, 0x8a, 0x8a, 0x8a, 0x8a, 0x8a, 0x8a, 0x8a, 0x8a, 0x8a, 0x8a, 0x8a,
	0x8a, 0x8a, 0x8a, 0x8a, 0x8a, 0x8a,",0.0003145154914818,"[[184, 15, 87, 23, 64, 11, 207, 15, 87, 23, 64, 11, 207, 15, 87, 23, 64, 11, 207, 15, 87, 23, 64, 11, 207, 15, 87, 23, 64, 11, 207, 15, 87, 23, 64, 11, 207, 15, 87, 23, 64, 11, 207, 15, 87, 23, 64, 11, 207, 15, 87, 23, 64, 11, 207, 15, 87, 23, 64, 11, 207, 15, 87, 23, 64, 11, 207, 15, 87, 23, 64, 11, 185, 184, 15, 87, 23, 64, 11, 207, 15, 87, 23, 64, 11, 207, 15, 87, 23, 64, 11, 207, 15, 87, 23, 64, 11, 207, 15, 87, 23, 64, 11, 207, 15, 87, 23, 64, 11]]","[-7.295342220459133e-05, -1.0490362910786644e-05, -6.01988795096986e-05, -3.4450891689630225e-05, -0.01027720794081688, -2.6464111215318553e-05, -3.814624506048858e-05, -4.768360213347478e-06, -1.883488948806189e-05, -1.3589766240329482e-05, -0.001423894427716732, -1.1086402082582936e-05, -6.723177648382261e-05, -8.344646857949556e-07, -7.390948667307384e-06, -6.6756979322235566e-06, -0.0010478964541107416, -4.0531076592742465e-06, -1.4305012882687151e-05, -5.960462772236497e-07, -8.821448318485636e-06, -6.198863957251888e-06, -0.0007900454220362008, -3.3378546504536644e-06, -1.5020257706055418e-05, -4.768370445162873e-07, -6.079655122448457e-06, -5.245195097813848e-06, -0.0006038511055521667, -2.145764938177308e-06, -9.059865078597795e-06, -2.3841855067985307e-07, -4.529942543740617e-06, -5.006777428206988e-06, -0.0006026597693562508, -1.5497195136049413e-06, -9.536697689327411e-06, -3.576278118089249e-07, -4.291525328881107e-06, -6.556489552167477e-06, -0.0006816447712481022, -2.145764938177308e-06, -1.6927575416048057e-05, -4.768370445162873e-07, -5.245195097813848e-06, -6.6756979322235566e-06, -0.0007034449372440577, -2.622600959512056e-06, -2.3007127310847864e-05, -3.576278118089249e-07, -3.099436753473128e-06, -5.8412379075889476e-06, -0.0004681444843299687, -1.9073468138230965e-06, -3.349725011503324e-05, -2.3841855067985307e-07, -2.9802276912960224e-06, -4.529942543740617e-06, -0.00042822727118618786, -1.9073468138230965e-06, -2.7656173188006505e-05, -1.1920928244535389e-07, -3.4570634852570947e-06, -4.529942543740617e-06, -0.00052998325554654, -2.7418097943154862e-06, -0.001601009746082127, -1.6689286894688848e-06, -7.748573807475623e-06, -7.390948667307384e-06, -0.0008578196284361184, -1.7046782886609435e-05, -0.00036769305006600916, -3.0636318115284666e-05, -1.9073468138230965e-06, -4.768360213347478e-06, -7.152531907195225e-06, -0.00038509105797857046, -2.861018856492592e-06, -1.6689286894688848e-06, -1.1920928244535389e-07, -3.933898824470816e-06, -7.152531907195225e-06, -0.00029297350556589663, -1.5497195136049413e-06, -5.960462772236497e-07, -1.1920928244535389e-07, -4.0531076592742465e-06, -7.510157047363464e-06, -0.0003054867556784302, -1.4305104514278355e-06, -7.152555099310121e-07, -1.1920928244535389e-07, -4.529942543740617e-06, -8.583032467868179e-06, -0.0002766464895103127, -1.4305104514278355e-06, -1.1920922133867862e-06, -2.3841855067985307e-07, -4.887569048150908e-06, -8.4638240878121e-06, -0.00024685196694917977, -1.6689286894688848e-06, -1.1920922133867862e-06, -2.3841855067985307e-07, -5.483612312673358e-06, -1.07287787614041e-05, -0.00026806574896909297, -2.145764938177308e-06]",18.671003341674805,True,1.0,-0.02295005652442228,-0.0002105509772882778,109.0,-0.021078500973423786,-0.0002848446077489701,74.0,1.475601862941523e-06,0,25,37,25,0.6756756756756757,-1.104165158565959,-1.2870857751476728,False,71,0.6513761467889908,0.0,1.0,0.0,0.516601551498051
~/anvil/data/cve-targets/php_repo_ext_iconv_iconv.c,1138,968,1463,--str_left;,encoded_word = p1;,"								encoded_word = p1;
							",0.5394591093063354,"[[17913, 184, 897, 8709, 62, 2674, 405, 265, 16, 26, 185, 17913]]","[-0.6705809831619263, -0.4041488766670227, -1.2258862257003784, -0.010193195194005966, -2.5629668016335927e-05, -0.47565531730651855, -0.015930285677313805, -0.4807828664779663, -0.0005029367166571319, -0.26304706931114197, -0.163192480802536, -0.1229705810546875]",13.769488334655762,False,1.0,-3.832916447738171,-0.3194097039781809,12.0,-3.832916447738171,-0.3194097039781809,12.0,0.12168724038233125,1,6,7,7,0.8571428571428571,-1.6889252348550634,-1.138649258084728,True,5,0.4166666666666667,16.0,0.13793103448275867,4.0,1.7535324549126994
~/anvil/data/cve-targets/libxml2_repo_xmlmemory.c,985,830,1135,"xmlGcMemGet(xmlFreeFunc *freeFunc, xmlMallocFunc *mallocFunc,","xmlGcMemGet(xmlFreeFunc *freeFunc, xmlMallocFunc *mallocFunc,","xmlGcMemGet(xmlFreeFunc *freeFunc, xmlMallocFunc *mallocFunc,",0.0015075714327394,"[[7056, 38, 66, 8989, 3106, 7, 7056, 13842, 20933, 572, 6630, 20933, 11, 11815, 44, 14314, 20933, 572, 76, 14314, 20933, 11, 32014]]","[-0.0004010588163509965, -0.0006885541952215135, -1.3470558769768104e-05, -6.329813186312094e-05, -4.8993817472364753e-05, -0.000806721393018961, -0.004770208150148392, -0.0001668790791882202, -2.90866428258596e-05, -0.0004219118563923985, -0.00017677174764685333, -2.0265373677830212e-05, -5.8053239627042785e-05, -0.02438492327928543, -6.603976362384856e-05, -1.5020257706055418e-05, -4.7444173105759546e-05, -0.00034671969478949904, -5.900685573578812e-05, -1.3351351299206726e-05, -5.578839045483619e-05, -0.00018880968855228275, -0.049725305289030075]",13.220531463623049,True,0.0,-0.03284237645675603,-0.0014928352934889103,22.0,-0.03284237645675603,-0.0014928352934889103,22.0,2.5911575484263965e-05,0,15,15,15,1.0,-1.0098712425374468,-1.1231292659092789,False,22,1.0,0.0,1.0,0.0,0.8286491798955374
~/anvil/data/cve-targets/libxml2_repo_xmlregexp.c,4854,4774,4859,} else {,return;,"	return;
    }
   ",0.076889120042324,"[[3404, 26, 185, 315, 611, 185, 315]]","[-0.194970041513443, -0.0001896439935080707, -0.02504306100308895, -0.0010444429935887456, -5.1616290875244886e-05, -0.11584339290857315, -0.024907374754548073]",7.314280033111572,False,2.0,-0.36204957345762523,-0.05172136763680361,7.0,-0.22124718950362876,-0.05531179737590719,4.0,0.006601004775588899,1,4,5,4,0.8,-1.3901034442937032,-1.032040085624629,True,3,0.42857142857142855,7.0,0.1333333333333333,4.0,1.9495126989082052
~/anvil/data/cve-targets/libxml2_repo_parser.c,2591,2479,2636,"xmlLoadEntityContent(ctxt, ent);",if (ent->etype == XML_INTERNAL_PREDEFIN,		    if (ent->etype == XML_INTERNAL_PREDEFIN,2.1520333290100098,"[[459, 315, 562, 334, 289, 12, 29, 290, 768, 2312, 17170, 62, 21536, 45, 1743, 62, 11787, 25782, 1154]]","[-0.5141921639442444, -0.010543241165578365, -1.2299227714538574, -0.3004043400287628, -0.7460145950317383, -0.0012654400197789073, -7.986703712958843e-05, -1.8022022247314453, -0.0008384049870073795, -0.16709791123867035, -0.005157262086868286, -2.777537883957848e-05, -0.33135315775871277, -0.0030815755017101765, -0.00011550712952157483, -0.0012179345358163118, -0.6752355694770813, -0.005122275557368994, -0.00015627116954419762]",5.03055477142334,False,0.0,-5.794028288233676,-0.3049488572754566,19.0,-5.794028288233676,-0.3049488572754566,19.0,0.23677745931805363,1,11,10,10,1.1,-7.057030310712409,-1.0926769911623915,True,10,0.5263157894736842,38.0,0.16901408450704225,11.0,2.131817284242122
~/anvil/data/cve-targets/libtiff_repo_libtiff_tif_predict.c,26,-129,176,*,*," *
 *",0.1632847189903259,"[[572, 185, 572]]","[-0.16328442096710205, -0.9116703867912292, -0.0236847922205925]",10.30555534362793,True,1.0,-1.0986395999789238,-0.3662131999929746,3.0,-1.0749548077583313,-0.5374774038791656,2.0,0.14002038846062792,0,2,3,2,0.6666666666666666,-0.30379829516895407,-1.0441930370930097,False,1,0.3333333333333333,0.0,1.0,0.0,0.9060739445876855
~/anvil/data/cve-targets/openssl_repo_crypto_asn1_a_int.c,130,85,161,if (blen == 0),if (blen == 0),    if (blen == 0),0.2924471497535705,"[[315, 562, 334, 1638, 255, 7400, 15, 8, 32014]]","[-0.012441640719771385, -0.3544978201389313, -0.3634060025215149, -0.8338913321495056, -0.0003449321957305074, -0.22521640360355377, -0.20728164911270142, -0.09885882586240768, -0.22989247739315033]",7.420138835906982,True,0.0,-2.0959386063041165,-0.26199232578801457,8.0,-2.0959386063041165,-0.26199232578801457,8.0,0.0634504552719258,1,12,12,12,1.0,-1.1162431909940667,-1.0293124333441572,False,7,0.875,0.0,1.0,0.0,1.074523179735397
~/anvil/data/cve-targets/openssl_repo_crypto_asn1_tasn_enc.c,524,454,567,case V_ASN1_NEG_ENUMERATED:,case V_ASN1_INTEGER:,"    case V_ASN1_INTEGER:
    case V_ASN1_ENUMERATED",0.6780279278755188,"[[315, 1452, 627, 62, 3146, 45, 16, 62, 1154, 4463, 18924, 25, 185, 315, 1452, 627, 62, 3146, 45, 16, 62, 1732, 5767, 1004, 18266]]","[-0.6973718404769897, -0.006099538411945105, -0.002663994673639536, -1.3589766240329482e-05, -0.00011312322021694854, -7.152531907195225e-06, -1.0847986231965479e-05, -3.683499380713329e-05, -1.1393287181854248, -0.05089801177382469, -0.00030214988510124385, -0.11330080032348633, -0.03798173740506172, -0.22776466608047485, -0.015464160591363907, -0.0015520919114351273, -6.4490144723095e-05, -0.0002755738969426602, -8.940656698541716e-06, -3.71926071238704e-05, -1.311301275563892e-06, -0.057110730558633804, -0.00028308198670856655, -0.0004987664869986475, -6.198863957251888e-06]",10.73611068725586,False,1.0,-2.3511955447202126,-0.09404782178880851,25.0,-2.2758930057143516,-0.16256378612245367,14.0,0.10594364783139365,1,5,9,5,0.5555555555555556,-4.170842375464753,-1.0554933177380799,True,15,0.6,11.0,0.7659574468085106,1.0,1.9753633799242345
~/anvil/data/cve-targets/openssl_repo_crypto_rsa_rsa_ameth.c,832,677,982,};,};,"};
const",0.0071468655951321,"[[3871, 185, 2834]]","[-0.007146983873099089, -0.20177017152309418, -0.6536235809326172]",7.172914981842041,True,1.0,-0.8625407363288105,-0.28751357877627015,3.0,-0.20891715539619327,-0.10445857769809663,2.0,0.0094695462927613,0,4,6,4,0.6666666666666666,-0.06841817831167277,-1.0356938983297732,False,1,0.3333333333333333,0.0,1.0,0.0,0.9312867769232784
~/anvil/data/cve-targets/libsndfile_repo_src_common.c,616,470,684,"header_put_le_int (psf, size) ;","header_put_le_int (psf, size) ;","						header_put_le_int (psf, size) ;
					memcpy (&(",0.0002952906943392,"[[4552, 184, 7301, 62, 915, 62, 275, 62, 569, 334, 829, 69, 11, 2398, 8, 6203, 185, 1076, 184, 7253, 66, 4016, 334, 5, 7]]","[-0.0023928838782012463, -0.001572444918565452, -0.00010644822759786621, -9.536738616588991e-07, -8.22540732769994e-06, -2.9802276912960224e-06, -0.001963474787771702, -2.0265558760002023e-06, -0.0004379982128739357, -8.83301836438477e-05, -9.298280929215252e-06, -5.960462772236497e-07, -3.814689989667386e-06, -0.0005142558366060257, -0.000912369170691818, -1.2755313036905136e-05, -0.04876752570271492, -0.02177019603550434, -0.13238213956356049, -0.6489038467407227, -0.023470092564821243, -2.0265558760002023e-06, -0.0009865660686045885, -0.004491123370826244, -0.0012693690368905663]",13.28055477142334,True,1.0,-0.8900717410504626,-0.0356028696420185,25.0,-0.2109487167127213,-0.011102564037511647,19.0,0.0009499228497720436,0,11,15,11,0.7333333333333333,-0.026596621585925278,-1.12481587938497,False,14,0.56,0.0,1.0,0.0,0.7786652106614953
~/anvil/data/cve-targets/libsndfile_repo_src_ulaw.c,207,52,357,"0xaa, 0xaa, 0xaa, 0xaa, 0xaa, 0xaa, 0xaa, 0xaa, 0xaa, 0xaa, 0xaa, 0xaa,","0xaa, 0xaa, 0xaa, 0xaa, 0xaa, 0xaa, 0xaa, 0xaa, 0xaa, 0xaa, 0xaa, 0xaa,","	0xaa, 0xaa, 0xaa, 0xaa, 0xaa, 0xaa, 0xaa, 0xaa, 0xaa, 0xaa, 0xaa, 0xaa,
	0xaa, 0xaa, 0xaa, 0xaa, 0xaa, 0xaa,",0.0006678957142867,"[[184, 15, 7287, 64, 11, 207, 15, 7287, 64, 11, 207, 15, 7287, 64, 11, 207, 15, 7287, 64, 11, 207, 15, 7287, 64, 11, 207, 15, 7287, 64, 11, 207, 15, 7287, 64, 11, 207, 15, 7287, 64, 11, 207, 15, 7287, 64, 11, 207, 15, 7287, 64, 11, 207, 15, 7287, 64, 11, 207, 15, 7287, 64, 11, 185, 184, 15, 7287, 64, 11, 207, 15, 7287, 64, 11, 207, 15, 7287, 64, 11, 207, 15, 7287, 64, 11, 207, 15, 7287, 64, 11, 207, 15, 7287, 64, 11]]","[-1.9907753085135482e-05, -5.602820692729438e-06, -0.013326147571206093, -0.005943245254456997, -1.6093124941107817e-05, -3.099436753473128e-06, -9.536738616588991e-07, -0.001033010776154697, -0.00015817821258679032, -3.6954811548639555e-06, -9.536738616588991e-07, -1.1920928244535389e-07, -0.0005978942499496043, -0.00010692501382436603, -2.145764938177308e-06, -1.0728830375228426e-06, -4.768370445162873e-07, -0.0013681822456419468, -0.0005777596961706877, -2.50339189733495e-06, -1.311301275563892e-06, -5.960462772236497e-07, -0.0009116546134464443, -0.0004605186404660344, -3.3378546504536644e-06, -1.0728830375228426e-06, -3.576278118089249e-07, -0.0005194983095861971, -0.00017975145601667464, -2.861018856492592e-06, -9.536738616588991e-07, -2.3841855067985307e-07, -0.0005194983095861971, -0.00019500737835187465, -2.7418097943154862e-06, -1.311301275563892e-06, -2.3841855067985307e-07, -0.0009116546134464443, -0.0009984752396121621, -2.622600959512056e-06, -1.5497195136049413e-06, -1.1920928244535389e-07, -0.0006075443816371262, -0.0007088055717758834, -2.9802276912960224e-06, -8.344646857949556e-07, -1.1920928244535389e-07, -0.00044431351125240326, -0.0003393312799744308, -2.145764938177308e-06, -1.1920922133867862e-06, -2.3841855067985307e-07, -0.0005532164941541851, -0.0003499372396618128, -2.7418097943154862e-06, -1.6689160474925302e-05, -2.3841855067985307e-07, -0.000856747676152736, -0.0009133219718933105, -1.490105023549404e-05, -0.0005097282119095325, -3.576272320060525e-06, -4.768370445162873e-07, -0.0004306104383431375, -0.0009314250783063471, -9.536738616588991e-07, -8.344646857949556e-07, 0.0, -0.00031025364296510816, -0.0003763920976780355, -8.344646857949556e-07, -7.152555099310121e-07, 0.0, -0.0002824861148837954, -0.0003970073303207755, -5.960462772236497e-07, -7.152555099310121e-07, -1.1920928244535389e-07, -0.0004583738627843559, -0.0008516260422766209, -5.960462772236497e-07, -4.768370445162873e-07, -1.1920928244535389e-07, -0.00027807659353129566, -0.000525217386893928, -5.960462772236497e-07, -5.960462772236497e-07, 0.0, -0.00027378625236451626, -0.0003164505760651082, -5.960462772236497e-07]",20.059024810791016,True,1.0,-0.03865187159660621,-0.0004247458417209474,91.0,-0.03321194074190004,-0.0005356764635790328,62.0,3.3178632722473944e-06,0,25,37,25,0.6756756756756757,-1.24682669427786,-1.3325322914228612,False,59,0.6483516483516484,0.0,1.0,0.0,0.3986934888087764
~/anvil/data/cve-targets/php_repo_ext_exif_exif.c,1560,1516,1562,return 0;,return 0;,"	return 0;
}
",0.3484857976436615,"[[3404, 207, 15, 26, 185, 92, 185]]","[-0.8291850090026855, -0.2661724090576172, -0.008415475487709045, -0.16609017550945282, -0.3486115634441376, -0.012052920646965504, -0.07152073830366135]",2.6395843029022217,True,2.0,-1.702048291452229,-0.243149755921747,7.0,-1.6184746325016022,-0.32369492650032045,5.0,0.07673805841669822,0,5,6,5,0.8333333333333334,-1.0765871476929574,-1.1599824807700347,False,4,0.5714285714285714,0.0,1.0,0.0,0.662860238607918
~/anvil/data/cve-targets/openssl_repo_crypto_pkcs7_pk7_doit.c,1023,868,1173,void *value),void *value),                         void *value),0.0013734677340835,"[[10137, 2494, 572, 2824, 8, 32014]]","[-0.08471661806106567, -0.004762615077197552, -0.00024256148026324809, -0.00043072958942502737, -6.818538531661034e-05, -0.005374506581574678]",10.043792724609377,True,0.0,-0.09022070959326811,-0.01804414191865362,5.0,-0.09022070959326811,-0.01804414191865362,5.0,0.0011143763206946297,0,6,6,6,1.0,-0.07611709884988437,-1.037382079472031,False,4,0.8,0.0,1.0,0.0,0.9489087827235277
~/anvil/data/cve-targets/sqlite3_repo_src_expr.c,97,90,105,"Expr *pNew = sqlite3ExprAlloc(pParse->db, TK_COLLATE, pCollName, 1);","Expr *pNew = sqlite3ExprAddCollateToken(pParse, pExpr, pCollName, dequote);","    Expr *pNew = sqlite3ExprAddCollateToken(pParse, pExpr, pCollName, dequote);",0.7694685459136963,"[[315, 2066, 1006, 572, 79, 4843, 405, 15313, 547, 18, 20567, 3511, 2608, 12356, 7581, 7, 79, 19889, 11, 265, 20567, 11, 265, 27232, 1737, 11, 314, 21337, 477, 32014]]","[-0.00891904253512621, -0.6769434809684753, -0.0023994247894734144, -0.020482221618294716, -0.006304258480668068, -0.019278651103377342, -0.2950040400028229, -0.601020872592926, -0.003392894519492984, -0.011782105080783367, -0.9134066700935364, -0.4988800883293152, -0.812934935092926, -0.07217997312545776, -0.682866632938385, -1.2342294454574585, -0.8367599248886108, -0.0074048577807843685, -0.032852549105882645, -0.6831337213516235, -0.20701757073402405, -0.054061826318502426, -0.2226952314376831, -0.004382292274385691, -1.4781842764932662e-05, -0.42211344838142395, -0.1602260321378708, -7.748573807475623e-06, -0.07885140925645828, -0.12917523086071014]",8.25538158416748,False,0.0,-8.569546130812341,-0.29550159071766696,29.0,-8.569546130812341,-0.29550159071766696,29.0,0.12370991040826705,1,24,21,21,1.1428571428571428,-2.6039404527228913,-1.0080421358239195,True,31,1.0689655172413792,32.0,0.7412587412587412,6.0,2.325890613662991
~/anvil/data/cve-targets/poppler_repo_poppler_Stream.cc,4046,3993,4088,if (i + repeat > numLitCodes + numDistCodes) {,if (i + repeat > numLitCodes + numDistCodes) {,            if (i + repeat > numLitCodes + numDistCodes) {,0.0155113618820905,"[[655, 562, 334, 72, 945, 12956, 1938, 1181, 43, 260, 34, 3368, 945, 1181, 10747, 34, 3368, 8, 507, 32014]]","[-0.011988845653831959, -0.11200863867998123, -0.019736573100090027, -0.04864387959241867, -0.007751503959298134, -0.0021265766117721796, -0.04770904406905174, -0.004242111928761005, -0.002056509256362915, -2.3841855067985307e-07, -7.152531907195225e-06, 0.0, -0.01921468786895275, -5.745722592109814e-05, -5.9960475482512265e-05, -1.156323378381785e-05, 0.0, -0.004367100074887276, -4.8993817472364753e-05, -0.22549283504486084]",15.288886070251465,True,0.0,-0.28003083649852556,-0.014738465078869766,19.0,-0.28003083649852556,-0.01647240214697209,17.0,0.0007404985915980366,0,19,19,19,1.0,-0.9416575520493684,-1.1827327395867508,False,18,0.9473684210526315,0.0,1.0,0.0,0.7211637416884762
~/anvil/data/cve-targets/libsndfile_repo_src_alaw.c,308,301,313,if (ptr [i] >= 0),if (ptr [i] < 0),		if (ptr [i] < 0),0.1752795577049255,"[[184, 2944, 334, 8856, 821, 72, 60, 8086, 15, 8, 32014]]","[-0.015083307400345802, -0.07097434252500534, -0.11225256323814392, -0.0685393437743187, -0.007014411501586437, -0.0004145239945501089, -0.004175160080194473, -0.9503875374794006, -0.0441574901342392, -0.020463066175580025, -0.20955727994441986]",5.979860305786133,False,0.0,-1.2934617463033646,-0.12934617463033646,10.0,-1.2934617463033646,-0.12934617463033646,10.0,0.07609307123114946,1,17,17,17,1.0,-1.355119764506866,-1.0670501820065545,True,9,0.9,2.0,0.9090909090909091,1.0,2.018708471931692
~/anvil/data/cve-targets/sqlite3_repo_src_select.c,2804,2535,2855,},},"  }
 ",0.5130116939544678,"[[207, 611, 185, 207]]","[-0.2837631404399872, -0.5131738781929016, -0.19684018194675446, -0.10829445719718933]",5.836111068725586,True,1.0,-1.1020716577768326,-0.27551791444420815,4.0,-1.1020716577768326,-0.27551791444420815,4.0,0.022675552775407046,1,2,2,2,1.0,-1.8619903355081169,-1.0708917719315547,False,1,0.25,0.0,1.0,0.0,0.8806209889760358
~/anvil/data/cve-targets/lua_repo_ldo.c,330,309,331,L->oldpc = ci->previous->u.l.savedpc;,ci->previous->u.l.oldpc = ci->pc;,"    ci->previous->u.l.oldpc = ci->pc;
}

/*
** Executes a line hook for L",0.9954970479011536,"[[315, 4533, 12, 29, 28101, 12, 29, 84, 13, 75, 13, 839, 6338, 405, 4533, 12, 29, 6338, 26, 185, 92, 185, 185, 4350, 185, 742, 23024, 3263, 245, 1348, 11670, 327, 412]]","[-0.011601717211306095, -0.9596084952354431, -0.0357479564845562, -5.173549288883805e-05, -0.044590480625629425, -0.18587198853492737, -2.8609820219571702e-05, -1.8872548341751099, -0.007504723034799099, -0.35861754417419434, -0.015311437658965588, -0.4999055862426758, -0.02216203697025776, -0.2600325345993042, -0.6479364037513733, -0.018095992505550385, -3.7431014789035544e-05, -0.8677593469619751, -0.10086032748222351, -0.5125173926353455, -0.5922739505767822, -0.06773634999990463, -0.042361147701740265, -0.6173849105834961, -0.11587673425674438, -0.010501954704523087, -1.8299391269683838, -0.08541175723075867, -0.38611599802970886, -1.4111250638961792, -0.06633682548999786, -0.4000202417373657, -0.20565174520015717]",7.940973281860352,False,4.0,-12.266232380987276,-0.371704011545069,33.0,-6.435496574611534,-0.3217748287305767,20.0,0.2171330441671771,1,22,34,22,0.6470588235294118,-3.0937691796106495,-1.0159967778520709,True,20,0.6060606060606061,23.0,0.6285714285714286,11.0,2.3108523547006095
~/anvil/data/cve-targets/php_repo_ext_phar_util.c,379,288,436,},},"		}
	",0.0001249235356226,"[[184, 1839, 185, 184]]","[-0.17334991693496704, -0.0001134808044298552, -0.038957465440034866, -0.05526059493422508]",12.197224617004396,True,1.0,-0.26768145811365684,-0.06692036452841421,4.0,-0.26768145811365684,-0.06692036452841421,4.0,0.0041770708226964,0,2,2,2,1.0,-0.0018667491802074358,-1.0947610339679572,False,1,0.25,0.0,1.0,0.0,0.7543757853856888
~/anvil/data/cve-targets/openssl_repo_crypto_evp_encode.c,151,139,193,if ((ctx->num + inl) < ctx->length) {,if (inl > (int)sizeof(ctx->enc_data)) {,"    if (inl > (int)sizeof(ctx->enc_data)) {
        /* Too much input data.",0.5848469138145447,"[[315, 562, 334, 246, 75, 1938, 334, 569, 8, 3017, 990, 7, 12511, 12, 29, 897, 62, 2448, 1435, 507, 185, 436, 4535, 26444, 1264, 2773, 1189, 13]]","[-0.013113330118358135, -0.19496846199035645, -0.15585334599018097, -0.8227138519287109, -0.020257020369172096, -0.8127654194831848, -0.8158333897590637, -0.025332393124699593, -0.16066457331180573, -0.07566218078136444, -4.1483970562694594e-05, -0.0019729926716536283, -0.00047136162174865603, -2.6702524337451905e-05, -2.3841855067985307e-07, -0.0007448997348546982, -2.0146166207268834e-05, -0.0003703146940097213, -0.25474992394447327, -0.20381426811218262, -0.1293528974056244, -0.002393121598288417, -0.8858789801597595, -1.761764645576477, -0.18314459919929504, -0.28488296270370483, -0.022465026006102562, -1.462905764579773]",12.486807823181152,False,1.0,-8.292164295944502,-0.2961487248551608,28.0,-3.6911223177193904,-0.1677782871690632,22.0,0.07281750050738361,1,25,30,26,0.8333333333333334,-3.485831949310692,-1.1027154026263601,True,17,0.6071428571428571,25.0,0.5526315789473684,17.0,2.0683943918898935
~/anvil/data/cve-targets/poppler_repo_poppler_JPEG2000Stream.cc,31,25,39,opj_image_t *image;,OPJ_CODEC_FORMAT format;,"    OPJ_CODEC_FORMAT format;
    OPJ_U",0.628871738910675,"[[315, 17364, 41, 62, 11087, 34, 62, 26870, 4797, 26, 185, 315, 17364, 41, 62, 52]]","[-0.039962708950042725, -1.3825416564941406, -0.0028502813074737787, -0.1212177723646164, -0.24457402527332306, -0.0008834273321554065, -0.14656569063663483, -0.09527833759784698, -0.2244451344013214, -0.01201605424284935, -0.09465086460113525, -0.030470946803689003, -1.393494963645935, -0.006210670340806246, -0.10199937224388123, -0.833872377872467]",4.361805438995361,False,1.0,-4.731034284108318,-0.2956896427567699,16.0,-2.395456900005229,-0.19962140833376907,12.0,0.13335998406343094,0,7,8,5,0.875,-3.1503221230620464,-1.1110987313574308,True,9,0.5625,19.0,0.2790697674418605,4.0,1.8476096408637817
~/anvil/data/cve-targets/libxml2_repo_parser.c,7863,7814,7865,*/,*/,"     */
   ",0.2014681994915008,"[[251, 1641, 185, 315]]","[-0.0013724679592996836, -0.2519938051700592, -0.024852026253938675, -0.009286187589168549]",10.77100658416748,True,1.0,-0.2875044869724661,-0.07187612174311653,4.0,-0.2875044869724661,-0.07187612174311653,4.0,0.010885477623481877,1,3,3,3,1.0,-2.802992073105212,-1.0564145291610567,False,1,0.25,0.0,1.0,0.0,0.8905044136587752
~/anvil/data/cve-targets/libtiff_repo_libtiff_tif_jbig.c,98,39,108,"TIFFWarningExt(tif->tif_clientdata, ""JBIG"",","TIFFWarningExt(tif->tif_clientdata, ""JBIG"",","	    TIFFWarningExt(tif->tif_clientdata, ""JBIG"",",0.0098452968522906,"[[10212, 323, 40, 3681, 20828, 6500, 7, 83, 351, 12, 29, 83, 351, 62, 6008, 2448, 11, 440, 41, 33, 3654, 950, 32014]]","[-0.04843878746032715, -0.041523005813360214, -0.0007073761080391705, -4.0411134250462055e-05, -0.10143480449914932, -0.005453234072774649, -0.0014262752374634147, -0.0016196954529732466, -4.529942543740617e-06, -0.00018308870494365692, -8.344646857949556e-07, -5.411955135059543e-05, -2.861018856492592e-06, -1.537788011773955e-05, -4.339123915997334e-05, -4.768370445162873e-07, -0.003504921682178974, -0.04396870359778404, -0.003161553293466568, -0.00015198028995655477, -9.083335316972807e-05, -0.0012827033642679453, -0.03927936404943466]",5.358334064483643,True,0.0,-0.25310896499786395,-0.011504952954448361,22.0,-0.25310896499786395,-0.011504952954448361,22.0,0.0006108922040476736,1,13,13,13,1.0,-0.8557442078443217,-1.0837596552450453,False,20,0.9090909090909091,0.0,1.0,0.0,0.9091474089369452
~/anvil/data/cve-targets/poppler_repo_poppler_XRef.cc,1491,1486,1515,{,{,"{
   ",0.0124821402132511,"[[90, 185, 315]]","[-0.012482494115829468, -0.10160518437623978, -0.015842990949749947]",5.902083396911621,True,1.0,-0.1299306694418192,-0.043310223147273064,3.0,-0.1299306694418192,-0.043310223147273064,3.0,0.0017010334088384978,1,2,2,2,1.0,-0.2882030916997714,-1.069126997074688,False,1,0.3333333333333333,0.0,1.0,0.0,0.8224557129204124
~/anvil/data/cve-targets/libtiff_repo_libtiff_tif_next.c,34,26,38,case 1:	op[0] |= (v) << 4; break;	\,case 1:	op[0] |= (v) << 4; break;	\,	case 1:	op[0] |= (v) << 4; break;	\,0.0700697228312492,"[[14288, 207, 16, 25, 184, 424, 58, 15, 60, 29332, 334, 85, 8, 30252, 19, 26, 2963, 26, 2080, 32014]]","[-0.00482454476878047, -4.279521817807108e-05, -0.0023707635700702667, -6.329813186312094e-05, -0.030282218009233475, -0.004737818613648415, -0.014214927330613136, -0.26060205698013306, -0.00013028726971242577, -0.12538515031337738, -0.08847669512033463, -0.15257614850997925, -0.05844956263899803, -0.33377939462661743, -0.058674756437540054, -0.0010623055277392268, -0.01854848861694336, -0.00014494798961095512, -0.03520938754081726, -0.17991286516189575]",7.822265625,True,0.0,-1.18957554721419,-0.06260923932706264,19.0,-1.18957554721419,-0.06260923932706264,19.0,0.008488797765026075,0,25,25,25,1.0,-1.1191594656694988,-1.0190164212426613,False,19,1.0,0.0,1.0,0.0,1.2210959479624153
~/anvil/data/cve-targets/php_repo_ext_phar_phar.c,2801,2646,2951,cleanup:,},"}
/* }}} */",2.2112362384796143,"[[92, 185, 4350, 611, 802, 1641]]","[-0.00692775659263134, -0.4554824233055115, -0.2280622124671936, -0.027938878163695335, -0.0001805857609724626, -0.0020873204339295626]",7.417535781860352,False,1.0,-0.7206791767239338,-0.12011319612065563,6.0,-0.4624101798981428,-0.2312050899490714,2.0,0.050300322257475744,0,6,3,2,2.0,-9.563960027725571,-1.0293794194211099,True,3,0.5,8.0,0.0,5.0,2.2467038625004645
~/anvil/data/cve-targets/sqlite3_repo_src_select.c,5799,5644,5949,** Deallocate a single AggInfo object,** Check to see if the pThis entry of pTabList is a self,** Check to see if the pThis entry of pTabList is a self,1.7220208644866943,"[[742, 7365, 276, 1016, 562, 254, 265, 1559, 6048, 280, 265, 14249, 2245, 317, 245, 1781]]","[-0.004112834110856056, -2.323521852493286, -0.14147965610027313, -0.009567243978381157, -0.024840515106916428, -0.2747935652732849, -0.4784282445907593, -0.14170946180820465, -0.08581762760877609, -0.023930521681904793, -0.03491587936878204, -0.14067184925079346, -0.003063511336222291, -0.06845518946647644, -0.1485082507133484, -0.533426821231842]",7.695137977600098,False,0.0,-4.437243024120107,-0.2773276890075067,16.0,-4.437243024120107,-0.2773276890075067,16.0,0.3033532183001644,0,8,15,15,0.5333333333333333,-6.209336221166444,-1.0222602021976162,True,10,0.625,43.0,0.34408602150537637,12.0,2.2265811623124203
~/anvil/data/cve-targets/openssl_repo_crypto_rsa_rsa_ameth.c,545,534,551,"int magma_int = ossl_rsa_pss_to_ctx(ctx, NULL, sigalg, pkey);",/* Get the RSA public key */,"
    /* Get the RSA public key */
    RSA *rsa = X509_ALGOR_get0_RSA(sigalg);
    if (!rsa) {
       ",1.5182771682739258,"[[185, 315, 4535, 4477, 254, 432, 9163, 1270, 2119, 1641, 185, 315, 432, 9163, 572, 3303, 64, 405, 1439, 20, 15, 24, 62, 1743, 38, 1692, 62, 703, 15, 62, 49, 9163, 7, 22745, 7574, 477, 185, 315, 562, 5036, 3303, 64, 8, 507, 185, 436]]","[-0.21498043835163116, -0.019395343959331512, -0.5469402074813843, -2.3954215049743652, -0.41725319623947144, -2.198319673538208, -0.016965145245194435, -1.7762904167175293, -0.11138582229614258, -1.0520066022872925, -0.0001699779968475923, -0.004649542272090912, -1.117388367652893, -0.0007825411157682538, -0.02903631515800953, -0.519005537033081, -0.07735627144575119, -0.1636100858449936, -1.4323840141296387, -0.0008574623498134315, -2.9205850296420977e-05, -7.629365427419543e-06, -0.11122231930494308, -0.7531000971794128, -0.0013815154088661075, -0.12730734050273895, -0.00538090942427516, -0.316487580537796, -0.7373151779174805, -0.6385287642478943, -0.08148959279060364, -6.079655122448457e-06, -0.03009692393243313, -0.09506210684776306, -0.0014431786257773638, -0.02314446121454239, -0.0023203373420983553, -0.47831130027770996, -0.27234208583831787, -0.48144373297691345, -0.05060204863548279, -2.145764938177308e-06, -0.026771994307637215, -0.058296069502830505, -0.002310941694304347, -0.003346915589645505]",9.913890838623049,False,4.0,-16.39194892082469,-0.35634671567010195,46.0,-8.753777871359489,-0.7294814892799574,12.0,0.7482844203485627,1,20,27,2,0.7407407407407407,-2.081310068295986,-1.0340185967472009,True,29,0.6304347826086957,51.0,0.2471910112359551,19.0,2.3068859522882486
~/anvil/data/cve-targets/openssl_repo_crypto_bn_bn_local.h,579,424,729,(c)=h&BN_MASK2; \,(c)=(r); \,"        (c)=(r); \
        l+=(c); if ((l&BN",0.2353575378656387,"[[436, 334, 66, 8, 28, 7, 81, 477, 357, 185, 436, 284, 10, 28, 7, 66, 477, 562, 8178, 75, 5, 11876]]","[-0.102480448782444, -0.22496818006038666, -0.45001959800720215, -0.007945242337882519, -0.05526116117835045, -0.6246562600135803, -0.10860120505094528, -0.024905631318688393, -0.04693577438592911, -0.0016389759257435799, -0.006111979018896818, -0.19659851491451263, -0.09328494966030121, -0.00012361239350866526, -0.023850442841649055, -0.004151061177253723, -0.03051731362938881, -0.027505572885274887, -0.03038930706679821, -0.0010970771545544267, -0.0010977915953844786, -0.0007620529504492879]",8.747396469116211,False,1.0,-2.0629021523491247,-0.09376827965223294,22.0,-1.6535244560800493,-0.1503204050981863,11.0,0.0384583622342406,0,13,29,13,0.4482758620689655,-1.5657058515236693,-1.0042996188867226,True,13,0.5909090909090909,10.0,0.5185185185185186,4.0,2.1436486721521004
~/anvil/data/cve-targets/lua_repo_ldo.c,446,291,596,"** to be executed, if it was a Lua function. Otherwise (a C function)",** structure.,"** structure.
** For Lua functions, the function to be called is at '*func' and the
** arguments are on the stack",1.6933975219726562,"[[742, 4315, 13, 185, 742, 1487, 412, 5713, 4900, 11, 254, 1155, 276, 330, 2414, 317, 429, 651, 9, 7312, 6, 285, 254, 185, 742, 9104, 417, 331, 254, 10215]]","[-0.005189994350075722, -1.1663827896118164, -1.1199119091033936, -1.1051231622695923, -0.09214647859334946, -0.7150265574455261, -0.4616631269454956, -0.002297026105225086, -0.0782700926065445, -0.04734744131565094, -1.8163782358169556, -1.361388921737671, -0.7989678978919983, -0.04556058347225189, -0.01362888514995575, -0.08806786686182022, -0.7214615941047668, -0.24537479877471924, -0.5496082901954651, -0.05675003305077553, -1.0060988664627075, -0.6737775206565857, -0.8531886339187622, -0.009510448202490807, -0.00017128908075392246, -0.5746473073959351, -0.13169799745082855, -0.7736417651176453, -0.060100749135017395, -0.05151176452636719]",17.040973663330078,False,2.0,-14.624892027350143,-0.4874964009116714,30.0,-3.396607855334878,-0.8491519638337195,4.0,0.23793485128742448,0,24,42,5,0.5714285714285714,-1.994221993348951,-1.2356903871105567,True,19,0.6333333333333333,60.0,0.2195121951219512,22.0,1.8508722415315235
~/anvil/data/cve-targets/openssl_repo_crypto_x509_v3_addr.c,74,68,78,return ((f != NULL &&,return (f != NULL &&,    return (f != NULL &&,0.2520819008350372,"[[315, 967, 334, 69, 2069, 28, 4579, 2956, 32014]]","[-0.1368851512670517, -0.150860995054245, -0.7984152436256409, -0.5468437075614929, -0.8851974606513977, -0.0020731640979647636, -0.0027331875171512365, -0.12411442399024963, -0.22250428795814514]",4.395138740539551,False,0.0,-2.647123333765194,-0.3308904167206492,8.0,-2.647123333765194,-0.3308904167206492,8.0,0.11263556076356596,1,10,9,9,1.1111111111111112,-0.7618289563455526,-1.1101732023212794,True,7,0.875,1.0,0.975609756097561,1.0,1.8368689010783514
~/anvil/data/cve-targets/libtiff_repo_libtiff_tif_pixarlog.c,731,684,813,},},"	}
	if",0.0049181440845131,"[[1839, 185, 2944]]","[-0.004918144084513187, -0.04804711043834686, -1.340787410736084]",8.215450286865234,True,1.0,-1.393752665258944,-0.46458422175298136,3.0,-0.05296525452286005,-0.026482627261430025,2.0,0.0004650269346875293,1,2,3,2,0.6666666666666666,-0.18571209102338612,-1.009048949037748,False,1,0.3333333333333333,0.0,1.0,0.0,0.9774346942231196
~/anvil/data/cve-targets/libtiff_repo_libtiff_tif_dir.c,113,82,118,},},	},0.1759409755468368,"[[1839, 32014]]","[-0.17594076693058014, -0.3925393521785736]",6.113889694213867,True,0.0,-0.17594076693058014,-0.17594076693058014,1.0,-0.17594076693058014,-0.17594076693058014,1.0,0.0,1,2,2,2,1.0,-1.0000011857186955,-1.0634807633507608,False,1,1.0,0.0,1.0,0.0,0.8576009471399602
~/anvil/data/cve-targets/openssl_repo_ssl_statem_extensions_srvr.c,284,256,335,if (PACKET_remaining(&responder_id_list) > 0 && s->ext.ocsp.ids == NULL) {,if (PACKET_remaining(&responder_id_list) == 0) {,"    if (PACKET_remaining(&responder_id_list) == 0) {
        SSLfatal(s, SSL_AD_DECODE_ERROR, SSL_R_BAD_EXTENSION);
       ",0.4359480440616607,"[[315, 562, 334, 47, 9101, 2421, 62, 1836, 13433, 9299, 379, 1473, 580, 62, 304, 62, 2493, 8, 7400, 15, 8, 507, 185, 436, 25811, 69, 2454, 7, 82, 11, 25811, 62, 3195, 62, 2505, 11087, 62, 10978, 11, 25811, 62, 49, 62, 33, 3195, 62, 13532, 1732, 14284, 477, 185, 436]]","[-0.02071414329111576, -0.35501834750175476, -0.7108892202377319, -0.6879428625106812, -0.00021717573690693825, -1.0490362910786644e-05, -9.202533692587167e-05, -0.10770827531814575, -2.074220174108632e-05, -0.004830595105886459, -0.006418210454285145, -1.1920928244535389e-07, -7.510157047363464e-06, -8.4638240878121e-06, -5.960462772236497e-07, -0.00016950124700088054, -3.576278118089249e-07, -0.0026496085338294506, -0.39283937215805054, -0.003939131740480661, -0.04016370326280594, -0.019013412296772003, -0.10377208143472672, -0.00423071626573801, -0.9032805562019348, -0.008824753575026989, -3.7431014789035544e-05, -0.001423299196176231, -0.0003844952443614602, -4.470248313737102e-05, -0.0034917357843369246, -1.585470999998506e-05, -0.008117659017443657, -2.825220326485578e-05, -0.060454290360212326, -3.766942609217949e-05, -3.4570634852570947e-06, -0.00010799778101500124, -9.786603914108127e-05, -0.00817453395575285, -5.006777428206988e-06, -0.0002928543253801763, -3.576278118089249e-07, -0.08156661689281464, -0.00011228884250158444, -2.0146166207268834e-05, -0.01339931134134531, -0.0001267114421352744, -3.576278118089249e-07, -0.0018408034229651093, -0.0020914841443300247, -0.0014296083245426416]",10.75,False,2.0,-3.5560667628534404,-0.06838589928564308,52.0,-2.4606566618619965,-0.10252736091091652,24.0,0.04298264610876317,1,36,32,20,1.125,-4.2520166342762415,-1.055859883295928,True,33,0.6346153846153846,27.0,0.7704918032786885,17.0,2.2963379687888352
~/anvil/data/cve-targets/libtiff_repo_libtiff_tif_dirread.c,5771,5720,5775,nstrips = (uint32_t)nstrips64;,nstrips = (uint32_t) nstrips64;,"        nstrips = (uint32_t) nstrips64;
        /*
         * If we are going",0.141503021121025,"[[436, 291, 26763, 829, 405, 334, 9842, 18, 17, 62, 83, 8, 291, 26763, 829, 21, 19, 26, 185, 436, 4535, 185, 294, 572, 1271, 394, 417, 1864]]","[-0.48421981930732727, -0.5634510517120361, -0.00027509720530360937, -2.861018856492592e-06, -0.033035025000572205, -0.20015868544578552, -0.03722445294260979, -0.011538555845618248, -9.059865078597795e-06, -0.0007447806419804692, -2.0265558760002023e-06, -0.0202474407851696, -0.3720678389072418, -0.0001137191939051263, -3.576278118089249e-07, -6.544376083184034e-05, -1.1920922133867862e-06, -0.010005793534219265, -0.06440433859825134, -0.3905649185180664, -0.9900850057601929, -1.461638331413269, -0.09211614727973938, -0.0014259180752560496, -2.1821417808532715, -0.9046671986579895, -0.8000292181968689, -0.35342228412628174]",4.600001335144043,False,2.0,-8.973658342921624,-0.3204877979614866,28.0,-2.188132458558755,-0.10940662292793775,20.0,0.03254287111430498,1,12,20,12,0.6,-1.2933679637861413,-1.1045019135873295,True,17,0.6071428571428571,1.0,0.9836065573770492,0.0,1.8604535026753137
~/anvil/data/cve-targets/openssl_repo_crypto_asn1_a_d2i_fp.c,99,89,226,uint32_t eos = 0;,size_t eos = 0;,    size_t eos = 0;,0.2973949015140533,"[[315, 2398, 62, 83, 300, 378, 1412, 15, 26, 32014]]","[-0.013621946796774864, -1.3013161420822144, -1.2516897186287679e-05, -5.245195097813848e-06, -0.1209842637181282, -0.001335563138127327, -0.43249601125717163, -0.026224620640277863, -0.0011030309833586216, -0.13832716643810272]",7.931249618530273,False,0.0,-1.897099340708337,-0.21078881563425966,9.0,-1.897099340708337,-0.21078881563425966,9.0,0.16623362878319614,0,8,8,8,1.0,-1.4108666089289297,-1.0162437881392223,True,10,1.1111111111111112,5.0,0.75,1.0,2.0636073745298047
~/anvil/data/cve-targets/libxml2_repo_parser.c,12664,12587,12769,xmlFree((xmlChar *) ctxt->encoding);,xmlFreeCharEncodingHandler(ctxt->encoding);,	    xmlFreeCharEncodingHandler(ctxt->encoding);,0.6966642737388611,"[[10212, 11815, 13842, 8061, 28782, 7777, 7, 296, 530, 12, 29, 30521, 477, 32014]]","[-0.6366872787475586, -0.3039659559726715, -0.8079123497009277, -0.7427562475204468, -0.0020950529724359512, -0.015163388103246689, -0.03881711885333061, -0.003089062636718154, -2.145764938177308e-06, -0.0006781900301575661, -2.3841855067985307e-07, -0.0010414659045636654, -0.013992072083055973, -0.2526096999645233]",4.316145896911621,False,0.0,-2.566200566708602,-0.1974000435929694,13.0,-2.566200566708602,-0.1974000435929694,13.0,0.09211961914548156,0,19,12,12,1.5833333333333333,-3.5292002020797604,-1.1123677619936974,True,12,0.9230769230769231,19.0,0.6835443037974683,8.0,1.9891779865506203
~/anvil/data/cve-targets/libxml2_repo_xmlstring.c,412,398,421,size = xmlStrlen(cur);,size = xmlStrlen(cur);,    size = xmlStrlen(cur);,0.1483425945043563,"[[315, 2398, 405, 11815, 6624, 6446, 7, 1862, 477, 32014]]","[-0.054471470415592194, -0.16612863540649414, -0.009860733523964882, -0.8097834587097168, -0.027753381058573723, -0.10240264981985092, -0.014140999875962734, -0.001111009274609387, -0.040147099643945694, -0.06329426169395447]",8.18906307220459,True,0.0,-1.2257994377287105,-0.13619993752541226,9.0,-1.2257994377287105,-0.13619993752541226,9.0,0.05916978738873973,1,12,12,12,1.0,-1.0891531758351831,-1.009714818424615,False,8,0.8888888888888888,0.0,1.0,0.0,1.1073223151740375
~/anvil/data/cve-targets/openssl_repo_crypto_x509_x509_req.c,39,16,51,pktmp = X509_get0_pubkey(x);,"if (!X509_REQ_set_pubkey(ret, x->pubkey))","    if (!X509_REQ_set_pubkey(ret, x->pubkey))
        goto",0.4342547059059143,"[[315, 562, 5036, 55, 20, 15, 24, 62, 1369, 48, 62, 1113, 62, 11225, 2447, 7, 2534, 11, 1371, 12, 29, 11225, 2447, 1435, 185, 436, 2138, 78]]","[-0.02626746892929077, -0.9483007192611694, -0.20840409398078918, -0.04665786027908325, -0.00016389934171456844, -1.4662635294371285e-05, -2.8013790142722428e-05, -0.0002864189154934138, -0.008786587044596672, -0.00011681827891152352, -4.7801782784517854e-05, -0.08381031453609467, -0.02294117957353592, -0.3698403835296631, -0.0014271085383370519, -0.0486777164041996, -0.007863398641347885, -0.004401875659823418, -0.6453783512115479, -0.009421765804290771, -9.536738616588991e-07, -0.28991737961769104, -0.05998118966817856, -0.062104303389787674, -0.025498583912849426, -0.002018558792769909, -0.0009916870621964335, -1.1920922133867862e-06]",9.094446182250977,False,1.0,-2.8733502863476588,-0.10261965308384495,28.0,-2.872357407193249,-0.11047528489204804,26.0,0.04937978609291352,1,12,19,21,0.631578947368421,-3.930786024496342,-1.0130510762384748,True,16,0.5714285714285714,27.0,0.5217391304347826,15.0,2.1345048457618
~/anvil/data/cve-targets/libsndfile_repo_src_sd2.c,225,141,230,"psf_fwrite (psf->header.ptr, psf->header.indx, 1, psf) ;",psf->header.len = rsrc.map_length ;,"	psf->header.len = rsrc.map_length ;
	psf->header.ptr = (char *) &rsrc ;
	psf->header.type = SF_RSRC ;",0.6303455233573914,"[[184, 829, 69, 12, 29, 7301, 13, 6446, 405, 427, 7364, 13, 4008, 62, 4082, 6203, 185, 184, 829, 69, 12, 29, 7301, 13, 8856, 405, 334, 5897, 12376, 573, 3303, 2607, 6203, 185, 184, 829, 69, 12, 29, 7301, 13, 2139, 405, 25633, 62, 10724, 12421, 6203]]","[-0.804527223110199, -0.17601154744625092, -0.0003551805857568979, -0.633291482925415, -2.253030106658116e-05, -0.59067702293396, -0.011463134549558163, -0.3266647160053253, -0.17956705391407013, -0.5719350576400757, -9.321732068201527e-05, -0.00031132620642893016, -0.1733132302761078, -4.410646579344757e-05, -0.4778066575527191, -0.3644341826438904, -0.3500118851661682, -0.3200850784778595, -0.12354166060686111, -0.0002954761730507016, -0.31385836005210876, -8.106198947643861e-06, -0.3144473731517792, -0.004334934521466494, -0.5442549586296082, -0.008250677026808262, -0.9379928112030029, -1.2412099838256836, -0.04659755900502205, -0.80985027551651, -0.19673258066177368, -8.666139910928905e-05, -0.10509338229894638, -0.35133492946624756, -0.5261154174804688, -0.1745823621749878, -0.0004058252670802176, -0.47497111558914185, -5.006777428206988e-06, -0.6521307229995728, -0.013013905845582485, -2.3772101402282715, -0.09595177322626114, -0.870816171169281, -0.06745702028274536, -0.5652817487716675, -0.014909738674759865, -0.27511537075042725]",4.113887310028076,False,2.0,-16.08647068249593,-0.33513480588533184,48.0,-4.980614633521327,-0.27670081297340704,18.0,0.06290937149900772,0,27,49,16,0.5510204081632653,-2.2780761523023503,-1.1180066547009528,True,30,0.625,39.0,0.41758241758241754,16.0,2.057138223194251
~/anvil/data/cve-targets/lua_repo_ldebug.c,764,747,794,resethookcount(L);  /* reset count */,L->hookcount = 0;  /* reset count */,    L->hookcount = 0;  /* reset count */,1.7854933738708496,"[[315, 412, 12, 29, 18863, 4241, 1412, 15, 26, 207, 4535, 10762, 1683, 1641, 32014]]","[-0.019712846726179123, -0.9485686421394348, -0.0027305721305310726, -5.245195097813848e-06, -0.05955986678600311, -0.002985783852636814, -0.369110643863678, -0.26250937581062317, -0.0014222278259694576, -0.2170625925064087, -0.0010944573441520333, -1.2875492572784424, -0.794630229473114, -0.8430812954902649, -0.40285205841064453]",8.977994918823242,False,0.0,-4.810023036422535,-0.3435730740301811,14.0,-4.810023036422535,-0.3435730740301811,14.0,0.17881571463127113,0,10,11,11,0.9090909090909091,-5.196837321757069,-1.0101060882195847,True,12,0.8571428571428571,9.0,0.7945205479452055,8.0,2.2888101622193067
~/anvil/data/cve-targets/php_repo_ext_intl_msgformat_msgformat_parse.c,83,57,115,if(pattern && pattern_len) {,msgformat_data_set_source(&mfo->mf,	msgformat_data_set_source(&mfo->mf,0.7969194054603577,"[[184, 12430, 7697, 62, 2448, 62, 1113, 62, 1905, 9299, 76, 2305, 12, 29, 21746]]","[-1.1300716400146484, -1.0902478694915771, -0.5072174072265625, -0.0009446449112147093, -1.2367242574691772, -0.01318227406591177, -1.025193214416504, -0.25595852732658386, -2.8340392112731934, -0.2503526508808136, -0.015007096342742443, -7.199982064776123e-05, -0.000619696278590709, -1.0728830375228426e-06, -0.0004698126285802573]",4.270140171051025,False,0.0,-8.360101375029785,-0.5573400916686524,15.0,-8.360101375029785,-0.5573400916686524,15.0,0.5869620087996597,0,13,9,9,1.4444444444444444,-1.4298619772254586,-1.1136478801700174,True,9,0.6,29.0,0.25806451612903225,13.0,1.9302415606417396
~/anvil/data/cve-targets/php_repo_ext_phar_phar.c,173,159,201,},},	},0.0035818961914628,"[[1839, 32014]]","[-0.0035821336787194014, -0.678349494934082]",14.277777671813965,True,0.0,-0.0035821336787194014,-0.0035821336787194014,1.0,-0.0035821336787194014,-0.0035821336787194014,1.0,0.0,0,2,2,2,1.0,-0.9999337022908965,-1.1532106616380393,False,1,1.0,0.0,1.0,0.0,0.6031083733209947
~/anvil/data/cve-targets/libsndfile_repo_src_common.c,630,470,684,"if (psf->header.indx + (sf_count_t) size > psf->header.len && psf_bump_header_allocation (psf, size))","if (psf->header.indx + (sf_count_t) size > psf->header.len && psf_bump_header_allocation (psf, size))","					if (psf->header.indx + (sf_count_t) size > psf->header.len && psf_bump_header_allocation (psf, size))",0.0150637468323111,"[[1076, 2944, 334, 829, 69, 12, 29, 7301, 13, 513, 87, 945, 334, 5274, 62, 4241, 62, 83, 8, 2398, 1938, 265, 5274, 12, 29, 7301, 13, 6446, 2956, 265, 5274, 62, 65, 2990, 62, 7301, 62, 435, 5590, 334, 829, 69, 11, 2398, 1435, 32014]]","[-0.016860008239746094, -0.13710437715053558, -0.013880978338420391, -0.07312700897455215, 0.0, -0.0008289953111670911, -1.4305104514278355e-06, -0.08131322264671326, -3.933898824470816e-06, -0.0002734287118073553, -9.536738616588991e-07, -0.02745094895362854, -0.024819349870085716, -0.007321076933294535, -9.536738616588991e-07, -2.2649508537142538e-05, -3.814689989667386e-06, -3.2186455882765586e-06, -0.00020144341397099197, -0.007908342406153679, -0.13758070766925812, -0.0005619138828478754, -9.536738616588991e-07, -1.1801649634435307e-05, -4.768370445162873e-07, -4.0649541915627196e-05, -4.768360213347478e-06, -5.1973900554003194e-05, -0.005553768947720528, -0.004075436852872372, -1.1920922133867862e-06, -0.0011762612266466022, -2.8967437174287625e-05, -4.768370445162873e-07, -1.1086402082582936e-05, -1.3351351299206726e-05, -1.1920922133867862e-06, -1.4543427823809907e-05, -4.0531076592742465e-06, -0.0008262557676061988, -2.682172998902388e-05, -9.536738616588991e-07, -5.721882189391181e-05, -0.03553399071097374, -0.08651692420244217, -0.34879830479621887]",7.3925347328186035,True,0.0,-0.6632218757480359,-0.01473826390551191,45.0,-0.6632218757480359,-0.015073224448818999,44.0,0.0011260410979981846,1,42,42,42,1.0,-0.999371228330071,-1.030023009664236,False,44,0.9777777777777777,0.0,1.0,0.0,1.3788156899493411
~/anvil/data/cve-targets/libsndfile_repo_src_alaw.c,253,98,274,"0xa9, 0xa9, 0xa9, 0xa9, 0xa9, 0xa9, 0xa9, 0xa9, 0xa9, 0xa9, 0xa9, 0xa9,","0xa9, 0xa9, 0xa9, 0xa9, 0xa9, 0xa9, 0xa9, 0xa9, 0xa9, 0xa9, 0xa9, 0xa9,","	0xa9, 0xa9, 0xa9, 0xa9, 0xa9, 0xa9, 0xa9, 0xa9, 0xa9, 0xa9, 0xa9, 0xa9,
	0xa9, 0xa9, 0xa9, 0xa9, 0xa9, 0xa9,",0.0001900189672596,"[[184, 15, 7287, 24, 11, 207, 15, 7287, 24, 11, 207, 15, 7287, 24, 11, 207, 15, 7287, 24, 11, 207, 15, 7287, 24, 11, 207, 15, 7287, 24, 11, 207, 15, 7287, 24, 11, 207, 15, 7287, 24, 11, 207, 15, 7287, 24, 11, 207, 15, 7287, 24, 11, 207, 15, 7287, 24, 11, 207, 15, 7287, 24, 11, 185, 184, 15, 7287, 24, 11, 207, 15, 7287, 24, 11, 207, 15, 7287, 24, 11, 207, 15, 7287, 24, 11, 207, 15, 7287, 24, 11, 207, 15, 7287, 24, 11]]","[-0.0003583981015253812, -4.9828242481453344e-05, -0.0015886317705735564, -0.0008051729528233409, -4.160317621426657e-05, -1.4066597032069694e-05, -1.2755313036905136e-05, -0.0002783149539027363, -5.793403761344962e-05, -4.172316494077677e-06, -5.125986263010418e-06, -3.576272320060525e-06, -0.0002456601650919765, -5.61460001335945e-05, -2.861018856492592e-06, -4.6491513785440475e-06, -1.1324817933200393e-05, -0.00040534863364882767, -7.509902934543788e-05, -9.536697689327411e-06, -4.935142715112306e-05, -2.610649426060263e-05, -0.0006915323319844902, -0.00016068121476564556, -3.6954811548639555e-06, -1.2278481335670222e-05, -8.34461570775602e-06, -0.00029690624796785414, -7.86750388215296e-05, -3.576272320060525e-06, -1.4424220353248529e-05, -4.410734163684538e-06, -0.00023112009512260556, -5.769562994828448e-05, -2.9802276912960224e-06, -1.4066597032069694e-05, -1.0490362910786644e-05, -0.0003579214389901608, -5.0424259825376794e-05, -5.483612312673358e-06, -8.856858039507642e-05, -3.516612196108326e-05, -0.0009160612826235592, -0.00016735584358684719, -2.9802276912960224e-06, -7.784063927829266e-05, -4.5536911784438416e-05, -0.0007840896723791957, -0.0001429217227268964, -2.861018856492592e-06, -3.6477376852417365e-05, -1.4066597032069694e-05, -0.0005550036439672112, -0.00010966652916977182, -5.602820692729438e-06, -0.0002119316632160917, -6.6756979322235566e-06, -0.000521523819770664, -9.035655966727063e-05, -3.576214658096433e-05, -0.10052240639925003, -0.0001072826053132303, -2.753696753643453e-05, -0.001259487122297287, -0.0005824061809107661, -3.099436753473128e-06, -8.4638240878121e-06, -3.2186455882765586e-06, -0.0003159739135298878, -9.893881360767409e-05, -1.6689286894688848e-06, -5.245195097813848e-06, -1.1920922133867862e-06, -0.00023135847004596144, -8.320462075062096e-05, -1.5497195136049413e-06, -3.814689989667386e-06, -2.264974000354414e-06, -0.00031680811662226915, -0.00010549465514486656, -2.145764938177308e-06, -2.8371408916427754e-05, -1.1444026313256472e-05, -0.0019687095191329718, -0.0004916174802929163, -1.1920922133867862e-06, -5.722029527532868e-06, -2.145764938177308e-06, -0.00033742457162588835, -0.00014161060971673578, -1.0728830375228426e-06]",13.036284446716309,True,1.0,-0.11663369041593796,-0.001281688905669648,91.0,-0.11059050789890534,-0.001783717869337183,62.0,0.00015990452304377365,0,25,37,25,0.6756756756756757,-0.10652972116616721,-1.117967831849303,False,59,0.6483516483516484,0.0,1.0,0.0,0.9555164169833946
~/anvil/data/cve-targets/lua_repo_ldebug.c,438,356,568,},},    },0.0007514513563364,"[[315, 611, 32014]]","[-0.11126264184713364, -0.0009137984015978873, -0.29225873947143555]",11.881248474121094,True,0.0,-0.11217644024873152,-0.05608822012436576,2.0,-0.11217644024873152,-0.05608822012436576,2.0,0.0030442168124418397,0,2,2,2,1.0,-0.013397668078434096,-1.0861471418433697,False,1,0.5,0.0,1.0,0.0,0.7768109112929068
~/anvil/data/cve-targets/php_repo_ext_exif_exif.c,3630,3617,3700,if (!data) {,if (ImageInfo->Thumbnail,	if (ImageInfo->Thumbnail,0.9557300806045532,"[[2944, 334, 6635, 4580, 12, 29, 1080, 4313, 28490]]","[-1.048447608947754, -0.5190460085868835, -1.0895582437515259, -0.0003064401389565319, -0.009894019924104214, -1.1920922133867862e-06, -0.06133659556508064, -6.651657167822123e-05, -0.00016735584358684719]",3.177778959274292,False,0.0,-2.728823981421783,-0.30320266460242035,9.0,-2.728823981421783,-0.30320266460242035,9.0,0.19247353419914023,1,12,7,7,1.7142857142857142,-3.152116363679622,-1.1444795999270965,True,5,0.5555555555555556,19.0,0.33333333333333337,10.0,1.8587652119583993
~/anvil/data/cve-targets/php_repo_ext_phar_phar.c,1300,1190,1319,"mydata->alias = alias ? estrndup(alias, alias_len) : estrndup(mydata->fname, fname_len);",mydata->alias = alias;,		mydata->alias = alias;,0.609960675239563,"[[184, 184, 2589, 2448, 12, 29, 20768, 405, 19867, 26, 32014]]","[-0.09045637398958206, -0.36343201994895935, -0.20556071400642395, -9.178694017464295e-05, -0.0015614947769790888, -5.8412379075889476e-06, -0.20762565732002258, -0.1351860612630844, -0.3765210807323456, -0.7131283283233643, -0.34909793734550476]",8.739583015441895,False,0.0,-2.0935693585388435,-0.20935693585388435,10.0,-2.0935693585388435,-0.20935693585388435,10.0,0.04559233983165086,0,32,10,10,3.2,-2.913496382394851,-1.0041034618319644,True,35,3.5,66.0,0.4,22.0,2.407026526373106
~/anvil/data/cve-targets/openssl_repo_ssl_statem_extensions_srvr.c,289,256,335,},},"        }
       ",0.0002574589161667,"[[436, 611, 185, 436]]","[-0.0004745787591673434, -0.0002531684876885265, -0.35139474272727966, -0.5840551257133484]",11.29257869720459,True,1.0,-0.9361776156874839,-0.23404440392187098,4.0,-0.9361776156874839,-0.23404440392187098,4.0,0.06137295309477812,1,2,2,2,1.0,-0.001100043033939172,-1.0702796373397587,False,1,0.25,0.0,1.0,0.0,0.8179316717051752
~/anvil/data/cve-targets/php_repo_ext_phar_phar.c,905,632,1125,if (manifest_len < 10 + tmp_len),tmp_len = buffer[0];,"	tmp_len = buffer[0];
	if (tmp_len > (size_t)(",0.9047314524650574,"[[184, 10801, 62, 6446, 405, 9421, 58, 15, 2818, 185, 2944, 334, 10801, 62, 6446, 1938, 334, 3017, 62, 83, 4932]]","[-0.475043386220932, -0.48488113284111023, -3.8742269680369645e-05, -3.8980677345534787e-05, -0.09258440136909485, -1.0462830066680908, -0.36984845995903015, -0.4810854196548462, -0.31713175773620605, -0.07186882942914963, -0.5150270462036133, -0.1442963033914566, -0.25865739583969116, -9.417489309271332e-06, -2.9801878554280847e-05, -1.444488525390625, -1.0224287509918213, -0.3952222764492035, -0.0025295186787843704, -2.074220174108632e-05, -0.10288891196250916]",6.622220993041992,False,1.0,-7.224402807302795,-0.3440191813001331,21.0,-3.338804116825486,-0.33388041168254856,10.0,0.09232633879111149,1,15,21,12,0.7142857142857143,-2.709747025606493,-1.0500512630880305,True,13,0.6190476190476191,25.0,0.3076923076923077,15.0,2.131543303234792
~/anvil/data/cve-targets/openssl_repo_crypto_asn1_a_type.c,110,95,119,if (rt == NULL) {,if (rt == NULL) {,        if (rt == NULL) {,0.0866314396262168,"[[436, 562, 334, 3214, 2312, 4579, 8, 507, 32014]]","[-0.06355203688144684, -0.05733577534556389, -0.25340914726257324, -0.25724974274635315, -0.006761646829545498, -0.0005404680268839002, -0.017632048577070236, -0.008904628455638885, -0.12743507325649261]",13.15903091430664,True,0.0,-0.6653854941250756,-0.08317318676563445,8.0,-0.6653854941250756,-0.08317318676563445,8.0,0.010351730016268875,0,14,14,14,1.0,-1.0415789390194585,-1.1214037660688763,False,7,0.875,0.0,1.0,0.0,0.8324349169222608
~/anvil/data/cve-targets/php_repo_ext_phar_util.c,399,288,436,return FAILURE;,return FAILURE;,"					return FAILURE;
				}
",0.0019434902351349,"[[1076, 3404, 13571, 4470, 10323, 26, 185, 1749, 1839, 185]]","[-0.0002060916303889826, -0.008269356563687325, -0.0013816345017403364, -1.9192511899746023e-05, -5.960446742392378e-06, -1.2755313036905136e-05, -0.6932488679885864, -0.0025184601545333862, -7.533743337262422e-05, -0.023705048486590385]",16.02517318725586,True,2.0,-0.7294427050305785,-0.07294427050305785,10.0,-0.7056623191106155,-0.08820778988882694,8.0,0.05230321953058079,0,5,6,5,0.8333333333333334,-0.022033090700769017,-1.2047051158879534,False,5,0.5,0.0,1.0,0.0,0.5033446513293343
~/anvil/data/cve-targets/libxml2_repo_parser.c,4965,4831,4974,"target, buf);","target, buf);","		                                     target, buf);
		if (",0.0506590455770492,"[[459, 22790, 3393, 11, 23350, 477, 185, 184, 2944, 334]]","[-0.10083327442407608, -0.030407346785068512, -0.006330793257802725, -0.00366124021820724, -0.15061399340629578, -0.0065442295745015144, -0.013103799894452095, -0.33432379364967346, -0.14717470109462738, -0.07069781422615051]",5.428656578063965,True,1.0,-0.8636909865308553,-0.08636909865308554,10.0,-0.6458184712100774,-0.08072730890125968,8.0,0.01171022036197256,0,7,9,7,0.7777777777777778,-0.6275329410399646,-1.0818560115211588,False,4,0.4,0.0,1.0,0.0,0.8510226743281286
~/anvil/data/cve-targets/libxml2_repo_valid.c,1262,1186,1278,},case XML_E,	case XML_E,0.2183614820241928,"[[14288, 17170, 62, 36]]","[-0.6813893914222717, -0.00013028726971242577, -2.145764938177308e-06, -0.000409161759307608]",6.436806678771973,False,0.0,-0.6819309862162299,-0.17048274655405748,4.0,-0.6819309862162299,-0.17048274655405748,4.0,0.08700855491126902,1,2,5,5,0.4,-1.2808421170933781,-1.0549299248965875,True,1,0.25,10.0,0.0,4.0,1.8851116497806708
~/anvil/data/cve-targets/sqlite3_repo_src_select.c,2823,2535,2855,if( !pKeyInfo ){,if( 0==pKeyInfo ){,    if( 0==pKeyInfo ){,0.337114006280899,"[[315, 562, 7, 207, 15, 780, 79, 3790, 4580, 2189, 90, 32014]]","[-0.0006189814303070307, -0.0966028943657875, -0.002172611653804779, -0.799506425857544, -0.00030655929003842175, -0.006263862829655409, -0.006428515538573265, -0.0004142856632824987, -1.1920928244535389e-07, -0.026490161195397377, -0.0021332381293177605, -0.165617436170578]",11.50625228881836,False,0.0,-0.9409376551629904,-0.08553978683299913,11.0,-0.9409376551629904,-0.08553978683299913,11.0,0.051713386169713924,0,12,13,13,0.9230769230769231,-3.941019948285033,-1.0760121972699994,True,8,0.7272727272727273,3.0,0.8823529411764706,3.0,1.9589174921516659
~/anvil/data/cve-targets/poppler_repo_poppler_GfxState.cc,519,511,523,*out++ = 0;,*out++ = 0;,"        *out++ = 0;
        *out++",0.0588456280529499,"[[436, 572, 406, 3868, 1412, 15, 26, 185, 436, 572, 406, 3868]]","[-0.0024807651061564684, -0.0025704221334308386, -5.185469490243122e-05, -0.00018261195509694517, -0.23855318129062653, -0.09819015860557556, -0.0003152588615193963, -0.4128630757331848, -0.0008485292200930417, -0.0008361419313587248, -3.4450891689630225e-05, -7.033100700937212e-05]",9.975001335144045,True,1.0,-0.7569967814306438,-0.06308306511922031,12.0,-0.756055857600586,-0.08400620640006512,9.0,0.019278342124737516,0,11,18,11,0.6111111111111112,-0.7004914347959924,-1.035599538838131,False,6,0.5,0.0,1.0,0.0,1.0175580079533173
~/anvil/data/cve-targets/poppler_repo_poppler_Annot.cc,5212,5190,5241,if (path->getCoordsLength() != 0) {,if (path->getCoordsLength() > 1) {,            if (path->getCoordsLength() > 1) {,0.4373262822628021,"[[655, 562, 334, 3261, 12, 29, 703, 9136, 6571, 9409, 822, 6213, 16, 8, 507, 32014]]","[-0.002017606981098652, -0.12150612473487854, -0.14390398561954498, -0.0970064103603363, -0.23257766664028168, -1.7881377516459906e-06, -0.36647242307662964, -0.28607505559921265, -0.00026556302327662706, -0.002501455834135413, -0.03881127014756203, -0.529944121837616, -1.0309001207351685, -0.04228058457374573, -0.0017879704246297479, -0.5965096950531006]",10.958334922790527,False,0.0,-2.896052147725868,-0.19307014318172452,15.0,-2.896052147725868,-0.19307014318172452,15.0,0.07352519137956379,1,20,20,20,1.0,-2.265116061219134,-1.0613735416081171,True,15,1.0,3.0,0.927536231884058,2.0,2.100382354492528
~/anvil/data/cve-targets/libtiff_repo_libtiff_tif_read.c,89,46,147,uint8_t* new_rawdata;,uint8_t* new_rawdata;,"                uint8_t* new_rawdata;
                if( already_read",0.1691673994064331,"[[1044, 10945, 23, 62, 83, 9, 756, 62, 2024, 2448, 26, 185, 1044, 562, 7, 2561, 62, 1187]]","[-0.06028629094362259, -0.971244752407074, -0.01225253939628601, -9.524368942948058e-05, -2.2291887944447808e-05, -0.47787046432495117, -0.011947854422032833, -5.709961988031864e-05, -6.55629628454335e-05, -8.821448318485636e-06, -0.3026621341705322, -0.39052149653434753, -0.16647963225841522, -1.1760945320129395, -0.729581356048584, -1.263672113418579, -2.3841574147809297e-05, -4.207999518257566e-05]",4.667360782623291,True,1.0,-5.562928107115113,-0.3090515615063951,18.0,-2.3935141840656797,-0.18411647569735998,13.0,0.0774419506424042,0,7,10,7,0.7,-0.91880641732737,-1.1026435128211367,False,10,0.5555555555555556,0.0,1.0,0.0,0.8119265961605786
~/anvil/data/cve-targets/libxml2_repo_valid.c,1207,1186,1278,if (size - len < xmlStrlen(content->prefix) + 10) {,if (size - len < xmlStrlen(content->prefix) + 10) {,		if (size - len < xmlStrlen(content->prefix) + 10) {,0.0959673151373863,"[[184, 2944, 334, 3017, 567, 10405, 1013, 11815, 6624, 6446, 7, 5064, 12, 29, 18410, 8, 4536, 16, 15, 8, 507, 32014]]","[-0.7860365509986877, -0.28023743629455566, -0.47819921374320984, -0.22606591880321503, -0.0018029639031738043, -0.011810497380793095, -0.2799758315086365, -0.07937094569206238, -0.015400421805679798, -0.00036244976217858493, -0.0323760099709034, -0.0008088654140010476, -6.103329360485077e-05, -2.622600959512056e-06, -0.029009683057665825, -0.03941139206290245, -0.11146334558725357, -0.5320507287979126, -0.1961323469877243, -0.024128250777721405, -0.007639241870492697, -0.049164820462465286]",4.084027290344238,True,0.0,-3.132345750313334,-0.1491593214434921,21.0,-3.132345750313334,-0.1491593214434921,21.0,0.04438422020874087,1,27,27,27,1.0,-0.6433879841277155,-1.1188415588082452,False,20,0.9523809523809523,0.0,1.0,0.0,0.9879824996199276
~/anvil/data/cve-targets/poppler_repo_poppler_Stream.cc,520,507,538,if (nBits <= 0 || nVals > INT_MAX / nBits - 7 || width > INT_MAX / nComps) {,if (inputLineSize > INT_MAX) {,    if (inputLineSize > INT_MAX) {,0.9382573962211608,"[[315, 562, 334, 3584, 6498, 5142, 1938, 19440, 62, 14840, 8, 507, 32014]]","[-0.036228638142347336, -0.35148686170578003, -0.03827698901295662, -0.9123662114143372, -0.00016556799528189003, -0.0011014830088242888, -1.168802261352539, -0.08914654701948166, -0.0005286726518534124, -2.634490556374658e-05, -0.6512136459350586, -0.0041038114577531815, -0.08570854365825653]",8.72569465637207,False,0.0,-3.253447034601777,-0.27112058621681473,12.0,-3.253447034601777,-0.27112058621681473,12.0,0.1562333083600425,1,34,13,13,2.6153846153846154,-3.4606645305452304,-1.0037548886138121,True,34,2.8333333333333335,55.0,0.39622641509433965,22.0,2.4718132459855666
~/anvil/data/cve-targets/sqlite3_repo_src_select.c,1067,942,1302,#endif,},"    }
#",0.8904570937156677,"[[315, 611, 185, 2]]","[-0.5582380294799805, -0.28125646710395813, -0.2663683295249939, -0.20704200863838196]",10.951214790344238,False,1.0,-1.3129048347473145,-0.3282262086868286,4.0,-1.1058628261089325,-0.36862094203631085,3.0,0.01801426269873849,0,2,2,2,1.0,-2.415644344015467,-1.0611846304172436,True,2,0.5,6.0,0.0,1.0,1.9531309619601591
~/anvil/data/cve-targets/poppler_repo_poppler_FileSpec.cc,176,166,198,"Object fileName = fileSpec->dictLookup(""UF"");","Object fileName = fileSpec->dictLookup(""F"");","        Object fileName = fileSpec->dictLookup(""F"");",0.7667736411094666,"[[436, 7635, 1753, 1737, 405, 1753, 7396, 12, 29, 13057, 9610, 393, 1195, 37, 2583, 32014]]","[-0.0055576809681952, -0.5344556570053101, -0.08387850224971771, -0.015093288384377956, -0.22983640432357788, -0.031564339995384216, -3.635817120084539e-05, -0.00022575691400561482, -4.291525328881107e-06, -0.00753796985372901, -0.005175525788217783, -0.0001062098381225951, -0.005485482048243284, -2.172750949859619, -0.3533233106136322, -0.5239013433456421]",7.520139217376709,False,0.0,-3.4450317275386624,-0.22966878183591083,15.0,-3.4450317275386624,-0.22966878183591083,15.0,0.29342265338496015,0,19,19,19,1.0,-3.3386062963371996,-1.026742356391546,True,15,1.0,1.0,0.9887640449438202,1.0,2.2201998555427807
~/anvil/data/cve-targets/lua_repo_ldebug.c,166,156,182,"return findvararg(ci, -n, pos);","name = luaF_getlocalname(ci_func(ci)->p, -","      name = luaF_getlocalname(ci_func(ci)->p, -",1.375750184059143,"[[730, 1208, 405, 284, 5713, 37, 62, 703, 5262, 1523, 7, 2711, 62, 7312, 7, 2711, 6906, 29, 79, 11, 567]]","[-0.04491569846868515, -0.21974173188209534, -0.0015288818394765258, -0.6481279730796814, -0.012807141989469528, -1.0329740047454834, -0.003222750499844551, -0.27738329768180847, -0.8484923243522644, -0.053732339292764664, -0.06551419943571091, -0.25484704971313477, -0.20783735811710358, -0.1475435048341751, -0.00500841299071908, -0.009005406871438026, -0.10641057789325714, -0.00010859376925509423, -0.05822769179940224, -0.006620259955525398, -0.8215876817703247]",9.968099594116213,False,0.0,-4.8256368809816195,-0.22979223242769617,21.0,-4.8256368809816195,-0.22979223242769617,21.0,0.09773973178662516,1,16,16,16,1.0,-5.986930757078663,-1.0354208682571602,True,12,0.5714285714285714,34.0,0.3013698630136986,17.0,2.239924980026642
~/anvil/data/cve-targets/lua_repo_ldo.c,329,309,331,if (isLua(ci->previous)),else,  else,0.8208745718002319,"[[207, 1969, 32014]]","[-0.3185502290725708, -0.6021770238876343, -0.9507464170455933]",6.763888835906982,False,0.0,-0.9207272529602051,-0.46036362648010254,2.0,-0.9207272529602051,-0.46036362648010254,2.0,0.02011103968426653,1,17,2,2,8.5,-1.7831004114650901,-1.0463388786038772,True,11,5.5,22.0,0.1428571428571429,16.0,2.153393571755431
~/anvil/data/cve-targets/libxml2_repo_xmlregexp.c,4850,4774,4859,NEXTL(len);,NEXTL(len);,"    NEXTL(len);
    cur = C",0.1816722750663757,"[[315, 461, 13532, 43, 7, 6446, 477, 185, 315, 1126, 405, 339]]","[-0.014024162665009499, -0.7960349321365356, -0.00374520942568779, -0.25855669379234314, -0.0008698494057171047, -0.013235568068921566, -0.01502189226448536, -0.39000266790390015, -0.043335922062397, -0.329216867685318, -0.0006049233488738537, -0.018446091562509537]",6.111806869506836,True,1.0,-1.8830947803216986,-0.1569245650268082,12.0,-1.5348268977249973,-0.17053632196944413,9.0,0.06593020267568994,1,9,15,9,0.6,-1.0652995969909969,-1.0635361408927537,False,6,0.5,0.0,1.0,0.0,0.9377211408548775
~/anvil/data/cve-targets/lua_repo_ldebug.c,788,747,794,L->hookcount = 1;  /* undo decrement to zero */,"luaD_hook(L, LUA_HOOKCOUNT, -1, 0, 0);  /* call","      luaD_hook(L, LUA_HOOKCOUNT, -1, 0, 0);  /* call",1.6084365844726562,"[[730, 284, 5713, 35, 62, 18863, 7, 43, 11, 412, 24184, 62, 11317, 9516, 27171, 11, 567, 16, 11, 207, 15, 11, 207, 15, 477, 207, 4535, 1280]]","[-0.007484964095056057, -0.9137092232704163, -0.006607351824641228, -0.0788615420460701, -0.0007194076315499842, -0.21123342216014862, -0.011222336441278458, -0.00032610344351269305, -8.260862523457035e-05, -0.01456862036138773, -0.00021419614495243877, -2.50339189733495e-06, -0.004870930220931768, -0.00015925093612167984, -0.11584074050188065, -0.004049554467201233, -0.3887157142162323, -0.04597919061779976, -0.0018135543214157224, -0.11524102091789246, -0.2045653611421585, -0.00082923355512321, -0.08986934274435043, -0.31606054306030273, -0.0005371319712139666, -0.1727212369441986, -0.0003405229654163122, -0.29083195328712463]",10.15895175933838,False,0.0,-2.9974575613055094,-0.10705205576091105,28.0,-2.9974575613055094,-0.10705205576091105,28.0,0.03605176761553928,0,11,23,23,0.4782608695652174,-15.024808006162178,-1.0403729807454145,True,17,0.6071428571428571,43.0,0.2978723404255319,21.0,2.1994232320147185
~/anvil/data/cve-targets/libtiff_repo_libtiff_tif_luv.c,863,851,880,while (upper - lower > 1) {,while (lower < upper) {,	while (lower < upper) {,0.3184043169021606,"[[184, 6460, 334, 13323, 1013, 6910, 8, 507, 32014]]","[-0.24086995422840118, -0.03184809535741806, -0.024205980822443962, -0.7508057355880737, -0.24434979259967804, -0.00482252798974514, -0.12863115966320038, -0.008201965130865574, -0.1584872305393219]",6.097395896911621,False,0.0,-1.433735211379826,-0.17921690142247826,8.0,-1.433735211379826,-0.17921690142247826,8.0,0.0553401951839554,0,16,13,13,1.2307692307692308,-1.776642238398977,-1.0639193746777638,True,9,1.125,11.0,0.6799999999999999,5.0,2.0334124583737423
~/anvil/data/cve-targets/openssl_repo_crypto_asn1_a_type.c,125,-30,275,},},"}
AS",0.0034628685098141,"[[92, 185, 3146]]","[-0.0034627497661858797, -0.12742173671722412, -1.053778052330017]",13.336111068725586,True,1.0,-1.184662538813427,-0.39488751293780905,3.0,-0.13088448648341,-0.065442243241705,2.0,0.003841457611481917,0,2,3,2,0.6666666666666666,-0.05291488094355672,-1.1263792299433932,False,1,0.3333333333333333,0.0,1.0,0.0,0.6727320295917423
~/anvil/data/cve-targets/libpng_repo_pngrutil.c,2365,2347,2397,limit = PNG_USER_CHUNK_MALLOC_MAX;,limit = PNG_USER_CHUNK_MALLOC_MAX;,"      limit = PNG_USER_CHUNK_MALLOC_MAX;
#  endif
#  ifdef",0.0161510985344648,"[[730, 3935, 405, 375, 12658, 62, 17213, 62, 3388, 4348, 42, 62, 44, 1743, 21826, 62, 14840, 26, 185, 2, 207, 1223, 351, 185, 2, 207, 562, 1551]]","[-0.06573568284511566, -0.002731166547164321, -0.0031578694470226765, -0.1873163878917694, -0.0001646144810365513, -7.688703772146255e-05, -0.0054457648657262325, -9.179073458653875e-06, -0.00019369633810129017, -5.221230458118953e-05, -1.2040065485052764e-05, -3.576272320060525e-06, -0.0005575056420639157, -5.793403761344962e-05, -8.702239938429557e-06, -5.519237674889155e-05, -0.00017569905321579427, -0.02728879265487194, -0.6959319710731506, -0.07018040865659714, -0.003782738232985139, -0.33436688780784607, -1.9311717551317997e-05, -0.6372078061103821, -0.6114043593406677, -0.3166963756084442, -0.055232733488082886, -0.19141878187656403]",7.222395896911621,True,2.0,-3.209284277086226,-0.11461729561022237,28.0,-0.9889748742471056,-0.0520513091709003,19.0,0.024897087800979923,0,7,10,7,0.7,-0.31029187914247897,-1.0344135133802497,False,17,0.6071428571428571,0.0,1.0,0.0,0.9698295668154205
~/anvil/data/cve-targets/libsndfile_repo_src_common.c,1264,1258,1275,BUF_UNION	ubuf ;,sf_read_buffer ubuf = { .ibuf = psf,	sf_read_buffer ubuf = { .ibuf = psf,1.836226224899292,"[[184, 5274, 62, 1187, 62, 10401, 17785, 3818, 405, 507, 1018, 551, 3818, 405, 265, 5274]]","[-1.0040638446807861, -1.2897379398345947, -0.015365556813776493, -2.2887744903564453, -0.36391207575798035, -1.3879057168960571, -0.5392616391181946, -6.985420623095706e-05, -0.7906067967414856, -0.3340822756290436, -1.1469048261642456, -0.4221073389053345, -0.00046075694262981415, -0.036163218319416046, -0.7134113311767578, -0.0008263748604804277]",2.277777671813965,False,0.0,-10.333654036403459,-0.6458533772752162,16.0,-10.333654036403459,-0.6458533772752162,16.0,0.39539279535274213,0,5,11,11,0.45454545454545453,-2.8431007555400996,-1.170522309998974,True,9,0.5625,29.0,0.23529411764705888,10.0,1.8220058366792249
~/anvil/data/cve-targets/libpng_repo_png.c,4005,3952,4008,image->flags |= PNG_IMAGE_FLAG_INVALID;,"/* Finally, free the image structure. */","   /* Finally, free the image structure. */
   png_free(c.png_ptr, image);
  ",1.3952784538269043,"[[243, 4535, 12252, 11, 2082, 254, 3310, 4315, 13, 1641, 185, 243, 265, 944, 62, 6630, 7, 66, 13, 6320, 62, 8856, 11, 3310, 477, 185, 243]]","[-0.031699471175670624, -0.4247366786003113, -1.8579111099243164, -0.4408271312713623, -0.9581118226051331, -0.19709834456443787, -1.3529276847839355, -1.1596872806549072, -0.6945889592170715, -0.08848913758993149, -0.009103341028094292, -0.020781397819519043, -0.290262371301651, -0.0009564354550093412, -0.0005787128466181457, -0.18502429127693176, -0.07020397484302521, -0.6123385429382324, -3.957670196541585e-05, -0.0022018731106072664, -2.5033637939486653e-05, -0.0004532501916401088, -0.002617625752463937, -0.03494764864444733, -0.002755299676209688, -0.388037770986557, -0.04441705718636513]",5.53888750076294,False,2.0,-8.870821823784354,-0.32854895643645754,27.0,-7.235962359234691,-0.6029968632695576,12.0,0.3406015472979598,1,10,15,2,0.6666666666666666,-2.313906653280837,-1.0788787660523333,True,16,0.5925925925925926,38.0,0.17721518987341767,9.0,2.061400114024559
~/anvil/data/cve-targets/sqlite3_repo_src_resolve.c,188,173,190,result = ((Bitmask)1)<<n;,result = pExTab->pCol[n].colUsed;,  result = pExTab->pCol[n].colUsed;,0.6294022798538208,"[[207, 1228, 405, 265, 1488, 14249, 12, 29, 79, 2608, 58, 77, 2975, 1314, 30668, 26, 32014]]","[-0.6141266822814941, -0.3910634517669678, -0.27106523513793945, -0.745053231716156, -0.008701148442924023, -0.00022885564249008894, -0.006877322681248188, -0.00037102968781255186, -1.9995486736297607, -1.3816214799880981, -1.5541014671325684, -0.07882155478000641, -0.7233839631080627, -1.1779903173446655, -0.06213343143463135, -0.0400882363319397, -0.2581685185432434]",5.920138835906982,False,0.0,-9.055176081106765,-0.5659485050691728,16.0,-9.055176081106765,-0.5659485050691728,16.0,0.3924345569995187,1,18,18,18,1.0,-1.1121193433966088,-1.0686445170433903,True,11,0.6875,23.0,0.4137931034482759,14.0,2.0828622588202284
~/anvil/data/cve-targets/libtiff_repo_libtiff_tif_dirread.c,4239,4220,4241,m=o->tdir_tag+1;,m=o->tdir_tag;,		m=o->tdir_tag;,0.1327555626630783,"[[184, 18299, 28, 78, 12, 29, 1735, 348, 62, 8372, 26, 32014]]","[-0.014723923057317734, -0.15393339097499847, -0.20502810180187225, -0.013108741492033005, -0.00010895135346800089, -9.179073458653875e-06, -0.0007730118231847882, -4.291525328881107e-06, -1.823885577323381e-05, -0.004683714359998703, -0.4006779193878174, -0.34991201758384705]",6.2534708976745605,False,0.0,-0.7930694637052511,-0.07209722397320464,11.0,-0.7930694637052511,-0.07209722397320464,11.0,0.01540980725148524,0,13,10,10,1.3,-1.8413408359858305,-1.0597761826127545,True,12,1.0909090909090908,2.0,0.9333333333333333,3.0,1.9868021997126806
~/anvil/data/cve-targets/php_repo_ext_phar_zip.c,144,136,159,do {,do {,	do {,0.0233543179929256,"[[184, 2848, 507, 32014]]","[-0.19734066724777222, -0.041432082653045654, -0.004323421511799097, -0.3899160623550415]",3.6673600673675537,True,0.0,-0.24309617141261697,-0.08103205713753898,3.0,-0.24309617141261697,-0.08103205713753898,3.0,0.0069933551815031005,0,3,3,3,1.0,-0.2882108491122886,-1.1305570864596193,False,2,0.6666666666666666,0.0,1.0,0.0,0.6757459741846615
~/anvil/data/cve-targets/php_repo_ext_standard_http_fopen_wrapper.c,623,564,637,if (tmp_line[tmp_line_len - 1] == '\n') {,if (response_code >= 400 && response_code < 500) {,"			if (response_code >= 400 && response_code < 500) {
				reqok = 0;
			}
		",0.4493173360824585,"[[459, 2944, 334, 8815, 62, 2108, 16684, 19, 15, 15, 2956, 4388, 62, 2108, 8086, 20, 15, 15, 8, 507, 185, 1749, 184, 10973, 541, 1412, 15, 26, 185, 459, 1839, 185, 459]]","[-0.43391257524490356, -0.6356450319290161, -0.37216636538505554, -1.2872953414916992, -0.00023100091493688524, -0.0869283527135849, -0.8729943037033081, -0.8318644762039185, -0.0006932000978849828, -0.020077219232916832, -0.44737672805786133, -0.14435285329818726, -3.4570634852570947e-06, -0.0001560327800689265, -0.06303171068429947, -0.4285091459751129, -0.004871048964560032, -0.0034300799015909433, -0.33168354630470276, -0.0030926279723644257, -0.004724530037492514, -0.004911856725811958, -0.4208826720714569, -0.635457456111908, -0.004722513258457184, -0.015398191288113594, -0.3912159204483032, -0.00018690270371735096, -0.005171730648726225, -0.0803106501698494, -0.00033182359766215086, -0.45348894596099854, -0.2073710709810257]",11.541667938232422,False,3.0,-8.19248936192298,-0.24825725339160548,33.0,-6.398834156754219,-0.27821018072844433,23.0,0.12024535849760568,1,24,25,19,0.96,-1.6150283749717578,-1.0769653109155641,True,20,0.6060606060606061,38.0,0.39560439560439564,13.0,2.106873038918235
~/anvil/data/cve-targets/libtiff_repo_libtiff_tif_predict.c,343,335,352,tmsize_t wc = cc / 4;,tmsize_t wc = cc;,	tmsize_t wc = cc;,0.4092446565628052,"[[19755, 1400, 938, 62, 83, 259, 66, 405, 26383, 26, 32014]]","[-0.7504481673240662, -0.008817072957754135, -3.6000557884108275e-05, -4.8397800128441304e-05, -1.2636104656849056e-05, -0.04295377805829048, -0.006055342499166727, -0.1340005099773407, -0.4763915240764618, -0.2171795517206192, -0.578514575958252]",3.705554485321045,False,0.0,-1.6359429810763686,-0.16359429810763687,10.0,-1.6359429810763686,-0.16359429810763687,10.0,0.05895729254742606,1,11,8,8,1.375,-2.5015826425291587,-1.1294780774461046,True,13,1.3,4.0,0.8947368421052632,3.0,1.817830137220816
~/anvil/data/cve-targets/libpng_repo_pngrutil.c,312,278,370,*/,*/,"    */
  ",0.5761208534240723,"[[315, 1641, 185, 243]]","[-0.0008635367848910391, -0.4742707908153534, -0.22674329578876495, -0.0713932141661644]",12.08645725250244,True,1.0,-0.7732708375551738,-0.19331770938879345,4.0,-0.7732708375551738,-0.19331770938879345,4.0,0.03298902371930168,0,3,3,3,1.0,-2.980176287240189,-1.0917336327559302,False,1,0.25,0.0,1.0,0.0,0.8458027067442951
~/anvil/data/cve-targets/poppler_repo_poppler_FileSpec.cc,120,88,122,if (obj1.isString()),if (obj1.isString()),    if (obj1.isString()),0.0653112530708313,"[[315, 562, 334, 8612, 16, 13, 262, 2005, 4683, 32014]]","[-0.17236320674419403, -0.022277576848864555, -0.1327536255121231, -0.009883868508040905, -3.8265450712060556e-05, -0.000860201776959002, -0.013280506245791912, -0.28897392749786377, -0.02103029564023018, -0.33481255173683167]",8.569442749023438,True,0.0,-0.6614614742247795,-0.07349571935830884,9.0,-0.6614614742247795,-0.07349571935830884,9.0,0.00927081243360899,1,16,16,16,1.0,-0.8886402315817014,-1.0001584536191908,False,8,0.8888888888888888,0.0,1.0,0.0,1.1671708721283949
~/anvil/data/cve-targets/openssl_repo_crypto_pkcs7_pk7_doit.c,519,307,546,if (PKCS7_is_detached(p7) || (in_bio != NULL)) {,if (out == NULL) {,"    if (out == NULL) {
        out = BIO_new(BIO_s_mem());
        if (out == NULL)
            goto err;
   ",0.7968642711639404,"[[315, 562, 334, 406, 2312, 4579, 8, 507, 185, 436, 631, 405, 380, 6860, 62, 1829, 7, 33, 6860, 62, 82, 62, 7253, 3705, 185, 436, 562, 334, 406, 2312, 4579, 8, 185, 655, 2138, 78, 1572, 26, 185, 315]]","[-0.013545976020395756, -0.4917629361152649, -0.04422307386994362, -1.0458893775939941, -0.028437230736017227, -0.0007426364463753998, -0.05234135314822197, -0.5250483155250549, -0.026127653196454048, -0.003567998530343175, -0.6171801090240479, -0.000992877990938723, -1.0757756233215332, -6.4490144723095e-05, -1.2159273865108844e-05, -0.006576797924935818, -0.1822005957365036, -0.006990381050854921, -0.00031394799589179456, -1.1086402082582936e-05, -0.31705379486083984, -5.245195097813848e-06, -0.12477429956197739, -0.0017888034926727414, -0.024365030229091644, -0.02045419067144394, -0.02263367548584938, -0.0045789391733706, -0.0036931897047907114, -0.0023403179366141558, -8.427741704508662e-05, -0.002172611653804779, -0.11423203349113464, -0.0003657863999251276, -0.011086649261415005, -3.576278118089249e-07, -9.65590606938349e-06, -4.088794958079234e-05, -0.03383467346429825, -0.43675804138183594]",10.705554008483888,False,4.0,-5.242077080912111,-0.13105192702280277,40.0,-2.231686551182065,-0.22316865511820652,10.0,0.11197320263177965,1,25,43,14,0.5813953488372093,-3.5706818717075772,-1.0546873163799315,True,25,0.625,33.0,0.4545454545454546,13.0,2.219625147061695
~/anvil/data/cve-targets/poppler_repo_poppler_GfxState.cc,2427,2418,2434,int i;,GfxColorTransform *func,    GfxColorTransform *func,0.365793228149414,"[[315, 452, 18498, 5709, 18150, 572, 7312]]","[-0.1218712255358696, -1.1236014366149902, -0.0026867028791457415, -1.4981749057769775, -1.1919562816619873, -1.0556637048721313, -0.25985464453697205]",8.02499771118164,False,0.0,-5.253808901878074,-0.7505441288397249,7.0,-5.253808901878074,-0.7505441288397249,7.0,0.3116232423948418,1,5,5,5,1.0,-0.4873707142508704,-1.0138648041231935,True,3,0.42857142857142855,21.0,0.13793103448275867,5.0,2.044265211101667
~/anvil/data/cve-targets/poppler_repo_poppler_FileSpec.cc,237,195,266,name->del(0);,"name->setChar(0, '\\');","            name->setChar(0, '\\');
",0.4732986986637115,"[[655, 1208, 12, 29, 1113, 8061, 7, 15, 11, 651, 2383, 3398, 185]]","[-0.03081604652106762, -0.206821009516716, -0.0011868583969771862, -1.1444026313256472e-05, -0.1950913667678833, -0.05933891609311104, -0.0011855486081913114, -0.3240656852722168, -0.0003680505615193397, -0.8637573719024658, -0.03465579077601433, -0.001423894427716732, -0.314073383808136]",7.356944561004639,False,1.0,-2.0327953666783287,-0.15636887435987143,13.0,-2.0327953666783287,-0.15636887435987143,13.0,0.05526029547103117,0,12,17,17,0.7058823529411765,-3.026808887646332,-1.030939884897744,True,7,0.5384615384615384,12.0,0.6111111111111112,6.0,2.0929705383892876
~/anvil/data/cve-targets/libxml2_repo_HTMLparser.c,2809,2772,2812,NEXT;,if (ret == NULL),        if (ret == NULL),1.227275252342224,"[[436, 562, 334, 2534, 2312, 4579, 8]]","[-0.6301514506340027, -0.8877891302108765, -0.2565000355243683, -0.3096616864204407, -0.08677304536104202, -0.004505482967942953, -0.002378731733188033]",5.640451431274414,False,0.0,-2.177759562851861,-0.3111085089788373,7.0,-2.177759562851861,-0.3111085089788373,7.0,0.09671128676384164,1,4,13,13,0.3076923076923077,-3.9448463057810725,-1.0761428616865725,True,3,0.42857142857142855,15.0,0.09523809523809523,12.0,1.9792584756252565
~/anvil/data/cve-targets/php_repo_ext_exif_exif.c,2223,2210,2256,if ((f=image_info->info_list[section_index].list[i].name) != NULL) {,if (image_info->info_list[section_index].list[i].format == TAG_FMT_STRING) {,"			if (image_info->info_list[section_index].list[i].format == TAG_FMT_STRING) {
				if ((f=image_info->info_list",0.1542238742113113,"[[459, 2944, 334, 5468, 62, 4895, 12, 29, 4895, 62, 2493, 58, 2190, 62, 3531, 2975, 2493, 58, 72, 2975, 7697, 2312, 323, 4584, 62, 37, 14703, 62, 22111, 8, 507, 185, 1749, 2944, 8178, 69, 28, 5468, 62, 4895, 12, 29, 4895, 62, 2493]]","[-0.005531599745154381, -0.1811639964580536, -0.3309226334095001, -0.17164866626262665, -1.3112935448589269e-05, -7.939023635117337e-05, -0.0004625442670658231, -1.9073468138230965e-06, -0.01143084280192852, -0.00014876213390380144, -0.0012406755704432726, -0.00028463127091526985, -0.00011169286881340668, -1.1920928244535389e-07, -1.6689286894688848e-06, -0.00024148885859176517, -0.008021639660000801, -0.006298690568655729, -0.00019333878299221396, -0.0009370227344334126, -1.1643688678741455, -0.25684043765068054, -0.020194754004478455, -0.00035375059815123677, -4.446407547220588e-05, -0.01087653823196888, -0.0001510267611593008, -7.4741430580616e-05, -1.9239977598190308, -0.31461408734321594, -0.014812254346907139, -0.279215008020401, -0.006705994252115488, -0.8549871444702148, -0.2654573321342468, -0.01076993253082037, -0.029875611886382103, -0.04232766479253769, -0.00012003655137959868, -1.1444026313256472e-05, -0.00011240804451517761, -1.6689286894688848e-06, -0.0013730631908401847, -8.809178689261898e-05, -0.00011312322021694854]",8.38194465637207,False,1.0,-5.91622163002102,-0.1314715917782449,45.0,-4.710984108457971,-0.1427570941956961,33.0,0.1454775190508619,0,39,39,32,1.0,-1.0803237140698323,-1.0048576537131275,True,28,0.6222222222222222,23.0,0.7916666666666666,10.0,2.427484100791377
~/anvil/data/cve-targets/php_repo_ext_intl_locale_locale_methods.c,408,384,489,},},"	}
	/*",0.0144777996465563,"[[1839, 185, 12740]]","[-0.014477799646556377, -0.1332773119211197, -0.6321641206741333]",9.052777290344238,True,1.0,-0.7799192322418094,-0.25997307741393644,3.0,-0.14775511156767607,-0.07387755578383803,2.0,0.0035283310291685296,1,2,4,2,0.5,-0.19597020357464998,-1.0119963078269516,False,1,0.3333333333333333,0.0,1.0,0.0,0.9709834717727875
~/anvil/data/cve-targets/sqlite3_repo_src_expr.c,5070,5063,5075,"Expr *pCopy = sqlite3ExprDup(db, pExpr, 0);","Expr *pCopy = sqlite3ExprCopy(db, pExpr);","  Expr *pCopy = sqlite3ExprCopy(db, pExpr);",0.3821396231651306,"[[207, 2066, 1006, 572, 79, 10693, 405, 15313, 547, 18, 20567, 10693, 7, 4179, 11, 265, 20567, 477, 32014]]","[-0.08857336640357971, -0.33265355229377747, -0.0005610798834823072, -0.03314701095223427, -0.006604154594242573, -0.004297426901757717, -0.574945867061615, -0.606332004070282, -6.818538531661034e-05, -0.00035613393993116915, -0.05420456454157829, -0.21685081720352173, -0.03462366387248039, -0.25708630681037903, -0.004506551194936037, -0.20934294164180756, -0.0054441047832369804, -0.06906938552856445, -0.2582557201385498]",9.497220039367676,False,0.0,-2.4986671170627233,-0.13881483983681797,18.0,-2.4986671170627233,-0.13881483983681797,18.0,0.03538409041688394,0,19,17,17,1.1176470588235294,-2.7528729897635587,-1.0233033687923305,True,20,1.1111111111111112,6.0,0.9047619047619048,3.0,2.1809083292612814
~/anvil/data/cve-targets/libxml2_repo_xzlib.c,534,470,573,},},"        }
       ",0.0004743404570035,"[[436, 611, 185, 436]]","[-0.0004637358069885522, -0.0003873551613651216, -0.04303085803985596, -0.10771255940198898]",11.748309135437012,True,1.0,-0.15159450841019861,-0.037898627102549654,4.0,-0.15159450841019861,-0.037898627102549654,4.0,0.0019271978866151288,1,2,2,2,1.0,-0.012516032723823614,-1.0825433416769092,False,1,0.25,0.0,1.0,0.0,0.7861295136120802
~/anvil/data/cve-targets/openssl_repo_crypto_asn1_a_int.c,158,85,161,},},"    }
   ",0.0012166248634457,"[[315, 611, 185, 315]]","[-0.39300158619880676, -0.0011624491307884455, -0.1289331018924713, -0.07373900711536407]",10.74236297607422,True,1.0,-0.5968361443374306,-0.14920903608435765,4.0,-0.5968361443374306,-0.14920903608435765,4.0,0.021864859544960338,1,2,2,2,1.0,-0.008153828316120628,-1.055658311859339,False,1,0.25,0.0,1.0,0.0,0.8560002517270116
~/anvil/data/cve-targets/lua_repo_ldebug.c,396,356,568,},},},0.0026593578513711,"[[92, 32014]]","[-0.0026594768278300762, -0.45150160789489746]",8.8661470413208,True,0.0,-0.0026594768278300762,-0.0026594768278300762,1.0,-0.0026594768278300762,-0.0026594768278300762,1.0,0.0,0,2,2,2,1.0,-0.999955263209015,-1.0072855778580418,False,1,1.0,0.0,1.0,0.0,0.9817282082963331
~/anvil/data/cve-targets/libsndfile_repo_src_aiff.c,1461,1448,1466,pos = psf_ftell (psf) ;,chunk_info->datalen = psf->rchunks.chunks,	chunk_info->datalen = psf->rchunks.chunks,0.2055264264345169,"[[184, 358, 5061, 62, 4895, 12, 29, 67, 2454, 255, 405, 265, 5274, 12, 29, 81, 358, 20436, 13, 358, 20436]]","[-0.2411460280418396, -0.6879133582115173, -9.536697689327411e-06, -4.172316494077677e-06, -5.8053239627042785e-05, -0.0004776767164003104, -3.099436753473128e-06, -0.2898865044116974, -0.0007583603146485984, -0.00035565727739594877, -0.0166479405015707, -0.04933084174990654, -1.0728830375228426e-06, -0.0004892344586551189, -4.291525328881107e-06, -0.00036590558011084795, -1.811964830267243e-05, -6.437280717364047e-06, -6.592056161025539e-05, -0.0003277718205936253, -2.8013790142722428e-05]",5.044444561004639,False,0.0,-1.2878979964640394,-0.06132847602209711,21.0,-1.2878979964640394,-0.06132847602209711,21.0,0.025673222124703448,0,12,16,16,0.75,-3.351239746450967,-1.0922976306944774,True,12,0.5714285714285714,34.0,0.25,13.0,1.900154498219271
~/anvil/data/cve-targets/php_repo_ext_exif_exif.c,2970,2908,2994,},},"	}
	",0.0010657589882612,"[[1839, 185, 184]]","[-0.0010658780811354518, -0.07421926409006119, -0.552956223487854]",10.617361068725586,True,1.0,-0.6282413656590506,-0.20941378855301687,3.0,-0.6282413656590506,-0.20941378855301687,3.0,0.05990260528124022,1,2,2,2,1.0,-0.0050892493547118264,-1.0523644786705657,False,1,0.3333333333333333,0.0,1.0,0.0,0.8645301883985996
~/anvil/data/cve-targets/poppler_repo_poppler_JPEG2000Stream.cc,256,202,276,const int componentPixels = priv->image->comps[component].w * priv->image->comps[component].h;,if (priv->image->comps[component].prec > 8),"            if (priv->image->comps[component].prec > 8)
                priv->image->comps[component].prec = 8;
            if (priv->image->comps[component].sgnd",0.4876425862312317,"[[655, 562, 334, 23476, 12, 29, 5468, 12, 29, 685, 829, 58, 12335, 2975, 9206, 6213, 23, 8, 185, 1044, 6188, 12, 29, 5468, 12, 29, 685, 829, 58, 12335, 2975, 9206, 1412, 23, 26, 185, 655, 562, 334, 23476, 12, 29, 5468, 12, 29, 685, 829, 58, 12335, 2975, 7648, 425]]","[-0.7024181485176086, -0.7435687780380249, -0.09164169430732727, -0.522433876991272, -5.471556869451888e-05, -4.887569048150908e-06, -0.19187858700752258, -0.0010031197452917695, -1.0847986231965479e-05, -0.04586942866444588, -0.00020251607929822057, -0.0004984090337529778, -0.01972348242998123, -0.0008771148277446628, -0.841729998588562, -1.2665646076202393, -0.26135024428367615, -0.13123412430286407, -0.715128481388092, -0.0013179434463381767, -0.20611253380775452, -8.463501580990851e-05, -3.933898824470816e-06, -0.5279895067214966, -0.002055676421150565, -5.98412734689191e-05, -0.018226636573672295, -4.51792984677013e-05, -0.00041476229671388865, -0.015057590790092945, -0.0012166248634457588, -0.2691103219985962, -0.5308610796928406, -0.09006915986537933, -0.005000584293156862, -0.20432983338832855, -0.5054552555084229, -0.5353345274925232, -0.061147771775722504, -0.21614114940166473, -2.682172998902388e-05, -9.298280929215252e-06, -0.05993650481104851, -0.000301673193462193, -1.0490362910786644e-05, -0.03189370408654213, -3.814689989667386e-06, -0.00024470672360621393, -0.007452188525348902, -0.0002602000313345343, -0.9848595857620239, -0.00043811736395582557]",12.487250328063965,False,2.0,-9.81166471633469,-0.18868585992951326,52.0,-5.5375110063960165,-0.2768755503198008,20.0,0.13716821677391616,1,41,61,26,0.6721311475409836,-1.7612338311128868,-1.1027276016175869,True,33,0.6346153846153846,58.0,0.5255474452554745,27.0,2.23799553196184
~/anvil/data/cve-targets/sqlite3_repo_src_expr.c,5439,5367,5449,|| (pRight->op==TK_COLUMN && IsVirtual(pRight->y.pTab)),|| (pRight->op==TK_COLUMN && IsVirtual(pRight->y.pTab)),        || (pRight->op==TK_COLUMN && IsVirtual(pRight->y.pTab)),0.0624881349503994,"[[294, 7623, 334, 79, 10123, 12, 29, 424, 780, 51, 42, 62, 9725, 5767, 45, 2956, 2115, 23292, 7, 79, 10123, 12, 29, 88, 13, 79, 14249, 1435, 32014]]","[-1.1087241172790527, -0.09518317878246307, -0.6945136785507202, -0.03494845703244209, -0.20602144300937653, -0.0009257083875127137, -2.0265558760002023e-06, -0.0020543676801025867, -0.0007345362100750208, -0.00014435203047469258, -4.0531076592742465e-06, -4.768370445162873e-07, -0.01235086191445589, -2.145764938177308e-06, -1.811964830267243e-05, -0.0049859946593642235, -0.004466082435101271, -0.001167450100183487, -0.0006144542712718248, -0.0008429311565123498, -0.011391361244022846, -0.00012194366718176752, -1.1920922133867862e-06, -0.0010364643530920148, -3.0278701160568744e-05, -0.00015960850578267127, -0.00017641419253777713, -0.0400841124355793, -0.6940698027610779]",2.6916677951812744,True,0.0,-2.2207058106044997,-0.07931092180730356,28.0,-2.2207058106044997,-0.07931092180730356,28.0,0.056791476605485405,1,26,26,26,1.0,-0.7878881436055255,-1.1584730652141866,False,27,0.9642857142857143,0.0,1.0,0.0,0.8695619416509132
~/anvil/data/cve-targets/php_repo_ext_phar_phar.c,698,632,1125,"if (manifest_len < 10 || manifest_len != php_stream_read(fp, buffer, manifest_len)) {",if (endbuffer - buffer < manifest_len) {,"	if (endbuffer - buffer < manifest_len) {
		MAPPHAR_ALLOC_FAIL(""internal corruption of phar \""%s\"" (truncated manifest at manifest length)"")
",0.5676944255828857,"[[2944, 334, 408, 10401, 567, 9421, 1013, 11759, 62, 6446, 8, 507, 185, 184, 184, 26959, 11914, 1522, 62, 1743, 21826, 62, 5684, 4470, 1195, 11975, 24668, 280, 1118, 268, 23838, 4, 82, 7757, 334, 648, 8551, 612, 11759, 429, 11759, 3960, 8, 2456, 185]]","[-0.5320677757263184, -0.34512487053871155, -1.2114088535308838, -0.0010720703285187483, -1.160233497619629, -0.07412806153297424, -0.5867224931716919, -0.2325812578201294, -7.033323527139146e-06, -0.002095409668982029, -0.23966829478740692, -0.031746357679367065, -0.031738389283418655, -0.0017134760273620486, -0.0978824645280838, -0.33573243021965027, -0.00012611546844709665, -4.410734163684538e-06, -2.932505594799295e-05, -0.47899189591407776, -3.0040289857424796e-05, -0.00010430268594063818, -9.893881360767409e-05, -1.4305104514278355e-06, -0.002646517474204302, -0.16769495606422424, -0.0031661877874284983, -0.0025584129616618156, -0.002669225912541151, -8.34461570775602e-06, -0.003653163556009531, -3.528532761265524e-05, -0.00011932138295378536, -0.014310824684798717, -0.009113618172705173, -0.5159831047058105, -0.0037510290276259184, -0.0019300420535728335, -0.0209992453455925, -1.1130082607269287, -0.49493542313575745, -0.25905537605285645, -0.049244146794080734, -0.006488210055977106, -0.00037091050762683153]",5.959028720855713,False,2.0,-8.035050801604825,-0.17855668448010723,45.0,-4.5481903055670045,-0.3032126870378003,15.0,0.15397795106774892,1,28,26,16,1.0769230769230769,-1.87226474963468,-1.0676060353976176,True,29,0.6444444444444445,54.0,0.512,16.0,2.191458309786691
~/anvil/data/cve-targets/libtiff_repo_libtiff_tif_predict.c,49,-106,199,PredictorSetup(TIFF* tif),PredictorSetup(TIFF* tif);,"PredictorSetup(TIFF* tif);
static int
Predictor",0.2531779408454895,"[[24059, 965, 256, 30421, 7, 22938, 3681, 9, 244, 351, 477, 185, 6412, 1097, 185, 24059, 965, 256]]","[-0.5142782330513, -0.0016632545739412308, -0.015571323223412037, -0.9441524147987366, -0.3083113729953766, -0.0023883646354079247, -6.437280717364047e-06, -0.01684957556426525, -0.006363960448652506, -9.238292841473594e-05, -0.5796282291412354, -0.0247656237334013, -0.5493326783180237, -0.30922260880470276, -0.7850682735443115, -0.1494782269001007, -0.0005690624238923192, -0.0016448076348751783]",3.188758611679077,False,2.0,-4.209386830000767,-0.2338548238889315,18.0,-2.414071172374861,-0.20117259769790508,12.0,0.09187286591788728,0,11,18,12,0.6111111111111112,-1.2585110683199474,-1.1441654933340446,True,11,0.6111111111111112,1.0,0.9803921568627451,7.0,1.7601459890001196
~/anvil/data/cve-targets/openssl_repo_crypto_asn1_a_type.c,71,54,98,case V_ASN1_NEG_ENUMERATED:,result = a->value.integer.neg - b->value.integer.neg;,"        result = a->value.integer.neg - b->value.integer.neg;
        break;",0.4470600187778473,"[[436, 1228, 405, 245, 12, 29, 2824, 13, 22599, 13, 11624, 567, 270, 12, 29, 2824, 13, 22599, 13, 11624, 26, 185, 436, 2963, 26]]","[-0.4418812096118927, -0.19564282894134521, -0.25353819131851196, -1.2087194919586182, -0.007960616610944271, -8.702239938429557e-06, -0.034348294138908386, -0.0013496108585968614, -1.0742502212524414, -0.9591372013092041, -1.3455605506896973, -1.601077914237976, -0.03441671282052994, -4.434487345861271e-05, -3.814689989667386e-06, -6.401333666872233e-05, -7.271740287251305e-06, -0.0004687402688432485, -0.00835388619452715, -0.0010845737997442484, -0.006060437764972448, -0.01045488566160202, -0.0017644088948145509, -0.025563541799783707, -2.5152843591058627e-05]",11.44410800933838,False,1.0,-7.2117866178568875,-0.2884714647142755,25.0,-7.186197923213513,-0.3124433879658049,23.0,0.25931003284112725,1,5,31,28,0.16129032258064516,-1.4308512709725687,-1.0743417951124423,True,15,0.6,50.0,0.07499999999999996,27.0,1.8974900745428553
~/anvil/data/cve-targets/poppler_repo_poppler_Parser.cc,266,188,287,length += 5000;,length += 5000;,"            length += 5000;
            dict.dict",0.332173615694046,"[[655, 3960, 23323, 20, 15, 15, 15, 26, 185, 655, 13026, 13, 13057]]","[-0.001705383649095893, -1.257350206375122, -0.40169385075569153, -0.08106954395771027, -0.5305753946304321, -0.00788669940084219, -0.00837433710694313, -0.05213305726647377, -0.43485328555107117, -0.20600339770317078, -0.8003897666931152, -0.015158339403569698, -0.00645812600851059]",10.663888931274414,True,1.0,-3.8036513885017484,-0.2925885683462883,13.0,-2.981645156396553,-0.2981645156396553,10.0,0.13757371010475178,1,7,13,7,0.5384615384615384,-1.1140615273465075,-1.0535892976304386,False,7,0.5384615384615384,0.0,1.0,0.0,0.9596766181654883
~/anvil/data/cve-targets/libxml2_repo_xmlstring.c,636,628,685,goto error;,goto error;,        goto error;,0.0166168678551912,"[[436, 2138, 78, 2179, 26, 32014]]","[-0.009051126427948475, -0.08278588950634003, -2.145764938177308e-06, -0.0006886732880957425, -0.00015805903240107, -0.1800551414489746]",6.316362857818604,True,0.0,-0.09268589401972349,-0.018537178803944697,5.0,-0.09268589401972349,-0.018537178803944697,5.0,0.001043558131816666,0,5,5,5,1.0,-0.8964075942157468,-1.058111206839669,False,3,0.6,0.0,1.0,0.0,0.8856554416673057
~/anvil/data/cve-targets/libxml2_repo_xmlmemory.c,898,874,902,"xmlGenericError(xmlGenericErrorContext,","xmlGenericError(xmlGenericErrorContext,","     xmlGenericError(xmlGenericErrorContext,",0.0142194144427776,"[[251, 11815, 18366, 3419, 7, 7056, 18366, 3419, 4828, 11, 32014]]","[-0.08472362905740738, -0.014365115202963352, -0.011347516439855099, -0.06986808776855469, -0.005411737132817507, -0.0014356792671605945, -0.029863694682717323, -0.00023457636416424066, -0.00014184899919200689, -0.0005545270396396518, -0.011361542157828808]",6.553167819976807,True,0.0,-0.21794641195447184,-0.021794641195447183,10.0,-0.21794641195447184,-0.021794641195447183,10.0,0.0008568272806158298,0,5,5,5,1.0,-0.65242709504885,-1.0518655629669247,False,9,0.9,0.0,1.0,0.0,0.9015649098936748
~/anvil/data/cve-targets/openssl_repo_crypto_x509_x509_obj.c,87,17,173,if (q[j] != 0),if (q[j] == '/' || q[j] == '+,                if (q[j] == '/' || q[j] == '+,0.6711574792861938,"[[1044, 562, 334, 80, 58, 73, 60, 2312, 11725, 6, 1550, 4652, 58, 73, 60, 2312, 651, 10]]","[-0.004044567700475454, -0.01666834019124508, -0.3572291433811188, -0.22798705101013184, -0.004215402994304895, -0.000856628583278507, -0.00719799567013979, -0.13174773752689362, -0.32891643047332764, -0.3869710862636566, -0.01279890350997448, -0.03141948580741882, -0.0002787916746456176, -3.58813522325363e-05, -0.007414087653160095, -0.0005287918029353023, -0.002512038918212056, -0.006591008976101875]",8.750173568725586,False,0.0,-1.527413373489253,-0.08485629852718073,18.0,-1.527413373489253,-0.08485629852718073,18.0,0.018160599947390676,0,17,25,25,0.68,-7.909341921993123,-1.004369347309212,True,10,0.5555555555555556,18.0,0.5116279069767442,17.0,2.2435534332886835
~/anvil/data/cve-targets/php_repo_ext_phar_phar.c,846,632,1125,efree(savebuf);,efree(savebuf);,					efree(savebuf);,0.0010255686938762,"[[1076, 184, 811, 754, 7, 13766, 9455, 477, 32014]]","[-0.00455864705145359, -0.0035113366320729256, -0.006377937737852335, -2.50339189733495e-06, -1.5020257706055418e-05, -6.23445157543756e-05, -5.483612312673358e-06, -2.4437606043647975e-05, -0.048613447695970535]",15.90555477142334,True,0.0,-0.014557710805092938,-0.0018197138506366173,8.0,-0.014557710805092938,-0.0018197138506366173,8.0,5.912839458268135e-06,0,9,9,9,1.0,-0.5635878924136397,-1.201107874335256,False,6,0.75,0.0,1.0,0.0,0.5580204458026932
~/anvil/data/cve-targets/libxml2_repo_xmlmemory.c,415,405,446,TEST_POINT,if (block >= MAX_BLOCKS,    if (block >= MAX_BLOCKS,0.912957489490509,"[[315, 562, 334, 4996, 17237, 21234, 62, 33, 17500, 50]]","[-0.08765024691820145, -0.5138247609138489, -0.5609130859375, -1.1398115158081055, -0.6895310282707214, -1.4225823879241943, -0.16654592752456665, -0.3878556191921234, -0.007206162437796593, -0.2807674705982208]",7.572224140167236,False,0.0,-5.256688205525279,-0.525668820552528,10.0,-5.256688205525279,-0.525668820552528,10.0,0.18784606612641458,1,2,7,7,0.2857142857142857,-1.7367541193158533,-1.0254062815383094,True,4,0.4,21.0,0.12121212121212122,6.0,2.04881107536818
~/anvil/data/cve-targets/libsndfile_repo_src_common.c,594,470,684,return count ;,break ;,"						break ;
					header_put",2.0532472133636475,"[[4552, 20702, 6203, 185, 1076, 184, 7301, 62, 915]]","[-0.008408264257013798, -0.0034855585545301437, -0.0008357845945283771, -0.6329870820045471, -0.04028702899813652, -0.7144520878791809, -0.42379701137542725, -4.494089080253616e-05, -0.0023688608780503273]",13.157509803771973,False,1.0,-1.826666619432217,-0.20296295771469078,9.0,-1.4004558062879369,-0.2334093010479895,6.0,0.09765693537215403,1,5,7,4,0.7142857142857143,-8.79676689893988,-1.1213611224026485,True,3,0.3333333333333333,11.0,0.38095238095238093,3.0,1.9768047021626876
~/anvil/data/cve-targets/poppler_repo_poppler_JPEG2000Stream.cc,215,202,276,if (oLen.isInt()) bufSize = oLen.getInt();,if (oLen.isInt()),"    if (oLen.isInt())
        bufSize = oLen.getInt();
    if (bufSize < BU",0.3687372505664825,"[[315, 562, 334, 78, 21356, 13, 262, 3373, 4683, 185, 436, 23350, 5142, 405, 269, 21356, 13, 703, 3373, 1293, 185, 315, 562, 334, 9455, 5142, 1013, 29442]]","[-0.014441963285207748, -0.8487510681152344, -0.14414706826210022, -0.18953076004981995, -0.00026174934464506805, -0.05340997502207756, -0.011980011127889156, -0.4291139543056488, -0.21496149897575378, -0.5742007493972778, -0.002181176096200943, -0.00940735824406147, -2.52720492426306e-05, -0.03394138440489769, -0.3831652104854584, -0.0007689617923460901, -0.0004986473359167576, -0.006388835143297911, -0.0044122012332081795, -0.1355268359184265, -0.05704294517636299, -0.03412320092320442, -1.2883857488632202, -0.05635934695601463, -0.23841267824172974, -7.211902266135439e-05, -1.4731404781341553, -0.3045556843280792]",10.761112213134766,False,2.0,-6.509206882234139,-0.23247167436550495,28.0,-2.4829799739818554,-0.22572545218016868,11.0,0.07089728721936729,1,27,32,16,0.84375,-1.633565231590123,-1.056153247544708,True,17,0.6071428571428571,25.0,0.576271186440678,12.0,2.1848784023997476
~/anvil/data/cve-targets/poppler_repo_poppler_XRef.cc,1483,1472,1489,gen = -1;,length = 0;,        length = 0;,1.8566194772720337,"[[436, 3960, 1412, 15, 26, 32014]]","[-0.0028826133348047733, -1.470152497291565, -0.03189082071185112, -0.032707419246435165, -0.0029093578923493624, -0.3871615529060364]",9.46111297607422,False,0.0,-1.5405427084770054,-0.3081085416954011,5.0,-1.5405427084770054,-0.3081085416954011,5.0,0.33775951430134254,0,7,7,7,1.0,-6.025861753315183,-1.0223800735858701,True,5,1.0,6.0,0.6,2.0,2.2317794791483268
~/anvil/data/cve-targets/libxml2_repo_xmlmemory.c,768,733,772,},},"	}
   ",0.09092877805233,"[[1839, 185, 315]]","[-0.09092866629362106, -0.6977511644363403, -1.1706287860870361]",5.139584541320801,True,1.0,-1.9593086168169975,-0.6531028722723325,3.0,-1.9593086168169975,-0.6531028722723325,3.0,0.19528879311023375,0,2,2,2,1.0,-0.13922581252163638,-1.089702688575018,False,1,0.3333333333333333,0.0,1.0,0.0,0.7788872949279521
~/anvil/data/cve-targets/php_repo_ext_phar_phar.c,1513,1391,1530,},},"			}
		",0.0008632985409349,"[[459, 1839, 185, 459]]","[-0.05051092803478241, -0.0008237544680014253, -0.5731555223464966, -0.2476978898048401]",11.759723663330078,True,1.0,-0.8721880946541205,-0.21804702366353013,4.0,-0.8721880946541205,-0.21804702366353013,4.0,0.050558877929579575,0,2,2,2,1.0,-0.003959231024712642,-1.082852303787246,False,1,0.25,0.0,1.0,0.0,0.7853763893002453
~/anvil/data/cve-targets/php_repo_ext_standard_dns.c,272,117,422,# define PHP_DNS_NS     0x00000002,# define PHP_DNS_NS      0x00000002,"# define PHP_DNS_NS      0x00000002
# define PHP_DNS_CNAME  ",0.0075015258044004,"[[2, 5928, 14096, 62, 35, 5605, 62, 5605, 1032, 15, 87, 15, 15, 15, 15, 15, 15, 15, 17, 185, 2, 5928, 14096, 62, 35, 5605, 62, 34, 8648, 243]]","[-0.0029778205789625645, -0.004248522222042084, -0.004010136239230633, -5.960462772236497e-07, -0.00011062010162277147, -1.5497195136049413e-06, -1.7881377516459906e-06, -0.01945345103740692, -0.5371260643005371, -8.463501580990851e-05, -0.0001456631434848532, -0.0006145734223537147, -0.00285705691203475, -0.0004483648226596415, -0.006439767777919769, -0.003258516313508153, -0.010835383087396622, -0.07673190534114838, -0.013708846643567085, -0.017291974276304245, -0.0014641289599239826, -0.0005131834768690169, -0.0026188145857304335, -1.7881377516459906e-06, -3.135155202471651e-05, -1.6689286894688848e-06, -4.529942543740617e-06, -0.3570089638233185, -0.013188510201871395, -0.02731895260512829]",11.242198944091797,False,1.0,-1.1024991273533828,-0.03674997091177943,30.0,-0.7003472351395317,-0.03501736175697658,20.0,0.013547726905525179,0,5,8,5,0.625,-0.2142230433138172,-1.0689324752917166,True,19,0.6333333333333333,1.0,0.9855072463768116,0.0,1.8564271239497412
~/anvil/data/cve-targets/poppler_repo_poppler_GfxState.cc,4279,4099,4307,if (typeA == 5 && nVerticesA > 0) {,if (nVerticesA == vertSize) {,"    if (nVerticesA == vertSize) {
        vertSize = nVerticesA;
        vertices",0.785077691078186,"[[315, 562, 334, 77, 10681, 1218, 32, 2312, 7013, 5142, 8, 507, 185, 436, 7013, 5142, 405, 291, 10681, 1218, 32, 26, 185, 436, 13631]]","[-0.006659220438450575, -0.27710288763046265, -0.04898741841316223, -0.9531463384628296, -0.3567018508911133, -1.811964830267243e-05, -6.770858453819528e-05, -1.538855791091919, -0.18750764429569244, -3.2782016205601394e-05, -0.07086851447820663, -0.005432960111647844, -0.08632328361272812, -0.0391288585960865, -1.0735117197036743, -0.0002643712505232543, -0.44777995347976685, -0.6536222696304321, -0.017058083787560463, -5.94836674281396e-05, -7.807903602952138e-05, -0.09066729247570038, -0.010878306813538074, -0.20873436331748962, -0.06994656473398209]",11.663890838623049,False,2.0,-6.14343386616747,-0.2457373546466988,25.0,-3.5708333782713453,-0.2550595270193818,14.0,0.18724643656018844,1,19,17,13,1.1176470588235294,-3.0780175132157623,-1.0802610891940632,True,15,0.6,22.0,0.59375,8.0,2.0835913454623034
~/anvil/data/cve-targets/poppler_repo_poppler_SplashOutputDev.cc,3329,3315,3489,GfxRGB rgb;,GfxRGB rgb;,    GfxRGB rgb;,0.0750072374939918,"[[315, 452, 18498, 49, 6691, 427, 17152, 26, 32014]]","[-0.0016387379728257656, -0.3711887001991272, -0.0009501233580522239, -0.10710880160331726, -0.0037150431890040636, -0.04289165139198303, -7.188061863416806e-05, -0.0018283093813806772, -0.06205299124121666]",12.542359352111816,True,0.0,-0.5293932477143244,-0.06617415596429055,8.0,-0.5293932477143244,-0.06617415596429055,8.0,0.014510203322413795,0,5,5,5,1.0,-1.133482345199353,-1.1042479047052465,False,7,0.875,0.0,1.0,0.0,0.7732314994439251
~/anvil/data/cve-targets/libsndfile_repo_src_common.c,178,84,318,"log_putchar (psf, lead_char) ;","log_putchar (psf, lead_char) ;","							log_putchar (psf, lead_char) ;",0.0009481679880991,"[[10139, 184, 2022, 62, 915, 5897, 334, 829, 69, 11, 2012, 62, 5897, 8, 6203, 32014]]","[-0.027471128851175308, -0.0010542079107835889, -0.0011700696777552366, -6.6756979322235566e-06, -5.960462772236497e-07, -1.4305104514278355e-06, -5.924526340095326e-05, -1.4185804502631072e-05, -5.1377883210079744e-05, -1.4305012882687151e-05, -0.01050997618585825, -1.4305104514278355e-06, -7.152555099310121e-07, -0.0004505096294451505, -0.000205018965061754, -0.47418367862701416]",16.180599212646484,True,0.0,-0.04101087320469787,-0.0027340582136465247,15.0,-0.04101087320469787,-0.0027340582136465247,15.0,5.0381894613757915e-05,0,11,11,11,1.0,-0.34679875628342594,-1.2093952853650887,False,13,0.8666666666666667,0.0,1.0,0.0,0.5592287827621776
~/anvil/data/cve-targets/libxml2_repo_xmlstring.c,649,628,685,goto error;,goto error;,"                goto error;
            if ((",0.0001606510486453,"[[1044, 2138, 78, 2179, 26, 185, 655, 562, 8178]]","[-0.0023082061670720577, -0.0005878866068087518, -3.576278118089249e-07, -4.088794958079234e-05, -1.7881233361549675e-05, -0.22572344541549683, -0.0019243309507146478, -0.02583680860698223, -0.019428664818406105]",10.378472328186035,True,1.0,-0.27586846937623477,-0.030652052152914975,9.0,-0.23060299595084643,-0.03294328513583521,7.0,0.006194804575589581,0,5,8,5,0.625,-0.004876594668166419,-1.0460982582917575,False,3,0.3333333333333333,0.0,1.0,0.0,0.9147710482559933
~/anvil/data/cve-targets/openssl_repo_crypto_evp_encode.c,247,239,250,ctx->length = 0;,ctx->line_num = 0;,"    ctx->line_num = 0;
    ctx",0.6902908682823181,"[[315, 20803, 12, 29, 1027, 62, 6487, 1412, 15, 26, 185, 315, 20803]]","[-0.0234069786965847, -0.0551624558866024, -0.00010895135346800089, -7.152531907195225e-06, -1.3700693845748901, -0.021046286448836327, -0.24903827905654907, -0.021886130794882774, -0.01247754879295826, -0.0017006233101710677, -0.011413635686039925, -0.06733789294958115, -0.012841153889894485]",9.339585304260254,False,1.0,-1.8464964739723655,-0.14203819030556658,13.0,-1.833655320082471,-0.1528046100068726,12.0,0.13902126543081503,0,10,13,10,0.7692307692307693,-4.517474101411413,-1.0192786006550858,True,7,0.5384615384615384,6.0,0.7647058823529411,1.0,2.127710878563843
~/anvil/data/cve-targets/lua_repo_ldebug.c,776,747,794,const Proto *p = ci_func(ci)->p;,int p = L->oldpc;,    int p = L->oldpc;,2.077585458755493,"[[315, 1097, 265, 405, 412, 12, 29, 839, 6338, 26, 32014]]","[-0.006637668237090111, -1.5052484273910522, -0.606613039970398, -0.08118704706430435, -1.1323730945587158, -0.03787591680884361, -5.3165931603871286e-05, -1.3005934953689575, -0.025335531681776047, -0.6979461908340454, -0.5083679556846619]",6.179861068725586,False,0.0,-5.393863577846787,-0.5393863577846787,10.0,-5.393863577846787,-0.5393863577846787,10.0,0.31940288018764,1,20,11,11,1.8181818181818181,-3.8517575180958854,-1.0617282267704857,True,15,1.5,23.0,0.44897959183673475,12.0,2.3050820901361013
~/anvil/data/cve-targets/openssl_repo_crypto_mdc2_mdc2dgst.c,45,36,69,if (i + len < MDC2_BLOCK) {,if (i < (int)len) {,        if (i < (int)len) {,0.3310817778110504,"[[436, 562, 334, 72, 1013, 334, 569, 8, 6446, 8, 507, 32014]]","[-0.002850043587386608, -0.33061665296554565, -0.13274109363555908, -0.7976219058036804, -0.886454164981842, -0.4922519326210022, -0.013223097659647465, -0.029882902279496193, -0.4816334843635559, -0.016511112451553345, -0.005183827131986618, -0.2915974259376526]",7.993229389190674,False,0.0,-3.1889702174812555,-0.2899063834073869,11.0,-3.1889702174812555,-0.2899063834073869,11.0,0.10000769691651103,1,16,18,18,0.8888888888888888,-1.1420299681563146,-1.014670343552618,True,14,1.2727272727272727,16.0,0.5652173913043479,8.0,2.1628231333048547
~/anvil/data/cve-targets/libtiff_repo_libtiff_tif_print.c,518,208,627,for (i = 1; i < td->td_samplesperpixel; i++),for (i = 0; i < n; i++),				for (i = 0; i < n; i++),0.237983301281929,"[[1749, 11635, 334, 72, 1412, 15, 26, 460, 1013, 291, 26, 460, 3868, 8, 32014]]","[-0.007579023949801922, -0.06929342448711395, -0.10111366957426071, -0.0034039432648569345, -0.055167533457279205, -0.2667617201805115, -0.0018374717328697443, -0.014694438315927982, -0.18646535277366638, -0.661191999912262, -0.05728984624147415, -0.011996502056717873, -0.01416027545928955, -0.006213868968188763, -0.4617106020450592]",9.350696563720703,False,0.0,-1.4571690703742206,-0.10408350502673004,14.0,-1.4571690703742206,-0.10408350502673004,14.0,0.029532946327958606,1,23,20,20,1.15,-2.286465095701876,-1.0195617767086564,True,21,1.5,23.0,0.6268656716417911,5.0,2.218002633890232
~/anvil/data/cve-targets/sqlite3_repo_src_expr.c,5438,5367,5449,if( (pLeft->op==TK_COLUMN && IsVirtual(pLeft->y.pTab)),if( pLeft->op==TK_COLUMN && IsVirtual(pLeft->y.pTab),      if( pLeft->op==TK_COLUMN && IsVirtual(pLeft->y.pTab),0.1048384681344032,"[[730, 562, 7, 265, 12332, 12, 29, 424, 780, 51, 42, 62, 9725, 5767, 45, 2956, 2115, 23292, 7, 79, 12332, 12, 29, 88, 13, 79, 14249, 8, 32014]]","[-0.010975939221680164, -0.2798606753349304, -0.035337697714567184, -0.7578608989715576, -0.7558557987213135, -0.02415943704545498, -5.125986263010418e-06, -0.07549405843019485, -0.016893180087208748, -0.00758375646546483, -3.6477376852417365e-05, -2.8013790142722428e-05, -0.6722750663757324, -0.00016902448260225356, -0.00011884459672728553, -0.5708483457565308, -0.34933164715766907, -0.03132544457912445, -0.004021771717816591, -0.004008117597550154, -0.021712573245167732, -0.0007445423980243504, -5.483612312673358e-06, -0.008553653955459595, -2.2649508537142538e-05, -0.0003933132975362241, -0.0011730464175343513, -0.149651899933815, -0.8025776147842407]",9.17013931274414,False,0.0,-3.7784464837777705,-0.1349445172777775,28.0,-3.7784464837777705,-0.1349445172777775,28.0,0.058782777989758284,1,27,24,24,1.125,-0.7769005384531311,-1.0149699163863461,True,28,1.0,2.0,0.9811320754716981,3.0,2.258684116330832
~/anvil/data/cve-targets/php_repo_ext_exif_exif.c,1807,1770,1852,typedef struct {,typedef struct {,"typedef struct {
	char",0.09079559892416,"[[20178, 2784, 507, 185, 184, 5897]]","[-0.1460847556591034, -0.0038564850110560656, -0.12096557021141052, -0.16561369597911835, -0.35279762744903564, -0.656353235244751]",8.002779960632324,True,1.0,-1.445671369554475,-0.24094522825907916,6.0,-0.789318134309724,-0.1578636268619448,5.0,0.012655547257737567,0,4,5,4,0.8,-0.5751521153353631,-1.0144281054325293,False,3,0.5,0.0,1.0,0.0,0.9969663099474315
~/anvil/data/cve-targets/php_repo_ext_exif_exif.c,1920,1911,1921,return info->offset_base + offset;,return info->valid_start + offset;,"	return info->valid_start + offset;
}

/* Try",0.5589447617530823,"[[3404, 6382, 12, 29, 4605, 62, 4779, 945, 8813, 26, 185, 92, 185, 185, 4350, 10624]]","[-0.40230879187583923, -0.6342835426330566, -0.005171374883502722, -4.887569048150908e-06, -0.6601387858390808, -0.007838679477572441, -0.05347099527716637, -0.012250655330717564, -0.06813129782676697, -0.013624768704175949, -0.6646860241889954, -0.0032656455878168344, -0.2541336119174957, -0.42612114548683167, -1.1549100875854492, -1.7652782201766968]",3.747223377227783,False,3.0,-6.125618514360212,-0.3828511571475133,16.0,-2.521909803605922,-0.2292645276005384,11.0,0.07922719691072,1,11,18,11,0.6111111111111112,-2.437990593673374,-1.1283020875818803,True,10,0.625,10.0,0.7647058823529411,1.0,1.8396484813569909
~/anvil/data/cve-targets/openssl_repo_ssl_record_rec_layer_s3.c,1302,1129,1598,if (!peek) {,len -= n;,"            len -= n;
            if (len == ",0.953734576702118,"[[655, 10405, 567, 28, 291, 26, 185, 655, 562, 334, 6446, 7400]]","[-0.002358514117076993, -1.0717650651931763, -0.0054444605484604836, -0.0001842805795604363, -0.022932907566428185, -0.00028772983932867646, -0.017571140080690384, -0.0028493304271250963, -0.7638940811157227, -0.12085803598165512, -1.066066861152649, -0.8075676560401917]",8.516666412353516,False,1.0,-3.881780062642065,-0.32348167188683874,12.0,-1.1233934283518465,-0.14042417854398082,8.0,0.12397585737436052,1,12,11,7,1.0909090909090908,-6.791811685075364,-1.0014789420411836,True,6,0.5,12.0,0.19047619047619047,11.0,2.2296604562356164
~/anvil/data/cve-targets/libsndfile_repo_src_wav.c,902,828,934,"psf_binheader_writef (psf, ""44"", BHW4 (psf->instrument->loop_count), BHW4 (0)) ;","psf_binheader_writef (psf, ""44"", BHW4 (0), BHW4 (0)) ; /* SMTPE format */","		psf_binheader_writef (psf, ""44"", BHW4 (0), BHW4 (0)) ; /* SMTPE format */
		psf_binheader_writef (psf, ""44"", BHW4 (0), B",0.1712414473295211,"[[184, 184, 829, 69, 62, 4159, 7301, 62, 6449, 69, 334, 829, 69, 11, 440, 19, 19, 950, 380, 39, 54, 19, 334, 15, 650, 380, 39, 54, 19, 334, 15, 1435, 6203, 4535, 6503, 51, 3855, 4797, 1641, 185, 184, 184, 829, 69, 62, 4159, 7301, 62, 6449, 69, 334, 829, 69, 11, 440, 19, 19, 950, 380, 39, 54, 19, 334, 15, 650, 380]]","[-0.005755282007157803, -0.15688754618167877, -0.1774594634771347, -5.113947918289341e-05, -0.007415034342557192, -0.01358701940625906, -2.95634672511369e-05, -3.611976353568025e-05, -0.0002356490003876388, -0.0009953788248822093, -0.00011669908417388797, -1.6093124941107817e-05, -4.768370445162873e-07, -3.373566141817719e-05, -0.001068616984412074, -0.24453715980052948, -0.31757640838623047, -0.11151868849992752, -0.0031714164651930332, -7.724463648628443e-05, -4.088794958079234e-05, -0.01081722229719162, -0.027062218636274338, -0.5081323981285095, -0.02639368362724781, -0.0015448314370587468, -4.172238186583854e-05, -8.344646857949556e-07, -0.006114111747592688, -0.01480884850025177, -0.3722735047340393, -0.011343508958816528, -0.000798859924543649, -0.5088309645652771, -2.3615822792053223, -0.6185356974601746, -0.2280069887638092, -0.8597768545150757, -0.18680235743522644, -0.05571936443448067, -0.004111528396606445, -0.10272380709648132, -0.11387509107589722, -1.3708974620385561e-05, -0.008260607719421387, -0.01139866840094328, -4.577531944960356e-05, -7.915183232398704e-05, -0.0001250427303602919, -0.0007909983396530151, -0.00013243274588603526, -2.1576648578047752e-05, -1.0728830375228426e-06, -2.312633478140924e-05, -0.0009482178138568997, -0.20787115395069122, -0.2129799872636795, -0.09840884804725647, -0.002936458447948098, -3.4689302992774174e-05, -7.319182623177767e-05, -0.008078874088823795, -0.017098749056458473, -0.3586276173591614, -0.016535969451069832, -0.0015424508601427078]",7.372395992279053,False,1.0,-8.00593467056376,-0.12130204046308729,66.0,-6.946031210090496,-0.16538169547834514,42.0,0.15566173173932435,1,34,46,29,0.7391304347826086,-1.0354316832599122,-1.0305417243850787,True,41,0.6212121212121212,40.0,0.6928104575163399,8.0,2.3061385103136334
~/anvil/data/cve-targets/libtiff_repo_libtiff_tif_jbig.c,71,39,108,{,{,	{,0.004577515181154,"[[5849, 32014]]","[-0.004577633924782276, -0.10067709535360336]",8.193586349487305,True,0.0,-0.004577633924782276,-0.004577633924782276,1.0,-0.004577633924782276,-0.004577633924782276,1.0,0.0,0,2,2,2,1.0,-0.9999740600427585,-1.0096006443777426,False,1,1.0,0.0,1.0,0.0,0.9759601176901229
~/anvil/data/cve-targets/php_repo_ext_phar_phar.c,2299,2285,2321,"written = php_stream_write(newfile, ZSTR_VAL(newstub), phar->halt_offset);",},"		}
		if (newstub) {
			newstub->data = (char *) phar->halt_offset;
			newstub->data_length = phar-",0.3782039582729339,"[[184, 1839, 185, 184, 2944, 334, 1829, 292, 458, 8, 507, 185, 459, 184, 1829, 292, 458, 12, 29, 2448, 405, 334, 5897, 12376, 1118, 268, 12, 29, 71, 2353, 62, 9668, 26, 185, 459, 184, 1829, 292, 458, 12, 29, 2448, 62, 4082, 405, 1118, 268, 12]]","[-0.5528813600540161, -0.000454799213912338, -0.0106733413413167, -0.10123918205499649, -0.3930762708187103, -0.40714097023010254, -0.698958158493042, -0.037231456488370895, -1.9073304429184645e-05, -0.17357462644577026, -0.006001072935760021, -0.005591822322458029, -0.004038512706756592, -0.36182910203933716, -1.2724850177764893, -0.5275062322616577, -0.0011625682236626744, -0.5846070051193237, -6.079655122448457e-06, -1.4041532278060913, -0.43715110421180725, -1.0811166763305664, -0.544396698474884, -0.5324993133544922, -1.6104921102523804, -0.0015958918957039714, -0.4855625629425049, -1.2755313036905136e-05, -0.7372556328773499, -0.003863491117954254, -0.007864581421017647, -0.01724967546761036, -0.32987526059150696, -0.07816029340028763, -0.1509992778301239, -0.16931821405887604, -0.571947455406189, -0.07222355902194977, -0.00011526874004630372, -0.03396431356668472, -6.198863957251888e-06, -0.5628435611724854, -0.49987858533859253, -0.39330410957336426, -0.022409657016396523, -0.7721883058547974, -0.0001867835089797154, -0.003688676515594125]",12.268229484558104,False,3.0,-15.662799893410465,-0.326308331112718,48.0,-0.6652486826642416,-0.1663121706660604,4.0,0.05135058622235734,0,24,34,2,0.7058823529411765,-2.2740606220114388,-1.0967060938717148,True,29,0.6041666666666666,74.0,0.0,23.0,2.046722944874247
~/anvil/data/cve-targets/lua_repo_liolib.c,171,162,172,return 0;,return 0;,  return 0;,0.0487161092460155,"[[207, 967, 207, 15, 26, 32014]]","[-0.019089670851826668, -0.11830466240644455, -0.03645153343677521, -0.01738734170794487, -0.0004478881892282516, -0.6564151644706726]",6.87430477142334,True,0.0,-0.19168109659221955,-0.03833621931844391,5.0,-0.19168109659221955,-0.03833621931844391,5.0,0.0017286629335131931,0,5,5,5,1.0,-1.270759352698552,-1.0434545492307492,False,4,0.8,0.0,1.0,0.0,0.9277193935386512
~/anvil/data/cve-targets/php_repo_ext_exif_exif.c,1917,1911,1921,if ((offset + length) > (info->valid_end - info->valid_start)) {,if (offset + length > info->valid_end) {,	if (offset + length > info->valid_end) {,0.2962871491909027,"[[2944, 334, 9668, 945, 3960, 1938, 6382, 12, 29, 4605, 62, 408, 8, 507, 32014]]","[-0.20605355501174927, -0.31649625301361084, -0.49017220735549927, -0.9708811044692993, -0.00936401728540659, -0.0973426029086113, -0.04906312748789787, -0.0003093002596870065, -6.9141146923357155e-06, -0.15885290503501892, -0.00015567521040793508, -0.585193395614624, -0.8271793127059937, -0.014743775129318237, -0.1619846224784851]",3.228471279144287,False,0.0,-3.7258141456018166,-0.26612958182870117,14.0,-3.7258141456018166,-0.26612958182870117,14.0,0.09986118747251296,1,31,19,19,1.631578947368421,-1.1133191100176643,-1.1430301104467948,True,23,1.6428571428571428,24.0,0.7692307692307692,12.0,1.9957696028433571
~/anvil/data/cve-targets/openssl_repo_ssl_record_rec_layer_s3.c,798,589,1025,|| (eivlen > 0,|| !WPACKET_put_bytes_u,                || !WPACKET_put_bytes_u,0.8242111206054688,"[[474, 7623, 2069, 54, 47, 9101, 2421, 62, 915, 62, 18921, 62, 84]]","[-0.19444619119167328, -0.07055051624774933, -0.15347899496555328, -0.05266123265028, -0.00011765264935093, -2.9682672902708873e-05, -5.245195097813848e-06, -2.706014311115723e-05, -0.5418174266815186, -0.000709401210770011, -0.1440596580505371, -0.012416680343449116, -0.028265733271837234]",5.251041889190674,False,0.0,-1.1985854752738305,-0.09219888271337158,13.0,-1.1985854752738305,-0.09219888271337158,13.0,0.02106772427458062,0,7,5,5,1.4,-8.939491416265652,-1.0866705306994358,True,7,0.5384615384615384,20.0,0.21621621621621623,5.0,1.935498282498996
~/anvil/data/cve-targets/libsndfile_repo_src_common.c,611,470,684,"if (psf->header.indx + (sf_count_t) size > psf->header.len && psf_bump_header_allocation (psf, size))",size = (size & 1) ? size : size + 1 ;,"					size = (size & 1) ? size : size + 1 ;
					size = (size > 254) ? 254 : size ;
					if (psf->header.indx + (sf_count_t) size > psf->header.len && psf",0.0808582380414009,"[[1076, 184, 3017, 405, 334, 3017, 573, 207, 16, 8, 3015, 2398, 1191, 2398, 4536, 16, 6203, 185, 1076, 184, 3017, 405, 334, 3017, 6213, 17, 20, 19, 8, 3015, 207, 17, 20, 19, 1191, 2398, 6203, 185, 1076, 2944, 334, 829, 69, 12, 29, 7301, 13, 513, 87, 945, 334, 5274, 62, 4241, 62, 83, 8, 2398, 1938, 265, 5274, 12, 29, 7301, 13, 6446, 2956, 265, 5274]]","[-0.09715494513511658, -0.23838412761688232, -0.0318998247385025, -0.10241943597793579, -0.04002673178911209, -0.0056834532879292965, -0.269838809967041, -0.0062274932861328125, -0.02670363336801529, -0.0038437785115092993, -0.004728089552372694, -0.04679608717560768, -0.1695915162563324, -0.01624431647360325, -0.008298558183014393, -0.0028834454715251923, -0.0016801540041342378, -0.05238264426589012, -0.052370086312294006, -0.18833447992801666, -0.009285243228077888, -0.029169242829084396, -0.019256550818681717, -0.0019422968616709113, -0.027943631634116173, -0.03670046851038933, -0.005380316637456417, -0.07694430649280548, -0.0016824151389300823, -0.0001776060671545565, -0.0010582567192614079, -0.0003856868715956807, -0.00011979816190432757, -0.003950293175876141, -0.00040987672400660813, -0.0016367146745324135, -0.0019490785198286176, -0.06611748039722443, -0.023206427693367004, -0.0866737961769104, -0.013254390098154545, -0.028136394917964935, -1.1920922133867862e-06, -0.000662703241687268, -5.006777428206988e-06, -0.012053037993609905, -4.6491513785440475e-06, -0.0005208089714869857, -9.536738616588991e-07, -0.012145492248237133, -0.019653119146823883, -0.008532732725143433, -2.3841855067985307e-07, -1.9550132492440753e-05, -2.3841855067985307e-07, -8.344646857949556e-07, -0.00031251792097464204, -0.013194745406508446, -0.306304007768631, -0.0007658647373318672, -2.1457441107486375e-05, -6.6756979322235566e-06, -8.344646857949556e-07, -3.302042750874534e-05, -1.0847986231965479e-05, -5.674201020156033e-05, -0.006034843623638153, -0.0060667176730930805, -3.3378546504536644e-06]",8.705728530883789,False,2.0,-2.1872840541186065,-0.03169976890026966,69.0,-1.3654916113009676,-0.06827458056504838,20.0,0.006601647433455036,1,42,67,21,0.6268656716417911,-1.1843095537491215,-1.0032539862360703,True,44,0.6376811594202898,83.0,0.30434782608695654,41.0,2.4565401853561784
~/anvil/data/cve-targets/sqlite3_repo_src_sqliteInt.h,3863,3708,4013,# define SQLITE_CORRUPT_PGNO(P) sqlite3CorruptError(__LINE__),# define SQLITE_CORRUPT_PGNO(P) SQLITE_CORRUPT,"# define SQLITE_CORRUPT_PGNO(P) SQLITE_CORRUPT
#endif
#define SQLITE_MISUSE_PGNO",0.2638444006443023,"[[2, 5928, 5975, 14928, 62, 34, 1692, 49, 6049, 51, 62, 16250, 8322, 7, 47, 8, 5975, 14928, 62, 34, 1692, 49, 6049, 51, 185, 2, 9239, 185, 2, 5388, 5975, 14928, 62, 44, 2713, 15778, 62, 16250, 8322]]","[-0.04197371378540993, -0.006435859017074108, -0.006081173196434975, -1.645074735279195e-05, -4.339123915997334e-05, -0.02004789188504219, -0.00028308198670856655, -9.059865078597795e-06, -1.0013530300057027e-05, -6.318072337307967e-06, -6.842378934379667e-05, -0.0035239283461123705, -1.6927575416048057e-05, -0.18858486413955688, -0.11705765873193741, -0.002645209664478898, -0.9897395372390747, -0.00024577934527769685, -0.0012481764424592257, -0.7555949091911316, -0.05484224483370781, -0.00040368037298321724, -0.00029416524921543896, -0.0005859803641214967, -0.49035555124282837, -0.0005656072753481567, -0.021672679111361504, -0.0192655548453331, -1.081774353981018, -0.9969803094863892, -0.24157726764678955, -0.0015673269517719746, -0.002290722681209445, -0.984239935874939, -0.038061611354351044, -0.003851616056635976, -0.015042794868350029, -0.15258289873600006, -0.0076812379993498325]",12.89513874053955,False,2.0,-6.24726790672139,-0.16018635658259975,39.0,-2.6801139898525435,-0.10720455959410174,25.0,0.06232697555185232,0,9,14,9,0.6428571428571429,-2.4611304000806573,-1.1140298747792778,True,25,0.6410256410256411,27.0,0.6728971962616823,1.0,1.8169701451552565
~/anvil/data/cve-targets/libxml2_repo_valid.c,713,599,739,"xmlValidBuildAContentModel(content, ctxt, name);","xmlAutomataNewEpsilon(ctxt->am, ctxt->state, oldend);","	    xmlAutomataNewEpsilon(ctxt->am, ctxt->state, oldend);",0.1363061219453811,"[[10212, 11815, 6191, 283, 747, 4843, 36, 4172, 7, 296, 530, 12, 29, 302, 11, 258, 9313, 12, 29, 4968, 11, 1705, 408, 477]]","[-0.008006738498806953, -0.7439976334571838, -0.35970816016197205, -4.0531076592742465e-06, -1.311301275563892e-06, -0.00505431555211544, -0.1029244065284729, -9.095255518332124e-05, -0.00022110878489911556, -2.002696055569686e-05, -3.3378546504536644e-06, -5.006777428206988e-06, 0.0, -1.2636104656849056e-05, -1.2993727978027891e-05, -0.39372506737709045, -4.053033626405522e-05, -2.9802276912960224e-06, -1.1920928244535389e-07, -4.7801782784517854e-05, -0.00014733182615600526, -0.016792723909020424, -0.01850261725485325, -0.00017391123401466757]",8.142535209655762,False,0.0,-1.6494957645299948,-0.06872899018874978,24.0,-1.6494957645299948,-0.07171720715347804,23.0,0.030661718050959366,0,13,19,19,0.6842105263157895,-1.9006055499857921,-1.0108899985820006,True,14,0.5833333333333334,39.0,0.4554455445544554,9.0,2.1141270036000113
~/anvil/data/cve-targets/php_repo_ext_exif_exif.c,2659,2639,2730,switch(ImageInfo->Thumbnail.filetype) {,switch (ImageInfo->Thumbnail.filetype) {,"	switch (ImageInfo->Thumbnail.filetype) {
		case IMAGE_FILETYPE_",0.2546365857124328,"[[184, 16543, 334, 6635, 4580, 12, 29, 1080, 4313, 28490, 13, 2800, 2139, 8, 507, 185, 184, 14288, 18929, 9302, 62, 12929, 10441, 62]]","[-0.34816041588783264, -0.2644767761230469, -0.03317803144454956, -0.0026624491438269615, -1.9073468138230965e-06, -3.2066785934148356e-05, -5.960462772236497e-07, -0.014483791776001453, -4.172316494077677e-06, -7.748573807475623e-06, -0.0001225396408699453, -0.0030964307952672243, -2.4199192921514623e-05, -0.0024551982060074806, -0.0025178655050694942, -0.31583714485168457, -0.019756443798542023, -0.03783918544650078, -0.013978082686662674, -0.00012885693286079913, -8.4638240878121e-06, -0.00139318173751235, -5.590759246842936e-05, -0.00022921319759916514]",6.80555534362793,False,1.0,-1.0604506688526385,-0.044185444535526607,24.0,-1.0068177774349465,-0.05922457514323215,17.0,0.013706960423182164,0,16,15,16,1.0666666666666667,-4.299508862606526,-1.0452495139035614,True,14,0.5833333333333334,1.0,0.9873417721518988,0.0,2.0738745879011433
~/anvil/data/cve-targets/libpng_repo_pngrutil.c,3050,2647,3067,bytes_to_copy = row_width;,return;,                     return;,0.1550841033458709,"[[7901, 967, 26, 32014]]","[-0.007498334161937237, -0.7348427176475525, -9.011816291604191e-05, -0.4038673937320709]",8.940814971923828,False,0.0,-0.7424311699724058,-0.24747705665746858,3.0,-0.7424311699724058,-0.24747705665746858,3.0,0.11877179070019873,1,7,4,4,1.75,-0.6266605294264583,-1.0091676321659095,True,10,3.3333333333333335,22.0,0.24242424242424243,5.0,2.052769411130697
~/anvil/data/cve-targets/poppler_repo_poppler_FileSpec.cc,121,88,122,desc = obj1.getString()->copy();,desc = obj1.getString()->copy();,"        desc = obj1.getString()->copy();
    if (fileSpec.",0.0537628158926963,"[[436, 1774, 405, 6528, 16, 13, 24657, 10962, 29, 11792, 1293, 185, 315, 562, 334, 2800, 7396, 13]]","[-0.0210348479449749, -0.02859410271048546, -0.006263270508497953, -0.21200530230998993, -0.00017736769223120064, -0.0066664437763392925, -0.11363443732261658, -0.08518999069929123, -4.291525328881107e-06, -0.009024782106280327, -0.006480511277914047, -0.0050629740580916405, -0.3407723903656006, -1.2455536127090454, -0.17166411876678467, -0.3835834860801697, -0.19591109454631805, -0.01390108186751604]",9.62092113494873,True,1.0,-2.845524106267476,-0.15808467257041534,18.0,-0.834910712297642,-0.06422390094597247,13.0,0.009931833360704807,1,21,25,21,0.84,-0.8371153900776531,-1.026472860832576,False,10,0.5555555555555556,0.0,1.0,0.0,1.1542446735093386
~/anvil/data/cve-targets/sqlite3_repo_src_vdbe.c,2055,1933,2062,pIn3->flags = flags3;,pIn3->flags = flags3;,  pIn3->flags = flags3;,0.1551581025123596,"[[207, 265, 769, 18, 12, 29, 17614, 405, 15307, 18, 26, 32014]]","[-0.003546616993844509, -0.9923611879348755, -0.021268626675009727, -0.3937057852745056, -0.014835627749562263, -1.5497195136049413e-06, -0.06423141062259674, -0.028395749628543854, -0.020447183400392532, -0.00825989805161953, -0.005299093201756477, -0.2040378600358963]",9.247221946716309,True,0.0,-1.5523527292522203,-0.14112297538656549,11.0,-1.5523527292522203,-0.14112297538656549,11.0,0.08425852289305452,1,10,10,10,1.0,-1.099453169034659,-1.0169277160488492,False,10,0.9090909090909091,0.0,1.0,0.0,1.066728994073279
~/anvil/data/cve-targets/poppler_repo_poppler_XRef.cc,1493,1486,1515,if ((!xRefStream) && mainXRefEntriesOffset) {,if (i >= size) {,"        if (i >= size) {
            return &dummyXRefEntry;
        }
        if (entries",3.3338098526000977,"[[436, 562, 334, 72, 17237, 2398, 8, 507, 185, 655, 967, 573, 67, 13460, 55, 2224, 11058, 26, 185, 436, 611, 185, 436, 562, 334, 289, 2219]]","[-0.003449444193392992, -0.5109010934829712, -0.08656010776758194, -1.0073845386505127, -0.7726568579673767, -0.5020723342895508, -0.10007532685995102, -0.03949149698019028, -0.029536321759223938, -0.0032480601221323013, -1.3486934900283813, -0.0363108366727829, -0.010069169104099274, -0.00011967896716669202, -0.0033583214972168207, -8.5588610090781e-05, -0.00016008525562938303, -0.00020704510097857565, -0.00811139214783907, -0.0010481346398591995, -0.00019786784832831472, -0.10510389506816864, -0.07483900338411331, -0.6141824722290039, -0.09070420265197754, -0.8906363248825073, -0.0001754606782924384]",7.097221374511719,False,3.0,-6.239378550839319,-0.23108809447553036,27.0,-3.055375582072884,-0.3055375582072884,10.0,0.12113489348039204,1,18,22,13,0.8181818181818182,-10.911293106356219,-1.037655639066142,True,16,0.5925925925925926,34.0,0.360655737704918,8.0,2.5023113602294496
~/anvil/data/cve-targets/libsndfile_repo_src_common.c,356,201,506,**		1	- single byte value,**		o   - all following O types will be,**		o   - all following O types will be,0.6872363090515137,"[[742, 184, 184, 78, 243, 567, 519, 1884, 506, 4997, 540, 330]]","[-0.07906930148601532, -0.12717466056346893, -0.32478684186935425, -2.2930524349212646, -0.27469807863235474, -0.002272168407216668, -0.8924452066421509, -0.2137051671743393, -0.45721983909606934, -0.04769006371498108, -0.1504303365945816, -0.07666124403476715]",8.501561164855957,False,0.0,-4.939205343136564,-0.41160044526138034,12.0,-4.939205343136564,-0.41160044526138034,12.0,0.37587044088654703,0,11,14,14,0.7857142857142857,-1.6696685267555897,-1.0018572031403605,True,7,0.5833333333333334,24.0,0.46875,10.0,2.1839072768594083
~/anvil/data/cve-targets/openssl_repo_crypto_pkcs7_pk7_doit.c,185,159,299,break;,break;,        break;,0.328747808933258,"[[436, 2963, 26, 32014]]","[-0.0051143295131623745, -0.6501671075820923, -0.0011639971053227782, -0.5492280125617981]",9.469444274902344,True,0.0,-0.6564454342005774,-0.2188151447335258,3.0,-0.6564454342005774,-0.2188151447335258,3.0,0.09303485878101093,0,4,4,4,1.0,-1.502399705164872,-1.0225930396113694,False,2,0.6666666666666666,0.0,1.0,0.0,1.005604266402013
~/anvil/data/cve-targets/sqlite3_repo_src_whereexpr.c,933,919,942,if( pIdx->aiColumn[i]!=XN_EXPR ) continue;,if( pIdx->aColExpr->a[i].pExpr==pExpr ) continue;,      if( pIdx->aColExpr->a[i].pExpr==pExpr ) continue;,1.8084698915481567,"[[730, 562, 7, 265, 1825, 87, 12, 29, 64, 2608, 20567, 12, 29, 64, 58, 72, 2975, 79, 20567, 780, 79, 20567, 2189, 4873, 26, 32014]]","[-0.010943514294922352, -0.43301141262054443, -0.0040090675465762615, -1.0348306894302368, -0.40253201127052307, -1.6927575416048057e-05, -0.003232731716707349, -1.6093124941107817e-05, -0.1869777888059616, -0.14851996302604675, -0.038784436881542206, -0.03593461960554123, -7.772143726469949e-05, -0.1103663221001625, -0.017247214913368225, -0.01639314368367195, -0.0146997245028615, -0.3033282160758972, -0.0656769722700119, -0.32448992133140564, -0.47322988510131836, -0.005372372455894947, -0.05779111385345459, -0.5695736408233643, -0.0001935771433636546, -0.21096402406692505]",6.246702194213867,False,0.0,-4.257249081590999,-0.17028996326363996,25.0,-4.257249081590999,-0.17028996326363996,25.0,0.06086827681467061,0,21,27,27,0.7777777777777778,-10.619944105268935,-1.0599555305546098,True,22,0.88,20.0,0.6813186813186813,9.0,2.2873106999928297
~/anvil/data/cve-targets/poppler_repo_splash_Splash.cc,2717,2504,2757,xa = 0;,xa = 0;,"                xa = 0;
            if (",0.0864995867013931,"[[1044, 1371, 64, 1412, 15, 26, 185, 655, 562, 334]]","[-0.27072519063949585, -0.3884687125682831, -0.005971093196421862, -0.03417884558439255, -0.001487578614614904, -0.001189596951007843, -0.008770870044827461, -0.001985484967008233, -0.09780073910951614, -0.0008382858941331506]",14.083377838134766,True,1.0,-0.8114163975697011,-0.08114163975697011,10.0,-0.7127773725660518,-0.08909717157075647,8.0,0.020247745927295033,0,7,9,7,0.7777777777777778,-0.9708454845022717,-1.147619659745273,False,4,0.4,0.0,1.0,0.0,0.684831929897286
~/anvil/data/cve-targets/sqlite3_repo_src_vdbe.c,639,484,789,** Execute as much of a VDBE program as we can.,** Return the register of pOp->p2 after first preparing it to be,"** Return the register of pOp->p2 after first preparing it to be
** overwritten with a string",1.8545929193496704,"[[742, 7909, 254, 8941, 280, 265, 10469, 12, 29, 79, 17, 1164, 1019, 17783, 359, 276, 330, 185, 742, 851, 16618, 365, 245, 2649]]","[-0.012795843183994293, -0.8701656460762024, -0.10605962574481964, -0.06975580751895905, -0.0219540074467659, -0.03534989804029465, -0.015083895064890385, -0.009984903037548065, -0.0007357274298556149, -0.0015475689433515072, -0.8778620362281799, -0.061680734157562256, -0.14593641459941864, -0.06706135720014572, -0.00811647716909647, -0.009608923457562923, -0.020255500450730324, -0.14850495755672455, -0.00011991735664196312, -0.01938306726515293, -0.0019267105963081121, -0.013333793729543686, -0.42863139510154724, -0.7359588742256165]",7.367361068725586,False,1.0,-3.6818130815809127,-0.1534088783992047,24.0,-2.4824593233061023,-0.137914406850339,18.0,0.06977913865919234,0,14,25,18,0.56,-13.447419756242178,-1.0306714500194138,True,15,0.625,46.0,0.39639639639639634,17.0,2.2895513628182247
~/anvil/data/cve-targets/php_repo_ext_exif_exif.c,3659,3617,3700,if (pos+length>=ImageInfo->Thumbnail.size) {,pos += length;,"		pos += length;
		if (pos+length>=ImageInfo->Thumbnail.size) {
			",0.1645835191011428,"[[184, 184, 937, 8528, 3960, 26, 185, 184, 2944, 334, 937, 10, 4082, 25057, 6635, 4580, 12, 29, 1080, 4313, 28490, 13, 3017, 8, 507, 185, 459, 184]]","[-0.007864936254918575, -0.6107944250106812, -0.1275022327899933, -0.8700953125953674, -0.1409589946269989, -0.20564118027687073, -0.023837754502892494, -0.014711706899106503, -0.11782817542552948, -0.0669933557510376, -0.08642213046550751, -0.39236214756965637, -0.6829391121864319, -0.4051290452480316, -0.005354942288249731, -3.6954811548639555e-06, -9.536697689327411e-06, -2.3841855067985307e-07, -0.00030357998912222683, -2.3841830625315197e-06, -2.3841855067985307e-07, -1.728519782773219e-05, -0.00021705655672121793, -0.016491413116455078, -0.10124176740646362, -0.11195236444473267, -0.01838839426636696, -0.15385428071022034]",9.47291660308838,False,2.0,-4.160917686778191,-0.14860420309922112,28.0,-2.001406542956829,-0.25017581786960363,8.0,0.08858665581137871,1,22,28,7,0.7857142857142857,-0.6578714142024984,-1.022681812930297,True,17,0.6071428571428571,37.0,0.3448275862068966,19.0,2.18933994271217
~/anvil/data/cve-targets/libpng_repo_png.c,2261,2226,2361,*/,*/,"       */
     ",0.3490896224975586,"[[1032, 1641, 185, 730]]","[-0.0041508241556584835, -0.34909120202064514, -0.07097167521715164, -0.04816571995615959]",7.55955696105957,True,1.0,-0.47237942134961486,-0.11809485533740371,4.0,-0.47237942134961486,-0.11809485533740371,4.0,0.018363308125691216,1,3,3,3,1.0,-2.9560104163741063,-1.0257310580862882,False,1,0.25,0.0,1.0,0.0,0.9886462016817513
~/anvil/data/cve-targets/libsndfile_repo_src_alaw.c,338,332,352,"int			bufferlen, readcount ;",sf_count_t	readcount ;,"	sf_count_t	readcount ;
	sf_count",0.5201914310455322,"[[184, 5274, 62, 4241, 62, 83, 184, 1187, 4241, 6203, 185, 184, 5274, 62, 4241]]","[-0.6680999994277954, -1.1657339334487915, -0.005715575069189072, -0.5217334032058716, -0.00038938093348406255, -0.00025245340657420456, -0.03534218668937683, -0.34511253237724304, -0.00017438798386137933, -0.3199303150177002, -0.5792726874351501, -0.33623164892196655, -0.16420000791549683, -0.0014693664852529764, -0.19201987981796265]",3.922917604446411,False,1.0,-4.335677758135716,-0.28904518387571443,15.0,-3.977988503917004,-0.33149904199308367,12.0,0.11917901642318755,0,7,8,5,0.875,-1.5692094550800706,-1.123357051626884,True,9,0.6,16.0,0.56,3.0,1.8021702776634727
~/anvil/data/cve-targets/libtiff_repo_libtiff_tif_predict.c,419,408,430,assert(rowsize > 0);,assert(rowsize > 0);,		assert(rowsize > 0);,0.1798983514308929,"[[184, 27288, 7, 725, 3017, 6213, 15, 477, 32014]]","[-0.17029757797718048, -0.49118173122406006, -0.011388531886041164, -0.3786599934101105, -4.0531076592742465e-06, -0.2756524682044983, -0.01316945068538189, -0.01692693680524826, -0.09604902565479279]",4.502779006958008,True,0.0,-1.35728074330018,-0.1696600929125225,8.0,-1.35728074330018,-0.1696600929125225,8.0,0.03249271365862,1,12,12,12,1.0,-1.0603457085435484,-1.107189734905313,False,7,0.875,0.0,1.0,0.0,0.8582906809402575
~/anvil/data/cve-targets/libsndfile_repo_src_alaw.c,257,98,274,"0xa9, 0xa9, 0xa9, 0xa9, 0xa9, 0xa9, 0xa9, 0xa9, 0xa8, 0xa8, 0xa8, 0xa8,","0xa9, 0xa9, 0xa9, 0xa9, 0xa9, 0xa9, 0xa9, 0xa9, 0xa9, 0xa9, 0xa9, 0xa9,","	0xa9, 0xa9, 0xa9, 0xa9, 0xa9, 0xa9, 0xa9, 0xa9, 0xa9, 0xa9, 0xa9, 0xa9,
	0xa9, 0xa9, 0xa9, 0xa9, 0xa9, 0xa9,",0.0688424780964851,"[[184, 15, 7287, 24, 11, 207, 15, 7287, 24, 11, 207, 15, 7287, 24, 11, 207, 15, 7287, 24, 11, 207, 15, 7287, 24, 11, 207, 15, 7287, 24, 11, 207, 15, 7287, 24, 11, 207, 15, 7287, 24, 11, 207, 15, 7287, 24, 11, 207, 15, 7287, 24, 11, 207, 15, 7287, 24, 11, 207, 15, 7287, 24, 11, 185, 184, 15, 7287, 24, 11, 207, 15, 7287, 24, 11, 207, 15, 7287, 24, 11, 207, 15, 7287, 24, 11, 207, 15, 7287, 24, 11, 207, 15, 7287, 24, 11]]","[-0.000871159543748945, -0.0001289761275984347, -0.01878518983721733, -0.0664256289601326, -0.00040844682371243834, -5.8410845667822286e-05, -2.0146166207268834e-05, -0.002829003380611539, -0.005374980624765158, -0.00014733182615600526, -3.45700973412022e-05, -5.722029527532868e-06, -0.0018243826925754547, -0.0032633880618959665, -0.00010823617776622996, -2.5748875486897305e-05, -5.006777428206988e-06, -0.0015149556566029787, -0.00339633971452713, -0.00028546550311148167, -5.936446541454643e-05, -1.5020257706055418e-05, -0.01874435879290104, -0.07524144649505615, -0.00022790218645241112, -3.659658250398934e-05, -3.6954811548639555e-06, -0.0032165716402232647, -0.007855593226850033, -0.0002224197960458696, -4.076874756719917e-05, -2.50339189733495e-06, -0.001518169417977333, -0.0021715410985052586, -0.00017450717859901488, -3.9219088648678735e-05, -3.2186455882765586e-06, -0.00195609824731946, -0.004529217258095741, -0.0005881248507648706, -0.00010918975021922961, -1.3351351299206726e-05, -0.024022001773118973, -0.07126855850219727, -0.0002240883477497846, -4.8993817472364753e-05, -3.6954811548639555e-06, -0.006855538114905357, -0.01161738857626915, -0.00017593742813915014, -3.325883881188929e-05, -2.50339189733495e-06, -0.0022165034897625446, -0.0033505987375974655, -0.00014149141497910023, -0.000176652567461133, -3.2186455882765586e-06, -0.0015191215788945556, -0.0021137294825166464, -0.0010113369207829237, -0.006125011947005987, -0.00018809456378221512, -4.768258077092469e-05, -0.05081666633486748, -0.07895144075155258, -0.00048232366680167615, -8.701899787411094e-05, -9.417489309271332e-06, -0.011316281743347645, -0.016922365874052048, -0.00028761065914295614, -3.158996332786046e-05, -3.4570634852570947e-06, -0.003255189396440983, -0.007251135539263487, -0.00036554806865751743, -2.7417760065873154e-05, -3.6954811548639555e-06, -0.00690976157784462, -0.03264326974749565, -0.0012234115274623036, -0.00012599628826137632, -2.13382354559144e-05, -0.08392179757356644, -0.2340337485074997, -0.00047064671525731683, -3.3378044463461265e-05, -3.933898824470816e-06, -0.011461248621344566, -0.04778984934091568, -0.00036006642039865255]",11.988694190979004,False,1.0,-0.9422369791618621,-0.010354252518262221,91.0,-0.35337969129295743,-0.005699672440208991,62.0,0.00023924607583363313,0,25,37,25,0.6756756756756757,-12.078321836677484,-1.0890686102843483,True,59,0.6483516483516484,4.0,0.9436619718309859,4.0,2.03912792115644
~/anvil/data/cve-targets/libpng_repo_pngrutil.c,1901,1856,1957,*/,*/,    */,0.5760650634765625,"[[315, 1641, 32014]]","[-0.0012740122620016336, -0.5760651230812073, -0.16586297750473022]",10.641667366027832,True,0.0,-0.5773391353432089,-0.28866956767160445,2.0,-0.5773391353432089,-0.28866956767160445,2.0,0.08259620526919409,0,3,3,3,1.0,-1.9955864004753843,-1.0530041500986538,False,1,0.5,0.0,1.0,0.0,0.9463146158380509
~/anvil/data/cve-targets/sqlite3_repo_src_window.c,1445,1290,1595,** eDelete:,** csrArg:,"** csrArg:
**",0.4347013831138611,"[[742, 258, 20171, 7355, 25, 185, 742]]","[-0.0009352362249046564, -1.3926161527633667, -0.013548445887863636, -0.9965200424194336, -0.2575007975101471, -0.02103227935731411, -0.0002618685248307884]",9.777952194213867,False,1.0,-2.6824148226878606,-0.38320211752683725,7.0,-2.68215295416303,-0.447025492360505,6.0,0.3000624419177096,0,5,9,5,0.5555555555555556,-0.9724308580668033,-1.0305104840662695,True,4,0.5714285714285714,7.0,0.38095238095238093,1.0,2.00970105696707
~/anvil/data/cve-targets/libtiff_repo_libtiff_tif_dirread.c,2080,2074,2081,"return TIFFReadDirEntryLong8ArrayWithLimit(tif, direntry, value, ~((uint64_t)0));",uint64_t data;,"	uint64_t data;
	TIFFReadDirEntryErr err=TIFFReadDirEntryErrOk;
	TIFFReadDirEntryErr err2=TIFFReadDirEntryErrOk;
	TIFFReadDir",0.8130565285682678,"[[184, 9842, 21, 19, 62, 83, 1189, 26, 185, 184, 22938, 3681, 4614, 13401, 11058, 12311, 1572, 28, 22938, 3681, 4614, 13401, 11058, 12311, 17917, 26, 185, 184, 22938, 3681, 4614, 13401, 11058, 12311, 1572, 17, 28, 22938, 3681, 4614, 13401, 11058, 12311, 17917, 26, 185, 184, 22938, 3681, 4614, 13401]]","[-0.5267098546028137, -0.7343521118164062, -0.6158085465431213, -1.645074735279195e-05, -0.0017410848522558808, -0.0002786724944598973, -0.8482151627540588, -0.4634246528148651, -0.012889876030385494, -0.6854249238967896, -0.5226090550422668, -0.0002422039397060871, -0.1631300002336502, -0.3354317545890808, -0.02182839810848236, -0.2902814447879791, -0.7178245186805725, -0.7196704149246216, -0.02202654257416725, -0.0001245659514097497, -0.026673221960663795, -0.049997489899396896, -0.004313925746828318, -0.9073241949081421, -0.33503881096839905, -0.003166069043800235, -0.008304351009428501, -1.233726143836975, -1.1539301872253418, -0.00163433444686234, -0.5873243808746338, -0.4856637716293335, -0.027197612449526787, -0.621407151222229, -1.8429639339447021, -0.6837943196296692, -0.3934922516345978, -0.047453515231609344, -4.7444173105759546e-05, -0.05615966394543648, -0.0496973991394043, -0.0058862436562776566, -0.0747925415635109, -0.07148600369691849, -0.001450797077268362, -0.006416433956474066, -1.2360501289367676, -1.2310309410095215, -0.0004377598816063255, -0.37890926003456116, -0.15319859981536865]",1.8916672468185425,False,3.0,-18.360999117932806,-0.3600195905477021,51.0,-3.888861336552509,-0.3888861336552509,10.0,0.10878001672381081,0,26,22,5,1.1818181818181819,-2.09073160034306,-1.1818757897188321,True,32,0.6274509803921569,71.0,0.21052631578947367,23.0,1.9029123301830382
~/anvil/data/cve-targets/openssl_repo_ssl_t1_lib.c,1715,1599,1840,if (eticklen < 48) {,if (eticklen < TLSEXT_KEYNAME_LENGTH +,    if (eticklen < TLSEXT_KEYNAME_LENGTH +,1.05682373046875,"[[315, 562, 334, 290, 767, 6446, 1013, 323, 43, 1871, 15232, 62, 14153, 8648, 62, 1535, 30451, 945]]","[-0.0007901645149104297, -0.07441924512386322, -0.1479811668395996, -0.06308017671108246, -5.960446742392378e-06, -0.002007494680583477, -0.26135483384132385, -0.7282495498657227, -0.00012492353562265635, -4.529942543740617e-06, -2.50339189733495e-06, -2.264974000354414e-06, -0.0019171921303495765, -1.9073304429184645e-05, -4.768370445162873e-07, -2.145764938177308e-06, -4.768370445162873e-07, -0.1523394137620926]",14.514583587646484,False,0.0,-1.4323015925037907,-0.07957231069465504,18.0,-1.4323015925037907,-0.07957231069465504,18.0,0.029961867236149402,1,13,7,7,1.8571428571428572,-13.2813000055274,-1.1600580881998155,True,10,0.5555555555555556,22.0,0.5517241379310345,8.0,1.8423692171685957
~/anvil/data/cve-targets/poppler_repo_poppler_GfxState.cc,2433,2418,2434,"alt->getCMYK(&color2, cmyk);","alt->getCMYK(&color2, cmyk);","        alt->getCMYK(&color2, cmyk);
}
void GfxSeparationColor",0.0696718767285347,"[[436, 2906, 12, 29, 703, 9370, 56, 42, 9299, 3122, 17, 11, 258, 2589, 74, 477, 185, 92, 185, 4563, 452, 18498, 17384, 18789, 5709]]","[-0.16847217082977295, -0.6676126718521118, -0.0009635811438784003, -5.245195097813848e-06, -0.024054819718003273, -0.06560976803302765, -8.391981828026474e-05, -0.0024324848782271147, -0.1322699785232544, -0.014165212400257587, -0.0004122599493712187, -0.0007672941428609192, -0.008992411196231842, -3.3854863431770355e-05, -1.3947389561508317e-05, -0.005632719490677118, -0.5785095691680908, -0.026707230135798454, -0.0007116645574569702, -0.5442730188369751, -0.004445788450539112, -0.00012909532233607024, -0.01176761370152235, -0.0001287377526750788, -0.001992623321712017]",5.631248474121094,True,2.0,-2.2601876806711516,-0.09040750722684607,25.0,-1.6700319085921365,-0.09823717109365508,17.0,0.03925900842864212,1,16,21,16,0.7619047619047619,-0.7092211222380634,-1.0763904825872108,False,15,0.6,0.0,1.0,0.0,0.9698641107066912
~/anvil/data/cve-targets/libtiff_repo_libtiff_tif_dirwrite.c,1999,1971,2023,"if (!_TIFFmemcmp(tif->tif_dir.td_transferfunction[0],tif->tif_dir.td_transferfunction[2],m*sizeof(uint16_t)))","if (!_TIFFmemcmp(tif->tif_dir.td_transferfunction[0],tif->tif_dir.td_transferfunction[2],m*sizeof(uint16_t)))","		if (!_TIFFmemcmp(tif->tif_dir.td_transferfunction[0],tif->tif_dir.td_transferfunction[2],m*sizeof(uint16_t)))",0.0262230392545461,"[[184, 2944, 5036, 62, 22938, 3681, 7253, 66, 2782, 7, 83, 351, 12, 29, 83, 351, 62, 5634, 13, 1735, 62, 1831, 3994, 3344, 58, 15, 2705, 83, 351, 12, 29, 83, 351, 62, 5634, 13, 1735, 62, 1831, 3994, 3344, 58, 17, 2705, 76, 9, 3017, 990, 7, 9842, 16, 21, 62, 83, 13773, 32014]]","[-0.004990383516997099, -0.18171802163124084, -0.23079632222652435, -0.024454839527606964, -0.00013600854435935616, -1.4305104514278355e-06, -0.0036079094279557467, -0.0009614374139346182, -3.7788631743751466e-05, -0.03278367593884468, -0.006268956698477268, -5.960462772236497e-07, -2.0861407392658293e-05, -4.291525328881107e-06, -1.549708758830093e-05, -9.536738616588991e-07, -8.344646857949556e-07, -4.339123915997334e-05, -9.417489309271332e-06, -2.455681169521995e-05, -5.245195097813848e-06, -0.0014160377904772758, -1.1920922133867862e-06, -4.994744449504651e-05, -0.0031787839252501726, -0.22136574983596802, -0.0011302995262667537, -0.014133477583527565, -1.1920928244535389e-07, -3.576272320060525e-06, -1.1920928244535389e-07, -1.0967194612021558e-05, -5.960462772236497e-07, -3.933898824470816e-06, -3.540453326422721e-05, -2.1934269170742482e-05, -1.8715683836489916e-05, -3.194758028257638e-05, -0.0011180347064509988, -2.264974000354414e-06, -1.4066597032069694e-05, -0.00037400881410576403, -0.5830831527709961, -0.00020561488054227084, -0.06484050303697586, -0.00618306640535593, -0.012176229618489742, -3.2305197237292305e-05, -0.00017474555352237076, -0.0012166248634457588, -0.0024076304398477077, -9.536738616588991e-07, -6.556489552167477e-06, -3.576272320060525e-06, -0.03945276513695717, -0.5762754678726196]",7.627776145935059,True,0.0,-1.438577320534577,-0.026155951282446858,55.0,-1.438577320534577,-0.026155951282446858,55.0,0.008101271821784495,1,50,50,50,1.0,-1.0025649218938661,-1.0239831855733255,False,54,0.9818181818181818,0.0,1.0,0.0,1.4867995144377524
~/anvil/data/cve-targets/php_repo_ext_phar_phar.c,949,632,1125,"PHAR_GET_32(buffer, len);","MAPPHAR_FAIL(""internal corruption of phar \""%s\"" (truncated","			MAPPHAR_FAIL(""internal corruption of phar \""%s\"" (truncated",0.4053811132907867,"[[459, 184, 26959, 11914, 1522, 62, 5684, 4470, 1195, 11975, 24668, 280, 1118, 268, 23838, 4, 82, 7757, 334, 648, 8551, 612]]","[-0.09463394433259964, -0.4275246858596802, -0.8139429688453674, -0.0005669178790412843, -1.1324817933200393e-05, -0.004930125083774328, -0.10756698250770569, -2.0265373677830212e-05, -0.0023666012566536665, -0.6163455843925476, -0.003938538022339344, -0.003080030670389533, -0.0035274920519441366, -3.158996332786046e-05, -0.0028559870552271605, -8.046303264563903e-05, -0.00014768941036891192, -0.0299480389803648, -0.02158845029771328, -1.215627908706665, -0.046080172061920166, -0.0011323237558826804]",8.177779197692871,False,0.0,-3.3959480843577694,-0.1543612765617168,22.0,-3.3959480843577694,-0.1543612765617168,22.0,0.10012729229146738,1,11,9,9,1.2222222222222223,-2.626183990702532,-1.0099996959868522,True,12,0.5454545454545454,49.0,0.26190476190476186,10.0,2.127441245715365
~/anvil/data/cve-targets/libsndfile_repo_src_ulaw.c,810,804,816,{,{,		{,3.0725765228271484,"[[184, 5849, 32014]]","[-0.07257650047540665, -0.2507760524749756, -0.1623944342136383]",6.96180534362793,True,0.0,-0.32335255295038223,-0.16167627647519112,2.0,-0.32335255295038223,-0.16167627647519112,2.0,0.007938770083211769,1,2,2,2,1.0,-19.004498308684322,-1.041174472237312,False,1,0.5,0.0,1.0,0.0,1.278612566182747
~/anvil/data/cve-targets/libxml2_repo_xmlregexp.c,1804,1763,1821,#endif,#endif,"#endif
			",0.0303176455199718,"[[2, 9239, 185, 1749]]","[-0.06002486124634743, -0.0006107610533945262, -0.5800812840461731, -0.08878173679113388]",11.79475212097168,True,1.0,-0.7294986431370489,-0.18237466078426223,4.0,-0.7294986431370489,-0.18237466078426223,4.0,0.05373444557507897,0,2,3,2,0.6666666666666666,-0.16623825584978424,-1.0838009852636141,False,2,0.5,0.0,1.0,0.0,0.7866065217396354
~/anvil/data/cve-targets/libpng_repo_pngrutil.c,2634,2602,2642,limit = limit < idat_limit? idat_limit : limit;,if (idat_limit > limit),"      if (idat_limit > limit)
         limit = idat_limit;",0.2594240307807922,"[[730, 562, 334, 304, 253, 62, 15553, 1938, 3935, 8, 185, 294, 3935, 405, 1975, 253, 62, 15553, 26, 32014]]","[-0.07970475405454636, -0.3766012489795685, -0.030956018716096878, -0.881960391998291, -9.775113539944869e-06, -6.627816765103489e-05, -0.00010954733443213627, -0.6091386079788208, -0.30408602952957153, -0.01418495737016201, -0.07577092945575714, -0.2041023075580597, -0.054966822266578674, -0.007794323842972517, -0.04787848889827728, -2.264974000354414e-06, -7.152531907195225e-06, -4.0531076592742465e-06, -0.004639693535864353, -0.26220062375068665]",6.475000381469727,False,1.0,-2.6919836454137567,-0.14168334975861877,19.0,-2.576690846256497,-0.21472423718804143,12.0,0.07373617937997258,0,15,16,12,0.9375,-1.2081730231208394,-1.053923113648239,True,16,0.8421052631578947,28.0,0.5428571428571429,15.0,2.0405995469067686
~/anvil/data/cve-targets/libsndfile_repo_src_ulaw.c,811,804,816,if (ptr [i] >= 0),if (ptr [i] < 0),		if (ptr [i] < 0),0.186965212225914,"[[184, 2944, 334, 8856, 821, 72, 60, 8086, 15, 8, 32014]]","[-0.012714043259620667, -0.07118230313062668, -0.12936745584011078, -0.05202532932162285, -0.00676081795245409, -0.00034028460504487157, -0.004005386959761381, -1.0880801677703857, -0.04348967596888542, -0.023026809096336365, -0.26009777188301086]",6.002778053283691,False,0.0,-1.4309922739048488,-0.1430992273904849,10.0,-1.4309922739048488,-0.1430992273904849,10.0,0.10062991568249821,1,17,17,17,1.0,-1.3065424295809014,-1.0664389974444808,True,9,0.9,2.0,0.9090909090909091,1.0,2.0217596418317854
~/anvil/data/cve-targets/libsndfile_repo_src_wavlike.c,273,95,384,for (bit = k = 0 ; bit < ARRAY_LEN (channel_mask_bits) ; bit++),"append_snprintf (buffer, sizeof (buffer), ""    "") ;","					append_snprintf (buffer, sizeof (buffer), ""    "") ;
					for (bit = 0 ; bit < 32 ; bit++)",0.4850146174430847,"[[1076, 184, 6880, 62, 9224, 17186, 334, 10401, 11, 21343, 334, 10401, 650, 440, 315, 31518, 6203, 185, 1076, 11635, 334, 3374, 1412, 15, 6203, 2670, 8086, 18, 17, 6203, 2670, 3868, 8, 32014]]","[-0.013214509934186935, -0.7822816371917725, -1.476474642753601, -0.00022635281493421644, -0.0058911023661494255, -7.748573807475623e-06, -0.0014150853967294097, -0.008949761278927326, -0.008911953307688236, -0.014249362051486969, -0.001292108790948987, -0.0001842805795604363, -0.0016598032088950276, -0.272838830947876, -1.9535788297653198, -1.5194686651229858, -0.0002711643755901605, -0.006782722659409046, -0.00826249923557043, -0.4858342111110687, -0.001292823115363717, -0.08345682173967361, -0.011877058073878288, -0.030468864366412163, -0.03673011437058449, -0.06223828345537186, -0.4021112322807312, -0.8850798010826111, -0.040178705006837845, -0.016069423407316208, -0.04147439822554588, -0.01715429499745369, -0.013258624821901321, -0.3902459740638733]",8.250694274902344,False,1.0,-8.20318571641019,-0.24858138534576332,33.0,-6.075961060355439,-0.3197874242292336,19.0,0.3710165812224129,1,28,40,21,0.7,-1.5166782077565724,-1.0081602678763752,True,26,0.7878787878787878,55.0,0.24561403508771928,26.0,2.335379864577303
~/anvil/data/cve-targets/openssl_repo_crypto_asn1_tasn_dec.c,816,760,890,case V_ASN1_NEG_ENUMERATED:,if (!ossl_c2i_ASN1_NEG_INTEGER((ASN1_,        if (!ossl_c2i_ASN1_NEG_INTEGER((ASN1_,0.7600423097610474,"[[436, 562, 5036, 2067, 75, 62, 66, 17, 72, 62, 3146, 45, 16, 62, 8278, 38, 62, 1154, 4463, 18924, 5930, 3146, 45, 16, 62]]","[-0.47969141602516174, -0.24494193494319916, -0.5762830972671509, -0.007074189838021994, -4.339123915997334e-05, -7.152555099310121e-07, -0.002463165670633316, -0.00011121608258690685, -0.00024232311989180744, -0.00022182388056535274, -0.007355394773185253, -7.223821739898995e-05, -7.331102824537084e-05, -0.00016640232934150845, -0.07152041047811508, -0.0008964095613919199, -0.0022890574764460325, -0.0012494861148297787, -2.1457441107486375e-05, -6.651657167822123e-05, -0.08127739280462265, -0.00880336668342352, -4.005352093372494e-05, -1.537788011773955e-05, -1.311301275563892e-06]",9.902081489562988,False,0.0,-1.484921459503994,-0.059396858380159755,25.0,-1.484921459503994,-0.059396858380159755,25.0,0.021836784501625562,1,5,8,8,0.625,-12.796001850746423,-1.0337133646432342,True,15,0.6,22.0,0.46875,8.0,2.042172489977399
~/anvil/data/cve-targets/openssl_repo_crypto_rsa_rsa_ameth.c,546,534,551,if (magma_int) {,if (magma_int < 0) {,"    if (magma_int < 0) {
        ERR_",0.3450678586959839,"[[315, 562, 334, 12072, 732, 62, 569, 8086, 15, 8, 507, 185, 436, 19798, 62]]","[-0.06581750512123108, -0.2057880014181137, -0.037771232426166534, -0.02476922981441021, -6.890059739816934e-05, -0.00010406429646536708, -0.002457695547491312, -1.2213534116744995, -0.06937072426080704, -0.02220902405679226, -0.13233274221420288, -0.02109367586672306, -0.006239221431314945, -0.8550288677215576, -0.00013565097469836473]",11.583333015441896,False,1.0,-2.664539947421872,-0.17763599649479148,15.0,-1.809375428725616,-0.13918272528658585,13.0,0.10091527683927905,1,10,11,13,0.9090909090909091,-2.4792434404878034,-1.078087691435752,True,8,0.5333333333333333,4.0,0.8888888888888888,3.0,1.9318005425662288
~/anvil/data/cve-targets/poppler_repo_poppler_Stream.cc,573,564,616,"int readChars = str->doGetChars(inputLineSize, inputLine);",if (unlikely(imgLine == nullptr)) {,"    if (unlikely(imgLine == nullptr)) {
        imgLine = new unsigned char[nVals];
    }
    if (un",1.8362938165664675,"[[315, 562, 334, 309, 15703, 7, 6379, 6498, 2312, 24113, 1435, 507, 185, 436, 21905, 6498, 405, 756, 13680, 1555, 58, 77, 53, 909, 2818, 185, 315, 611, 185, 315, 562, 334, 309]]","[-0.11349109560251236, -1.1652328968048096, -0.055253829807043076, -0.878596305847168, -4.5536911784438416e-05, -0.06538467854261398, -1.0072779655456543, -0.20163202285766602, -0.10882917791604996, -0.012444466352462769, -0.01992543414235115, -0.06543559581041336, -0.0017746428493410349, -0.0015731590101495385, -0.6108203530311584, -0.0039648981764912605, -0.01148788258433342, -0.4274942874908447, -0.02043783850967884, -0.001408895361237228, -0.016211356967687607, -0.5049346685409546, -0.034164559096097946, -0.0002208704245276749, -0.09988494217395782, -0.01099079567939043, -0.16233423352241516, -0.00037067217635922134, -0.48323842883110046, -0.1498282253742218, -1.180181860923767, -0.036133553832769394, -0.5470418930053711]",13.017359733581545,False,3.0,-7.998047023702384,-0.24236506132431465,33.0,-3.6968968080000195,-0.2640640577142871,14.0,0.16040267604711134,1,18,36,19,0.5,-6.953971064677446,-1.1174390264400091,True,20,0.6060606060606061,47.0,0.30107526881720426,18.0,2.10751448984443
~/anvil/data/cve-targets/php_repo_ext_phar_phar.c,701,632,1125,"PHAR_GET_32(buffer, manifest_count);",manifest_count = manifest_len / 5;,"	manifest_count = manifest_len / 5;
	tmp_len = manifest_len - 1",0.1623463481664657,"[[184, 31260, 62, 4241, 405, 11759, 62, 6446, 889, 207, 20, 26, 185, 184, 10801, 62, 6446, 405, 11759, 62, 6446, 567, 207, 16]]","[-1.0169878005981445, -1.2200193405151367, -0.0005809764843434095, -0.4640228748321533, -0.10294979065656662, -0.5416882038116455, -2.7417760065873154e-05, -0.05280643329024315, -0.06310278177261353, -0.6261504888534546, -0.10464898496866226, -0.1169201210141182, -0.08148783445358276, -0.7951000332832336, -1.119569182395935, -7.986703712958843e-05, -3.325883881188929e-05, -0.3879532516002655, -0.6047834157943726, -2.062299427052494e-05, -0.3835830092430115, -0.5331265330314636, -0.9948811531066895, -0.28821107745170593]",4.622223854064941,False,1.0,-9.49873445378762,-0.3957806022411508,24.0,-5.186493082293964,-0.370463791592426,14.0,0.1559233422613795,1,11,19,10,0.5789473684210527,-0.4382246034588845,-1.1038884636413242,True,14,0.5833333333333334,24.0,0.4285714285714286,9.0,1.8532949071180778
~/anvil/data/cve-targets/openssl_repo_crypto_asn1_tasn_enc.c,20,-135,170,"unsigned char **out,","int skcontlen, const ASN1","                            int skcontlen, const ASN1",0.7391737103462219,"[[5230, 1097, 1922, 2098, 6446, 11, 1133, 4958, 45, 16]]","[-0.5209136605262756, -0.5973252058029175, -1.0034722089767456, -0.4766779839992523, -0.04063883423805237, -0.02423309162259102, -0.3708306550979614, -0.029743820428848267, -1.168244216387393e-05, -5.245195097813848e-06]",4.211643695831299,False,0.0,-3.063852388329906,-0.30638523883299057,10.0,-3.063852388329906,-0.30638523883299057,10.0,0.10642464994370508,0,10,6,6,1.6666666666666667,-2.4125630632915143,-1.11527768349207,True,5,0.5,20.0,0.3555555555555555,9.0,1.8846817342616902
~/anvil/data/cve-targets/sqlite3_repo_src_resolve.c,301,220,632,if( zTab ){,if( zTab && pTab->zName,        if( zTab && pTab->zName,0.3952286541461944,"[[436, 562, 7, 1670, 14249, 2956, 265, 14249, 12, 29, 89, 1737]]","[-0.020531389862298965, -0.2718883156776428, -0.0015043619787320495, -0.6997959613800049, -0.12511149048805237, -0.5346480011940002, -0.5034770965576172, -0.41273343563079834, -0.0869530513882637, -1.311301275563892e-06, -0.14725443720817566, -0.029904885217547417]",6.667360782623291,False,0.0,-2.833803737884409,-0.23615031149036744,12.0,-2.833803737884409,-0.23615031149036744,12.0,0.054194688324987826,0,10,10,10,1.0,-1.6736317290960496,-1.0488669541302955,True,6,0.5,14.0,0.5294117647058824,8.0,2.0139284264078725
~/anvil/data/cve-targets/poppler_repo_poppler_Stream.cc,1341,1334,1352,return pred->lookChar();,return pred->get();,        return pred->get();,0.6219362616539001,"[[436, 967, 3777, 12, 29, 703, 1293, 32014]]","[-0.012770185247063637, -0.7894766330718994, -0.5556795597076416, -0.9203890562057495, -5.9960475482512265e-05, -1.1543834209442139, -1.182624101638794, -0.35049623250961304]",7.525389671325684,False,0.0,-4.6153829172908445,-0.6593404167558349,7.0,-4.6153829172908445,-0.6593404167558349,7.0,0.20963208220096544,0,12,12,12,1.0,-0.9432703438900726,-1.026607593649817,True,7,1.0,8.0,0.7441860465116279,1.0,2.1228475814188132
~/anvil/data/cve-targets/libtiff_repo_libtiff_tif_dir.c,1330,1306,1374,td->td_sampleformat = SAMPLEFORMAT_UINT;,td->td_xresolution = 0;,"	td->td_xresolution = 0;
	td->td_yresolution = 0;
	td-",0.5083397030830383,"[[184, 1735, 12, 29, 1735, 62, 87, 26193, 1412, 15, 26, 185, 184, 1735, 12, 29, 1735, 62, 88, 26193, 1412, 15, 26, 185, 184, 1735, 12]]","[-0.1274000108242035, -0.0066059306263923645, -0.0004285847535356879, -2.3841830625315197e-06, -0.000417741306591779, -0.00010227633902104571, -1.2236063480377197, -0.8082849383354187, -0.3693842887878418, -0.8469737768173218, -0.20930986106395721, -0.04746419936418533, -0.006301415152847767, -0.00027926836628466845, -2.372236667724792e-05, -1.1920928244535389e-07, -9.321732068201527e-05, -1.3708974620385561e-05, -0.06357541680335999, -0.0002157455455744639, -0.0037965141236782074, -0.0022770448122173548, -0.0003999863693024963, -0.16811080276966095, -0.09564566612243652, -0.003610284999012947, -0.0005970602505840361]",4.431249618530273,False,2.0,-3.984920313625473,-0.1475896412453879,27.0,-3.646281755592099,-0.280483211968623,13.0,0.15723103808427924,0,10,21,10,0.47619047619047616,-1.8123712271945354,-1.109171421352756,True,16,0.5925925925925926,29.0,0.4444444444444444,2.0,1.8715930055532937
~/anvil/data/cve-targets/libsndfile_repo_src_common.c,598,470,684,"header_put_le_int (psf, size) ;","header_put_le_int (psf, size) ;","						header_put_le_int (psf, size) ;
					memcpy (&(",0.0001541162346256,"[[4552, 184, 7301, 62, 915, 62, 275, 62, 569, 334, 829, 69, 11, 2398, 8, 6203, 185, 1076, 184, 7253, 66, 4016, 334, 5, 7]]","[-0.0035441224463284016, -0.005988867953419685, -0.00010489867418073118, -1.1920922133867862e-06, -5.364403477869928e-06, -2.3841830625315197e-06, -0.0007366804056800902, -2.9802276912960224e-06, -0.0001892864383989945, -0.0001311216183239594, -7.271740287251305e-06, -8.344646857949556e-07, -4.887569048150908e-06, -0.000506511190906167, -0.00047886825632303953, -1.585470999998506e-05, -0.31374093890190125, -0.043563518673181534, -0.438790887594223, -0.6060619354248047, -0.025608975440263748, -1.549708758830093e-05, -0.002333657816052437, -0.01985262893140316, -0.002170589519664645]",12.736154556274414,True,1.0,-1.4638597557631101,-0.0585543902305244,25.0,-0.8078164715433331,-0.04251665639701754,19.0,0.013609077099724155,1,11,15,11,0.7333333333333333,-0.003624843712696348,-1.109610834293868,False,14,0.56,0.0,1.0,0.0,0.8181108457145227
~/anvil/data/cve-targets/libxml2_repo_HTMLparser.c,6620,6607,6631,htmlCtxtReset(ctxt);,if (ctxt->input == NULL),"    if (ctxt->input == NULL)
        ctxt",0.9104206562042236,"[[315, 562, 334, 296, 530, 12, 29, 3584, 2312, 4579, 8, 185, 436, 258, 9313]]","[-0.0521443709731102, -1.3236786127090454, -0.17601685225963593, -1.3583990335464478, -4.935142715112306e-05, -0.017590349540114403, -3.2186455882765586e-06, -2.8965651988983154, -2.017995595932007, -0.006437280215322971, -0.048147089779376984, -0.36171892285346985, -0.0062088933773338795, -0.8072130084037781, -4.827859811484814e-05]",8.847916603088379,False,1.0,-9.072216057158812,-0.6048144038105875,15.0,-8.264954770156919,-0.6357657515505323,13.0,0.8440340846659681,0,9,17,16,0.5294117647058824,-1.4320064488907296,-1.006826601020109,True,8,0.5333333333333333,20.0,0.2727272727272727,13.0,2.1762604129249743
~/anvil/data/cve-targets/libtiff_repo_libtiff_tif_read.c,439,414,449,stripsperplane=((td->td_imagelength+rowsperstrip-1)/rowsperstrip);,stripsperplane=td->td_stripperplane;,	stripsperplane=td->td_stripperplane;,0.5665284991264343,"[[184, 26763, 829, 522, 18323, 28, 1735, 12, 29, 1735, 62, 23448, 522, 18323, 26, 32014]]","[-0.17762675881385803, -0.017651138827204704, -7.891343557275832e-05, -0.009955278597772121, -3.576272320060525e-06, -0.008871071971952915, -0.1901945024728775, -0.0002613918040879071, -2.3841855067985307e-07, -0.0008772339206188917, -7.795983401592821e-05, -1.1422932147979736, -1.7880806922912598, -0.009047464467585087, -0.012499682605266571, -0.34933239221572876]",5.253298759460449,False,0.0,-3.3575191185309166,-0.2238346079020611,15.0,-3.3575191185309166,-0.2238346079020611,15.0,0.2545993936379409,1,25,10,10,2.5,-2.531013878668481,-1.0866092205687203,True,25,1.6666666666666667,35.0,0.6274509803921569,16.0,2.1079001772061248
~/anvil/data/cve-targets/php_repo_ext_phar_util.c,1445,1252,1478,PHP_MD5_CTX   context;,PHP_MD5_CTX context;,			PHP_MD5_CTX context;,0.0004053468292113,"[[459, 184, 24080, 62, 14821, 20, 62, 2068, 55, 3723, 26, 32014]]","[-0.002387532265856862, -0.0019778707064688206, -0.0013379440642893314, -3.421248038648628e-05, -0.00018606838420964777, -0.0005584587925113738, -0.00019178935326635838, -6.794906312279636e-06, -1.3589766240329482e-05, -0.35703665018081665, -0.0007626485894434154, -0.014409179799258709]",11.706424713134766,False,0.0,-0.36449355948980156,-0.03313577813543651,11.0,-0.36449355948980156,-0.03313577813543651,11.0,0.010491796413227299,1,5,5,5,1.0,-0.012232905095951515,-1.0814103923799299,True,10,0.9090909090909091,2.0,0.9523809523809523,0.0,1.823152242181441
~/anvil/data/cve-targets/sqlite3_repo_ext_misc_zipfile.c,223,218,234,struct ZipfileLFH {,struct ZipfileLFH {,"
struct ZipfileLFH {
  u1",0.222239077091217,"[[185, 5556, 1971, 515, 2800, 43, 37, 39, 507, 185, 207, 2631, 16]]","[-0.5505694150924683, -0.5767087936401367, -0.02117351070046425, -0.0013147291028872132, -0.003863491117954254, -0.003935094457119703, -0.0014893640764057636, -0.00014423283573705703, -0.5777375102043152, -0.11342117935419083, -0.02609327621757984, -0.15922129154205322, -0.3726869821548462]",5.052778720855713,True,2.0,-2.4083588704961585,-0.18525837465355066,13.0,-1.876450596799259,-0.17058641789084172,11.0,0.06031193437594681,0,4,5,4,0.8,-1.302794676381726,-1.09207006982543,False,8,0.6153846153846154,0.0,1.0,0.0,0.8119310925438632
~/anvil/data/cve-targets/sqlite3_repo_src_printf.c,63,-92,213,"static const char aPrefix[] = ""-x0\000X0"";","static const char aPrefix[] = ""+-"";","static const char aPrefix[] = ""+-"";
/*
** The following table is searched linearly, so it is good to",2.03334641456604,"[[6412, 1133, 1555, 245, 21514, 4807, 405, 440, 10, 12, 3150, 185, 4350, 185, 742, 428, 1884, 2365, 317, 21447, 31899, 11, 555, 359, 317, 1205, 276]]","[-0.0403975211083889, -0.004871879238635302, -0.016603857278823853, -0.02843155339360237, -0.06655188649892807, -0.009442785754799843, -0.013087916187942028, -0.2676786482334137, -0.7358834743499756, -0.13575053215026855, -0.43657487630844116, -0.042488884180784225, -0.3946351706981659, -0.2240338921546936, -0.0013728251215070486, -1.3626097440719604, -0.4151824116706848, -0.8141448497772217, -0.7031208872795105, -0.5081693530082703, -0.11999702453613281, -0.07917746156454086, -0.032698072493076324, -0.017037341371178627, -0.005183471366763115, -0.010777244344353676, -0.0023645793553441763]",9.603470802307127,False,2.0,-6.488268143497407,-0.240306227536941,27.0,-1.7977638146840036,-0.14981365122366697,12.0,0.0468422724900873,0,20,35,18,0.5714285714285714,-13.572504227470695,-1.0260251511764793,True,17,0.6296296296296297,9.0,0.8831168831168831,3.0,2.3922004881189065
~/anvil/data/cve-targets/lua_repo_ldebug.c,237,210,238,"luaO_chunkid(ar->short_src, ar->source, ar->srclen);",},"}
static void funcname (lua_Debug *ar, Closure *cl) {
  if (noLuaClosure(cl)) {
    ar->name = """,1.6069607734680176,"[[92, 185, 6412, 2494, 12293, 1523, 334, 2572, 64, 62, 14543, 572, 268, 11, 1854, 378, 453, 572, 535, 8, 507, 185, 207, 562, 334, 2459, 43, 5713, 1982, 378, 453, 7, 535, 1435, 507, 185, 315, 666, 12, 29, 1523, 405, 440]]","[-0.3303142786026001, -0.024323146790266037, -0.8552848100662231, -0.8853200674057007, -2.7361092567443848, -1.3954126834869385, -0.09288406372070312, -0.14242450892925262, -0.0003146630187984556, -0.006625826004892588, -0.25736716389656067, -0.009273668751120567, -0.03157681226730347, -0.043255895376205444, -0.20982705056667328, -7.176141662057489e-05, -9.059865078597795e-06, -0.0025982451625168324, -0.01109820231795311, -0.031643688678741455, -0.004193323198705912, -0.019114932045340538, -0.01740960218012333, -0.7925202250480652, -0.08407656103372574, -0.13279402256011963, -0.010004259645938873, -0.000773488252889365, -0.0024429496843367815, -7.390948667307384e-06, -2.8013790142722428e-05, -0.0007142852991819382, -0.00012158608296886086, -0.011712828651070595, -0.3071063160896301, -0.012030424550175667, -0.00651876674965024, -0.18464992940425873, -0.00041476229671388865, -1.1920858014491387e-05, -0.191390722990036, -0.02388675883412361, -0.3635779023170471]",8.280555725097656,False,3.0,-9.23123582557946,-0.21467990292045258,43.0,-0.35463742539286613,-0.17731871269643307,2.0,0.0234076431869483,0,22,39,2,0.5641025641025641,-9.062556055316676,-1.007407920547893,True,27,0.627906976744186,52.0,0.0,21.0,2.409796087405821
~/anvil/data/cve-targets/libxml2_repo_HTMLparser.c,2808,2772,2812,"ret = xmlStrndup(q, CUR_PTR - q);",ret = xmlMalloc(len + 1);,"        ret = xmlMalloc(len + 1);
        if (ret == NULL) {
            htmlParseErr(ctxt",0.9150124788284302,"[[436, 2629, 405, 11815, 44, 14314, 7, 6446, 4536, 16, 477, 185, 436, 562, 334, 2534, 2312, 4579, 8, 507, 185, 655, 11775, 19889, 12311, 7, 296, 530]]","[-0.05425933003425598, -1.4344536066055298, -0.002713452558964491, -0.8896884918212891, -0.7585753798484802, -0.006398784928023815, -0.32802292704582214, -0.11568423360586166, -0.2787580192089081, -0.09080914407968521, -0.05175425857305527, -0.01303885132074356, -0.10688825696706772, -0.5784922242164612, -0.19360484182834625, -0.04986707866191864, -0.27689194679260254, -0.0034973190631717443, -0.0008106521563604474, -0.1541844606399536, -0.011020036414265633, -0.05194418504834175, -0.3977825939655304, -0.024892840534448624, -0.0642111748456955, -0.24308696389198303, -0.0010939810890704393, -2.50339189733495e-06]",4.206422805786133,False,2.0,-6.182427539137734,-0.22080098354063335,28.0,-4.131044736597687,-0.3177726720459759,13.0,0.17970049674386382,1,17,28,15,0.6071428571428571,-2.879456162599295,-1.1154232615463344,True,17,0.6071428571428571,19.0,0.48275862068965514,6.0,1.9858922231765759
~/anvil/data/cve-targets/libxml2_repo_parser.c,7503,7419,7540,return;,return;,"		return;
	    if",0.1388895660638809,"[[184, 3404, 26, 185, 10212, 562]]","[-0.24271659553050995, -0.341292142868042, -0.0003121604095213115, -0.07429684698581696, -0.5368826389312744, -0.9790389537811279]",4.655555725097656,True,1.0,-2.1745393385062926,-0.3624232230843821,6.0,-1.1955003847251646,-0.23910007694503294,5.0,0.036662105091148436,1,4,5,4,0.8,-0.5808846564939015,-1.1029689800982516,False,2,0.3333333333333333,0.0,1.0,0.0,0.7731953847347829
~/anvil/data/cve-targets/sqlite3_repo_ext_misc_zipfile.c,380,370,390,pTab->pWriteFd = 0;,pTab->pWriteFd = 0;,"    pTab->pWriteFd = 0;
  }
  if(",0.0203319862484931,"[[315, 265, 14249, 12, 29, 79, 9083, 37, 67, 1412, 15, 26, 185, 207, 611, 185, 207, 562, 7]]","[-0.2552550435066223, -0.06470485776662827, -0.000871159543748945, -7.283422019099817e-05, -1.7165990357170813e-05, -0.0025121578946709633, -0.0017114529618993402, -0.0016969341086223722, -7.092700980138034e-05, -0.14506745338439941, -3.218599158572033e-05, -0.0006064721383154392, -0.48021435737609863, -0.10422953218221664, -0.00036090059438720345, -0.018711131066083908, -0.023798875510692596, -0.507936954498291, -0.013132507912814617]",9.780553817749023,True,2.0,-1.621002903657427,-0.08531594229775931,19.0,-1.0570625340751576,-0.07550446671965412,14.0,0.018004025811240765,0,10,13,10,0.7692307692307693,-0.2692818998905743,-1.0305775112542042,False,11,0.5789473684210527,0.0,1.0,0.0,1.0144005852474423
~/anvil/data/cve-targets/sqlite3_repo_src_pragma.c,602,591,634,** the locking-mode of the main database).,** the default value in the database file).,"      ** the default value in the database file).
      **
      ** The default value",0.9519516229629515,"[[730, 9220, 254, 3346, 1432, 279, 254, 4892, 1753, 628, 185, 730, 9220, 185, 730, 9220, 428, 3346, 1432]]","[-0.10978135466575623, -0.0010052633006125689, -0.3760145604610443, -1.4099199771881104, -2.1480045318603516, -1.768385410308838, -0.4789397716522217, -1.4795951843261719, -0.8392232656478882, -0.610314667224884, -0.781116783618927, -0.11739916354417801, -0.1840822547674179, -0.47927960753440857, -0.0004070168943144381, -0.0002826052950695157, -1.809119462966919, -2.1510250568389893, -1.1130225658416748]",11.94992446899414,False,2.0,-15.856918503937777,-0.8345746581019883,19.0,-10.119699933798984,-0.8433083278165819,12.0,0.4556406947904677,0,16,25,12,0.64,-1.1288298615853338,-1.0880135494910361,True,11,0.5789473684210527,24.0,0.611764705882353,13.0,2.0502986716084473
~/anvil/data/cve-targets/libxml2_repo_valid.c,4300,4193,4382,},},"    }
   ",0.0001126464339904,"[[315, 611, 185, 315]]","[-0.005233279429376125, -0.00010573305189609528, -0.08018017560243607, -0.023932036012411118]",6.782812118530273,True,1.0,-0.1094512240961194,-0.02736280602402985,4.0,-0.1094512240961194,-0.02736280602402985,4.0,0.001008527171591571,1,2,2,2,1.0,-0.004116772011301567,-1.045843991516221,False,1,0.25,0.0,1.0,0.0,0.8813340480212948
~/anvil/data/cve-targets/libpng_repo_pngset.c,456,444,497,if (num_palette < 0 || num_palette > PNG_MAX_PALETTE_LENGTH),if (num_palette > max_palette_length),   if (num_palette > max_palette_length),0.2684386968612671,"[[243, 562, 334, 6487, 62, 16515, 7934, 1938, 3034, 62, 16515, 7934, 62, 4082, 8, 32014]]","[-0.008039022795855999, -0.1094818040728569, -0.14420053362846375, -0.3048669993877411, -1.4305104514278355e-06, -1.0013530300057027e-05, -9.536738616588991e-07, -0.8715111613273621, -0.10262160748243332, -1.811964830267243e-05, -1.2397689715726301e-05, -2.3841855067985307e-07, -2.658331868587993e-05, -4.529942543740617e-06, -0.12872737646102905, -0.06313669681549072]",10.722220420837402,False,0.0,-1.669522771888154,-0.11130151812587694,15.0,-1.669522771888154,-0.11130151812587694,15.0,0.0484401193914394,1,18,12,12,1.5,-2.411815232903429,-1.0551268542855428,True,26,1.7333333333333334,33.0,0.5773195876288659,7.0,2.0726963192493764
~/anvil/data/cve-targets/poppler_repo_utils_HtmlOutputDev.cc,1250,1172,1284,unsigned char zero[1];,unsigned char zero[3];,            unsigned char zero[3];,0.5725902915000916,"[[655, 13680, 1555, 5854, 58, 18, 2818, 32014]]","[-0.0023725475184619427, -0.1268220990896225, -0.0025091851130127907, -0.32022979855537415, -0.025646157562732697, -0.8527525067329407, -0.3571982979774475, -0.06530393660068512]",10.941668510437012,False,0.0,-1.6875305925495923,-0.24107579893565603,7.0,-1.6875305925495923,-0.24107579893565603,7.0,0.08103647072567861,1,11,11,11,1.0,-2.375146298500572,-1.0609314014979923,True,6,0.8571428571428571,1.0,0.9545454545454546,1.0,2.01621364396217
~/anvil/data/cve-targets/poppler_repo_splash_SplashXPathScanner.cc,283,203,293,"if (!addIntersection(segYMin, segYMax, y, x0, x1, count))","if (!addIntersection(segYMin, segYMax, y, x0, x1, count))","                if (!addIntersection(segYMin, segYMax, y, x0, x1, count))",0.0336816571652889,"[[1044, 562, 5036, 1761, 5317, 2190, 7, 8353, 56, 7729, 11, 2048, 56, 8924, 11, 320, 11, 1371, 15, 11, 1371, 16, 11, 1683, 1435, 32014]]","[-0.0027887048199772835, -0.32821765542030334, -0.40809935331344604, -0.020061679184436798, -0.0004048719711136073, -0.00015710550360381603, -0.004596382845193148, -0.030368028208613396, -0.015179356560111046, -0.004192966967821121, -0.0012041230220347643, -0.004156878218054771, -8.844937838148326e-05, -6.329813186312094e-05, -6.913899414939806e-05, -0.01729455217719078, -0.013152273371815681, -0.005454656668007374, -0.008490536361932755, -0.002163809258490801, -0.0013442536583170295, -0.0004894727608188987, -0.0011884062550961971, -0.03421835973858833, -0.016159042716026306, -0.18154305219650269]",10.66944408416748,True,0.0,-0.9196033555053873,-0.036784134220215495,25.0,-0.9196033555053873,-0.036784134220215495,25.0,0.009763187866719453,0,26,26,26,1.0,-0.9156571951278504,-1.0537356290322408,False,24,0.96,0.0,1.0,0.0,1.137787440462924
~/anvil/data/cve-targets/poppler_repo_poppler_Parser.cc,167,68,191,shift();,if (buf1.,            if (buf1.,0.9933616518974304,"[[655, 562, 334, 9455, 16, 13]]","[-0.018829410895705223, -1.1675786972045898, -0.1394522339105606, -0.7252019643783569, -0.7060167193412781, -0.001750485971570015]",9.322916984558104,False,0.0,-2.7588295117020607,-0.4598049186170101,6.0,-2.7588295117020607,-0.4598049186170101,6.0,0.1898164447742843,1,8,5,5,1.6,-2.160398055082227,-1.0188539475998597,True,2,0.3333333333333333,8.0,0.3529411764705882,6.0,2.144078227619147
~/anvil/data/cve-targets/php_repo_ext_phar_phar.c,174,159,201,if (phar->signature) {,if (phar->signature) {,	if (phar->signature) {,0.0999315604567527,"[[2944, 334, 690, 268, 12, 29, 26430, 8, 507, 32014]]","[-0.016486721113324165, -0.004044093191623688, -0.004160440061241388, -1.9073468138230965e-06, -0.00029881304362788796, -2.7418097943154862e-06, -0.8100117444992065, -0.05594246834516525, -0.0010708795161917806, -0.03043278679251671]",6.921700477600098,True,0.0,-0.8920198089269888,-0.09911331210299876,9.0,-0.8920198089269888,-0.09911331210299876,9.0,0.06346047336384475,0,13,13,13,1.0,-1.0082556857034866,-1.04221889980068,False,9,1.0,0.0,1.0,0.0,1.0282557895987763
~/anvil/data/cve-targets/poppler_repo_poppler_FileSpec.cc,124,119,129,{,{,"{
   ",0.0045172316022217,"[[90, 185, 315]]","[-0.0045169941149652, -0.47703033685684204, -0.022343678399920464]",8.368446350097656,True,1.0,-0.5038910093717277,-0.1679636697905759,3.0,-0.5038910093717277,-0.1679636697905759,3.0,0.04781406745782435,0,2,2,2,1.0,-0.02689409922904145,-1.0051968078442886,False,1,0.3333333333333333,0.0,1.0,0.0,0.9873823238612596
~/anvil/data/cve-targets/lua_repo_ldebug.c,355,326,359,"if (strchr(what, 'L'))","else if (strchr(what, 'l'))","  else if (strchr(what, 'l'))
    if (cl)",0.4812550246715545,"[[207, 1969, 562, 334, 2006, 358, 81, 7, 5003, 11, 651, 75, 14621, 185, 315, 562, 334, 535, 8]]","[-0.006822031922638416, -0.8121380805969238, -0.8978570103645325, -0.09863591194152832, -0.4038921296596527, -0.007698509376496077, -2.7179348762729205e-05, -0.0012503195321187377, -0.0009335688664577901, -0.0021885510068386793, -0.005453352816402912, -1.4027024507522583, -0.0803048238158226, -0.7422739863395691, -0.005052655003964901, -1.28779137134552, -0.1523275375366211, -0.9119017720222473, -0.33192333579063416]",7.461803913116455,False,1.0,-7.15117457803899,-0.37637760937047315,19.0,-4.467230561343968,-0.2978153707562645,15.0,0.1888883629614784,0,19,28,20,0.6785714285714286,-1.6159509277491895,-1.0282408319952594,True,11,0.5789473684210527,6.0,0.8571428571428572,7.0,2.180518535371855
~/anvil/data/cve-targets/php_repo_ext_exif_exif.c,945,873,977,"{ 0x0079, ""IntelligentDRange""},","{ 0x0078, ""BurstSheed2""},","  { 0x0078, ""BurstSheed2""},
  { 0x007",1.5321438312530518,"[[207, 507, 207, 15, 87, 15, 15, 22, 23, 11, 440, 33, 332, 292, 4613, 271, 17, 22294, 185, 207, 507, 207, 15, 87, 15, 15, 22]]","[-8.642300235806033e-05, -0.0011836434714496136, -1.3351351299206726e-05, -7.152555099310121e-07, -6.69933797325939e-05, -3.099393507000059e-05, -0.00020847532141488045, -0.03255130723118782, -0.3830231726169586, -1.4305012882687151e-05, -8.570780482841656e-05, -2.192157506942749, -0.08235178142786026, -0.0005457103834487498, -2.38394832611084, -0.07383900135755539, -2.6663293838500977, -0.0036778682842850685, -0.20148642361164093, -0.00011276562872808427, -0.002311655320227146, -1.3828182090946939e-05, -4.0531076592742465e-06, -0.0001433984871255234, -4.207999518257566e-05, -8.761498611420393e-05, -0.005974292289465666]",15.697221755981444,False,1.0,-8.030290778347762,-0.29741817697584305,27.0,-8.021713855979897,-0.40108569279899486,20.0,0.7290647157137491,0,10,14,10,0.7142857142857143,-3.8199912356905976,-1.1948683764742452,True,16,0.5925925925925926,17.0,0.5714285714285714,2.0,1.7775166972444243
~/anvil/data/cve-targets/php_repo_ext_phar_util.c,254,206,284,return ret;,return ret;,				return ret;,0.0160332005470991,"[[1749, 3404, 2629, 26, 32014]]","[-0.0007569308509118855, -0.043603576719760895, -0.004252320621162653, -0.0003446938644628972, -0.03892134875059128]",11.453516006469728,True,0.0,-0.04895752205629833,-0.012239380514074583,4.0,-0.04895752205629833,-0.012239380514074583,4.0,0.00033020903753031646,0,5,5,5,1.0,-1.3099683050675517,-1.074594509943695,False,3,0.75,0.0,1.0,0.0,0.8428013374340976
~/anvil/data/cve-targets/libpng_repo_pngset.c,1031,950,1034,++np;,np->name_len,      np->name_len,0.2701110541820526,"[[730, 21807, 12, 29, 1523, 62, 6446]]","[-0.5851926207542419, -0.5957722067832947, -0.3705044388771057, -0.00026592056383378804, -1.3290044069290161, -0.942804217338562, -0.7908762693405151]",9.347919464111328,False,0.0,-4.614420080586569,-0.6592028686552242,7.0,-4.614420080586569,-0.6592028686552242,7.0,0.153349622953314,0,6,7,7,0.8571428571428571,-0.40975406362093053,-1.0194909935505376,True,3,0.42857142857142855,11.0,0.23529411764705888,5.0,2.029032011209258
~/anvil/data/cve-targets/openssl_repo_crypto_pkcs7_pk7_doit.c,605,587,741,return 0;,goto err;,"        goto err;
    }
",0.6462637782096863,"[[436, 2138, 78, 1572, 26, 185, 315, 611, 185]]","[-0.0034702338743954897, -0.18665756285190582, -1.7881377516459906e-06, -0.0001113352773245424, -0.00039283663500100374, -0.127237007021904, -0.008999736048281193, -0.00017331528943032026, -0.008713320828974247]",12.969444274902344,False,2.0,-0.33575713596496826,-0.03730634844055203,9.0,-0.3268704998465637,-0.046695785692366244,7.0,0.005122861629594057,0,5,6,5,0.8333333333333334,-13.839873740797481,-1.116101262757034,True,4,0.4444444444444444,7.0,0.33333333333333337,3.0,1.8140789844836558
~/anvil/data/cve-targets/lua_repo_ldebug.c,113,103,121,if (isLua(L->ci)),if (L->hook != func),"  if (L->hook != func)
    L->oldhook =",1.8016884326934812,"[[207, 562, 334, 43, 12, 29, 18863, 2069, 28, 12293, 8, 185, 315, 412, 12, 29, 839, 18863, 405]]","[-0.08906421810388565, -0.6865129470825195, -0.12730902433395386, -1.1191935539245605, -0.07639765739440918, -1.9907753085135482e-05, -0.7401515245437622, -1.1787958145141602, -0.00300028407946229, -0.48148202896118164, -0.6085548996925354, -1.1044580936431885, -0.012671197764575481, -1.0450713634490967, -0.012962483800947666, -0.00016091958968900144, -0.8077565431594849, -1.007796049118042, -0.06197366490960121]",9.363887786865234,False,1.0,-9.163332175818141,-0.48228064083253375,19.0,-6.2276111517912796,-0.4790470116762523,13.0,0.19462288107000836,1,17,17,15,1.0,-3.7609845981276915,-1.0198980638287443,True,11,0.5789473684210527,15.0,0.4864864864864865,7.0,2.344971608132171
~/anvil/data/cve-targets/php_repo_ext_exif_exif.c,3710,3696,3931,if (ImageInfo->FileSize >= dir_offset+2) {,if (ImageInfo->FileSize >= dir_offset+2 && ImageInfo->FileSize - dir_offset,	if (ImageInfo->FileSize >= dir_offset+2 && ImageInfo->FileSize - dir_offset,0.352004200220108,"[[2944, 334, 6635, 4580, 12, 29, 3882, 5142, 17237, 4764, 62, 9668, 10, 17, 2956, 12955, 4580, 12, 29, 3882, 5142, 567, 4764, 62, 9668]]","[-0.8155938386917114, -0.2078295201063156, -0.6981855034828186, -9.63164638960734e-05, -0.020253632217645645, -1.0609570381348021e-05, -0.49467313289642334, -0.003634159453213215, -0.758502721786499, -0.053707707673311234, -3.933898824470816e-06, -0.1814071387052536, -1.2467278242111206, -0.17963290214538574, -0.7159674167633057, -0.06627078354358673, -1.2040065485052764e-05, -6.258291978156194e-05, -2.5987286790041253e-05, -0.007124968804419041, -1.6331539882230572e-05, -0.5330020785331726, -0.062002237886190414, -1.2278481335670222e-05, -0.001388420001603663]",2.072917222976685,False,0.0,-6.046144067128353,-0.2418457626851341,25.0,-6.046144067128353,-0.2418457626851341,25.0,0.11925788286471999,1,19,22,22,0.8636363636363636,-1.4554904593403701,-1.1765325307131256,True,16,0.64,35.0,0.6837606837606838,11.0,1.7794380369996194
~/anvil/data/cve-targets/libxml2_repo_HTMLparser.c,3862,3808,3891,},},"    }
   ",0.0003271759778726,"[[315, 611, 185, 315]]","[-0.002397997537627816, -0.0003281293320469558, -0.12562909722328186, -0.07874872535467148]",8.504340171813965,True,1.0,-0.2071039494476281,-0.05177598736190703,4.0,-0.2071039494476281,-0.05177598736190703,4.0,0.002816719601492469,0,2,2,2,1.0,-0.00631906786413719,-1.001787601354725,False,1,0.25,0.0,1.0,0.0,0.9957053551783299
~/anvil/data/cve-targets/poppler_repo_poppler_GfxState.cc,2420,2399,2421,"alt->getRGB(&color2, rgb);","alt->getRGB(&color2, rgb);","        alt->getRGB(&color2, rgb);
}
void GfxSeparation",0.0290783420205116,"[[436, 2906, 12, 29, 703, 49, 6691, 9299, 3122, 17, 11, 427, 17152, 477, 185, 92, 185, 4563, 452, 18498, 17384, 18789]]","[-0.02678127959370613, -0.25697800517082214, -0.0023557788226753473, -1.5497195136049413e-06, -0.02440726011991501, -0.04505850002169609, -0.005565505009144545, -0.021541668102145195, -0.0005410637822933495, -0.000773488252889365, -0.0008696111617609859, -0.013925534673035145, -5.8412379075889476e-06, -0.005930683575570583, -0.4323536455631256, -0.032974474132061005, -0.0012305553536862135, -0.7776859998703003, -0.008874380961060524, -0.0002134810492862016, -0.03297389671206474, -0.00027164106722921133]",6.838367462158203,True,2.0,-1.6913138439518889,-0.07687790199781314,22.0,-0.8370894148062007,-0.055805960987080044,15.0,0.014021821285176862,1,16,21,16,0.7619047619047619,-0.5210615766879042,-1.0443924442064294,False,13,0.5909090909090909,0.0,1.0,0.0,1.047823411788883
~/anvil/data/cve-targets/libsndfile_repo_src_double64.c,76,70,214,if (psf->sf.channels < 1),if (psf->sf.channels < 1),	if (psf->sf.channels < 1),0.29916912317276,"[[2944, 334, 829, 69, 12, 29, 5274, 13, 358, 9982, 8086, 16, 8, 32014]]","[-0.9005681276321411, -0.18721595406532288, -0.22726711630821228, -4.076874756719917e-05, -0.15856780111789703, -2.706014311115723e-05, -0.44759225845336914, -0.0031753377988934517, -0.1882406622171402, -0.00013767725613433868, -1.162973165512085, -0.30795741081237793, -0.34031620621681213, -0.08667205274105072]",2.917360305786133,True,0.0,-3.924079546281064,-0.3018522727908511,13.0,-3.924079546281064,-0.3018522727908511,13.0,0.11825519058930326,1,18,18,18,1.0,-0.9911110504708699,-1.1519550036136073,False,13,1.0,0.0,1.0,0.0,0.8252398490854986
~/anvil/data/cve-targets/sqlite3_repo_src_pragma.c,513,505,526,if( !zRight ){,if( 1==sqlite3BtreeGetPage,    if( 1==sqlite3BtreeGetPage,1.4709761142730713,"[[315, 562, 7, 207, 16, 780, 6204, 547, 18, 33, 9221, 3106, 7984]]","[-0.18221232295036316, -0.8566242456436157, -0.05941126123070717, -1.4958360195159912, -0.8113825917243958, -0.23599247634410858, -1.32997465133667, -0.013475293293595314, -0.004022246692329645, -0.7403246164321899, -0.017095349729061127, -0.6982807517051697, -0.3594140112400055]",7.195137023925781,False,0.0,-6.804045837838203,-0.5233881413721695,13.0,-6.804045837838203,-0.5233881413721695,13.0,0.23808587244772805,0,12,7,7,1.7142857142857142,-2.810488045099007,-1.0351186772920302,True,7,0.5384615384615384,20.0,0.30000000000000004,10.0,2.207192115752146
~/anvil/data/cve-targets/libtiff_repo_libtiff_tif_predict.c,483,474,493,tmsize_t wc = cc/2;,tmsize_t wc = cc;,"	tmsize_t wc = cc;
	REPEAT4(cc,",0.5396921634674072,"[[19755, 1400, 938, 62, 83, 259, 66, 405, 26383, 26, 185, 184, 1369, 3855, 1392, 19, 7, 566, 11]]","[-0.8531004190444946, -0.0066973501816391945, -3.158996332786046e-05, -4.911301948595792e-05, -1.5616295058862306e-05, -0.039952971041202545, -0.008501528762280941, -0.12219663709402084, -0.38044166564941406, -0.30428072810173035, -0.6957119107246399, -0.9705034494400024, -0.8878285884857178, -0.00556669058278203, -0.0030342750251293182, -0.19460761547088623, -0.03661370277404785, -0.7084161043167114, -0.042181506752967834]",4.061804294586182,False,1.0,-5.25973146272554,-0.27682797172239687,19.0,-3.3814829793172976,-0.28179024827644145,12.0,0.12123095161679535,1,11,12,8,0.9166666666666666,-1.9152265444542964,-1.1194633317933655,True,12,0.631578947368421,2.0,0.9444444444444444,3.0,1.860175205036562
~/anvil/data/cve-targets/libpng_repo_pngrutil.c,128,-27,278,*/,* The length, * The length,0.758586049079895,"[[572, 428, 3960]]","[-0.6335858702659607, -2.026566743850708, -2.120476722717285]",15.17430591583252,False,0.0,-4.780629336833954,-1.5935431122779846,3.0,-4.780629336833954,-1.5935431122779846,3.0,0.4622288006007859,0,3,4,4,0.75,-0.47603735552249304,-1.1793496448455678,True,1,0.3333333333333333,11.0,0.1428571428571429,4.0,1.641276743616508
~/anvil/data/cve-targets/libxml2_repo_HTMLparser.c,2762,2727,2765,NEXT;,if (ret == NULL),        if (ret == NULL),1.0315552949905396,"[[436, 562, 334, 2534, 2312, 4579, 8]]","[-0.53120356798172, -1.1356985569000244, -0.30547797679901123, -0.35032474994659424, -0.07090038806200027, -0.005058585200458765, -0.0024851649068295956]",5.500695705413818,False,0.0,-2.4011489897966385,-0.3430212842566626,7.0,-2.4011489897966385,-0.3430212842566626,7.0,0.13849229824288917,1,4,13,13,0.3076923076923077,-3.007263229236491,-1.0799093659057626,True,3,0.42857142857142855,15.0,0.09523809523809523,12.0,1.9449477078524062
~/anvil/data/cve-targets/poppler_repo_utils_ImageOutputDev.cc,326,312,464,unsigned char zero[1];,unsigned char zero[1];,    unsigned char zero[1];,0.5796263813972473,"[[315, 13680, 1555, 5854, 58, 16, 2818, 32014]]","[-0.02176319807767868, -0.4744066894054413, -0.10517364740371704, -0.15254421532154083, -0.04069389030337334, -1.4721052646636963, -1.0647413730621338, -0.364734947681427]",9.802780151367188,True,0.0,-3.3314282782375813,-0.4759183254625116,7.0,-3.3314282782375813,-0.4759183254625116,7.0,0.28240041491014417,1,11,11,11,1.0,-1.2179114574626835,-1.0311503193718827,False,6,0.8571428571428571,0.0,1.0,0.0,1.0943898078897674
~/anvil/data/cve-targets/libpng_repo_pngrutil.c,1712,1691,1740,},},"   }
  ",6.508615479106084e-05,"[[243, 611, 185, 243]]","[-0.001413061749190092, -6.115249561844394e-05, -0.16249769926071167, -0.03210914507508278]",11.359201431274414,True,1.0,-0.19608105858060298,-0.049020264645150746,4.0,-0.19608105858060298,-0.049020264645150746,4.0,0.004456638640522421,1,2,2,2,1.0,-0.0013277397676697239,-1.0720637465967426,False,1,0.25,0.0,1.0,0.0,0.8132770604056573
~/anvil/data/cve-targets/openssl_repo_crypto_pkcs7_pk7_doit.c,739,587,741,EVP_MD_CTX_free(ctx_tmp);,if (si_sk != NULL),"    if (si_sk != NULL)
        sk_PKCS7_SIGNER_INFO_",0.1152188181877136,"[[315, 562, 334, 5071, 62, 2939, 2069, 28, 4579, 8, 185, 436, 1922, 62, 30048, 9775, 22, 62, 50, 10000, 1004, 62, 17980, 62]]","[-0.012760769575834274, -0.8844016790390015, -0.07367932051420212, -0.769959568977356, -0.038176245987415314, -3.015949550899677e-05, -0.14619795978069305, -0.0001436368766007945, -0.0005214046686887741, -0.03279198333621025, -0.6126267313957214, -0.0014340127818286419, -0.026214053854346275, -0.021059710532426834, -0.033659256994724274, -1.4662635294371285e-05, -8.583032467868179e-06, -2.7417760065873154e-05, -0.00014733182615600526, -7.271740287251305e-06, -2.3483953555114567e-05, -7.271740287251305e-06, -2.932505594799295e-05, -0.00020859450160060078]",7.8222222328186035,False,1.0,-2.654130436056221,-0.1105887681690092,24.0,-2.572723472429061,-0.21439362270242177,12.0,0.10235337391523942,0,9,14,13,0.6428571428571429,-0.5374171896317889,-1.019017526676896,True,14,0.5833333333333334,23.0,0.18604651162790697,11.0,2.04493471608426
~/anvil/data/cve-targets/php_repo_ext_standard_dns.c,417,391,729,CHECKCP(dlen);,CHECKCP(dlen);,"	CHECKCP(dlen);
	tp = (",0.2510885298252105,"[[184, 27522, 7350, 7, 67, 6446, 477, 185, 184, 15172, 405, 334]]","[-0.5817736387252808, -0.9851095080375671, -0.002684206236153841, -0.01605241373181343, -0.4282571077346802, -0.00011205045302631333, -0.18979839980602264, -0.4872053861618042, -0.6169125437736511, -0.9096055030822754, -0.0031481252517551184, -0.7013015151023865]",2.955554723739624,True,1.0,-4.921960398096417,-0.4101633665080347,12.0,-3.3079052546599996,-0.3675450282955555,9.0,0.10341553716535938,1,9,12,9,0.75,-0.6831503910952147,-1.150855572327077,False,6,0.5,0.0,1.0,0.0,0.7197932902945369
~/anvil/data/cve-targets/libsndfile_repo_src_common.c,1453,1438,1462,#if CPU_CLIPS_NEGATIVE == 0,#if CPU_CLIPS_NEGATIVE == 0,#if CPU_CLIPS_NEGATIVE == 0,0.0249679610133171,"[[2, 351, 11215, 62, 6787, 26229, 62, 8278, 38, 1392, 13013, 7400, 15, 32014]]","[-0.10957571864128113, -0.006758804898709059, -0.029153496026992798, -9.536288416711614e-05, -0.002022127853706479, -0.005050045438110828, -0.0003522014303598553, -0.04894382879137993, -0.004823477007448673, -0.0024698248598724604, -0.001743821892887354, -0.01069551520049572, -0.10690893232822418, -0.16261786222457886]",9.007640838623049,True,0.0,-0.3285931572536356,-0.02527639671181812,13.0,-0.3285931572536356,-0.02527639671181812,13.0,0.0014306414695527555,0,6,6,6,1.0,-0.9877974814995363,-1.0108550038159656,False,13,1.0,0.0,1.0,0.0,1.0207151995427703
~/anvil/data/cve-targets/openssl_repo_crypto_x509_x509_vfy.c,963,948,997,if (crl_score < best_score),if (crl_score < best_score),        if (crl_score < best_score),0.1886509358882904,"[[436, 562, 334, 7251, 75, 62, 20709, 1013, 1598, 62, 20709, 8, 32014]]","[-0.016956590116024017, -0.3021630346775055, -0.04681781679391861, -0.11949299275875092, -0.00014673586701974273, -0.05471189692616463, -0.010012403130531311, -0.8441218733787537, -0.66681969165802, -8.344646857949556e-07, -0.00031275625224225223, -0.11189097166061401, -0.5386734008789062]",9.433331489562988,True,0.0,-2.1734475976842305,-0.18112063314035254,12.0,-2.1734475976842305,-0.18112063314035254,12.0,0.07393399090337748,1,12,12,12,1.0,-1.0415761728378155,-1.0216702391620058,False,11,0.9166666666666666,0.0,1.0,0.0,1.08134608137604
~/anvil/data/cve-targets/libxml2_repo_valid.c,501,437,514,case XML_ENTITY_DECL:,case XML_ENTITY_DECL:,	case XML_ENTITY_DECL:,0.0361477360129356,"[[14288, 17170, 62, 4208, 10843, 62, 2505, 6787, 25, 32014]]","[-0.005623829085379839, -0.00015770144818816334, -2.2411095415009186e-05, -0.0910036638379097, -0.00552282715216279, -0.005916937254369259, -0.2007410079240799, -0.0019972631707787514, -0.012124882079660892, -0.02479202300310135]",8.805521011352539,True,0.0,-0.3231105230479443,-0.035901169227549365,9.0,-0.3231105230479443,-0.035901169227549365,9.0,0.004136304438286878,0,5,5,5,1.0,-1.006867931900029,-1.0057600410997998,False,9,1.0,0.0,1.0,0.0,1.0239765613648155
~/anvil/data/cve-targets/php_repo_ext_exif_exif.c,133,118,137,exif_globals->decode_jis_be     = NULL;,exif_globals->decode_jis_be     = NULL;,	exif_globals->decode_jis_be     = NULL;,0.0024974180851131,"[[184, 790, 351, 62, 30420, 909, 12, 29, 28991, 62, 73, 262, 62, 1338, 251, 405, 4579, 26, 32014]]","[-0.0015482831513509154, -0.00020704510097857565, -2.264974000354414e-06, -3.576278118089249e-07, -6.794906312279636e-06, -3.576278118089249e-07, -5.125986263010418e-06, -1.1920928244535389e-07, -0.002419522497802973, -2.0265558760002023e-06, -0.0002821285743266344, -7.033323527139146e-06, -0.0029186292085796595, -0.035082556307315826, -0.030388496816158295, -0.00024530262453481555, -3.838465272565372e-05, -1.8358061424805783e-05, -0.0263761505484581]",8.613889694213867,True,0.0,-0.073172787206083,-0.004065154844782389,18.0,-0.073172787206083,-0.004065154844782389,18.0,0.00010409677950449794,0,11,11,11,1.0,-0.6143475907980546,-1.000953186556854,False,17,0.9444444444444444,0.0,1.0,0.0,1.1004157894206428
~/anvil/data/cve-targets/php_repo_ext_phar_phar.c,2336,2181,2486,},},"		}
",7.977174282073975,"[[184, 1839, 185]]","[-0.47717446088790894, -0.004893707111477852, -0.04946064576506615]",14.245832443237305,True,1.0,-0.5315288137644529,-0.17717627125481764,3.0,-0.5315288137644529,-0.17717627125481764,3.0,0.045330492228391556,0,2,2,2,1.0,-45.02394268474631,-1.1522900398508122,False,1,0.3333333333333333,0.0,1.0,0.0,1.6050546615136194
~/anvil/data/cve-targets/libpng_repo_pngset.c,683,602,757,else,else,         else,0.0016139827203005,"[[294, 1969, 32014]]","[-0.07315593212842941, -0.0014761515194550157, -0.3146663010120392]",6.4233832359313965,True,0.0,-0.07463208364788443,-0.037316041823942214,2.0,-0.07463208364788443,-0.037316041823942214,2.0,0.0012844977370376756,0,2,2,2,1.0,-0.04325171270616805,-1.0552840040939795,False,1,0.5,0.0,1.0,0.0,0.8570215461521477
~/anvil/data/cve-targets/openssl_repo_crypto_asn1_a_type.c,70,54,98,case V_ASN1_NEG_INTEGER:,case V_ASN1_BOOLEAN:,"    case V_ASN1_BOOLEAN:
        result = a->value.boolean ==",0.872806191444397,"[[315, 1452, 627, 62, 3146, 45, 16, 62, 9311, 46, 1535, 1934, 25, 185, 436, 1228, 405, 245, 12, 29, 2824, 13, 15509, 2312]]","[-0.010261043906211853, -0.006028326693922281, -0.0020078516099601984, -1.0847986231965479e-05, -0.00040844682371243834, -2.50339189733495e-06, -3.4450891689630225e-05, -0.00016616393986623734, -0.2710457742214203, -0.000532008707523346, -2.7179348762729205e-05, -0.0003687655262183398, -0.0009829933987930417, -0.013714960776269436, -0.2713126242160797, -0.11568805575370789, -0.049045760184526443, -0.8082327842712402, -0.00194193993229419, -2.264974000354414e-06, -0.009334847331047058, -0.0005432083853520453, -0.8044955730438232, -0.7200731635093689]",9.201214790344238,False,1.0,-3.086261538823919,-0.12859423078432997,24.0,-0.5769039414385588,-0.03846026276257059,15.0,0.008348254516924069,1,5,15,5,0.3333333333333333,-22.693713686579624,-1.0157587396324463,True,14,0.5833333333333334,10.0,0.6818181818181819,1.0,2.10290801219443
~/anvil/data/cve-targets/libtiff_repo_libtiff_tif_dirread.c,5768,5720,5775,"uint64_t nstrips64 = TIFFhowmany_64(bytecount, stripbytes);",/*,"	/*
	 * If we are going to allocate a lot of memory, make sure that the */
	/* file is as big as needed */
	nstrips = (uint32_t",1.1704187393188477,"[[12740, 185, 184, 572, 1271, 394, 417, 1864, 276, 13610, 387, 245, 2592, 280, 4876, 11, 1098, 2037, 344, 254, 1641, 185, 12740, 1753, 317, 372, 2557, 372, 4059, 1641, 185, 184, 77, 26763, 829, 405, 334, 9842, 18, 17, 62, 83]]","[-0.9507296085357666, -0.6252325773239136, -0.02023143693804741, -0.003179021645337343, -2.2772672176361084, -1.0909948348999023, -0.9231943488121033, -0.3979944884777069, -0.007000206504017115, -0.20253361761569977, -0.0007326302584260702, -0.033967308700084686, -0.0061827111057937145, -0.001149232150055468, -0.0025157250929623842, -0.010727476328611374, -0.0368473157286644, -0.002066859044134617, -0.019879156723618507, -0.026667766273021698, -0.3609570264816284, -0.0013312773080542684, -0.20677584409713745, -0.06132134795188904, -0.005732287652790546, -0.017931727692484856, -0.0007429938414134085, -0.0008761619683355093, -0.014160040766000748, -0.09289340674877167, -0.0075087458826601505, -0.7924946546554565, -0.7689812183380127, -0.0004944770480506122, -4.291525328881107e-06, -0.4917256236076355, -0.45029115676879883, -0.02974451519548893, -0.002869419287890196, -1.7881377516459906e-06, -6.222531374078244e-05, -3.71926071238704e-05]",3.691666603088379,False,3.0,-9.94603096267042,-0.2368102610159624,42.0,-1.5961936227977276,-0.5320645409325758,3.0,0.1486446160602919,1,15,7,3,2.142857142857143,-2.1997683537929382,-1.1298702969939995,True,26,0.6190476190476191,59.0,0.0,14.0,1.9576862879033659
~/anvil/data/cve-targets/libtiff_repo_libtiff_tif_predict.c,261,254,304,unsigned char* cp = (unsigned char*) cp0;,uint8_t* cp = cp0;,	uint8_t* cp = cp0;,0.37779501080513,"[[184, 9842, 23, 62, 83, 9, 24276, 405, 24276, 15, 26, 32014]]","[-0.4831250309944153, -0.46919047832489014, -0.0430845245718956, -0.002413933165371418, -0.0032373659778386354, -0.19147507846355438, -0.06954843550920486, -0.07457990944385529, -0.1422213464975357, -0.0003923600015696138, -0.22370073199272156, -0.6462696194648743]",3.028472185134888,False,0.0,-1.7029691949428525,-0.15481538135844114,11.0,-1.7029691949428525,-0.15481538135844114,11.0,0.02810065412034589,1,21,10,10,2.1,-2.4402937711365276,-1.1487595466991989,True,12,1.0909090909090908,27.0,0.47457627118644063,12.0,1.8774806969344424
~/anvil/data/cve-targets/libpng_repo_png.h,2655,2500,2805,*/,*/,"    */
#",0.0623376369476318,"[[315, 1641, 185, 2]]","[-0.217759907245636, -0.062337636947631836, -0.004781597759574652, -0.3227038085460663]",5.680727481842041,True,1.0,-0.6075829504989088,-0.1518957376247272,4.0,-0.2848791419528425,-0.09495971398428082,3.0,0.00809206000701595,1,3,3,3,1.0,-0.6564640344004288,-1.0750598374194444,False,1,0.25,0.0,1.0,0.0,0.8246709996444334
~/anvil/data/cve-targets/libsndfile_repo_src_wavlike.c,712,679,743,if ((psf->cart_16k = cart_var_alloc ()) == NULL),psf->cart_16k = malloc (sizeof (SF_CART_INFO_16K)) ;,"	psf->cart_16k = malloc (sizeof (SF_CART_INFO_16K)) ;
	if (!psf",1.402266025543213,"[[184, 829, 69, 12, 29, 24455, 62, 16, 21, 74, 405, 273, 14314, 334, 3017, 990, 334, 31708, 62, 34, 6969, 62, 17980, 62, 16, 21, 42, 1435, 6203, 185, 2944, 5036, 829, 69]]","[-0.4560568928718567, -0.05397745966911316, -9.65590606938349e-06, -0.013665573671460152, -4.768370445162873e-07, -0.011882005259394646, -0.00031919151660986245, -0.0020535350777208805, -4.768360213347478e-06, -0.00010585224663373083, -0.005813594441860914, -0.8471724390983582, -0.0018021309515461326, -0.04381103068590164, -0.6882060766220093, -0.004575260449200869, -0.21653512120246887, -0.020540382713079453, -0.0003215749457012862, -0.00017867876158561558, -4.0531076592742465e-06, -0.00013386306818574667, -9.48860906646587e-05, -0.0007800396997481585, -0.0002889215829782188, -1.2278481335670222e-05, -0.0001528146385680884, -0.026413071900606155, -0.0006823595031164587, -0.03517474606633186, -0.018204161897301674, -0.12879329919815063, -0.09691660851240158, -1.4305104514278355e-06]",7.502776145935059,False,1.0,-2.674684235545328,-0.078667183398392,34.0,-2.430768735427023,-0.08102562451423409,30.0,0.0418943637983479,0,26,25,20,1.04,-17.306451310311978,-1.0271881381584598,True,22,0.6470588235294118,35.0,0.52,21.0,2.378252640981745
~/anvil/data/cve-targets/sqlite3_repo_src_vdbe.c,5755,5600,5905,"** seek operation now, without further delay.  If the cursor seek has","** deferred seek.  If the deferred seek was not needed, then this opcode","** deferred seek.  If the deferred seek was not needed, then this opcode
** is a no",3.3701062202453613,"[[742, 972, 11366, 9852, 13, 207, 1271, 254, 972, 11366, 9852, 438, 441, 4059, 11, 930, 437, 1034, 2108, 185, 742, 317, 245, 637]]","[-0.00021681819634977728, -1.0599439144134521, -0.005694595165550709, -0.949370265007019, -0.8072455525398254, -0.22634971141815186, -0.576032817363739, -1.3761639595031738, -1.2768161296844482, -0.00754495058208704, -0.09828005731105804, -1.784666895866394, -0.7750299572944641, -2.2246320247650146, -0.5924738645553589, -1.1382430791854858, -1.728942632675171, -1.062924861907959, -0.00842185877263546, -0.4595033526420593, -3.5523738915799186e-05, -0.589924693107605, -0.0844360813498497, -0.01420164667069912]",21.615766525268555,False,1.0,-16.847095243716467,-0.7019623018215194,24.0,-16.158497298849397,-0.8079248649424698,20.0,0.41250227116723537,0,19,27,21,0.7037037037037037,-4.171311425704589,-1.3854148886039255,True,15,0.625,57.0,0.42553191489361697,16.0,1.6156470719307199
~/anvil/data/cve-targets/sqlite3_repo_src_where.c,2442,2336,2707,"** However, the nIn multiplier should only be applied once, not once","** The following loop checks that pTerm is the first such term in use,","        ** The following loop checks that pTerm is the first such term in use,
        ** and sets nIn back to ",2.6299047470092773,"[[436, 9220, 428, 1884, 7845, 14223, 344, 265, 14896, 317, 254, 1019, 1109, 1632, 279, 931, 11, 185, 436, 9220, 285, 6229, 291, 769, 1060, 276, 207]]","[-7.819823804311454e-05, -0.0013943722005933523, -2.0456326007843018, -2.432553291320801, -0.13102072477340698, -1.705161452293396, -0.18421265482902527, -0.23476701974868774, -0.03880587965250015, -0.04560112953186035, -0.07377588748931885, -0.1391509622335434, -0.025385158136487007, -0.013862637802958488, -0.15213055908679962, -0.5084580779075623, -0.11424766480922699, -0.16384173929691315, -4.088794958079234e-05, -0.0004070168943144381, -0.015209648758172989, -0.10329936444759369, -0.014020519331097603, -0.00508100213482976, -0.04572948068380356, -0.0007960011716932058, -0.005705618765205145]",17.960464477539062,False,1.0,-8.200369550271716,-0.30371739075080434,27.0,-8.010120898085006,-0.42158531042552666,19.0,0.5310300285407739,0,18,28,17,0.6428571428571429,-6.238131837076548,-1.2644245305928148,True,16,0.5925925925925926,56.0,0.37681159420289856,18.0,1.8255125885574368
~/anvil/data/cve-targets/openssl_repo_crypto_x509_x509_vfy.c,966,948,997,if (crl_score == best_score) {,if (crl_score == best_score &&,"        if (crl_score == best_score &&
            X509_CRL",0.2351540923118591,"[[436, 562, 334, 7251, 75, 62, 20709, 2312, 1598, 62, 20709, 2956, 185, 655, 1439, 20, 15, 24, 62, 34, 7930]]","[-0.0011730464175343513, -0.08104052394628525, -0.1629604548215866, -0.8415787816047668, -0.0028884378261864185, -0.33912280201911926, -0.17854906618595123, -0.1741161346435547, -0.012593978084623814, -7.152555099310121e-07, -6.723177648382261e-05, -0.6394838690757751, -1.1432671546936035, -0.036473602056503296, -1.246489405632019, -0.0002475670480635017, -6.198863957251888e-06, -2.932505594799295e-05, -0.001311514643020928, -0.062254637479782104, -0.019884882494807243]",11.195488929748535,False,1.0,-4.943539329625082,-0.23540663474405155,21.0,-3.613315798407484,-0.2580939856005346,14.0,0.12167871285431653,1,13,10,8,1.3,-0.9111180633082215,-1.0676849575468061,True,12,0.5714285714285714,3.0,0.9333333333333333,6.0,1.979112200133995
~/anvil/data/cve-targets/libtiff_repo_libtiff_tif_predict.c,544,533,566,uint8_t *tmp;,uint8_t *tmp;,	uint8_t *tmp;,0.0219562239944934,"[[184, 9842, 23, 62, 83, 572, 10801, 26, 32014]]","[-0.28696149587631226, -0.05423098802566528, -0.009190279990434647, -6.0437283536884934e-05, -1.5139465176616795e-05, -0.0370175801217556, -0.017995072528719902, -0.03433481976389885, -0.31633833050727844]",2.2118051052093506,True,0.0,-0.43980581305550004,-0.054975726631937505,8.0,-0.43980581305550004,-0.054975726631937505,8.0,0.008008340609738696,1,7,7,7,1.0,-0.39938033273284995,-1.1724544619502375,False,7,0.875,0.0,1.0,0.0,0.6122843718918616
~/anvil/data/cve-targets/libtiff_repo_libtiff_tif_dirread.c,2124,2078,2230,},},"					}
				",0.0035791641566902,"[[1076, 1839, 185, 1076]]","[-0.06471290439367294, -0.0036033957730978727, -0.09834391623735428, -0.010337499901652336]",10.677257537841797,True,1.0,-0.17699771630577743,-0.04424942907644436,4.0,-0.17699771630577743,-0.04424942907644436,4.0,0.0015367715817283835,0,2,2,2,1.0,-0.08088610929887735,-1.0539414819999295,False,1,0.25,0.0,1.0,0.0,0.8607522940119848
~/anvil/data/cve-targets/sqlite3_repo_src_resolve.c,875,717,1141,pNC->nNcErr++;,pNC->nNcErr++;,              pNC->nNcErr++;,0.0320733599364757,"[[3462, 265, 14037, 12, 29, 77, 45, 66, 12311, 3868, 26, 32014]]","[-0.2004079967737198, -0.13445569574832916, -0.19418244063854218, -5.6503606174374e-05, -7.271740287251305e-06, -0.0012334127677604556, -0.0054528783075511456, -6.818538531661034e-05, -0.00015400654228869826, -0.0024953915271908045, -0.0005585778853856027, -0.4519720673561096]",6.725868701934815,True,0.0,-0.5390723609225461,-0.049006578265686,11.0,-0.5390723609225461,-0.049006578265686,11.0,0.006324386680523895,0,9,9,9,1.0,-0.6544705031759623,-1.0473339000231798,False,10,0.9090909090909091,0.0,1.0,0.0,0.9610191228643274
~/anvil/data/cve-targets/openssl_repo_crypto_pkcs7_pk7_doit.c,793,784,824,X509 *x509;,X509 *x509;,"    X509 *x509;
    /* Lets get the",0.0499736294150352,"[[315, 1439, 20, 15, 24, 572, 87, 20, 15, 24, 26, 185, 315, 4535, 412, 1542, 748, 254]]","[-0.025832511484622955, -0.0981416329741478, -5.757642793469131e-05, -1.7881377516459906e-06, -3.099436753473128e-06, -0.022101521492004395, -0.0013635394861921668, -2.396077979938127e-05, -2.861018856492592e-06, -4.887569048150908e-06, -0.3955758810043335, -0.3211081027984619, -0.3971642255783081, -0.8646097779273987, -2.206296682357788, -0.004601366352289915, -1.703446626663208, -0.30078810453414917]",12.094442367553713,True,1.0,-6.3411241460230485,-0.3522846747790582,18.0,-1.2613815881882147,-0.09702935293755498,13.0,0.02351757794490928,1,7,13,7,0.5384615384615384,-0.5150362019542338,-1.0919515949774465,False,10,0.5555555555555556,0.0,1.0,0.0,0.8247345691509561
~/anvil/data/cve-targets/libxml2_repo_parser.c,3215,3152,3216,"return(xmlDictLookup(ctxt->dict, (end - len), len));",if (count > 0) {,"    if (count > 0) {
        ctxt->input->cur -= l;
        GROW;
    }
    if (",1.556609869003296,"[[315, 562, 334, 4241, 6213, 15, 8, 507, 185, 436, 258, 9313, 12, 29, 3584, 12, 29, 1862, 567, 28, 284, 26, 185, 436, 452, 24731, 26, 185, 315, 611, 185, 315, 562, 334]]","[-0.05216100439429283, -1.4676768779754639, -0.2837878167629242, -1.1262435913085938, -0.9205427765846252, -0.038161445409059525, -0.014666362665593624, -0.27472272515296936, -0.02330915443599224, -0.6383270621299744, -1.697373867034912, -0.072902612388134, -0.001141373417340219, -2.264974000354414e-06, -0.18768620491027832, -0.0007338214782066643, -1.1920922133867862e-06, -0.04889252036809921, -0.272732675075531, -0.008691931143403053, -0.5854295492172241, -0.05104539915919304, -0.018831515684723854, -0.2699117958545685, -0.16544660925865173, -8.487341256113723e-05, -0.006223110016435385, -0.00390374637208879, -0.7105592489242554, -0.0009519098093733191, -0.03417273983359337, -0.06631507724523544, -1.320061445236206, -0.23717279732227325]",9.058331489562988,False,4.0,-10.59986709704799,-0.3117607969719997,34.0,-4.839598816819489,-0.4839598816819489,10.0,0.24961324019290693,1,26,30,13,0.8666666666666667,-3.216402697664672,-1.0121368383109624,True,21,0.6176470588235294,43.0,0.2647058823529411,23.0,2.436665240888588
~/anvil/data/cve-targets/libsndfile_repo_src_alaw.c,327,320,332,if (ptr [i] >= 0),if (ptr [i] >= 0),		if (ptr [i] >= 0),0.327183336019516,"[[184, 2944, 334, 8856, 821, 72, 60, 16684, 15, 8, 32014]]","[-0.020070092752575874, -0.06048447638750076, -0.06853990256786346, -1.0108522176742554, -0.009247330017387867, -0.0005884823040105402, -0.01631879061460495, -1.1727806329727173, -0.15354137122631073, -0.6235998868942261, -0.06689111888408661]",5.912369728088379,True,0.0,-3.136023183411453,-0.31360231834114527,10.0,-3.136023183411453,-0.31360231834114527,10.0,0.18353353110779597,1,17,17,17,1.0,-1.0433064964258234,-1.0688520975634974,False,9,0.9,0.0,1.0,0.0,1.0330741782775226
~/anvil/data/cve-targets/libpng_repo_pngrutil.c,2655,2647,3067,png_uint_32 row_width = png_ptr->width;,unsigned int row_width = png_ptr->row_width;,   unsigned int row_width = png_ptr->row_width;,0.4526646733283996,"[[243, 13680, 1097, 5439, 62, 2166, 405, 265, 944, 62, 8856, 12, 29, 725, 62, 2166, 26, 32014]]","[-0.00493498845025897, -0.8262021541595459, -0.013237920589745045, -0.04088672623038292, -0.00031132620642893016, -0.0068395547568798065, -0.050016652792692184, -0.15648628771305084, -4.23184028477408e-05, -0.00018356545479036868, -0.02443576231598854, -0.00041261743172071874, -8.106198947643861e-06, -0.18239222466945648, -0.08648412674665451, -0.4448486864566803, -0.049105461686849594, -0.39138245582580566]",9.389582633972168,False,0.0,-1.8868284802629205,-0.11098991060370121,17.0,-1.8868284802629205,-0.11098991060370121,17.0,0.04374966686765253,1,11,13,13,0.8461538461538461,-4.078430830930902,-1.0205534274199177,True,18,1.0588235294117647,14.0,0.7951807228915663,4.0,2.1059773732917937
~/anvil/data/cve-targets/libxml2_repo_HTMLparser.c,2792,2772,2812,*/,*/,"     */
   ",0.4743570685386657,"[[251, 1641, 185, 315]]","[-0.0068400283344089985, -0.3871515095233917, -0.05220377445220947, -0.012994960881769657]",8.209200859069824,True,1.0,-0.45919027319177985,-0.11479756829794496,4.0,-0.45919027319177985,-0.11479756829794496,4.0,0.02502831341018673,1,3,3,3,1.0,-4.132117740573755,-1.0092066108173523,False,1,0.25,0.0,1.0,0.0,1.047237252685237
~/anvil/data/cve-targets/poppler_repo_fofi_FoFiTrueType.cc,1313,1022,1326,} else if (needVerticalMetrics && i == t42VmtxTable) {,} else if (needVerticalMetrics && i == t42VmtxTable) {,                } else if (needVerticalMetrics && i == t42VmtxTable) {,0.0003259449149481,"[[1044, 611, 1969, 562, 334, 18834, 10681, 735, 30658, 2956, 460, 2312, 244, 19, 17, 53, 7764, 87, 5127, 8, 507, 32014]]","[-0.00262214383110404, -3.659658250398934e-05, -0.0005673944251611829, -0.0009717986104078591, -0.0003333727945573628, -0.0017769037513062358, -3.862306402879767e-05, -2.3841855067985307e-07, -1.311301275563892e-06, -0.0010205067228525877, -0.0005953923100605607, -7.366862701019272e-05, -1.1444026313256472e-05, -3.576278118089249e-07, -2.3841855067985307e-07, -2.682172998902388e-05, -2.8609820219571702e-05, -3.576278118089249e-07, -4.0531076592742465e-06, -0.0011239885352551937, -3.1709168979432434e-05, -0.0487414114177227]",15.54444408416748,True,0.0,-0.009265530501409103,-0.00044121573816233823,21.0,-0.009265530501409103,-0.00044121573816233823,21.0,4.7583909170524613e-07,1,15,15,15,1.0,-0.738742720977405,-1.1903133506227,False,20,0.9523809523809523,0.0,1.0,0.0,0.6541307795748841
~/anvil/data/cve-targets/sqlite3_repo_src_build.c,3400,3379,3404,p->nKeyCol = nCol - 1;,},"  }
  return p;
}

/*
 * Free an index object.
 */
",1.3677021265029907,"[[207, 611, 185, 207, 967, 265, 26, 185, 92, 185, 185, 4350, 185, 572, 7264, 274, 3750, 2148, 13, 185, 1641, 185]]","[-0.4894877076148987, -0.00138853897806257, -0.3085750639438629, -0.021122973412275314, -0.7314928770065308, -0.04818151146173477, -0.002348286332562566, -0.006279499735683203, -0.002409889828413725, -0.005487379152327776, -0.10035744309425354, -1.0742979049682617, -1.600732684135437, -1.0127043724060059, -1.9608323574066162, -1.0059423446655273, -0.6582849621772766, -0.18443670868873596, -0.7965793013572693, -0.20642155408859253, -0.20459966361522675, -0.004624861292541027]",9.361112594604492,False,7.0,-10.426587885362096,-0.47393581297100434,22.0,-0.8205742839490995,-0.20514357098727487,4.0,0.04173233879266815,0,13,8,2,1.625,-6.667048447683646,-1.0198273059530194,True,13,0.5909090909090909,22.0,0.0,12.0,2.245296873285584
~/anvil/data/cve-targets/libpng_repo_pngrtran.c,1694,1673,1848,info_ptr->num_trans = 0;,info_ptr->num_trans = 1;,"         info_ptr->num_trans = 1;
      }
      else if",0.1679560095071792,"[[294, 6382, 62, 8856, 12, 29, 6487, 62, 1831, 1412, 16, 26, 185, 730, 611, 185, 730, 1969, 562]]","[-0.12669996917247772, -0.16346411406993866, -4.875540980719961e-05, -2.7417760065873154e-05, -0.0001399419124936685, -4.887569048150908e-06, -0.26965245604515076, -5.8053239627042785e-05, -0.0019932182040065527, -0.6450713872909546, -0.6251446008682251, -0.015853317454457283, -0.6948813796043396, -0.6348329186439514, -0.0012660353677347302, -0.002189026679843664, -0.06891005486249924, -0.05919994041323662, -0.31704381108283997]",4.8027777671813965,False,2.0,-3.626481285650698,-0.19086743608687884,19.0,-3.1778724172445436,-0.22699088694603883,14.0,0.07765635192480104,1,10,13,10,0.7692307692307693,-0.739924019712326,-1.0989169079615744,True,11,0.5789473684210527,1.0,0.9583333333333334,1.0,1.8555377164168774
~/anvil/data/cve-targets/libxml2_repo_HTMLparser.c,694,539,844,"static const char* const object_attrs[] = { ATTRS, ""declare"", ""classid"", ""codebase"", ""data"", ""type"", ""codetype"", ""archive"", ""standby"", ""height"", ""width"", ""usemap"", ""name"", ""tabindex"", NULL } ;","static const char* const object_contents2[] = { ""param"", NULL } ;","static const char* const object_contents2[] = { ""param"", NULL } ;
static const char* const object_contents3[] = { ""param"", ""param"", NULL } ;
static const char* const object_contents4[] = { ""param"", ""param"", ""param"", NULL } ;
static const char* const object_contents5[] = { ""param"", ""param"", ""param"", ""param"", NULL } ;
static const char* const object",0.936228573322296,"[[6412, 1133, 1555, 9, 1133, 2148, 62, 24213, 17, 4807, 405, 507, 440, 2280, 950, 4579, 611, 6203, 185, 6412, 1133, 1555, 9, 1133, 2148, 62, 24213, 18, 4807, 405, 507, 440, 2280, 950, 440, 2280, 950, 4579, 611, 6203, 185, 6412, 1133, 1555, 9, 1133, 2148, 62, 24213, 19, 4807, 405, 507, 440, 2280, 950, 440, 2280, 950, 440, 2280, 950, 4579, 611, 6203, 185, 6412, 1133, 1555, 9, 1133, 2148, 62, 24213, 20, 4807, 405, 507, 440, 2280, 950, 440, 2280, 950, 440, 2280, 950, 440, 2280, 950, 4579, 611, 6203, 185, 6412, 1133, 1555, 9, 1133, 2148]]","[-0.01127655990421772, -9.655486064730212e-05, -6.770858453819528e-05, -0.00014482879487331957, -9.595887240720913e-05, -0.9830394983291626, -0.0009291622554883361, -1.2164133787155151, -0.8696936368942261, -0.0021809381432831287, -0.0007955246837809682, -0.0042999195866286755, -0.866768479347229, -0.41920939087867737, -0.050611793994903564, -0.2237512469291687, -0.013622417114675045, -8.332382276421413e-05, -0.20163629949092865, -0.0239428598433733, -0.00031835734262131155, -0.0008618692518211901, -0.0004704084130935371, -0.00043358939001336694, -0.9739521741867065, -0.0065163979306817055, -0.7275590896606445, -0.02645719051361084, -0.0005209281225688756, -0.0002714027068577707, -0.002940024249255657, -0.21408623456954956, -1.0932692289352417, -0.0556550957262516, -0.6018106341362, -0.5339634418487549, -0.03795752301812172, -0.2547583281993866, -0.013527747243642807, -0.00015245705435518175, -0.16051076352596283, -0.025280321016907692, -0.000262106885202229, -0.001593511551618576, -0.0007296522380784154, -0.0003819928097072989, -0.5609562993049622, -0.0035191767383366823, -0.39540916681289673, -0.018336428329348564, -0.0005110388156026602, -0.00036399890086613595, -0.009953154250979424, -0.0514286532998085, -0.07282280921936035, -0.008585919626057148, -0.04384263604879379, -0.01648050732910633, -0.005015411414206028, -0.11312878131866455, -0.006391915027052164, -0.009074871428310871, -0.08744589984416962, -0.011034066788852215, -9.965400386136025e-05, -0.1272009015083313, -0.02038259245455265, -0.00045193947153165936, -0.0024882566649466753, -0.0008650851668789983, -0.0003927174839191139, -0.30309203267097473, -0.0018974411068484187, -0.16521087288856506, -0.017248855903744698, -0.0005397531786002219, -0.00030310326837934554, -0.00924284104257822, -0.016945337876677513, -0.011063305661082268, -0.0026830171700567007, -0.0060539208352565765, -0.002974255010485649, -0.0012374608777463436, -0.010974406264722347, -0.00177714170422405, -0.003326480044052005, -0.04268937557935715, -0.0015947017818689346, -0.011518994346261024, -0.028344186022877693, -0.012250419706106186, -6.41325386823155e-05, -0.10055862367153168, -0.017336145043373108, -0.0004580163804348558, -0.0037421216256916523, -0.0011932880152016878, -0.0005858612130396068, -0.24283909797668457]",11.10374355316162,False,4.0,-12.206827022229845,-0.12206827022229845,100.0,-4.864716621203115,-0.2560377169054271,19.0,0.15670996073191856,0,90,151,28,0.5960264900662252,-3.6566041309769672,-1.0652388848547516,True,66,0.66,136.0,0.45914396887159536,64.0,2.948346347847647
~/anvil/data/cve-targets/openssl_repo_ssl_statem_statem_clnt.c,2623,2608,2643,"ckey = ssl_generate_pkey(s, skey);",ckey = s->s3.peer_tmp;,"    ckey = s->s3.peer_tmp;
    if (ckey == NULL) {
       ",1.2221683263778689,"[[315, 258, 2447, 405, 252, 12, 29, 82, 18, 13, 388, 250, 62, 10801, 26, 185, 315, 562, 334, 66, 2447, 2312, 4579, 8, 507, 185, 436]]","[-0.03813677653670311, -0.5747461915016174, -0.00019572250312194228, -0.0016167201101779938, -0.5452136397361755, -0.06728284060955048, -2.861018856492592e-06, -0.12991490960121155, -0.08084054291248322, -0.0017080017132684588, -0.7791252732276917, -0.004740903154015541, -0.041633013635873795, -1.0842559337615967, -1.000082015991211, -0.6672310829162598, -0.017024332657456398, -0.13014350831508636, -0.016420584172010422, -0.024031544104218483, -3.421248038648628e-05, -0.007328768726438284, -0.0006905793561600149, -0.01987062580883503, -0.008805729448795319, -0.001719545223750174, -0.0013509204145520926]",10.375001907348633,False,2.0,-5.244146779637504,-0.19422765850509272,27.0,-5.033750761587271,-0.2961029859757218,17.0,0.1409727410102008,1,14,26,13,0.5384615384615384,-4.127510981865199,-1.0460075021989987,True,16,0.5925925925925926,21.0,0.5357142857142857,9.0,2.170468269132814
~/anvil/data/cve-targets/openssl_repo_crypto_x509_v3_addr.c,1020,865,1170,},},"}
/*",0.0021398996468633,"[[92, 185, 4350]]","[-0.0021402565762400627, -0.2822728455066681, -0.04522964730858803]",10.181248664855955,True,1.0,-0.3296427493914962,-0.10988091646383207,3.0,-0.28441310208290815,-0.14220655104145408,2.0,0.019618566845216043,0,2,4,2,0.5,-0.015047827481868302,-1.040953069859164,False,1,0.3333333333333333,0.0,1.0,0.0,0.8942821302992098
~/anvil/data/cve-targets/libxml2_repo_xmlmemory.c,289,257,325,xmlMutexUnlock(xmlMemMutex);,xmlMutexUnlock(xmlMemMutex);,"    xmlMutexUnlock(xmlMemMutex);
    TEST_POINT",0.1412401646375656,"[[315, 11815, 30738, 790, 2826, 4183, 7, 7056, 8989, 30738, 790, 477, 185, 315, 15997, 1428, 62, 6567, 8115]]","[-0.08339979499578476, -1.1904065608978271, -0.19697196781635284, -0.0004146431456319988, -0.002130740089341998, -5.185469490243122e-05, -0.0005013877525925636, -8.451581379631534e-05, -1.1444026313256472e-05, -1.549708758830093e-05, -2.622600959512056e-06, -6.222531374078244e-05, -0.020414479076862335, -0.25171998143196106, -0.5231431722640991, -1.5735502529423684e-05, -0.00022706791060045362, -0.001703836489468813, -3.58813522325363e-05]",6.084025859832764,True,1.0,-2.2713134082625857,-0.11954281096118873,19.0,-1.7461877147436553,-0.12472769391026109,14.0,0.09348628377191638,1,9,12,9,0.75,-1.1323881666503421,-1.06427505015409,False,11,0.5789473684210527,0.0,1.0,0.0,0.9307348628135766
~/anvil/data/cve-targets/libxml2_repo_valid.c,1214,1186,1278,if (size - len < xmlStrlen(content->name) + 10) {,if (content->name != NULL),"	    if (content->name != NULL)
		strcat(buf, (char *) content->name);
	    break;
	}",0.1673950403928756,"[[10212, 562, 334, 5064, 12, 29, 1523, 2069, 28, 4579, 8, 185, 184, 184, 2006, 7101, 7, 9455, 11, 334, 5897, 12376, 3082, 12, 29, 1523, 477, 185, 10212, 2963, 26, 185, 1839]]","[-0.4887184500694275, -0.07152517884969711, -0.13402198255062103, -0.6202784776687622, -0.0006719953380525112, -2.622600959512056e-06, -0.6922383904457092, -0.7169526815414429, -0.0002731903805397451, -0.0016657537780702114, -0.011716010048985481, -0.32720962166786194, -0.09114144742488861, -0.008596202358603477, -0.034828152507543564, -0.0006261295638978481, -0.0018388995667919517, -0.00011443436960689723, -0.0006663962849415839, -0.12746550142765045, -0.0004923323867842555, -0.0014936492079868913, -0.002570184413343668, -4.207999518257566e-05, -2.7418097943154862e-06, -0.006237089168280363, -0.00035065223346464336, -0.0036174117121845484, -0.07528965175151825, -0.4404909908771515, -0.0053018201142549515, -0.006055224221199751, -0.7420551180839539]",4.909029006958008,False,3.0,-4.614550464419153,-0.13983486255815616,33.0,-3.1650120047236214,-0.22607228605168725,14.0,0.07428213244939161,1,27,38,16,0.7105263157894737,-0.7404491869233534,-1.0960017493188352,True,20,0.6060606060606061,31.0,0.5333333333333333,17.0,2.056215245516176
~/anvil/data/cve-targets/php_repo_ext_phar_phar.c,717,632,1125,"PHAR_GET_32(buffer, manifest_flags);",manifest_flags = (unsigned char)buffer[0];,"	manifest_flags = (unsigned char)buffer[0];
	manifest_flags &= ~PHAR_",0.1272363066673278,"[[184, 31260, 62, 17614, 405, 334, 15546, 1555, 8, 10401, 58, 15, 2818, 185, 184, 31260, 62, 17614, 573, 4084, 93, 11914, 1522, 62]]","[-0.8439048528671265, -0.8077830076217651, -0.0003327769518364221, -0.41856396198272705, -0.30193963646888733, -0.9902143478393555, -0.9296194314956665, -0.21030987799167633, -0.1300947368144989, -0.23707959055900574, -0.004186437930911779, -0.4721061587333679, -0.04971214756369591, -0.25771647691726685, -0.40697529911994934, -0.6999523043632507, -1.2636104656849056e-05, -0.04502681642770767, -0.15971840918064117, -0.260235458612442, -0.0530024915933609, -0.055360984057188034, -1.311301275563892e-06, -3.8980677345534787e-05]",5.580556869506836,False,1.0,-7.333888133175606,-0.3055786722156502,24.0,-6.060538740857737,-0.4040359160571825,15.0,0.10679166642958088,1,11,27,19,0.4074074074074074,-0.3149133569831457,-1.0777554463259038,True,14,0.5833333333333334,38.0,0.41025641025641024,14.0,1.9167194734290902
~/anvil/data/cve-targets/libxml2_repo_HTMLparser.c,2461,2438,2471,in++;,in++;,"	    in++;
	count",0.0685711279511451,"[[10212, 279, 3868, 26, 185, 184, 4241]]","[-0.18860431015491486, -0.24107642471790314, -0.0014291321858763695, -0.006764014717191458, -0.10185909271240234, -0.44430187344551086, -0.6159542202949524]",4.867404937744141,True,1.0,-1.5999890682287514,-0.22856986688982164,7.0,-0.984034847933799,-0.1640058079889665,6.0,0.023354870311396547,1,6,9,6,0.6666666666666666,-0.4181018269533371,-1.097142844245347,False,3,0.42857142857142855,0.0,1.0,0.0,0.8022288632710509
~/anvil/data/cve-targets/sqlite3_repo_src_select.c,6330,6175,6480,"&& sqlite3ExprListCompare(sSort.pOrderBy, pEList, -1)==0",&& p->selFlags & SF_OrderBy,"     && p->selFlags & SF_OrderBy
     && p->pEList==p->pGroupBy
     && p->pEList->",0.9149972796440125,"[[251, 2956, 265, 12, 29, 2868, 17512, 573, 25633, 62, 12450, 2704, 185, 251, 2956, 265, 12, 29, 79, 36, 2245, 780, 79, 12, 29, 79, 6725, 2704, 185, 251, 2956, 265, 12, 29, 79, 36, 2245, 12, 29]]","[-1.0933715105056763, -0.1062111034989357, -1.0784355401992798, -0.3970734179019928, -3.814689989667386e-06, -0.7394890189170837, -0.0016108882846310735, -0.0633641928434372, -0.04494784027338028, -2.3007127310847864e-05, -0.8244401812553406, -0.034060753881931305, -0.452277272939682, -0.026506412774324417, -0.005322927143424749, -1.017886757850647, -0.43309885263442993, -1.3708974620385561e-05, -0.3116236627101898, -0.667790412902832, -0.0002047805901383981, -0.48509618639945984, -0.0555141381919384, -0.23984453082084656, -2.074220174108632e-05, -0.0025178655050694942, -0.17673267424106598, -2.455681169521995e-05, -0.6192598938941956, -0.6008126139640808, -0.043004706501960754, -0.8870469331741333, -0.2586860954761505, -7.033323527139146e-06, -0.45405372977256775, -0.455876886844635, -0.0005943200667388737, -0.07533873617649078, -6.592056161025539e-05]",4.542360782623291,False,2.0,-11.652253621827185,-0.29877573389300477,39.0,-4.861814955092996,-0.34727249679235683,14.0,0.16271849689333892,1,16,30,9,0.5333333333333333,-2.634810669130279,-1.1060946634129494,True,24,0.6153846153846154,42.0,0.3614457831325302,17.0,1.998738222262617
~/anvil/data/cve-targets/libsndfile_repo_src_common.c,1260,1105,1410,} /* psf_strlcpy_crlf */,return ;,"	return ;
} /* psf_strlcpy_crlf */
/*==============================================================================",0.1289190202951431,"[[3404, 6203, 185, 92, 4535, 265, 5274, 62, 2006, 23446, 4016, 62, 7251, 75, 69, 1641, 185, 4350, 29892, 2665, 17194]]","[-0.3976455628871918, -0.0007943335804156959, -0.0012955614365637302, -0.0011463745031505823, -0.008179026655852795, -0.009955042973160744, -3.755022044060752e-05, -0.00017867876158561558, -0.003962048329412937, -0.001453653909265995, -4.51792984677013e-05, -0.007369713392108679, -0.003219066886231303, -0.0002498314715921879, -3.421248038648628e-05, -0.0016717043472453952, -0.014502238482236862, -1.1499638557434082, -0.6976889967918396, -0.008947988972067833, -0.009729701094329357]",6.097916603088379,False,2.0,-2.318070322216954,-0.11038430105795019,21.0,-0.3997354579041712,-0.13324515263472372,3.0,0.03495383034239734,0,3,47,4,0.06382978723404255,-0.9675325349250024,-1.0639055250331597,True,13,0.6190476190476191,21.0,0.1875,4.0,1.8619675548652612
~/anvil/data/cve-targets/poppler_repo_poppler_GfxState.cc,4327,4304,4344,return false;,return false;,"            return false;
        }",0.0002005609567277,"[[655, 967, 2515, 26, 185, 436, 611]]","[-0.0001896439935080707, -0.0003667397249955684, -0.0001597276859683916, -8.880697714630514e-05, -0.5760754346847534, -0.0011073178611695766, -5.125868119648658e-05]",13.733333587646484,True,1.0,-0.5780389296087378,-0.08257698994410541,7.0,-0.5779876709275413,-0.09633127848792356,6.0,0.0460310075286415,0,5,6,5,0.8333333333333334,-0.002081992057780517,-1.1376205336741916,False,3,0.42857142857142855,0.0,1.0,0.0,0.6772381841488061
~/anvil/data/cve-targets/sqlite3_repo_src_window.c,870,847,878,pSub->flags &= ~(EP_IntValue|EP_IsTrue|EP_IsFalse);,}else{,"        }else{
          pSub->op = TK_NULL;
          pSub->pOp = sqlite3OpNull;",1.2704157829284668,"[[436, 611, 7736, 90, 185, 1574, 265, 5716, 12, 29, 424, 405, 323, 42, 62, 14589, 26, 185, 1574, 265, 5716, 12, 29, 79, 10469, 405, 15313, 547, 18, 10469, 7928, 26, 32014]]","[-0.5810500383377075, -0.0006775943911634386, -0.6662128567695618, -0.11084232479333878, -0.009559687227010727, -0.0032870331779122353, -0.5372895002365112, -0.3695085346698761, -0.16923125088214874, -5.245195097813848e-06, -0.19383986294269562, -0.012560428120195866, -0.17534443736076355, -0.0012915135594084859, -0.0005135409301146865, -1.5001506805419922, -0.5422200560569763, -0.26292672753334045, -0.034552037715911865, -0.5395057201385498, -0.1737278401851654, -0.04951680451631546, -1.0728830375228426e-06, -1.6076217889785767, -2.035236120223999, -0.852575421333313, -0.795451819896698, -0.0037068482488393784, -0.005885058548301458, -0.7171986103057861, -1.2268030643463135, -0.24823793768882751, -0.5805361866950989]",9.878470420837402,False,2.0,-13.42653145773545,-0.4195791080542328,32.0,-1.3716295346966945,-0.22860492244944908,6.0,0.08004768774589037,1,21,22,4,0.9545454545454546,-5.557254714011642,-1.0331033677620456,True,24,0.75,47.0,0.14035087719298245,20.0,2.289553473292831
~/anvil/data/cve-targets/libpng_repo_pngrutil.c,823,760,919,max_palette_length = PNG_MAX_PALETTE_LENGTH;,max_palette_length = (1 << png_ptr->bit_depth) - 1;,"      max_palette_length = (1 << png_ptr->bit_depth) - 1;
   if (num >",0.1003260314464569,"[[730, 3034, 62, 16515, 7934, 62, 4082, 405, 334, 16, 6820, 265, 944, 62, 8856, 12, 29, 3374, 62, 15369, 8, 567, 207, 16, 26, 185, 243, 562, 334, 6487, 1938]]","[-0.04710603505373001, -0.008055105805397034, -1.0728830375228426e-06, -1.9073468138230965e-06, -2.3841855067985307e-07, -1.1920928244535389e-07, -2.622600959512056e-06, -0.6936620473861694, -1.1004372835159302, -0.829865038394928, -0.055559925734996796, -0.6441267728805542, -0.0004619484825525433, -0.0005883631529286504, -0.009264219552278519, -8.093983342405409e-05, -1.0490362910786644e-05, -0.2473931908607483, -1.6927575416048057e-05, -0.008974571712315083, -0.6365223526954651, -0.5782332420349121, -0.0653907060623169, -0.05362613871693611, -0.009845269843935966, -0.022578315809369087, -0.03387143462896347, -0.3409402370452881, -0.03429058566689491, -0.3021167814731598, -0.32752764225006104]",8.67013931274414,False,1.0,-6.050551526990226,-0.19517908151581376,31.0,-5.045676280554822,-0.18687689927980825,27.0,0.0988127913967202,1,7,23,19,0.30434782608695654,-0.5368562504680693,-1.0023617575922865,True,19,0.6129032258064516,27.0,0.5052631578947369,13.0,2.0635690638564625
~/anvil/data/cve-targets/php_repo_ext_standard_dns.c,502,391,729,cp += n;,cp += n;,"			cp += n;
			// Fl",0.2743515968322754,"[[459, 184, 5820, 8528, 291, 26, 185, 459, 3003, 3895]]","[-0.008199836127460003, -0.43684640526771545, -0.9486027956008911, -0.10269562155008316, -0.006955221761018038, -0.007330543827265501, -0.023880939930677414, -0.011211373843252659, -0.5983572006225586, -1.0340393781661987]",9.103470802307127,True,1.0,-3.1781193166971207,-0.31781193166971206,10.0,-1.5457227379083633,-0.19321534223854542,8.0,0.1004295539977918,1,7,8,7,0.875,-1.4199265630446594,-1.0132796620502695,False,4,0.4,0.0,1.0,0.0,1.0570481897699653
~/anvil/data/cve-targets/libtiff_repo_libtiff_tif_predict.c,319,311,328,tmsize_t wc = cc / 2;,tmsize_t wc = cc;,	tmsize_t wc = cc;,0.4004634618759155,"[[19755, 1400, 938, 62, 83, 259, 66, 405, 26383, 26, 32014]]","[-0.7290264964103699, -0.005879370030015707, -3.5523738915799186e-05, -4.625213477993384e-05, -1.0847986231965479e-05, -0.03995697945356369, -0.005585302598774433, -0.1025199368596077, -0.4443109631538391, -0.21298421919345856, -0.5256044864654541]",3.2506954669952397,False,0.0,-1.5403558915595568,-0.15403558915595567,10.0,-1.5403558915595568,-0.15403558915595567,10.0,0.05491571785829896,1,11,8,8,1.375,-2.5998112778369693,-1.1423952139415208,True,13,1.3,4.0,0.8947368421052632,3.0,1.7832040699290983
~/anvil/data/cve-targets/poppler_repo_poppler_GfxState.cc,3568,3519,3593,},},        },4.7205765440594405e-05,"[[436, 611, 32014]]","[-0.0005268854438327253, -4.672895011026412e-05, -0.07050419598817825]",19.26714324951172,True,0.0,-0.0005736143939429894,-0.0002868071969714947,2.0,-0.0005736143939429894,-0.0002868071969714947,2.0,5.763756461596197e-08,0,2,2,2,1.0,-0.16459058886617167,-1.3064115078295722,False,1,0.5,0.0,1.0,0.0,0.20504619764271084
~/anvil/data/cve-targets/libxml2_repo_valid.c,1629,1585,1639,"xmlBufferWriteCHAR(buf, elem->name);","xmlBufferWriteCHAR(buf, elem->name);","	    xmlBufferWriteCHAR(buf, elem->name);",0.0008221240132115,"[[10212, 11815, 8538, 9083, 13294, 7, 9455, 11, 17415, 12, 29, 1523, 477, 32014]]","[-0.00022957073815632612, -0.006972032133489847, -3.6954195820726454e-05, -2.312633478140924e-05, -0.0004789874074049294, -5.3881147323409095e-05, -1.8954096958623268e-05, -9.65590606938349e-06, -0.0003979606262873858, -1.7881377516459906e-06, 0.0, -0.002006423892453313, -0.00011062010162277147, -0.22547684609889984]",13.66184902191162,True,0.0,-0.01033995471811977,-0.0007953811321630593,13.0,-0.01033995471811977,-0.0008616628931766476,12.0,3.4514434194903115e-06,0,14,14,14,1.0,-0.9541132845823479,-1.1355892915000925,False,12,0.9230769230769231,0.0,1.0,0.0,0.7848607366839263
~/anvil/data/cve-targets/libsndfile_repo_src_ulaw.c,808,653,958,"i2ulaw_array (const int *ptr, int count, unsigned char *buffer)","i2ulaw_array (const int *ptr, int count, unsigned char *buffer)","i2ulaw_array (const int *ptr, int count, unsigned char *buffer)",0.0022753675002604,"[[72, 17, 341, 2258, 62, 2482, 334, 2834, 1097, 572, 8856, 11, 1097, 1683, 11, 13680, 1555, 572, 10401, 8, 32014]]","[-0.010166763328015804, -2.47952248173533e-05, -0.0004256058018654585, -1.1324817933200393e-05, -0.0002004899288294837, -3.9934315282152966e-05, -0.0009762050467543304, -0.012375235557556152, -0.012389364652335644, -0.0005305789527483284, -6.282132380874828e-05, -5.3881147323409095e-05, -0.00044550508027896285, -9.345571743324399e-05, -5.757642793469131e-05, -0.0008405489497818053, -4.625213477993384e-05, -0.00022098960471339524, -0.00017426878912374377, -0.0069140237756073475, -0.0051412517204880714]",9.436806678771973,True,0.0,-0.04604962057692319,-0.0023024810288461593,20.0,-0.04604962057692319,-0.0023024810288461593,20.0,1.7712232055131352e-05,0,25,25,25,1.0,-0.9882242119496,-1.0217590054527026,False,20,1.0,0.0,1.0,0.0,1.2054792234524747
~/anvil/data/cve-targets/libsndfile_repo_src_file_io.c,292,268,299,break ;,break ;,			break ;,0.0480134189128875,"[[459, 20702, 6203, 32014]]","[-0.2537374496459961, -0.08818400651216507, -0.008124280720949173, -0.3601627051830292]",13.041666984558104,True,0.0,-0.35004573687911034,-0.11668191229303677,3.0,-0.35004573687911034,-0.11668191229303677,3.0,0.010460370108514994,0,4,4,4,1.0,-0.4114898185102233,-1.118118279575479,False,2,0.6666666666666666,0.0,1.0,0.0,0.7224846453288033
~/anvil/data/cve-targets/sqlite3_repo_src_shell.c.in,9328,9173,9478,"utf8_printf(p->out, ""%12.12s: %s\n"",""stats"", zOut);","utf8_printf(p->out, ""%12.12s: %s\n"", ""stats"", zOut);","    utf8_printf(p->out, ""%12.12s: %s\n"", ""stats"", zOut);
    if( p->statsOn==2 ){
     ",0.0849706083536148,"[[315, 31979, 23, 62, 17186, 7, 79, 12, 29, 406, 11, 23201, 16, 17, 13, 16, 17, 82, 25, 3018, 82, 59, 77, 950, 440, 16204, 950, 1670, 5052, 477, 185, 315, 562, 7, 265, 12, 29, 16204, 2910, 780, 17, 2189, 90, 185, 730]]","[-0.007039625197649002, -0.49605321884155273, -1.4066597032069694e-05, -6.6756979322235566e-06, -0.00010954733443213627, -0.00012778419477399439, -0.0004483648226596415, -1.0490362910786644e-05, -1.4305104514278355e-06, -2.0503786799963564e-05, -0.1805582344532013, -0.008211305364966393, -0.0014826982514932752, -0.00026901919045485556, -0.000661631056573242, -2.610649426060263e-05, -7.497983460780233e-05, -6.151010165922344e-05, -0.0009664393728598952, -0.11155302077531815, -0.08043704926967621, -0.01193807739764452, -0.00013267113536130637, -0.580621063709259, -0.04370594024658203, -0.3559783697128296, -0.15395669639110565, -0.08447343856096268, -9.226373367710039e-05, -0.020135287195444107, -0.0033661627676337957, -0.03943672031164169, -0.9167096018791199, -0.026491785421967506, -0.2055812031030655, -0.0036100472789257765, -4.31528314948082e-05, -0.48118096590042114, -0.0690065249800682, -0.8573834896087646, -0.6541299223899841, -0.3132430911064148, -0.08072178810834885, -0.009720728732645512, -0.008919279091060162]",7.447220802307129,False,2.0,-5.808711973105687,-0.1290824882912375,45.0,-2.1819703926734064,-0.06818657477104395,32.0,0.020238395589146314,0,25,40,25,0.625,-1.246148653733203,-1.028615774088674,True,28,0.6222222222222222,1.0,0.9902912621359223,0.0,2.198049638943746
~/anvil/data/cve-targets/sqlite3_repo_src_pragma.c,1588,1460,1707,"sqlite3VdbeChangeP5(v, OPFLAG_TYPEOFARG);",if( pTab->aCol[j].notNull==0 ) continue;,"          if( pTab->aCol[j].notNull==0 ) continue;
          if( pTab->aCol[j",0.231686070561409,"[[1574, 562, 7, 265, 14249, 12, 29, 64, 2608, 58, 73, 2975, 1263, 7928, 780, 15, 2189, 4873, 26, 185, 1574, 562, 7, 265, 14249, 12, 29, 64, 2608, 58, 73]]","[-0.006492000073194504, -0.9629294872283936, -0.0030219147447496653, -1.745796799659729, -0.1287025362253189, -0.00027891082572750747, -1.07287787614041e-05, -0.11148190498352051, -0.0017708349041640759, -0.0007375142886303365, -0.00482715480029583, -0.002007494680583477, -0.3396745026111603, -0.0005413020844571292, -0.5275804996490479, -0.3595712184906006, -0.2101002335548401, -0.5111598968505859, -7.462222856702283e-05, -0.26683473587036133, -0.014708300121128559, -1.161189079284668, -0.0025648337323218584, -1.1756200790405273, -0.07917382568120956, -0.00022373080719262362, -5.483612312673358e-06, -0.09105536341667175, -0.00231879111379385, -0.0009243983076885343, -0.005071869120001793]",8.14236068725586,False,1.0,-7.7164500467702055,-0.24891774344420017,31.0,-5.1983025926538176,-0.24753821869780085,21.0,0.1722472092340398,1,11,32,24,0.34375,-0.9359608054878005,-1.0108944091653371,True,19,0.6129032258064516,39.0,0.1728395061728395,21.0,2.1033449627018848
~/anvil/data/cve-targets/libxml2_repo_valid.c,1217,1186,1278,},},        },0.001827476429753,"[[436, 611, 32014]]","[-0.39283066987991333, -0.0022442173212766647, -0.5356113910675049]",8.51046085357666,True,0.0,-0.39507488720119,-0.197537443600595,2.0,-0.39507488720119,-0.197537443600595,2.0,0.03813944423058503,1,2,2,2,1.0,-0.00925129128150515,-1.0016343225046198,False,1,0.5,0.0,1.0,0.0,0.9962912519884338
~/anvil/data/cve-targets/openssl_repo_crypto_asn1_a_type.c,66,54,98,break;,break;,"        break;
    case",0.0245613418519496,"[[436, 2963, 26, 185, 315, 1452]]","[-0.002715354785323143, -0.03907474875450134, -3.0278701160568744e-05, -0.27592065930366516, -0.006987421307712793, -0.0028101024217903614]",9.866850852966309,True,1.0,-0.32753856527415337,-0.05458976087902556,6.0,-0.324728462852363,-0.0649456925704726,5.0,0.011325105885689272,1,4,5,4,0.8,-0.37818276901579084,-1.0328033059790196,False,2,0.3333333333333333,0.0,1.0,0.0,0.940972101556476
~/anvil/data/cve-targets/openssl_repo_ssl_statem_statem_clnt.c,2575,2558,2611,"ckey = ssl_generate_pkey(s, skey);",ckey = s->s3.peer_tmp;,"    ckey = s->s3.peer_tmp;
    if (ckey == NULL) {
       ",1.26348876953125,"[[315, 258, 2447, 405, 252, 12, 29, 82, 18, 13, 388, 250, 62, 10801, 26, 185, 315, 562, 334, 66, 2447, 2312, 4579, 8, 507, 185, 436]]","[-0.030027400702238083, -0.7750621438026428, -0.0007585985003970563, -0.001383896335028112, -0.44239938259124756, -0.04969172924757004, -1.6689286894688848e-06, -0.12651048600673676, -0.08366099745035172, -0.0011071987682953477, -1.0182042121887207, -0.009801947511732578, -0.05152240768074989, -0.8891284465789795, -0.8463050723075867, -0.3171652555465698, -0.008137169294059277, -0.09975645691156387, -0.014718402177095413, -0.016545819118618965, -2.3841574147809297e-05, -0.017153708264231682, -0.0006037319544702768, -0.011341976933181286, -0.007438936270773411, -0.0011405398836359382, -0.0012329365126788616]",10.378474235534668,False,2.0,-4.820824363041993,-0.17854905048303676,27.0,-4.650868013441595,-0.2735804713789174,17.0,0.12925662994390977,1,14,26,13,0.5384615384615384,-4.618344149942191,-1.0460983081736108,True,16,0.5925925925925926,21.0,0.5357142857142857,9.0,2.175412455587078
~/anvil/data/cve-targets/openssl_repo_ssl_statem_extensions_srvr.c,627,570,758,EVP_MD_CTX_free(hctx);,EVP_MD_CTX_free(hctx);,    EVP_MD_CTX_free(hctx);,0.0268179289996624,"[[315, 426, 22794, 62, 14821, 62, 2068, 55, 62, 6630, 7, 71, 12511, 477, 32014]]","[-0.005689853802323341, -0.23798561096191406, -5.185469490243122e-05, -2.622600959512056e-06, -0.010148118250072002, -5.722029527532868e-06, -2.658331868587993e-05, -1.8358061424805783e-05, -9.65590606938349e-06, -0.12824250757694244, -3.909988299710676e-05, -7.867782187531702e-06, -2.0265558760002023e-06, -1.4185804502631072e-05, -0.08925100415945053]",12.381248474121094,True,0.0,-0.38224406722838467,-0.027303147659170333,14.0,-0.38224406722838467,-0.027303147659170333,14.0,0.004484442140498009,0,9,9,9,1.0,-0.9822284717657833,-1.0998091910330452,False,13,0.9285714285714286,0.0,1.0,0.0,0.8241653933194829
~/anvil/data/cve-targets/openssl_repo_crypto_asn1_a_d2i_fp.c,169,89,226,size_t chunk_max = want;,if (want > INT_MAX /* BIO_read takes an int,                if (want > INT_MAX /* BIO_read takes an int,1.7960753440856934,"[[1044, 562, 334, 28626, 1938, 19440, 62, 14840, 4535, 380, 6860, 62, 1187, 4486, 274, 1097]]","[-0.5902584791183472, -0.5016980171203613, -0.1222131997346878, -0.4823955297470093, -0.19969964027404785, -0.5832432508468628, -0.00021288513380568475, -0.00010275312524754554, -0.5441775918006897, -0.05283097177743912, -0.0001510267611593008, -0.0003333727945573628, -0.004056559409946203, -0.003013832960277796, -0.0022825158666819334, -0.001655518775805831]",8.191666603088379,False,0.0,-3.0883251452469267,-0.19302032157793292,16.0,-3.0883251452469267,-0.19302032157793292,16.0,0.05816529071751934,1,8,15,15,0.5333333333333333,-9.305110101376133,-1.0096490999705487,True,9,0.5625,36.0,0.29850746268656714,15.0,2.2685955005602363
~/anvil/data/cve-targets/openssl_repo_crypto_x509_x509_obj.c,80,17,173,? (int)sizeof(ebcdic_buf) : num);,? (int)sizeof(ebcdic_buf),"                        ? (int)sizeof(ebcdic_buf)
                        : num);",0.1835213899612426,"[[3081, 3015, 334, 569, 8, 3017, 990, 7, 3413, 2243, 278, 62, 9455, 8, 185, 3081, 1191, 1181, 477, 32014]]","[-1.5182685852050781, -0.06167513132095337, -0.8735474348068237, -0.15431493520736694, -0.16195684671401978, -0.055906396359205246, -0.00012754580529872328, -0.0023553031496703625, -0.0015792291378602386, -3.099436753473128e-06, -1.9073468138230965e-06, -1.156323378381785e-05, -2.7894584491150454e-05, -0.0029245722107589245, -0.7298989295959473, -0.023095538839697838, -0.0003053675754927099, -0.33057427406311035, -0.19373546540737152, -0.6387059688568115]",0.4972222149372101,False,1.0,-4.110310020000497,-0.21633210631581565,19.0,-3.585694912954523,-0.22410593205965768,16.0,0.17843275291279426,1,20,20,13,1.0,-0.8189046504685501,-1.2238038945937781,True,16,0.8421052631578947,8.0,0.8620689655172413,8.0,1.6469923450896304
~/anvil/data/cve-targets/libtiff_repo_libtiff_tif_next.c,118,39,140,while (n-- > 0 && npixels < imagewidth),if (n > imagewidth),"				if (n > imagewidth)
					goto bad;
				while (n-- > 0)",0.6746976971626282,"[[1749, 2944, 334, 77, 1938, 3310, 2166, 8, 185, 1076, 184, 25804, 3794, 26, 185, 1749, 184, 6460, 334, 77, 374, 6213, 15, 8]]","[-0.028784656897187233, -0.2444981336593628, -0.16225416958332062, -0.9295961856842041, -1.2268381118774414, -0.9039820432662964, -4.577531944960356e-05, -0.4498142600059509, -0.13437774777412415, -0.07829621434211731, -0.08750848472118378, -0.6491579413414001, -0.0036366537678986788, -0.0006469779182225466, -0.0031204363331198692, -0.0990971252322197, -1.0909976959228516, -0.8872296810150146, -0.048189010471105576, -0.8372766971588135, -0.2269642949104309, -0.5339744091033936, -0.00743727944791317, -0.06559949368238449]",9.445313453674316,False,2.0,-8.699323479435407,-0.36247181164314196,24.0,-4.245995783130638,-0.38599961664823984,11.0,0.1698749274837519,1,20,27,12,0.7407407407407407,-1.7479232311711799,-1.0219763254071286,True,14,0.5833333333333334,21.0,0.6206896551724138,10.0,2.232390804066028
~/anvil/data/cve-targets/libtiff_repo_libtiff_tif_predict.c,364,353,388,uint8_t *tmp;,uint8_t *tmp;,	uint8_t *tmp;,0.0195869952440261,"[[184, 9842, 23, 62, 83, 572, 10801, 26, 32014]]","[-0.33202236890792847, -0.03504215553402901, -0.010449105873703957, -0.00010346830822527409, -1.883488948806189e-05, -0.03138956427574158, -0.009936039336025715, -0.044584665447473526, -0.3164973855018616]",2.542361259460449,True,0.0,-0.4635462025726156,-0.05794327532157695,8.0,-0.4635462025726156,-0.05794327532157695,8.0,0.01097355472124274,1,7,7,7,1.0,-0.3380374191020625,-1.1628053356400807,False,7,0.875,0.0,1.0,0.0,0.6370308120979639
~/anvil/data/cve-targets/sqlite3_repo_src_where.c,2686,2336,2707,&& pProbe->aiRowLogEst[saved_nEq+1]>=42  /* TUNING: Minimum for skip-scan */,&& pNew->nOut>18,"   && pNew->nOut>18
  ){
    pNew->wsFlags |= WHERE_SKIPSCAN;
    pNew->nOut -= 18;
    pNew->nSkip = 18",0.887903094291687,"[[243, 2956, 265, 4843, 12, 29, 77, 5052, 29, 16, 23, 185, 207, 2189, 90, 185, 315, 265, 4843, 12, 29, 8421, 17512, 29332, 11294, 62, 23202, 4072, 6403, 1934, 26, 185, 315, 265, 4843, 12, 29, 77, 5052, 567, 4084, 16, 23, 26, 185, 315, 265, 4843, 12, 29, 77, 24779, 1412, 16, 23]]","[-0.3601820766925812, -0.014793814159929752, -0.9994628429412842, -0.3695114850997925, -7.068861305015162e-05, -3.71926071238704e-05, -0.46401312947273254, -0.16918092966079712, -1.4389911890029907, -1.1808961629867554, -0.9931602478027344, -0.8571451902389526, -0.324469655752182, -0.0011945976875722408, -0.014864286407828331, -0.005828883498907089, -0.014525501988828182, -0.7118943333625793, -0.08957520872354507, -0.00011407678539399058, -2.264974000354414e-06, -0.21610590815544128, -2.2291887944447808e-05, -0.020476847887039185, -0.039715271443128586, -1.1920858014491387e-05, -0.2646488845348358, -8.248942322097719e-05, -0.0030240542255342007, -5.543078441405669e-05, -0.0064537436701357365, -0.0037307203747332096, -0.6406154632568359, -0.7044099569320679, -0.04996811971068382, -0.0002057340752799064, -2.264974000354414e-06, -0.37011978030204773, -0.2973847985267639, -0.828486442565918, -0.038091905415058136, -0.06579440087080002, -0.1329774111509323, -0.00824251864105463, -0.01832636259496212, -0.6445738673210144, -1.1387535333633423, -0.029598470777273178, -0.00016616393986623734, -6.794906312279636e-06, -0.6131874918937683, -0.7000997066497803, -0.8818939328193665, -0.1574678122997284, -0.3250362277030945]",8.571005821228027,False,4.0,-16.209650482393954,-0.29472091786170823,55.0,-7.171914605030906,-0.5516857388485312,13.0,0.2187891668794139,1,18,35,9,0.5142857142857142,-1.6094363724987757,-1.000119371385824,True,35,0.6363636363636364,67.0,0.19565217391304346,15.0,2.2931183880243875
~/anvil/data/cve-targets/php_repo_ext_phar_phar.c,167,159,201,"pefree(phar->alias, phar->is_persistent);","pefree(phar->alias, phar->is_persistent);","		pefree(phar->alias, phar->is_persistent);",0.0085605485364794,"[[184, 184, 388, 6630, 7, 690, 268, 12, 29, 20768, 11, 1118, 268, 12, 29, 262, 62, 6474, 10191, 477, 32014]]","[-0.0022348209749907255, -0.019717171788215637, -0.11930341273546219, -0.0032430693972855806, -0.00442679924890399, -0.0008141063735820353, -5.960462772236497e-07, -0.00011157367407577112, 0.0, -0.002933486830443144, -0.0013613966293632984, -0.014560513198375702, -4.172316494077677e-06, -0.00010299152199877426, -5.960462772236497e-07, -0.0033075883984565735, -2.861018856492592e-06, -3.71926071238704e-05, -8.22540732769994e-06, -0.0005404680268839002, -0.03189855441451073]",8.017536163330078,True,0.0,-0.1727110422403939,-0.008635552112019695,20.0,-0.1727110422403939,-0.009090054854757574,19.0,0.0006700055631503924,0,17,17,17,1.0,-0.9417488313614478,-1.014053946782632,False,18,0.9,0.0,1.0,0.0,1.1353558224265898
~/anvil/data/cve-targets/openssl_repo_crypto_asn1_tasn_enc.c,523,454,567,case V_ASN1_NEG_INTEGER:,case V_ASN1_OCTET_STRING:,"    case V_ASN1_OCTET_STRING:
    case V_ASN1_NULL",0.811086118221283,"[[315, 1452, 627, 62, 3146, 45, 16, 62, 46, 2068, 2421, 62, 22111, 25, 185, 315, 1452, 627, 62, 3146, 45, 16, 62, 14589]]","[-0.014057193882763386, -0.004152723588049412, -0.006113164126873016, -3.576272320060525e-06, -0.00016711745411157608, -2.145764938177308e-06, -9.536697689327411e-06, -3.58813522325363e-05, -0.9987276792526245, -0.026655811816453934, -0.0009346407605335116, -0.03900332376360893, -0.0379391573369503, -0.0007823029300197959, -0.031141037121415138, -0.6345545649528503, -0.003956824075430632, -0.0005329619161784649, -7.033323527139146e-06, -0.00018785618885885924, -1.1920922133867862e-06, -2.038458114839159e-05, -7.271740287251305e-06, -1.5800044536590576]",10.605731010437012,False,1.0,-3.3789978346501357,-0.14079157644375564,24.0,-1.794279857073434,-0.11214249106708962,16.0,0.07523725820304611,1,5,9,5,0.5555555555555556,-7.232638676949382,-1.0520585466421184,True,14,0.5833333333333334,10.0,0.7346938775510203,1.0,2.00095798435095
~/anvil/data/cve-targets/sqlite3_repo_ext_rtree_rtree.c,578,567,580,pNode->pNext = 0;,pNode->pNext = 0;,"    pNode->pNext = 0;
    pNode->",0.2118290066719055,"[[315, 265, 4601, 12, 29, 79, 7926, 1412, 15, 26, 185, 315, 265, 4601, 12, 29]]","[-0.17363424599170685, -0.37338829040527344, -0.16279089450836182, -0.01400700118392706, -2.9801878554280847e-05, -0.5388569235801697, -0.038417182862758636, -0.6549672484397888, -0.000662822334561497, -0.013319913297891617, -0.5982612371444702, -0.22370702028274536, -0.42308714985847473, -0.20391225814819336, -0.012981193140149117, -7.986990567587782e-06]",7.363890647888184,True,1.0,-3.432031170047594,-0.21450194812797463,16.0,-2.7920425819102093,-0.2326702151591841,12.0,0.05630029580055757,0,10,12,10,0.8333333333333334,-0.9104259714849198,-1.0307608754905746,False,9,0.5625,0.0,1.0,0.0,1.0379304425983036
~/anvil/data/cve-targets/openssl_repo_ssl_statem_extensions_srvr.c,335,180,485,},},"}
#",0.0021478696726262,"[[92, 185, 2]]","[-0.0021482266020029783, -0.0018256916664540768, -0.473560094833374]",13.48611068725586,True,1.0,-0.4775340131018311,-0.15917800436727703,3.0,-0.003973918268457055,-0.0019869591342285275,2.0,2.600719616238352e-08,0,2,2,2,1.0,-1.0809833154722375,-1.1306110710363997,False,1,0.3333333333333333,0.0,1.0,0.0,0.6615838189561263
~/anvil/data/cve-targets/lua_repo_lstate.h,267,112,417,const Instruction *oldpc;,CallInfo *ci_last;  /* last item in,  CallInfo *ci_last;  /* last item in,1.6919583082199097,"[[207, 8910, 4580, 572, 2711, 62, 6358, 26, 207, 4535, 1554, 2849, 279]]","[-0.012927651405334473, -1.13852059841156, -0.0012029323261231184, -0.38912656903266907, -1.303231954574585, -0.6178663372993469, -2.0688490867614746, -0.020455125719308853, -0.11349822580814362, -0.0003871168300975114, -0.3743547797203064, -0.6604358553886414, -0.17700046300888062]",7.877776145935059,False,0.0,-6.877856696286472,-0.5290658997143439,13.0,-6.877856696286472,-0.5290658997143439,13.0,0.36847948039901607,1,9,13,13,0.6923076923076923,-3.1980105108521277,-1.0176032487341247,True,7,0.5384615384615384,30.0,0.30000000000000004,11.0,2.2462629098388303
~/anvil/data/cve-targets/libpng_repo_png.h,2652,2497,2802,#define PNG_IMAGE_FLAG_INVALID 0x08,#define PNG_IMAGE_FLAG_16BIT_sRGB_ALPHA 0x08,"#define PNG_IMAGE_FLAG_16BIT_sRGB_ALPHA 0x08
",0.4568267464637756,"[[2, 5388, 375, 12658, 62, 3220, 9302, 62, 30692, 62, 16, 21, 22862, 62, 82, 49, 6691, 62, 1743, 11914, 32, 207, 15, 87, 15, 23, 185]]","[-0.23532454669475555, -0.022162387147545815, -0.0030903699807822704, -0.0001784403866622597, -2.47952248173533e-05, -0.003849597414955497, -0.0002320735511602834, -0.00011514954530866817, -0.042937904596328735, -0.0015125750796869397, -2.5555419921875, -0.08708745986223221, -0.018577976152300835, -0.1253245770931244, -2.029162883758545, -0.10272186994552612, -0.0006183857913129032, -0.04573972895741463, -2.1332905292510986, -0.0902116522192955, -0.0006921279709786177, -0.15571725368499756, -0.002864070236682892, -0.001157448161393404, -0.08407338708639145, -0.03525334969162941, -0.0031947072129696608]",8.886109352111816,False,1.0,-7.7806572388853965,-0.28817249032908876,27.0,-7.7806572388853965,-0.28817249032908876,27.0,0.48488112951512546,1,5,5,5,1.0,-1.585254532596384,-1.0077883970095207,True,17,0.6296296296296297,13.0,0.7848101265822784,1.0,2.071447798931152
~/anvil/data/cve-targets/libxml2_repo_xmlstring.c,439,430,455,len = xmlStrlen(str2);,len = xmlStrlen(str2);,        len = xmlStrlen(str2);,0.2703231275081634,"[[436, 10405, 405, 11815, 6624, 6446, 7, 2006, 17, 477, 32014]]","[-0.008078282698988914, -0.6642040014266968, -0.1891702115535736, -1.1754636764526367, -0.009871474467217922, -0.05102512240409851, -0.010405809618532658, -0.0014647241914644837, -0.20153018832206726, -0.16133354604244232, -0.582396388053894]",6.473090171813965,True,0.0,-2.472547037177719,-0.24725470371777192,10.0,-2.472547037177719,-0.24725470371777192,10.0,0.13168379179547823,1,12,12,12,1.0,-1.0932982201896666,-1.0539734452027303,False,9,0.9,0.0,1.0,0.0,1.0077443002566395
~/anvil/data/cve-targets/libxml2_repo_parser.c,11751,11731,11756,},},"	}
       ",0.4602848887443542,"[[1839, 185, 436]]","[-0.4602849781513214, -0.3054862916469574, -0.633319079875946]",9.083333015441896,True,1.0,-1.3990903496742249,-0.46636344989140827,3.0,-1.3990903496742249,-0.46636344989140827,3.0,0.01793086341567967,1,2,2,2,1.0,-0.9869660430111548,-1.0127696601931693,False,1,0.3333333333333333,0.0,1.0,0.0,1.0248619747031027
~/anvil/data/cve-targets/lua_repo_lstate.h,278,123,428,l_uint32 nCcalls;  /* number of nested (non-yieldable | C)  calls */,lua_CFunction panic;  /* to be called in unprotected errors */,"  lua_CFunction panic;  /* to be called in unprotected errors */
  lua_CFunction error;  /* to be called in protected errors */
  lua_CFunction",2.388312578201294,"[[207, 284, 5713, 62, 34, 9116, 27124, 26, 207, 4535, 276, 330, 2414, 279, 403, 17936, 6615, 1641, 185, 207, 284, 5713, 62, 34, 9116, 2179, 26, 207, 4535, 276, 330, 2414, 279, 6979, 6615, 1641, 185, 207, 284, 5713, 62, 34, 9116]]","[-0.12235613167285919, -1.5498640537261963, -0.6099023818969727, -0.004692138638347387, -1.3644382953643799, -0.029675662517547607, -1.083827018737793, -0.07478579878807068, -0.1653338521718979, -0.0004226268210913986, -0.5118138194084167, -0.006690008565783501, -0.0026240460574626923, -0.04702050983905792, -0.061061758548021317, -0.0010280092246830463, -0.006447466555982828, -0.009182602167129517, -0.0023671959061175585, -0.042855676263570786, -1.4501508474349976, -0.19715893268585205, -0.003164642956107855, -0.6536160707473755, -0.0219286996871233, -2.261194944381714, -1.0226716995239258, -0.1400042474269867, -0.00044705410255119205, -0.4406556487083435, -0.021698342636227608, -0.009039785712957382, -0.2717588543891907, -0.6158395409584045, -0.05429794639348984, -0.031816110014915466, -0.025307288393378258, -0.04227064549922943, -0.7726304531097412, -0.07108282297849655, -0.0016105312388390303, -0.3364659249782562, -0.006585916969925165]",9.655555725097656,False,2.0,-14.14778600379941,-0.3290182791581258,43.0,-5.696389052871382,-0.2848194526435691,20.0,0.22533528357696495,1,6,14,6,0.42857142857142855,-8.38535625300177,-1.0273620323990311,True,27,0.627906976744186,47.0,0.4461538461538461,3.0,2.27413781893421
~/anvil/data/cve-targets/php_repo_ext_exif_exif.c,2939,2908,2994,if (maker_note->offset >= value_len) {,if (!maker_note->make) {,"	if (!maker_note->make) {
		exif_error_docref(""ex",0.4677905440330505,"[[2944, 5036, 27061, 62, 5715, 12, 29, 7695, 8, 507, 185, 184, 184, 790, 351, 62, 4014, 62, 7676, 632, 1195, 790]]","[-0.1180385872721672, -0.6348186731338501, -0.10805726796388626, -1.2993727978027891e-05, -1.3828182090946939e-05, -0.6254884600639343, -1.1444026313256472e-05, -0.7420973777770996, -0.4924865961074829, -0.2553780674934387, -0.0919952467083931, -0.2740253508090973, -0.6197612285614014, -0.054211679846048355, -7.986990567587782e-06, -2.4199192921514623e-05, -0.010645270347595215, -0.004526488017290831, -0.0036904579028487206, -3.659658250398934e-05, -0.42997682094573975, -0.00545928068459034]",5.15625,False,1.0,-4.470763902337239,-0.20321654101532907,22.0,-3.962185121827133,-0.3047834709097795,13.0,0.07218138699137329,1,16,16,15,1.0,-1.5348291120797806,-1.0892487732621938,True,14,0.6363636363636364,18.0,0.6774193548387097,5.0,1.98639909389986
~/anvil/data/cve-targets/libpng_repo_pngrtran.c,3987,3829,4027,else if (row_info->bit_depth == 16),else if (row_info->bit_depth == 16),      else if (row_info->bit_depth == 16),0.008801638148725,"[[730, 1969, 562, 334, 725, 62, 4895, 12, 29, 3374, 62, 15369, 7400, 16, 21, 8, 32014]]","[-0.0034273474011570215, -0.015262833796441555, -0.07723180204629898, -0.002537128748372197, -0.0027314042672514915, -9.775113539944869e-06, -4.1960789531003684e-05, -2.372236667724792e-05, -1.1920922133867862e-06, -0.0021802245173603296, -6.079655122448457e-06, -5.722029527532868e-06, -0.004940326325595379, -0.003911939915269613, -0.0018079616129398346, -0.028095364570617676, -0.20154733955860138]",9.031944274902344,True,0.0,-0.14221478524791564,-0.008888424077994728,16.0,-0.14221478524791564,-0.008888424077994728,16.0,0.0003622730328670943,0,16,16,16,1.0,-0.9902360723894142,-1.0114693716920184,False,15,0.9375,0.0,1.0,0.0,1.1307304417947492
~/anvil/data/cve-targets/openssl_repo_crypto_x509_x509_obj.c,147,17,173,*(p++) = 'x';,*(p++) = 'x';,                *(p++) = 'x';,0.0079754739999771,"[[1044, 572, 7, 79, 3868, 8, 405, 651, 87, 4057, 32014]]","[-0.0006494796834886074, -0.0012268644059076905, -8.77341881277971e-05, -4.935142715112306e-05, -2.47952248173533e-05, -1.7881377516459906e-06, -0.00012957210128661245, -0.0596027709543705, -0.020615121349692345, -2.8132995794294402e-05, -0.01534806564450264]",10.769542694091797,True,0.0,-0.08241561046838797,-0.008241561046838796,10.0,-0.08241561046838797,-0.008241561046838796,10.0,0.0003300195600190357,0,17,17,17,1.0,-0.9677139991623602,-1.056375867999881,False,8,0.8,0.0,1.0,0.0,1.0254397231072097
~/anvil/data/cve-targets/openssl_repo_ssl_t1_lib.c,1141,1129,1192,if (clu->amask & s->s3.tmp.new_cipher->algorithm_auth) {,if (clu->cert_type == SSL_CERT_TYPE_X509) {,"                if (clu->cert_type == SSL_CERT_TYPE_X509) {
                    idx = i;
                    break;
                }
            }
        } else {",0.9342653155326844,"[[1044, 562, 334, 535, 84, 12, 29, 13850, 62, 2139, 2312, 25811, 62, 34, 6579, 62, 10441, 62, 55, 20, 15, 24, 8, 507, 185, 1817, 22033, 405, 460, 26, 185, 1817, 2963, 26, 185, 1044, 611, 185, 655, 611, 185, 436, 611, 1969, 507]]","[-0.004467388149350882, -0.05272750183939934, -0.07898426800966263, -0.36768490076065063, -0.00030012393835932016, -0.2689158320426941, -9.059865078597795e-06, -1.7343032360076904, -0.8382571339607239, -0.6302632093429565, -0.16808590292930603, -0.8544158935546875, -0.00853982474654913, -0.7361281514167786, -0.006745780352503061, -0.08357404917478561, -0.8304435014724731, -0.009526625275611877, -1.5784757137298584, -0.040912702679634094, -0.0014422263484448195, -0.005805061198771, -0.9127637147903442, -0.2052489072084427, -0.6948121190071106, -0.005636868067085743, -0.7671321034431458, -0.01889597252011299, -0.9984556436538696, -0.012007691897451878, -0.014580016024410725, -0.008064801804721355, -0.010187767446041107, -4.207999518257566e-05, -0.0006571040721610188, -0.0004530118894763291, -0.00010156115604331717, -0.014479797333478928, -0.015130980871617794, -0.00010549465514486656, -0.0017679788870736957, -0.395174503326416, -0.0020779224578291178, -0.2027672380208969, -0.13778316974639893]",10.111804962158203,False,5.0,-12.718334535070426,-0.28262965633489834,45.0,-10.118469695868953,-0.38917191137957513,26.0,0.23979949087126304,0,28,29,16,0.9655172413793104,-2.400649399954915,-1.0391474467894342,True,28,0.6222222222222222,40.0,0.36363636363636365,15.0,2.31127277263525
~/anvil/data/cve-targets/poppler_repo_poppler_Stream.cc,532,507,538,if (width > INT_MAX / nComps) {,if (imgLineSize > INT_MAX / nBits - 7) {,        if (imgLineSize > INT_MAX / nBits - 7) {,0.605205774307251,"[[436, 562, 334, 6379, 6498, 5142, 1938, 19440, 62, 14840, 889, 291, 33, 1043, 567, 207, 22, 8, 507, 32014]]","[-0.009780817665159702, -0.34532973170280457, -0.09678708761930466, -0.2352638691663742, -0.00017474555352237076, -0.0005367745761759579, -0.3625410497188568, -0.05882302299141884, -0.00015317220822907984, -4.410646579344757e-05, -0.15252426266670227, -0.23858501017093658, -0.14594002068042755, -1.311301275563892e-06, -0.6820115447044373, -0.05468706786632538, -0.24475061893463135, -0.3320996165275574, -0.0024703005328774452, -0.07047586143016815]",10.225693702697754,False,0.0,-2.9625041310528104,-0.15592127005541107,19.0,-2.9625041310528104,-0.15592127005541107,19.0,0.03141361619503213,1,16,19,19,0.8421052631578947,-3.881483097797843,-1.0421103426425438,True,13,0.6842105263157895,18.0,0.647887323943662,5.0,2.125968823243478
~/anvil/data/cve-targets/php_repo_ext_exif_exif.c,960,873,977,"{ 0x009d, ""InternalNDFilter""},","{ 0x0097, ""TimerRecordingTime""},","  { 0x0097, ""TimerRecordingTime""},
  { 0x00",2.019503593444824,"[[207, 507, 207, 15, 87, 15, 15, 24, 22, 11, 440, 27772, 5473, 2726, 3904, 22294, 185, 207, 507, 207, 15, 87, 15, 15]]","[-0.00011812942830147222, -0.0007469248375855386, -1.0490362910786644e-05, -8.344646857949556e-07, -0.0001333863037871197, -0.00010334911348763853, -0.0007446615491062403, -0.024112308397889137, -0.2967522144317627, -2.4199192921514623e-05, -0.0001793938863556832, -1.44391667842865, -2.3562700748443604, -0.24571163952350616, -2.5422286987304688, -0.06352418661117554, -0.048691339790821075, -0.00010847456724150106, -0.0016210046596825123, -1.597391747054644e-05, -1.8358061424805783e-05, -0.00027724236133508384, -0.00010024998482549563, -0.0003408804477658123]",15.82100772857666,False,1.0,-7.025750693897521,-0.29273961224573003,24.0,-7.023376984465017,-0.3901876102480565,18.0,0.639712276299442,0,10,14,10,0.7142857142857143,-5.175724549943942,-1.1985718025237195,True,14,0.5833333333333334,16.0,0.5806451612903225,2.0,1.828999433611127
~/anvil/data/cve-targets/php_repo_ext_intl_locale_locale_methods.c,967,951,983,while( (*str)!='\0' ){,while( *str != '\0' ){,		while( *str != '\0' ){,0.6684471964836121,"[[184, 184, 6460, 7, 572, 2006, 2069, 28, 20521, 15, 6, 2189, 90, 32014]]","[-0.054940078407526016, -0.07328689098358154, -0.08377381414175034, -0.25458091497421265, -0.2951207458972931, -0.05688000097870827, -0.7886466979980469, -0.04863433912396431, -0.028052479028701782, -0.0004997196956537664, -0.3871235251426697, -0.04698604717850685, -0.12889347970485687, -0.3930986523628235]",7.839583396911621,False,0.0,-2.247418733255472,-0.17287836409657478,13.0,-2.247418733255472,-0.17287836409657478,13.0,0.044294025838383856,0,21,18,18,1.1666666666666667,-3.8665752072376067,-1.0185753393825574,True,11,0.8461538461538461,3.0,0.9090909090909091,3.0,2.251797842141682
~/anvil/data/cve-targets/poppler_repo_fofi_FoFiType1C.cc,1459,1449,1462,if(ok) {,if (ok) {,"                    if (ok) {
                        cvt",1.3317582607269287,"[[1817, 562, 334, 541, 8, 507, 185, 3081, 258, 29811]]","[-0.17835001647472382, -0.3912123739719391, -0.05713516101241112, -0.06607842445373535, -0.09768733382225037, -0.04507969319820404, -0.31975680589675903, -0.013917893171310425, -1.26978600025177, -0.004104998894035816]",10.937673568725586,False,1.0,-2.443108701147139,-0.24431087011471392,10.0,-1.1692177020013332,-0.14615221275016665,8.0,0.016951999623638317,1,10,8,10,1.25,-9.112132041431648,-1.0608254478113452,True,5,0.5,1.0,0.9411764705882353,0.0,2.10029309361953
~/anvil/data/cve-targets/libxml2_repo_HTMLparser.c,4240,4227,4303,return;,return;,"	return;
   ",0.2754486799240112,"[[3404, 26, 185, 315]]","[-0.550438642501831, -0.0004419303731992841, -0.4761650264263153, -0.0021636902820318937]",4.597916603088379,True,1.0,-1.0292092895833775,-0.2573023223958444,4.0,-1.0292092895833775,-0.2573023223958444,4.0,0.06622569199193581,0,4,4,4,1.0,-1.0705254323365558,-1.1045594798510643,False,2,0.5,0.0,1.0,0.0,0.7861862190593751
~/anvil/data/cve-targets/sqlite3_repo_src_build.c,2315,2288,2556,if( db->init.busy ){,if( p->tnum==1 ){,"  if( p->tnum==1 ){
    p->tabFlags",0.1685293167829513,"[[207, 562, 7, 265, 12, 29, 83, 6487, 780, 16, 2189, 90, 185, 315, 265, 12, 29, 3594, 17512]]","[-0.008205038495361805, -0.11376051604747772, -0.001258177449926734, -1.063664436340332, -0.4498600363731384, -2.9802276912960224e-06, -0.5958662629127502, -0.0021004059817641973, -0.2750493586063385, -0.365511029958725, -0.26999926567077637, -0.04014343395829201, -0.3963668942451477, -0.013249802403151989, -1.1941454410552979, -0.12218893319368362, -4.482168878894299e-05, -0.6292567849159241, -0.003733451943844557]",12.997224807739258,False,1.0,-5.544407071468413,-0.2918108984983375,19.0,-3.595037638670874,-0.25678840276220527,14.0,0.08712195154201,1,16,17,16,0.9411764705882353,-0.6562964486329047,-1.1168766791888698,True,11,0.5789473684210527,10.0,0.5945945945945945,5.0,1.8771784261132771
~/anvil/data/cve-targets/lua_repo_ldebug.c,80,74,81,"return luaG_getfuncline(ci_func(ci)->p, currentpc(ci));",return ci->lineinfo[ci->pc];,  return ci->lineinfo[ci->pc];,2.7433922290802,"[[207, 967, 4533, 12, 29, 1027, 4895, 58, 2711, 12, 29, 6338, 2818, 32014]]","[-0.08223804086446762, -1.2868080139160156, -0.9523451328277588, -0.025479061529040337, -0.00012766500003635883, -1.162152886390686, -0.546656608581543, -0.1570589393377304, -0.23057256639003754, -0.0014524635626003146, -5.9960475482512265e-05, -0.7265300154685974, -0.30010080337524414, -0.6562978625297546]",4.113890171051025,False,0.0,-5.47158215771924,-0.4208909352091723,13.0,-5.47158215771924,-0.4208909352091723,13.0,0.2009601189354995,0,25,16,16,1.5625,-6.518059667207616,-1.1180065747348882,True,23,1.7692307692307692,35.0,0.5060240963855422,19.0,2.2992993421298498
~/anvil/data/cve-targets/poppler_repo_poppler_Parser.cc,322,305,331,},} else {,    } else {,0.0002964295563288,"[[315, 611, 1969, 507]]","[-0.08996108919382095, -0.00028153270250186324, -0.07836047559976578, -0.32061612606048584]",12.520136833190918,False,0.0,-0.48921922355657443,-0.12230480588914361,4.0,-0.48921922355657443,-0.12230480588914361,4.0,0.014298569770382909,0,2,4,4,0.5,-0.0024236950802855785,-1.103634595837978,True,1,0.25,7.0,0.2222222222222222,2.0,1.7313667501723495
~/anvil/data/cve-targets/libtiff_repo_libtiff_tif_predict.c,4,-151,154,*,* Copyright (, * Copyright (,0.0638709291815757,"[[572, 18263, 334]]","[-0.06387092918157578, -0.47243618965148926, -0.013954924419522285]",14.402777671813965,False,0.0,-0.5502620432525873,-0.18342068108419576,3.0,-0.5502620432525873,-0.18342068108419576,3.0,0.042180250018106547,0,2,4,4,0.5,-0.34822097924855583,-1.15682008173721,True,1,0.3333333333333333,12.0,0.1428571428571429,2.0,1.6012981843551137
~/anvil/data/cve-targets/sqlite3_repo_src_resolve.c,184,173,190,assert( pExTab!=0 );,testcase( pExTab->iColUsed==0 );,"  testcase( pExTab->iColUsed==0 );
",3.7194013595581055,"[[207, 1719, 5875, 7, 265, 1488, 14249, 12, 29, 72, 2608, 30668, 780, 15, 4363, 185]]","[-0.0373360812664032, -0.7805981040000916, -0.010110709816217422, -0.01971927471458912, -0.22063596546649933, -0.0164264477789402, -0.00011669908417388797, -1.2137434482574463, -0.0018369958270341158, -1.3445963859558105, -1.980571985244751, -1.2977017164230347, -1.4453524351119995, -1.1803538799285889, -0.15544646978378296, -0.08422669768333435]",6.013887405395508,False,1.0,-9.788773296342697,-0.6117983310214186,16.0,-9.788773296342697,-0.6117983310214186,16.0,0.442047572332651,1,12,15,15,0.8,-6.079456531613016,-1.0661428524129177,True,9,0.5625,18.0,0.6153846153846154,5.0,2.408530671536616
~/anvil/data/cve-targets/openssl_repo_crypto_asn1_tasn_dec.c,815,760,890,case V_ASN1_NEG_INTEGER:,case V_ASN1_INTEGER:,"    case V_ASN1_INTEGER:
    case V_ASN1_ENUMER",0.8627907633781433,"[[315, 1452, 627, 62, 3146, 45, 16, 62, 1154, 4463, 18924, 25, 185, 315, 1452, 627, 62, 3146, 45, 16, 62, 1732, 5767, 1004]]","[-0.021792007610201836, -0.002839939668774605, -0.0003618539194576442, -3.3378546504536644e-06, -2.3841574147809297e-05, -4.768370445162873e-07, -5.245195097813848e-06, -3.4689302992774174e-05, -0.6778604388237, -0.0027598170563578606, -0.0008870004676282406, -0.12861941754817963, -0.20845626294612885, -0.3523809611797333, -0.002550921868532896, -0.0001102625101339072, -4.529942543740617e-06, -2.7417760065873154e-05, -2.3841855067985307e-07, -2.3841830625315197e-06, -8.106198947643861e-06, -0.3532153069972992, -0.0023645793553441763, -0.04804211109876633]",13.10781478881836,False,1.0,-1.8023511483173422,-0.07509796451322259,24.0,-1.3960252899840953,-0.09971609214172109,14.0,0.03606781364070079,1,5,9,5,0.5555555555555556,-8.652472683665797,-1.1199688360092401,True,14,0.5833333333333334,4.0,0.9090909090909091,1.0,1.8311845240543825
~/anvil/data/cve-targets/php_repo_ext_exif_exif.c,3657,3617,3700,marker = c;,marker = c;,"		marker = c;
		if (pos",0.2934343218803406,"[[184, 184, 5294, 250, 405, 258, 26, 185, 184, 2944, 334, 937]]","[-0.028266776353120804, -0.5662869215011597, -0.15249468386173248, -7.462222856702283e-05, -0.04774291440844536, -0.996110200881958, -0.2152280956506729, -0.27233126759529114, -0.05481674149632454, -0.5078243017196655, -0.21817277371883392, -0.5122684240341187]",6.402776718139648,True,1.0,-3.57161772344989,-0.29763481028749084,12.0,-2.333352223977272,-0.25926135821969687,9.0,0.09531041125366466,1,7,10,7,0.7,-1.1318089355671959,-1.0558277873655915,False,5,0.4166666666666667,0.0,1.0,0.0,0.9490105221438335
~/anvil/data/cve-targets/openssl_repo_crypto_bn_bn_gf2m.c,598,495,643,if (ubits <= BN_BITS2 && udp[0] == 1),if (BN_is_zero(u)),"            if (BN_is_zero(u))
                break;
            while (vbits && !(vdp[0] & 1)) {",0.7548869848251343,"[[655, 562, 334, 11876, 62, 262, 62, 12057, 7, 84, 1435, 185, 1044, 2963, 26, 185, 655, 1470, 334, 85, 11857, 2956, 2069, 7, 85, 8496, 58, 15, 60, 573, 207, 16, 1435, 507]]","[-0.007812184281647205, -0.642578661441803, -0.2827405333518982, -0.7001194357872009, -0.0004236992390360683, -0.7205183506011963, -0.001978346612304449, -0.16620415449142456, -0.018481552600860596, -0.37016168236732483, -0.11428084969520569, -0.2463255226612091, -0.007748783566057682, -0.5983940362930298, -6.389413465512916e-05, -0.002564596012234688, -0.01317568589001894, -0.5392009019851685, -0.30556342005729675, -0.2001875787973404, -0.006480037700384855, -0.1910857856273651, -0.08507842570543289, -0.04605193808674812, -0.02651662938296795, -0.0004312062228564173, -0.0010146714048460126, -0.027361290529370308, -0.0003510097449179739, -0.001277345814742148, -0.00539596751332283, -0.0026336766313761473, -0.004916483070701361, -0.01449495367705822]",9.363887786865234,False,2.0,-5.351613290979003,-0.15740039091114716,34.0,-3.2793737566971686,-0.252259519745936,13.0,0.07028898593431986,1,23,40,14,0.575,-2.9925014746140053,-1.0198980638287443,True,21,0.6176470588235294,28.0,0.32727272727272727,15.0,2.2819280568476725
~/anvil/data/cve-targets/lua_repo_ldebug.c,593,584,599,if (c->upvals[i]->v == o) {,if (o == c->pupvalues[i]) {,    if (o == c->pupvalues[i]) {,0.7455803751945496,"[[315, 562, 334, 78, 2312, 258, 12, 29, 79, 393, 9254, 58, 72, 5589, 507, 32014]]","[-0.0008933129138313234, -0.08918274939060211, -0.07646281272172928, -0.8375735878944397, -0.11743286997079849, -0.4576910138130188, -0.003200886305421591, -8.106198947643861e-06, -0.5408402681350708, -0.8331335783004761, -0.1767289787530899, -0.2227107733488083, -0.0013513966696336865, -0.2192053347826004, -0.005491054616868496, -0.25477561354637146]",12.320232391357422,False,0.0,-3.5819067238153366,-0.2387937815876891,15.0,-3.5819067238153366,-0.2387937815876891,15.0,0.07992074045198114,0,24,21,21,1.1428571428571428,-3.1222771809104244,-1.0981328187133954,True,16,1.0666666666666667,16.0,0.7037037037037037,8.0,2.089073733386795
~/anvil/data/cve-targets/openssl_repo_ssl_statem_statem.c,454,444,456,return 0;,memmove(s->init_,        memmove(s->init_,0.7355526089668274,"[[436, 1631, 13593, 7, 82, 12, 29, 2995, 62]]","[-0.027438538148999214, -0.5395733118057251, -0.1678357720375061, -0.1463404893875122, -0.015041856095194817, -6.437094270950183e-05, -7.271740287251305e-06, -0.0023618440609425306, -1.490105023549404e-05]",7.576562881469727,False,0.0,-0.8986783552691122,-0.0998531505854569,9.0,-0.8986783552691122,-0.0998531505854569,9.0,0.02799695471360797,1,5,7,7,0.7142857142857143,-7.366343522003569,-1.0252950632556217,True,4,0.4444444444444444,14.0,0.16000000000000003,7.0,2.060951447058546
~/anvil/data/cve-targets/poppler_repo_fofi_FoFiTrueType.cc,1311,1022,1326,} else if (needVerticalMetrics && i == t42VheaTable) {,} else if (needVerticalMetrics && i == t42VheaTable) {,                } else if (needVerticalMetrics && i == t42VheaTable) {,0.0038952883332967,"[[1044, 611, 1969, 562, 334, 18834, 10681, 735, 30658, 2956, 460, 2312, 244, 19, 17, 53, 247, 64, 5127, 8, 507, 32014]]","[-0.006956997327506542, -0.0001705739414319396, -0.018552467226982117, -0.005511090159416199, -0.0030411682091653347, -0.04307185113430023, -0.0002217047003796324, 0.0, -3.933898824470816e-06, -0.0010912423022091389, -0.003822284284979105, -0.0004037995240651071, -2.407998726994265e-05, -4.768370445162873e-07, -2.3841855067985307e-07, -0.0009416675311513245, -0.0004260824352968484, -5.960446742392378e-06, -5.006777428206988e-06, -0.006876967381685972, -2.7417760065873154e-05, -0.06304794549942017]",14.635589599609377,True,0.0,-0.09115501028449557,-0.00434071477545217,21.0,-0.09115501028449557,-0.004557750514224778,20.0,9.314883203247232e-05,1,15,15,15,1.0,-0.8546515043198332,-1.1635727517846919,False,20,0.9523809523809523,0.0,1.0,0.0,0.7239810556550781
~/anvil/data/cve-targets/libsndfile_repo_src_file_io.c,303,297,328,ssize_t	count ;,sf_count_t count ;,	sf_count_t count ;,0.5291135907173157,"[[184, 5274, 62, 4241, 62, 83, 1683, 6203, 32014]]","[-0.3774659037590027, -0.259877473115921, -0.0018419933039695024, -0.2352246642112732, -4.732496745418757e-05, -0.000331704446580261, -0.02192123606801033, -0.2802330255508423, -0.4130275249481201]",4.322222232818604,False,0.0,-1.1769433254230535,-0.14711791567788168,8.0,-1.1769433254230535,-0.14711791567788168,8.0,0.021401574710842683,1,5,5,5,1.0,-3.596527236531973,-1.1121987968232872,True,7,0.875,8.0,0.6060606060606061,1.0,1.809521723505147
~/anvil/data/cve-targets/php_repo_ext_phar_util.c,1364,1252,1478,PHP_SHA512_CTX context;,PHP_SHA512_CTX context;,			PHP_SHA512_CTX context;,0.0206662509590387,"[[459, 184, 24080, 62, 8019, 32, 20, 16, 17, 62, 2068, 55, 3723, 26, 32014]]","[-0.004065582528710365, -0.006806876976042986, -0.018552934750914574, -0.0001842805795604363, -0.036086756736040115, -1.0132738680113107e-05, -0.010393068194389343, -4.2199197196168825e-05, -0.0001778444420779124, -0.00017915551143232733, -3.2066785934148356e-05, -1.168244216387393e-05, -0.1530056893825531, -0.001456272671930492, -0.0702713131904602]",12.441883087158203,True,0.0,-0.23100454293762596,-0.01650032449554471,14.0,-0.23100454293762596,-0.01650032449554471,14.0,0.0015299040235387874,1,5,5,5,1.0,-1.252475426445028,-1.1014776178865942,False,12,0.8571428571428571,0.0,1.0,0.0,0.7736094308212327
~/anvil/data/cve-targets/libpng_repo_pngset.c,1095,940,1245,},},"}
void",0.0010282472940161,"[[92, 185, 4563]]","[-0.0010282472940161824, -0.0028843963518738747, -0.8945065140724182]",12.005034446716309,True,1.0,-0.8984191577183083,-0.2994730525727694,3.0,-0.003912643645890057,-0.0019563218229450285,2.0,8.613223312464996e-07,0,2,3,2,0.6666666666666666,-0.525602322662938,-1.0895135926574202,False,1,0.3333333333333333,0.0,1.0,0.0,0.7681082884729621
~/anvil/data/cve-targets/libpng_repo_pngrutil.c,2626,2602,2642,size_t row_factor = (png_uint_32)row_factor_l;,size_t row_factor = row_factor_l;,      size_t row_factor = row_factor_l;,0.4509113430976867,"[[730, 2398, 62, 83, 5439, 62, 24619, 405, 5439, 62, 24619, 62, 75, 26, 32014]]","[-0.03842980042099953, -0.8178826570510864, -2.372236667724792e-05, -1.1801649634435307e-05, -0.037939731031656265, -0.00020311199477873743, -0.0011457790387794375, -0.22937391698360443, -0.7703612446784973, -2.9205850296420977e-05, -6.186770770000294e-05, -0.0022100803907960653, -0.0012409137561917305, -0.9474537372589111, -0.2599574327468872]",5.145139694213867,False,0.0,-2.846367570179609,-0.2033119692985435,14.0,-2.846367570179609,-0.2033119692985435,14.0,0.1169209233232322,1,13,8,8,1.625,-2.2178297945438126,-1.0895513624571822,True,21,1.5,13.0,0.8354430379746836,5.0,1.9494068917975436
~/anvil/data/cve-targets/libxml2_repo_xmlstring.c,445,430,455,size = xmlStrlen(str1);,size = xmlStrlen(str1);,    size = xmlStrlen(str1);,0.0390750281512737,"[[315, 2398, 405, 11815, 6624, 6446, 7, 2006, 16, 477, 32014]]","[-0.06549164652824402, -0.08320620656013489, -0.004266090225428343, -0.16769374907016754, -0.0026298719458281994, -0.03640406206250191, -0.009633127599954605, -0.0002004899288294837, -0.0024945589248090982, -0.038399744778871536, -0.10146421194076538]",9.461979866027832,True,0.0,-0.4104195476247696,-0.04104195476247696,10.0,-0.4104195476247696,-0.04104195476247696,10.0,0.0025413173598858377,1,12,12,12,1.0,-0.9520752210125834,-1.022402231101335,False,9,0.9,0.0,1.0,0.0,1.06069566327619
~/anvil/data/cve-targets/libpng_repo_png.c,2391,2368,2463,default:  goto PNG_FP_End;,default:  type = PNG_FP_SAW_ANY;                    break;,      default:  type = PNG_FP_SAW_ANY;                    break;,0.1282232105731964,"[[730, 3346, 25, 207, 1443, 405, 375, 12658, 62, 17843, 62, 9163, 54, 62, 1934, 56, 26, 1817, 2963, 26, 32014]]","[-0.06584406644105911, -0.4812799096107483, -0.0075554801151156425, -0.4929116666316986, -0.9044718742370605, -0.47679799795150757, -0.0619509182870388, -0.00018809456378221512, -6.282132380874828e-05, -0.0024561495520174503, -0.00010299152199877426, -0.6998077034950256, -0.00011526874004630372, -0.0006700892699882388, -0.9822748899459839, -8.535020606359467e-05, -0.02213825099170208, -0.5087974071502686, -0.00530822342261672, -5.209310256759636e-05, -0.10934866219758987]",3.7194433212280273,False,0.0,-4.712871246560098,-0.23564356232800493,20.0,-4.712871246560098,-0.23564356232800493,20.0,0.10658325275280851,0,8,13,13,0.6153846153846154,-0.544140520141669,-1.129085967132537,True,12,0.6,39.0,0.47619047619047616,8.0,1.7495285125034745
~/anvil/data/cve-targets/libpng_repo_pngrutil.c,1766,1740,1781,num > (unsigned int) PNG_MAX_PALETTE_LENGTH),(num & 1) != 0),       (num & 1) != 0),0.2784506678581238,"[[1032, 334, 6487, 573, 207, 16, 8, 2069, 4084, 15, 8, 32014]]","[-0.3893730044364929, -1.0912885665893555, -1.4947774410247803, -1.364246129989624, -0.297520250082016, -0.4383874833583832, -0.09332209080457687, -0.2269720882177353, -0.002578745363280177, -0.007432783488184214, -0.1417909860610962, -0.20750562846660614]",3.724998950958252,False,0.0,-5.547689569415525,-0.5043354154014114,11.0,-5.547689569415525,-0.5043354154014114,11.0,0.2728406051085437,0,13,12,12,1.0833333333333333,-0.5521140482202681,-1.128929158433253,True,18,1.6363636363636365,37.0,0.27118644067796616,11.0,1.8255859530652196
~/anvil/data/cve-targets/poppler_repo_fofi_FoFiTrueType.cc,552,492,590,"cmapLen = getU16BE(pos + 8, &ok);","cmapLen = getU16BE(pos + 10, &ok);","        cmapLen = getU16BE(pos + 10, &ok);",0.0838056355714798,"[[436, 258, 4008, 21356, 405, 748, 52, 16, 21, 11306, 7, 937, 4536, 16, 15, 11, 573, 541, 477, 32014]]","[-0.0009023646707646549, -0.04958146810531616, -8.725739462533966e-05, -0.002872747601941228, -0.0029031771700829268, -0.0160126443952322, -0.0004828002711292356, -0.02663317695260048, -2.253030106658116e-05, -0.00495029054582119, -0.00030179237364791334, -0.012317304499447346, -0.004826087038964033, -0.519677996635437, -0.0630679801106453, -0.5895491242408752, -0.00013100242358632386, -1.7881233361549675e-05, -0.029784319922327995, -0.28147798776626587]",12.083333015441896,False,0.0,-1.3241219458868727,-0.06969062873088804,19.0,-1.3241219458868727,-0.06969062873088804,19.0,0.02809792555246423,0,19,19,19,1.0,-1.202538090093823,-1.091648365219031,True,17,0.8947368421052632,2.0,0.9552238805970149,1.0,1.9661263378294136
~/anvil/data/cve-targets/libtiff_repo_libtiff_tif_dirwrite.c,3257,3122,3530,else,else,"        else
       ",0.0956895425915718,"[[436, 1969, 185, 436]]","[-0.08843173831701279, -0.09313128143548965, -0.5947352647781372, -0.12875378131866455]",8.114583969116211,True,1.0,-0.9050520658493042,-0.22626301646232605,4.0,-0.9050520658493042,-0.22626301646232605,4.0,0.04550034220590929,0,2,2,2,1.0,-0.4229128740865372,-1.011596636183451,False,1,0.25,0.0,1.0,0.0,0.9822013590291316
~/anvil/data/cve-targets/openssl_repo_ssl_statem_statem_dtls.c,385,375,412,if ((frag_off + frag_len) > msg_len) {,if (frag_off + frag_len > msg_len) {,    if (frag_off + frag_len > msg_len) {,0.2994267344474792,"[[315, 562, 334, 20708, 62, 2959, 945, 8010, 62, 6446, 1938, 16495, 62, 6446, 8, 507, 32014]]","[-0.16549672186374664, -0.22045305371284485, -0.19227543473243713, -0.5776898264884949, -2.8013790142722428e-05, -0.4330744445323944, -1.3918219804763794, -0.030865980312228203, -8.4638240878121e-06, -8.785339014139026e-05, -0.18784072995185852, -0.09583144634962082, -7.748573807475623e-06, -0.06387562304735184, -0.07761386781930923, -0.0024946779012680054, -0.35763731598854065]",13.038888931274414,False,0.0,-3.4394658667661133,-0.21496661667288208,16.0,-3.4394658667661133,-0.21496661667288208,16.0,0.11797290037509255,1,19,16,16,1.1875,-1.392898762988494,-1.118040627468078,True,16,1.0,2.0,0.972972972972973,3.0,1.9246575044112015
~/anvil/data/cve-targets/libsndfile_repo_src_paf.c,102,78,118,switch (subformat),return SF_OK ;,"	return SF_OK ;
} /* paf",0.6545925736427307,"[[3404, 25633, 62, 9516, 6203, 185, 92, 4535, 265, 2623]]","[-1.3281570672988892, -1.0294121503829956, -0.020708773285150528, -0.7862619757652283, -0.03512134402990341, -0.02828102931380272, -0.025694027543067932, -0.055755555629730225, -0.013992424122989178, -0.0030469917692244053]",1.3618048429489136,False,1.0,-3.3264313391409814,-0.33264313391409817,10.0,-3.2279423400759697,-0.5379903900126616,6.0,0.2846264475911676,0,6,12,5,0.5,-1.2167365547688034,-1.1976357304443583,True,5,0.5,17.0,0.1875,6.0,1.6148712984453462
~/anvil/data/cve-targets/libsndfile_repo_src_wavlike.c,416,409,457,int format = 0 ;,unsigned int format ;,"	unsigned int format ;
	psf",0.391161561012268,"[[184, 15546, 1097, 4797, 6203, 185, 184, 829, 69]]","[-0.6129051446914673, -0.7550747990608215, -0.5792241096496582, -0.05799216032028198, -0.3430979251861572, -0.24294765293598175, -1.1388860940933228, -0.40288376808166504, -0.0002138386043952778]",6.455555438995361,False,1.0,-4.133225492623751,-0.45924727695819456,9.0,-3.7301278859376907,-0.532875412276813,7.0,0.11010888243043862,0,8,10,7,0.8,-0.7340581907147016,-1.0544355750558618,True,5,0.5555555555555556,13.0,0.6486486486486487,5.0,1.9762384525621786
~/anvil/data/cve-targets/poppler_repo_poppler_GfxState.cc,2408,2399,2421,int i;,int i;,"    int i;
    const",0.1386183947324752,"[[315, 1097, 460, 26, 185, 315, 1133]]","[-0.07543967664241791, -0.3223823308944702, -0.045113082975149155, -0.05103984847664833, -0.0023308033123612404, -0.39409756660461426, -1.12346351146698]",8.48611068725586,True,1.0,-2.013866820372641,-0.2876952600532344,7.0,-0.8904033089056611,-0.14840055148427686,6.0,0.022907291839273407,1,5,7,5,0.7142857142857143,-0.9340827466342799,-1.0022442571945636,False,3,0.42857142857142855,0.0,1.0,0.0,1.0459470228224912
~/anvil/data/cve-targets/libsndfile_repo_src_ulaw.c,829,823,835,{,{,		{,3.191906452178955,"[[184, 5849, 32014]]","[-0.06690628081560135, -0.09217311441898346, -0.1822935789823532]",6.973262786865234,True,0.0,-0.1590793952345848,-0.0795396976172924,2.0,-0.1590793952345848,-0.0795396976172924,2.0,0.00015960322008524985,1,2,2,2,1.0,-40.12972827149667,-1.0408762850097464,False,1,0.5,0.0,1.0,0.0,1.2943454951279305
~/anvil/data/cve-targets/php_repo_ext_iconv_iconv.c,162,146,183,},},"	}
#",0.043631762266159,"[[1839, 185, 2]]","[-0.04363187775015831, -0.033606696873903275, -0.049340032041072845]",10.214585304260254,True,1.0,-0.12657860666513443,-0.04219286888837814,3.0,-0.07723857462406158,-0.03861928731203079,2.0,2.512606290040742e-05,0,2,2,2,1.0,-1.1297920107543442,-1.0418209784015218,False,1,0.3333333333333333,0.0,1.0,0.0,0.8972309055244817
~/anvil/data/cve-targets/libtiff_repo_libtiff_tif_predict.c,40,-115,190,"static int swabHorDiff16(TIFF* tif, uint8_t* cp0, tmsize_t cc);","static int swabHorDiff16(TIFF* tif, uint8_t* cp0, tmsize_t cc);","static int swabHorDiff16(TIFF* tif, uint8_t* cp0, tmsize_t cc);",0.0302067715674638,"[[6412, 1097, 1961, 356, 24060, 21659, 16, 21, 7, 22938, 3681, 9, 244, 351, 11, 10945, 23, 62, 83, 9, 24276, 15, 11, 244, 1400, 938, 62, 83, 26383, 477, 32014]]","[-0.01851864904165268, -0.003465125570073724, -0.46036583185195923, -0.00017796363681554794, -0.004423713777214289, -0.04185470938682556, -0.368221640586853, -5.221230458118953e-05, -0.00014852374442853034, -1.8000440832111053e-05, -5.722029527532868e-06, -6.329813186312094e-05, -4.136476854910143e-05, -2.7418097943154862e-06, -6.794906312279636e-06, -0.00012110930401831865, -6.544376083184034e-05, -3.933898824470816e-06, -6.9141146923357155e-06, -9.369411418447271e-05, -0.00083078199531883, -0.00019393471302464604, -1.6689160474925302e-05, -0.00013255194062367082, -3.099436753473128e-06, -1.1920928244535389e-07, -9.536738616588991e-07, -1.1920928244535389e-07, -0.00014959646796341985, -0.0025221463292837143, -0.38210341334342957]",9.21267318725586,True,0.0,-0.9015073793157029,-0.030050245977190096,30.0,-0.9015073793157029,-0.030050245977190096,30.0,0.010752230342668435,0,26,26,26,1.0,-1.005208795641557,-1.016049755482774,False,30,1.0,0.0,1.0,0.0,1.2351621431956623
~/anvil/data/cve-targets/poppler_repo_poppler_JPEG2000Stream.cc,280,273,351,jpxData.data = buf;,jpxData.buf = buf;,    jpxData.buf = buf;,0.4941878616809845,"[[315, 521, 2527, 2714, 13, 9455, 405, 23350, 26, 32014]]","[-0.014610678888857365, -0.5919657349586487, -0.0004518203204497695, -0.004522097297012806, -0.005005922168493271, -0.7762501835823059, -0.014770204201340675, -0.04530814662575722, -0.0008728270186111331, -0.4078191816806793]",9.853470802307127,False,0.0,-1.4537576150614768,-0.16152862389571965,9.0,-1.4537576150614768,-0.16152862389571965,9.0,0.08007724949418044,0,10,10,10,1.0,-3.059444510590423,-1.032457889739451,True,8,0.8888888888888888,4.0,0.8108108108108107,1.0,2.068922052428294
~/anvil/data/cve-targets/openssl_repo_crypto_x509_x509_obj.c,79,17,173,"ascii2ebcdic(ebcdic_buf, q, (num > (int)sizeof(ebcdic_buf))",l2 = num;,"            l2 = num;
            if (num % 4)
                l2 += 4 - (num % 4);
            if (l2 > NAME_ONELINE_MAX) {
                ERR_raise",0.7947758436203003,"[[655, 284, 17, 405, 1181, 26, 185, 655, 562, 334, 6487, 3018, 207, 19, 8, 185, 1044, 284, 17, 23323, 19, 567, 334, 6487, 3018, 207, 19, 477, 185, 655, 562, 334, 75, 17, 1938, 19145, 62, 1236, 6380, 6155, 62, 14840, 8, 507, 185, 1044, 19798, 62, 22326]]","[-0.04278440773487091, -0.9567116498947144, -0.15837979316711426, -0.3593716621398926, -1.120050072669983, -0.3650490641593933, -0.033763449639081955, -0.40922820568084717, -1.0589561462402344, -0.5698211789131165, -1.1955978870391846, -1.1199595928192139, -0.005360989365726709, -0.16107705235481262, -0.26832395792007446, -0.35068270564079285, -0.0021594080608338118, -0.0633673295378685, -0.004961559548974037, -0.3390296399593353, -0.12741617858409882, -0.020137272775173187, -0.12926144897937775, -0.005792498122900724, -0.4754819869995117, -0.00013779645087197423, -0.0002843929105438292, -0.004449586383998394, -0.034191519021987915, -0.2242259532213211, -0.9657210111618042, -0.642158031463623, -0.6865834593772888, -0.048706669360399246, -0.1876601129770279, -0.24798361957073212, -2.2649508537142538e-05, -0.0009170140838250518, -5.483612312673358e-06, -2.145764938177308e-06, -1.6689286894688848e-06, -7.795983401592821e-05, -0.019921576604247093, -0.1009238064289093, -0.0005347490659914911, -0.0006171943969093263, -0.014859001152217388, -2.288792165927589e-05, -0.00021038226259406656]",6.614583492279053,False,4.0,-12.522943809411572,-0.25557028182472596,49.0,-3.4453383050858974,-0.4306672881357372,8.0,0.1429932514810995,1,24,41,7,0.5853658536585366,-1.8454520821878717,-1.050251776413254,True,31,0.6326530612244898,53.0,0.17647058823529416,24.0,2.219511755378975
~/anvil/data/cve-targets/libpng_repo_pngrutil.c,1633,1594,1691,"if (png_crc_finish(png_ptr, 0) != 0)",if (buf[0] != 0),"   if (buf[0] != 0)
   {
      png_chunk_benign_error(png_ptr, ""invalid index",0.4847594797611236,"[[243, 562, 334, 9455, 58, 15, 60, 2069, 4084, 15, 8, 185, 243, 507, 185, 730, 265, 944, 62, 358, 5061, 62, 8524, 617, 62, 4014, 7, 6320, 62, 8856, 11, 440, 21260, 3750]]","[-0.008496682159602642, -0.2536514401435852, -0.27024245262145996, -0.715089738368988, -0.0011926926672458649, -0.0765710324048996, -0.005392647814005613, -0.7171245813369751, -0.1269848495721817, -0.06302600353956223, -0.6765626668930054, -0.09699126332998276, -0.03934010863304138, -0.0008624648326076567, -0.002466376405209303, -0.0025612665340304375, -0.054458942264318466, -2.610649426060263e-05, -2.7417760065873154e-05, -0.3170066475868225, -1.6569954823353328e-05, -2.038458114839159e-05, -0.008660140447318554, -3.6954811548639555e-06, -8.141662692651153e-05, -0.0011825718684121966, -0.0005092516075819731, -0.0005210472736507654, -8.22540732769994e-06, -2.145764938177308e-06, -0.0004175029753241688, -0.0028758379630744457, -0.2673912048339844, -0.3817804753780365]",8.128472328186035,False,2.0,-4.091545851525552,-0.1203395838683986,34.0,-3.0506661594845355,-0.23466662765265658,13.0,0.07245051816056591,0,19,21,17,0.9047619047619048,-2.0657367628713006,-1.0112454617195137,True,21,0.6176470588235294,24.0,0.46153846153846156,7.0,2.2250678094025047
~/anvil/data/cve-targets/libsndfile_repo_src_flac.c,339,331,397,{	case FLAC__METADATA_TYPE_STREAMINFO :,{	case FLAC__METADATA_TYPE_STREAMINFO :,"		{	case FLAC__METADATA_TYPE_STREAMINFO :
			psf->sf.",0.2549611628055572,"[[184, 5849, 14288, 17235, 2585, 1437, 44, 2421, 3195, 10216, 62, 10441, 62, 1428, 1369, 2348, 17980, 1191, 185, 459, 184, 829, 69, 12, 29, 5274, 13]]","[-0.01465426292270422, -0.002526545897126198, -0.050324130803346634, -0.0010353925172239542, -2.3841855067985307e-07, -5.722029527532868e-06, -0.0009659630013629794, -8.344646857949556e-07, -1.1920928244535389e-07, -1.4305104514278355e-06, -1.7881377516459906e-06, -0.0006181474891491234, -3.349725011503324e-05, -0.013771165162324905, -0.0007558587822131813, -3.1470757676288486e-05, -0.007738255895674229, -0.006428041495382786, -0.1684296578168869, -0.013738124631345272, -0.08293435722589493, -0.04591839015483856, -7.962863310240209e-05, -0.2523305416107178, -5.960462772236497e-07, -0.07473678886890411, -0.008285789750516415]",13.729339599609377,True,1.0,-0.7453467394830326,-0.027605434795667877,27.0,-0.36399500441867616,-0.01733309544850839,21.0,0.0015320803888487506,1,8,10,8,0.8,-14.709499729172611,-1.1375069482749633,False,17,0.6296296296296297,0.0,1.0,0.0,0.7435602790117462
~/anvil/data/cve-targets/openssl_repo_crypto_asn1_a_type.c,23,-132,173,"void ASN1_TYPE_set(ASN1_TYPE *a, int type, void *value)","void ASN1_TYPE_set(ASN1_TYPE *a, int type, const void *value)","void ASN1_TYPE_set(ASN1_TYPE *a, int type, const void *value)",0.0920948907732963,"[[4563, 4958, 45, 16, 62, 10441, 62, 1113, 7, 3146, 45, 16, 62, 10441, 572, 64, 11, 1097, 1443, 11, 1133, 2494, 572, 2824, 8, 32014]]","[-0.28738656640052795, -0.04448672756552696, -2.145764938177308e-06, -2.2411095415009186e-05, -2.0861407392658293e-05, -0.0019215944921597838, -0.00011967896716669202, -0.10191916674375534, -0.00782637856900692, -0.0022878681775182486, -1.9073468138230965e-06, -1.6689286894688848e-06, -5.960462772236497e-07, -9.917721035890281e-05, -0.0008026715368032455, -0.00119304982945323, -5.185469490243122e-05, -0.01635444350540638, -0.00021526881027966738, -0.00014876213390380144, -0.29513680934906006, -0.1757884919643402, -0.0005840741214342415, -0.0010629009921103716, -0.0009139174944721162, -0.030720794573426247]",3.916666269302368,False,0.0,-0.9383489931477129,-0.03753395972590852,25.0,-0.9383489931477129,-0.03753395972590852,25.0,0.007123484712100075,0,24,26,26,0.9230769230769231,-2.4536417539161497,-1.1235326273817163,True,24,0.96,6.0,0.9482758620689655,2.0,1.9412309012972169
~/anvil/data/cve-targets/sqlite3_repo_src_vdbemem.c,1155,1144,1179,if( pVal->flags & (MEM_Blob|MEM_Str) ){,if( pVal->enc==enc ){,"  if( pVal->enc==enc ){
    assert( pVal->z==0 );",0.7149773836135864,"[[207, 562, 7, 265, 2174, 12, 29, 897, 780, 897, 2189, 90, 185, 315, 4409, 7, 265, 2174, 12, 29, 89, 780, 15, 4363, 32014]]","[-0.11661972105503082, -0.5057020783424377, -0.019554926082491875, -1.1717017889022827, -0.0005779979983344674, -0.004265852738171816, -5.7338023907504976e-05, -0.4626196622848511, -0.4232381582260132, -0.9579452276229858, -0.32092761993408203, -0.004596145357936621, -0.40334075689315796, -0.013829365372657776, -0.6782125234603882, -0.012628468684852123, -1.3715931177139282, -0.0001401803019689396, -0.003676324151456356, -1.585470999998506e-05, -1.0856091976165771, -0.4954466223716736, -0.48357951641082764, -0.34698957204818726, -0.5206794142723083]",12.74999713897705,False,1.0,-8.8828680163042,-0.3701195006793417,24.0,-4.404976638834341,-0.31464118848816724,14.0,0.1309522076811713,1,22,30,16,0.7333333333333333,-2.272357878664937,-1.1099948977389464,True,20,0.8333333333333334,26.0,0.43333333333333335,9.0,2.0317231546651295
~/anvil/data/cve-targets/poppler_repo_poppler_Parser.cc,245,188,287,},},"    }
   ",0.0004509862337727,"[[315, 611, 185, 315]]","[-0.0007053509471006691, -0.00045098623377270997, -0.0983964204788208, -0.008106780238449574]",13.597224235534668,True,1.0,-0.10765953789814375,-0.02691488447453594,4.0,-0.10765953789814375,-0.02691488447453594,4.0,0.001712658083077647,1,2,2,2,1.0,-0.016756015958358513,-1.1337560923907297,False,1,0.25,0.0,1.0,0.0,0.6532084791463967
~/anvil/data/cve-targets/libtiff_repo_libtiff_tif_predict.c,437,429,475,unsigned char* cp = (unsigned char*) cp0;,uint8_t* cp = cp0;,	uint8_t* cp = cp0;,0.6081641316413879,"[[184, 9842, 23, 62, 83, 9, 24276, 405, 24276, 15, 26, 32014]]","[-1.0257543325424194, -0.8274151086807251, -0.028584254905581474, -0.000892121868673712, -0.0005260513862594962, -0.10551600903272629, -0.05935194715857506, -0.043149035423994064, -0.11180953681468964, -0.0005091324565000832, -0.1974935233592987, -0.31560763716697693]",1.9277777671813965,False,0.0,-2.401001053629443,-0.2182728230572221,11.0,-2.401001053629443,-0.2182728230572221,11.0,0.1165050919511625,1,21,10,10,2.1,-2.786256773166637,-1.1808093174328516,True,12,1.0909090909090908,27.0,0.47457627118644063,12.0,1.8231770956917344
~/anvil/data/cve-targets/poppler_repo_poppler_SplashOutputDev.cc,2214,2203,2320,if (t3GlyphStack->haveDx) {,if (t3GlyphStack->haveD0) {,"    if (t3GlyphStack->haveD0) {
        error(errSyntaxWarning, -",0.2456603050231933,"[[315, 562, 334, 83, 18, 38, 16703, 13427, 12, 29, 6281, 35, 15, 8, 507, 185, 436, 2179, 7, 977, 18741, 20828, 11, 567]]","[-0.0036137294955551624, -0.19564801454544067, -0.17314371466636658, -0.20740953087806702, -0.001365087111480534, -0.01121903583407402, -4.458328112377785e-05, -0.002089223824441433, -0.18715347349643707, -4.768360213347478e-06, -1.1202785968780518, -0.020413896068930626, -0.752105176448822, -0.869636058807373, -0.08464520424604416, -0.20781441032886505, -0.0027985714841634035, -0.730457067489624, -0.004581905901432037, -0.0018856617389246821, -0.023072008043527603, -0.001128513365983963, -0.0004899493651464581, -0.0054922401905059814]",10.5145845413208,False,1.0,-4.606490421850594,-0.19193710091044144,24.0,-3.8393830757554497,-0.22584606327973233,17.0,0.11218041385043873,1,13,15,13,0.8666666666666667,-1.087733394400234,-1.0496639903243918,True,14,0.5833333333333334,1.0,0.962962962962963,1.0,2.027201048398242
~/anvil/data/cve-targets/php_repo_ext_phar_phar.c,901,632,1125,"PHAR_GET_32(buffer, manifest_flags);","PHAR_GET_32(buffer, tmp_len);","	PHAR_GET_32(buffer, tmp_len);
	if (tmp_len > manifest_",0.3765459954738617,"[[184, 11914, 1522, 62, 11383, 62, 18, 17, 7, 10401, 11, 20308, 62, 6446, 477, 185, 2944, 334, 10801, 62, 6446, 1938, 11759, 62]]","[-0.6469408869743347, -0.3840498924255371, -5.245195097813848e-06, -3.3854863431770355e-05, -0.005094523075968027, -0.0003480305604171008, -0.028346039354801178, -3.4689302992774174e-05, -0.002561623230576515, -0.0016771787777543068, -0.0020428281277418137, -0.053031206130981445, -4.768360213347478e-06, -2.861018856492592e-06, -0.0032486540731042624, -0.11569570004940033, -0.4517485499382019, -0.1610804945230484, -0.4002982974052429, -1.2159273865108844e-05, -1.4424220353248529e-05, -1.2587941884994507, -0.953034520149231, -4.172316494077677e-06]",7.238889694213867,False,1.0,-4.468104787847096,-0.18617103282696235,24.0,-1.243117981521209,-0.07769487384507556,16.0,0.03040590109899704,1,11,17,11,0.6470588235294118,-4.846471547462688,-1.0339870661375619,True,14,0.5833333333333334,12.0,0.7692307692307692,1.0,2.061569450645994
~/anvil/data/cve-targets/php_repo_ext_standard_dns.c,738,725,945,#if defined(HAVE_DNS_SEARCH),zval *return_value;,"	zval *return_value;
	zval *tmp;
	zval *tmp",0.2356375157833099,"[[184, 89, 1284, 572, 2125, 62, 2824, 26, 185, 184, 89, 1284, 572, 10801, 26, 185, 184, 89, 1284, 572, 10801]]","[-0.4241999387741089, -0.7141960263252258, -0.31999585032463074, -0.1099817231297493, -0.16201159358024597, -9.917721035890281e-05, -0.0010568277211859822, -0.7079453468322754, -0.03539327532052994, -1.0998549461364746, -1.272869348526001, -0.5941925048828125, -0.5994475483894348, -2.6957039833068848, -0.49718177318573, -0.008953778073191643, -0.9132769107818604, -1.176522135734558, -0.5993205308914185, -0.5324077606201172, -1.650540828704834]",1.7527774572372437,False,2.0,-14.115151808451628,-0.6721500861167442,21.0,-3.5747347053547855,-0.35747347053547857,10.0,0.12650111381110912,0,7,17,7,0.4117647058823529,-0.6591748345138337,-1.1859866845987812,True,13,0.6190476190476191,26.0,0.17021276595744683,8.0,1.6039494481085652
~/anvil/data/cve-targets/php_repo_ext_exif_exif.c,1993,1981,2001,for (i=0; i<ImageInfo->file.count; i++) {,for (i = 0; i < ImageInfo->file.count; i++) {,		for (i = 0; i < ImageInfo->file.count; i++) {,0.1325922757387161,"[[184, 11635, 334, 72, 1412, 15, 26, 460, 1013, 12955, 4580, 12, 29, 2800, 13, 4241, 26, 460, 3868, 8, 507, 32014]]","[-0.0031731990166008472, -0.044999126344919205, -0.018473008647561073, -0.0041946289129555225, -0.22841593623161316, -0.0010001424234360456, -0.015042794868350029, -0.009383149445056915, -0.007970551028847694, -0.023970559239387512, -1.0013530300057027e-05, -0.000102037942269817, -1.5497195136049413e-06, -0.000532008707523346, -4.100715523236431e-05, -0.001949554425664246, -0.020378386601805687, -0.1616942286491394, -0.01770923100411892, -0.001840565470047295, -0.012872929684817791, -0.3880278170108795]",8.462066650390625,False,0.0,-0.5737546090491605,-0.027321648049960026,21.0,-0.5737546090491605,-0.027321648049960026,21.0,0.0031853484702956867,0,27,27,27,1.0,-4.853011630054655,-1.0028468882441568,True,20,0.9523809523809523,4.0,0.9534883720930233,0.0,2.2936275231965038
~/anvil/data/cve-targets/openssl_repo_crypto_pkcs7_pk7_doit.c,178,159,299,const char *propq;,const EVP_CIPHER_CTX_,    const EVP_CIPHER_CTX_,1.0093640089035034,"[[315, 1133, 426, 22794, 62, 34, 4072, 6657, 62, 2068, 55, 62]]","[-0.07610329240560532, -1.48293936252594, -1.6060031652450562, -0.00497579388320446, -0.0006379238329827785, -0.7794592976570129, -0.0018923247698694468, -0.005189164076000452, -0.12045853585004807, -0.19114339351654053, -0.021549250930547714, -0.2581363022327423]",11.947222709655762,False,0.0,-4.54848780692555,-0.37904065057712916,12.0,-4.54848780692555,-0.37904065057712916,12.0,0.3154868750270302,1,9,4,4,2.25,-2.6629439543400975,-1.0879400632036518,True,6,0.5,15.0,0.3076923076923077,6.0,1.9781410697947743
~/anvil/data/cve-targets/poppler_repo_poppler_FileSpec.cc,132,126,139,if (!ok || !fileSpec.isDict()),if (!embFile),"    if (!embFile)
        if (!platformFileName)",1.8674559593200684,"[[315, 562, 5036, 24387, 3882, 8, 185, 436, 562, 5036, 17202, 31333, 8, 32014]]","[-0.006601312197744846, -0.10628388822078705, -0.26424384117126465, -1.3612293004989624, -0.024576978757977486, -0.4367729127407074, -0.707937479019165, -0.041775938123464584, -0.5917347073554993, -0.4890657961368561, -0.9293525815010071, -0.04519899934530258, -0.15701624751091003, -0.32611146569252014]",8.72551155090332,False,1.0,-5.1617899825796485,-0.3970607678907422,13.0,-2.9494216507300735,-0.3686777063412592,8.0,0.19262739469030798,0,23,19,11,1.2105263157894737,-5.065280398569842,-1.003750293799094,True,12,0.9230769230769231,21.0,0.41860465116279066,13.0,2.4633080297441645
~/anvil/data/cve-targets/libtiff_repo_libtiff_tif_predict.c,531,376,681,},},"}
static",0.0017539369873702,"[[92, 185, 6412]]","[-0.0017539369873702526, -0.03548440337181091, -1.0282925367355347]",10.409029960632324,True,1.0,-1.0655308770947158,-0.3551769590315719,3.0,-0.037238340359181166,-0.018619170179590583,2.0,0.00028443609062797035,0,2,4,2,0.5,-0.09420059919172871,-1.0468977207758756,False,1,0.3333333333333333,0.0,1.0,0.0,0.878804937702366
~/anvil/data/cve-targets/poppler_repo_poppler_FileSpec.cc,118,88,122,},},"    }
   ",0.0025206005666404,"[[315, 611, 185, 315]]","[-0.7043716311454773, -0.0024915861431509256, -0.18879127502441406, -0.227920800447464]",9.7979154586792,True,1.0,-1.1235752927605063,-0.28089382319012657,4.0,-1.1235752927605063,-0.28089382319012657,4.0,0.06703256998513535,1,2,2,2,1.0,-0.00897349944549795,-1.0310249212618565,False,1,0.25,0.0,1.0,0.0,0.9200974746792431
~/anvil/data/cve-targets/libtiff_repo_libtiff_tif_predict.c,511,502,521,tmsize_t wc = cc/4;,uint32_t wc = cc;,	uint32_t wc = cc;,0.5764762759208679,"[[184, 9842, 18, 17, 62, 83, 259, 66, 405, 26383, 26, 32014]]","[-0.9976847171783447, -0.235591322183609, -0.15096411108970642, -2.7418097943154862e-06, -0.00016735584358684719, -2.407998726994265e-05, -0.2460806965827942, -0.04271039366722107, -0.1083194836974144, -0.6033511757850647, -0.3213767111301422, -0.578739583492279]",3.4340269565582275,False,0.0,-2.706272788954948,-0.24602479899590435,11.0,-2.706272788954948,-0.24602479899590435,11.0,0.08629878797868898,1,11,8,8,1.375,-2.343163283838166,-1.1371712691000868,True,12,1.0909090909090908,8.0,0.6666666666666667,4.0,1.8188270380458653
~/anvil/data/cve-targets/libpng_repo_pngrutil.c,2620,2602,2642,size_t row_factor_l =,png_uint_32 row_factor_l =,      png_uint_32 row_factor_l =,0.2852102518081665,"[[730, 265, 944, 62, 9842, 62, 18, 17, 5439, 62, 24619, 62, 75, 405, 32014]]","[-0.044641897082328796, -0.4733617901802063, -0.0002762889489531517, -0.0004807746736332774, -0.23686081171035767, -0.014354421757161617, -0.06414845585823059, -0.004265615250915289, -0.07561775296926498, -7.247662142617628e-05, -0.0002416080387774855, -0.002055557444691658, -0.0009789442410692573, -0.10809171944856644, -0.7904761433601379]",6.709028720855713,False,0.0,-1.0254481142255827,-0.0732462938732559,14.0,-1.0254481142255827,-0.0732462938732559,14.0,0.016343124428199362,1,4,4,4,1.0,-3.893852326531214,-1.047774919927749,True,9,0.6428571428571429,9.0,0.7234042553191489,1.0,1.9347891527261312
~/anvil/data/cve-targets/openssl_repo_crypto_pkcs7_pk7_doit.c,331,307,546,const char *propq;,int propq = OBJ_get_prop,    int propq = OBJ_get_prop,0.9855491518974304,"[[315, 1097, 3806, 80, 405, 506, 33, 41, 62, 703, 62, 6946]]","[-0.20056767761707306, -1.3073714971542358, -0.6702573299407959, -0.005390276201069355, -0.7675893306732178, -0.9583682417869568, -0.7183328866958618, -0.008370908908545971, -0.0008746135863475502, -1.5331701040267944, -0.5857253670692444, -1.4638278484344482]",11.843302726745604,False,0.0,-8.219846082094591,-0.6849871735078826,12.0,-8.219846082094591,-0.6849871735078826,12.0,0.2857037681511763,1,9,8,8,1.125,-1.438784826948426,-1.0851172637878357,True,6,0.5,20.0,0.4285714285714286,8.0,1.9824820001027192
~/anvil/data/cve-targets/libtiff_repo_libtiff_tif_predict.c,606,576,615,assert(rowsize > 0);,/*,"        /*
         * Encode the tile.
        ",0.5895557999610901,"[[436, 4535, 185, 294, 572, 13409, 734, 254, 19053, 13, 185, 294]]","[-1.2044777870178223, -0.6130298972129822, -1.8252050876617432, -0.23137167096138, -0.0021407324820756912, -2.2576210498809814, -0.030136482790112495, -1.1203724145889282, -1.7175124883651733, -1.2648440599441528, -0.7622336149215698, -0.02709389291703701]",1.9472222328186035,False,2.0,-11.056039178743958,-0.9213365982286632,12.0,-3.8740844428539276,-0.9685211107134819,4.0,0.3648365722138439,1,12,8,3,1.5,-0.608717552399845,-1.1802354517706186,True,7,0.5833333333333334,20.0,0.0,11.0,1.7200610743882163
~/anvil/data/cve-targets/openssl_repo_crypto_bn_bn_gf2m.c,246,227,255,for (i = 0; i < bt->top; i++) {,for (i = 0; i < bt->top; i++) {,    for (i = 0; i < bt->top; i++) {,0.0771999657154083,"[[315, 327, 334, 72, 1412, 15, 26, 460, 1013, 270, 83, 12, 29, 2277, 26, 460, 3868, 8, 507, 32014]]","[-0.06550291925668716, -0.32769647240638733, -0.0024324848782271147, -0.001141492510214448, -0.16768105328083038, -0.004353450611233711, -0.004001468885689974, -0.007789119146764278, -0.050295110791921616, -0.7072904109954834, -0.08784646540880203, -9.536288416711614e-05, -8.344646857949556e-07, -0.001957288011908531, -0.025210928171873093, -0.0035756006836891174, -0.0008577005355618894, -0.0022632479667663574, -0.009641037322580814, -0.1391812562942505]",11.386109352111816,True,0.0,-1.4696324482134742,-0.07734907622176179,19.0,-1.4696324482134742,-0.07734907622176179,19.0,0.028288317739847413,0,24,24,24,1.0,-0.9980722393383731,-1.0727851643783466,False,18,0.9473684210526315,0.0,1.0,0.0,1.071074191358122
~/anvil/data/cve-targets/sqlite3_repo_ext_fts5_fts5_hash.c,411,393,430,"if(pTerm==0 || 0==memcmp(fts5EntryKey(pIter), pTerm, nTerm)) {",if(pIter->pTerm){,"      if(pIter->pTerm){
        if(pIter->pTerm[0] == pTerm[0]){
          if(pIter->pTerm[1] == pTerm",1.2809358835220337,"[[730, 562, 7, 79, 14208, 12, 29, 79, 14896, 4546, 185, 436, 562, 7, 79, 14208, 12, 29, 79, 14896, 58, 15, 60, 2312, 265, 14896, 58, 15, 60, 4546, 185, 1574, 562, 7, 79, 14208, 12, 29, 79, 14896, 58, 16, 60, 2312, 265, 14896]]","[-0.006408852990716696, -0.5936514139175415, -0.1060466542840004, -1.6915045976638794, -0.5731032490730286, -0.011335729621350765, -2.13382354559144e-05, -0.983486533164978, -0.8800739645957947, -1.1649107933044434, -0.03796061873435974, -0.007520577870309353, -1.0048664808273315, -0.09534195065498352, -1.6960359811782837, -0.5252140164375305, -0.001057423185557127, -6.401333666872233e-05, -0.5475671291351318, -0.1376843899488449, -0.7617656588554382, -0.7214899659156799, -0.009505253285169601, -0.9767205715179443, -0.6378181576728821, -0.0006671110168099403, -0.012548656202852726, -0.016976280137896538, -0.10079102963209152, -0.2989659905433655, -0.05404985323548317, -0.009816349484026432, -0.8777081966400146, -0.1419447958469391, -1.0469493865966797, -0.4049508571624756, -0.0006683023530058563, -6.9141146923357155e-06, -0.3707800507545471, -0.04653122276067734, -0.15460973978042603, -0.3622097373008728, -0.008186711929738522, -0.23369446396827698, -0.053292322903871536, -0.00013195598148740828]",7.261945724487305,False,2.0,-17.366635243753535,-0.37753554877725076,46.0,-6.056024323455858,-0.5046686936213215,12.0,0.2997897824172879,1,33,46,13,0.717391304347826,-2.5381718733739898,-1.0333912469418953,True,29,0.6304347826086957,47.0,0.379746835443038,23.0,2.426488728160935
~/anvil/data/cve-targets/php_repo_ext_phar_phar.c,976,632,1125,if (buffer + 4 > endbuffer) {,"PHAR_GET_32(buffer, entry.offset_abs);","		PHAR_GET_32(buffer, entry.offset_abs);",0.8285333514213562,"[[184, 184, 11914, 1522, 62, 11383, 62, 18, 17, 7, 10401, 11, 6048, 13, 9668, 62, 5372, 477]]","[-0.009409484453499317, -0.6856289505958557, -0.9408115744590759, -1.811964830267243e-05, -5.864924969500862e-05, -0.00885984767228365, -0.0012742503313347697, -0.013306738808751106, -4.124556289752945e-05, -0.001685152412392199, -0.0005161621957086027, -0.0006089740199968219, -0.20966912806034088, -0.0011242267210036516, -0.7451207041740417, -0.12769655883312225, -0.09011709690093994, -0.006333517376333475]",10.239584922790527,False,0.0,-2.8422803814755753,-0.15790446563753197,18.0,-2.8422803814755753,-0.15790446563753197,18.0,0.0850216005090731,1,16,14,14,1.1428571428571428,-5.247054591370746,-1.04247231009429,True,10,0.5555555555555556,30.0,0.417910447761194,14.0,2.1530253600574034
~/anvil/data/cve-targets/php_repo_ext_phar_util.c,1418,1252,1478,PHP_SHA1_CTX  context;,PHP_SHA1_CTX context;,			PHP_SHA1_CTX context;,0.0013455438893288,"[[459, 184, 24080, 62, 8019, 32, 16, 62, 2068, 55, 3723, 26, 32014]]","[-0.0007933806627988815, -0.0009258274803869426, -0.0004256058018654585, -2.264974000354414e-06, -0.008149229921400547, -6.9141146923357155e-06, -0.002534988336265087, -0.00010775939153973013, -6.198863957251888e-06, -1.9788545614574105e-05, -0.6817513108253479, -0.00023326536756940186, -0.005350436549633741]",13.417359352111816,False,0.0,-0.6949565342854385,-0.05791304452378654,12.0,-0.6949565342854385,-0.05791304452378654,12.0,0.035384364289295984,1,5,5,5,1.0,-0.023233865537429083,-1.1286694645982704,True,11,0.9166666666666666,1.0,0.9767441860465116,0.0,1.7006134153394028
~/anvil/data/cve-targets/libtiff_repo_libtiff_tif_predict.c,177,101,179,},sp,		sp,4.063781261444092,"[[184, 184, 776]]","[-0.0637810081243515, -0.7872238159179688, -0.5383353233337402]",4.625694274902344,False,0.0,-1.3893401473760605,-0.46311338245868683,3.0,-1.3893401473760605,-0.46311338245868683,3.0,0.09005741955255712,0,2,2,2,1.0,-8.774916500726713,-1.1037926938577427,True,1,0.3333333333333333,2.0,0.0,1.0,2.2403484354953003
~/anvil/data/cve-targets/libpng_repo_png.c,4019,4006,4022,"(void)png_safe_execute(image, png_image_free_function, image);","png_safe_execute(image->opaque, PNG_IMAGE_FREE, NULL);","      png_safe_execute(image->opaque, PNG_IMAGE_FREE, NULL);
   }
   else
   {
     ",0.820010244846344,"[[730, 265, 944, 62, 21851, 62, 15238, 7, 5468, 12, 29, 25167, 2973, 11, 375, 12658, 62, 3220, 9302, 62, 37, 7454, 11, 4579, 477, 185, 243, 611, 185, 243, 1969, 185, 243, 507, 185, 730]]","[-0.030613509938120842, -0.8525487184524536, -0.0042567127384245396, -0.002591586671769619, -0.4167410433292389, -0.0006357794045470655, -0.20044700801372528, -0.24961845576763153, -0.7778831720352173, -0.527644157409668, -1.3232143828645349e-05, -0.014101860113441944, -0.0016838433220982552, -0.43564844131469727, -1.0442131757736206, -0.0072111329063773155, -0.02159113436937332, -0.9178957343101501, -0.061671096831560135, -0.007583401631563902, -0.1433197408914566, -0.008499637246131897, -0.7427142262458801, -0.9022642374038696, -0.5779377222061157, -0.6967138648033142, -0.6559373736381531, -0.006191951688379049, -0.03199739009141922, -0.46953219175338745, -0.5599044561386108, -0.15449820458889008, -0.006326054688543081, -0.0014694855781272054, -0.31815361976623535, -0.01404637936502695]",5.312673568725586,False,4.0,-10.864099732571049,-0.3017805481269736,36.0,-9.30197999891243,-0.34451777773749737,27.0,0.1276316429761618,1,18,22,17,0.8181818181818182,-2.380168159191902,-1.0849974866891263,True,22,0.6111111111111112,36.0,0.5344827586206897,11.0,2.0643139032324136
~/anvil/data/cve-targets/lua_repo_ldo.c,285,255,292,lua_lock(L);,lua_lock(L);,    lua_lock(L);,0.232762336730957,"[[315, 284, 5713, 62, 4183, 7, 43, 477, 32014]]","[-0.0329427532851696, -1.0262563228607178, -0.001958239823579788, -0.0891759917140007, -0.5005938410758972, -0.0023036866914480925, -0.0003666205739136785, -0.0018413984216749668, -0.41097357869148254]",6.627779006958008,True,0.0,-1.6554388544464018,-0.20692985680580023,8.0,-1.6554388544464018,-0.20692985680580023,8.0,0.12128584476999063,0,9,9,9,1.0,-1.1248368907411948,-1.0499053682360162,False,7,0.875,0.0,1.0,0.0,0.9795031593455524
~/anvil/data/cve-targets/php_repo_ext_phar_phar.c,945,632,1125,"PHAR_GET_32(buffer, len);",if (manifest_count > 0) {,"	if (manifest_count > 0) {
		PHAR_GET_32(buffer",0.4036948382854461,"[[2944, 334, 31260, 62, 4241, 6213, 15, 8, 507, 185, 184, 184, 11914, 1522, 62, 11383, 62, 18, 17, 7, 10401]]","[-0.393650621175766, -0.32041722536087036, -0.6235381960868835, -6.23445157543756e-05, -0.5851901769638062, -1.3259484767913818, -0.5809326171875, -0.7568267583847046, -0.06444402039051056, -0.0035859348718076944, -0.0047363946214318275, -0.8770880103111267, -0.890264630317688, -9.715084888739511e-05, -0.0001382732152706012, -0.009401336312294006, -0.0004253674705978483, -0.015122643671929836, -3.45700973412022e-05, -0.0021814140491187572, -0.002508352743461728]",6.177779197692871,False,1.0,-6.456594515388133,-0.3074568816851492,21.0,-5.536420776661544,-0.46136839805512864,12.0,0.1563688639364129,1,11,13,13,0.8461538461538461,-0.8749945596343356,-1.0617834877395491,True,12,0.5714285714285714,24.0,0.19999999999999996,11.0,1.9928296642752297
~/anvil/data/cve-targets/php_repo_ext_standard_http_fopen_wrapper.c,695,634,719,) {,) {,"			) {
				",0.0049504823982715,"[[459, 184, 8, 507, 185, 1749, 184]]","[-0.4355563521385193, -0.004603976849466562, -0.005123461596667767, -0.005393121857196093, -0.09898548573255539, -0.029528683051466942, -0.7224089503288269]",8.400564193725586,True,1.0,-1.301600031554699,-0.18594286165067128,7.0,-1.301600031554699,-0.18594286165067128,7.0,0.06861534207784571,0,3,3,3,1.0,-0.026623675436231127,-1.0043900129467986,False,2,0.2857142857142857,0.0,1.0,0.0,1.000894235741029
~/anvil/data/cve-targets/openssl_repo_crypto_bn_bn_local.h,611,456,761,"return ((((((bits+BN_BITS2-1))/BN_BITS2)) <= (a)->dmax)?(a):bn_expand2((a),(bits+BN_BITS2-1)/BN_BITS2));",BIGNUM *r;,"    BIGNUM *r;
    if (bits > a->used)
        r = BN_CTX_get(ctx);
    else
        r = a;
    BN_CTX_set(ctx, r);
    return r;
}
static ossl_inline BIGNUM *bn_expand_const(BIGNUM *a, int bits)",1.383281946182251,"[[315, 380, 10000, 5767, 572, 81, 26, 185, 315, 562, 334, 11857, 1938, 245, 12, 29, 4504, 8, 185, 436, 427, 405, 380, 45, 62, 2068, 55, 62, 703, 7, 12511, 477, 185, 315, 1969, 185, 436, 427, 405, 245, 26, 185, 315, 380, 45, 62, 2068, 55, 62, 1113, 7, 12511, 11, 427, 477, 185, 315, 967, 427, 26, 185, 92, 185, 6412, 269, 23172, 62, 15823, 380, 10000, 5767, 572, 14030, 62, 21138, 62, 2834, 7, 33, 10000, 5767, 572, 64, 11, 1097, 9814, 8]]","[-0.23706595599651337, -0.826740026473999, -0.25688523054122925, -9.595887240720913e-05, -0.1381872296333313, -1.5199373960494995, -0.5800567865371704, -0.005485126748681068, -0.4954720139503479, -1.275560975074768, -0.28882354497909546, -0.8503281474113464, -1.9415158033370972, -0.6348143219947815, -0.0014381790533661842, -7.4741430580616e-05, -0.7953146696090698, -0.12244874238967896, -0.7941454648971558, -0.26575127243995667, -0.8898613452911377, -0.027053052559494972, -0.7823320031166077, -0.04450428485870361, -0.001090289675630629, -0.7933933734893799, -0.0007577646756544709, -0.003469521179795265, -1.3276032209396362, -0.3348752558231354, -0.3419961631298065, -0.217929407954216, -0.019189076498150826, -0.01248473022133112, -0.011631646193563938, -0.11738675832748413, -0.041341383010149, -0.008807029575109482, -0.004970930516719818, -0.37567976117134094, -0.038840968161821365, -0.012980487197637558, -0.14256924390792847, -0.984534740447998, -0.02091110870242119, -0.0005596501869149506, -1.175705075263977, -0.0007513322634622455, -0.002876313403248787, -0.36546966433525085, -0.03448685258626938, -0.2805228531360626, -0.0007097586058080196, -0.3225499391555786, -0.005879133008420467, -0.010971576906740665, -0.024156875908374786, -0.4692522883415222, -0.044754985719919205, -0.00037353215157054365, -0.06270516663789749, -0.005149197764694691, -0.03898991271853447, -1.2599000930786133, -0.309063583612442, -6.41325386823155e-05, -5.185469490243122e-05, -0.005936490371823311, -0.6499696969985962, -0.077159084379673, -4.362964682513848e-05, -0.007987698540091515, -0.09466659277677536, -0.0019250449258834124, -2.187875986099243, -0.2816633880138397, -2.415309190750122, -0.02787071280181408, -0.6253330111503601, -0.000671042304020375, -2.9802276912960224e-06, -0.0050238328985869884, -0.18775151669979095, -0.03917436674237251, -0.16261664032936096, -0.022486239671707153, -0.12837588787078857]",2.6499993801116943,False,8.0,-28.923121939263183,-0.3324496774627952,87.0,-4.059925724803179,-0.45110285831146435,9.0,0.2095043497698775,1,71,75,7,0.9466666666666667,-3.066444649364564,-1.1596804874103215,True,56,0.6436781609195402,99.0,0.08771929824561409,69.0,2.5433644395009374
~/anvil/data/cve-targets/poppler_repo_poppler_GfxState.cc,2401,2386,2402,"alt->getGray(&color2, gray);",gray->set(color2);,"    gray->set(color2);
}
void GfxSeparationColorSpace::get",0.6305859088897705,"[[315, 14297, 12, 29, 1113, 7, 3122, 17, 477, 185, 92, 185, 4563, 452, 18498, 17384, 18789, 5709, 17855, 1161, 703]]","[-0.7846716046333313, -0.474876344203949, -0.002905197674408555, -2.861018856492592e-06, -0.9011781811714172, -1.3635485172271729, -0.1993006467819214, -0.01342142466455698, -0.16171328723430634, -0.6081963181495667, -0.08587320148944855, -0.0011811431031674147, -0.7860971689224243, -0.015192976221442223, -0.00027771908207796514, -0.015165149234235287, -0.00028320116689428687, -0.007081883493810892, -0.0008526980527676642, -0.002041757572442293, -0.9179873466491699]",5.570138931274414,False,2.0,-6.341848627747368,-0.3019927917974937,21.0,-4.509814382759487,-0.45098143827594867,10.0,0.19147244370680122,1,16,20,12,0.8,-1.3982524675526105,-1.0780361826247216,True,12,0.5714285714285714,16.0,0.6086956521739131,6.0,2.0359081372450114
~/anvil/data/cve-targets/poppler_repo_poppler_FileSpec.cc,85,79,91,int c;,if (f == NULL),    if (f == NULL),0.7040485739707947,"[[315, 562, 334, 69, 2312, 4579, 8]]","[-0.013860168866813183, -1.5144824981689453, -0.6261023283004761, -0.5358239412307739, -0.05585183575749397, -0.25928592681884766, -0.04267064109444618]",5.306249141693115,False,0.0,-3.0480773402377963,-0.4354396200339709,7.0,-3.0480773402377963,-0.4354396200339709,7.0,0.2454109324554746,1,5,13,13,0.38461538461538464,-1.6168684280862367,-1.08517176286365,True,3,0.42857142857142855,12.0,0.19999999999999996,12.0,1.9015975411392552
~/anvil/data/cve-targets/poppler_repo_poppler_GfxState.cc,3934,3805,4010,double b;,// The gradient is degenerate,        // The gradient is degenerate,2.478410482406616,"[[436, 1069, 428, 15492, 317, 21122, 387]]","[-0.0064801559783518314, -0.29647088050842285, -2.0917675495147705, -1.459006667137146, -0.26201754808425903, -0.9287182688713074, -0.00127948890440166]",7.531250953674316,False,0.0,-5.045740558998659,-0.7208200798569513,7.0,-5.045740558998659,-0.7208200798569513,7.0,0.5551757506030005,0,5,2,2,2.5,-3.4383205347143817,-1.0264571737465642,True,3,0.42857142857142855,27.0,0.1578947368421053,4.0,2.27641719253756
