file,masked_line_no,cntx_start,cntx_end,masked_line,prediction,whole_prediction,loss,generated_tokens,log_prob_scores,first_token_var,exact_match,num_generated_lines,log_seq_prob,normalized_seq_prob,generated_token_length,log_seq_prob_first_line,normalized_log_seq_prob_first_line,first_line_length,seq_prob_first_line_var,vul_label,mask_ast_complexity,pred_ast_complexity,first_line_pred_ast_complexity,mask_pred_ast_ratio,loss_to_pred_ratio,scaled_first_token_var,neg_exact_match,masked_line_token_length,length_ratio,lev_dist,lev_ratio,ast_dist,new_score
~/anvil/data/cve-targets/libtiff_repo_libtiff_tif_ojpeg.c,735,727,747,(void)s;,if (sp==NULL,"
	if (sp==NULL",0.474609375,"[[198, 743, 320, 2154, 418, 4576]]","[-1.056782841682434, -0.9110025763511658, -0.1817435622215271, -0.5885814428329468, -0.6241667866706848, -0.18685922026634216]",1.0201387405395508,False,1.0,-3.5491364300251007,-0.5915227383375168,6.0,-3.5491364300251007,-0.5915227383375168,6.0,0.10854669196810218,1,9,8,8,1.125,-0.8023518695729204,-1.1546605697248438,True,3,0.5,11.0,0.19999999999999996,10.0,1.7242370483742562
~/anvil/data/cve-targets/sqlite3_repo_src_sqliteInt.h,2107,1952,2257,((X)->op==TK_COLUMN && (X)->y.pTab==0),((X)->op==TK_COLUMN && (X)->iTable<0 && sqlite3IsVirtual((X)->pTab)),  ((X)->op==TK_COLUMN && (X)->iTable<0 && sqlite3IsVirtual((X)->pTab)),0.671875,"[[220, 1781, 55, 3997, 453, 418, 15778, 36183, 1009, 320, 55, 3997, 72, 2556, 27, 15, 1009, 22003, 18, 3872, 33026, 1188, 55, 3997, 79, 8582, 593]]","[-0.6723790168762207, -0.37566304206848145, -0.018593305721879005, -0.06717371940612793, -0.7870728373527527, -0.04217647761106491, -0.0006226746481843293, -0.06495936959981918, -0.02445344440639019, -0.1090480163693428, -0.00248540285974741, -8.523101132595912e-05, -0.5909950733184814, -0.03203953057527542, -0.07144249975681305, -0.0004357342259027064, -0.22103266417980194, -0.7085533738136292, -0.0010551605373620987, -0.3311939537525177, -0.32660967111587524, -0.15905161201953888, -0.0007914748275652528, -4.31528314948082e-05, -0.0030046815518289804, -0.0010222929995507002, -0.07223542779684067]",2.675173759460449,False,0.0,-4.684218841233815,-0.1734895867123635,27.0,-4.684218841233815,-0.1734895867123635,27.0,0.058392188223011815,1,31,42,42,0.7380952380952381,-3.8727108222001414,-1.1078603542189664,True,17,0.6296296296296297,37.0,0.6226415094339622,19.0,2.1277111192160927
~/anvil/data/cve-targets/php_repo_ext_standard_http_fopen_wrapper.c,695,634,719,) {,) {,			) {,0.16015625,"[[298, 197, 8, 314, 151643]]","[-0.36918529868125916, -0.00018749863374978304, -0.03479119762778282, -0.2858847379684448, -0.6924052834510803]",5.95156192779541,True,0.0,-1.382454016362317,-0.2764908032724634,5.0,-0.6900487329112366,-0.17251218322780915,4.0,0.025049129326417303,0,3,3,3,1.0,-0.928376460162859,-1.0207328422123034,False,2,0.4,0.0,1.0,0.0,0.9770621044128586
~/anvil/data/cve-targets/php_repo_ext_iconv_iconv.c,162,146,183,},},	},0.326171875,"[[197, 92, 151664]]","[-0.2878844141960144, -0.3257463574409485, -0.3160201907157898]",5.097916603088379,True,0.0,-0.9296509623527527,-0.30988365411758423,3.0,-0.6136307716369629,-0.30681538581848145,2.0,0.0003583816865706524,0,2,2,2,1.0,-1.0630883915090563,-1.0427505433751918,False,1,0.3333333333333333,0.0,1.0,0.0,0.9282967265650787
~/anvil/data/cve-targets/libpng_repo_pngrtran.c,1694,1673,1848,info_ptr->num_trans = 0;,},"      }
      else if (info_ptr->color_type == PNG_COLOR_TYPE",0.1396484375,"[[414, 456, 414, 770, 421, 320, 2733, 4348, 405, 3423, 1819, 621, 41639, 14471, 4189]]","[-0.7228819727897644, -0.04366029426455498, -0.040245234966278076, -0.05994863063097, -0.10702814906835556, -0.07083752751350403, -0.010916394181549549, -1.5139465176616795e-05, -2.1815061700181104e-05, -0.03989386931061745, -4.327203714638017e-05, -0.0287909097969532, -0.00276314583607018, -2.4318398573086597e-05, -0.00021669900161214173]",5.802778244018555,False,1.0,-1.1272873723228258,-0.0751524914881884,15.0,-0.8067875020205975,-0.26892916734019917,3.0,0.10303851855943387,1,10,12,2,0.8333333333333334,-0.5192759077833412,-1.0245366218915688,True,9,0.6,24.0,0.0,9.0,2.04353197556395
~/anvil/data/cve-targets/openssl_repo_crypto_pkcs7_pk7_doit.c,75,45,86,if (*pbio == NULL),if (*pbio == NULL),    if (*pbio == NULL),0.04150390625,"[[262, 421, 4609, 16650, 815, 621, 1770, 8, 151643]]","[-0.06689345836639404, -0.035219743847846985, -0.18664361536502838, -5.149708886165172e-05, -3.4570634852570947e-06, -0.003122813068330288, -0.0003665013937279582, -0.06971711665391922, -0.0718032568693161]",9.32986068725586,True,0.0,-0.4338214597169099,-0.04820238441298999,9.0,-0.3620182028475938,-0.04525227535594922,8.0,0.00362990277368711,0,15,15,15,1.0,-0.9171672788502903,-1.0660248393339578,False,7,0.7777777777777778,0.0,1.0,0.0,0.974613401295602
~/anvil/data/cve-targets/openssl_repo_ssl_statem_statem_dtls.c,599,560,646,"frag_len, 0, &readbytes);","frag_len, 0, &readbytes);","                                          frag_len, 0, &readbytes);",0.05908203125,"[[10503, 8343, 6043, 11, 220, 15, 11, 609, 878, 9651, 1215, 151664]]","[-0.28720393776893616, -0.012120995670557022, -5.006664650863968e-05, -0.2189270704984665, -0.17429009079933167, -0.14453475177288055, -0.0965670719742775, -0.013088857755064964, -0.00022516099852509797, -1.4543427823809907e-05, -0.04497143253684044, -0.36275357007980347]",2.938368082046509,True,0.0,-1.3547475499290158,-0.11289562916075131,12.0,-0.9919939798492123,-0.09018127089538294,11.0,0.009444466886152235,0,11,11,11,1.0,-0.6551474675771602,-1.1005947199673145,False,10,0.8333333333333334,0.0,1.0,0.0,0.8377490259445708
~/anvil/data/cve-targets/sqlite3_repo_src_vdbemem.c,1078,1001,1083,#endif,#endif,#endif,0.007659912109375,[[2663]],[-0.007644683588296175],7.027082443237305,True,0.0,-0.007644683588296175,-0.007644683588296175,1.0,-0.007644683588296175,-0.007644683588296175,1.0,0.0,0,2,2,2,1.0,-1.0019920407303893,-1.0063874843331027,False,1,1.0,0.0,1.0,0.0,0.9841062367877784
~/anvil/data/cve-targets/sqlite3_repo_src_expr.c,97,90,105,"Expr *pNew = sqlite3ExprAlloc(pParse->db, TK_COLLATE, pCollName, 1);","Expr *pNew = sqlite3ExprAlloc(pParse->db, TK_COLLATE, pCollName, dequote);","    Expr *pNew = sqlite3ExprAlloc(pParse->db, TK_COLLATE, pCollName, dequote);",0.076171875,"[[262, 28819, 353, 79, 3564, 284, 22003, 18, 16041, 25154, 1295, 14463, 405, 1999, 11, 44299, 74317, 2336, 11, 281, 15265, 675, 11, 409, 2949, 1215, 151643]]","[-0.01035295519977808, -0.6417685747146606, -0.0005799042410217226, -0.0016356435371562839, -0.0011943596182391047, -0.02756274864077568, -0.005680371075868607, -0.0016872945707291365, -0.16666965186595917, -0.11957116425037384, -0.006898159626871347, -8.892617915989831e-05, -0.019184749573469162, -0.0001209901092806831, -0.0025750594213604927, -0.009269416332244873, -0.0030692159198224545, -0.00012432756193447858, -0.034619979560375214, -0.017260456457734108, -7.259582343976945e-05, -4.935142715112306e-05, -0.0032606550958007574, -0.019147561863064766, -1.4305104514278355e-06, -0.040444228798151016, -0.014981143176555634]",9.17986011505127,False,0.0,-1.1478709151514295,-0.04251373759820109,27.0,-1.1328897719748738,-0.04357268353749515,26.0,0.015750517447925723,1,24,24,24,1.0,-1.7481566159323791,-1.0620347171204967,True,25,0.9259259259259259,7.0,0.9436619718309859,1.0,2.0923711967303067
~/anvil/data/cve-targets/sqlite3_repo_src_expr.c,5070,5063,5075,"Expr *pCopy = sqlite3ExprDup(db, pExpr, 0);","Expr *pCopy = sqlite3ExprDup(db, pExpr, 0);","  Expr *pCopy = sqlite3ExprDup(db, pExpr, 0);",0.0169677734375,"[[220, 28819, 353, 79, 12106, 284, 22003, 18, 16041, 85713, 9791, 11, 281, 16041, 11, 220, 15, 1215, 151643]]","[-0.004370660986751318, -0.06533341854810715, -0.0011709030950441957, -0.002803088864311576, -0.0009291622554883361, -0.08705030381679535, -0.016041504219174385, -0.00022396916756406426, -0.0020095170475542545, -0.009396848268806934, -0.03875966742634773, -0.0037637364584952593, -0.001258891774341464, -0.00010156115604331717, -0.0070507521741092205, -0.38774561882019043, -0.0023311602417379618, -0.02952497825026512, -0.007189474534243345]",10.501562118530272,True,0.0,-0.6670552171053714,-0.035108169321335335,19.0,-0.6598657425711281,-0.03665920792061823,18.0,0.00782369878432463,0,19,19,19,1.0,-0.46285161082154264,-1.0977132613739256,False,17,0.8947368421052632,0.0,1.0,0.0,0.9308114854330869
~/anvil/data/cve-targets/libsndfile_repo_src_common.c,596,470,684,"header_put_be_int (psf, size) ;","header_put_be_int (psf, size) ;","						header_put_be_int (psf, size) ;",0.003936767578125,"[[1144, 20883, 15557, 21263, 4042, 320, 1690, 69, 11, 1379, 8, 2587, 151643]]","[-0.1463928073644638, -0.00043418517452664673, -1.2755313036905136e-05, -0.00022206225548870862, -0.008451883681118488, -0.00016842853801790625, -1.1324817933200393e-05, -3.4570634852570947e-06, -0.00011896379146492109, -0.005077325273305178, -0.01707015559077263, -0.013317560777068138, -0.06256173551082611]",10.55833339691162,True,0.0,-0.2538426451515079,-0.019526357319346762,13.0,-0.19128090964068178,-0.015940075803390148,12.0,0.0015790053089281078,1,11,11,11,1.0,-0.24697295211655929,-1.0992723321213163,False,11,0.8461538461538461,0.0,1.0,0.0,0.8339211087308722
~/anvil/data/cve-targets/openssl_repo_crypto_evp_encode.c,247,239,250,ctx->length = 0;,ctx->line_num = 0;,"    ctx->line_num = 0;
    ctx->",0.328125,"[[262, 5635, 405, 1056, 4273, 284, 220, 15, 280, 262, 5635, 405]]","[-0.018319575116038322, -0.018851755186915398, -0.00019202772818971425, -0.9238836765289307, -0.47328826785087585, -0.0004440752090886235, -0.002980079036206007, -0.009570195339620113, -0.13274140655994415, -0.04044697806239128, -0.003703166265040636, -8.713819261174649e-05]",6.669445037841797,False,1.0,-1.6245083410758525,-0.13537569508965439,12.0,-1.6207180366182001,-0.16207180366182,10.0,0.08349380749632326,0,10,12,10,0.8333333333333334,-2.0245656097260913,-1.0025770792989643,True,7,0.5833333333333334,6.0,0.7647058823529411,1.0,2.128442024195874
~/anvil/data/cve-targets/libsndfile_repo_src_alaw.c,338,332,352,"int			bufferlen, readcount ;","int		bufferlen, readcount ;","	int		bufferlen, readcount ;",0.1650390625,"[[2084, 197, 31122, 2892, 11, 1349, 1830, 2587, 151643]]","[-0.20693586766719818, -0.6699573993682861, -0.6646490097045898, -0.00012838016846217215, -0.10706649720668793, -0.020361334085464478, -6.83045873302035e-05, -0.16621091961860657, -0.03909091278910637]",2.570138454437256,False,0.0,-1.8744686251957319,-0.20827429168841466,9.0,-1.8353777124066255,-0.2294222140508282,8.0,0.06898139596177624,0,7,7,7,1.0,-0.7193682755735058,-1.1107732883124053,True,8,0.8888888888888888,1.0,0.9818181818181818,0.0,1.7789316333524403
~/anvil/data/cve-targets/libxml2_repo_HTMLparser.c,3862,3808,3891,},},    },0.5625,"[[262, 335, 151643]]","[-0.011064484715461731, -0.612646758556366, -0.17407506704330444]",8.090971946716309,True,0.0,-0.7977863103151321,-0.26592877010504407,3.0,-0.6237112432718277,-0.31185562163591385,2.0,0.09047530804989817,0,2,2,2,1.0,-1.8037192885902478,-1.0335137541761532,False,1,0.3333333333333333,0.0,1.0,0.0,0.9851295991979987
~/anvil/data/cve-targets/libtiff_repo_libtiff_tif_luv.c,863,851,880,while (upper - lower > 1) {,while (lower + 1 < upper) {		/* invariant:,	while (lower + 1 < upper) {		/* invariant:,0.234375,"[[5217, 320, 14772, 488, 220, 16, 366, 8416, 8, 314, 197, 197, 1057, 57620, 25]]","[-0.4524635076522827, -0.06775038689374924, -0.6752855181694031, -0.8678048253059387, -0.0038047083653509617, -0.008056405931711197, -0.20559313893318176, -0.0005771639989688993, -0.007315751630812883, -0.11102370172739029, -0.8038566708564758, -0.29382771253585815, -0.0022845377679914236, -2.638700485229492, -0.0675625428557396]",6.230728626251221,False,0.0,-6.205907057854347,-0.4137271371902898,15.0,-6.205907057854347,-0.4137271371902898,15.0,0.4403610267185807,0,16,17,17,0.9411764705882353,-0.5664965600073787,-1.013633778366395,True,10,0.6666666666666666,27.0,0.5217391304347826,14.0,2.1540258013575344
~/anvil/data/cve-targets/poppler_repo_poppler_Stream.cc,520,507,538,if (nBits <= 0 || nVals > INT_MAX / nBits - 7 || width > INT_MAX / nComps) {,if (width > INT_MAX / nComps) {,    if (width > INT_MAX / nComps) {,0.8671875,"[[262, 421, 320, 3098, 861, 9221, 6806, 608, 308, 1092, 1690, 8, 314, 151664]]","[-0.017507418990135193, -0.03412838652729988, -0.03700689598917961, -0.6567258834838867, -0.38775840401649475, -0.013940699398517609, -8.248942322097719e-05, -0.0042246622033417225, -0.16700421273708344, -0.03416847810149193, -1.3708974620385561e-05, -0.20495274662971497, -0.11447744071483612, -0.04412589594721794]",9.129168510437012,False,0.0,-1.7161173231370412,-0.12257980879550294,14.0,-1.6719914271898233,-0.12861472516844794,13.0,0.03490956288329066,1,34,16,16,2.125,-6.74252111384786,-1.0606896634879268,True,30,2.142857142857143,45.0,0.5794392523364487,18.0,2.316018418481695
~/anvil/data/cve-targets/openssl_repo_ssl_record_rec_layer_s3.c,1302,1129,1598,if (!peek) {,if (!peek) {,            if (!peek) {,0.306640625,"[[310, 421, 1505, 29107, 8, 314, 151643]]","[-0.02458186447620392, -0.20144334435462952, -0.5130308866500854, -0.4034261405467987, -0.09043252468109131, -0.3213264048099518, -0.25698888301849365]",6.422916889190674,True,0.0,-1.8112300485372543,-0.25874714979103636,7.0,-1.5542411655187607,-0.2590401942531268,6.0,0.02932579951591029,1,12,12,12,1.0,-1.1837569296306172,-1.0087752467444606,False,5,0.7142857142857143,0.0,1.0,0.0,1.1314674427081115
~/anvil/data/cve-targets/php_repo_ext_phar_util.c,1418,1252,1478,PHP_SHA1_CTX  context;,PHP_SHA1_CTX   context;,			PHP_SHA1_CTX   context;,0.00860595703125,"[[298, 10025, 6610, 38096, 16, 44233, 256, 2266, 26, 151643]]","[-0.002158099552616477, -0.0003510097449179739, -0.0008299481705762446, -8.904537389753386e-05, -0.018366390839219093, -0.00011908298620255664, -0.5871403217315674, -6.3774932641536e-05, -0.025217320770025253, -0.2820957601070404]",10.489583015441896,False,0.0,-0.9164307542087045,-0.09164307542087044,10.0,-0.634334994101664,-0.070481666011296,9.0,0.03344483370903767,1,5,5,5,1.0,-0.12210206594535854,-1.0973845700862306,True,7,0.7,1.0,0.9777777777777777,0.0,1.7714878219816348
~/anvil/data/cve-targets/libtiff_repo_libtiff_tif_jbig.c,71,39,108,{,{,	{,0.043212890625,"[[197, 90, 151664]]","[-0.0015116228023543954, -0.04879659041762352, -0.28128984570503235]",8.679861068725586,True,0.0,-0.33159805892501026,-0.11053268630833675,3.0,-0.050308213219977915,-0.025154106609988958,2.0,0.0005589670405942625,0,2,2,2,1.0,-1.7179258756834446,-1.0488419349883418,False,1,0.3333333333333333,0.0,1.0,0.0,0.8737258615608767
~/anvil/data/cve-targets/openssl_repo_crypto_bn_bn_local.h,579,424,729,(c)=h&BN_MASK2; \,(c)=h&BN_MASK2; \,        (c)=h&BN_MASK2; \,0.08251953125,"[[286, 320, 66, 11730, 71, 5, 15594, 11720, 17, 26, 1124, 151643]]","[-0.027978871017694473, -0.0460851825773716, -0.04329745098948479, -0.059073079377412796, -0.012742291204631329, -0.07400640100240707, -0.0007068996201269329, -0.00015877417172305286, -0.00048792376765049994, -0.005963034927845001, -0.5846927165985107, -0.03440415859222412]",7.688194274902344,True,0.0,-0.8895967838470824,-0.0741330653205902,12.0,-0.8551926252548583,-0.07774478411407802,11.0,0.026302309109893108,0,13,13,13,1.0,-1.0614156588166197,-1.0231590680299902,False,9,0.75,0.0,1.0,0.0,1.0736778830230291
~/anvil/data/cve-targets/lua_repo_ldo.c,446,291,596,"** to be executed, if it was a Lua function. Otherwise (a C function)",** where the call frame was created.,** where the call frame was created.,1.0625,"[[334, 1380, 279, 1618, 4034, 572, 3465, 13, 151643]]","[-0.009310754016041756, -1.3694109916687012, -0.15789586305618286, -0.679625928401947, -1.2358440160751343, -0.4836561977863312, -0.9097937345504761, -0.7433329820632935, -1.031905174255371]",7.763195514678955,False,0.0,-6.620775641873479,-0.7356417379859421,9.0,-5.588870467618108,-0.6986088084522635,8.0,0.19990797922117443,0,24,10,10,2.4,-1.5208797643904908,-1.0250793227006827,True,18,2.0,52.0,0.36190476190476195,20.0,2.32524011454201
~/anvil/data/cve-targets/libtiff_repo_libtiff_tif_predict.c,261,254,304,unsigned char* cp = (unsigned char*) cp0;,uint8_t* cp = cp0;,	uint8_t* cp = cp0;,0.33203125,"[[8254, 23, 528, 9, 12490, 284, 12490, 15, 26, 151643]]","[-0.5463743209838867, -0.005100097041577101, -0.0052717006765306, -0.20712408423423767, -0.018586402758955956, -0.05365833640098572, -0.0870201513171196, -0.0003426679759286344, -0.17916233837604523, -0.04027191549539566]",3.149479627609253,False,0.0,-1.1429120152606629,-0.11429120152606628,10.0,-1.1026400997652672,-0.12251556664058524,9.0,0.027698327686307356,1,21,10,10,2.1,-2.71011479687357,-1.0948013152887093,True,12,1.2,27.0,0.47457627118644063,12.0,2.003801999654541
~/anvil/data/cve-targets/sqlite3_repo_src_resolve.c,875,717,1141,pNC->nNcErr++;,}else if( pExpr->iTable>0 ){,"            }else if( pExpr->iTable>0 ){
",0.059326171875,"[[310, 335, 1503, 421, 7, 281, 16041, 405, 72, 2556, 29, 15, 10959]]","[-0.954166829586029, -0.10261708498001099, -0.6751079559326172, -0.6282917857170105, -0.0012397230602800846, -0.13708172738552094, -0.0812167227268219, -0.00023016665363684297, -0.007533000782132149, -0.00024875884992070496, -0.3240378201007843, -1.0606695413589478, -0.9223055839538574]",6.163368701934815,False,1.0,-4.89474670108757,-0.37651897700673614,13.0,-4.89474670108757,-0.37651897700673614,13.0,0.15651037179187458,0,9,15,15,0.6,-0.1575648918060739,-1.015342173794883,True,8,0.6153846153846154,25.0,0.1428571428571429,13.0,2.0463086114549416
~/anvil/data/cve-targets/openssl_repo_crypto_mdc2_mdc2dgst.c,96,66,102,"l2c(tin0, p);","l2c(tin0, p);","        l2c(tin0, p);",0.07275390625,"[[286, 326, 17, 66, 1155, 258, 15, 11, 281, 1215, 151664]]","[-0.002974611707031727, -0.0676615908741951, -3.635817120084539e-05, -4.184158387943171e-05, -0.15638995170593262, -0.013351673260331154, -0.05490769445896149, -0.006723045837134123, -0.0002040654799202457, -0.350085973739624, -0.5287256240844727]",8.847395896911621,True,0.0,-1.1811024309026834,-0.10737294826388032,11.0,-0.6523768068182108,-0.06523768068182108,10.0,0.01122837615411391,0,11,11,11,1.0,-1.1152129488606017,-1.0532440863080945,False,9,0.8181818181818182,0.0,1.0,0.0,0.9680295900242369
~/anvil/data/cve-targets/php_repo_ext_phar_phar.c,901,632,1125,"PHAR_GET_32(buffer, manifest_flags);",if (buffer + 4 > endbuffer) {,"	if (buffer + 4 > endbuffer) {
		MAPPHAR_FAIL(""",0.7890625,"[[743, 320, 7573, 488, 220, 19, 861, 835, 7573, 8, 341, 197, 9209, 2537, 10842, 934, 11878, 445]]","[-0.5136075615882874, -0.09084006398916245, -0.27704060077667236, -0.12635596096515656, -0.012704744003713131, -0.21822692453861237, -0.025882694870233536, -0.0006692553870379925, -6.48477507638745e-05, -0.02121552638709545, -0.0029472745954990387, -0.000927256653085351, -0.013240508735179901, -0.005618138704448938, -5.602820692729438e-06, -2.145764938177308e-06, -0.004176585003733635, -0.00035982808913104236]",1.3958334922790527,False,1.0,-1.3138855206234439,-0.07299364003463577,18.0,-1.2904827115053195,-0.10754022595877662,12.0,0.022908131451085542,1,11,16,16,0.6875,-7.337370671905332,-1.1438663428548665,True,11,0.6111111111111112,28.0,0.36923076923076925,13.0,1.8185267804233767
~/anvil/data/cve-targets/libtiff_repo_libtiff_tif_pixarlog.c,213,160,226,},},	    },0.4296875,"[[2760, 335, 151664]]","[-0.02756495214998722, -0.43019378185272217, -0.5299227237701416]",8.552257537841797,True,0.0,-0.987681457772851,-0.3292271525909503,3.0,-0.4577587340027094,-0.2288793670013547,2.0,0.040527493626948484,0,2,2,2,1.0,-1.8773535842462232,-1.0455013678173166,False,1,0.3333333333333333,0.0,1.0,0.0,0.9347539222913248
~/anvil/data/cve-targets/openssl_repo_ssl_statem_statem.c,581,479,620,if (SSL_IS_DTLS(s)) {,if (SSL_IS_DTLS(s)) {,                if (SSL_IS_DTLS(s)) {,0.0810546875,"[[394, 421, 320, 22594, 12766, 1557, 45439, 1141, 593, 314, 151664]]","[-0.022344959899783134, -0.45495009422302246, -0.019613608717918396, -0.09381897002458572, -0.0008580578723922372, -0.00035601475974544883, -4.768360213347478e-06, -0.0005497612874023616, -0.012025948613882065, -0.08915428817272186, -0.10820651799440384]",10.636980056762695,True,0.0,-0.8018829899260709,-0.07289845362964281,11.0,-0.693676471931667,-0.06936764719316671,10.0,0.017664114928839757,0,15,15,15,1.0,-1.1684796988182202,-1.1014358107336322,False,9,0.8181818181818182,0.0,1.0,0.0,0.8838765568451278
~/anvil/data/cve-targets/libsndfile_repo_src_common.c,620,470,684,psf->header.ptr [psf->header.indx] = 0 ;,psf->header.ptr [psf->header.indx - 1] = 0 ;,					psf->header.ptr [psf->header.indx - 1] = 0 ;,0.30078125,"[[464, 35009, 69, 405, 2708, 38740, 508, 1690, 69, 405, 2708, 28473, 87, 481, 220, 16, 60, 284, 220, 15, 2587, 151643]]","[-0.05980636924505234, -0.8697057962417603, -7.271502545336261e-05, -0.0004180987598374486, -0.00040356122190132737, -0.024238677695393562, -0.002925998531281948, -0.005133186932653189, -1.811964830267243e-05, -1.537788011773955e-05, -0.00011264643399044871, -5.328513361746445e-05, -3.099393507000059e-05, -0.03782782331109047, -0.02325744368135929, -0.002064717700704932, -0.0015323336701840162, -0.0005635818815790117, -0.009283117018640041, -0.00047159992391243577, -0.10631775856018066, -0.2589142322540283]",4.817534923553467,False,0.0,-1.403167434686111,-0.06378033794027776,22.0,-1.1442532024320826,-0.05448824773486108,21.0,0.03388609773911459,1,24,27,27,0.8888888888888888,-5.520112363744869,-1.050085424137271,True,17,0.7727272727272727,4.0,0.9523809523809523,3.0,2.154986204912089
~/anvil/data/cve-targets/libxml2_repo_valid.c,1210,1186,1278,},},"            }
	",1.140625,"[[310, 456, 197]]","[-0.057267218828201294, -0.3876868188381195, -0.735511064529419]",8.288369178771973,True,1.0,-1.1804651021957397,-0.3934883673985799,3.0,-1.1804651021957397,-0.3934883673985799,3.0,0.07668594802144588,1,2,2,2,1.0,-2.898751512124413,-1.038626678622987,False,1,0.3333333333333333,0.0,1.0,0.0,1.0489967971577931
~/anvil/data/cve-targets/openssl_repo_crypto_x509_x509_vfy.c,1029,1021,1047,return 0;,return 0;,        return 0;,0.01043701171875,"[[286, 470, 220, 15, 26, 151643]]","[-0.0015119798481464386, -0.000376034586224705, -0.00041797960875555873, -0.0003475538978818804, -0.030654089525341988, -0.04887458309531212]",9.804861068725586,True,0.0,-0.08218222056166269,-0.013697036760277115,6.0,-0.03330763746635057,-0.006661527493270114,5.0,0.00014410328952924398,0,5,5,5,1.0,-1.5667595351507762,-1.0787593560742805,False,4,0.6666666666666666,0.0,1.0,0.0,0.8222563438274412
~/anvil/data/cve-targets/libxml2_repo_xmlmemory.c,289,257,325,xmlMutexUnlock(xmlMemMutex);,"p = (MEMHDR *) realloc(p,RESERVE","    p = (MEMHDR *) realloc(p,RESERVE",0.5390625,"[[262, 281, 284, 320, 31970, 70288, 2586, 66015, 1295, 11, 7012, 76079]]","[-0.6801902055740356, -0.9903340339660645, -0.363571435213089, -0.11856792122125626, -0.007710812147706747, -6.818538531661034e-05, -0.05255785956978798, -0.09341807663440704, -0.022639501839876175, -0.04454886540770531, -0.1552845984697342, -2.539125671319198e-05]",5.882118701934815,False,0.0,-2.5289168866856926,-0.2107430738904744,12.0,-2.5289168866856926,-0.2107430738904744,12.0,0.0912391849382882,1,9,14,14,0.6428571428571429,-2.5579132450168065,-1.022506455867632,True,7,0.5833333333333334,30.0,0.19999999999999996,14.0,2.0913817140166766
~/anvil/data/cve-targets/php_repo_ext_phar_util.c,379,288,436,},},		},0.69921875,"[[197, 197, 92, 151643]]","[-0.2038905918598175, -0.00010895135346800089, -0.6987316608428955, -0.23255802690982819]",11.755034446716309,True,0.0,-1.1352892309660092,-0.2838223077415023,4.0,-0.902731204056181,-0.3009104013520603,3.0,0.08605203675268037,0,2,2,2,1.0,-2.3236775693304312,-1.1326567403774679,False,1,0.25,0.0,1.0,0.0,0.7345802983643406
~/anvil/data/cve-targets/sqlite3_repo_src_select.c,6330,6175,6480,"&& sqlite3ExprListCompare(sSort.pOrderBy, pEList, -1)==0","&& (p->pGroupBy==0 || sqlite3ExprListCompare(p->pEList, p->pGroupBy, -1","   && (p->pGroupBy==0 || sqlite3ExprListCompare(p->pEList, p->pGroupBy, -1",0.384765625,"[[256, 1009, 320, 79, 405, 79, 2808, 1359, 418, 15, 1369, 22003, 18, 16041, 852, 27374, 1295, 405, 79, 36, 852, 11, 281, 405, 79, 2808, 1359, 11, 481, 16]]","[-0.3549359440803528, -0.01571849174797535, -1.3917278051376343, -0.31773456931114197, -0.6168761253356934, -0.7505306005477905, -0.732923150062561, -7.378782902378589e-05, -0.022936170920729637, -0.0012272215681150556, -0.5459953546524048, -0.29020440578460693, -5.1616290875244886e-05, -0.007762504741549492, -0.40299737453460693, -0.00909837894141674, -0.16811150312423706, -0.8137702345848083, -5.400034933700226e-05, -0.5931764245033264, -1.1801649634435307e-05, -0.04569212719798088, -0.006347613874822855, -0.027812164276838303, -3.349725011503324e-05, -0.000925112864933908, -4.768360213347478e-06, -0.10890775918960571, -0.2885779142379761, -0.008327050134539604]",5.212674140930176,False,0.0,-7.522545473084847,-0.2507515157694949,30.0,-7.522545473084847,-0.2507515157694949,30.0,0.11482219325688486,1,16,24,24,0.6666666666666666,-1.534449846970012,-1.0397632434904036,True,19,0.6333333333333333,45.0,0.5826771653543308,20.0,2.1033696030291935
~/anvil/data/cve-targets/libxml2_repo_valid.c,1217,1186,1278,},},        },0.578125,"[[286, 335, 151643]]","[-0.3878798186779022, -0.6344582438468933, -0.6452287435531616]",12.454166412353516,True,0.0,-1.6675668060779572,-0.5558556020259857,3.0,-1.0223380625247955,-0.5111690312623978,2.0,0.015200229939704935,1,2,2,2,1.0,-1.130985964803552,-1.1526276742791781,False,1,0.3333333333333333,0.0,1.0,0.0,0.6641249944177817
~/anvil/data/cve-targets/libsndfile_repo_src_aiff.c,1425,1408,1432,{    size_t chanmap_size = psf->sf.channels * sizeof (psf->channel_map [0]) ;,{	int chanmap_size = map_info->channel_map_size ;,	{	int chanmap_size = map_info->channel_map_size ;,0.55859375,"[[197, 90, 2084, 26023, 2186, 2368, 284, 2415, 3109, 405, 10119, 5376, 2368, 2587, 151643]]","[-0.00794275850057602, -0.6216428279876709, -0.9101227521896362, -0.10698873549699783, -0.02971651218831539, -0.0038104087579995394, -0.21854285895824432, -1.1223070621490479, -0.00010573305189609528, -0.0005395148764364421, -0.8329643607139587, -0.410789430141449, -0.2214338779449463, -0.7063179016113281, -0.6959279179573059]",6.889062881469727,False,0.0,-5.889152652525809,-0.3926101768350539,15.0,-5.193224734568503,-0.3709446238977502,14.0,0.144185832049221,1,33,14,14,2.357142857142857,-1.505868299506545,-1.002920939421175,True,25,1.6666666666666667,40.0,0.5873015873015873,22.0,2.4198624226962346
~/anvil/data/cve-targets/php_repo_ext_phar_util.c,1391,1252,1478,PHP_SHA256_CTX context;,PHP_SHA256_CTX context;,			PHP_SHA256_CTX context;,0.019775390625,"[[298, 10025, 6610, 38096, 17, 20, 21, 44233, 2266, 26, 151643]]","[-0.004562682006508112, -0.00031668893643654883, -0.0005112771177664399, -1.0967194612021558e-05, -0.000402250443585217, -2.47952248173533e-05, -2.861018856492592e-06, -5.209310256759636e-05, -0.17498473823070526, -0.021383102983236313, -0.07941322773694992]",10.452951431274414,True,0.0,-0.2816646839960413,-0.02560588036327648,11.0,-0.20225145625909136,-0.020225145625909137,10.0,0.0027007675576612607,1,5,5,5,1.0,-0.9777625828150782,-1.0963800567367963,False,8,0.7272727272727273,0.0,1.0,0.0,0.7757145160524811
~/anvil/data/cve-targets/libxml2_repo_parser.c,6689,6634,7035,},},    },0.11669921875,"[[262, 335, 151643]]","[-0.062309522181749344, -0.11687048524618149, -0.039817921817302704]",7.087499618530273,True,0.0,-0.21899792924523354,-0.07299930974841118,3.0,-0.17918000742793083,-0.08959000371396542,2.0,0.0007442246726295822,0,2,2,2,1.0,-1.3025919624089575,-1.0079087101222972,False,1,0.3333333333333333,0.0,1.0,0.0,0.994641543143851
~/anvil/data/cve-targets/libsndfile_repo_src_flac.c,8,-147,158,** (at your option) any later version.,** (at your option) any later version.,** (at your option) any later version.,0.03662109375,"[[334, 320, 266, 697, 2999, 8, 894, 2937, 2319, 13, 151662]]","[-0.0002401778765488416, -0.004087190609425306, -0.0005820487276650965, -0.0001161031104857102, -8.248942322097719e-05, -0.0013642538106068969, -0.0010459910845384002, -0.0001554368354845792, -7.593343616463244e-05, -0.32149046659469604, -0.29683956503868103]",15.362674713134766,True,0.0,-0.6260796565475175,-0.05691633241341068,11.0,-0.3292400915088365,-0.03292400915088365,10.0,0.009253632341555466,0,16,16,16,1.0,-1.1122914461046771,-1.2395606193103856,False,10,0.9090909090909091,0.0,1.0,0.0,0.5145914482980491
~/anvil/data/cve-targets/openssl_repo_crypto_asn1_a_type.c,23,-132,173,"void ASN1_TYPE_set(ASN1_TYPE *a, int type, void *value)","void ASN1_TYPE_set(ASN1_TYPE *a, int type, void *value)","void ASN1_TYPE_set(ASN1_TYPE *a, int type, void *value)",0.0242919921875,"[[1004, 54855, 16, 4189, 2602, 7, 68134, 16, 4189, 353, 64, 11, 526, 943, 11, 737, 353, 957, 8, 151664]]","[-0.19054698944091797, -0.007529806345701218, -2.50339189733495e-06, -0.00031192204914987087, -0.17940716445446014, -0.037832070142030716, -2.407998726994265e-05, -5.006777428206988e-06, -1.6093124941107817e-05, -6.675497570540756e-05, -0.0003693613689392805, -0.0006017066189087927, -0.00019798702851403505, -7.211902266135439e-05, -0.0037314328365027905, -0.029536783695220947, -0.0006360176485031843, -0.0008174415561370552, -0.004573955200612545, -0.7112706899642944]",3.1807291507720947,True,0.0,-1.1675498856297963,-0.05837749428148982,20.0,-0.4562791956655019,-0.024014694508710625,19.0,0.0031544541231939244,0,24,24,24,1.0,-1.0115470000540208,-1.0939463488218533,False,19,0.95,0.0,1.0,0.0,0.9988325407926733
~/anvil/data/cve-targets/libtiff_repo_libtiff_tif_predict.c,334,326,336,"TIFFSwabArrayOfLong(wp, wc);",while (wc-- > 0) {,"
	while (wc-- > 0) {
		uint32_t",0.9453125,"[[198, 5217, 320, 24028, 313, 861, 220, 15, 8, 341, 197, 8254, 18, 17, 528]]","[-0.6734814643859863, -0.6667353510856628, -0.16894999146461487, -0.009811509400606155, -0.9190959334373474, -0.07300977408885956, -0.002526664873585105, -0.000990257947705686, -0.29121947288513184, -0.02482597902417183, -0.04146044701337814, -0.713817298412323, -0.03352450579404831, -1.8596476365928538e-05, -0.0013965149410068989]",1.6777780055999756,False,2.0,-3.620863761230794,-0.24139091741538626,15.0,-2.8721068456070498,-0.2611006223279136,11.0,0.1012785452472253,0,11,13,15,0.8461538461538461,-3.6204911791163474,-1.1358320205490484,True,10,0.6666666666666666,26.0,0.21739130434782605,13.0,1.8613303287046166
~/anvil/data/cve-targets/lua_repo_ldo.c,371,348,395,if (hastocloseCfunc(wanted)) {  /* to-be-closed variables? */,if (nres == 0) {  /* no results? */,"      if (nres == 0) {  /* no results? */
        setnilvalue(s2v(res));  /* adjust with nil */
        wanted",0.294921875,"[[414, 421, 320, 77, 416, 621, 220, 15, 8, 314, 220, 1391, 902, 3059, 30, 735, 286, 738, 8385, 957, 1141, 17, 85, 4590, 5905, 220, 1391, 7500, 448, 2092, 735, 286, 4829]]","[-0.025614088401198387, -0.3592766225337982, -0.031112495809793472, -0.20884212851524353, -0.00021896349790040404, -0.8819452524185181, -0.21675916016101837, -0.2814399302005768, -0.04143013805150986, -0.08004681766033173, -0.3572760224342346, -0.0024551982060074806, -0.007418584078550339, -0.6333476901054382, -0.04966666176915169, -0.15636803209781647, -0.004362471401691437, -0.3761694133281708, -0.0017433458706364036, -5.07818695041351e-05, -0.0009332115878351033, -4.732496745418757e-05, -0.000102037942269817, -0.0017027654685080051, -0.007344626355916262, -0.015771884471178055, -0.001105888863094151, -0.2594388723373413, -0.04608495160937309, -0.014254885725677013, -0.24966053664684296, -0.015158339403569698, -1.1281282901763916]",9.301387786865234,False,2.0,-5.455277413966542,-0.16531143678686488,33.0,-3.337580257342779,-0.19632825043192817,17.0,0.05805736364226542,0,16,26,14,0.6153846153846154,-1.5021876594487182,-1.065266288866029,True,21,0.6363636363636364,39.0,0.47916666666666663,7.0,2.022109992304675
~/anvil/data/cve-targets/poppler_repo_fofi_FoFiType1C.cc,1230,1075,1380,case 0x000b: // return,case 0x000b: // return,"            case 0x000b: // return
                // don't clear",0.01214599609375,"[[310, 1142, 220, 15, 87, 15, 15, 15, 65, 25, 442, 470, 198, 394, 442, 1513, 944, 2797]]","[-0.0009809688199311495, -0.0016673009376972914, -0.00018094333063345402, -2.1934269170742482e-05, -0.00024387246230617166, -0.00032884435495361686, -0.00029940891545265913, -0.006685508880764246, -0.0650017037987709, -0.002469230443239212, -0.0056753926910459995, -0.036236222833395004, -0.06572295725345612, -0.016837501898407936, -0.683067262172699, -1.311283826828003, -8.856858039507642e-05, -0.023929009214043617]",10.330035209655762,True,1.0,-2.220720457684365,-0.12337335876024251,18.0,-0.2023517908892245,-0.014453699349230322,14.0,0.0005216855611504295,0,6,7,6,0.8571428571428571,-0.8403382276245278,-1.0930161555083933,False,11,0.6111111111111112,0.0,1.0,0.0,0.7951771200053133
~/anvil/data/cve-targets/php_repo_ext_phar_phar.c,1300,1190,1319,"mydata->alias = alias ? estrndup(alias, alias_len) : estrndup(mydata->fname, fname_len);",if (alias) {,"		if (alias) {
			mydata->alias = estrndup(alias, alias_len);
		} else {
			mydata->alias = estrndup(mydata->fname, fname_len);
",0.18359375,"[[197, 743, 320, 14956, 8, 341, 298, 13624, 691, 405, 14956, 284, 29507, 303, 454, 79965, 11, 15534, 6043, 317, 197, 197, 92, 770, 341, 298, 13624, 691, 405, 14956, 284, 29507, 303, 454, 13941, 691, 405, 23993, 11, 22548, 6043, 317]]","[-0.0776081308722496, -0.5558822751045227, -0.1099221259355545, -0.19849465787410736, -0.5590258836746216, -0.23160432279109955, -0.008591238409280777, -0.4321739971637726, -2.658331868587993e-05, -0.0004932855372317135, -0.2416841834783554, -0.07181014120578766, -0.34277355670928955, -0.06353101134300232, -4.2676016164477915e-05, -0.0226998683065176, -0.0013662775745615363, -0.005881503224372864, -5.4238757002167404e-05, -0.03636210411787033, -0.20388144254684448, -6.508615479106084e-05, -0.030890600755810738, -0.03901777043938637, -0.0814114660024643, -0.002924809930846095, -0.07150886952877045, -2.3483953555114567e-05, -5.411955135059543e-05, -0.016461392864584923, -0.01058818306773901, -0.25711342692375183, -0.12833058834075928, -1.1920922133867862e-06, -0.642754077911377, -1.2159273865108844e-05, -2.1219027985353023e-05, -0.0008236353169195354, -0.028963476419448853, -0.16249647736549377, -0.00012170527770649642, -0.05428699404001236]",5.531423568725586,False,4.0,-4.691780238199726,-0.11170905329046968,42.0,-1.741128634661436,-0.24873266209449088,7.0,0.042808554101492945,0,32,50,10,0.64,-0.738116773462806,-1.0315105703740561,True,27,0.6428571428571429,78.0,0.19999999999999996,28.0,2.2805236252085304
~/anvil/data/cve-targets/libtiff_repo_libtiff_tif_dirread.c,2080,2074,2081,"return TIFFReadDirEntryLong8ArrayWithLimit(tif, direntry, value, ~((uint64_t)0));",uint64_t* data;,"	uint64_t* data;
	uint32_t i;
	if(direntry->tdir_count>0xffffffff)
		return(TIFFReadDirEntryErrCount);
	data=(uint64_t*)TI",0.81640625,"[[8254, 21, 19, 528, 9, 821, 280, 8254, 18, 17, 528, 600, 280, 743, 1500, 46335, 1539, 405, 1296, 404, 3180, 29, 15, 41798, 340, 197, 853, 4140, 29035, 4418, 6184, 5874, 7747, 2507, 317, 8924, 4539, 2496, 21, 19, 528, 3764, 26614]]","[-0.8792452812194824, -0.5699968338012695, -0.0002809368306770921, -0.01694006286561489, -1.0465103387832642, -0.11365433037281036, -0.6297547221183777, -0.88025963306427, -0.4670403301715851, -5.411955135059543e-05, -0.018465518951416016, -0.8307914733886719, -0.8002334833145142, -1.337778925895691, -1.3299578428268433, -0.0010006187949329615, -2.407998726994265e-05, -0.006744596175849438, -0.019235385581851006, -0.0015188835095614195, -0.1279614418745041, -1.4179661273956299, -1.383331060409546, -1.1365976333618164, -1.0284913778305054, -0.010931368917226791, -0.5824514031410217, -0.06463993340730667, -0.0024590035900473595, -0.00217189802788198, -0.0003736513026524335, -0.001148994080722332, -0.0032772899139672518, -1.8288763761520386, -0.5165887475013733, -0.5792751908302307, -0.8229029178619385, -0.003151452634483576, -0.0040006376802921295, -2.0861407392658293e-05, -0.0007540719816461205, -0.2701452970504761, -1.0148100852966309]",1.128645420074463,False,4.0,-19.751814218854634,-0.4593445167175496,43.0,-3.256382505991496,-0.46519750085592804,7.0,0.15544098602150483,0,26,43,7,0.6046511627906976,-1.7549669731627418,-1.1515326045965577,True,28,0.6511627906976745,71.0,0.20833333333333337,24.0,1.9718627278964154
~/anvil/data/cve-targets/libpng_repo_pngset.c,1031,950,1034,++np;,++np;,      ++np;,0.0673828125,"[[414, 3443, 6199, 26, 151643]]","[-0.31532859802246094, -0.07014696300029755, -0.12053240090608597, -0.02531960792839527, -0.004126961808651686]",4.136979103088379,True,0.0,-0.5354545316658914,-0.10709090633317828,5.0,-0.5313275698572397,-0.13283189246430993,4.0,0.01223615418505224,0,6,6,6,1.0,-0.5072788714359755,-1.0681043189560078,False,3,0.6,0.0,1.0,0.0,0.8701796812083435
~/anvil/data/cve-targets/openssl_repo_crypto_x509_v3_addr.c,1020,865,1170,},},},0.271484375,[[92]],[-0.27230051159858704],2.5722222328186035,True,0.0,-0.27230051159858704,-0.27230051159858704,1.0,-0.27230051159858704,-0.27230051159858704,1.0,0.0,0,2,2,2,1.0,-0.9970028091618492,-1.1107154246854865,False,1,1.0,0.0,1.0,0.0,0.7365833621920681
~/anvil/data/cve-targets/lua_repo_lstate.c,220,200,221,L->errfunc = 0;,L->errfunc = 0;,"  L->errfunc = 0;
}",0.1552734375,"[[220, 444, 405, 615, 2830, 284, 220, 15, 280, 92, 151643]]","[-0.056296806782484055, -0.004566123243421316, -4.51792984677013e-05, -0.09127594530582428, -0.001556019764393568, -0.0003673355677165091, -0.005497574806213379, -5.209310256759636e-05, -0.6741036176681519, -0.6275001168251038, -0.03102443739771843]",7.945137977600098,True,1.0,-1.4922852497620624,-0.13566229543291478,11.0,-0.8337606955392403,-0.0926400772821378,9.0,0.04319225493634585,1,10,11,10,0.9090909090909091,-1.6760935661475178,-1.0297525793578093,False,8,0.7272727272727273,0.0,1.0,0.0,1.0314842769761632
~/anvil/data/cve-targets/php_repo_ext_exif_exif.c,1920,1911,1921,return info->offset_base + offset;,return (char *)info->valid_start + offset;,	return (char *)info->valid_start + offset;,0.71484375,"[[853, 320, 1762, 2586, 2733, 405, 1891, 4906, 488, 4347, 26, 151643]]","[-0.09939009696245193, -0.7790539860725403, -0.24820156395435333, -0.7642202377319336, -0.5221268534660339, -0.0017321596387773752, -0.08366209268569946, -0.0016454027500003576, -0.019493669271469116, -0.0133410869166255, -0.018948612734675407, -0.050920672714710236]",4.399999618530273,False,0.0,-2.6027364348992705,-0.21689470290827254,12.0,-2.5518157621845603,-0.2319832511076873,11.0,0.08645455620138282,1,11,18,18,0.6111111111111112,-3.0814455206861786,-1.0611040257250801,True,8,0.6666666666666666,18.0,0.6842105263157895,8.0,2.0330462023132996
~/anvil/data/cve-targets/php_repo_ext_exif_exif.c,2970,2908,2994,},},	},0.291015625,"[[197, 92, 151643]]","[-0.006576560903340578, -0.2919723689556122, -0.31091704964637756]",9.3515625,True,0.0,-0.6094659795053303,-0.20315532650177678,3.0,-0.29854892985895276,-0.14927446492947638,2.0,0.020362691813452266,1,2,2,2,1.0,-1.9495338679491379,-1.0666033630435277,False,1,0.3333333333333333,0.0,1.0,0.0,0.8588669216668954
~/anvil/data/cve-targets/libxml2_repo_HTMLparser.c,323,168,473,*,*, *,0.58203125,[[353]],[-0.5822243094444275],4.97586727142334,True,0.0,-0.5822243094444275,-0.5822243094444275,1.0,-0.5822243094444275,-0.5822243094444275,1.0,0.0,0,2,2,2,1.0,-0.9996684105398971,-1.045937077505285,False,1,1.0,0.0,1.0,0.0,0.9540566171974736
~/anvil/data/cve-targets/php_repo_ext_exif_exif.c,3994,3941,4007,} else {,} else {,				} else {,0.0096435546875,"[[571, 197, 92, 770, 314, 151664]]","[-0.0032597046811133623, -5.5549986427649856e-05, -0.0028765511233359575, -0.00027378625236451626, -0.0231635645031929, -0.050902318209409714]",12.024479866027832,True,0.0,-0.0805314747558441,-0.01342191245930735,6.0,-0.029629156546434388,-0.005925831309286878,5.0,7.599032052983375e-05,0,4,4,4,1.0,-1.6273758371060545,-1.1403122248789264,False,3,0.5,0.0,1.0,0.0,0.6438191680265054
~/anvil/data/cve-targets/php_repo_ext_standard_dns.c,272,117,422,# define PHP_DNS_NS     0x00000002,# define PHP_DNS_NS     0x00000002,"# define PHP_DNS_NS     0x00000002
# define PHP_DNS_CNAME ",0.00933837890625,"[[2, 6979, 13119, 1557, 2448, 33777, 257, 220, 15, 87, 15, 15, 15, 15, 15, 15, 15, 17, 198, 2, 6979, 13119, 1557, 2448, 920, 7535, 220]]","[-0.013073444366455078, -0.0003922408213838935, -0.00042775063775479794, -1.9550132492440753e-05, -1.168244216387393e-05, -0.10044704377651215, -0.0143630001693964, -0.00023231192608363926, -1.764281842042692e-05, -0.0002195594133809209, -0.00028832571115344763, -0.0011162485461682081, -0.0004614718782249838, -0.003200292121618986, -0.0010844547068700194, -0.0025838580913841724, -0.0037298889365047216, -0.02158156782388687, -0.023022964596748352, -0.012057632207870483, -0.002768852049484849, -0.00047779586748220026, -3.6477376852417365e-05, -7.033323527139146e-06, -0.3075273036956787, -0.029807347804307938, -0.0011233931872993708]",6.086111068725586,True,1.0,-0.5400791344291065,-0.02000293090478172,27.0,-0.18627329891660338,-0.009803857837715967,19.0,0.0005089700834283695,0,5,8,5,0.625,-0.952520840349679,-1.0173051421944315,False,18,0.6666666666666666,0.0,1.0,0.0,0.9888078582710446
~/anvil/data/cve-targets/openssl_repo_crypto_x509_x509_vfy.c,45,-110,195,static int check_name_constraints(X509_STORE_CTX *ctx);,static int check_chain(X509_STORE_CTX *ctx);,static int check_chain(X509_STORE_CTX *ctx);,0.337890625,"[[1978, 526, 1779, 30583, 7644, 20, 15, 24, 40415, 44233, 353, 3773, 1215, 151662]]","[-0.025707736611366272, -0.09079815447330475, -0.1509219855070114, -1.808166265487671, -0.9412633776664734, -1.5735502529423684e-05, -3.933898824470816e-06, -5.245195097813848e-06, -0.0011473270133137703, -0.0002252801787108183, -0.0011155341053381562, -0.007755762431770563, -0.6123208999633789, -0.07973645627498627]",4.782812595367432,False,0.0,-3.719183694309777,-0.26565597816498404,14.0,-3.6394472380347906,-0.27995747984883007,13.0,0.2725564461129052,0,16,16,16,1.0,-1.2069355145733287,-1.0509973551526142,True,14,1.0,12.0,0.8686868686868687,1.0,2.0665932677903918
~/anvil/data/cve-targets/libpng_repo_pngrutil.c,128,-27,278,*/,*/, */,0.2109375,[[639]],[-0.21086835861206055],9.04236125946045,True,0.0,-0.21086835861206055,-0.21086835861206055,1.0,-0.21086835861206055,-0.21086835861206055,1.0,0.0,0,3,3,3,1.0,-1.0003278888705471,-1.0583902705944124,False,1,1.0,0.0,1.0,0.0,0.8817416561511654
~/anvil/data/cve-targets/libsndfile_repo_src_paf.c,155,118,206,} ;,} ;,		} ;,0.08203125,"[[197, 197, 92, 2587, 151643]]","[-0.018577508628368378, -0.06735929101705551, -0.031089384108781815, -0.14702394604682922, -0.05876738578081131]",5.420833110809326,True,0.0,-0.32281751558184624,-0.06456350311636924,5.0,-0.2640501298010349,-0.06601253245025873,4.0,0.0025085926666539885,1,4,4,4,1.0,-1.24266176368573,-1.034366397052747,False,2,0.4,0.0,1.0,0.0,0.9409387656924338
~/anvil/data/cve-targets/sqlite3_repo_src_pragma.c,1587,1460,1707,"sqlite3ExprCodeGetColumnOfTable(v, pTab, iDataCur, j, 3);",if( isQuick ) continue;,          if( isQuick ) continue;,0.302734375,"[[688, 421, 7, 374, 24318, 873, 3060, 26, 151643]]","[-0.007882323116064072, -0.5164942741394043, -0.0022965504322201014, -1.0214834213256836, -0.00356502877548337, -0.2394200563430786, -0.2946384847164154, -0.089559406042099, -0.3863852918148041]",7.476387977600098,False,0.0,-2.5617248367052525,-0.2846360929672503,9.0,-2.1753395448904485,-0.27191744311130606,8.0,0.10886459377177211,1,17,10,10,1.7,-1.1133319419897583,-1.0177555984228623,True,22,2.4444444444444446,50.0,0.22499999999999998,15.0,2.1634004901045727
~/anvil/data/cve-targets/libtiff_repo_libtiff_tif_predict.c,511,502,521,tmsize_t wc = cc/4;,uint32_t wc = cc / sizeof(uint32_t);,	uint32_t wc = cc / sizeof(uint32_t);,0.5390625,"[[8254, 18, 17, 528, 26548, 284, 12527, 608, 3935, 8488, 18, 17, 528, 1215, 151643]]","[-0.7284048795700073, -0.07253636419773102, -0.00014149141497910023, -0.00038187362952157855, -0.22042599320411682, -0.2471497505903244, -0.18110720813274384, -0.39537447690963745, -0.57793128490448, -0.40699586272239685, -0.000825898430775851, -2.682172998902388e-05, -0.00047088501742109656, -0.3898508548736572, -0.34259510040283203]",2.520138502120972,False,0.0,-3.5642187457306136,-0.23761458304870758,15.0,-3.2216236453277816,-0.23011597466627012,14.0,0.053208178920273616,1,11,16,16,0.6875,-2.342568788550144,-1.1121626217503189,True,10,0.6666666666666666,24.0,0.4727272727272728,7.0,1.8709098022201311
~/anvil/data/cve-targets/libxml2_repo_valid.c,4300,4193,4382,},},    },0.10400390625,"[[262, 335, 151643]]","[-0.011427778750658035, -0.10401952266693115, -0.028067314997315407]",7.583333969116211,True,0.0,-0.1435146164149046,-0.047838205471634865,3.0,-0.11544730141758919,-0.057723650708794594,2.0,0.002143307760364175,1,2,2,2,1.0,-1.8017555191490044,-1.0204803613705193,False,1,0.3333333333333333,0.0,1.0,0.0,0.9588329315644322
~/anvil/data/cve-targets/php_repo_ext_exif_exif.c,1917,1911,1921,if ((offset + length) > (info->valid_end - info->valid_start)) {,if (offset + length > info->valid_end) {,	if (offset + length > info->valid_end) {,0.375,"[[743, 320, 3176, 488, 3084, 861, 3546, 405, 1891, 6213, 8, 314, 151643]]","[-0.14601564407348633, -0.4921422600746155, -0.3322525918483734, -0.7242153286933899, -0.005105315707623959, -0.09878474473953247, -0.03842050954699516, -0.00018857131362892687, -0.10517118126153946, -0.1423741728067398, -0.33371099829673767, -0.06316131353378296, -0.383183091878891]",3.93420147895813,False,0.0,-2.8647257237753365,-0.22036351721348743,13.0,-2.4815426318964455,-0.2067952193247038,12.0,0.04526478935499526,1,31,19,19,1.631578947368421,-1.8133881490325268,-1.0735327583089171,True,19,1.4615384615384615,24.0,0.7692307692307692,12.0,2.1809086504740027
~/anvil/data/cve-targets/openssl_repo_crypto_pkcs7_pk7_doit.c,331,307,546,const char *propq;,const char *propq = NULL;,    const char *propq = NULL;,0.5546875,"[[262, 733, 1161, 353, 2674, 80, 284, 1770, 26, 151643]]","[-0.7303082346916199, -0.15445029735565186, -0.12999582290649414, -0.000379132863599807, -0.0010039533954113722, -0.0006672301678918302, -0.4034118950366974, -0.21648269891738892, -0.8380570411682129, -0.01617663912475109]",4.407812118530273,False,0.0,-2.490932945627719,-0.2490932945627719,10.0,-2.474756306502968,-0.2749729229447742,9.0,0.08950667421212917,1,9,13,13,0.6923076923076923,-2.017244076470045,-1.0608967990826912,True,6,0.6,7.0,0.8372093023255813,4.0,1.9893459651731153
~/anvil/data/cve-targets/openssl_repo_crypto_asn1_a_int.c,158,85,161,},},    },0.05078125,"[[262, 335, 151643]]","[-0.04818049073219299, -0.05070086196064949, -0.29792070388793945]",5.09878396987915,True,0.0,-0.39680205658078194,-0.13226735219359398,3.0,-0.09888135269284248,-0.04944067634642124,2.0,1.5880677823078282e-06,1,2,2,2,1.0,-1.027114791961696,-1.0427279324405327,False,1,0.3333333333333333,0.0,1.0,0.0,0.8913282235060467
~/anvil/data/cve-targets/php_repo_ext_exif_exif.c,1807,1770,1852,typedef struct {,typedef struct {,"typedef struct {
	char",0.373046875,"[[5286, 2036, 341, 7450]]","[-0.21437932550907135, -0.013341204263269901, -0.7660272121429443, -1.3801740407943726]",4.825693607330322,True,1.0,-2.373921782709658,-0.5934804456774145,4.0,-0.9937477419152856,-0.3312492473050952,3.0,0.10125199371994459,0,4,5,4,0.8,-1.126181804290735,-1.0498712631060596,False,3,0.75,0.0,1.0,0.0,0.9380114551727637
~/anvil/data/cve-targets/libsndfile_repo_src_wav.c,902,828,934,"psf_binheader_writef (psf, ""44"", BHW4 (psf->instrument->loop_count), BHW4 (0)) ;","psf_binheader_writef (psf, ""44"", BHW4 (0), BHW4 (0)) ; /* SMPTE offset */","		psf_binheader_writef (psf, ""44"", BHW4 (0), BHW4 (0)) ; /* SMPTE offset */",0.12890625,"[[197, 35009, 69, 21816, 2708, 9165, 69, 320, 1690, 69, 11, 330, 19, 19, 497, 425, 38252, 19, 320, 15, 701, 425, 38252, 19, 320, 15, 593, 2587, 1391, 92800, 2446, 4347, 639, 151643]]","[-0.04883360117673874, -0.18439696729183197, -2.253030106658116e-05, -0.00078671018127352, -8.940656698541716e-06, -3.7431014789035544e-05, -0.00011967896716669202, -3.790783375734463e-05, -6.794906312279636e-06, -1.6689286894688848e-06, -0.00018857131362892687, -0.00031728477915748954, -0.06708253920078278, -0.2612934410572052, -0.20168258249759674, -0.0016127924900501966, -4.0531076592742465e-06, -0.0003607814433053136, -0.01608455553650856, -0.5653060674667358, -0.004835933912545443, -0.00778474286198616, -8.940656698541716e-06, -0.00019405389321036637, -0.0169661995023489, -0.37418490648269653, -0.001359372865408659, -0.03751051053404808, -0.15934236347675323, -0.8749266266822815, -0.0017790456768125296, -0.20473109185695648, -0.2905835211277008, -0.019420597702264786]",6.237673282623291,False,0.0,-3.3418128073826665,-0.09828861198184313,34.0,-3.3223922096804017,-0.10067855180849702,33.0,0.036188337992929455,1,34,29,29,1.1724137931034482,-1.2803744957038667,-1.013457810185372,True,33,0.9705882352941176,40.0,0.6928104575163399,8.0,2.3448669433279434
~/anvil/data/cve-targets/php_repo_ext_phar_phar.c,167,159,201,"pefree(phar->alias, phar->is_persistent);","pefree(phar->alias, phar->is_persistent);","		pefree(phar->alias, phar->is_persistent);",0.00836181640625,"[[197, 197, 375, 10593, 57807, 277, 405, 14956, 11, 1319, 277, 405, 285, 620, 13931, 1215, 151643]]","[-0.01687501184642315, -0.02411254122853279, -0.014599517919123173, -0.00012778419477399439, -0.09233541041612625, -3.9457496313843876e-05, -8.570780482841656e-05, -0.0004258441040292382, -0.0007570500019937754, -0.005164140835404396, -1.6927575416048057e-05, -3.5523738915799186e-05, -0.00020466140995267779, -2.753696753643453e-05, -2.062299427052494e-05, -0.016262495890259743, -0.14351153373718262]",6.511978626251221,True,0.0,-0.3146017681610829,-0.01850598636241664,17.0,-0.17109023442390026,-0.010693139651493766,16.0,0.0005042265175462295,0,17,17,17,1.0,-0.7819795381688395,-1.0065316634946397,False,14,0.8235294117647058,0.0,1.0,0.0,1.1542640654009395
~/anvil/data/cve-targets/php_repo_ext_phar_util.c,399,288,436,return FAILURE;,return FAILURE;,					return FAILURE;,0.049560546875,"[[464, 853, 64024, 26, 151664]]","[-0.39022308588027954, -0.007426985073834658, -0.0005287918029353023, -0.1396130472421646, -0.3141315281391144]",12.484201431274414,True,0.0,-0.8519234381383285,-0.1703846876276657,5.0,-0.5377919099992141,-0.13444797749980353,4.0,0.024879066206769503,0,5,5,5,1.0,-0.36862247983665225,-1.1534934791444607,False,3,0.6,0.0,1.0,0.0,0.624795004061022
~/anvil/data/cve-targets/poppler_repo_poppler_Parser.cc,266,188,287,length += 5000;,length += 5000;,"            length += 5000;
            dict.dictSet",0.4296875,"[[310, 3084, 1421, 220, 20, 15, 15, 15, 280, 310, 6451, 54777, 1649]]","[-0.05333097651600838, -1.0722509622573853, -0.3515263497829437, -0.05170886591076851, -0.07288243621587753, -0.2622030973434448, -0.005109110847115517, -0.001358658540993929, -0.458697646856308, -0.10366160422563553, -0.16897930204868317, -0.002473630243912339, -0.001081834896467626]",7.177256107330322,True,1.0,-2.6052644756855443,-0.2004049596681188,13.0,-2.432729708496481,-0.2432729708496481,10.0,0.09822330392174836,1,7,13,7,0.5384615384615384,-1.7662771926502394,-1.0101729081743787,False,8,0.6153846153846154,0.0,1.0,0.0,1.0874032440099946
~/anvil/data/cve-targets/php_repo_ext_phar_phar.c,173,159,201,},},	},0.400390625,"[[197, 92, 151643]]","[-0.0034783119335770607, -0.36173179745674133, -0.09278780221939087]",9.35572910308838,True,0.0,-0.45799791160970926,-0.15266597053656975,3.0,-0.3652101093903184,-0.1826050546951592,2.0,0.03208638997237402,0,2,2,2,1.0,-2.1926590458758763,-1.066714471651909,False,1,0.3333333333333333,0.0,1.0,0.0,0.873272416691117
~/anvil/data/cve-targets/lua_repo_ldebug.c,593,584,599,if (c->upvals[i]->v == o) {,if (o == &c->upvals[i]->v) {,    if (o == &c->upvals[i]->v) {,0.1787109375,"[[262, 421, 320, 78, 621, 609, 66, 405, 454, 25596, 989, 6294, 85, 8, 314, 151664]]","[-0.0013812773395329714, -0.2619136869907379, -0.025233130902051926, -0.5993000268936157, -0.01023130863904953, -0.6019909977912903, -0.008873789571225643, -8.272782724816352e-05, -0.0005855038180015981, -0.19911839067935944, -0.00034421717282384634, -0.0004769618099089712, -0.016869736835360527, -0.011606312356889248, -0.10138611495494843, -0.3912830650806427]",10.71458339691162,False,0.0,-2.230677248662687,-0.13941732804141793,16.0,-1.8393941835820442,-0.12262627890546961,15.0,0.04105091396753232,0,24,26,26,0.9230769230769231,-1.4573624764212656,-1.1035747623819463,True,13,0.8125,11.0,0.8,6.0,1.993478362569778
~/anvil/data/cve-targets/poppler_repo_poppler_Stream.cc,1341,1334,1352,return pred->lookChar();,return pred->lookChar();,        return pred->lookChar();,0.33203125,"[[286, 470, 4162, 405, 7201, 4768, 2129, 151664]]","[-0.012314949184656143, -0.6457807421684265, -0.7947506308555603, -0.14020724594593048, -0.3406749665737152, -0.0021685673855245113, -0.05113273113965988, -0.6361511945724487]",5.726388931274414,True,0.0,-2.6231810278259218,-0.3278976284782402,8.0,-1.987029833253473,-0.28386140475049615,7.0,0.08901552485284449,0,12,12,12,1.0,-1.1696949442346465,-1.0264950825753554,False,6,0.75,0.0,1.0,0.0,1.086815135659954
~/anvil/data/cve-targets/sqlite3_repo_ext_rtree_rtree.c,3385,3358,3390,"*pzErr = sqlite3_mprintf(""%s"", sqlite3_errmsg(db));","*pzErr = sqlite3_mprintf(""%s"", sqlite3_errmsg(db));","      *pzErr = sqlite3_mprintf(""%s"", sqlite3_errmsg(db));",0.01434326171875,"[[414, 353, 66565, 7747, 284, 22003, 18, 717, 2517, 4430, 82, 497, 22003, 18, 9266, 3236, 9791, 5905, 151643]]","[-0.007760375738143921, -0.050888948142528534, -3.981510963058099e-05, -9.345571743324399e-05, -0.00037925204378552735, -0.008644895628094673, -0.00013600854435935616, -0.0003856868715956807, -2.038458114839159e-05, -0.029237784445285797, -0.0003883084573317319, -0.006470562424510717, -0.0011046981671825051, -2.682172998902388e-05, -0.0002224197960458696, -7.617183291586116e-05, -0.0004153581103309989, -0.143025204539299, -0.09449773281812668]",7.132118225097656,True,0.0,-0.3438138846977381,-0.018095467615670425,19.0,-0.24931615187961143,-0.01385089732664508,18.0,0.001145902061105626,1,24,24,24,1.0,-1.0355474725206255,-1.0090336244618554,False,17,0.8947368421052632,0.0,1.0,0.0,1.2278270429021159
~/anvil/data/cve-targets/poppler_repo_fofi_FoFiTrueType.cc,552,492,590,"cmapLen = getU16BE(pos + 8, &ok);","cmapLen = getU16BE(pos + 8, &ok);","        cmapLen = getU16BE(pos + 8, &ok);",0.0025177001953125,"[[286, 40778, 11271, 284, 633, 52, 16, 21, 11594, 12259, 488, 220, 23, 11, 609, 562, 1215, 151643]]","[-0.00012981049076188356, -0.005093811079859734, -9.179073458653875e-06, -0.0025159630458801985, -0.004133016336709261, -0.00022289653134066612, -0.0015822045970708132, -1.1444026313256472e-05, -0.0005998004344291985, -0.0002369599969824776, -0.00013314791431184858, -0.0005614373367279768, -0.00918437447398901, -0.00460575707256794, -9.560128091834486e-05, -3.2305197237292305e-05, -0.0094505799934268, -0.3149893581867218]",14.25156307220459,True,0.0,-0.35358764706870716,-0.019643758170483732,18.0,-0.038598288881985354,-0.002270487581293256,17.0,9.407659944642389e-06,0,19,19,19,1.0,-1.1088808483499537,-1.2056021920296187,False,17,0.9444444444444444,0.0,1.0,0.0,0.6362115370293275
~/anvil/data/cve-targets/libxml2_repo_valid.c,1629,1585,1639,"xmlBufferWriteCHAR(buf, elem->name);","xmlBufferWriteCHAR(buf, elem->name);","	    xmlBufferWriteCHAR(buf, elem->name);",0.00811767578125,"[[2760, 8396, 4095, 7985, 15237, 10731, 11, 11750, 405, 606, 1215, 151664]]","[-0.0005385617259889841, -0.0005770448478870094, -0.00018034738604910672, -8.487341256113723e-05, -0.0006272017490118742, -1.9788545614574105e-05, -3.766942609217949e-05, -0.0003461238811723888, -3.3378044463461265e-05, -4.875540980719961e-05, -0.08925667405128479, -0.5267544984817505]",12.850000381469728,True,0.0,-0.6185049169616832,-0.0515420764134736,12.0,-0.0917504184799327,-0.008340947134539338,11.0,0.0006547863378436747,0,14,14,14,1.0,-0.9732318944493983,-1.1640905277503792,False,10,0.8333333333333334,0.0,1.0,0.0,0.6927498982982805
~/anvil/data/cve-targets/sqlite3_repo_ext_fts5_fts5_hash.c,411,393,430,"if(pTerm==0 || 0==memcmp(fts5EntryKey(pIter), pTerm, nTerm)) {","if( pTerm==0 || fts5HashEntryMatch(pTerm, nTerm, pIter) ){","      if( pTerm==0 || fts5HashEntryMatch(pTerm, nTerm, pIter) ){
        int iSlot2 = pIter->iSlot % nMergeSlot",1.1640625,"[[414, 421, 7, 281, 17249, 418, 15, 1369, 282, 2576, 20, 6370, 5874, 8331, 1295, 17249, 11, 308, 17249, 11, 281, 8537, 8, 10959, 286, 526, 600, 19877, 17, 284, 281, 8537, 405, 72, 19877, 1018, 308, 52096, 19877]]","[-0.006812796927988529, -0.38080576062202454, -0.020604845136404037, -0.655998170375824, -0.29250824451446533, -0.19109287858009338, -0.0017548889154568315, -0.08956398069858551, -0.7924296855926514, -2.8609820219571702e-05, -0.0012821081327274442, -0.3332490622997284, -0.36723995208740234, -0.814951479434967, -0.23019498586654663, -0.35844630002975464, -0.024640368297696114, -0.03106893040239811, -3.2305197237292305e-05, -0.0009628665866330266, -0.02203400619328022, -0.006811376195400953, -0.23712125420570374, -0.402570903301239, -0.00736202159896493, -0.8159202933311462, -0.37459495663642883, -1.1395490169525146, -0.6965144276618958, -0.15768063068389893, -0.9449222087860107, -0.049462005496025085, -0.0024227334652096033, -0.6411961317062378, -1.0763624906539917, -0.6100082397460938, -0.014290728606283665, -0.00017927470616996288, -6.4490144723095e-05]",8.28975772857666,False,1.0,-11.792735409590023,-0.3023778310151288,39.0,-5.269567781013393,-0.21078271124053571,25.0,0.061404855930403325,1,33,33,25,1.0,-5.522571055040773,-1.0386627338705834,True,25,0.6410256410256411,29.0,0.6833333333333333,12.0,2.4043231973073986
~/anvil/data/cve-targets/openssl_repo_crypto_asn1_a_type.c,70,54,98,case V_ASN1_NEG_INTEGER:,case V_ASN1_BOOLEAN:,"    case V_ASN1_BOOLEAN:
        result = a->",0.31640625,"[[262, 1142, 647, 1566, 18966, 16, 37809, 510, 286, 1102, 284, 264, 405]]","[-0.2215045541524887, -0.0040543037466704845, -0.002465900732204318, -6.007967749610543e-05, -5.960462772236497e-07, -2.753696753643453e-05, -0.5267578363418579, -0.33591118454933167, -0.25512731075286865, -0.19148877263069153, -0.003975465893745422, -0.7630982995033264, -0.0005578630371019244]",3.602257251739502,False,1.0,-2.305029704031597,-0.17730997723319974,13.0,-1.3459093029667315,-0.14954547810741461,9.0,0.03369024738525513,1,5,9,5,0.5555555555555556,-2.1157861408068364,-1.0824786512345423,True,8,0.6153846153846154,10.0,0.6818181818181819,1.0,1.8533089997942829
~/anvil/data/cve-targets/libxml2_repo_parser.c,2591,2479,2636,"xmlLoadEntityContent(ctxt, ent);",if (ent->etype == XML_INTERNAL_PREDEFINED_ENTITY) {,"		    if (ent->etype == XML_INTERNAL_PREDEFINED_ENTITY) {
		",2.515625,"[[6449, 421, 320, 306, 405, 16214, 621, 11874, 31752, 17427, 46651, 46599, 8, 341, 298]]","[-0.5921052694320679, -1.0914459228515625, -0.24311266839504242, -0.38568174839019775, -0.008865755051374435, -0.9372857809066772, -0.10871605575084686, -0.0012280549854040146, -0.3692344129085541, -0.28311794996261597, -3.862306402879767e-05, -0.002517271088436246, -0.37123075127601624, -0.04099394753575325, -0.22172480821609497]",5.734200477600098,False,1.0,-4.657299019814673,-0.31048660132097816,15.0,-4.657299019814673,-0.31048660132097816,15.0,0.10661485621294485,1,11,16,16,0.6875,-8.102201477606984,-1.0262946393008758,True,9,0.6,48.0,0.1686746987951807,14.0,2.369607682931451
~/anvil/data/cve-targets/libpng_repo_pngrutil.c,1766,1740,1781,num > (unsigned int) PNG_MAX_PALETTE_LENGTH),num > PNG_MAX_PALETTE_LENGTH),       num > PNG_MAX_PALETTE_LENGTH),0.29296875,"[[981, 1629, 861, 41639, 6806, 26191, 85448, 15023, 8, 151643]]","[-0.4229811131954193, -0.8437607884407043, -0.1423964947462082, -0.2043655961751938, -0.000454799213912338, -0.00047398300375789404, -1.8358061424805783e-05, -8.702239938429557e-06, -0.27083566784858704, -0.7112093567848206]",5.579166889190674,False,0.0,-2.5965048597099667,-0.25965048597099666,10.0,-1.8852955029251461,-0.209477278102794,9.0,0.07014590770754635,0,13,6,6,2.1666666666666665,-1.39857054021981,-1.030280111354515,True,12,1.2,15.0,0.7945205479452055,7.0,2.0826591337832605
~/anvil/data/cve-targets/libxml2_repo_HTMLparser.c,2792,2772,2812,*/,*/,    */,0.16796875,"[[262, 639, 151643]]","[-0.45683303475379944, -0.12173233926296234, -0.22805775701999664]",5.30972146987915,True,0.0,-0.8066231310367584,-0.2688743770122528,3.0,-0.5785653740167618,-0.2892826870083809,2.0,0.028073119029610683,1,3,3,3,1.0,-0.5806387922383123,-1.037243645092024,False,1,0.3333333333333333,0.0,1.0,0.0,0.9333257847970089
~/anvil/data/cve-targets/libsndfile_repo_src_common.c,1453,1438,1462,#if CPU_CLIPS_NEGATIVE == 0,#if CPU_CLIPS_NEGATIVE == 0,#if CPU_CLIPS_NEGATIVE == 0,0.031494140625,"[[2653, 13940, 6843, 25944, 62368, 23215, 621, 220, 15, 151664]]","[-0.005799253936856985, -0.006573481950908899, -0.0032071841415017843, -8.940656698541716e-06, -0.0046508475206792355, -0.22555667161941528, -0.0022223317064344883, -0.00038747431244701147, -0.0037512665148824453, -0.39738914370536804]",10.197222709655762,True,0.0,-0.6495465960651927,-0.06495465960651928,10.0,-0.2521574523598247,-0.028017494706647186,9.0,0.0048821012693571276,0,6,6,6,1.0,-1.124088393867992,-1.0893930186065268,False,9,0.9,0.0,1.0,0.0,0.8076067637146831
~/anvil/data/cve-targets/poppler_repo_poppler_XRef.cc,1493,1486,1515,if ((!xRefStream) && mainXRefEntriesOffset) {,if (i < size) {,"        if (i < size) {
            // We have a corrupt XRef table, but we can still",1.671875,"[[286, 421, 320, 72, 366, 1379, 8, 341, 310, 442, 1205, 614, 264, 21917, 1599, 3945, 1965, 11, 714, 582, 646, 2058]]","[-0.00838178489357233, -0.20733067393302917, -0.11533652245998383, -0.9595636129379272, -0.5807399153709412, -0.8507186770439148, -0.3868460953235626, -0.08169834315776825, -0.0056174276396632195, -0.6054277420043945, -2.4429588317871094, -1.5985113382339478, -1.3432849645614624, -2.2455716133117676, -1.0788772106170654, -0.06617606431245804, -1.1343520879745483, -1.4725298881530762, -1.9827632904052734, -0.7643123865127563, -1.3360422849655151, -1.172945499420166]",6.925172805786133,False,1.0,-20.439986255019903,-0.9290902843190865,22.0,-3.1962330527603626,-0.3551370058622625,9.0,0.11770640666392862,1,18,14,13,1.2857142857142858,-4.707690193931594,-1.0038267331919124,True,14,0.6363636363636364,34.0,0.3666666666666667,8.0,2.396645928103158
~/anvil/data/cve-targets/poppler_repo_poppler_GfxState.cc,2401,2386,2402,"alt->getGray(&color2, gray);","alt->getGray(&color2, gray);","        alt->getGray(&color2, gray);",0.01611328125,"[[286, 4797, 405, 455, 28174, 2099, 3423, 17, 11, 17545, 1215, 151643]]","[-0.49774086475372314, -0.05200428143143654, -0.0012330556055530906, -0.01051634643226862, -0.007856184616684914, -0.007567074615508318, -0.0005598884890787303, -0.00036435641231946647, -0.002218763343989849, -0.006226308643817902, -0.07357843220233917, -0.02812584862112999]",7.234201908111572,True,0.0,-0.6879914051678497,-0.057332617097320814,12.0,-0.6598655565467197,-0.05998777786788361,11.0,0.019686869206704045,1,16,16,16,1.0,-0.2686094038270213,-1.0116120599815492,False,10,0.8333333333333334,0.0,1.0,0.0,1.1301617511443063
~/anvil/data/cve-targets/php_repo_ext_exif_exif.c,1993,1981,2001,for (i=0; i<ImageInfo->file.count; i++) {,for (i = 0; i < ImageInfo->file.count; i++) {,		for (i = 0; i < ImageInfo->file.count; i++) {,0.1533203125,"[[197, 2023, 320, 72, 284, 220, 15, 26, 600, 366, 4654, 1731, 405, 1192, 6501, 26, 600, 2457, 314, 151664]]","[-0.004896079655736685, -0.029272515326738358, -0.13066010177135468, -0.003924170508980751, -0.20313040912151337, -0.08537673205137253, -0.0017008613795042038, -0.03243313729763031, -0.007920997217297554, -0.012583383359014988, -0.01643301546573639, -1.7762025890988298e-05, -0.0013077049516141415, -0.0002671123365871608, -0.00051115796668455, -0.007878538221120834, -0.062314338982105255, -0.015463104471564293, -0.06305219233036041, -0.06188693642616272]",9.472222328186035,False,0.0,-0.7410302508669702,-0.03705151254334851,20.0,-0.6791433144408074,-0.03574438497056881,19.0,0.002734300490638444,0,27,27,27,1.0,-4.289353771962807,-1.0698256250330942,True,16,0.8,4.0,0.9534883720930233,0.0,2.1157022810038155
~/anvil/data/cve-targets/libtiff_repo_libtiff_tif_dirread.c,5771,5720,5775,nstrips = (uint32_t)nstrips64;,nstrips = (uint32_t) nstrips64;,	nstrips = (uint32_t) nstrips64;,0.1064453125,"[[9038, 29872, 1690, 284, 320, 2496, 18, 17, 528, 8, 308, 29872, 1690, 21, 19, 26, 151643]]","[-0.30300310254096985, -2.169585604860913e-05, -7.152555099310121e-07, -0.01117636263370514, -0.0623260997235775, -0.006348916795104742, -0.002800949150696397, -2.884823152271565e-05, -0.02055077627301216, -0.3296287953853607, -0.02232525870203972, -1.3947389561508317e-05, -9.536738616588991e-07, -0.00018070495571009815, -2.932505594799295e-05, -0.3559983968734741, -0.09719983488321304]",4.322221755981445,False,0.0,-1.211634683379316,-0.0712726284340774,17.0,-1.1144348484961029,-0.06965217803100643,16.0,0.015909778840342493,1,12,12,12,1.0,-1.5282409755028006,-1.0631692930519205,True,15,0.8823529411764706,1.0,0.9836065573770492,0.0,1.9570005924971323
~/anvil/data/cve-targets/php_repo_ext_exif_exif.c,133,118,137,exif_globals->decode_jis_be     = NULL;,exif_globals->decode_jis_be     = NULL;,	exif_globals->decode_jis_be     = NULL;,0.00140380859375,"[[8122, 333, 58775, 405, 18196, 5374, 285, 21263, 257, 284, 1770, 26, 151664]]","[-0.0014994817320257425, -1.3232143828645349e-05, -5.602820692729438e-06, -5.483612312673358e-06, -0.0013428251259028912, -0.00025817399728111923, -1.2397689715726301e-05, -0.0016455217264592648, -0.0025811234954744577, -1.9550132492440753e-05, -0.0007376333815045655, -0.009993518702685833, -0.38725560903549194]",9.313194274902344,True,0.0,-0.40537015359586803,-0.031182319507374465,13.0,-0.01811454456037609,-0.0015095453800313408,12.0,7.213231943585458e-06,0,11,11,11,1.0,-0.9299545494424649,-1.0655807616163762,False,12,0.9230769230769231,0.0,1.0,0.0,0.924971472915653
~/anvil/data/cve-targets/libpng_repo_pngrutil.c,2895,2647,3067,bytes_to_copy = row_width;,{,"            {
               bytes_to_copy = row_width;
               bytes",0.1279296875,"[[310, 341, 2290, 5820, 2346, 16096, 284, 2802, 7927, 280, 2290, 5820]]","[-0.4018710255622864, -0.004719784017652273, -0.004830239340662956, -0.28905561566352844, -3.635817120084539e-05, -0.11503724008798599, -0.010249362327158451, -0.03858235850930214, -1.2993727978027891e-05, -0.04623635113239288, -0.006821084767580032, -0.3704325258731842]",10.895834922790527,False,2.0,-1.2878849391809126,-0.10732374493174272,12.0,-0.4114210489206016,-0.13714034964020053,3.0,0.035041167420478615,1,7,9,2,0.7777777777777778,-0.93283769390726,-1.1085867243682936,True,7,0.5833333333333334,26.0,0.0,6.0,1.7798730185507015
~/anvil/data/cve-targets/openssl_repo_crypto_asn1_tasn_enc.c,524,454,567,case V_ASN1_NEG_ENUMERATED:,case V_ASN1_NEG_ENUMERATED:,"    case V_ASN1_NEG_ENUMERATED:
        return ossl_i",0.1748046875,"[[262, 1142, 647, 1566, 18966, 16, 62368, 31894, 640, 9005, 510, 286, 470, 297, 24635, 5318]]","[-0.5623766183853149, -0.0061931367963552475, -0.002277163788676262, -0.0001234931987710297, -7.152555099310121e-07, -2.634490556374658e-05, -0.05117497965693474, -0.45850780606269836, -6.97350042173639e-05, -0.0002101439022226259, -0.9813023209571838, -0.31962475180625916, -0.9845945835113525, -0.1296476125717163, -2.455681169521995e-05, -0.003496012417599559]",7.865450382232666,True,1.0,-3.499649975032071,-0.21872812343950443,16.0,-2.3818872097197072,-0.1984906008099756,12.0,0.09345761306841598,1,5,9,5,0.5555555555555556,-0.8806698492859556,-1.027703158781284,False,10,0.625,0.0,1.0,0.0,0.9828515342713303
~/anvil/data/cve-targets/lua_repo_ldo.c,320,309,331,Proto *p = clLvalue(s2v(ci->func))->p;,Proto *p = ci_func(ci)->p;,      Proto *p = ci_func(ci)->p;,0.3203125,"[[414, 57677, 353, 79, 284, 11825, 9596, 77434, 3997, 79, 26, 151643]]","[-0.020259356126189232, -0.4311976432800293, -0.0004748170613311231, -0.0038351095281541348, -0.025194654241204262, -0.4803154468536377, -0.39378368854522705, -0.7004959583282471, -0.05529376119375229, -0.020968543365597725, -0.10063484311103821, -0.13810354471206665]",6.889582633972168,False,0.0,-2.3705573663464747,-0.19754644719553957,12.0,-2.232453821634408,-0.20295034742130982,11.0,0.05672743958794064,1,26,18,18,1.4444444444444444,-1.5782801264934772,-1.002933971272542,True,16,1.3333333333333333,17.0,0.6875,9.0,2.3082416175013734
~/anvil/data/cve-targets/openssl_repo_crypto_rsa_rsa_ameth.c,832,677,982,};,};,};,0.373046875,[[11061]],[-0.37238234281539917],6.87656307220459,True,0.0,-0.37238234281539917,-0.37238234281539917,1.0,-0.37238234281539917,-0.37238234281539917,1.0,0.0,0,4,4,4,1.0,-1.0017845426815262,-1.0026075803740597,False,1,1.0,0.0,1.0,0.0,1.0662177975347058
~/anvil/data/cve-targets/libsndfile_repo_src_flac.c,137,129,257,"unsigned i = 0, j, offset, channels, len ;","int channels, i, j, len, offset ;","	int channels, i, j, len, offset ;
	int32_t *buffer32 ;
	int",1.25,"[[2084, 11744, 11, 600, 11, 502, 11, 2422, 11, 4347, 4386, 2084, 18, 17, 528, 353, 7573, 18, 17, 4386, 2084]]","[-0.43209537863731384, -0.857938289642334, -0.4503777027130127, -0.36719444394111633, -0.015985779464244843, -0.05140725150704384, -0.12604230642318726, -0.7453261613845825, -0.06855347752571106, -0.18746790289878845, -0.9351406097412109, -1.6249415874481201, -0.8106518983840942, -5.07818695041351e-05, -0.00129413278773427, -1.1502351760864258, -2.1608023643493652, -1.691139578819275, -0.006509647238999605, -1.0329830646514893, -1.7400728464126587]",1.8092011213302608,False,2.0,-14.456210381926212,-0.6883909705679149,21.0,-4.237529303878546,-0.38522993671623146,11.0,0.10151281533279524,1,17,21,13,0.8095238095238095,-3.2448153190149824,-1.1321062799290078,True,14,0.6666666666666666,29.0,0.5066666666666666,10.0,1.9805876836333012
~/anvil/data/cve-targets/openssl_repo_crypto_rsa_rsa_ameth.c,546,534,551,if (magma_int) {,if (magma_int == 1) {,"    if (magma_int == 1) {
       ",0.482421875,"[[262, 421, 320, 76, 5716, 4042, 621, 220, 16, 8, 341, 286]]","[-0.028660714626312256, -0.0704999715089798, -0.044853925704956055, -0.010155552998185158, -1.2159273865108844e-05, -0.0011941214324906468, -0.852819561958313, -0.13449718058109283, -0.6292089223861694, -0.05933824181556702, -0.4443284869194031, -0.016689326614141464]",9.959027290344238,False,1.0,-2.292258165819476,-0.19102151381828966,12.0,-2.292258165819476,-0.19102151381828966,12.0,0.07604661861135438,1,10,13,13,0.7692307692307693,-2.5254845140579643,-1.0829250849501821,True,7,0.5833333333333334,5.0,0.8648648648648649,3.0,1.9312391474753479
~/anvil/data/cve-targets/sqlite3_repo_src_printf.c,522,385,861,idx = precision;,if( realvalue==0,        if( realvalue==0,1.296875,"[[286, 421, 7, 1931, 957, 418, 15]]","[-0.2514318823814392, -1.7106950283050537, -0.0008998635457828641, -0.9801262021064758, -1.764281842042692e-05, -0.9693893194198608, -0.08768835663795471]",5.586979389190674,False,0.0,-4.000248295214988,-0.5714640421735696,7.0,-4.000248295214988,-0.5714640421735696,7.0,0.37310721335435926,1,7,7,7,1.0,-2.2693903803069078,-1.0300789044200205,True,4,0.5714285714285714,14.0,0.25,8.0,2.150011304669112
~/anvil/data/cve-targets/php_repo_ext_intl_msgformat_msgformat_parse.c,83,57,115,if(pattern && pattern_len) {,if(pattern_len > 0) {,	if(pattern_len > 0) {,0.625,"[[743, 30948, 6043, 861, 220, 15, 8, 314, 151664]]","[-0.34179070591926575, -0.6278918981552124, -0.1856011301279068, -0.8244235515594482, -0.009387754835188389, -0.009883986786007881, -0.11078576743602753, -0.1819845736026764, -0.1329634189605713]",3.1112847328186035,False,0.0,-2.4247127873823047,-0.26941253193136716,9.0,-2.2917493684217334,-0.2864686710527167,8.0,0.07678179909576105,0,13,13,13,1.0,-2.1817394471208544,-1.0958472100836139,True,7,0.7777777777777778,13.0,0.6938775510204082,3.0,1.949449282941132
~/anvil/data/cve-targets/sqlite3_repo_src_sqliteInt.h,3863,3708,4013,# define SQLITE_CORRUPT_PGNO(P) sqlite3CorruptError(__LINE__),# define SQLITE_CORRUPT_PGNO(P) SQLITE_CORRUPT_BKPT,# define SQLITE_CORRUPT_PGNO(P) SQLITE_CORRUPT_BKPT,0.2392578125,"[[2, 6979, 55252, 47696, 36003, 2828, 85644, 8996, 5304, 8, 55252, 47696, 36003, 2828, 1668, 42, 2828, 151643]]","[-0.13225075602531433, -0.0044571817852556705, -0.0013248485047370195, -9.97731985989958e-05, -2.3483953555114567e-05, -2.50339189733495e-06, -0.05137950927019119, -3.349725011503324e-05, -0.5881325602531433, -0.002445447025820613, -0.3432850241661072, -0.0003948624071199447, -5.960462772236497e-07, -2.145764938177308e-06, -0.22775204479694366, -8.928377064876258e-05, -0.00013028726971242577, -0.31962156295776367]",8.459896087646484,False,0.0,-1.6714253678381397,-0.09285696487989664,18.0,-1.351803804880376,-0.07951787087531624,17.0,0.025192991799944286,0,9,9,9,1.0,-3.0088558693322596,-1.0430900522334066,True,18,1.0,27.0,0.6607142857142857,1.0,1.9952345158631952
~/anvil/data/cve-targets/php_repo_ext_phar_phar.c,2299,2285,2321,"written = php_stream_write(newfile, ZSTR_VAL(newstub), phar->halt_offset);",if (closeoldfile) {,"			if (closeoldfile) {
				php_stream_close(oldfile);
			}",0.3515625,"[[298, 743, 320, 5552, 813, 1192, 8, 341, 571, 197, 1208, 12673, 12704, 21972, 1192, 317, 298, 197, 92, 151643]]","[-0.3118777275085449, -0.7823237180709839, -0.17079845070838928, -0.8786528706550598, -0.0006439996068365872, -3.6238969187252223e-05, -0.016197048127651215, -0.006496737711131573, -0.0007333449902944267, -0.0225544236600399, -0.005791313014924526, -0.0001137191939051263, -0.006858616601675749, -0.0006846229662187397, -4.935142715112306e-05, -0.0035522000398486853, -0.01010303944349289, -0.00010072677832795307, -0.7166595458984375, -0.4266641438007355]",6.434202194213867,False,2.0,-3.3608918391728366,-0.16804459195864183,20.0,-2.190314560008119,-0.2190314560008119,10.0,0.10315675153079144,0,24,18,10,1.3333333333333333,-1.605077674316774,-1.00849067848036,True,20,1.0,64.0,0.21505376344086025,21.0,2.2746433201929754
~/anvil/data/cve-targets/openssl_repo_crypto_asn1_a_type.c,110,95,119,if (rt == NULL) {,if (rt == NULL) {,        if (rt == NULL) {,0.06787109375,"[[286, 421, 320, 3342, 621, 1770, 8, 314, 151664]]","[-0.006457889452576637, -0.002639859216287732, -0.314052551984787, -0.000545472139492631, -0.0013325868640094995, -0.0002585315378382802, -0.009803010150790215, -0.14321374893188477, -0.6360334157943726]",14.691665649414062,True,0.0,-1.1143370660720393,-0.12381522956355992,9.0,-0.47830365027766675,-0.05978795628470834,8.0,0.01133616224058823,0,14,14,14,1.0,-1.1351967514460608,-1.2189401491373713,False,7,0.7777777777777778,0.0,1.0,0.0,0.5520007401440197
~/anvil/data/cve-targets/openssl_repo_ssl_statem_extensions_srvr.c,284,256,335,if (PACKET_remaining(&responder_id_list) > 0 && s->ext.ocsp.ids == NULL) {,if (s->ext.ocsp.ids == NULL) {,    if (s->ext.ocsp.ids == NULL) {,0.27734375,"[[262, 421, 320, 82, 405, 427, 77984, 2154, 56202, 621, 1770, 8, 314, 151643]]","[-0.03898394852876663, -0.14333957433700562, -0.48864150047302246, -0.556294322013855, -0.00010752100206445903, -0.004062851890921593, -0.015621085651218891, -1.4305104514278355e-06, -0.0625479593873024, -0.006157001480460167, -0.00064876489341259, -0.01001051440834999, -0.030655130743980408, -0.3897757828235626]",6.339582443237305,False,0.0,-1.7468473881443742,-0.12477481343888387,14.0,-1.3570716053208116,-0.10439012348621628,13.0,0.033375850685832105,1,36,23,23,1.565217391304348,-2.6568006698126054,-1.0108790806634032,True,25,1.7857142857142858,44.0,0.5769230769230769,13.0,2.3945485611975417
~/anvil/data/cve-targets/libsndfile_repo_src_flac.c,339,331,397,{	case FLAC__METADATA_TYPE_STREAMINFO :,{	case FLAC__METADATA_TYPE_STREAMINFO :,"	{	case FLAC__METADATA_TYPE_STREAMINFO :
			psf_log_printf",0.10546875,"[[197, 90, 2722, 89099, 563, 44875, 39119, 4189, 23584, 6637, 6260, 298, 35009, 69, 5224, 21823]]","[-0.0005414212355390191, -0.010332426056265831, -0.007693067658692598, -0.0006827168981544673, -6.031808152329177e-05, -0.0007419217727147043, -6.556489552167477e-06, -2.074220174108632e-05, -0.0014188947388902307, -0.11330229043960571, -0.5315029621124268, -0.008580365218222141, -0.07095513492822647, -3.325883881188929e-05, -0.5342440009117126, -0.00160624657291919]",10.797917366027832,True,1.0,-1.2817223241549982,-0.08010764525968739,16.0,-0.674883682903328,-0.05624030690861067,12.0,0.02146833619546225,1,8,6,8,1.3333333333333333,-1.875323158733549,-1.1058762906221797,False,10,0.625,0.0,1.0,0.0,0.7955687490633945
~/anvil/data/cve-targets/php_repo_ext_exif_exif.c,3659,3617,3700,if (pos+length>=ImageInfo->Thumbnail.size) {,pos += 2;,"		pos += 2;
		if (pos+length>ImageInfo->Thumbnail.size) {
		",0.333984375,"[[197, 28164, 1421, 220, 17, 280, 197, 743, 320, 966, 10, 4129, 29, 1906, 1731, 405, 45970, 2486, 8, 341, 298]]","[-0.09903699159622192, -0.6264677047729492, -0.2835504710674286, -0.26159217953681946, -0.057692885398864746, -0.2151157110929489, -0.14824391901493073, -0.34895026683807373, -0.10093566030263901, -0.3811964988708496, -0.2734115421772003, -0.0070573813281953335, -0.786133348941803, -0.005101995076984167, -2.2291887944447808e-05, -9.298280929215252e-06, -0.00019107422849629074, -0.00033825874561443925, -0.20348188281059265, -0.3505457639694214, -0.16740046441555023]",9.193750381469728,False,2.0,-4.316475590354457,-0.2055464566835456,21.0,-1.6916998624801636,-0.24167140892573766,7.0,0.03054935104711723,1,22,28,7,0.7857142857142857,-1.3819771916115606,-1.062403579790961,True,13,0.6190476190476191,40.0,0.2264150943396226,20.0,2.103309586220245
~/anvil/data/cve-targets/poppler_repo_poppler_GfxState.cc,2420,2399,2421,"alt->getRGB(&color2, rgb);","alt->getRGB(&color2, rgb);","        alt->getRGB(&color2, rgb);",0.0079345703125,"[[286, 4797, 405, 455, 18184, 2099, 3423, 17, 11, 17993, 1215, 151643]]","[-0.025800447911024094, -0.02839401178061962, -0.0002656822034623474, -0.0011404207907617092, -0.0005855038180015981, -0.0017576259560883045, -0.00017951308109331876, -0.00026663561584427953, -0.0002889215829782188, -0.0015950588276609778, -0.040882378816604614, -0.0835782140493393]",7.346528053283691,True,0.0,-0.18473441443347838,-0.015394534536123198,12.0,-0.10115620038413908,-0.009196018216739916,11.0,0.00020186835198376696,1,16,16,16,1.0,-0.8628267284264785,-1.014456814443604,False,10,0.8333333333333334,0.0,1.0,0.0,1.121345404175277
~/anvil/data/cve-targets/openssl_repo_ssl_statem_extensions_srvr.c,627,570,758,EVP_MD_CTX_free(hctx);,EVP_MD_CTX_free(hctx);,    EVP_MD_CTX_free(hctx);,0.01416015625,"[[262, 72758, 46497, 44233, 8905, 3203, 3773, 1215, 151643]]","[-0.5465203523635864, -0.04482394829392433, -0.006295728962868452, -2.8371408916427754e-05, -0.033609576523303986, -0.0014774608425796032, -0.000105375460407231, -0.007891074754297733, -0.07902843505144119]",5.49375057220459,True,0.0,-0.7197803236613254,-0.07997559151792505,9.0,-0.6407518886098842,-0.08009398607623552,8.0,0.03132587659264086,0,9,9,9,1.0,-0.1767942506510039,-1.0324825303635023,False,8,0.8888888888888888,0.0,1.0,0.0,0.9937409317567628
~/anvil/data/cve-targets/lua_repo_ldebug.c,776,747,794,const Proto *p = ci_func(ci)->p;,const Proto *p = clLvalue(s2v(ci->func))->p;,    const Proto *p = clLvalue(s2v(ci->func))->p;,0.353515625,"[[262, 733, 57677, 353, 79, 284, 1185, 43, 957, 1141, 17, 85, 77434, 405, 2830, 30584, 79, 26]]","[-0.09685233980417252, -1.1926733255386353, -0.06183841824531555, -0.0012215065071359277, -0.007962272502481937, -0.028888199478387833, -0.44698214530944824, -0.1279790699481964, -0.08423502743244171, -0.7627909183502197, -0.0015029336791485548, -0.5242052674293518, -0.31223058700561523, -8.689979586051777e-05, -0.0017231153324246407, -0.008762717247009277, -0.009827091358602047, -0.06027854606509209]",5.937673091888428,False,0.0,-3.7300403810295393,-0.20722446561275218,18.0,-3.7300403810295393,-0.20722446561275218,18.0,0.10249034574134727,1,20,28,28,0.7142857142857143,-1.705955056777067,-1.0210873235241604,True,11,0.6111111111111112,17.0,0.736842105263158,9.0,2.1952820377610225
~/anvil/data/cve-targets/lua_repo_ldebug.c,237,210,238,"luaO_chunkid(ar->short_src, ar->source, ar->srclen);","ar->namewhat = getfuncname(cl, ar->name, &ar->namelen);","  ar->namewhat = getfuncname(cl, ar->name, &ar->namelen);",0.50390625,"[[220, 796, 405, 12400, 80475, 284, 633, 2830, 606, 9849, 11, 796, 405, 606, 11, 609, 277, 405, 12400, 8398, 1215, 151643]]","[-0.8057406544685364, -0.2438470721244812, -0.0020814912859350443, -0.25967225432395935, -0.002549376105889678, -0.01778172329068184, -0.49048182368278503, -0.36838436126708984, -0.005628096405416727, -0.3983316123485565, -0.23324187099933624, -0.40718501806259155, -0.42210477590560913, -0.4153973460197449, -0.04976863041520119, -0.8181791305541992, -0.0024075114633888006, -0.001440440770238638, -0.21307727694511414, -0.18622581660747528, -0.39502617716789246, -0.18036016821861267]",1.909721851348877,False,0.0,-5.918912628432736,-0.2690414831105789,22.0,-5.738552460214123,-0.2732644028673392,21.0,0.058201501783549665,0,22,27,27,0.8148148148148148,-1.8440244858552972,-1.1292648479666343,True,19,0.8636363636363636,37.0,0.4672897196261683,15.0,1.944791496664128
~/anvil/data/cve-targets/libtiff_repo_libtiff_tif_dirread.c,5768,5720,5775,"uint64_t nstrips64 = TIFFhowmany_64(bytecount, stripbytes);",nstrips = (uint32_t) ((td->td_imagelength + rowsperstrip - 1) /,"	nstrips = (uint32_t) ((td->td_imagelength + rowsperstrip - 1) /
			      rowsperstrip);
        /* If",0.4296875,"[[9038, 29872, 1690, 284, 320, 2496, 18, 17, 528, 8, 1781, 1296, 405, 1296, 88609, 301, 996, 488, 6978, 712, 13105, 481, 220, 16, 8, 38981, 30363, 6978, 712, 13105, 317, 286, 1391, 1416]]","[-1.1909770965576172, -3.802703940891661e-05, -1.9073468138230965e-06, -0.02209172584116459, -0.21209536492824554, -0.07347575575113297, -0.03991815075278282, -6.067568756407127e-05, -0.003265526844188571, -0.4209473133087158, -0.7542043328285217, -0.8531113862991333, -0.00019262365822214633, -0.0002184867626056075, -0.8476536273956299, -0.0029728286899626255, -6.222531374078244e-05, -0.44749853014945984, -0.09260102361440659, -4.160317621426657e-05, -2.861018856492592e-06, -0.18666715919971466, -0.03249233961105347, -0.0003084660565946251, -0.45010215044021606, -0.5287356376647949, -1.0572991371154785, -0.011141586117446423, -1.2993727978027891e-05, -1.0728830375228426e-06, -0.0578041672706604, -0.7573170065879822, -0.8507954478263855, -2.35323166847229]",2.7923614978790283,False,2.0,-11.24733990593802,-0.33080411488053,34.0,-7.21703596305224,-0.2672976282611941,27.0,0.13255243519230064,1,15,36,22,0.4166666666666667,-1.6075245515464287,-1.1046194127846771,True,22,0.6470588235294118,52.0,0.39344262295081966,22.0,1.9221189914249588
~/anvil/data/cve-targets/libsndfile_repo_src_file_io.c,292,268,299,break ;,{	if,		{	if,0.0634765625,"[[197, 197, 90, 743]]","[-0.2868354022502899, -0.011062008328735828, -0.010082269087433815, -0.9407404661178589]",9.34791660308838,False,0.0,-1.2487201457843184,-0.3121800364460796,4.0,-1.2487201457843184,-0.3121800364460796,4.0,0.14441642303301153,0,4,3,3,1.3333333333333333,-0.20333318947178675,-1.066506149326304,True,2,0.5,7.0,0.0,3.0,1.8512623195174105
~/anvil/data/cve-targets/libxml2_repo_parser.c,12664,12587,12769,xmlFree((xmlChar *) ctxt->encoding);,xmlDictFree(ctxt->encoding);,	    xmlDictFree(ctxt->encoding);,0.64453125,"[[2760, 8396, 13448, 10940, 40583, 2252, 405, 17159, 1215, 151643]]","[-0.39377397298812866, -0.012583501636981964, -0.34194520115852356, -0.0054360427893698215, -0.00957279372960329, -0.00016425691137555987, -8.546940807718784e-05, -0.6628042459487915, -0.11918056756258011, -0.02417735569179058]",4.313194274902344,False,0.0,-1.5697234078252222,-0.15697234078252223,10.0,-1.5455460521334317,-0.17172733912593685,9.0,0.05115166613786786,0,19,12,12,1.5833333333333333,-3.7532244619904738,-1.0634092636469497,True,10,1.0,16.0,0.75,8.0,2.108247733175522
~/anvil/data/cve-targets/sqlite3_repo_src_printf.c,63,-92,213,"static const char aPrefix[] = ""-x0\000X0"";","static const char aPrefix[] = ""-+ 0"";","static const char aPrefix[] = ""-+ 0"";
static const char aSuffix[] = ""bcdiouxXe",0.6171875,"[[1978, 733, 1161, 264, 14335, 1294, 284, 6523, 10, 220, 15, 876, 1978, 733, 1161, 264, 40177, 1294, 284, 330, 91490, 72, 40570, 55, 68]]","[-0.05972125381231308, -0.005747577641159296, -0.01971740461885929, -0.01671406254172325, -0.12447341531515121, -0.029427751898765564, -0.015931224450469017, -0.40425121784210205, -0.8344396352767944, -0.9039974212646484, -0.18605877459049225, -0.8496345281600952, -0.15654592216014862, -0.024598846212029457, -0.15946251153945923, -0.09039310365915298, -2.302438974380493, -0.01693853922188282, -0.0022288737818598747, -1.026305079460144, -1.2301510572433472, -1.8588101863861084, -0.18799573183059692, -0.002811291255056858, -1.1923847198486328]",3.6432292461395264,False,1.0,-11.701179104391485,-0.4680471641756594,25.0,-3.450114267412573,-0.2875095222843811,12.0,0.12186309252051553,0,20,30,18,0.6666666666666666,-2.146668030666227,-1.0813704361727894,True,17,0.68,7.0,0.8860759493670887,3.0,2.0672135984685194
~/anvil/data/cve-targets/openssl_repo_crypto_asn1_a_d2i_fp.c,99,89,226,uint32_t eos = 0;,unsigned int eos = 0;,    unsigned int eos = 0;,0.22265625,"[[262, 3774, 526, 61794, 284, 220, 15, 26, 151643]]","[-0.03499392420053482, -0.7179057002067566, -0.4258468449115753, -0.009295400232076645, -0.015381873585283756, -0.45095354318618774, -0.2225881665945053, -0.28841808438301086, -0.0382477305829525]",6.930728435516357,False,0.0,-2.2036312678828835,-0.24484791865365374,9.0,-2.165383537299931,-0.2706729421624914,8.0,0.056032569926246015,0,8,10,10,0.8,-0.8226025409896132,-1.0039661651156628,True,9,1.0,8.0,0.6842105263157895,3.0,2.087765110619317
~/anvil/data/cve-targets/php_repo_ext_phar_phar.c,949,632,1125,"PHAR_GET_32(buffer, len);","MAPPHAR_FAIL(""internal corruption of phar \""%s\"" (truncated","			MAPPHAR_FAIL(""internal corruption of phar \""%s\"" (truncated",0.69921875,"[[298, 9209, 2537, 10842, 934, 11878, 445, 10481, 21252, 315, 1319, 277, 32328, 82, 2105, 320, 376, 38007]]","[-0.7180395722389221, -1.0255005359649658, -0.017116209492087364, -0.00010132275929208845, -2.4318398573086597e-05, -0.16108597815036774, -0.004283420275896788, -0.7683781385421753, -0.035982344299554825, -0.004168037325143814, -0.004912568721920252, -7.843663479434326e-05, -0.0036491251084953547, -0.0007308434578590095, -0.01675368659198284, -0.02193441428244114, -2.1908297538757324, -0.02157258428633213]",5.5397562980651855,False,0.0,-4.995141290406536,-0.2775078494670298,18.0,-4.995141290406536,-0.2775078494670298,18.0,0.3111121400762257,1,11,9,9,1.2222222222222223,-2.5196359358587186,-1.0312957102946227,True,10,0.5555555555555556,49.0,0.26190476190476186,10.0,2.1118025465757313
~/anvil/data/cve-targets/libtiff_repo_libtiff_tif_dirwrite.c,3257,3122,3530,else,else if,        else if,0.1025390625,"[[286, 770, 421]]","[-0.05492563545703888, -0.10265829414129257, -0.1716998666524887]",6.31944465637207,False,0.0,-0.32928379625082016,-0.10976126541694005,3.0,-0.32928379625082016,-0.10976126541694005,3.0,0.0022979296123527312,0,2,5,5,0.4,-0.9342008049059408,-1.011388130478683,True,1,0.3333333333333333,3.0,0.7272727272727273,4.0,1.9832993337493776
~/anvil/data/cve-targets/libsndfile_repo_src_alaw.c,253,98,274,"0xa9, 0xa9, 0xa9, 0xa9, 0xa9, 0xa9, 0xa9, 0xa9, 0xa9, 0xa9, 0xa9, 0xa9,","0xa9, 0xa9, 0xa9, 0xa9, 0xa9, 0xa9, 0xa9, 0xa9, 0xa9, 0xa9, 0xa9, 0xa9,","	0xa9, 0xa9, 0xa9, 0xa9, 0xa9, 0xa9, 0xa9, 0xa9, 0xa9, 0xa9, 0xa9, 0xa9,",0.006134033203125,"[[197, 15, 9591, 24, 11, 220, 15, 9591, 24, 11, 220, 15, 9591, 24, 11, 220, 15, 9591, 24, 11, 220, 15, 9591, 24, 11, 220, 15, 9591, 24, 11, 220, 15, 9591, 24, 11, 220, 15, 9591, 24, 11, 220, 15, 9591, 24, 11, 220, 15, 9591, 24, 11, 220, 15, 9591, 24, 11, 220, 15, 9591, 24, 11, 151643]]","[-0.0005779979983344674, -0.0001716466504149139, -0.0012204349040985107, -0.00030286493711173534, -0.000566203030757606, -0.00040570611599832773, -2.098061486321967e-05, -8.308542601298541e-05, -2.2649508537142538e-05, -0.00037067217635922134, -0.000291662581730634, -2.1457441107486375e-05, -5.245071224635467e-05, -2.7894584491150454e-05, -0.0003762729174923152, -0.00022468426323030144, -1.7762025890988298e-05, -5.94836674281396e-05, -2.0503786799963564e-05, -0.001061352901160717, -0.0008204193436540663, -3.540453326422721e-05, -7.033100700937212e-05, -3.8742269680369645e-05, -0.00025650550378486514, -0.00026425207033753395, -1.4662635294371285e-05, -5.340433563105762e-05, -2.1934269170742482e-05, -0.0005977750988677144, -0.0007776573766022921, -2.8490614567999728e-05, -6.41325386823155e-05, -2.52720492426306e-05, -0.0006865289760753512, -0.00043990471749566495, -3.40932747349143e-05, -4.565611743601039e-05, -3.755022044060752e-05, -0.0011514945654198527, -0.0010469438275322318, -4.303362584323622e-05, -6.854299135738984e-05, -6.69933797325939e-05, -0.0003026265767402947, -0.00025197668583132327, -1.6927575416048057e-05, -5.054346183896996e-05, -3.3854863431770355e-05, -0.00046230596490204334, -0.0003492222458589822, -2.5033637939486653e-05, -4.935142715112306e-05, -2.52720492426306e-05, -0.0006924853660166264, -0.0009037939016707242, -1.9788545614574105e-05, -4.7444173105759546e-05, -2.4437606043647975e-05, -0.25660961866378784, -0.3326064646244049]",12.489757537841797,True,0.0,-0.6050566389549203,-0.009918961294342957,61.0,-0.27245017433051544,-0.004540836238841924,60.0,0.001077033667363067,0,25,25,25,1.0,-1.3508598153474476,-1.1536537135900715,False,59,0.9672131147540983,0.0,1.0,0.0,0.845793825874735
~/anvil/data/cve-targets/libsndfile_repo_src_alaw.c,308,301,313,if (ptr [i] >= 0),if (ptr [i] >= 0),		if (ptr [i] >= 0),0.04833984375,"[[197, 743, 320, 3505, 508, 72, 60, 2604, 220, 15, 8, 151643]]","[-0.0064043523743748665, -0.018988382071256638, -0.03165304288268089, -0.06401999294757843, -0.003836297197267413, -0.00013422065239865333, -0.002803088864311576, -0.23843906819820404, -0.005767726805061102, -0.0018874465022236109, -0.08253774046897888, -0.1973600536584854]",6.9140625,True,0.0,-0.6538314126228215,-0.05448595105190179,12.0,-0.4564713589643361,-0.0414973962694851,11.0,0.004571342327767816,1,17,17,17,1.0,-1.1648885977346597,-1.0035479513615455,False,10,0.8333333333333334,0.0,1.0,0.0,1.1677331756648697
~/anvil/data/cve-targets/openssl_repo_crypto_pkcs7_pk7_doit.c,178,159,299,const char *propq;,const char *propq = NULL;,    const char *propq = NULL;,0.50390625,"[[262, 733, 1161, 353, 2674, 80, 284, 1770, 26, 151643]]","[-0.5879611372947693, -0.17410601675510406, -0.16360725462436676, -0.0005295066512189806, -0.0016877705929800868, -0.0014197280397638679, -0.5369480848312378, -0.13244405388832092, -0.9549752473831177, -0.006358630023896694]",5.170138835906982,False,0.0,-2.560037430084776,-0.2560037430084776,10.0,-2.5536788000608794,-0.2837420888956533,9.0,0.09955888017894654,1,9,13,13,0.6923076923076923,-1.77593057117907,-1.0408694977397777,True,6,0.6,7.0,0.8372093023255813,4.0,2.0368433498811664
~/anvil/data/cve-targets/sqlite3_repo_src_resolve.c,188,173,190,result = ((Bitmask)1)<<n;,result = pExTab->colUsed | (Bitmask)1 <<,  result = pExTab->colUsed | (Bitmask)1 <<,0.373046875,"[[220, 1102, 284, 281, 840, 8582, 405, 2074, 22743, 760, 320, 8344, 11258, 8, 16, 1115]]","[-0.28707242012023926, -0.23562324047088623, -0.0030250048730522394, -0.8011131882667542, -0.005275021307170391, -5.149708886165172e-05, -0.00032109825406223536, -0.6870444416999817, -0.040157750248909, -1.683549165725708, -1.1168012619018555, -0.5133906006813049, -7.795983401592821e-05, -0.16914720833301544, -0.04388108476996422, -0.5324147939682007]",5.629339694976807,False,0.0,-6.1189457375439815,-0.38243410859649885,16.0,-6.1189457375439815,-0.38243410859649885,16.0,0.22327825419233976,1,18,15,15,1.2,-0.975453984397602,-1.0289886203970968,True,10,0.625,21.0,0.6461538461538461,12.0,2.1537481245136405
~/anvil/data/cve-targets/sqlite3_repo_src_window.c,1445,1290,1595,** eDelete:,** eDelete:,** eDelete:,0.1318359375,"[[334, 384, 6435, 25, 151664]]","[-0.0051706633530557156, -0.1902131289243698, -0.0028329261112958193, -0.3321622908115387, -0.9056433439254761]",10.465452194213867,True,0.0,-1.4360223531257361,-0.2872044706251472,5.0,-0.53037900920026,-0.132594752300065,4.0,0.019055527433042112,0,5,5,5,1.0,-0.9942771882981628,-1.096722749962612,False,4,0.8,0.0,1.0,0.0,0.7898529267139495
~/anvil/data/cve-targets/php_repo_ext_exif_exif.c,4354,4297,4370,exif_scan_thumbnail(&ImageInfo);,"zend_argument_value_error(3, ""must be a","			zend_argument_value_error(3, ""must be a",2.4375,"[[298, 20832, 408, 9025, 3142, 4096, 7, 18, 11, 330, 24812, 387, 264]]","[-0.03921758010983467, -0.6818328499794006, -0.04397543519735336, -0.15681876242160797, -0.3767316937446594, -4.362964682513848e-05, -0.06957245618104935, -0.5559592843055725, -0.003644967917352915, -0.0156503077596426, -1.0987446308135986, -0.43199461698532104, -1.415800929069519]",7.250868797302246,False,0.0,-4.889987144131737,-0.37615285724090286,13.0,-4.889987144131737,-0.37615285724090286,13.0,0.19292652352897013,1,11,7,7,1.5714285714285714,-6.480078385896536,-1.0120336584623306,True,8,0.6153846153846154,34.0,0.3098591549295775,9.0,2.3977867623012155
~/anvil/data/cve-targets/php_repo_ext_intl_locale_locale_methods.c,967,951,983,while( (*str)!='\0' ){,while( *str != '\0' ){,		while( *str != '\0' ){,0.87890625,"[[197, 5217, 7, 353, 495, 961, 5196, 15, 6, 40023, 151664]]","[-0.037063758820295334, -0.06788037717342377, -0.41389530897140503, -0.16442273557186127, -0.004035188350826502, -0.6740300059318542, -0.034070778638124466, -0.0005372511222958565, -0.26783013343811035, -0.2826213240623474, -0.07361852377653122]",7.29531192779541,False,0.0,-2.0200053858570755,-0.18363685325973414,11.0,-1.9463868620805442,-0.1946386862080544,10.0,0.04325850803261186,0,21,18,18,1.1666666666666667,-4.515578414152025,-1.0131587319676096,True,10,0.9090909090909091,3.0,0.9090909090909091,3.0,2.298798158569534
~/anvil/data/cve-targets/libtiff_repo_libtiff_tif_predict.c,531,376,681,},},},0.34375,[[92]],[-0.37797683477401733],6.677083969116211,True,0.0,-0.37797683477401733,-0.37797683477401733,1.0,-0.37797683477401733,-0.37797683477401733,1.0,0.0,0,2,2,2,1.0,-0.9094472686547558,-1.0023856321450402,False,1,1.0,0.0,1.0,0.0,1.0401532319423215
~/anvil/data/cve-targets/sqlite3_repo_src_build.c,2315,2288,2556,if( db->init.busy ){,if( db->init.busy ){,"  if( db->init.busy ){
    p->tn",0.25390625,"[[220, 421, 7, 2927, 405, 2327, 48067, 88, 10959, 262, 281, 405, 1517]]","[-0.13851451873779297, -0.025990605354309082, -0.0001530530134914443, -0.05328429862856865, -0.00010966652916977182, -0.00010132275929208845, -0.00018225439998786896, -4.768360213347478e-06, -0.5822888612747192, -0.011849491856992245, -0.36790531873703003, -0.008604357950389385, -0.022098373621702194]",11.989757537841797,True,1.0,-1.2110868912236583,-0.09316053009412756,13.0,-0.8124788409145367,-0.08124788409145367,10.0,0.029588962063435725,1,16,17,16,0.9411764705882353,-3.1250813832173137,-1.139322796998881,False,8,0.6153846153846154,0.0,1.0,0.0,0.8157109865047933
~/anvil/data/cve-targets/lua_repo_lvm.c,884,783,922,}},}},"  }}
/*
",2.96875,"[[220, 8096, 3284]]","[-0.01756938360631466, -0.2185090333223343, -0.3634500205516815]",5.0494794845581055,True,2.0,-0.5995284374803305,-0.1998428124934435,3.0,-0.23607841692864895,-0.11803920846432447,2.0,0.010094185706999166,0,3,5,3,0.6,-25.150541405885985,-1.0440140039923727,False,1,0.3333333333333333,0.0,1.0,0.0,1.2915619905679703
~/anvil/data/cve-targets/libxml2_repo_xmlstring.c,412,398,421,size = xmlStrlen(cur);,size = xmlStrlen(cur);,    size = xmlStrlen(cur);,0.050537109375,"[[262, 1379, 284, 8396, 2580, 2892, 17591, 1215, 151643]]","[-0.16839410364627838, -0.09046301990747452, -0.0013615157222375274, -0.18430595099925995, -0.0005855038180015981, -0.0007938570925034583, -0.005235888063907623, -0.0836581438779831, -0.014294489286839962]",7.219443321228027,True,0.0,-0.5490924724144861,-0.06101027471272068,9.0,-0.5347979831276461,-0.06684974789095577,8.0,0.0052233289565592166,1,12,12,12,1.0,-0.7559805529474145,-1.0112388797189575,False,7,0.7777777777777778,0.0,1.0,0.0,1.090348215217763
~/anvil/data/cve-targets/openssl_repo_ssl_statem_extensions_srvr.c,289,256,335,},},        },0.02392578125,"[[286, 335, 151643]]","[-0.00432888139039278, -0.03062009997665882, -0.008901319466531277]",9.03541660308838,True,0.0,-0.04385030083358288,-0.014616766944527626,3.0,-0.0349489813670516,-0.0174744906835258,2.0,0.00017280704368770523,1,2,2,2,1.0,-1.3691833246136438,-1.0582065326264165,False,1,0.3333333333333333,0.0,1.0,0.0,0.8457302748954344
~/anvil/data/cve-targets/libsndfile_repo_src_aiff.c,1461,1448,1466,pos = psf_ftell (psf) ;,pos = psf_ftell (psf) ;,	pos = psf_ftell (psf) ;,0.052001953125,"[[28164, 284, 4726, 69, 41572, 613, 320, 1690, 69, 8, 2587, 151643]]","[-0.23825553059577942, -0.003307113191112876, -0.015042208135128021, -5.209310256759636e-05, -0.28110790252685547, -0.0014756753807887435, -0.005369408056139946, -0.0002610342635307461, -1.8358061424805783e-05, -0.0036882013082504272, -0.023287491872906685, -0.03752991557121277]",2.2168402671813965,True,0.0,-0.6093949320656975,-0.050782911005474794,12.0,-0.5718650164944847,-0.051987728772225884,11.0,0.009716507439167658,0,12,12,12,1.0,-1.0002736098135088,-1.120627597850945,False,11,0.9166666666666666,0.0,1.0,0.0,0.7938199457059828
~/anvil/data/cve-targets/openssl_repo_crypto_pkcs7_pk7_doit.c,1023,868,1173,void *value),void *value),                         void *value),0.0031585693359375,"[[5108, 737, 353, 957, 8, 151643]]","[-0.036423832178115845, -0.0075296880677342415, -0.00028224775451235473, -0.00128020322881639, -0.003605177393183112, -0.04371335729956627]",9.812500953674316,True,0.0,-0.09283450592192821,-0.015472417653654702,6.0,-0.04912114862236194,-0.009824229724472389,5.0,0.00018310603853584204,0,6,6,6,1.0,-0.3215080901528014,-1.0789654156862452,False,4,0.6666666666666666,0.0,1.0,0.0,0.8320823469221686
~/anvil/data/cve-targets/libtiff_repo_libtiff_tif_ojpeg.c,1299,1215,1349,if (OJPEGReadHeaderInfoSecStreamDqt(tif)==0),if (OJPEGReadHeaderInfoSecStreamDqt(tif)==0),				if (OJPEGReadHeaderInfoSecStreamDqt(tif)==0),0.0091552734375,"[[571, 743, 320, 46, 73603, 4418, 4047, 1731, 8430, 3027, 35, 23044, 1155, 333, 15348, 15, 8, 151664]]","[-0.004376120399683714, -0.015932397916913033, -0.0037561357021331787, -0.01081498246639967, -8.583032467868179e-06, -0.0006163604557514191, -0.009569132700562477, -0.00012885693286079913, -0.0006323245470412076, -0.004134560003876686, -0.01617499627172947, -0.0024588846135884523, -0.002592181321233511, -1.5616295058862306e-05, -0.01784074492752552, -0.0008962904685176909, -0.0610642246901989, -0.14584802091121674]",8.312674522399902,True,0.0,-0.2968604136567592,-0.01649224520315329,18.0,-0.15101239274554246,-0.00888308192620838,17.0,0.0002055528997674165,0,17,17,17,1.0,-1.0306415626415146,-1.0392579748600894,False,16,0.8888888888888888,0.0,1.0,0.0,1.0655981416434495
~/anvil/data/cve-targets/libsndfile_repo_src_common.c,178,84,318,"log_putchar (psf, lead_char) ;","log_putchar (psf, lead_char) ;","							log_putchar (psf, lead_char) ;",0.025390625,"[[1662, 6725, 57969, 320, 1690, 69, 11, 2990, 9232, 8, 2587, 151664]]","[-0.01980436220765114, -0.00028379703871905804, -9.798523387871683e-05, -5.566918844124302e-05, -1.0847986231965479e-05, -4.291525328881107e-06, -3.790783375734463e-05, -0.00812298059463501, -1.0371154530730564e-05, -0.0032550706528127193, -0.24738891422748566, -0.10672380775213242]",15.414759635925291,True,0.0,-0.3857960053956049,-0.03214966711630041,12.0,-0.27907219764347246,-0.025370199785770223,11.0,0.00496273122331976,0,11,11,11,1.0,-1.000805086850015,-1.241175731098114,False,10,0.8333333333333334,0.0,1.0,0.0,0.45188207063129404
~/anvil/data/cve-targets/openssl_repo_crypto_asn1_tasn_dec.c,652,638,761,"ERR_raise(ERR_LIB_ASN1, ASN1_R_ILLEGAL_NULL);","ERR_raise(ERR_LIB_ASN1, ASN1_R_BAD_GET_ASN1_VALUE_CALL);","        ERR_raise(ERR_LIB_ASN1, ASN1_R_BAD_GET_ASN1_VALUE_CALL);",0.271484375,"[[286, 10165, 55383, 68174, 26207, 1566, 18966, 16, 11, 54855, 16, 2568, 30666, 12702, 1566, 18966, 16, 7476, 14935, 1215, 151643]]","[-0.07133394479751587, -0.5858861804008484, -0.001065282616764307, -0.004182045813649893, -6.496695277746767e-05, -0.0002706876548472792, -7.152555099310121e-07, -3.373566141817719e-05, -0.006956997327506542, -0.18281014263629913, -2.4199192921514623e-05, -6.758938252460212e-05, -0.6780778765678406, -0.3699134588241577, -0.8939671516418457, -0.0023271164391189814, -5.9602869441732764e-05, -0.7185558080673218, -0.5380941033363342, -0.1668182760477066, -0.014300952665507793]",5.891665935516357,False,0.0,-4.234810834151858,-0.2016576587691361,21.0,-4.22050988148635,-0.21102549407431753,20.0,0.08603534663924416,0,11,11,11,1.0,-1.2865003642848503,-1.0222624322913463,True,15,0.7142857142857143,17.0,0.7722772277227723,1.0,2.078791574181975
~/anvil/data/cve-targets/lua_repo_lvm.c,1678,1669,1682,L->oldpc = pc + 1;,"luaD_hookret(L, ci, 0);  /* call hook","          luaD_hookret(L, ci, 0);  /* call hook",1.15625,"[[688, 20357, 35, 32005, 2122, 4957, 11, 11825, 11, 220, 15, 1215, 220, 1391, 1618, 9704]]","[-0.04260358586907387, -1.7021737098693848, -0.3198014795780182, -1.1874656677246094, -0.7562786340713501, -0.014122194610536098, -0.05450206622481346, -0.17002224922180176, -0.7592419981956482, -0.6966352462768555, -0.44122639298439026, -0.3060934543609619, -0.49335721135139465, -0.004028302151709795, -1.3523451089859009, -0.4195344150066376]",6.129166126251221,False,0.0,-8.719431716483086,-0.5449644822801929,16.0,-8.719431716483086,-0.5449644822801929,16.0,0.24138745973324924,1,13,18,18,0.7222222222222222,-2.12169790435171,-1.0162107280154562,True,10,0.625,31.0,0.21818181818181814,18.0,2.2369027556243504
~/anvil/data/cve-targets/libtiff_repo_libtiff_tif_dirread.c,2124,2078,2230,},},					},0.296875,"[[464, 197, 92, 151664]]","[-0.1628909856081009, -9.619726915843785e-05, -0.29989591240882874, -0.6709575653076172]",11.048784255981444,True,0.0,-1.1338406605937053,-0.2834601651484263,4.0,-0.46288309528608806,-0.15429436509536268,3.0,0.015016929141757925,0,2,2,2,1.0,-1.924081931420596,-1.1128337790027256,False,1,0.25,0.0,1.0,0.0,0.7342512630641244
~/anvil/data/cve-targets/openssl_repo_crypto_mdc2_mdc2dgst.c,45,36,69,if (i + len < MDC2_BLOCK) {,if (len < (MDC2_BLOCK - i)) {,        if (len < (MDC2_BLOCK - i)) {,0.12109375,"[[286, 421, 320, 2892, 366, 320, 44, 5626, 17, 18756, 481, 600, 593, 314, 151664]]","[-0.005587436258792877, -0.10133710503578186, -0.13058550655841827, -0.6533498764038086, -0.7538027763366699, -0.6422374248504639, -0.4004911184310913, -7.545663538621739e-05, -6.115249561844394e-05, -0.00014172980445437133, -0.007150297984480858, -0.008669831790030003, -0.010545246303081512, -0.16138437390327454, -0.3929477632045746]",10.597394943237305,False,0.0,-3.2683670959959272,-0.21789113973306182,15.0,-2.8754193327913526,-0.20538709519938234,14.0,0.07364343940266922,1,16,19,19,0.8421052631578947,-0.589587918766009,-1.1003463383684182,True,12,0.8,10.0,0.8214285714285714,9.0,1.9035792406701917
~/anvil/data/cve-targets/libtiff_repo_libtiff_tif_predict.c,40,-115,190,"static int swabHorDiff16(TIFF* tif, uint8_t* cp0, tmsize_t cc);","static int swabHorDiff16(TIFF* tif, uint8_t* cp0, tmsize_t cc);","static int swabHorDiff16(TIFF* tif, uint8_t* cp0, tmsize_t cc);",0.0005073547363281,"[[1978, 526, 2021, 370, 39601, 21751, 16, 21, 4140, 29035, 9, 259, 333, 11, 2622, 23, 528, 9, 12490, 15, 11, 259, 1011, 551, 528, 12527, 1215, 151662]]","[-0.0020058290101587772, -0.00020883286197204143, -0.007319774944335222, -3.313963316031732e-05, -7.903263758635148e-05, -0.0001081169830285944, -0.002278947737067938, -9.500529267825186e-05, -7.521823135903105e-05, -3.85038583772257e-05, -0.000398198957554996, -1.1324817933200393e-05, -2.586808113846928e-05, -3.8265450712060556e-05, -3.4927710657939315e-05, -3.504691630951129e-05, -2.992108420585282e-05, -0.00010466027742950246, -6.8662193370983e-05, -9.226373367710039e-05, -2.7894584491150454e-05, -1.9430925021879375e-05, -4.410734163684538e-06, -1.7881377516459906e-06, -6.556489552167477e-06, -8.320462075062096e-05, -0.0006985607906244695, -0.026286164298653603]",10.250173568725586,True,0.0,-0.04020955099372259,-0.0014360553926329495,28.0,-0.013923386695068984,-0.0005156809887062587,27.0,2.0881230862221336e-06,0,26,26,26,1.0,-0.9838538698138792,-1.0908360809431725,False,27,0.9642857142857143,0.0,1.0,0.0,1.02679849962764
~/anvil/data/cve-targets/libtiff_repo_libtiff_tif_dirwrite.c,1999,1971,2023,"if (!_TIFFmemcmp(tif->tif_dir.td_transferfunction[0],tif->tif_dir.td_transferfunction[2],m*sizeof(uint16_t)))","if (!_TIFFmemcmp(tif->tif_dir.td_transferfunction[0],tif->tif_dir.td_transferfunction[1],m*sizeof(uint16_t)) &&","		if (!_TIFFmemcmp(tif->tif_dir.td_transferfunction[0],tif->tif_dir.td_transferfunction[1],m*sizeof(uint16_t)) &&
			!_TIFFmemcmp(tif->tif_dir.td_transferfunction[",0.2099609375,"[[197, 743, 24076, 26614, 1748, 61534, 1155, 333, 405, 84340, 4334, 734, 67, 35403, 1688, 58, 15, 1125, 84340, 405, 84340, 4334, 734, 67, 35403, 1688, 58, 16, 1125, 76, 32811, 8488, 16, 21, 528, 593, 6561, 298, 197, 0, 62, 26614, 1748, 61534, 1155, 333, 405, 84340, 4334, 734, 67, 35403, 1688, 58]]","[-0.004541084170341492, -0.07641521841287613, -0.47931933403015137, -0.00015889335190877318, -0.00017033556650858372, -0.0009994279826059937, -0.008870953693985939, -5.602679812000133e-05, -8.106198947643861e-06, -2.288792165927589e-05, -1.2874520507466514e-05, -2.5510462364763953e-05, -4.410734163684538e-06, -0.00011550712952157483, -2.264974000354414e-06, -0.0007532381569035351, -0.034126196056604385, -0.011234124191105366, -8.916457591112703e-05, -2.002696055569686e-05, -1.8715683836489916e-05, -2.169585604860913e-05, -2.90866428258596e-05, -7.152555099310121e-07, -3.755022044060752e-05, -5.245195097813848e-06, -0.000200609109015204, -0.019455906003713608, -0.0019209994934499264, -0.0028638325165957212, -0.0005133026279509068, -0.0002329078270122409, -0.00013791563105769455, -2.9802276912960224e-06, -3.2186455882765586e-06, -0.6160200834274292, -0.8328378796577454, -0.853881299495697, -0.029073024168610573, -0.22896790504455566, -7.688703772146255e-05, -3.2186455882765586e-06, -2.5510462364763953e-05, -2.0265373677830212e-05, -0.006226782221347094, -5.3881147323409095e-05, -2.264974000354414e-06, -3.564294092939235e-05, -2.610649426060263e-05, -9.775113539944869e-06, -7.033323527139146e-06, -2.3245540432981215e-05, -2.0265558760002023e-06, -0.00010084597306558862]",8.010590553283691,False,1.0,-3.20978394442227,-0.05944044341522722,54.0,-2.9742025535740595,-0.0762616039377964,39.0,0.046502810582972606,1,50,57,46,0.8771929824561403,-2.753167080923933,-1.0314389576699787,True,35,0.6481481481481481,4.0,0.9727272727272728,6.0,2.488808744592962
~/anvil/data/cve-targets/poppler_repo_poppler_XRef.cc,1483,1472,1489,gen = -1;,generation = 0;,        generation = 0;,1.28125,"[[286, 9471, 284, 220, 15, 26, 151664]]","[-0.018469497561454773, -0.8535023927688599, -0.04134458675980568, -0.031359411776065826, -0.017376329749822617, -0.059312738478183746, -0.3524872958660126]",10.17031192779541,False,0.0,-1.373852252960205,-0.19626460756574357,7.0,-1.0213649570941925,-0.17022749284903207,6.0,0.09357596436916234,0,7,7,7,1.0,-7.526692536888205,-1.0886603546440647,True,5,0.7142857142857143,9.0,0.5833333333333333,2.0,1.9890036715654624
~/anvil/data/cve-targets/libtiff_repo_libtiff_tif_dirread.c,5769,5720,5775,"if ((nstrips64==0)||(nstrips64>0xFFFFFFFF)) /* something is wonky, do nothing. */",if( nstrips64 > UINT32_MAX ),        if( nstrips64 > UINT32_MAX ),1.609375,"[[286, 421, 7, 308, 29872, 1690, 21, 19, 861, 13661, 18, 17, 6806, 873, 151664]]","[-0.20902244746685028, -0.16543205082416534, -0.35691317915916443, -0.11025401204824448, -3.886147169396281e-05, -8.344646857949556e-07, -0.005100215785205364, -2.622600959512056e-06, -0.7422475218772888, -0.7512956857681274, -0.11526524275541306, -2.253030106658116e-05, -0.015571909956634045, -0.16104306280612946, -0.3041645586490631]",6.066666126251221,False,0.0,-2.9363747359346917,-0.19575831572897945,15.0,-2.6322101772856286,-0.18801501266325918,14.0,0.06218372256134408,1,25,12,12,2.0833333333333335,-8.559821778074932,-1.0177997984159335,True,29,1.9333333333333333,66.0,0.27522935779816515,14.0,2.4298844434242644
~/anvil/data/cve-targets/sqlite3_repo_ext_misc_zipfile.c,1493,1401,1575,zPath = (const char*)sqlite3_value_text(apVal[2]);,zPath = (const char*)sqlite3_value_text(apVal[1]);,      zPath = (const char*)sqlite3_value_text(apVal[1]);,0.10400390625,"[[414, 1147, 1820, 284, 320, 1024, 1161, 3764, 37042, 18, 3142, 4326, 34420, 2208, 58, 16, 14979, 151664]]","[-0.006917930208146572, -0.7273442149162292, -0.0012646066024899483, -0.000690460205078125, -0.007398586254566908, -0.018665967509150505, -0.0001294529065489769, -0.00741917546838522, -0.0008740180637687445, -5.531158240046352e-05, -0.0002960720448754728, -0.01056860201060772, -0.001029557315632701, -3.4689302992774174e-05, -0.0005081792478449643, -0.5810485482215881, -0.07548223435878754, -0.481446236371994]",8.485416412353516,False,0.0,-1.921173842591088,-0.10673188014394934,18.0,-1.439727606219094,-0.08468985918935847,17.0,0.04417860490024914,1,26,26,26,1.0,-1.2280561952223485,-1.0437557644965307,True,16,0.8888888888888888,1.0,0.98,1.0,2.168423899008298
~/anvil/data/cve-targets/php_repo_ext_phar_phar.c,2801,2646,2951,cleanup:,cleanup:<|,cleanup:<|,1.3125,"[[55235, 31252, 91]]","[-0.5509150624275208, -0.6345995664596558, -9.285972191719338e-05]",2.9321184158325195,False,0.0,-1.1856074886090937,-0.3952024962030312,3.0,-1.1856074886090937,-0.3952024962030312,3.0,0.07922299512263645,0,6,5,5,1.2,-3.321082261903823,-1.1007666921424903,True,2,0.6666666666666666,2.0,0.8888888888888888,5.0,1.949002639173448
~/anvil/data/cve-targets/libxml2_repo_xmlregexp.c,2138,2132,2323,if ((type1 == XML_REGEXP_EPSILON) ||,if ((type1 == XML_REGEXP_EPSILON) ||,    if ((type1 == XML_REGEXP_EPSILON) ||,0.0191650390625,"[[262, 421, 1781, 1313, 16, 621, 11874, 8064, 32337, 77292, 55016, 8, 1369, 151643]]","[-0.11245286464691162, -0.14324040710926056, -0.0539737306535244, -0.0007338214782066643, -0.001210195361636579, -0.0026138208340853453, -0.0007599088130518794, -4.911301948595792e-05, -9.775113539944869e-06, -0.005815609358251095, -1.156323378381785e-05, -0.00615546153858304, -0.014513048343360424, -0.16208305954933167]",5.086111068725586,True,0.0,-0.503622379053013,-0.035973027075215214,14.0,-0.3415393195036813,-0.026272255346437026,13.0,0.0021073362464609923,0,11,11,11,1.0,-0.7294782579486124,-1.0430583444792048,False,12,0.8571428571428571,0.0,1.0,0.0,0.9884534738191607
~/anvil/data/cve-targets/libtiff_repo_libtiff_tif_dirread.c,5699,5652,5716,newoffsets[i] = offset;,newoffsets[i] = offset;,        newoffsets[i] = offset;,0.038818359375,"[[286, 501, 3176, 82, 989, 60, 284, 4347, 26, 151643]]","[-0.017680184915661812, -0.18992479145526886, -3.325883881188929e-05, -3.111314072157256e-05, -0.00014423283573705703, -0.0008875959902070463, -0.0017867805436253548, -0.06597665697336197, -0.05067344009876251, -0.38865938782691956]",6.559721946716309,True,0.0,-0.7157974426190776,-0.07157974426190776,10.0,-0.3271380547921581,-0.03634867275468423,9.0,0.003490855703800055,1,12,12,12,1.0,-1.0679443411038303,-1.005331001088096,False,8,0.8,0.0,1.0,0.0,1.1047980486244169
~/anvil/data/cve-targets/libtiff_repo_libtiff_tif_print.c,262,208,627,break;,break;,				break;,0.01953125,"[[571, 3388, 26, 151664]]","[-0.027963338419795036, -0.0005714452126994729, -0.03864016383886337, -0.4293672740459442]",10.85503387451172,True,0.0,-0.4965422215173021,-0.12413555537932552,4.0,-0.06717494747135788,-0.022391649157119293,3.0,0.0002570597502595811,0,4,4,4,1.0,-0.8722559853877557,-1.1074565133771483,False,2,0.5,0.0,1.0,0.0,0.7342723188143946
~/anvil/data/cve-targets/sqlite3_repo_ext_misc_zipfile.c,1634,1592,1635,return a-aBuf;,assert( a==&aBuf[,  assert( a==&aBuf[,0.578125,"[[220, 2060, 7, 264, 418, 5, 64, 15064, 58]]","[-0.3016015589237213, -1.0647811889648438, -0.002304638037458062, -0.2173663228750229, -0.13709284365177155, -0.12210442870855331, -0.003900777781382203, -0.00036542891757562757, -0.16851367056369781]",7.698610782623291,False,0.0,-2.0180308584240265,-0.22422565093600294,9.0,-2.0180308584240265,-0.22422565093600294,9.0,0.0979553081799383,0,8,8,8,1.0,-2.5783178578663364,-1.0234255463339479,True,5,0.5555555555555556,10.0,0.5161290322580645,7.0,2.082777433840941
~/anvil/data/cve-targets/libpng_repo_pngrutil.c,1633,1594,1691,"if (png_crc_finish(png_ptr, 0) != 0)","png_crc_finish(png_ptr, 0);","   png_crc_finish(png_ptr, 0);
   if (info_ptr != NULL)
   {
      info_ptr->",0.373046875,"[[256, 36151, 59084, 42980, 95350, 4348, 11, 220, 15, 317, 256, 421, 320, 2733, 4348, 961, 1770, 340, 256, 341, 414, 3546, 4348, 405]]","[-0.23110130429267883, -0.6628950834274292, -0.0022769258357584476, -0.00013493580627255142, -6.913899414939806e-05, -4.172316494077677e-06, -0.0009554826538078487, -0.02439306676387787, -0.0018151012482121587, -0.3740055561065674, -0.048933498561382294, -0.16882555186748505, -0.17252442240715027, -0.5876449346542358, -5.006777428206988e-06, -0.16639594733715057, -0.001026341924443841, -0.1204509288072586, -0.43347248435020447, -0.01902405545115471, -0.01957421563565731, -0.6120989918708801, -7.390948667307384e-06, -6.0794889577664435e-05]",6.785417556762695,False,3.0,-3.647695332927924,-0.1519873055386635,24.0,-1.34658426600663,-0.12241675145514819,11.0,0.042806573908660044,0,19,23,11,0.8260869565217391,-3.0473515312704507,-1.0003256016455464,True,15,0.625,10.0,0.8253968253968254,10.0,2.2428623842475552
~/anvil/data/cve-targets/openssl_repo_crypto_bn_bn_gf2m.c,598,495,643,if (ubits <= BN_BITS2 && udp[0] == 1),if (ubits == 1),            if (ubits == 1),0.8671875,"[[310, 421, 320, 81402, 621, 220, 16, 8, 151643]]","[-0.012065169401466846, -0.20530493557453156, -0.26693543791770935, -0.6292237043380737, -0.1457405537366867, -0.11012502759695053, -0.5016504526138306, -0.7698152661323547, -0.21031007170677185]",6.175173759460449,False,0.0,-2.851170619018376,-0.31679673544648623,9.0,-2.640860547311604,-0.3301075684139505,8.0,0.06441764756157772,1,23,12,12,1.9166666666666667,-2.626984604341329,-1.015042563689243,True,16,1.7777777777777777,22.0,0.5769230769230769,11.0,2.3148396564035028
~/anvil/data/cve-targets/libxml2_repo_parser.c,7863,7814,7865,*/,*/,"     */
   ",1.1796875,"[[257, 735, 262]]","[-0.005443511996418238, -0.5534226298332214, -0.019953830167651176]",7.971528053283691,True,1.0,-0.5788199719972908,-0.19293999066576362,3.0,-0.5788199719972908,-0.19293999066576362,3.0,0.06500895812613953,1,3,3,3,1.0,-6.114271571846461,-1.0304321847312392,False,1,0.3333333333333333,0.0,1.0,0.0,1.0878410820169921
~/anvil/data/cve-targets/libsndfile_repo_src_common.c,1058,903,1208,"psf_memset (void *s, int c, sf_count_t len)","psf_memset (void *s, int c, size_t len)","psf_memset (void *s, int c, size_t len)",0.30078125,"[[1690, 69, 12976, 746, 320, 1004, 353, 82, 11, 526, 272, 11, 1379, 528, 2422, 8, 151664]]","[-0.008970200084149837, -0.00029845553217455745, -0.41997650265693665, -0.41362443566322327, -0.02202770859003067, -0.00832421239465475, -0.012110749259591103, -0.7165184020996094, -0.001624099095351994, -0.08835230022668839, -0.0034392275847494602, -0.0007827793597243726, -0.05202363058924675, -7.497983460780233e-05, -0.02149231545627117, -0.05155206844210625, -0.4320084750652313]",6.577256202697754,False,0.0,-2.2532005419343477,-0.1325412083490793,17.0,-1.8211920668691164,-0.11382450417931977,16.0,0.041749794761380056,0,19,19,19,1.0,-2.642499979847463,-1.004890404386364,True,17,1.0,7.0,0.8780487804878049,1.0,2.220762959423668
~/anvil/data/cve-targets/libxml2_repo_parser.c,4965,4831,4974,"target, buf);","target, buf);","		                                     target, buf);",0.07080078125,"[[298, 10589, 2169, 11, 6607, 1215, 151664]]","[-0.05792803689837456, -0.02194257825613022, -0.000547378440387547, -0.011260646395385265, -0.011014966294169426, -0.2898561656475067, -0.29629236459732056]",3.17517352104187,True,0.0,-0.6888421365292743,-0.09840601950418204,7.0,-0.39254977193195373,-0.06542496198865895,6.0,0.010403268053142746,0,7,7,7,1.0,-1.0821677093564521,-1.0940982983952732,False,4,0.5714285714285714,0.0,1.0,0.0,0.8114922569742727
~/anvil/data/cve-targets/php_repo_ext_phar_util.c,1475,1252,1478,},},"	}
	return",1.1796875,"[[197, 532, 853]]","[-0.025972601026296616, -0.4292088747024536, -0.4391796290874481]",6.765450477600098,True,1.0,-0.8943611048161983,-0.2981203682720661,3.0,-0.45518147572875023,-0.22759073786437511,2.0,0.04064987310205814,0,2,3,2,0.6666666666666666,-5.183372184078046,-1.0001736434045017,False,1,0.3333333333333333,0.0,1.0,0.0,1.158556045636894
~/anvil/data/cve-targets/libtiff_repo_libtiff_tif_predict.c,544,533,566,uint8_t *tmp;,uint8_t *tmp;,"	uint8_t *tmp;
",0.3359375,"[[8254, 23, 528, 353, 5173, 280, 151643]]","[-0.506649374961853, -0.027943167835474014, -0.00035529976594261825, -0.194251149892807, -0.018259059637784958, -0.992048978805542, -1.124127984046936]",2.1423614025115967,True,1.0,-2.8636350149463397,-0.40909071642090566,7.0,-1.7395070308994036,-0.28991783848323394,6.0,0.12923141607229183,1,7,7,7,1.0,-1.1587334596502499,-1.1227161184106886,False,6,0.8571428571428571,0.0,1.0,0.0,0.7695153050397737
~/anvil/data/cve-targets/poppler_repo_poppler_FileSpec.cc,85,79,91,int c;,int c;,    int c;,0.486328125,"[[262, 526, 272, 26, 151664]]","[-0.014827876351773739, -0.828213095664978, -0.06824298948049545, -0.6307705640792847, -0.3943127989768982]",6.393056392669678,True,0.0,-1.93636732455343,-0.38727346491068604,5.0,-1.5420545255765319,-0.38551363139413297,4.0,0.12355059197685944,1,5,5,5,1.0,-1.2615069491610233,-1.0095285911435947,False,3,0.6,0.0,1.0,0.0,1.0740397960997905
~/anvil/data/cve-targets/sqlite3_repo_src_window.c,870,847,878,pSub->flags &= ~(EP_IntValue|EP_IsTrue|EP_IsFalse);,pDup = sqlite3ExprSkipCollateAndLikely(pDup);,          pDup = sqlite3ExprSkipCollateAndLikely(pDup);,0.57421875,"[[688, 281, 85713, 284, 22003, 18, 16041, 35134, 15265, 349, 3036, 71997, 974, 1295, 85713, 1215, 151643]]","[-0.21083581447601318, -0.8081309795379639, -0.6855885982513428, -0.47529029846191406, -0.8505232334136963, -0.001661945367231965, -0.5808702111244202, -0.08994125574827194, -0.00011669908417388797, -0.00013660451804753393, -0.5885730981826782, -0.015457352623343468, -3.349725011503324e-05, -0.016731882467865944, -0.19876958429813385, -0.2052956074476242, -0.11813138425350189]",4.955554962158203,False,0.0,-4.846088046506338,-0.28506400273566695,17.0,-4.727956662252836,-0.2954972913908023,16.0,0.09336541477704191,1,21,12,12,1.75,-1.9432284719002106,-1.0464683473200822,True,18,1.0588235294117647,45.0,0.27083333333333337,15.0,2.1674741064066008
~/anvil/data/cve-targets/libxml2_repo_parser.c,3215,3152,3216,"return(xmlDictLookup(ctxt->dict, (end - len), len));",if (len == 0) {,"    if (len == 0) {
	return(NULL);
    }
    if (ctxt->keepBlanks && (len",1.0859375,"[[262, 421, 320, 2892, 621, 220, 15, 8, 341, 853, 11014, 317, 262, 456, 262, 421, 320, 77492, 405, 13096, 4923, 4039, 1009, 320, 2892]]","[-0.5848357081413269, -1.1121153831481934, -0.38736382126808167, -0.8648176193237305, -0.563035249710083, -0.07162994146347046, -0.045106928795576096, -0.35363373160362244, -0.5926531553268433, -1.1809645891189575, -0.01892007142305374, -0.18072639405727386, -0.003789507318288088, -0.44277846813201904, -0.09017134457826614, -1.3331068754196167, -0.45855513215065, -1.112871766090393, -0.004218370653688908, -1.6783549785614014, -0.002509898506104946, -0.0008298290777020156, -0.8221820592880249, -0.6455623507499695, -0.8454501628875732]",6.807119369506836,False,3.0,-13.39618333679391,-0.5358473334717564,25.0,-4.575191538780928,-0.5083546154201031,9.0,0.1057158550115776,1,26,30,13,0.8666666666666667,-2.136181057592216,-1.0008684708700604,True,16,0.64,45.0,0.26865671641791045,23.0,2.416792643958516
~/anvil/data/cve-targets/libpng_repo_pngset.c,683,602,757,else,else,         else,0.0014724731445312,"[[260, 770, 151643]]","[-0.022721776738762856, -0.0014638908905908465, -0.6014532446861267]",6.558332443237305,True,0.0,-0.6256389123154804,-0.20854630410516015,3.0,-0.024185667629353702,-0.012092833814676851,2.0,0.00011297442768347794,0,2,2,2,1.0,-0.12176410981056286,-1.0053659244677584,False,1,0.3333333333333333,0.0,1.0,0.0,0.9860453144759743
~/anvil/data/cve-targets/lua_repo_ldebug.c,166,156,182,"return findvararg(ci, -n, pos);","name = luaG_getvarargs(L, ci, n);","      name = luaG_getvarargs(L, ci, n);",0.765625,"[[414, 829, 284, 20357, 38, 3062, 947, 2116, 4957, 11, 11825, 11, 308, 1215, 151643]]","[-0.006074300967156887, -0.16796085238456726, -0.0011695933062583208, -0.2404649406671524, -0.28773432970046997, -0.23324772715568542, -0.012595155276358128, -0.6117026805877686, -0.4575271010398865, -0.0068922401405870914, -0.4873925447463989, -0.025936244055628777, -0.2734866440296173, -0.354483425617218, -0.5001490116119385]",7.630035400390625,False,0.0,-3.666816791286692,-0.24445445275244612,15.0,-3.1666677796747535,-0.2261905556910538,14.0,0.037813763293373714,1,16,16,16,1.0,-3.3848672313522314,-1.021672504506568,True,11,0.7333333333333333,22.0,0.5,10.0,2.203653588218742
~/anvil/data/cve-targets/sqlite3_repo_src_resolve.c,301,220,632,if( zTab ){,if( zTab ){<|cursor,        if( zTab ){<|cursor,0.2333984375,"[[286, 421, 7, 1147, 8582, 40023, 27, 91, 17437]]","[-0.4508554935455322, -0.08125816285610199, -0.0007414452848024666, -0.24720439314842224, -0.01596149429678917, -0.8566954135894775, -0.5893682241439819, -0.00013517419574782252, -0.00018153927521780133]",8.16388988494873,False,0.0,-2.242401340336073,-0.24915570448178592,9.0,-2.242401340336073,-0.24915570448178592,9.0,0.08820153299624711,0,10,10,10,1.0,-0.9367573501294736,-1.0353995147783557,True,5,0.5555555555555556,8.0,0.7333333333333334,6.0,2.026671452458849
~/anvil/data/cve-targets/sqlite3_repo_ext_misc_zipfile.c,1509,1401,1575,nPath++;,nPath++;,          nPath++;,0.0732421875,"[[688, 308, 1820, 19581, 151664]]","[-0.0015073377871885896, -0.015209061093628407, -0.00012194366718176752, -0.20351505279541016, -0.6016747355461121]",9.30017375946045,True,0.0,-0.822028130889521,-0.1644056261779042,5.0,-0.22035339534340892,-0.05508834883585223,4.0,0.007378268620322197,1,6,6,6,1.0,-1.3295404390906886,-1.0652339577949645,False,3,0.6,0.0,1.0,0.0,0.8787536235389124
~/anvil/data/cve-targets/libtiff_repo_libtiff_tif_next.c,34,26,38,case 1:	op[0] |= (v) << 4; break;	\,case 1:	op[0] |= (v) << 4; break;	\,"	case 1:	op[0] |= (v) << 4; break;	\
	case 2:	op[0] |=",0.04638671875,"[[2722, 220, 16, 25, 39703, 58, 15, 60, 8662, 320, 85, 8, 1115, 220, 19, 26, 1438, 26, 197, 59, 198, 2722, 220, 17, 25, 39703, 58, 15, 60, 8662]]","[-0.0006839081761427224, -1.0967194612021558e-05, -0.00019167017308063805, -0.0004383556661196053, -0.12718452513217926, -0.0012357940431684256, -0.024549992755055428, -0.00020823694649152458, -0.0034970815759152174, -0.016486018896102905, -0.07133261114358902, -0.0012335318606346846, -0.0017202593153342605, -0.00036483307485468686, -0.0008967668982222676, -0.0008683010237291455, -0.12048854678869247, -0.008976698853075504, -0.00660782540217042, -0.43062856793403625, -0.7135725021362305, -0.008181273005902767, -2.8013790142722428e-05, -0.0011081513948738575, -0.00011657988943625242, -0.011562477797269821, -0.00023827097902540118, -0.023919232189655304, -0.00015507926582358778, -0.0009154658182524145]",11.84027862548828,True,1.0,-1.577401539119819,-0.05258005130399397,30.0,-1.531176994989437,-0.07291319023759224,21.0,0.029513562809735452,0,25,36,25,0.6944444444444444,-0.6361910458018082,-1.1350731240876086,False,20,0.6666666666666666,0.0,1.0,0.0,0.9016075863198565
~/anvil/data/cve-targets/openssl_repo_crypto_x509_x509_obj.c,147,17,173,*(p++) = 'x';,*(p++) = 'x';,"                *(p++) = 'x';
                *(p++)",0.1513671875,"[[394, 12861, 79, 2457, 284, 364, 87, 1010, 394, 12861, 79, 2457]]","[-0.00026603974401950836, -0.00013731967192143202, -7.033323527139146e-06, -1.4543427823809907e-05, -2.8132995794294402e-05, -0.0030311851296573877, -0.0010141950333490968, -0.42904892563819885, -0.00012885693286079913, -0.003632140113040805, -1.0251946150674485e-05, -1.2755313036905136e-05]",12.80017375946045,True,1.0,-0.4373313792693807,-0.036444281605781725,12.0,-0.4336762318971523,-0.04818624798857248,9.0,0.018132897122177114,0,17,27,17,0.6296296296296297,-3.1412943281223553,-1.1626413630572636,False,7,0.5833333333333334,0.0,1.0,0.0,0.7500335295959045
~/anvil/data/cve-targets/libsndfile_repo_src_common.c,478,470,684,unsigned int 	data ;,unsigned int		data ;,	unsigned int		data ;,0.043212890625,"[[9955, 526, 197, 8924, 2587, 151643]]","[-0.09628237038850784, -0.012915648519992828, -0.6285953521728516, -0.00990960095077753, -0.056029487401247025, -0.005550567992031574]",3.4902777671813965,False,0.0,-0.8092830274254084,-0.1348805045709014,6.0,-0.8037324594333768,-0.16074649188667536,5.0,0.055721911195543664,0,7,7,7,1.0,-0.268826337158665,-1.0855132819927549,True,5,0.8333333333333334,1.0,0.95,0.0,1.831070219141105
~/anvil/data/cve-targets/libsndfile_repo_src_wavlike.c,287,95,384,buffer [--bit] = 0 ;,buffer [--bit] = 0 ;,                    buffer [--bit] = 0 ;,0.09521484375,"[[503, 4147, 73817, 4489, 60, 284, 220, 15, 2587, 151643]]","[-0.5502322316169739, -0.12527967989444733, -0.20516221225261688, -0.00030596344731748104, -0.0024851649068295956, -0.00037305548903532326, -0.02180682122707367, -0.0001528146385680884, -0.10058503597974777, -0.41538339853286743]",6.18125057220459,True,0.0,-1.4217663779854774,-0.14217663779854775,10.0,-1.00638297945261,-0.11182033105029,9.0,0.02873414237903375,1,14,14,14,1.0,-0.8514984963439085,-1.0148883698124591,False,8,0.8,0.0,1.0,0.0,1.1091834680049675
~/anvil/data/cve-targets/openssl_repo_crypto_pkcs7_pk7_doit.c,793,784,824,X509 *x509;,X509 *x509 = NULL;<|cursor|,    X509 *x509 = NULL;<|cursor|,0.3203125,"[[262, 1599, 20, 15, 24, 353, 87, 20, 15, 24, 284, 1770, 35058, 91, 17437, 91]]","[-0.02362390235066414, -0.036516472697257996, -7.390703103737906e-05, -6.01988795096986e-05, -5.0424259825376794e-05, -0.003529155161231756, -0.0016017238376662135, -0.0004170263418927789, -8.737658936297521e-05, -8.689979586051777e-05, -0.8435804843902588, -0.004217421170324087, -0.8643543720245361, -0.0002022777043748647, -0.00018606838420964777, -6.627816765103489e-05]",8.177257537841797,False,0.0,-1.7786539887856634,-0.11116587429910396,16.0,-1.7786539887856634,-0.11116587429910396,16.0,0.07893346985230151,1,7,15,15,0.4666666666666667,-2.8813923519205553,-1.0357455941364742,True,10,0.625,16.0,0.5789473684210527,9.0,2.0033284983154913
~/anvil/data/cve-targets/openssl_repo_crypto_asn1_a_int.c,177,164,213,if (pneg),if (b != NULL),    if (b != NULL),1.078125,"[[262, 421, 320, 65, 961, 1770, 8, 151643]]","[-0.013723427429795265, -0.20401045680046082, -0.05770019814372063, -0.6112225651741028, -0.028177538886666298, -0.0003493413969408721, -0.08686944842338562, -0.24146397411823273]",6.48281192779541,False,0.0,-1.243516950373305,-0.15543961879666313,8.0,-1.0020529762550723,-0.14315042517929605,7.0,0.04051814617022862,0,9,13,13,0.6923076923076923,-7.531413187558803,-1.0072658612765604,True,5,0.625,9.0,0.4347826086956522,5.0,2.2052069247922974
~/anvil/data/cve-targets/lua_repo_ldebug.c,438,356,568,},},    },0.0107421875,"[[262, 335, 151643]]","[-0.029129991307854652, -0.010760144330561161, -0.11569739878177643]",4.993229389190674,True,0.0,-0.15558753442019224,-0.05186251147339741,3.0,-0.03989013563841581,-0.019945067819207907,2.0,8.43628194922947e-05,0,2,2,2,1.0,-0.5385886675027918,-1.0454831839514063,False,1,0.3333333333333333,0.0,1.0,0.0,0.8784706231282333
~/anvil/data/cve-targets/php_repo_ext_phar_phar.c,2336,2181,2486,},},"	}
	if",2.59375,"[[197, 532, 743]]","[-0.012548891827464104, -0.33571726083755493, -1.1136841773986816]",9.741146087646484,True,1.0,-1.4619503300637007,-0.48731677668790024,3.0,-0.34826615266501904,-0.17413307633250952,2.0,0.026109448682160558,0,2,3,2,0.6666666666666666,-14.895217236311833,-1.0770423955895907,False,1,0.3333333333333333,0.0,1.0,0.0,1.1401827164619402
~/anvil/data/cve-targets/libsndfile_repo_src_ulaw.c,808,653,958,"i2ulaw_array (const int *ptr, int count, unsigned char *buffer)","i2ulaw_array (const int *ptr, int count, unsigned char *buffer)","i2ulaw_array (const int *ptr, int count, unsigned char *buffer)",0.0067138671875,"[[72, 17, 360, 672, 3858, 320, 1024, 526, 353, 3505, 11, 526, 1760, 11, 3774, 1161, 353, 7573, 8, 151664]]","[-0.01985917240381241, -3.433168603805825e-05, -9.297892393078655e-05, -1.7881377516459906e-06, -5.61460001335945e-05, -0.04529185593128204, -0.040662411600351334, -0.0018368767341598868, -0.004648830275982618, -0.00031537804170511663, -0.00010930894495686516, -0.0008007657015696168, -8.654219709569588e-05, -0.00030083899036981165, -0.0005772831500507891, -3.671578815556131e-05, -0.0004148814477957785, -0.00037996700848452747, -0.013418366201221943, -0.19302847981452942]",10.257638931274414,True,0.0,-0.3219529189793775,-0.016097645948968876,20.0,-0.12892443916484808,-0.006785496798149899,19.0,0.00018057406824751335,0,25,25,25,1.0,-0.9894437190406709,-1.0910396871131445,False,19,0.95,0.0,1.0,0.0,1.0157171120051374
~/anvil/data/cve-targets/libxml2_repo_HTMLparser.c,2744,2727,2765,NEXT;,NEXT;,    NEXT;,0.09130859375,"[[262, 45011, 26, 151643]]","[-0.1077129915356636, -0.04771086201071739, -0.1358867585659027, -0.03336932882666588]",4.334200859069824,True,0.0,-0.3246799409389496,-0.0811699852347374,4.0,-0.2913106121122837,-0.09710353737076123,3.0,0.0013521117143903726,1,4,4,4,1.0,-0.9403220132070478,-1.062850945359251,False,2,0.5,0.0,1.0,0.0,0.8649197160552509
~/anvil/data/cve-targets/openssl_repo_crypto_x509_v3_addr.c,74,68,78,return ((f != NULL &&,return ((f != NULL && f->address,    return ((f != NULL && f->address,0.1318359375,"[[262, 470, 1781, 69, 961, 1770, 1009, 282, 405, 4995]]","[-0.17203596234321594, -0.022060593590140343, -0.501417875289917, -0.02838543802499771, -0.1304437518119812, -0.0012011463986709714, -0.10156168043613434, -0.6887832880020142, -0.0006507901125587523, -0.4707784950733185]",4.396701335906982,False,0.0,-2.117319021082949,-0.2117319021082949,10.0,-2.117319021082949,-0.2117319021082949,10.0,0.05573917000316688,1,10,15,15,0.6666666666666666,-0.6226550471953425,-1.06119152485673,True,6,0.6,11.0,0.7924528301886793,5.0,1.9430522652078412
~/anvil/data/cve-targets/sqlite3_repo_src_shell.c.in,3423,3268,3573,sqlite3_finalize(pStmt);,sqlite3_finalize(pStmt);,  sqlite3_finalize(pStmt);,0.0625,"[[220, 22003, 18, 70616, 1295, 31063, 1215, 151643]]","[-0.07531474530696869, -0.263424813747406, -2.932505594799295e-05, -0.0019337303237989545, -0.00040058218291960657, -1.7523612768854946e-05, -0.11399933695793152, -0.7230970859527588]",4.570138931274414,True,0.0,-1.1782171431405004,-0.14727714289256255,8.0,-0.4551200571877416,-0.06501715102682024,7.0,0.008353440519704717,1,9,9,9,1.0,-0.9612848150516179,-1.0566002231965186,False,6,0.75,0.0,1.0,0.0,0.9348197696214263
~/anvil/data/cve-targets/openssl_repo_ssl_statem_extensions_srvr.c,335,180,485,},},},0.71875,[[92]],[-0.7186250686645508],4.792360782623291,True,0.0,-0.7186250686645508,-0.7186250686645508,1.0,-0.7186250686645508,-0.7186250686645508,1.0,0.0,0,2,2,2,1.0,-1.0001738477279694,-1.0507465071042967,False,1,1.0,0.0,1.0,0.0,0.9593942797761299
~/anvil/data/cve-targets/lua_repo_ldebug.c,778,747,794,if (npci == 0 ||,"if (npci != pcRel(L->oldpc,","    if (npci != pcRel(L->oldpc,",0.88671875,"[[262, 421, 320, 45383, 72, 961, 13312, 6740, 4957, 405, 813, 3992, 11]]","[-0.007134911138564348, -0.1067737340927124, -0.16641372442245483, -0.3272300064563751, -0.00010227633902104571, -0.2336578518152237, -0.6276172399520874, -0.004796071909368038, -0.14084240794181824, -0.0017135950038209558, -0.0044615729711949825, -7.664863369427621e-05, -0.0038441347423940897]",7.013193607330322,False,0.0,-1.6246641754187294,-0.12497416733990227,13.0,-1.6246641754187294,-0.12497416733990227,13.0,0.031660007926916076,1,8,12,12,0.6666666666666666,-7.095216306489323,-1.006038106226584,True,8,0.6153846153846154,16.0,0.5116279069767442,9.0,2.171436617804418
~/anvil/data/cve-targets/libxml2_repo_xmlmemory.c,985,830,1135,"xmlGcMemGet(xmlFreeFunc *freeFunc, xmlMallocFunc *mallocFunc,","xmlGcMemGet(xmlFreeFunc *freeFunc, xmlMallocFunc *mallocFunc,","xmlGcMemGet(xmlFreeFunc *freeFunc, xmlMallocFunc *mallocFunc,",0.0007553100585937,"[[6455, 38, 66, 18816, 1949, 29932, 10940, 9626, 353, 10593, 9626, 11, 8396, 53681, 9626, 353, 16166, 9626, 11, 151643]]","[-0.00010585224663373083, -0.0008294717408716679, -3.0874729418428615e-05, -1.8000440832111053e-05, -6.69933797325939e-05, -0.00040880427695810795, -2.038458114839159e-05, -1.4185804502631072e-05, -0.00021455370006151497, -7.664863369427621e-05, -2.0861407392658293e-05, -0.005991948768496513, -0.0009813260985538363, -2.4199192921514623e-05, -1.2040065485052764e-05, -0.0001255195093108341, -4.2199197196168825e-05, -2.4437606043647975e-05, -0.003655063919723034, -0.06935993582010269]",18.24114418029785,True,0.0,-0.0820233011190794,-0.00410116505595397,20.0,-0.012663365298976714,-0.0006664929104724587,19.0,2.2489388605418674e-06,0,15,15,15,1.0,-1.1332604544259612,-1.332049474221312,False,19,0.95,0.0,1.0,0.0,0.24752212326028977
~/anvil/data/cve-targets/openssl_repo_crypto_x509_v3_addr.c,77,68,78,: 0);,: 0);,            : 0);,0.099609375,"[[310, 549, 220, 15, 1215, 151643]]","[-0.03245183452963829, -0.003700078232213855, -0.26082634925842285, -0.03384631127119064, -0.2808431088924408, -0.3583535850048065]",4.850868701934815,True,0.0,-0.970021267188713,-0.16167021119811884,6.0,-0.6116676821839064,-0.12233353643678128,5.0,0.014857630104826302,1,6,6,6,1.0,-0.8142442203612373,-1.0492107057884956,False,4,0.6666666666666666,0.0,1.0,0.0,0.9257633259928807
~/anvil/data/cve-targets/libsndfile_repo_src_wavlike.c,388,382,391,"psf_binheader_writef (psf, ""422b"", BHW4 (subformat->esf_field1),",if (psf->file.mode == SFM_WRITE),"	if (psf->file.mode == SFM_WRITE)
		psf_fwrite (subformat->esf_guid, 1, 16, psf->file.fh) ;
	else
",0.8671875,"[[743, 320, 1690, 69, 405, 1192, 22981, 621, 23463, 44, 17475, 340, 197, 35009, 69, 761, 4934, 320, 1966, 2243, 405, 288, 69, 43756, 11, 220, 16, 11, 220, 16, 21, 11, 4726, 69, 405, 1192, 833, 71, 8, 4386, 2466, 198]]","[-2.051298141479492, -0.2050238400697708, -0.533827543258667, -0.00017867876158561558, -0.02603032812476158, -1.340914249420166, -0.5368743538856506, -0.26504018902778625, -0.018790803849697113, -0.0033197076991200447, -0.6700764894485474, -0.6578737497329712, -0.02731732837855816, -1.4413964748382568, -0.0005474975914694369, -1.1284823417663574, -0.008116358891129494, -0.4026843011379242, -0.8279644250869751, -0.0004219118563923985, -0.00711597315967083, -0.19306680560112, -0.009537252597510815, -0.3657984733581543, -0.13296769559383392, -0.5106427073478699, -0.09598805755376816, -0.15330322086811066, -0.37666594982147217, -0.025697512552142143, -0.013050146400928497, -0.009167364798486233, -0.0018433022778481245, -6.353653589030728e-05, -0.09020380675792694, -0.008415830321609974, -1.8354476690292358, -1.228603720664978, -0.01475223246961832, -0.549568772315979, -0.254644513130188, -0.21121807396411896]",0.3057291805744171,False,3.0,-16.23394133142574,-0.3865224126529938,42.0,-6.336565403136774,-0.487428107933598,13.0,0.34510233325318684,0,20,40,18,0.5,-1.7791085205905615,-1.175468346277586,True,28,0.6666666666666666,54.0,0.29166666666666663,22.0,1.8455815826456248
~/anvil/data/cve-targets/libxml2_repo_xmlmemory.c,199,186,235,TEST_POINT,#ifdef DEBUG_MEMORY,"#ifdef DEBUG_MEMORY
",0.95703125,"[[5753, 12657, 30048, 198]]","[-0.41552549600601196, -1.1001960039138794, -0.11393392086029053, -0.41767463088035583]",5.051389694213867,False,1.0,-2.0473300516605377,-0.5118325129151344,4.0,-2.0473300516605377,-0.5118325129151344,4.0,0.13065890883866665,1,2,5,5,0.4,-1.8698133194963384,-1.043964148042044,True,2,0.5,17.0,0.2068965517241379,4.0,2.009831946516729
~/anvil/data/cve-targets/poppler_repo_poppler_FileSpec.cc,120,88,122,if (obj1.isString()),if (obj1.isString()),    if (obj1.isString()),0.0235595703125,"[[262, 421, 320, 2295, 16, 2079, 703, 2140, 151664]]","[-0.03236158564686775, -0.005158092360943556, -0.06606648862361908, -0.004035782068967819, -0.0016978861531242728, -0.010343517176806927, -0.008898601867258549, -0.06361960619688034, -0.8158694505691528]",9.81753635406494,True,0.0,-1.0080510106636211,-0.11200566785151346,9.0,-0.1921815600944683,-0.024022695011808537,8.0,0.0006343422707646988,1,16,16,16,1.0,-0.9807213678947809,-1.079101249807696,False,7,0.7777777777777778,0.0,1.0,0.0,0.948093429005324
~/anvil/data/cve-targets/openssl_repo_crypto_asn1_a_type.c,66,54,98,break;,break;,        break;,0.08740234375,"[[286, 1438, 26, 151643]]","[-0.022777009755373, -0.0028948565013706684, -0.17216521501541138, -0.25293630361557007]",6.518923282623291,True,0.0,-0.4507733848877251,-0.11269334622193128,4.0,-0.19783708127215505,-0.06594569375738502,3.0,0.005707176684478096,1,4,4,4,1.0,-1.3253684777592036,-1.0063569282502671,False,2,0.5,0.0,1.0,0.0,1.0176387981370465
~/anvil/data/cve-targets/lua_repo_ldebug.c,94,88,97,for (; ci != NULL; ci = ci->previous),LClosure *cl = ci_func(ci);,"  LClosure *cl = ci_func(ci);
  if (cl->nupvalues >=",0.53515625,"[[220, 30871, 11653, 353, 564, 284, 11825, 9596, 77434, 317, 220, 421, 320, 564, 405, 77, 454, 3661, 2604]]","[-0.249354749917984, -0.945227861404419, -0.0008108903421089053, -0.0007904027588665485, -0.47231101989746094, -0.6793652176856995, -0.4060654938220978, -0.638573408126831, -0.0020404488313943148, -0.459276020526886, -0.018169745802879333, -0.8769363760948181, -0.06014823168516159, -0.5198096036911011, -0.004451247863471508, -0.2981015741825104, -0.1578049510717392, -0.0037473472766578197, -0.040078844875097275]",3.905555725097656,False,1.0,-5.833063435857184,-0.3070033387293255,19.0,-3.8719852591166273,-0.35199865991969337,11.0,0.09647726441873142,0,21,22,15,0.9545454545454546,-1.520336043671567,-1.0743018375406193,True,12,0.631578947368421,30.0,0.375,21.0,2.0867211832715302
~/anvil/data/cve-targets/openssl_repo_crypto_x509_v3_addr.c,1169,1014,1319,#undef validation_err,#ifdef OPENSSL_NO,#ifdef OPENSSL_NO,1.453125,"[[5753, 29841, 22594, 9100]]","[-0.9693283438682556, -0.19929957389831543, -0.00013326710904948413, -0.021968351677060127]",1.2918400764465332,False,0.0,-1.1907295365526807,-0.29768238413817016,4.0,-1.1907295365526807,-0.29768238413817016,4.0,0.15633529432830354,0,4,5,5,0.8,-4.881461172810036,-1.1468440761921206,True,3,0.75,15.0,0.3157894736842105,4.0,1.8201958025997713
~/anvil/data/cve-targets/lua_repo_ldebug.c,80,74,81,"return luaG_getfuncline(ci_func(ci)->p, currentpc(ci));",if (ci->callstatus & CIST_FIN)  /* is a final return? */,"  if (ci->callstatus & CIST_FIN)  /* is a final return? */
    return -1;",1.1640625,"[[220, 421, 320, 5855, 405, 6659, 2829, 609, 356, 3846, 45280, 8, 220, 1391, 374, 264, 1590, 470, 30, 735, 262, 470, 481, 16, 26]]","[-0.24115332961082458, -0.6103098392486572, -0.0712241530418396, -0.34185338020324707, -0.09810338169336319, -0.4074432849884033, -0.01116233505308628, -0.056536681950092316, -0.051004618406295776, -0.0012129339156672359, -1.150657057762146, -0.14948469400405884, -0.9715045094490051, -0.03382245823740959, -0.5729348063468933, -0.7912082076072693, -0.2668887972831726, -0.46427229046821594, -0.003741527907550335, -0.03552064299583435, -0.002594083547592163, -0.08030251413583755, -1.1374199390411377, -0.010529675520956516, -0.10117820650339127]",4.778471946716309,False,1.0,-7.662063348921947,-0.3064825339568779,25.0,-6.332633013720624,-0.3015539530343154,21.0,0.11229262985692305,0,25,18,16,1.3888888888888888,-3.8602130341416387,-1.0511114115972884,True,16,0.64,52.0,0.21621621621621623,22.0,2.2796461190911557
~/anvil/data/cve-targets/libsndfile_repo_src_ulaw.c,811,804,816,if (ptr [i] >= 0),if (ptr [i] >= 0),		if (ptr [i] >= 0),0.0439453125,"[[197, 743, 320, 3505, 508, 72, 60, 2604, 220, 15, 8, 151643]]","[-0.008537461049854755, -0.014232086017727852, -0.02615610510110855, -0.06419798731803894, -0.004320572596043348, -0.00011324241495458409, -0.003989239223301411, -0.20618093013763428, -0.003911346197128296, -0.0010725465836003423, -0.08392892777919769, -0.3310530483722687]",6.812673568725586,True,0.0,-0.7476934927908587,-0.062307791065904894,12.0,-0.41664044441859005,-0.03787640403805364,11.0,0.003536891469887719,1,17,17,17,1.0,-1.1602292671672065,-1.0010074560912066,False,10,0.8333333333333334,0.0,1.0,0.0,1.1740335610964698
~/anvil/data/cve-targets/lua_repo_ldebug.c,764,747,794,resethookcount(L);  /* reset count */,L->hookcount = L->basehookcount + L->hookmask & LUA,    L->hookcount = L->basehookcount + L->hookmask & LUA,0.8984375,"[[262, 444, 405, 20873, 1830, 284, 444, 405, 3152, 20873, 1830, 488, 444, 405, 20873, 11258, 609, 70505]]","[-0.004165307153016329, -0.2564852833747864, -0.0001567479339428246, -0.05584777519106865, -0.0008557948167435825, -0.002075781114399433, -1.0166194438934326, -0.012916471809148788, -0.006383741740137339, -0.006394047290086746, -0.0009417866240255535, -0.06420670449733734, -0.8882221579551697, -0.009476559236645699, -0.29512137174606323, -1.0881816148757935, -0.24219490587711334, -0.04164959490299225]",7.958507061004639,False,0.0,-3.9918950900319032,-0.22177194944621684,18.0,-3.9918950900319032,-0.22177194944621684,18.0,0.13012111145316396,0,10,22,22,0.45454545454545453,-4.051177356935689,-1.0300968080828734,True,11,0.6111111111111112,38.0,0.43181818181818177,20.0,2.130478565473118
~/anvil/data/cve-targets/php_repo_ext_exif_exif.c,2223,2210,2256,if ((f=image_info->info_list[section_index].list[i].name) != NULL) {,if ((f=image_info->info_list[section_index].list[i].name) != NULL) {,			if ((f=image_info->info_list[section_index].list[i].name) != NULL) {,0.11279296875,"[[298, 743, 1781, 69, 74655, 3109, 405, 2733, 2019, 89397, 3560, 936, 1607, 989, 936, 606, 8, 961, 1770, 8, 314, 151664]]","[-0.007250307127833366, -0.1341584473848343, -0.5486239194869995, -0.015428006649017334, -0.018759217113256454, -1.4305012882687151e-05, -6.532455881824717e-05, -0.0005517867393791676, -2.884823152271565e-05, -0.00039081089198589325, -1.2874520507466514e-05, -0.0003274143091402948, -0.0018882793374359608, -0.0008204193436540663, -0.0002548369811847806, -1.0677425861358643, -0.06937417387962341, -0.0012185298837721348, -0.002354946220293641, -0.003625251119956374, -0.4747622609138489, -0.06988498568534851]",7.93819522857666,True,0.0,-2.4175375315271594,-0.10988806961487088,22.0,-2.347652545841811,-0.11179297837341957,21.0,0.06797568473772443,0,39,39,39,1.0,-1.0089450195453258,-1.0295738620252597,False,20,0.9090909090909091,0.0,1.0,0.0,1.3558024665942683
~/anvil/data/cve-targets/lua_repo_ldebug.c,396,356,568,},},},0.125,[[92]],[-0.12535318732261658],3.362673282623291,True,0.0,-0.12535318732261658,-0.12535318732261658,1.0,-0.12535318732261658,-0.12535318732261658,1.0,0.0,0,2,2,2,1.0,-0.9971824623676493,-1.0889817204758363,False,1,1.0,0.0,1.0,0.0,0.7758409698616415
~/anvil/data/cve-targets/libtiff_repo_libtiff_tif_predict.c,364,353,388,uint8_t *tmp;,uint8_t *tmp;,	uint8_t *tmp;,0.259765625,"[[8254, 23, 528, 353, 5173, 26, 151643]]","[-0.4859505891799927, -0.009212013334035873, -0.0007893307483755052, -0.20485368371009827, -0.013979493640363216, -0.8931719660758972, -0.397311270236969]",3.6251728534698486,True,0.0,-2.0052683469257317,-0.28646690670367597,7.0,-1.6079570766887628,-0.2679928461147938,6.0,0.10753818081679252,1,7,7,7,1.0,-0.9693005942730661,-1.0818586875956642,False,6,0.8571428571428571,0.0,1.0,0.0,0.8701019053981539
~/anvil/data/cve-targets/openssl_repo_crypto_asn1_a_d2i_fp.c,169,89,226,size_t chunk_max = want;,if (len + want < len || !BUF_MEM,                if (len + want < len || !BUF_MEM,2.03125,"[[394, 421, 320, 2892, 488, 1366, 366, 2422, 1369, 753, 43831, 13209]]","[-0.10995053499937057, -0.14305588603019714, -0.3382262885570526, -0.1848187893629074, -0.012411853298544884, -0.007209476083517075, -0.03816603496670723, -0.0014578201808035374, -0.4125502407550812, -0.03282855451107025, -0.00013195598148740828, -5.602679812000133e-05]",6.389582633972168,False,0.0,-1.2808634615248593,-0.10673862179373828,12.0,-1.2808634615248593,-0.10673862179373828,12.0,0.018110979255022443,1,8,13,13,0.6153846153846154,-19.03013141695972,-1.0096162664186707,True,7,0.5833333333333334,28.0,0.3214285714285714,13.0,2.315627638343849
~/anvil/data/cve-targets/openssl_repo_crypto_asn1_tasn_enc.c,20,-135,170,"unsigned char **out,","unsigned char **pout, int *","                            unsigned char **pout, int *",0.37109375,"[[999, 3774, 1161, 3070, 79, 411, 11, 526, 353]]","[-0.07215934246778488, -0.28788360953330994, -0.003768961876630783, -0.10266969352960587, -0.6359713673591614, -1.0525052547454834, -0.09344891458749771, -0.4532442092895508, -1.215171217918396]",4.510416030883789,False,0.0,-3.9168225713074207,-0.43520250792304677,9.0,-3.9168225713074207,-0.43520250792304677,9.0,0.17745102237563562,0,10,12,12,0.8333333333333334,-0.8526921220445205,-1.0581789822511682,True,5,0.5555555555555556,7.0,0.851063829787234,3.0,1.9833953289118205
~/anvil/data/cve-targets/libxml2_repo_xmlmemory.c,943,788,1093,"xmlMallocFunc mallocAtomicFunc, xmlReallocFunc reallocFunc,","xmlMallocFunc mallocAtomicFunc, xmlReallocFunc reallocFunc,","	      xmlMallocFunc mallocAtomicFunc, xmlReallocFunc reallocFunc,",0.029296875,"[[9103, 8396, 53681, 9626, 15731, 65857, 9626, 11, 8396, 693, 4742, 9626, 66015, 9626, 11, 151643]]","[-0.1704304814338684, -0.00013672371278516948, -0.0003343261778354645, -0.0024032301735132933, -0.0016369527438655496, -1.3232143828645349e-05, -3.576214658096433e-05, -0.31605634093284607, -0.020723018795251846, -0.00021550717065110803, -1.9073468138230965e-06, -2.7179348762729205e-05, -0.000552263343706727, -6.723177648382261e-05, -0.0016060085035860538, -0.09169966727495193]",4.834896564483643,True,0.0,-0.6059398330253316,-0.037871239564083226,16.0,-0.5142401657503797,-0.03428267771669198,15.0,0.007449973086472752,0,9,9,9,1.0,-0.8545678736680352,-1.0496297428846064,False,14,0.875,0.0,1.0,0.0,0.9492631385635111
~/anvil/data/cve-targets/poppler_repo_fofi_FoFiType1C.cc,1222,1211,1225,if(ok) {,if (ok) {,                    if (ok) {,1.4609375,"[[503, 421, 320, 562, 8, 314, 151664]]","[-0.029798785224556923, -0.02963978797197342, -0.036183107644319534, -0.014710414223372936, -0.06796915084123611, -0.12761472165584564, -0.11334934085607529]",10.78489589691162,False,0.0,-0.41926530841737986,-0.059895044059625695,7.0,-0.30591596756130457,-0.050985994593550764,6.0,0.0014333318297537635,1,10,10,10,1.0,-28.653702093021334,-1.1055163458638606,True,4,0.5714285714285714,1.0,0.9411764705882353,0.0,2.0015327315737723
~/anvil/data/cve-targets/sqlite3_repo_src_vdbemem.c,1155,1144,1179,if( pVal->flags & (MEM_Blob|MEM_Str) ){,"if( sqlite3VdbeMemStringify(pVal, enc, 0)==SQLITE_NOMEM ){","  if( sqlite3VdbeMemStringify(pVal, enc, 0)==SQLITE_NOMEM ){
    return",0.396484375,"[[220, 421, 7, 22003, 18, 53, 83406, 18816, 703, 1437, 1295, 2208, 11, 3209, 11, 220, 15, 15348, 6688, 5991, 1604, 42782, 10959, 262, 470]]","[-0.10677919536828995, -0.3099619746208191, -0.000559173640795052, -0.3628837764263153, -0.00023266946664080024, -0.02794722467660904, -2.2172682292875834e-05, -0.00038068200228735805, -1.2996429204940796, -0.007135739549994469, -0.007545778527855873, -3.5523738915799186e-05, -0.0013004426145926118, -0.023753011599183083, -0.14551867544651031, -0.0227616298943758, -0.07924651354551315, -0.7956511974334717, -0.028529224917292595, -7.152555099310121e-07, -0.7402836084365845, -8.511180931236595e-05, -0.09523032605648041, -0.005884821526706219, -0.9488887190818787]",7.031249046325684,False,1.0,-5.0102608288123065,-0.20041043315249227,25.0,-4.061372109730428,-0.1692238379054345,24.0,0.10255753013959773,1,22,20,22,1.1,-2.342958178395428,-1.0064923202231353,True,16,0.64,46.0,0.3711340206185567,15.0,2.263377074586972
~/anvil/data/cve-targets/lua_repo_ldebug.c,318,273,330,ar->ftransfer = ci->u2.transferinfo.ftransfer;,ar->ftransfer = ci->u2.transferinfo.ftransfer;,          ar->ftransfer = ci->u2.transferinfo.ftransfer;,0.0228271484375,"[[688, 796, 405, 69, 24188, 284, 11825, 405, 84, 17, 49428, 2733, 833, 24188, 26, 151664]]","[-0.0039550429210066795, -0.10301484912633896, -1.4066597032069694e-05, -0.011139110662043095, -2.4199192921514623e-05, -0.0011243456974625587, -0.025994088500738144, -8.40390202938579e-05, -0.012215091846883297, -0.007225098554044962, -0.0007438276661559939, -1.0013530300057027e-05, -0.14040783047676086, -0.003630239749327302, -0.027717089280486107, -0.3520168364048004]",9.05833339691162,True,0.0,-0.6893157692265959,-0.04308223557666224,16.0,-0.33729893282179546,-0.02248659552145303,15.0,0.0016361186460846545,0,19,19,19,1.0,-1.0151447076869449,-1.058812973854201,False,14,0.875,0.0,1.0,0.0,1.037119349604012
~/anvil/data/cve-targets/libsndfile_repo_src_alaw.c,257,98,274,"0xa9, 0xa9, 0xa9, 0xa9, 0xa9, 0xa9, 0xa9, 0xa9, 0xa8, 0xa8, 0xa8, 0xa8,","0xa9, 0xa9, 0xa9, 0xa9, 0xa9, 0xa9, 0xa9, 0xa9, 0xa9, 0xa9, 0xa9, 0xa9,","	0xa9, 0xa9, 0xa9, 0xa9, 0xa9, 0xa9, 0xa9, 0xa9, 0xa9, 0xa9, 0xa9, 0xa9,",0.1279296875,"[[197, 15, 9591, 24, 11, 220, 15, 9591, 24, 11, 220, 15, 9591, 24, 11, 220, 15, 9591, 24, 11, 220, 15, 9591, 24, 11, 220, 15, 9591, 24, 11, 220, 15, 9591, 24, 11, 220, 15, 9591, 24, 11, 220, 15, 9591, 24, 11, 220, 15, 9591, 24, 11, 220, 15, 9591, 24, 11, 220, 15, 9591, 24, 11, 151643]]","[-0.06595522910356522, -0.02685520611703396, -0.030680101364850998, -0.4817749261856079, -0.013132507912814617, -0.0026773104909807444, -8.868777513271198e-05, -0.0011945976875722408, -0.003796157892793417, -0.003214194905012846, -0.0009274948388338089, -4.541770613286644e-05, -0.00034374051028862596, -0.002291793003678322, -0.0013017522869631648, -0.0003554189461283386, -3.266281055402942e-05, -0.0001915509783430025, -0.0007856381707824767, -0.005080290138721466, -0.0017548889154568315, -8.523101132595912e-05, -0.0013942531077191234, -0.016549335792660713, -0.0008100565755739808, -0.0002397011558059603, -2.3603161025675945e-05, -0.00018666432879399508, -0.0002862997353076935, -0.0013579442165791988, -0.0006030171643942595, -3.6238969187252223e-05, -0.00018952481332235038, -0.0005071069463156164, -0.0012980615720152855, -0.0005389191792346537, -3.957670196541585e-05, -0.00023421882360707968, -0.0011624491307884455, -0.00331578659825027, -0.0015716117341071367, -5.829164365422912e-05, -0.0006716379430145025, -0.006178564392030239, -0.0008659188752062619, -0.000144709600135684, -2.0265373677830212e-05, -0.00015352977789007127, -0.0005147324409335852, -0.0010704031446948647, -0.00017832119192462415, -1.8000440832111053e-05, -0.00014673586701974273, -0.00024423000286333263, -0.0012250783620402217, -0.0001551984460093081, -1.2755313036905136e-05, -0.00018142008048016578, -0.00016449528629891574, -0.583580493927002, -0.6401214599609375]",5.97499942779541,False,0.0,-1.9086154105289097,-0.031288777221785406,61.0,-1.2684939505679722,-0.021141565842799536,60.0,0.009207497289804112,0,25,25,25,1.0,-6.051098033666731,-1.0201349317487571,True,59,0.9672131147540983,4.0,0.9436619718309859,4.0,2.2243507033332635
~/anvil/data/cve-targets/poppler_repo_poppler_SplashOutputDev.cc,1699,1633,1887,doAdjustFontMatrix = true;,if (fontType == fontTrueTypeOT || font,            if (fontType == fontTrueTypeOT || font,0.578125,"[[310, 421, 320, 4026, 929, 621, 3301, 2514, 929, 1793, 1369, 3301]]","[-0.04911544919013977, -0.6007311940193176, -0.45864641666412354, -0.4227306544780731, -0.3308107256889343, -0.17229416966438293, -0.0040046744979918, -0.5348783731460571, -0.00017498392844572663, -0.7896845936775208, -0.6588183641433716, -0.004782903008162975]",8.289061546325684,False,0.0,-4.026672502106521,-0.3355560418422101,12.0,-4.026672502106521,-0.3355560418422101,12.0,0.0736726649818932,0,7,10,10,0.7,-1.7228865760428003,-1.0386446565638958,True,7,0.5833333333333334,33.0,0.3125,10.0,2.0301308008126413
~/anvil/data/cve-targets/sqlite3_repo_src_whereexpr.c,933,919,942,if( pIdx->aiColumn[i]!=XN_EXPR ) continue;,if( (pIdx->aiColumn[i]==XN_EXPR) ) continue;,      if( (pIdx->aiColumn[i]==XN_EXPR) ) continue;,0.39453125,"[[414, 421, 7, 320, 79, 11420, 405, 2143, 2933, 989, 15825, 55, 45, 73051, 8, 873, 3060, 26, 151643]]","[-0.09627554565668106, -0.8755939602851868, -0.006574310828000307, -0.5127178430557251, -0.5805191397666931, -0.012183531187474728, -8.725739462533966e-05, -0.8765714764595032, -0.11053550988435745, -0.0012702024541795254, -1.314436912536621, -0.03886906057596207, -0.0007128558354452252, -0.006967652123421431, -0.8685285449028015, -0.9046754837036133, -0.11242761462926865, -0.2544437646865845, -0.04447691887617111]",5.957639217376709,False,0.0,-6.617867584842315,-0.3483088202548587,19.0,-6.573390665966144,-0.36518837033145246,18.0,0.17419690833056972,0,21,24,24,0.875,-1.0803499838779513,-1.02057777176602,True,15,0.7894736842105263,3.0,0.9534883720930233,4.0,2.2135429542100713
~/anvil/data/cve-targets/php_repo_ext_phar_phar.c,1074,632,1125,if (mydata->ext) {,if (mydata->ext) {,		if (mydata->ext) {,0.048583984375,"[[197, 743, 320, 2408, 691, 405, 427, 8, 314, 151664]]","[-0.016372855752706528, -0.13919764757156372, -0.03470565006136894, -0.007795270066708326, -1.2397689715726301e-05, -0.0002687808300834149, -0.0012990139657631516, -0.06784306466579437, -0.14293180406093597, -0.11173021793365479]",8.179861068725586,True,0.0,-0.5221567025982949,-0.0522156702598295,10.0,-0.41042648466464016,-0.04560294274051557,9.0,0.003025176696297796,0,13,13,13,1.0,-1.065369501513242,-1.0358130112215331,False,8,0.8,0.0,1.0,0.0,1.034790023616333
~/anvil/data/cve-targets/libxml2_repo_valid.c,540,530,558,switch (state->cont->type) {,switch (state->cont->type) {,	switch (state->cont->type) {,0.138671875,"[[8961, 320, 2454, 405, 772, 405, 1313, 8, 314, 151664]]","[-0.28877851366996765, -0.39535585045814514, -0.0024087007623165846, -0.0001289761275984347, -0.034258101135492325, -0.0014919828390702605, -0.2222062200307846, -0.013340851292014122, -0.3158099353313446, -0.4069289565086365]",5.055729389190674,True,0.0,-1.6807080881553702,-0.16807080881553702,10.0,-1.2737791316467337,-0.14153101462741485,9.0,0.023321242811520884,0,16,16,16,1.0,-0.9797984940972717,-1.0438508920366312,False,9,0.9,0.0,1.0,0.0,1.0591910521552557
~/anvil/data/cve-targets/openssl_repo_crypto_asn1_tasn_dec.c,815,760,890,case V_ASN1_NEG_INTEGER:,case V_ASN1_OCTET_STRING:,"    case V_ASN1_OCTET_STRING:
    case",0.404296875,"[[262, 1142, 647, 1566, 18966, 16, 2232, 1162, 1348, 12283, 510, 262, 1142]]","[-0.03257265314459801, -0.010629230178892612, -0.0011319665936753154, -6.341733387671411e-05, -2.264974000354414e-06, -2.0503786799963564e-05, -0.4827347993850708, -0.020965509116649628, -0.0001250427303602919, -0.00029988560709170997, -0.14867347478866577, -0.1838395744562149, -0.0036560141015797853]",4.927257061004639,False,1.0,-0.8847143361974759,-0.06805494893826737,13.0,-0.8810583220958961,-0.07342152684132468,12.0,0.018821661061425455,1,5,6,5,0.8333333333333334,-5.506516854024956,-1.047208930697455,True,8,0.6153846153846154,10.0,0.7346938775510203,1.0,1.9607988384593158
~/anvil/data/cve-targets/libxml2_repo_valid.c,1207,1186,1278,if (size - len < xmlStrlen(content->prefix) + 10) {,if (size - len < xmlStrlen(content->prefix) + 10) {,		if (size - len < xmlStrlen(content->prefix) + 10) {,0.107421875,"[[197, 743, 320, 2141, 481, 2422, 366, 8396, 2580, 2892, 15063, 405, 11849, 8, 488, 220, 16, 15, 8, 314, 151664]]","[-0.2630917727947235, -0.18244785070419312, -0.10676612704992294, -0.09695934504270554, -0.002633201191201806, -0.007056078873574734, -0.029536552727222443, -0.3204227685928345, -0.00031919151660986245, -2.539125671319198e-05, -0.019627518951892853, -0.0002169373765354976, -0.010142926126718521, -0.016797412186861038, -0.024007221683859825, -0.022264519706368446, -0.4690433144569397, -0.09532103687524796, -0.009941822849214077, -0.5235940217971802, -0.13099530339241028]",6.086806297302246,True,0.0,-2.33121031515293,-0.11101001500728239,21.0,-2.2002150117605197,-0.11001075058802598,20.0,0.02450184711660001,1,27,27,27,1.0,-0.9764670673167122,-1.017287460857938,False,19,0.9047619047619048,0.0,1.0,0.0,1.252044416868108
~/anvil/data/cve-targets/poppler_repo_splash_SplashXPathScanner.cc,283,203,293,"if (!addIntersection(segYMin, segYMax, y, x0, x1, count))","if (!addIntersection(segYMin, segYMax, y, x0, x1, count))","                if (!addIntersection(segYMin, segYMax, y, x0, x1, count))",0.02099609375,"[[394, 421, 1505, 718, 72927, 68915, 56, 6217, 11, 4810, 56, 5974, 11, 379, 11, 856, 15, 11, 856, 16, 11, 1760, 593, 151664]]","[-0.004745174665004015, -0.07340497523546219, -0.26566144824028015, -0.00293990527279675, -0.001984652131795883, -0.01495636347681284, -0.013017671182751656, -9.023735765367746e-05, -0.0009079624433070421, -0.00022671037004329264, -6.151010165922344e-05, -0.0001915509783430025, -0.000783732277341187, -0.0021136105060577393, -0.005977491848170757, -0.0072187078185379505, -0.0004991239402443171, -0.005783135071396828, -0.0008623456815257668, -0.0008856903295964003, -0.005082188174128532, -0.0032049263827502728, -0.05552146956324577, -0.1526658982038498]",9.156423568725586,True,0.0,-0.618786481252755,-0.025782770052198128,24.0,-0.46612058304890525,-0.02026611230647414,23.0,0.0030519085352721247,0,26,26,26,1.0,-1.0360198064871406,-1.0614126387342226,False,22,0.9166666666666666,0.0,1.0,0.0,1.1093668059654795
~/anvil/data/cve-targets/libxml2_repo_valid.c,6151,6120,6153,ctxt->finishDtd = save;,ctxt->doc = NULL;,"    ctxt->doc = NULL;
    ctxt->finishDtd",0.2890625,"[[262, 59162, 405, 5236, 284, 1770, 280, 262, 59162, 405, 30150, 35, 1296]]","[-0.17863252758979797, -0.46614599227905273, -0.00021062063751742244, -0.46861696243286133, -0.0007818264421075583, -0.009310872294008732, -0.5704531669616699, -0.009373819455504417, -0.25078216195106506, -8.308542601298541e-05, -0.18614012002944946, -0.000987756997346878, -1.490105023549404e-05]",4.743924140930176,False,1.0,-2.14153381354663,-0.1647333702728177,13.0,-1.70352578809252,-0.212940723511565,8.0,0.05395569272725141,0,10,17,11,0.5882352941176471,-1.357478716297781,-1.0520196435812927,True,8,0.6153846153846154,13.0,0.55,3.0,1.989072840389798
~/anvil/data/cve-targets/lua_repo_lstate.h,120,-35,270,TString **hash;,GCObject **hash;,  GCObject **hash; ,0.498046875,"[[220, 22381, 1190, 3070, 8296, 26, 220]]","[-0.010601629503071308, -0.2701326608657837, -0.0005457103834487498, -0.0275062695145607, -0.038746707141399384, -0.042739517986774445, -0.4091370105743408]",6.729340553283691,False,0.0,-0.7994095059693791,-0.11420135799562559,7.0,-0.7994095059693791,-0.11420135799562559,7.0,0.021895479662059337,0,9,9,9,1.0,-4.361129182186059,-1.001076955939161,True,5,0.7142857142857143,8.0,0.5806451612903225,1.0,2.143995784064073
~/anvil/data/cve-targets/libpng_repo_pngrutil.c,2626,2602,2642,size_t row_factor = (png_uint_32)row_factor_l;,size_t row_factor = row_factor_l;,      size_t row_factor = row_factor_l;,0.5859375,"[[414, 1379, 528, 2802, 18588, 284, 2802, 18588, 907, 26, 151643]]","[-0.08705828338861465, -0.6992339491844177, -5.173549288883805e-05, -0.007804496213793755, -0.007671656087040901, -0.23626302182674408, -0.3017239272594452, -0.00018976318824570626, -0.00962179247289896, -1.1784961223602295, -0.1235625222325325]",5.972222328186035,False,0.0,-2.651677269706852,-0.24106156997335015,11.0,-2.5281147474743193,-0.25281147474743193,10.0,0.1393293878985849,1,13,8,8,1.625,-2.317685542499103,-1.0202057596154408,True,15,1.3636363636363635,13.0,0.8354430379746836,5.0,2.1493800244083667
~/anvil/data/cve-targets/libxml2_repo_xmlstring.c,445,430,455,size = xmlStrlen(str1);,size = xmlStrlen(str1);,    size = xmlStrlen(str1);,0.010986328125,"[[262, 1379, 284, 8396, 2580, 2892, 4199, 16, 1215, 151643]]","[-0.24928711354732513, -0.039577666670084, -0.0007516896002925932, -0.011187444441020489, -3.2305197237292305e-05, -7.021180499577895e-05, -0.0009947833605110645, -8.5588610090781e-05, -0.03990543633699417, -0.01048673689365387]",7.496700763702393,True,0.0,-0.3523789764622052,-0.03523789764622052,10.0,-0.3418922395685513,-0.037988026618727924,9.0,0.005826868430514276,1,12,12,12,1.0,-0.28920502334237574,-1.0182725659692722,False,8,0.8,0.0,1.0,0.0,1.0659506901996973
~/anvil/data/cve-targets/libsndfile_repo_src_wavlike.c,286,95,384,buffer [--bit] = 0 ;,if (bit > 2),"					if (bit > 2)
						buffer [bit -",0.298828125,"[[464, 743, 320, 4489, 861, 220, 17, 340, 1144, 31122, 508, 4489, 481]]","[-0.007785925641655922, -0.7838766574859619, -0.017642119899392128, -0.24671438336372375, -0.37584200501441956, -0.010851067490875721, -0.8243231773376465, -0.7875131368637085, -0.636350691318512, -0.03769443556666374, -0.5793803334236145, -0.006960312370210886, -0.09516746550798416]",7.311805725097656,False,1.0,-4.410101711284369,-0.3392385931757207,13.0,-3.690899164415896,-0.41009990715732175,9.0,0.11200754040644473,1,14,13,12,1.0769230769230769,-0.7286715256079396,-1.013576588981302,True,8,0.6153846153846154,13.0,0.4375,15.0,2.140120216779314
~/anvil/data/cve-targets/libtiff_repo_libtiff_tif_pixarlog.c,1152,1136,1165,*/,* This,	 * This,4.625,"[[197, 353, 1096]]","[-0.8407107591629028, -0.8736839294433594, -2.047322988510132]",2.844444990158081,False,0.0,-3.761717677116394,-1.2539058923721313,3.0,-3.761717677116394,-1.2539058923721313,3.0,0.3149365492150859,1,3,3,3,1.0,-3.688474572242781,-1.1031820378651505,True,1,0.3333333333333333,5.0,0.25,3.0,2.3537684558294476
~/anvil/data/cve-targets/sqlite3_repo_src_select.c,2823,2535,2855,if( !pKeyInfo ){,if( !pKeyInfo ){<|cursor|,    if( !pKeyInfo ){<|cursor|,0.06201171875,"[[262, 421, 7, 753, 79, 1592, 1731, 40023, 27, 91, 17437, 91]]","[-0.001981796696782112, -0.015985310077667236, -0.0002286172821186483, -0.2863768935203552, -0.008900020271539688, -0.0007496645557694137, -1.3947389561508317e-05, -0.11844614893198013, -0.7990790009498596, -7.116541382856667e-05, -0.00017033556650858372, -0.00036566724884323776]",10.78142261505127,False,0.0,-1.232368567904814,-0.1026973806587345,12.0,-1.232368567904814,-0.1026973806587345,12.0,0.05069557428617396,0,12,13,13,0.9230769230769231,-0.6038296045355451,-1.1054203557846682,True,7,0.5833333333333334,9.0,0.7804878048780488,7.0,1.8364166917268083
~/anvil/data/cve-targets/poppler_repo_poppler_Parser.cc,167,68,191,shift();,if (gen,            if (gen,1.0,"[[310, 421, 320, 4370]]","[-0.009472307749092579, -0.5553481578826904, -0.06393589824438095, -1.1271255016326904]",6.16249942779541,False,0.0,-1.7558818655088544,-0.4389704663772136,4.0,-1.7558818655088544,-0.4389704663772136,4.0,0.20305517879678434,1,8,4,4,2.0,-2.278057583811768,-1.0153642393020024,True,2,0.5,6.0,0.4,6.0,2.1613709024066052
~/anvil/data/cve-targets/php_repo_ext_phar_phar.c,701,632,1125,"PHAR_GET_32(buffer, manifest_count);",/* extract manifest count */,"	/* extract manifest count */
	buffer += 4;
	PHAR_GET_32",0.1845703125,"[[197, 1057, 8649, 14455, 1760, 735, 31122, 1421, 220, 19, 280, 10025, 39, 934, 12702, 62, 18, 17]]","[-1.6075263023376465, -0.26587867736816406, -1.6100894212722778, -0.7059259414672852, -0.7412132620811462, -0.7759060859680176, -0.7741574645042419, -0.4012002646923065, -0.07100620865821838, -0.3880096971988678, -0.3653985261917114, -0.4843485951423645, -6.472854875028133e-05, -9.894321920000948e-06, -0.00040368037298321724, -0.0005105622112751007, -0.007220128085464239, -1.847726889536716e-05]",1.1022570133209229,False,2.0,-8.198887917691536,-0.45549377320508533,18.0,-5.706539690494537,-0.9510899484157562,6.0,0.2449244128963383,1,11,11,2,1.0,-0.19406188952731687,-1.152292533004247,True,11,0.6111111111111112,23.0,0.5,10.0,1.7143882921028717
~/anvil/data/cve-targets/poppler_repo_poppler_GfxState.cc,3568,3519,3593,},},        },0.00994873046875,"[[286, 335, 151643]]","[-0.008743337355554104, -0.011244969442486763, -0.20270709693431854]",10.083507537841797,True,0.0,-0.2226954037323594,-0.07423180124411981,3.0,-0.019988306798040867,-0.009994153399020433,2.0,1.5645407745927629e-06,0,2,2,2,1.0,-0.9954550497218818,-1.0863004037976032,False,1,0.3333333333333333,0.0,1.0,0.0,0.767644112187172
~/anvil/data/cve-targets/libsndfile_repo_src_common.c,617,470,684,"memcpy (&(psf->header.ptr [psf->header.indx]), strptr, size + 1) ;","memcpy (&(psf->header.ptr [psf->header.indx]), strptr, size) ;","					memcpy (&(psf->header.ptr [psf->header.indx]), strptr, size) ;",0.322265625,"[[464, 25497, 15899, 7, 1690, 69, 405, 2708, 38740, 508, 1690, 69, 405, 2708, 28473, 87, 9719, 607, 3505, 11, 1379, 8, 2587, 151643]]","[-0.013087798841297626, -0.03175155445933342, -0.0038503098767250776, -0.0008220868767239153, -2.8013790142722428e-05, -1.7881377516459906e-06, -5.245195097813848e-06, -9.65590606938349e-06, -1.9311717551317997e-05, -0.00027640812913887203, -5.590759246842936e-05, -3.6954811548639555e-06, -6.079655122448457e-06, -8.34461570775602e-06, -1.5020257706055418e-05, -7.390948667307384e-06, -0.0007325111655518413, -0.0004804172203876078, -6.556489552167477e-06, -0.00020930961181875318, -0.004492547363042831, -0.003136717015877366, -0.14706283807754517, -0.2054404467344284]",7.954165935516357,False,0.0,-0.4115099551588628,-0.017146248131619284,24.0,-0.2060695084244344,-0.008959543844540625,23.0,0.0009133502765767497,1,38,35,35,1.0857142857142856,-35.96897683539638,-1.0299850196613536,True,25,1.0416666666666667,4.0,0.96875,3.0,2.3714898459425977
~/anvil/data/cve-targets/lua_repo_lstate.h,267,112,417,const Instruction *oldpc;,StkId stack_last;  /* last,  StkId stack_last;  /* last,0.82421875,"[[220, 794, 74, 764, 5611, 12195, 26, 220, 1391, 1537]]","[-0.2552967965602875, -0.4240639805793762, -0.0002172949316445738, -0.0010088359704241157, -0.0726919025182724, -0.08956637978553772, -0.002804277464747429, -0.000691770575940609, -0.00012063252506777644, -0.06303507089614868]",7.789758682250977,False,0.0,-0.909496941807447,-0.0909496941807447,10.0,-0.909496941807447,-0.0909496941807447,10.0,0.017957733652349386,1,9,11,11,0.8181818181818182,-9.062358674478077,-1.025760282626903,True,6,0.6,23.0,0.3529411764705882,11.0,2.1208984126182835
~/anvil/data/cve-targets/poppler_repo_poppler_FileSpec.cc,132,126,139,if (!ok || !fileSpec.isDict()),if (!fileStream),    if (!fileStream),1.3984375,"[[262, 421, 1505, 1192, 3027, 8, 151643]]","[-0.004461097996681929, -0.07254468649625778, -0.2960938811302185, -0.1798868626356125, -0.587793231010437, -0.9702406525611877, -0.25955575704574585]",7.390451908111572,False,0.0,-2.3705761688761413,-0.3386537384108773,7.0,-2.1110204118303955,-0.35183673530506593,6.0,0.11157446319485038,0,23,11,11,2.090909090909091,-3.9746773422833788,-1.0155713976376548,True,10,1.4285714285714286,19.0,0.5217391304347826,13.0,2.3848385983204365
~/anvil/data/cve-targets/poppler_repo_poppler_SplashOutputDev.cc,3329,3315,3489,GfxRGB rgb;,GfxRGB rgb;,    GfxRGB rgb;,0.1328125,"[[262, 479, 8298, 18184, 17993, 26, 151643]]","[-0.3220989406108856, -0.5296196937561035, -0.0002548369811847806, -0.016567159444093704, -0.004248165991157293, -0.10422760248184204, -0.14288942515850067]",5.018054962158203,True,0.0,-1.1199058244237676,-0.1599865463462525,7.0,-0.977016399265267,-0.16283606654421115,6.0,0.03938453598312557,0,5,5,5,1.0,-0.8156209052368657,-1.0448345172895095,False,5,0.7142857142857143,0.0,1.0,0.0,0.9307350248030933
~/anvil/data/cve-targets/sqlite3_repo_src_pragma.c,1588,1460,1707,"sqlite3VdbeChangeP5(v, OPFLAG_TYPEOFARG);","sqlite3VdbeAddOp2(v, OP_IsNull, 3, 0); VdbeCoverage(v","          sqlite3VdbeAddOp2(v, OP_IsNull, 3, 0); VdbeCoverage(v",0.38671875,"[[688, 22003, 18, 53, 83406, 2212, 7125, 17, 3747, 11, 13134, 31879, 3280, 11, 220, 18, 11, 220, 15, 1215, 647, 83406, 66312, 3747]]","[-0.0952095165848732, -0.7222485542297363, -0.0010590903693810105, -0.5208584070205688, -0.0022640805691480637, -0.2653658092021942, -0.0015242397785186768, -0.7236995100975037, -0.0003675738989841193, -0.0009663202799856663, -0.002507758093997836, -0.5753315091133118, -0.004996077157557011, -0.0006800960982218385, -0.0052147796377539635, -0.0010112178279086947, -0.0009173714206553996, -0.2460343837738037, -0.027543729171156883, -0.031168077141046524, -0.18684804439544678, -2.706014311115723e-05, -3.075552376685664e-05, -0.042359545826911926]",4.140451908111572,False,0.0,-3.458233507355544,-0.14409306280648101,24.0,-3.458233507355544,-0.14409306280648101,24.0,0.055329172750325895,1,11,18,18,0.6111111111111112,-2.683812408924701,-1.0680115900303302,True,15,0.625,37.0,0.42553191489361697,10.0,1.9701882507826265
~/anvil/data/cve-targets/libtiff_repo_libtiff_tif_luv.c,1444,1428,1453,*/,* for,         * for,2.390625,"[[260, 353, 369]]","[-0.11530274152755737, -0.3067724406719208, -0.5932254791259766]",5.941840171813965,False,0.0,-1.0153006613254547,-0.33843355377515155,3.0,-1.0153006613254547,-0.33843355377515155,3.0,0.03856957022706236,1,3,3,3,1.0,-7.0637942761085775,-1.0209809552526183,True,1,0.3333333333333333,4.0,0.2857142857142857,3.0,2.2763044958192884
~/anvil/data/cve-targets/sqlite3_repo_src_select.c,3867,3780,4171,|| IsVirtual(pSubSrc->a[0].pTab)     /* (3c) */,|| (pSubSrc->a[0].fg.jointype & JT_OUTER)!=0          /* (3c) */,     || (pSubSrc->a[0].fg.jointype & JT_OUTER)!=0          /* (3c) */,0.6328125,"[[257, 1369, 320, 79, 3136, 20360, 405, 64, 58, 15, 936, 4817, 1169, 781, 499, 609, 87504, 11881, 640, 35200, 15, 688, 1391, 320, 18, 66, 8, 639, 151643]]","[-0.18442095816135406, -0.004090039525181055, -0.5197041034698486, -0.19955025613307953, -0.8997136950492859, -0.7881782650947571, -0.0006490031373687088, -0.2825612723827362, -0.026119640097022057, -0.002644139574840665, -4.9232225137529895e-05, -0.021247852593660355, -0.049463026225566864, -0.0008485292200930417, -1.1205610462639015e-05, -0.04867328703403473, -0.023719368502497673, -1.1372507810592651, -0.00021944021864328533, -0.38888970017433167, -0.005896198563277721, -2.173091173171997, -0.0010917185572907329, -0.42222458124160767, -0.07208780199289322, -0.8629359006881714, -0.016100509092211723, -0.4408353269100189, -0.3068627715110779]",6.779340744018555,False,0.0,-8.879129777217713,-0.30617688886957634,29.0,-8.572267005706635,-0.30615239306095127,28.0,0.23308037688320452,1,20,27,27,0.7407407407407407,-2.066985313010487,-1.0001736434045017,True,21,0.7241379310344828,37.0,0.6486486486486487,12.0,2.289567072210542
~/anvil/data/cve-targets/libxml2_repo_valid.c,1262,1186,1278,},},    },0.040771484375,"[[262, 335, 151643]]","[-0.12191808223724365, -0.04068427532911301, -0.3165118098258972]",5.011110782623291,True,0.0,-0.4791141673922539,-0.15970472246408463,3.0,-0.16260235756635666,-0.08130117878317833,2.0,0.0016497328461968636,1,2,2,2,1.0,-0.5014870016058839,-1.0450159209971113,False,1,0.3333333333333333,0.0,1.0,0.0,0.8837759374761408
~/anvil/data/cve-targets/openssl_repo_ssl_record_rec_layer_s3.c,798,589,1025,|| (eivlen > 0,|| !WPACKET_put_bytes_u16(thispkt,                || !WPACKET_put_bytes_u16(thispkt,0.232421875,"[[394, 1369, 753, 54, 17279, 1348, 15557, 12524, 7300, 16, 21, 1394, 46775]]","[-0.04973040893673897, -0.08566805720329285, -0.7171748876571655, -0.10623833537101746, -9.894321920000948e-06, -5.590759246842936e-05, -0.9992654919624329, -0.0002686616498976946, -0.0002926159941125661, -0.04290273040533066, -5.090107151772827e-05, -0.004897265695035458, -5.686121585313231e-05]",4.264583587646484,False,0.0,-2.0066120190767833,-0.1543547706982141,13.0,-2.0066120190767833,-0.1543547706982141,13.0,0.09431574712822433,0,7,6,6,1.1666666666666667,-1.5057641169667402,-1.0647023756045677,True,8,0.6153846153846154,29.0,0.21276595744680848,5.0,1.912962988115907
~/anvil/data/cve-targets/php_repo_ext_phar_phar.c,945,632,1125,"PHAR_GET_32(buffer, len);",if (manifest_flags & PHAR_HDR_METADATA) {,"	if (manifest_flags & PHAR_HDR_METADATA) {
		PHAR_GET",0.373046875,"[[743, 320, 42315, 14130, 609, 14659, 934, 55765, 58084, 8, 341, 197, 10025, 39, 934, 12702]]","[-0.5524301528930664, -0.3336993157863617, -0.6135002374649048, -0.3526325821876526, -0.031474702060222626, -0.11809462308883667, -4.51792984677013e-05, -0.759609043598175, -0.14790703356266022, -0.027632558718323708, -0.2306421399116516, -0.00816152710467577, -1.1070342063903809, -0.0006755692302249372, -1.0132738680113107e-05, -0.0026600712444633245]",2.0223960876464844,False,1.0,-4.286209075278748,-0.26788806720492175,16.0,-3.175829095674999,-0.2646524246395832,12.0,0.062051755858013036,1,11,11,13,1.0,-1.4095728596026798,-1.1260883475808885,True,10,0.625,39.0,0.24242424242424243,11.0,1.8108122579860086
~/anvil/data/cve-targets/php_repo_ext_phar_util.c,1445,1252,1478,PHP_MD5_CTX   context;,PHP_MD5_CTX  context;,			PHP_MD5_CTX  context;,0.005218505859375,"[[298, 10025, 6610, 46497, 20, 44233, 220, 2266, 26, 151643]]","[-0.007828034460544586, -0.0035449538845568895, -0.0005944392178207636, -0.00013517419574782252, -0.0001174142598756589, -0.0006959400488995016, -0.41115036606788635, -0.00010847456724150106, -0.027447352185845375, -0.10092024505138397]",7.8368048667907715,False,0.0,-0.5525423939398024,-0.05525423939398024,10.0,-0.45162214888841845,-0.05018023876537983,9.0,0.016356688859312653,1,5,5,5,1.0,-0.10399523772245046,-1.02696744508134,True,7,0.7,1.0,0.9767441860465116,0.0,1.9620441548245928
~/anvil/data/cve-targets/poppler_repo_fofi_FoFiType1C.cc,769,741,1040,if (charset[i] >= nCIDs) {,if (charset[i] >= 0 && charset[i] < nCIDs),            if (charset[i] >= 0 && charset[i] < nCIDs),0.1552734375,"[[310, 421, 320, 25327, 989, 60, 2604, 220, 15, 1009, 11617, 989, 60, 366, 308, 34, 30466, 8]]","[-0.0008463853155262768, -0.019718224182724953, -0.02182454988360405, -0.3419060707092285, -0.014276274479925632, -0.005528873298317194, -0.3743619918823242, -0.5404248237609863, -0.01766156405210495, -0.6015435457229614, -0.04267943650484085, -0.005656901281327009, -0.0006338732782751322, -0.06649667769670486, -0.2217109650373459, -0.400632381439209, -0.00023779425828251988, -0.04023206979036331]",10.97499942779541,False,0.0,-2.716372402574052,-0.15090957792078066,18.0,-2.716372402574052,-0.15090957792078066,18.0,0.04000012787699605,0,18,28,28,0.6428571428571429,-1.0289170484693166,-1.1107829148878736,True,11,0.6111111111111112,20.0,0.7058823529411764,14.0,1.9025924057474295
~/anvil/data/cve-targets/libxml2_repo_parser.c,13525,13370,13675,*,*, *,0.52734375,[[353]],[-0.526711106300354],13.52170181274414,True,0.0,-0.526711106300354,-0.526711106300354,1.0,-0.526711106300354,-0.526711106300354,1.0,0.0,0,2,2,2,1.0,-1.0012011208650786,-1.183803612695435,False,1,1.0,0.0,1.0,0.0,0.5727296880118525
~/anvil/data/cve-targets/poppler_repo_poppler_GfxState.cc,2623,2566,2644,"GfxSeparationColorSpace *cs = (GfxSeparationColorSpace *)GfxSeparationColorSpace::parse(res, obj3.getArray(), out, state, recursion);","GfxSeparationColorSpace *cs = GfxSeparationColorSpace::parse(res, obj3.getArray(), out, state, recursion + 1);","                    GfxSeparationColorSpace *cs = GfxSeparationColorSpace::parse(res, obj3.getArray(), out, state, recursion + 1);",0.3203125,"[[503, 479, 8298, 14492, 367, 1636, 9914, 353, 4837, 284, 479, 8298, 14492, 367, 1636, 9914, 486, 6400, 4590, 11, 2839, 18, 670, 1857, 1507, 700, 11, 1584, 11, 50262, 488, 220, 16, 1215, 151664]]","[-0.039563342928886414, -1.083223819732666, -0.003225127002224326, -0.06649690121412277, -9.97731985989958e-05, -0.0006561510381288826, -0.0001282609737245366, -0.026982970535755157, -0.004538592416793108, -0.07227534800767899, -0.6679134964942932, -0.0005546461907215416, -0.015030347742140293, -0.000289159914245829, -0.0030488932970911264, -0.0005168771021999419, -0.00500983651727438, -0.11431923508644104, -1.39246666431427, -0.005578663665801287, -0.7807945013046265, -0.015854842960834503, -0.7123032808303833, -0.005474219098687172, -0.04493461921811104, -0.09514730423688889, -0.0070155952125787735, -0.03626370057463646, -0.06278768181800842, -0.08684573322534561, -0.15333043038845062, -0.0010658780811354518, -0.024698637425899506, -0.4317837953567505, -0.23063930869102478]",11.070138931274414,False,0.0,-6.190857635796419,-0.17688164673704054,35.0,-5.960218327105395,-0.1753005390325116,34.0,0.1144330707427206,0,40,36,36,1.1111111111111112,-1.8272191390158485,-1.1134280427176109,True,38,1.0857142857142856,31.0,0.8724279835390947,10.0,2.167608934738949
~/anvil/data/cve-targets/openssl_repo_crypto_pkcs7_pk7_doit.c,605,587,741,return 0;,goto err;,        goto err;,0.408203125,"[[286, 7986, 1848, 26, 151643]]","[-0.08226394653320312, -0.5941591262817383, -0.00420424435287714, -0.0728815495967865, -0.10029339045286179]",5.265451908111572,False,0.0,-0.8538022572174668,-0.17076045144349336,5.0,-0.753508866764605,-0.18837721669115126,4.0,0.05579447927802101,0,5,5,5,1.0,-2.1669453035249924,-1.0383922386117919,True,4,0.8,7.0,0.33333333333333337,3.0,1.9852400337598208
~/anvil/data/cve-targets/libxml2_repo_xmlstring.c,649,628,685,goto error;,goto error;,                goto error;,0.10986328125,"[[394, 7986, 1465, 26, 151643]]","[-0.04846400022506714, -0.0016037471359595656, -0.00041976699139922857, -0.36271581053733826, -0.4315043091773987]",7.209895610809326,True,0.0,-0.8447076340671629,-0.16894152681343258,5.0,-0.4132033248897642,-0.10330083122244105,4.0,0.022807504953946935,0,5,5,5,1.0,-1.0635275626526937,-1.0109975331242536,False,3,0.6,0.0,1.0,0.0,1.0194346040286584
~/anvil/data/cve-targets/libpng_repo_pngrutil.c,3050,2647,3067,bytes_to_copy = row_width;,return;,"                     return;
               }
         }
      } /* pixel_depth",0.73046875,"[[3824, 470, 280, 2290, 456, 260, 456, 414, 335, 1391, 12955, 19061]]","[-0.03943970054388046, -0.4892521798610687, -0.7257038950920105, -0.24611333012580872, -0.16679568588733673, -0.44986164569854736, -0.4774255156517029, -0.3415902853012085, -0.6971564888954163, -0.0376262441277504, -0.21312284469604492, -0.021558934822678566]",8.22031307220459,False,3.0,-3.905646750703454,-0.32547056255862117,12.0,-1.5005091056227684,-0.3751272764056921,4.0,0.06631480152022988,1,7,13,4,0.5384615384615384,-1.947255760762152,-1.0368610588658862,True,7,0.5833333333333334,22.0,0.24242424242424243,5.0,2.0554535361829758
~/anvil/data/cve-targets/poppler_repo_poppler_FileSpec.cc,237,195,266,name->del(0);,"name->setChar(0, '\\');","            name->setChar(0, '\\');",0.443359375,"[[310, 829, 405, 746, 4768, 7, 15, 11, 28078, 4667]]","[-0.005029644817113876, -0.08093564212322235, -0.0020354522857815027, -0.6195079684257507, -0.00375459180213511, -0.02460373006761074, -0.03522872179746628, -0.0002727136597968638, -0.01035802811384201, -0.18137134611606598]",7.6911468505859375,False,0.0,-0.9630978392087854,-0.09630978392087855,10.0,-0.9630978392087854,-0.09630978392087855,10.0,0.033247782835645515,0,12,17,17,0.7058823529411765,-4.60347180681283,-1.0232345946820507,True,6,0.6,12.0,0.6111111111111112,6.0,2.1106289661717574
~/anvil/data/cve-targets/libpng_repo_png.c,2441,2368,2463,goto PNG_FP_End; /* not a part of the number */,goto PNG_FP_End;,            goto PNG_FP_End;,0.1318359375,"[[310, 7986, 41639, 70981, 49953, 26, 151643]]","[-0.09430606663227081, -0.005272649694234133, -0.0002571013756096363, -4.303362584323622e-05, -0.00016008525562938303, -0.13501162827014923, -0.40229061245918274]",8.972394943237305,False,0.0,-0.6373411773129192,-0.09104873961613132,7.0,-0.23505056485373643,-0.0391750941422894,6.0,0.0029902567300935513,0,6,5,5,1.2,-3.3652998259851907,-1.0565405970425705,True,13,1.8571428571428572,31.0,0.5079365079365079,1.0,1.9102137159934514
~/anvil/data/cve-targets/libsndfile_repo_src_sd2.c,351,276,385,rsrc.type_offset = rsrc.map_offset + 30 ;,"rsrc.type_offset = rsrc.map_offset + read_rsrc_short (&rsrc, rsrc.map","	rsrc.type_offset = rsrc.map_offset + read_rsrc_short (&rsrc, rsrc.map",0.255859375,"[[7000, 3548, 4852, 6917, 284, 435, 3548, 4770, 6917, 488, 1349, 1710, 3548, 16673, 15899, 81, 3548, 11, 435, 3548, 4770]]","[-0.5577585101127625, -1.811964830267243e-05, -0.09747043251991272, -0.021992957219481468, -0.0008899780223146081, -0.10449361801147461, -0.0001147919538198039, -0.16694550216197968, -4.1960789531003684e-05, -0.0016021999763324857, -0.20299604535102844, -0.00032240914879366755, -6.198863957251888e-06, -0.026643740013241768, -0.00014006110723130405, -2.7417760065873154e-05, -2.13382354559144e-05, -7.581423415103927e-05, -0.00044943721150048077, -6.6756979322235566e-06, -0.0008899780223146081]",2.4520833492279053,False,0.0,-1.182907186061584,-0.05632891362198019,21.0,-1.182907186061584,-0.05632891362198019,21.0,0.015959921596003138,1,16,21,21,0.7619047619047619,-4.5422387642171875,-1.1140564422781827,True,14,0.6666666666666666,31.0,0.6909090909090909,13.0,1.8845105227177923
~/anvil/data/cve-targets/poppler_repo_poppler_GfxState.cc,519,511,523,*out++ = 0;,*out++ = 0;,        *out++ = 0;,0.047607421875,"[[286, 353, 411, 1027, 284, 220, 15, 26, 151664]]","[-0.002644615015015006, -0.0015425699530169368, -3.6954195820726454e-05, -0.001777260797098279, -0.00019739109848160297, -0.04165302589535713, -0.06470731645822525, -0.2027532309293747, -0.3489220142364502]",9.614582061767578,True,0.0,-0.6642343785788398,-0.07380381984209332,9.0,-0.31531236434238963,-0.039414045542798704,8.0,0.0043269650786003635,0,11,11,11,1.0,-1.2078796078749217,-1.0736399107897405,False,6,0.6666666666666666,0.0,1.0,0.0,0.9093230907545226
~/anvil/data/cve-targets/libsndfile_repo_src_ulaw.c,810,804,816,{,{	if,	{	if,0.1123046875,"[[197, 90, 743]]","[-0.013705789111554623, -0.11233694851398468, -0.5697821378707886]",6.739583492279053,False,0.0,-0.6958248754963279,-0.23194162516544262,3.0,-0.6958248754963279,-0.23194162516544262,3.0,0.058689456946683434,1,2,3,3,0.6666666666666666,-0.48419375961470357,-1.000820639503748,True,1,0.3333333333333333,3.0,0.4,1.0,2.0132775733730717
~/anvil/data/cve-targets/libpng_repo_pngrtran.c,3987,3829,4027,else if (row_info->bit_depth == 16),else if (row_info->bit_depth == 16),      else if (row_info->bit_depth == 16),0.01220703125,"[[414, 770, 421, 320, 651, 3109, 405, 4489, 19061, 621, 220, 16, 21, 8, 151664]]","[-0.00528569333255291, -0.014363469555974007, -0.11254862695932388, -0.0011233931872993708, -0.00025519452174194157, -4.7205765440594405e-05, -1.1801649634435307e-05, -8.701899787411094e-05, -2.109982233378105e-05, -0.0013227055314928293, -0.0003594706067815423, -9.250213042832911e-05, -3.373566141817719e-05, -0.013457062654197216, -0.2941824495792389]",9.084027290344238,True,0.0,-0.443191429955732,-0.029546095330382136,15.0,-0.14900898037649313,-0.010643498598320937,14.0,0.0008214130635052049,0,16,16,16,1.0,-1.1469002543886948,-1.0594933180323252,False,13,0.8666666666666667,0.0,1.0,0.0,0.9997549427377993
~/anvil/data/cve-targets/poppler_repo_poppler_Stream.cc,532,507,538,if (width > INT_MAX / nComps) {,if (imgLineSize > INT_MAX / nComps) {,        if (imgLineSize > INT_MAX / nComps) {,0.73046875,"[[286, 421, 320, 1892, 2460, 1695, 861, 9221, 6806, 608, 308, 1092, 1690, 8, 314, 151664]]","[-0.004026877228170633, -0.013367906212806702, -0.07502216100692749, -0.23018589615821838, -0.00013183678674977273, -0.0012938946019858122, -0.8061027526855469, -0.06544731557369232, -0.0003960540343541652, -0.1458330750465393, -0.8023034930229187, -0.14831504225730896, -8.583032467868179e-06, -0.3949632942676544, -0.049135878682136536, -0.04351763799786568]",9.434721946716309,False,0.0,-2.7800516985953436,-0.17375323116220898,16.0,-2.736534060597478,-0.18243560403983186,15.0,0.07060135080631622,1,16,16,16,1.0,-4.0039813162814095,-1.0688231233078644,True,12,0.75,10.0,0.7941176470588236,1.0,2.0710267271610348
~/anvil/data/cve-targets/libtiff_repo_libtiff_tif_lzw.c,704,542,732,} while (codep);,} while (--len);,			} while (--len);,2.0,"[[298, 197, 92, 1393, 57619, 2892, 1215, 151643]]","[-0.013445418328046799, -7.974783511599526e-05, -0.012583266012370586, -0.10276080667972565, -0.027693551033735275, -0.025743870064616203, -0.15120917558670044, -0.7215778231620789]",12.271529197692873,False,0.0,-1.0550936587023898,-0.13188670733779873,8.0,-0.33351583554031095,-0.04764511936290156,7.0,0.0027574857441964276,1,10,12,12,0.8333333333333334,-41.97701730509845,-1.147376853144036,True,6,0.75,4.0,0.75,3.0,1.9604668506572778
~/anvil/data/cve-targets/libtiff_repo_libtiff_tif_dirread.c,5739,5720,5775,return;,return;,            return;,0.162109375,"[[310, 470, 26, 151643]]","[-0.4682256281375885, -0.004217421170324087, -0.3194182813167572, -0.06980583071708679]",2.720312595367432,True,0.0,-0.8616671613417566,-0.21541679033543915,4.0,-0.7918613306246698,-0.2639537768748899,3.0,0.03742209164865357,0,4,4,4,1.0,-0.6141581943600579,-1.1066108711857587,False,2,0.5,0.0,1.0,0.0,0.7557376635866524
~/anvil/data/cve-targets/libpng_repo_png.c,4019,4006,4022,"(void)png_safe_execute(image, png_image_free_function, image);",png_image_free_fn(image);,      png_image_free_fn(image);,0.83203125,"[[414, 36151, 4954, 8905, 15246, 10075, 1215, 151643]]","[-0.14686235785484314, -0.26603034138679504, -0.6721022725105286, -0.06974157691001892, -1.909055471420288, -0.16734269261360168, -0.573469340801239, -0.017044490203261375]",5.28749942779541,False,0.0,-3.821648543700576,-0.477706067962572,8.0,-3.8046040534973145,-0.5435148647853306,7.0,0.35463294911833926,1,18,9,9,2.0,-1.5308343964587303,-1.0378200469858465,True,14,1.75,38.0,0.5517241379310345,10.0,2.191508601569283
~/anvil/data/cve-targets/libsndfile_repo_src_ulaw.c,207,52,357,"0xaa, 0xaa, 0xaa, 0xaa, 0xaa, 0xaa, 0xaa, 0xaa, 0xaa, 0xaa, 0xaa, 0xaa,","0xaa, 0xaa, 0xaa, 0xaa, 0xaa, 0xaa, 0xaa, 0xaa, 0xaa, 0xaa, 0xaa, 0xaa,","	0xaa, 0xaa, 0xaa, 0xaa, 0xaa, 0xaa, 0xaa, 0xaa, 0xaa, 0xaa, 0xaa, 0xaa,
	0xaa, 0xaa, 0xaa, 0xaa, 0xaa, 0xaa,",0.046142578125,"[[197, 15, 43300, 11, 220, 15, 43300, 11, 220, 15, 43300, 11, 220, 15, 43300, 11, 220, 15, 43300, 11, 220, 15, 43300, 11, 220, 15, 43300, 11, 220, 15, 43300, 11, 220, 15, 43300, 11, 220, 15, 43300, 11, 220, 15, 43300, 11, 220, 15, 43300, 345, 197, 15, 43300, 11, 220, 15, 43300, 11, 220, 15, 43300, 11, 220, 15, 43300, 11, 220, 15, 43300, 11, 220, 15, 43300, 11]]","[-0.004094313830137253, -0.0010839784517884254, -0.5194905996322632, -0.001409133430570364, -0.00027223696815781295, -8.11782301752828e-05, -0.010786443017423153, -0.000388665939681232, -8.391981828026474e-05, -2.8967437174287625e-05, -0.0005250982358120382, -0.0002033503697020933, -5.149708886165172e-05, -4.0649541915627196e-05, -0.0010679024271667004, -0.00028534632292576134, -4.8874615458771586e-05, -2.825220326485578e-05, -0.00038890427094884217, -0.000179036331246607, -2.8132995794294402e-05, -1.9192511899746023e-05, -0.00020644917094614357, -0.00015507926582358778, -3.635817120084539e-05, -2.253030106658116e-05, -0.0001879753835964948, -0.00026425207033753395, -5.185469490243122e-05, -4.1126360883936286e-05, -0.0017736908048391342, -0.00036542891757562757, -6.592056161025539e-05, -4.0649541915627196e-05, -0.0008699684985913336, -0.0002574589161667973, -2.729855441430118e-05, -2.9682672902708873e-05, -0.00045503751607611775, -0.00023600654094479978, -2.610649426060263e-05, -2.312633478140924e-05, -0.00021872512297704816, -0.00018630675913300365, -2.5033637939486653e-05, -2.9444261599564925e-05, -0.0005355831235647202, -0.3884716331958771, -0.00018165845540352166, -2.276871418871451e-05, -0.0002610342635307461, -0.00011538793478393927, -3.397406908334233e-05, -2.13382354559144e-05, -0.0005731132114306092, -0.00019262365822214633, -6.031808152329177e-05, -5.9126061387360096e-05, -0.0011438739020377398, -0.00032026408007368445, -9.667406266089529e-05, -4.410646579344757e-05, -0.005150027573108673, -0.00030214988510124385, -7.879423355916515e-05, -3.9457496313843876e-05, -0.0013985387049615383, -0.00016425691137555987, -2.658331868587993e-05, -1.9907753085135482e-05, -0.00030298411729745567, -0.00010168035078095272]",7.909028053283691,True,1.0,-0.9458990420844202,-0.013137486695616948,72.0,-0.9353700589999789,-0.01908918487755059,49.0,0.008225886511093688,0,25,37,25,0.6756756756756757,-2.417210500133243,-1.0288233916395093,False,47,0.6527777777777778,0.0,1.0,0.0,1.1897852572246492
~/anvil/data/cve-targets/sqlite3_repo_src_vdbe.c,639,484,789,** Execute as much of a VDBE program as we can.,** Pop the stack back to depth N.,"** Pop the stack back to depth N.
*/
static void popStack(Mem **ppTos,",0.44921875,"[[334, 10254, 279, 5611, 1182, 311, 7990, 451, 624, 3276, 1978, 737, 2420, 4336, 3189, 336, 3070, 602, 51, 436, 11]]","[-0.009605971165001392, -1.076591968536377, -0.10218386352062225, -1.4273972511291504, -0.8094650506973267, -0.5883915424346924, -0.12706337869167328, -0.40840843319892883, -0.3643215596675873, -0.3562845289707184, -0.1433195322751999, -0.431903600692749, -0.48108503222465515, -0.20720402896404266, -0.4091026186943054, -0.0005521441926248372, -0.050646018236875534, -0.07372439652681351, -0.01817009598016739, -0.005215846933424473, -0.0007003477076068521]",8.822223663330078,False,2.0,-7.0913372104405425,-0.3376827243066925,21.0,-4.913429019041359,-0.5459365576712621,9.0,0.2046374995263174,0,14,27,11,0.5185185185185185,-0.8228405731174699,-1.0525814821663164,True,14,0.6666666666666666,33.0,0.4,10.0,2.0545384383304834
~/anvil/data/cve-targets/libxml2_repo_xmlregexp.c,1804,1763,1821,#endif,#endif,#endif,0.2333984375,[[2663]],[-0.23300760984420776],5.143054962158203,True,0.0,-0.23300760984420776,-0.23300760984420776,1.0,-0.23300760984420776,-0.23300760984420776,1.0,0.0,0,2,2,2,1.0,-1.0016773171316318,-1.0415745058438672,False,1,1.0,0.0,1.0,0.0,0.9190122275596512
~/anvil/data/cve-targets/lua_repo_ldo.c,329,309,331,if (isLua(ci->previous)),if (isLua(ci->previous)) {<|cursor,  if (isLua(ci->previous)) {<|cursor,0.265625,"[[220, 421, 320, 285, 58020, 77434, 405, 19702, 593, 314, 27, 91, 17437]]","[-0.13655565679073334, -0.21770045161247253, -0.1046345978975296, -0.782709002494812, -0.0175650492310524, -0.0004151197790633887, -0.5721583366394043, -0.021732985973358154, -0.4222870171070099, -0.6444976925849915, -0.4065206050872803, -0.00013565097469836473, -0.00038771264371462166]",4.918229579925537,False,0.0,-3.3272998788161203,-0.25594614452431697,13.0,-3.3272998788161203,-0.25594614452431697,13.0,0.07116323844844182,1,17,18,18,0.9444444444444444,-1.0378159846622088,-1.0474452988392566,True,8,0.6153846153846154,10.0,0.8275862068965517,6.0,2.0778750782697735
~/anvil/data/cve-targets/libpng_repo_png.h,2655,2500,2805,*/,*/,"    */
/*",7.4375,"[[262, 735, 1057]]","[-0.10376616567373276, -0.5622807741165161, -0.5098755359649658]",9.76197910308838,True,1.0,-1.1759224757552147,-0.39197415858507156,3.0,-0.6660469397902489,-0.33302346989512444,2.0,0.052558911538859734,1,3,5,3,0.6,-22.333260782917833,-1.0776034927151932,False,1,0.3333333333333333,0.0,1.0,0.0,1.8013292675640373
~/anvil/data/cve-targets/libsndfile_repo_src_common.c,599,470,684,"memcpy (&(psf->header.ptr [psf->header.indx]), strptr, size) ;","memcpy (&(psf->header.ptr [psf->header.indx]), strptr, size) ;","					memcpy (&(psf->header.ptr [psf->header.indx]), strptr, size) ;",0.0264892578125,"[[464, 25497, 15899, 7, 1690, 69, 405, 2708, 38740, 508, 1690, 69, 405, 2708, 28473, 87, 9719, 607, 3505, 11, 1379, 8, 2587, 151643]]","[-0.02721547894179821, -0.025651734322309494, -0.032789446413517, -0.004078048747032881, -6.05564855504781e-05, -2.3841830625315197e-06, -1.645074735279195e-05, -1.7881233361549675e-05, -2.932505594799295e-05, -0.00039915222441777587, -0.0002215855201939121, -4.410734163684538e-06, -2.0503786799963564e-05, -1.1324817933200393e-05, -1.6569954823353328e-05, -5.245195097813848e-06, -0.002760055009275675, -0.002016060519963503, -1.4543427823809907e-05, -0.0004629017203114927, -0.024552669376134872, -0.20765721797943115, -0.286263108253479, -0.23828813433647156]",6.992361068725586,True,0.0,-0.8525547889862537,-0.03552311620776057,24.0,-0.6142666546497821,-0.026707245854338355,23.0,0.004859484073396303,1,35,35,35,1.0,-0.9918378689054175,-1.0055142844529958,False,22,0.9166666666666666,0.0,1.0,0.0,1.3640067074725846
~/anvil/data/cve-targets/poppler_repo_poppler_GfxState.cc,2427,2418,2434,int i;,int i;,"    int i;
    if",1.171875,"[[262, 526, 600, 280, 262, 421]]","[-0.19276897609233856, -0.7120574116706848, -0.006834108382463455, -0.6646148562431335, -0.471727192401886, -1.0492050647735596]",6.941666603088379,True,1.0,-3.097207609564066,-0.5162012682606777,6.0,-2.0480025447905064,-0.4096005089581013,5.0,0.0739217814385992,1,5,6,5,0.8333333333333334,-2.861019394191898,-1.0042407414097376,False,3,0.5,0.0,1.0,0.0,1.1805641495220351
~/anvil/data/cve-targets/lua_repo_ldebug.c,155,146,160,*pos = ci->func - nextra + (n - 1);,*pos = ci->func + n;  /* access it directly in the stack */,      *pos = ci->func + n;  /* access it directly in the stack */,0.953125,"[[414, 353, 966, 284, 11825, 405, 2830, 488, 308, 26, 220, 1391, 2615, 432, 5961, 304, 279, 5611, 639, 151643]]","[-0.0070873284712433815, -0.19811327755451202, -0.00017808281700126827, -0.004182401578873396, -0.2524377107620239, -0.0020507988519966602, -0.43548494577407837, -0.017882080748677254, -1.0373650789260864, -1.310533046722412, -0.753437876701355, -0.01602695696055889, -1.0557113885879517, -0.6000898480415344, -0.051429446786642075, -0.7510160207748413, -0.06687573343515396, -0.02101990580558777, -0.2637143135070801, -0.10740681737661362]",7.100000381469727,False,0.0,-6.952043060184224,-0.34760215300921116,20.0,-6.84463624280761,-0.36024401277934787,19.0,0.17392557014993962,1,24,16,16,1.5,-2.6457761022770865,-1.0082237500439717,True,16,0.8,34.0,0.5319148936170213,10.0,2.3562552546938518
~/anvil/data/cve-targets/libxml2_repo_xmlstring.c,636,628,685,goto error;,goto error;,        goto error;,0.1650390625,"[[286, 7986, 1465, 26, 151643]]","[-0.03142191097140312, -0.4319204092025757, -0.0005023409612476826, -0.06243104487657547, -0.006156053859740496]",5.017534255981445,True,0.0,-0.5324317598715425,-0.10648635197430849,5.0,-0.526275706011802,-0.1315689265029505,4.0,0.030549733600270596,0,5,5,5,1.0,-1.254392407741496,-1.0448481186727094,False,3,0.6,0.0,1.0,0.0,0.935031408805514
~/anvil/data/cve-targets/sqlite3_repo_src_select.c,5223,5100,5396,if(,if( sqlite,  if( sqlite,0.1826171875,"[[220, 421, 7, 22003]]","[-0.7525079846382141, -0.34072810411453247, -0.024094851687550545, -0.8618042469024658]",8.289755821228027,False,0.0,-1.979135187342763,-0.49478379683569074,4.0,-1.979135187342763,-0.49478379683569074,4.0,0.11160175182253834,1,3,4,4,0.75,-0.3690848177888979,-1.038662684343286,True,2,0.5,7.0,0.46153846153846156,1.0,1.931446204831188
~/anvil/data/cve-targets/libsndfile_repo_src_common.c,598,470,684,"header_put_le_int (psf, size) ;","header_put_le_int (psf, size) ;","						header_put_le_int (psf, size) ;",0.007171630859375,"[[1144, 20883, 15557, 11751, 4042, 320, 1690, 69, 11, 1379, 8, 2587, 151643]]","[-0.018242087215185165, -0.000164018536452204, -6.437280717364047e-06, -0.0008949803304858506, -0.00022968991834204644, -0.00013207517622504383, -5.364403477869928e-06, -4.291525328881107e-06, -5.245071224635467e-05, -0.0012985378270968795, -0.003137667663395405, -0.07271119207143784, -0.4755766987800598]",10.183334350585938,True,0.0,-0.5724554914404507,-0.04403503780311159,13.0,-0.0968787926603909,-0.008073232721699242,12.0,0.00040416652093487604,1,11,11,11,1.0,-0.8883220769914243,-1.0890148372290465,False,11,0.8461538461538461,0.0,1.0,0.0,0.862180314836458
~/anvil/data/cve-targets/libpng_repo_pngrutil.c,312,278,370,*/,*/,    */,0.82421875,"[[262, 639, 151643]]","[-0.4968142509460449, -0.8381174802780151, -0.08240777254104614]",1.8161455392837524,True,0.0,-1.4173395037651062,-0.4724465012550354,3.0,-1.33493173122406,-0.66746586561203,2.0,0.029121973588107863,0,3,3,3,1.0,-1.234847791421118,-1.131909751509805,False,1,0.3333333333333333,0.0,1.0,0.0,0.7647780682258182
~/anvil/data/cve-targets/libpng_repo_pngset.c,456,444,497,if (num_palette < 0 || num_palette > PNG_MAX_PALETTE_LENGTH),if (num_palette > (int)max_palette_length),   if (num_palette > (int)max_palette_length),0.3984375,"[[256, 421, 320, 2413, 66252, 861, 320, 396, 8, 2810, 66252, 5118, 8, 151664]]","[-0.15763674676418304, -0.05284974351525307, -0.48520463705062866, -0.06775996088981628, -4.9828242481453344e-05, -0.318789541721344, -0.7912791967391968, -0.022212054580450058, -0.006286489311605692, -0.017624083906412125, -0.00019739109848160297, -0.00015043080202303827, -0.06789997965097427, -0.5318220257759094]",9.136282920837402,False,0.0,-2.5197621100487595,-0.17998300786062568,14.0,-1.98794008427285,-0.15291846802098846,13.0,0.053605242561236714,1,18,17,17,1.0588235294117647,-2.605555137691501,-1.060878334805332,True,17,1.2142857142857142,33.0,0.5686274509803921,10.0,2.0706589416423538
~/anvil/data/cve-targets/openssl_repo_crypto_pkcs7_pk7_doit.c,519,307,546,if (PKCS7_is_detached(p7) || (in_bio != NULL)) {,if (in_bio == NULL) {<|cursor|>,    if (in_bio == NULL) {<|cursor|>,0.72265625,"[[262, 421, 320, 258, 89641, 621, 1770, 8, 314, 27, 91, 17437, 91, 29, 151643]]","[-0.07354897260665894, -0.07854244112968445, -0.048593007028102875, -0.4455602169036865, -0.0001530530134914443, -0.20493245124816895, -0.0012559153838083148, -0.07844490557909012, -0.06757792085409164, -0.7625482678413391, -3.45700973412022e-05, -0.00020096666412428021, -8.916457591112703e-05, -0.003111048135906458, -0.0002857038634829223]",7.541666507720947,False,0.0,-1.7648786049248884,-0.11765857366165923,15.0,-1.7645929010614054,-0.12604235007581469,14.0,0.044589928238242635,1,25,16,16,1.5625,-5.7334399871576585,-1.019417894193919,True,19,1.2666666666666666,38.0,0.5063291139240507,20.0,2.306264412780495
~/anvil/data/cve-targets/libxml2_repo_xmlmemory.c,768,733,772,},},	},0.275390625,"[[197, 92, 151664]]","[-0.21669743955135345, -0.3069729506969452, -0.4459892809391022]",5.073611259460449,True,0.0,-0.9696596711874008,-0.3232198903958003,3.0,-0.5236703902482986,-0.2618351951241493,2.0,0.0020374169781494644,0,2,2,2,1.0,-1.0517708471904372,-1.0433843461724992,False,1,0.3333333333333333,0.0,1.0,0.0,0.9197492912789509
~/anvil/data/cve-targets/libtiff_repo_libtiff_tif_read.c,89,46,147,uint8_t* new_rawdata;,uint8_t* new_rawdata;,                uint8_t* new_rawdata;,0.09130859375,"[[394, 2622, 23, 528, 9, 501, 16067, 691, 26, 151643]]","[-0.07822610437870026, -0.27223849296569824, -0.00047743841423653066, -0.00098525604698807, -0.2535812258720398, -0.012629645876586437, -4.2914423829643056e-05, -1.9907753085135482e-05, -0.1721625179052353, -0.005304547492414713]",5.918228626251221,True,0.0,-0.7956680511288141,-0.07956680511288142,10.0,-0.7903635036363994,-0.08781816707071105,9.0,0.011658769533961867,0,7,7,7,1.0,-1.0397460661696396,-1.0215838066218617,False,8,0.8,0.0,1.0,0.0,1.0109508848009883
~/anvil/data/cve-targets/poppler_repo_poppler_Parser.cc,322,305,331,},} else,    } else,0.0654296875,"[[262, 335, 770]]","[-0.06794408708810806, -0.06520923227071762, -0.8741514682769775]",8.98194408416748,False,0.0,-1.0073047876358032,-0.33576826254526776,3.0,-1.0073047876358032,-0.33576826254526776,3.0,0.1449294846787883,0,2,3,3,0.6666666666666666,-0.19486561059706728,-1.056792853528272,True,1,0.3333333333333333,5.0,0.2857142857142857,1.0,1.8551457250522772
~/anvil/data/cve-targets/lua_repo_ldo.c,285,255,292,lua_lock(L);,lua_lock(L);,    lua_lock(L);,0.0228271484375,"[[262, 20357, 9818, 4957, 1215, 151643]]","[-0.03210556507110596, -0.025743870064616203, -0.0004752936656586826, -0.0008987916517071426, -0.06439461559057236, -0.05977066233754158]",7.797916889190674,True,0.0,-0.18338879838120192,-0.03056479973020032,6.0,-0.12361813604366034,-0.024723627208732068,5.0,0.0005569851380432912,0,9,9,9,1.0,-0.9232928584782149,-1.025969513079399,False,4,0.6666666666666666,0.0,1.0,0.0,1.0125733770047052
~/anvil/data/cve-targets/libsndfile_repo_src_alaw.c,327,320,332,if (ptr [i] >= 0),if (ptr [i] >= 0),		if (ptr [i] >= 0),0.09326171875,"[[197, 743, 320, 3505, 508, 72, 60, 2604, 220, 15, 8, 151643]]","[-0.007111001759767532, -0.017550641670823097, -0.014964466914534569, -0.15344811975955963, -0.0019340872531756759, -0.0001714082609396428, -0.0013180625392124057, -0.15794624388217926, -0.015977684408426285, -0.0015441172290593386, -0.46825623512268066, -0.3608464300632477]",7.031944274902344,True,0.0,-1.2010684988636058,-0.10008904157196714,12.0,-0.8402220688003581,-0.07638382443639619,11.0,0.018583961168546704,1,17,17,17,1.0,-1.2209616294829255,-1.0065098139307416,False,10,0.8333333333333334,0.0,1.0,0.0,1.1657392256725512
~/anvil/data/cve-targets/poppler_repo_poppler_Parser.cc,245,188,287,},},    },0.2890625,"[[262, 335, 151643]]","[-0.0361587330698967, -0.2885599732398987, -0.3132874369621277]",7.763194561004639,True,0.0,-0.6380061432719231,-0.21266871442397436,3.0,-0.3247187063097954,-0.1623593531548977,2.0,0.015926596509838756,1,2,2,2,1.0,-1.7803871128029325,-1.0250792982608874,False,1,0.3333333333333333,0.0,1.0,0.0,0.9712414898481193
~/anvil/data/cve-targets/libxml2_repo_valid.c,1214,1186,1278,if (size - len < xmlStrlen(content->name) + 10) {,if (content->name != NULL),"	    if (content->name != NULL)
		strcat(buf, (char *) content->name);
	    break;
        }
	case XML_ELEMENT_CONTENT_OR",0.08642578125,"[[2760, 421, 320, 1796, 405, 606, 961, 1770, 340, 197, 51117, 10731, 11, 320, 1762, 2586, 2213, 405, 606, 317, 2760, 1438, 280, 286, 456, 2722, 11874, 27156, 25560, 19834]]","[-0.20576782524585724, -0.07464087754487991, -0.08994855731725693, -0.546341061592102, -0.00030870441696606576, -0.14747129380702972, -0.23199233412742615, -0.00024720950750634074, -0.20746088027954102, -0.049319494515657425, -0.032013438642024994, -0.000387831823900342, -0.000522357877343893, -0.008011233061552048, -0.0007097586058080196, -0.0006148116663098335, -0.0014615101972594857, -1.0967194612021558e-05, -0.00021109737281221896, -0.006748503539711237, -0.18730324506759644, -0.13406087458133698, -0.017052223905920982, -0.6723598837852478, -0.08128739148378372, -0.17094366252422333, -8.797258487902582e-05, -1.0609570381348021e-05, -0.0002343380037928, -1.013049840927124]",6.988889217376709,False,4.0,-3.8805797907698434,-0.12935265969232812,30.0,-1.5534982383542228,-0.15534982383542228,10.0,0.02341960907827632,1,27,42,16,0.6428571428571429,-0.556330088546219,-1.005427013337335,True,19,0.6333333333333333,31.0,0.5333333333333333,17.0,2.2813935881117073
~/anvil/data/cve-targets/poppler_repo_poppler_Parser.cc,270,188,287,"str = baseStr->makeSubStream(pos, true, length, std::move(dict));","str = new Stream(str, length, dict, fileKey, encAlgorithm, keyLength, { objNum, objGen });","    str = new Stream(str, length, dict, fileKey, encAlgorithm, keyLength, { objNum, objGen });",1.1875,"[[262, 607, 284, 501, 9203, 4199, 11, 3084, 11, 6451, 11, 1034, 1592, 11, 3209, 27847, 11, 1376, 4373, 11, 314, 2839, 4651, 11, 2839, 9967, 18113, 151643]]","[-0.2192578911781311, -0.7163792252540588, -0.07311759144067764, -0.2030584216117859, -0.8291608691215515, -1.2201725244522095, -0.11466304957866669, -1.454264521598816, -0.3185977339744568, -1.1112926006317139, -0.9465126395225525, -1.4964439868927002, -0.0014598437119275331, -0.021564535796642303, -0.029868323355913162, -8.356221951544285e-05, -0.010947994887828827, -0.0307871475815773, -3.8742269680369645e-05, -0.3571772873401642, -0.7264769673347473, -0.033313293009996414, -0.0002810560108628124, -0.0007002285565249622, -0.00037305548903532326, -3.8742269680369645e-05, -0.5094316005706787, -0.09583783149719238]",6.128471374511719,False,0.0,-10.521301267159288,-0.37576075954140314,28.0,-10.425463435662095,-0.3861282753948924,27.0,0.23247246410446779,0,29,30,30,0.9666666666666667,-3.075402853586795,-1.0162283785230144,True,19,0.6785714285714286,63.0,0.43870967741935485,22.0,2.4228750264079415
~/anvil/data/cve-targets/lua_repo_lstate.h,162,7,312,} transferinfo;,int transferinfo;  /*,      int transferinfo;  /*,0.01373291015625,"[[414, 526, 8317, 2733, 26, 220, 1391]]","[-0.2075822502374649, -1.1457091569900513, -0.12565748393535614, -2.9205850296420977e-05, -0.23089635372161865, -0.10216158628463745, -0.0009173714206553996]",8.89670181274414,False,0.0,-1.8129534084400802,-0.2589933440628686,7.0,-1.8129534084400802,-0.2589933440628686,7.0,0.13796253695840474,0,5,7,7,0.7142857142857143,-0.05302418178328337,-1.0545431659042375,True,4,0.5714285714285714,7.0,0.7777777777777778,7.0,1.8883877819248025
~/anvil/data/cve-targets/libtiff_repo_libtiff_tif_jbig.c,98,39,108,"TIFFWarningExt(tif->tif_clientdata, ""JBIG"",","TIFFWarningExt(tif->tif_clientdata, ""JBIG"",","	    TIFFWarningExt(tif->tif_clientdata, ""JBIG"",",0.06640625,"[[2760, 74121, 12087, 6756, 1155, 333, 405, 84340, 8179, 691, 11, 330, 46107, 1914, 497, 151664]]","[-0.028605224564671516, -0.016461510211229324, -0.5271177887916565, -0.0010312244994565845, -0.0025547267869114876, -8.821448318485636e-06, -3.242440288886428e-05, -4.2914423829643056e-05, -9.452849917579442e-05, -6.556489552167477e-06, -0.010938325896859169, -0.0009132028790190816, -0.0022712168283760548, -0.0018149822717532516, -0.3161641061306, -0.3581443727016449]",4.648611545562744,True,0.0,-1.2662019268259428,-0.07913762042662142,16.0,-0.9080575541242979,-0.06053717027495319,15.0,0.021604496412341665,1,13,13,13,1.0,-1.0969500176237192,-1.0545294006021737,False,15,0.9375,0.0,1.0,0.0,0.986416825137813
~/anvil/data/cve-targets/libxml2_repo_valid.c,694,599,739,if ((ocur == XML_ELEMENT_CONTENT_PLUS) ||,if ((ocur == XML_ELEMENT_CONTENT_OPT) ||,	    if ((ocur == XML_ELEMENT_CONTENT_OPT) ||,0.3046875,"[[2760, 421, 1781, 509, 324, 621, 11874, 27156, 25560, 28264, 8, 1369, 151643]]","[-0.021093325689435005, -0.2674807906150818, -0.24676208198070526, -0.03634750470519066, -0.00015436411194968969, -0.20242585241794586, -0.0004991239402443171, -8.34461570775602e-06, -9.452849917579442e-05, -0.27235668897628784, -0.007177757099270821, -0.10443703085184097, -0.4456774890422821]",8.928646087646484,False,0.0,-1.6045148825451179,-0.12342422173423984,13.0,-1.1588373935028358,-0.09656978279190298,12.0,0.012367348323532631,0,11,11,11,1.0,-3.155101846470622,-1.0553856676930207,True,11,0.8461538461538461,4.0,0.9382716049382716,1.0,1.9934068634117819
~/anvil/data/cve-targets/sqlite3_repo_ext_misc_zipfile.c,380,370,390,pTab->pWriteFd = 0;,pTab->pWriteFd = 0;,    pTab->pWriteFd = 0;,0.0291748046875,"[[262, 281, 8582, 405, 79, 7985, 74476, 284, 220, 15, 26, 151664]]","[-0.039830293506383896, -0.06559714674949646, -0.001001690630801022, -6.90197994117625e-05, -0.004649304784834385, -0.001817957148887217, -0.00021360022947192192, -0.0025446198415011168, -0.003320420393720269, -7.176141662057489e-05, -0.18691934645175934, -0.393390029668808]",9.986806869506836,True,0.0,-0.699425190621696,-0.05828543255180799,12.0,-0.30603516095288796,-0.02782137826844436,11.0,0.0029415854774214284,0,10,10,10,1.0,-1.0486469939050693,-1.0836774262446136,False,10,0.8333333333333334,0.0,1.0,0.0,0.8682534243939773
~/anvil/data/cve-targets/poppler_repo_fofi_FoFiTrueType.cc,1311,1022,1326,} else if (needVerticalMetrics && i == t42VheaTable) {,} else if (needVerticalMetrics && i == t42VheaTable) {,                } else if (needVerticalMetrics && i == t42VheaTable) {,0.0013961791992187,"[[394, 335, 770, 421, 320, 17046, 18612, 27328, 1009, 600, 621, 259, 19, 17, 53, 39933, 2556, 8, 314, 151664]]","[-0.0007630059262737632, -0.000987756997346878, -0.00016592556494288146, -0.00039521988946944475, -0.00169955228921026, -0.01544796209782362, -0.000129691296024248, -1.9311717551317997e-05, -0.00024768622824922204, -0.001861388562247157, -6.496695277746767e-05, -4.756337511935271e-05, -1.5139465176616795e-05, -1.0490362910786644e-05, -0.00045253525604493916, -1.9192511899746023e-05, -0.00011526874004630372, -0.0018250966677442193, -0.0017939202953130007, -0.03169127181172371]",16.32291603088379,True,0.0,-0.057752946007894934,-0.0028876473003947465,20.0,-0.026061674196171225,-0.0013716670629563804,19.0,1.1465228682149817e-05,1,15,15,15,1.0,-1.017870325040457,-1.2696776006685393,False,18,0.9,0.0,1.0,0.0,0.4167967580918045
~/anvil/data/cve-targets/sqlite3_repo_src_vdbe.c,2055,1933,2062,pIn3->flags = flags3;,pIn1->flags = flags1;,"  pIn1->flags = flags1;
  pIn3->",0.373046875,"[[220, 281, 641, 16, 405, 11161, 284, 8042, 16, 280, 220, 281, 641, 18, 405]]","[-0.6465588808059692, -0.8227109313011169, -0.004107135813683271, -0.10106766223907471, -0.005282254423946142, -0.013426834717392921, -0.030972199514508247, -0.13438431918621063, -0.002207106677815318, -0.5719096064567566, -0.005627503618597984, -0.21561521291732788, -0.0010334871476516128, -0.021862221881747246, -0.00019298121333122253]",5.946005821228027,False,1.0,-2.57695833791513,-0.17179722252767532,15.0,-2.338254434755072,-0.21256858497773382,11.0,0.08676613725411891,1,10,12,10,0.8333333333333334,-1.7549482913435963,-1.0208746345709476,True,9,0.6,2.0,0.9047619047619048,2.0,2.084848838694133
~/anvil/data/cve-targets/poppler_repo_poppler_XRef.cc,1491,1486,1515,{,{,{,0.08203125,[[90]],[-0.08211296796798706],9.860416412353516,True,0.0,-0.08211296796798706,-0.08211296796798706,1.0,-0.08211296796798706,-0.08211296796798706,1.0,0.0,1,2,2,2,1.0,-0.9990048104457883,-1.080258668186225,False,1,1.0,0.0,1.0,0.0,0.7937252091081014
~/anvil/data/cve-targets/poppler_repo_fofi_FoFiTrueType.cc,1313,1022,1326,} else if (needVerticalMetrics && i == t42VmtxTable) {,} else if (needVerticalMetrics && i == t42VmtxTable) {,                } else if (needVerticalMetrics && i == t42VmtxTable) {,0.0027008056640625,"[[394, 335, 770, 421, 320, 17046, 18612, 27328, 1009, 600, 621, 259, 19, 17, 53, 90310, 2556, 8, 314, 151664]]","[-0.00035291642416268587, -0.00021717573690693825, -8.701899787411094e-05, -0.0023409125860780478, -0.0004800597671419382, -0.00282947882078588, -0.00011062010162277147, -1.9550132492440753e-05, -0.0002989322238136083, -0.0004602803383022547, -9.345571743324399e-05, -5.1973900554003194e-05, -3.2305197237292305e-05, -2.4318398573086597e-05, -9.798523387871683e-05, -0.00010239553375868127, -8.05822346592322e-05, -0.007390894927084446, -0.03397352993488312, -0.06773378700017929]",14.92013931274414,True,0.0,-0.11677817320742179,-0.00583890866037109,20.0,-0.049044386207242496,-0.0025812834845917103,19.0,5.770935022355291e-05,1,15,15,15,1.0,-1.0463033913881392,-1.2259224641240167,False,18,0.9,0.0,1.0,0.0,0.5356613253890423
~/anvil/data/cve-targets/libxml2_repo_xmlmemory.c,142,129,178,TEST_POINT,#ifdef DEBUG_MEMORY,"#ifdef DEBUG_MEMORY
",1.09375,"[[5753, 12657, 30048, 198]]","[-0.40383777022361755, -1.2245923280715942, -0.1302536129951477, -0.4368022680282593]",5.120833873748779,False,1.0,-2.1954859793186188,-0.5488714948296547,4.0,-2.1954859793186188,-0.5488714948296547,4.0,0.1663584670844382,1,2,5,5,0.4,-1.9927250919442472,-1.0421532895735217,True,2,0.5,17.0,0.2068965517241379,4.0,2.0331276451488542
~/anvil/data/cve-targets/libtiff_repo_libtiff_tif_predict.c,49,-106,199,PredictorSetup(TIFF* tif),PredictorSetup(TIFF* tif),PredictorSetup(TIFF* tif),0.16796875,"[[53544, 269, 21821, 4140, 29035, 9, 259, 333, 8, 151662]]","[-0.13352903723716736, -0.0005133026279509068, -0.5817817449569702, -0.5001087784767151, -9.775113539944869e-06, -0.003308182582259178, -0.007710812147706747, -0.0008223251206800342, -0.2946871221065521, -0.012980369850993156]",2.574479579925537,True,0.0,-1.5354514502205348,-0.15354514502205346,10.0,-1.5224710803695416,-0.1691634533743935,9.0,0.04841935196303779,0,11,11,11,1.0,-0.9929375798935165,-1.1106527446978707,False,9,0.9,0.0,1.0,0.0,0.8251070969861181
~/anvil/data/cve-targets/lua_repo_lstate.h,278,123,428,l_uint32 nCcalls;  /* number of nested (non-yieldable | C)  calls */,int stacksize;,"  int stacksize;
  int basehookcount;",0.54296875,"[[220, 526, 5611, 2141, 280, 220, 526, 2331, 20873, 1830, 26, 151643]]","[-0.21720468997955322, -0.9807918071746826, -0.3400115668773651, -0.014781715348362923, -0.658992350101471, -0.009569015353918076, -0.015516511164605618, -0.31467264890670776, -0.04012236371636391, -6.16293036728166e-05, -0.03695990890264511, -0.20153924822807312]",8.384723663330078,False,1.0,-2.8302234550574212,-0.23585195458811845,12.0,-2.221351144835353,-0.37022519080589217,6.0,0.12281985719878037,1,6,9,5,0.6666666666666666,-1.466590506221595,-1.0411316028769697,True,24,2.0,60.0,0.2195121951219512,3.0,2.007293919765966
~/anvil/data/cve-targets/poppler_repo_fofi_FoFiType1C.cc,1459,1449,1462,if(ok) {,if (ok) {,                    if (ok) {,1.4453125,"[[503, 421, 320, 562, 8, 314, 151664]]","[-0.09014389663934708, -0.04096019268035889, -0.057538487017154694, -0.016592133790254593, -0.08421124517917633, -0.3159071207046509, -0.15715277194976807]",12.881250381469728,False,0.0,-0.7625058479607105,-0.10892940685153008,7.0,-0.6053530760109425,-0.10089217933515708,6.0,0.00986718124970327,1,10,10,10,1.0,-14.325317477767712,-1.1650003288199522,True,4,0.5714285714285714,1.0,0.9411764705882353,0.0,1.8380769096335938
~/anvil/data/cve-targets/php_repo_ext_phar_phar.c,1513,1391,1530,},},			},0.2373046875,"[[298, 197, 92, 151643]]","[-0.01088467426598072, -4.2199197196168825e-05, -0.23740550875663757, -0.629783034324646]",6.5807294845581055,True,0.0,-0.8781154165444605,-0.21952885413611511,4.0,-0.24833238221981446,-0.08277746073993815,3.0,0.011974509827663555,0,2,2,2,1.0,-2.8667790166400473,-1.004803151484263,False,1,0.25,0.0,1.0,0.0,1.0192825752862922
~/anvil/data/cve-targets/libsndfile_repo_src_common.c,583,470,684,"double64_le_write (doubledata, psf->header.ptr + psf->header.indx) ;","double64_le_write (doubledata, psf->header.ptr + psf->header.indx) ;","						double64_le_write (doubledata, psf->header.ptr + psf->header.indx) ;",0.0033111572265625,"[[1144, 8646, 21, 19, 11751, 9165, 320, 4331, 691, 11, 4726, 69, 405, 2708, 38740, 488, 4726, 69, 405, 2708, 28473, 87, 8, 2587, 151643]]","[-0.016636569052934647, -0.006630207411944866, -0.002316412515938282, -6.198863957251888e-06, -0.0004378790326882154, -4.625213477993384e-05, -0.00043704494601115584, -0.0005690624238923192, -3.266281055402942e-05, -0.00014780859055463225, -0.000918681500479579, -5.960462772236497e-07, -7.152531907195225e-06, -1.2636104656849056e-05, -2.4437606043647975e-05, -9.524368942948058e-05, -0.0002315968304174021, -1.9073468138230965e-06, -2.0265558760002023e-06, -1.1801649634435307e-05, -2.0146166207268834e-05, -5.245195097813848e-06, -0.00047779586748220026, -0.06322263926267624, -0.43005043268203735]",8.8895845413208,True,0.0,-0.5223424368182918,-0.020893697472731673,25.0,-0.09229200413625449,-0.0038455001723439373,24.0,0.00016542341986567114,0,26,26,26,1.0,-0.8610472183503399,-1.054355545848034,False,23,0.92,0.0,1.0,0.0,1.1261317395812147
~/anvil/data/cve-targets/openssl_repo_crypto_bn_bn_gf2m.c,812,790,817,"ret = BN_GF2m_mod_exp_arr(r, a, b, arr, ctx);","ret = BN_GF2m_mod_exp_arr(r, a, b, arr, ctx);","    ret = BN_GF2m_mod_exp_arr(r, a, b, arr, ctx);",0.04296875,"[[262, 2112, 284, 45316, 79365, 17, 76, 7480, 14214, 11210, 2601, 11, 264, 11, 293, 11, 2890, 11, 5635, 1215, 151643]]","[-0.05367618799209595, -0.11949320882558823, -0.002485997276380658, -0.025624314323067665, -0.0011118428083136678, -9.179073458653875e-06, -1.1801649634435307e-05, -0.0016070796409621835, -0.002354827243834734, -0.0055027916096150875, -0.003271467750892043, -0.0010194348869845271, -0.0015250729629769921, -0.00036900385748595, -0.0012654400197789073, -0.00036197309964336455, -0.19750359654426575, -0.01100058201700449, -0.3658599257469177, -0.07277437299489975, -0.05126705765724182]",8.455036163330078,True,0.0,-0.9180951579810426,-0.04371881704671631,21.0,-0.8668281003238008,-0.043341405016190035,20.0,0.007929342863104271,0,20,20,20,1.0,-0.991401870427347,-1.0429633264643068,False,19,0.9047619047619048,0.0,1.0,0.0,1.0941846619895557
~/anvil/data/cve-targets/poppler_repo_poppler_FileSpec.cc,124,119,129,{,{,{,0.484375,[[90]],[-0.484360933303833],8.92031192779541,True,0.0,-0.484360933303833,-0.484360933303833,1.0,-0.484360933303833,-0.484360933303833,1.0,0.0,0,2,2,2,1.0,-1.0000290417645186,-1.0551657967778307,False,1,1.0,0.0,1.0,0.0,0.9158918648053367
~/anvil/data/cve-targets/php_repo_ext_phar_zip.c,144,136,159,do {,do {,	do {,0.1396484375,"[[19935, 314, 151664]]","[-0.10729213804006577, -0.17192654311656952, -0.7797673940658569]",4.7819437980651855,True,0.0,-1.0589860752224922,-0.3529953584074974,3.0,-0.2792186811566353,-0.13960934057831764,2.0,0.0010444015798983936,0,3,3,3,1.0,-1.0002800451711926,-1.0510201829921935,False,2,0.6666666666666666,0.0,1.0,0.0,0.892147842668294
~/anvil/data/cve-targets/poppler_repo_poppler_JBIG2Stream.cc,720,673,858,for (yy = y0; yy < y1; ++yy) {,for (yy = y0; yy < y1; yy++) {,    for (yy = y0; yy < y1; yy++) {,0.08349609375,"[[262, 369, 320, 4807, 284, 379, 15, 26, 13197, 366, 379, 16, 26, 13197, 2457, 314, 151664]]","[-0.02672870270907879, -0.2480127364397049, -0.009332957677543163, -0.024004776030778885, -0.0011538759572431445, -0.1009041890501976, -0.0025505651719868183, -0.004885521717369556, -0.0013400870375335217, -0.002925642067566514, -0.0004768426588270813, -0.00011932138295378536, -0.0020542489364743233, -0.5259796977043152, -0.02098056674003601, -0.03890449181199074, -0.20083306729793549]",6.386110782623291,False,0.0,-1.2111872903915355,-0.07124631119950209,17.0,-1.0103542230936,-0.06314713894335,16.0,0.017995228698885327,1,21,21,21,1.0,-1.322246663065848,-1.009703901161711,True,16,0.9411764705882353,4.0,0.9333333333333333,2.0,2.20121645123985
~/anvil/data/cve-targets/poppler_repo_poppler_GfxState.cc,4327,4304,4344,return false;,return false;,            return false;,0.0062255859375,"[[310, 470, 895, 26, 151664]]","[-0.0005035324720665812, -0.000380324519937858, -0.00024720950750634074, -0.02014615200459957, -0.47453567385673523]",14.260416984558104,True,0.0,-0.4958128923608456,-0.09916257847216911,5.0,-0.02127721850411035,-0.005319304626027588,4.0,7.328668450150259e-05,0,5,5,5,1.0,-1.1703758997065028,-1.2058690789694846,False,3,0.6,0.0,1.0,0.0,0.4768952500390199
~/anvil/data/cve-targets/sqlite3_repo_src_pragma.c,513,505,526,if( !zRight ){,if( zRight==0 ){,    if( zRight==0 ){,0.50390625,"[[262, 421, 7, 1147, 5979, 418, 15, 40023, 151664]]","[-0.01987938955426216, -0.13911238312721252, -0.0012717501958832145, -0.33204299211502075, -0.0006311332108452916, -0.6188000440597534, -0.0003333727945573628, -0.06166695058345795, -0.7537034749984741]",9.05920124053955,False,0.0,-1.9274414906394668,-0.21416016562660742,9.0,-1.1737380156409927,-0.14671725195512408,8.0,0.04306385148108718,0,12,13,13,0.9230769230769231,-3.434539860071317,-1.0588359462057184,True,6,0.6666666666666666,4.0,0.8666666666666667,4.0,2.022198897910313
~/anvil/data/cve-targets/php_repo_ext_phar_util.c,1364,1252,1478,PHP_SHA512_CTX context;,PHP_SHA512_CTX context;,			PHP_SHA512_CTX context;,0.026611328125,"[[298, 10025, 6610, 38096, 20, 16, 17, 44233, 2266, 26, 151643]]","[-0.01734493114054203, -0.0012393658980727196, -0.0006646093097515404, -0.00015436411194968969, -0.0003307510633021593, -2.8371408916427754e-05, -1.4305104514278355e-06, -6.365573790390044e-05, -0.18864962458610535, -0.026625167578458786, -0.2522731125354767]",9.368924140930176,True,0.0,-0.4873753838809307,-0.04430685308008461,11.0,-0.23510227134545403,-0.023510227134545404,10.0,0.0031073235059095516,1,5,5,5,1.0,-1.1319043398733442,-1.0670664131427297,False,8,0.7272727272727273,0.0,1.0,0.0,0.8561491892554263
~/anvil/data/cve-targets/poppler_repo_poppler_GfxState.cc,3934,3805,4010,double b;,// If a ==,        // If a == ,1.21875,"[[286, 442, 1416, 264, 621, 220]]","[-0.12650491297245026, -0.9846746921539307, -2.142294406890869, -0.5780247449874878, -0.12493769824504852, -0.0084356889128685]",4.051389217376709,False,0.0,-3.964872144162655,-0.6608120240271091,6.0,-3.964872144162655,-0.6608120240271091,6.0,0.5507951794476224,0,5,2,2,2.5,-1.844321767289758,-1.070392239032981,True,3,0.5,9.0,0.10526315789473684,4.0,2.00742612040215
~/anvil/data/cve-targets/libtiff_repo_libtiff_tif_dir.c,1330,1306,1374,td->td_sampleformat = SAMPLEFORMAT_UINT;,td->td_planarconfig = PLANARCONFIG_CONTIG;,"	td->td_planarconfig = PLANARCONFIG_CONTIG;
	td->",0.431640625,"[[76373, 405, 1296, 26564, 277, 1676, 284, 72566, 934, 24652, 10710, 1914, 280, 76373, 405]]","[-0.1201857402920723, -8.082063141046092e-05, -0.0003240775258745998, -1.3909156322479248, -0.0021918814163655043, -0.11303041130304337, -0.0014119903789833188, -0.0017433458706364036, -8.83301836438477e-05, -0.0008744944934733212, -0.06417305767536163, -0.00027783826226368546, -0.6409244537353516, -0.09385891258716583, -0.00018499570433050394]",4.323090553283691,False,1.0,-2.430265982307901,-0.1620177321538601,15.0,-2.336222074016405,-0.17970939030895422,13.0,0.15053375945161884,0,10,12,10,0.8333333333333334,-2.4018813054672803,-1.0631462013373558,True,10,0.6666666666666666,26.0,0.4878048780487805,2.0,1.978062680153439
~/anvil/data/cve-targets/php_repo_ext_standard_dns.c,738,725,945,#if defined(HAVE_DNS_SEARCH),#if defined(HAVE_DNS_SEARCH),#if defined(HAVE_DNS_SEARCH),0.10791015625,"[[2653, 4512, 10896, 9493, 1557, 2448, 33708, 8, 151664]]","[-0.7574872374534607, -0.013016493991017342, -0.005685468204319477, -9.536697689327411e-06, -0.003526422893628478, -0.00012110930401831865, -0.002519411500543356, -0.07556856423616409, -0.3054792881011963]",5.790972709655762,True,0.0,-1.1634135323820374,-0.12926817026467083,9.0,-0.8579342442808411,-0.10724178053510514,8.0,0.060963959797817505,0,7,7,7,1.0,-1.0062324190400407,-1.0248390465753279,False,8,0.8888888888888888,0.0,1.0,0.0,1.004353093412314
~/anvil/data/cve-targets/libpng_repo_pngrutil.c,1901,1856,1957,*/,*/,    */,0.04443359375,"[[262, 639, 151643]]","[-0.015817411243915558, -0.0459027923643589, -0.031641263514757156]",12.37222385406494,True,0.0,-0.09336146712303162,-0.03112048904101054,3.0,-0.06172020360827446,-0.03086010180413723,2.0,0.0002262825392905822,0,3,3,3,1.0,-1.4398395064284284,-1.1502688596857604,False,1,0.3333333333333333,0.0,1.0,0.0,0.6101253721687667
~/anvil/data/cve-targets/libxml2_repo_HTMLparser.c,4240,4227,4303,return;,return;,	return;,0.462890625,"[[853, 26, 151643]]","[-0.8730351328849792, -0.05290299654006958, -0.11523263156414032]",1.947916269302368,True,0.0,-1.0411707609891891,-0.34705692032972973,3.0,-0.9259381294250488,-0.4629690647125244,2.0,0.16815418026641638,0,4,4,4,1.0,-0.9998305724539649,-1.12818707227163,False,2,0.6666666666666666,0.0,1.0,0.0,0.7376545087532597
~/anvil/data/cve-targets/php_repo_ext_standard_http_fopen_wrapper.c,625,564,637,if (tmp_line[tmp_line_len - 1] == '\r') {,if (tmp_line[tmp_line_len - 1] == '\r') {,				if (tmp_line[tmp_line_len - 1] == '\r') {,0.0196533203125,"[[571, 743, 320, 5173, 6528, 68503, 6528, 6043, 481, 220, 16, 60, 621, 5196, 81, 863, 314, 151664]]","[-0.2533302903175354, -0.017123475670814514, -0.012378061190247536, -0.0023321115877479315, -1.9907753085135482e-05, -0.18750685453414917, -2.50339189733495e-06, -3.790783375734463e-05, -0.008388286456465721, -0.002873936202377081, -0.0020585316233336926, -0.001261987374164164, -0.0007021345663815737, -0.0016897936584427953, -0.0013933007139712572, -0.0018678138731047511, -0.07963782548904419, -0.140262171626091]",19.33055877685547,True,0.0,-0.7128668938626106,-0.03960371632570059,18.0,-0.5726047222365196,-0.03368263071979527,17.0,0.005113853421608956,1,24,24,24,1.0,-0.5834853125337907,-1.3688268774119796,False,16,0.8888888888888888,0.0,1.0,0.0,0.2525744230886614
~/anvil/data/cve-targets/php_repo_ext_standard_dns.c,502,391,729,cp += n;,cp += n;,"			cp += n;
			",0.2255859375,"[[298, 52018, 1421, 308, 280, 298, 197]]","[-0.03310076519846916, -0.1115228459239006, -0.0029534550849348307, -0.006982923019677401, -0.5995933413505554, -0.004119126591831446, -0.18545278906822205]",7.17777681350708,True,1.0,-0.9437252462375909,-0.13481789231965585,7.0,-0.9437252462375909,-0.13481789231965585,7.0,0.0400401886389876,1,7,7,7,1.0,-1.6732640869739406,-1.0101860583417925,False,4,0.5714285714285714,0.0,1.0,0.0,1.0599234741675294
~/anvil/data/cve-targets/libtiff_repo_libtiff_tif_predict.c,4,-151,154,*,*, *,0.53515625,[[353]],[-0.5349560379981995],8.350868225097656,True,0.0,-0.5349560379981995,-0.5349560379981995,1.0,-0.5349560379981995,-0.5349560379981995,1.0,0.0,0,2,2,2,1.0,-1.0003742587943296,-1.0402507765222553,False,1,1.0,0.0,1.0,0.0,0.9631781911165691
~/anvil/data/cve-targets/libtiff_repo_libtiff_tif_next.c,118,39,140,while (n-- > 0 && npixels < imagewidth),if (npixels + n > imagewidth),"				if (npixels + n > imagewidth)
					n = imagewidth - npixels;
				",0.81640625,"[[571, 743, 320, 6199, 10274, 488, 308, 861, 6532, 28357, 340, 464, 9038, 284, 6532, 28357, 481, 2595, 10274, 280, 571, 197]]","[-0.2691485583782196, -0.24067655205726624, -0.48654165863990784, -0.3849906325340271, -2.8609820219571702e-05, -0.38708531856536865, -0.026132414117455482, -0.11341436952352524, -0.1527545154094696, -8.821448318485636e-06, -0.44488298892974854, -0.3213372826576233, -0.3677142858505249, -0.003784400876611471, -0.05862192064523697, -4.6491513785440475e-06, -0.014689857140183449, -0.002740082796663046, -3.302042750874534e-05, -0.6617116928100586, -0.17777366936206818, -0.8843393325805664]",6.729861736297607,False,2.0,-4.99841463372195,-0.22720066516917956,22.0,-2.8270017220811496,-0.2355834768400958,12.0,0.028100421605625567,1,20,22,15,0.9090909090909091,-3.4654648150648626,-1.0010639124165104,True,14,0.6363636363636364,19.0,0.6764705882352942,11.0,2.3118387076114555
~/anvil/data/cve-targets/lua_repo_ldebug.c,114,103,121,L->oldpc = L->ci->u.l.savedpc;,L->ci->callstatus |= CIST_HOOKED;,"    L->ci->callstatus |= CIST_HOOKED;
  else
    L->ci->call",0.703125,"[[262, 444, 405, 5855, 405, 6659, 2829, 8662, 356, 3846, 82251, 1479, 280, 220, 770, 198, 262, 444, 405, 5855, 405, 6659]]","[-0.06494451314210892, -1.0012747049331665, -0.0162891186773777, -0.6663348078727722, -0.00490106176584959, -0.07813449203968048, -0.11032094806432724, -0.035530999302864075, -0.004862270317971706, -0.002020938089117408, -0.5483749508857727, -0.015007331036031246, -0.2763736844062805, -0.0162817295640707, -0.14904563128948212, -0.1747041940689087, -0.004264547023922205, -0.6120255589485168, -0.005092980805784464, -0.6445563435554504, -0.0033002218697220087, -0.14916157722473145]",4.754166603088379,False,2.0,-4.582802604883909,-0.20830920931290497,22.0,-2.840651550097391,-0.20290368214981364,14.0,0.09084537859858326,1,22,21,13,1.0476190476190477,-3.4653141458559076,-1.0517502962827816,True,14,0.6363636363636364,28.0,0.3492063492063492,12.0,2.1818431687261626
~/anvil/data/cve-targets/openssl_repo_crypto_evp_encode.c,151,139,193,if ((ctx->num + inl) < ctx->length) {,if (inl <= ctx->length - ctx->num) {,    if (inl <= ctx->length - ctx->num) {,0.380859375,"[[262, 421, 320, 258, 75, 2651, 5635, 405, 4129, 481, 5635, 405, 2413, 8, 314, 151643]]","[-0.12022791057825089, -0.14989738166332245, -0.22835664451122284, -0.43650513887405396, -0.0018249776912853122, -1.049852967262268, -0.4790266752243042, -7.772143726469949e-05, -0.06592085212469101, -0.212348073720932, -0.0025923000648617744, -9.42901024245657e-05, -0.0005981324939057231, -0.04233098030090332, -0.255400687456131, -0.1307954490184784]",5.524479389190674,False,0.0,-3.1758501825243,-0.19849063640776876,16.0,-3.045054733505822,-0.2030036489003881,15.0,0.0739718109847489,1,25,22,22,1.1363636363636365,-1.8761208336057247,-1.0316896607838768,True,15,0.9375,23.0,0.6575342465753424,11.0,2.2270172929354795
~/anvil/data/cve-targets/sqlite3_repo_src_where.c,2686,2336,2707,&& pProbe->aiRowLogEst[saved_nEq+1]>=42  /* TUNING: Minimum for skip-scan */,&& pProbe->aiRowLogEst[saved_nEq+1]>=42 /* TUNING: Minimum for skip-scan */,   && pProbe->aiRowLogEst[saved_nEq+1]>=42 /* TUNING: Minimum for skip-scan */,0.1416015625,"[[256, 1009, 281, 81426, 405, 2143, 3102, 2201, 13782, 11880, 4141, 1089, 27312, 10, 16, 73775, 19, 17, 1391, 350, 1861, 1718, 25, 30925, 369, 10706, 1331, 4814, 639, 151643]]","[-0.03767893835902214, -0.004729157313704491, -1.1275148391723633, -0.6605631113052368, -9.870042413240299e-05, -0.07936181128025055, -0.016193294897675514, -0.0009964506607502699, -2.932505594799295e-05, -0.047576624900102615, -1.823885577323381e-05, -6.425174069590867e-05, -0.012629881501197815, -0.43222591280937195, -0.0033144797198474407, -0.9043232798576355, -0.00881943665444851, -0.029373809695243835, -0.7940412163734436, -0.012862456031143665, -0.15161430835723877, -0.0005297449533827603, -0.044360723346471786, -0.48287683725357056, -0.07610980421304703, -0.0022072256542742252, -2.9444261599564925e-05, -1.9073468138230965e-06, -0.2794991731643677, -0.053877271711826324]",6.110417366027832,False,0.0,-5.26352165687058,-0.175450721895686,30.0,-5.209644385158754,-0.17964290983306047,29.0,0.09518845100823838,1,18,18,18,1.0,-0.7882390829206021,-1.0166871569442804,True,29,0.9666666666666667,1.0,0.9933774834437086,0.0,2.1559959614711013
~/anvil/data/cve-targets/poppler_repo_poppler_Annot.cc,5212,5190,5241,if (path->getCoordsLength() != 0) {,if (path->getCoordsLength() > 1) {,            if (path->getCoordsLength() > 1) {,0.466796875,"[[310, 421, 320, 2343, 405, 455, 34344, 4373, 368, 861, 220, 16, 8, 314, 151664]]","[-0.0019665679428726435, -0.03544723987579346, -0.03547174856066704, -0.026461368426680565, -0.3210935592651367, -0.07446771115064621, -0.029738150537014008, -0.004267158452421427, -0.11576493084430695, -0.5648378729820251, -0.001004906021989882, -0.6781375408172607, -0.011659336276352406, -0.11364784091711044, -0.20979902148246765]",10.169445037841797,False,0.0,-2.2237649535527453,-0.14825099690351634,15.0,-2.0139659320702776,-0.14385470943359127,14.0,0.044886861941706054,1,20,20,20,1.0,-3.2449189660731332,-1.088636761181619,True,13,0.8666666666666667,3.0,0.927536231884058,2.0,2.027281170271585
~/anvil/data/cve-targets/sqlite3_repo_src_resolve.c,184,173,190,assert( pExTab!=0 );,if( pExTab==0 ){,"  if( pExTab==0 ){
    result = ((",0.71875,"[[220, 421, 7, 281, 840, 8582, 418, 15, 10959, 262, 1102, 284, 1781]]","[-0.024646881967782974, -0.6364552974700928, -0.002154411980882287, -0.3632010817527771, -0.03124040924012661, -0.00013326710904948413, -0.16725848615169525, -0.015672840178012848, -0.753996729850769, -0.01257055252790451, -0.9710969924926758, -0.002438668627291918, -0.6911786794662476]",6.65711784362793,False,1.0,-3.672044298815308,-0.282464946062716,13.0,-2.007329958229093,-0.2007329958229093,10.0,0.07325312330805736,1,12,14,13,0.8571428571428571,-3.580627076547474,-1.0028861009729182,True,8,0.6153846153846154,8.0,0.6666666666666667,8.0,2.202855643483991
~/anvil/data/cve-targets/php_repo_ext_exif_exif.c,1560,1516,1562,return 0;,return 0;,	return 0;,0.3125,"[[853, 220, 15, 26, 151643]]","[-0.546863853931427, -0.14016559720039368, -0.004571937955915928, -0.3802182078361511, -0.12591607868671417]",5.045834064483643,True,0.0,-1.197735675610602,-0.2395471351221204,5.0,-1.0718195969238877,-0.26795489923097193,4.0,0.04402348636864055,0,5,5,5,1.0,-1.1662410386855104,-1.0441091550683317,False,4,0.8,0.0,1.0,0.0,0.9568639371709067
~/anvil/data/cve-targets/lua_repo_ldebug.c,754,747,794,lu_byte mask = L->hookmask;,"int oldpc = pcRel(L->oldpc, ci_func(ci","  int oldpc = pcRel(L->oldpc, ci_func(ci",0.5234375,"[[220, 526, 2310, 3992, 284, 13312, 6740, 4957, 405, 813, 3992, 11, 11825, 9596, 77434]]","[-0.1961396038532257, -0.6858925819396973, -1.4803292751312256, -0.0014841266674920917, -0.026276063174009323, -0.6802672743797302, -0.036877188831567764, -0.3058337867259979, -0.011253338307142258, -0.06215941905975342, -5.94836674281396e-05, -0.012540650554001331, -0.18332771956920624, -0.026599282398819923, -0.003006464336067438]",4.173784732818604,False,0.0,-3.7120462585953646,-0.2474697505730243,15.0,-3.7120462585953646,-0.2474697505730243,15.0,0.15856658173260849,1,11,14,14,0.7857142857142857,-2.115157504252392,-1.0671219646754977,True,9,0.6,34.0,0.27692307692307694,11.0,1.990985034367471
~/anvil/data/cve-targets/php_repo_ext_phar_phar.c,938,632,1125,if (manifest_count > ((manifest_len - 10 - tmp_len) / (5 * 4 + 1))) {,if (buffer + 5 * 4 + 1 > endbuffer) {,"	if (buffer + 5 * 4 + 1 > endbuffer) {
		MAPPHAR_FAIL(""internal corruption of phar \""%s\"" (truncated manifest header)"")
	}
",0.75,"[[743, 320, 7573, 488, 220, 20, 353, 220, 19, 488, 220, 16, 861, 835, 7573, 8, 341, 197, 9209, 2537, 10842, 934, 11878, 445, 10481, 21252, 315, 1319, 277, 32328, 82, 2105, 320, 376, 38007, 14455, 4247, 19107, 197, 532]]","[-0.10219688713550568, -0.1394723504781723, -0.7363442778587341, -0.023451577872037888, -0.08986008167266846, -0.771722137928009, -0.33762210607528687, -0.29356738924980164, -0.019203344359993935, -0.22650521993637085, -0.020708072930574417, -0.02488749288022518, -0.07427792251110077, -0.0009592937421984971, -4.100715523236431e-05, -0.04465603455901146, -0.47568589448928833, -0.0019477697787806392, -0.026237742975354195, -0.0017970141489058733, -1.8000440832111053e-05, -2.264974000354414e-06, -0.004875794053077698, -0.0003784178989008069, -0.008620903827250004, -0.0010039533954113722, -0.00032646095496602356, -0.00045908879837952554, -1.2516897186287679e-05, -0.0001565095444675535, -0.00018320789968129247, -0.001986555755138397, -0.0031659503001719713, -0.30763116478919983, -0.000993711524643004, -0.02782283164560795, -0.18277141451835632, -0.25449681282043457, -0.00017498392844572663, -0.4904576539993286]",3.3904519081115723,False,3.0,-4.696681815702732,-0.1174170453925683,40.0,-3.3831088606129924,-0.18795049225627736,18.0,0.057061543301727746,1,37,37,22,1.0,-3.9904125336226715,-1.0882257226290661,True,27,0.675,51.0,0.39622641509433965,22.0,2.2596582906321414
~/anvil/data/cve-targets/libpng_repo_pngset.c,473,444,497,"png_chunk_report(png_ptr, ""Invalid palette"", PNG_CHUNK_ERROR);","png_warning(png_ptr, ""Invalid palette"");","      png_warning(png_ptr, ""Invalid palette"");",0.6015625,"[[414, 36151, 38395, 95350, 4348, 11, 330, 7928, 26308, 5038, 151643]]","[-0.5532206296920776, -0.2535419166088104, -0.22012634575366974, -0.0006768796010874212, -7.152301259338856e-05, -0.038273315876722336, -0.010916158556938171, -0.4930763840675354, -0.02694862335920334, -0.7684752941131592, -0.08091409504413605]",4.719445705413818,False,0.0,-2.446241165685933,-0.222385560516903,11.0,-2.365327070641797,-0.2365327070641797,10.0,0.06953042605740951,1,16,14,14,1.1428571428571428,-2.543252928808593,-1.0526636354853074,True,14,1.2727272727272727,28.0,0.6666666666666667,3.0,2.097527454566664
~/anvil/data/cve-targets/lua_repo_ldebug.c,780,747,794,"changedline(p, pcRel(L->oldpc, p), npci)) {",(npci < L->oldpc && L->hookmask & LUA_MASKLINE)) {<|cursor|>,        (npci < L->oldpc && L->hookmask & LUA_MASKLINE)) {<|cursor|>,0.8203125,"[[286, 320, 45383, 72, 366, 444, 405, 813, 3992, 1009, 444, 405, 20873, 11258, 609, 70505, 11720, 8265, 593, 314, 27, 91, 17437, 91, 29, 151643]]","[-0.10327119380235672, -1.2047172784805298, -0.21206441521644592, -0.00025054652360267937, -1.1568889617919922, -0.7733572721481323, -0.0009224927052855492, -0.02467665635049343, -0.00676342286169529, -0.3820253312587738, -1.1000946760177612, -0.0010289618512615561, -0.6465372443199158, -0.0870102047920227, -0.11560703068971634, -0.0051324754022061825, -9.059495641849935e-05, -0.5056071281433105, -0.5096177458763123, -0.33072739839553833, -0.29839086532592773, -0.00012587709352374077, -0.00046719127567484975, -0.0002460177056491375, -0.0441557802259922, -0.02148391492664814]",4.586110591888428,False,0.0,-7.531260678137187,-0.28966387223604567,26.0,-7.509776763210539,-0.30039107052842157,25.0,0.14796324090300056,1,23,28,28,0.8214285714285714,-2.7308151955282103,-1.0561784159099186,True,17,0.6538461538461539,50.0,0.33009708737864074,27.0,2.196952570464333
~/anvil/data/cve-targets/libpng_repo_pngrutil.c,1712,1691,1740,},},"   }
  ",0.8828125,"[[256, 456, 256]]","[-0.0027877537067979574, -0.6419313549995422, -0.06509296596050262]",7.702951431274414,True,1.0,-0.7098120746668428,-0.2366040248889476,3.0,-0.7098120746668428,-0.2366040248889476,3.0,0.08279211217962135,1,2,2,2,1.0,-3.731181244335791,-1.023536610627908,False,1,0.3333333333333333,0.0,1.0,0.0,1.0552635265938068
~/anvil/data/cve-targets/libsndfile_repo_src_common.c,616,470,684,"header_put_le_int (psf, size) ;","header_put_le_int (psf, size) ;","						header_put_le_int (psf, size) ;",0.0194091796875,"[[1144, 20883, 15557, 11751, 4042, 320, 1690, 69, 11, 1379, 8, 2587, 151643]]","[-0.026394959539175034, -0.00023505308490712196, -1.2874520507466514e-05, -0.001617315225303173, -0.0002461368858348578, -0.00011753345461329445, -6.794906312279636e-06, -5.483612312673358e-06, -5.364274329622276e-05, -0.0012981806648895144, -0.00466342456638813, -0.20666299760341644, -0.4772377610206604]",9.058334350585938,True,0.0,-0.7185521578276166,-0.05527324290981666,13.0,-0.2413143968069562,-0.02010953306724635,12.0,0.0032149791585454647,0,11,11,11,1.0,-0.9651730660575576,-1.0588129990982698,False,11,0.8461538461538461,0.0,1.0,0.0,0.9457506000436363
~/anvil/data/cve-targets/libpng_repo_pngrutil.c,2634,2602,2642,limit = limit < idat_limit? idat_limit : limit;,if (length > idat_limit),"      if (length > idat_limit)
      {
         png_debug2(0,"" length = %lu",0.796875,"[[414, 421, 320, 4129, 861, 877, 266, 14763, 340, 414, 341, 260, 36151, 15446, 17, 7, 15, 1335, 3084, 284, 1018, 9835]]","[-0.5483366847038269, -0.19089984893798828, -0.03938790038228035, -0.7360700368881226, -0.020461898297071457, -0.0448189340531826, -0.00026544384309090674, -0.00029047083808109164, -0.15550921857357025, -0.1327178180217743, -0.017636967822909355, -0.012294578365981579, -0.019973577931523323, -0.1412350982427597, -0.08011811971664429, -0.0008472190820612013, -0.02136886678636074, -0.2302689403295517, -0.2598913311958313, -0.01862279325723648, -0.0028077249880880117, -0.021563950926065445]",5.065278053283691,False,2.0,-2.695387423184002,-0.12251761014472735,22.0,-1.8687582545389887,-0.18687582545389886,10.0,0.057546535387392475,0,15,16,12,0.9375,-4.264195211255852,-1.0436017372382265,True,14,0.6363636363636364,31.0,0.45070422535211263,14.0,2.137007203698788
~/anvil/data/cve-targets/php_repo_ext_intl_locale_locale_methods.c,408,384,489,},},	},0.330078125,"[[197, 92, 151664]]","[-0.0018730491865426302, -0.3299294412136078, -0.7456964254379272]",9.84791660308838,True,0.0,-1.0774989158380777,-0.3591663052793592,3.0,-0.3318024904001504,-0.1659012452000752,2.0,0.026905249087453866,1,2,2,2,1.0,-1.9896060731908862,-1.0799211452433934,False,1,0.3333333333333333,0.0,1.0,0.0,0.8279938813645529
~/anvil/data/cve-targets/libxml2_repo_HTMLparser.c,2761,2727,2765,"ret = xmlStrndup(q, CUR_PTR - q);",NEXT;,"        NEXT;
    }
    if (err == 0) {
        ret = xmlStrndup",0.83203125,"[[286, 45011, 280, 262, 456, 262, 421, 320, 615, 621, 220, 15, 8, 341, 286, 2112, 284, 8396, 2580, 303, 454]]","[-0.15979988873004913, -0.4770065248012543, -0.4008655548095703, -0.6149617433547974, -0.34360355138778687, -0.008558736182749271, -0.2319631278514862, -0.331711083650589, -0.4689999222755432, -0.5149611234664917, -0.0023631523363292217, -0.1435832977294922, -0.19456247985363007, -0.27514272928237915, -0.136042520403862, -0.3774154782295227, -0.002423565834760666, -0.36603760719299316, -0.2618858218193054, -0.046177271753549576, -0.00016652150952722877]",3.5131940841674805,False,3.0,-5.358231702455669,-0.2551538905931271,21.0,-1.652633711695671,-0.41315842792391777,4.0,0.027285705426402337,1,17,18,4,0.9444444444444444,-2.0138309998440036,-1.0848915609426497,True,13,0.6190476190476191,31.0,0.10526315789473684,14.0,2.0524598952956175
~/anvil/data/cve-targets/poppler_repo_poppler_Annot.cc,5094,5076,5097,if (obj1.isArray()) {,if (obj1.isArray()) {,    if (obj1.isArray()) {,0.08642578125,"[[262, 421, 320, 2295, 16, 31809, 2140, 314, 151664]]","[-0.001128632458858192, -0.05899767577648163, -0.064507395029068, -0.008312036283314228, -0.00025078488397412, -0.2667052745819092, -0.10548736900091171, -0.10110881924629211, -0.11893271654844284]",11.034027099609377,True,0.0,-0.725430703809252,-0.08060341153436133,9.0,-0.6064979872608092,-0.07581224840760115,8.0,0.006776832772615286,0,17,17,17,1.0,-1.1399976001943073,-1.112423298174182,False,7,0.7777777777777778,0.0,1.0,0.0,0.8775216454361092
~/anvil/data/cve-targets/php_repo_ext_exif_exif.c,3657,3617,3700,marker = c;,marker = c;,		marker = c;,0.380859375,"[[197, 2109, 12856, 284, 272, 26, 151643]]","[-0.11841681599617004, -0.18934305012226105, -1.3232143828645349e-05, -0.010319212451577187, -0.17691726982593536, -1.4584280252456665, -0.3983583152294159]",9.201562881469728,True,0.0,-2.3517959210148547,-0.33597084585926495,7.0,-1.9534376057854388,-0.3255729342975731,6.0,0.26205090519380475,1,7,7,7,1.0,-1.1698127665977762,-1.0626111007551984,False,4,0.5714285714285714,0.0,1.0,0.0,0.9385950752997155
~/anvil/data/cve-targets/libsndfile_repo_src_wavlike.c,416,409,457,int format = 0 ;,int format ;,	int format ;,0.5546875,"[[2084, 3561, 2587, 151643]]","[-0.6605972051620483, -0.2821855843067169, -1.120142936706543, -0.09645817428827286]",2.1196181774139404,False,0.0,-2.159383900463581,-0.5398459751158953,4.0,-2.0629257261753082,-0.6876419087251028,3.0,0.11739446206889444,0,8,5,5,1.6,-0.8066516786744397,-1.1233546545581725,True,6,1.5,4.0,0.8571428571428572,3.0,1.8085606346159204
~/anvil/data/cve-targets/sqlite3_repo_src_whereexpr.c,1369,985,1371,*/,*/,"  */
 ",1.109375,"[[220, 735, 220]]","[-0.0037316703237593174, -0.48732826113700867, -0.0555206798017025]",7.638194561004639,True,1.0,-0.5465806112624705,-0.18219353708749017,3.0,-0.5465806112624705,-0.18219353708749017,3.0,0.04700061682750564,1,3,3,3,1.0,-6.088992056108297,-1.021880925514081,False,1,0.3333333333333333,0.0,1.0,0.0,1.1015825980598979
~/anvil/data/cve-targets/libtiff_repo_libtiff_tif_next.c,123,39,140,break;,break;,"					break;
			",0.5859375,"[[464, 3388, 280, 571]]","[-0.11917316168546677, -0.024404235184192657, -0.36202099919319153, -0.07807991653680801]",8.230730056762695,True,1.0,-0.583678312599659,-0.14591957814991474,4.0,-0.583678312599659,-0.14591957814991474,4.0,0.016695848308617794,1,4,4,4,1.0,-4.015482414553173,-1.0371311181703826,False,2,0.5,0.0,1.0,0.0,1.0011959718206458
~/anvil/data/cve-targets/php_repo_ext_iconv_iconv.c,1138,968,1463,--str_left;,++str_left;,								++str_left;,0.357421875,"[[2683, 197, 1027, 495, 9579, 26, 151643]]","[-0.5994322299957275, -0.43026939034461975, -0.650995135307312, -0.26804298162460327, -0.0004731489170808345, -0.187348410487175, -0.4676937460899353]",7.99808931350708,False,0.0,-2.6042550427664537,-0.37203643468092196,7.0,-2.1365612966765184,-0.3560935494460864,6.0,0.05239606797607815,1,6,6,6,1.0,-1.0037302713176912,-1.0311166513948333,True,4,0.5714285714285714,2.0,0.8181818181818181,1.0,2.0095110581906637
~/anvil/data/cve-targets/sqlite3_repo_src_select.c,5799,5644,5949,** Deallocate a single AggInfo object,** This function is used to push terms from the HAVING clause,** This function is used to push terms from the HAVING clause,1.625,"[[334, 1096, 729, 374, 1483, 311, 4484, 3793, 504, 279, 472, 83722, 21647]]","[-0.009068137966096401, -2.0456557273864746, -0.5546960830688477, -0.4373113811016083, -0.6270071268081665, -0.8814130425453186, -1.757819414138794, -0.8537113666534424, -0.9352832436561584, -0.15761485695838928, -0.008996427990496159, -1.2040065485052764e-05, -0.0011711412807926536]",13.80017375946045,False,0.0,-8.26975998962007,-0.6361353838169285,13.0,-8.26975998962007,-0.6361353838169285,13.0,0.40857616961558113,0,8,14,14,0.5714285714285714,-2.5544876787857693,-1.1920737692897445,True,9,0.6923076923076923,49.0,0.326530612244898,11.0,1.766072177848118
~/anvil/data/cve-targets/poppler_repo_poppler_JPEG2000Stream.cc,215,202,276,if (oLen.isInt()) bufSize = oLen.getInt();,if (oLen.isInt()),"    if (oLen.isInt())
        bufSize = oLen.getInt();",0.4921875,"[[262, 421, 320, 78, 11271, 2079, 1072, 2398, 286, 6607, 1695, 284, 297, 11271, 16957, 2129, 151643]]","[-0.11566904932260513, -0.8075376749038696, -0.10876385122537613, -0.04423995316028595, -6.317892984952778e-05, -0.01549538318067789, -0.044932566583156586, -0.37424278259277344, -0.004636015277355909, -0.013033555820584297, -9.119095193454996e-05, -0.012370407581329346, -0.09249800443649292, -5.030505417380482e-05, -0.0065610469318926334, -0.37936529517173767, -0.6135998368263245]",5.480729103088379,False,1.0,-2.63315009795042,-0.15489118223237763,17.0,-1.5155804551759502,-0.16839782835288336,9.0,0.06293343513281284,1,27,27,16,1.0,-2.922766313640366,-1.0328186960622283,True,14,0.8235294117647058,25.0,0.576271186440678,12.0,2.261651479954292
~/anvil/data/cve-targets/libsndfile_repo_src_double64.c,109,70,214,psf->read_float		= host_read_d2f ;,psf->read_float		= host_read_d2f ;,					psf->read_float		= host_read_d2f ;,0.0006523132324218,"[[464, 35009, 69, 405, 878, 17586, 197, 197, 28, 3468, 6443, 814, 17, 69, 2587, 151664]]","[-3.111314072157256e-05, -2.5748875486897305e-05, -7.152531907195225e-06, -5.006777428206988e-06, -1.0013530300057027e-05, -5.8530047681415454e-05, -0.00010322991875000298, -0.00010525626566959545, -4.6491513785440475e-06, -0.002507282653823495, -2.95634672511369e-05, -6.16293036728166e-05, -9.7508447652217e-05, -5.507317473529838e-05, -0.004936056211590767, -0.46533331274986267]",17.347917556762695,True,0.0,-0.4733711262479119,-0.029585695390494493,16.0,-0.008037813498049218,-0.0005358542332032812,15.0,1.7592149447493502e-06,0,10,10,10,1.0,-1.2173333567271436,-1.3026335834391338,False,14,0.875,0.0,1.0,0.0,0.2704829383300494
~/anvil/data/cve-targets/libpng_repo_pngrutil.c,2620,2602,2642,size_t row_factor_l =,png_alloc_size_t row_factor_l =,      png_alloc_size_t row_factor_l =,0.314453125,"[[414, 36151, 14802, 2368, 528, 2802, 18588, 907, 284, 151643]]","[-0.27899208664894104, -1.1270549297332764, -0.08041273802518845, -0.00017772526189219207, -9.810443589231e-05, -0.012656130827963352, -0.004838425200432539, -0.008880170062184334, -0.21332578361034393, -0.4472442865371704]",6.630034446716309,False,0.0,-2.173680380343285,-0.2173680380343285,10.0,-1.7264360938061145,-0.19182623264512383,9.0,0.11879447247757022,1,4,4,4,1.0,-1.639260286061784,-1.0035653699666096,True,6,0.6,10.0,0.8076923076923077,1.0,2.0557410315405207
~/anvil/data/cve-targets/php_repo_ext_exif_exif.c,960,873,977,"{ 0x009d, ""InternalNDFilter""},","{ 0x0097, ""SweepPanoramaLength""},","  { 0x0097, ""SweepPanoramaLength""},",1.75,"[[220, 314, 220, 15, 87, 15, 15, 24, 22, 11, 330, 50, 48542, 35693, 48016, 4373, 14345, 151664]]","[-0.0008956949459388852, -0.01477877888828516, -0.0002153879904653877, -2.7417760065873154e-05, -0.0005341533687897027, -0.000942858459893614, -0.0014859121292829514, -0.06071796640753746, -0.5304530262947083, -0.0001426833332516253, -0.00031680811662226915, -2.1675636768341064, -0.01594201847910881, -0.03922101855278015, -0.0017372767906636, -2.5038905143737793, -0.6667072176933289, -0.32452595233917236]",9.979862213134766,False,0.0,-6.330098362757781,-0.3516721312643212,18.0,-6.005572410418608,-0.3532689653187417,17.0,0.5634000863095227,0,10,10,10,1.0,-4.953732628115348,-1.0834892983925413,True,15,0.8333333333333334,17.0,0.5396825396825398,2.0,2.1001509746228373
~/anvil/data/cve-targets/openssl_repo_crypto_x509_x509_obj.c,79,17,173,"ascii2ebcdic(ebcdic_buf, q, (num > (int)sizeof(ebcdic_buf))","ebcdic2ascii(ebcdic_buf, q, num < (int)sizeof(ebcdic_buf)","            ebcdic2ascii(ebcdic_buf, q, num < (int)sizeof(ebcdic_buf)",0.431640625,"[[310, 24463, 4385, 292, 17, 23324, 2026, 91490, 292, 10363, 11, 2804, 11, 1629, 366, 320, 396, 8, 10318, 2026, 91490, 292, 10363, 8, 151643]]","[-0.025165127590298653, -0.7301155924797058, -6.794698856538162e-05, -0.0002790300059132278, -0.45869433879852295, -0.007163790985941887, -0.10713803768157959, -4.768370445162873e-07, -5.245195097813848e-06, -1.2755313036905136e-05, -0.02540607936680317, -0.6493634581565857, -0.02186817117035389, -1.1314239501953125, -1.0429726839065552, -0.5974782109260559, -0.030166903510689735, -0.028162356466054916, -0.005220471881330013, -0.002852777484804392, -3.576278118089249e-07, -1.585470999998506e-05, -5.543078441405669e-05, -0.006787458900362253, -0.44978341460227966]",7.52933931350708,False,0.0,-5.32019992156512,-0.2128079968626048,25.0,-4.87041650696284,-0.20293402112345169,24.0,0.12153053801595666,1,24,20,20,1.2,-2.126999813094022,-1.0191037785392931,True,24,0.96,11.0,0.8620689655172413,6.0,2.2566220184760564
~/anvil/data/cve-targets/php_repo_ext_exif_exif.c,3710,3696,3931,if (ImageInfo->FileSize >= dir_offset+2) {,if (ImageInfo->FileSize >= dir_offset+2) {,	if (ImageInfo->FileSize >= dir_offset+2) {,0.369140625,"[[743, 320, 1906, 1731, 405, 67649, 2604, 5419, 6917, 10, 17, 8, 314, 151664]]","[-1.0235230922698975, -0.15778569877147675, -0.7490513324737549, -0.00015889335190877318, -0.04596097394824028, -1.17304265499115, -0.2490125447511673, -0.08037611097097397, -0.0005820487276650965, -0.6955318450927734, -0.06114709749817848, -0.2503672242164612, -0.14792709052562714, -0.3445533812046051]",4.8965277671813965,True,0.0,-4.97901998879388,-0.35564428491384853,14.0,-4.634466607589275,-0.35649743135302114,13.0,0.1538521079165543,1,19,19,19,1.0,-1.0354650343453917,-1.0480137395711204,False,13,0.9285714285714286,0.0,1.0,0.0,1.1129794289023722
~/anvil/data/cve-targets/libsndfile_repo_src_common.c,611,470,684,"if (psf->header.indx + (sf_count_t) size > psf->header.len && psf_bump_header_allocation (psf, size))","if (psf->header.indx + (sf_count_t) size > psf->header.len && psf_bump_header_allocation (psf, size))","					if (psf->header.indx + (sf_count_t) size > psf->header.len && psf_bump_header_allocation (psf, size))
						break ;",0.05322265625,"[[464, 743, 320, 1690, 69, 405, 2708, 28473, 87, 488, 320, 17246, 3180, 528, 8, 1379, 861, 4726, 69, 405, 2708, 19406, 1009, 4726, 69, 880, 1510, 8757, 81267, 320, 1690, 69, 11, 1379, 1171, 1144, 3388, 2587, 151664]]","[-0.11101622879505157, -0.08417288959026337, -0.02059526927769184, -0.07195580005645752, -1.4185804502631072e-05, -6.0794889577664435e-05, -0.0035717994906008244, -0.00019858295854646713, -2.9802276912960224e-06, -0.0012350797187536955, -0.020476264879107475, -0.003150026546791196, -2.884823152271565e-05, -7.152555099310121e-07, -0.0013911579735577106, -0.05701490864157677, -0.5152669548988342, -0.0007389436941593885, -2.0265558760002023e-06, -6.079655122448457e-06, -1.585470999998506e-05, -6.90197994117625e-05, -0.01224135234951973, -0.0012956805294379592, -2.7418097943154862e-06, -0.00015293381875380874, -9.536738616588991e-07, -1.4662635294371285e-05, -1.6689160474925302e-05, -0.00012194366718176752, -3.075552376685664e-05, -1.2397689715726301e-05, -0.0001248043408850208, -0.04862514138221741, -0.548084557056427, -0.11057862639427185, -0.09241268783807755, -0.579298198223114, -0.6080805063247681]",8.1328125,True,1.0,-2.8920790440681685,-0.07415587292482484,39.0,-1.6122876516822089,-0.04478576810228358,36.0,0.014920583107503308,1,42,43,42,0.9767441860465116,-1.1883832410431794,-1.0345953894627924,False,34,0.8717948717948718,0.0,1.0,0.0,1.3682620995257062
~/anvil/data/cve-targets/openssl_repo_crypto_pkcs7_pk7_doit.c,601,587,741,const PKCS7_CTX *p7_ctx;,PKCS7_CTX *p7_ctx = p7->pctx;,    PKCS7_CTX *p7_ctx = p7->pctx;,0.67578125,"[[262, 24826, 6412, 22, 44233, 353, 79, 22, 15147, 284, 281, 22, 405, 79, 3773, 26]]","[-0.28461170196533203, -0.5895715951919556, -0.00012575789878610522, -0.0004391897819004953, -0.023053253069519997, -0.03320709243416786, -0.006051195319741964, -0.0006960591417737305, -0.0006444760947488248, -0.16896550357341766, -0.8932603001594543, -0.004376832861453295, -0.07241839915513992, -0.31185632944107056, -0.4348379969596863, -0.3606571853160858]",4.442534923553467,False,0.0,-3.1847728683642345,-0.19904830427276465,16.0,-3.1847728683642345,-0.19904830427276465,16.0,0.06528035514778965,1,9,13,13,0.6923076923076923,-3.395061577987357,-1.0599762658665817,True,10,0.625,17.0,0.679245283018868,8.0,2.0081256050314695
~/anvil/data/cve-targets/php_repo_ext_exif_exif.c,2939,2908,2994,if (maker_note->offset >= value_len) {,if (value_len < maker_note->offset) {,	if (value_len < maker_note->offset) {,0.443359375,"[[743, 320, 957, 6043, 366, 24232, 27207, 405, 3176, 8, 314, 151664]]","[-0.173806294798851, -0.572016716003418, -0.7054831981658936, -0.006609364878386259, -0.15622304379940033, -0.38665661215782166, -8.940656698541716e-06, -0.0001641377166379243, -0.029682837426662445, -0.7538493275642395, -0.1641513556241989, -0.5506070256233215]",4.106943607330322,False,0.0,-3.4992588544155296,-0.29160490453462745,12.0,-2.948651828792208,-0.268059257162928,11.0,0.07588846440543812,1,16,16,16,1.0,-1.6539603209096545,-1.0689066462155512,True,11,0.9166666666666666,25.0,0.6666666666666667,4.0,2.0321945902217124
~/anvil/data/cve-targets/openssl_repo_crypto_x509_x509_req.c,39,16,51,pktmp = X509_get0_pubkey(x);,"if (!X509_REQ_set_pubkey(ret, X509_get_pubkey(x","    if (!X509_REQ_set_pubkey(ret, X509_get_pubkey(x",0.169921875,"[[262, 421, 1505, 55, 20, 15, 24, 30756, 2602, 34014, 792, 16057, 11, 1599, 20, 15, 24, 3062, 34014, 792, 2075]]","[-0.11830900609493256, -0.6496849656105042, -0.37485384941101074, -0.08148948103189468, -5.209310256759636e-05, -3.671578815556131e-05, -8.022463589441031e-05, -0.10039960592985153, -0.06600344181060791, -0.04593808948993683, -0.0013499680208042264, -0.003921083174645901, -0.001957882894203067, -0.37936440110206604, -1.1801649634435307e-05, -1.811964830267243e-05, -7.152531907195225e-06, -0.0026442583184689283, -0.5413774251937866, -0.00024971229140646756, -0.0008809261489659548]",7.035589218139648,False,0.0,-2.3686302038795475,-0.11279191447045464,21.0,-2.3686302038795475,-0.11279191447045464,21.0,0.036650655464341056,1,12,11,11,1.0909090909090908,-1.506507587868901,-1.0066015348881383,True,13,0.6190476190476191,30.0,0.56,13.0,2.118980194829368
~/anvil/data/cve-targets/openssl_repo_crypto_rsa_rsa_ameth.c,545,534,551,"int magma_int = ossl_rsa_pss_to_ctx(ctx, NULL, sigalg, pkey);","return rsa_pss_verify(ctx, it, asn, sigalg, sig, pkey);","
    return rsa_pss_verify(ctx, it, asn, sigalg, sig, pkey);
}

static int rsa_item_sign(EVP_MD_CTX *ctx",1.6015625,"[[198, 262, 470, 68570, 620, 778, 35638, 7502, 11, 432, 11, 75252, 11, 8366, 23881, 11, 8366, 11, 281, 792, 317, 630, 1978, 526, 68570, 5634, 11172, 10722, 13378, 46497, 44233, 353, 3773]]","[-0.5478266477584839, -0.014867809601128101, -1.1956514120101929, -0.6577014923095703, -1.0326505899429321, -0.05669788271188736, -0.22344820201396942, -0.2458391785621643, -0.012159506790339947, -0.25643065571784973, -0.0035666918847709894, -0.006236259825527668, -0.0021707084961235523, -0.023333260789513588, -0.04018111154437065, -0.013031555339694023, -0.007286284118890762, -0.003972853533923626, -0.007758601568639278, -0.0003387354372534901, -0.10878406465053558, -0.10715870559215546, -1.09550142288208, -0.17880022525787354, -0.4484253227710724, -0.9685580134391785, -0.5301856398582458, -0.14756983518600464, -1.4781842764932662e-05, -0.0003455280384514481, -4.184158387943171e-05, -0.0002874914789572358, -0.00037067217635922134]",6.875174045562744,False,4.0,-7.937192984714784,-0.24052099953681164,33.0,-4.459933504607761,-0.2123777859337029,21.0,0.11788088229808513,1,20,30,20,0.6666666666666666,-7.541101782179578,-1.0025727647625495,True,21,0.6363636363636364,36.0,0.5689655172413793,12.0,2.413320259332657
~/anvil/data/cve-targets/libsndfile_repo_src_ulaw.c,729,574,879,"0x82, 0x82, 0x82, 0x82, 0x82, 0x82, 0x82, 0x82, 0x82, 0x82, 0x82, 0x82,","0x82, 0x82, 0x82, 0x82, 0x82, 0x82, 0x82, 0x82, 0x82, 0x82, 0x82, 0x82,","	0x82, 0x82, 0x82, 0x82, 0x82, 0x82, 0x82, 0x82, 0x82, 0x82, 0x82, 0x82,
	0x82, 0x82, 0x82, 0x82, 0x82, 0x82,",0.0255126953125,"[[197, 15, 87, 23, 17, 11, 220, 15, 87, 23, 17, 11, 220, 15, 87, 23, 17, 11, 220, 15, 87, 23, 17, 11, 220, 15, 87, 23, 17, 11, 220, 15, 87, 23, 17, 11, 220, 15, 87, 23, 17, 11, 220, 15, 87, 23, 17, 11, 220, 15, 87, 23, 17, 11, 220, 15, 87, 23, 17, 11, 220, 15, 87, 23, 17, 11, 220, 15, 87, 23, 17, 345, 197, 15, 87, 23, 17, 11, 220, 15, 87, 23, 17, 11, 220, 15, 87, 23, 17, 11, 220, 15, 87, 23, 17, 11, 220, 15, 87, 23, 17, 11, 220, 15, 87, 23, 17, 11]]","[-0.021042902022600174, -0.0029813863802701235, -0.0006132629350759089, -0.0018866135505959392, -0.0032825181260704994, -0.0034524141810834408, -0.0004901876673102379, -0.00015496007108595222, -0.0009954979177564383, -0.000433112756581977, -0.0008934320067055523, -0.0013854438439011574, -0.0004401430196594447, -0.0001746263587847352, -0.0006437613046728075, -0.00019739109848160297, -0.0006173135479912162, -0.0011314902221783996, -0.00041738382424227893, -0.0001264730526600033, -0.0008203001925721765, -0.0002420847595203668, -0.01465860940515995, -0.0018923247698694468, -0.0006521005416288972, -0.0001510267611593008, -0.0005069877952337265, -0.0002324311062693596, -0.004474627319723368, -0.0014522254932671785, -0.00035851728171110153, -0.00012563870404846966, -0.00040737437666393816, -0.00018618757894728333, -0.0008927173912525177, -0.0019292091019451618, -0.0004456242313608527, -0.00013958434283267707, -0.0004059444472659379, -0.00019178935326635838, -0.0017408467829227448, -0.002423565834760666, -0.0004858981992583722, -0.00014077626110520214, -0.00046266341814771295, -0.00027414379292167723, -0.00909353606402874, -0.00199333718046546, -0.0004558716027531773, -0.00010895135346800089, -0.0004686211177613586, -0.00033361115492880344, -0.00437386566773057, -0.0015115038258954883, -0.0003047717036679387, -8.05822346592322e-05, -0.0003692421887535602, -0.0002768848498817533, -0.008891512639820576, -0.0019104102393612266, -0.00028224775451235473, -5.769562994828448e-05, -0.00021526881027966738, -0.00023409964342135936, -0.0100646847859025, -0.001953361788764596, -0.00029345019720494747, -5.924526340095326e-05, -0.00011514954530866817, -0.00017951308109331876, -0.020966675132513046, -0.28632208704948425, -0.0003960540343541652, -0.00014256415306590497, -0.0001431601122021675, -0.00014447122521232814, -0.0022947664838284254, -0.0008231588872149587, -0.00017128908075392246, -5.61460001335945e-05, -0.0001774868869688362, -9.727005090098828e-05, -0.002697521820664406, -0.0007345362100750208, -0.00021789084712509066, -6.580135959666222e-05, -0.00013183678674977273, -0.00010764019680209458, -0.004854440689086914, -0.0009469077922403812, -0.0002374367177253589, -3.373566141817719e-05, -0.00022313489171210676, -0.0002712835557758808, -0.04394451901316643, -0.0015284058172255754, -0.0005097282119095325, -6.41325386823155e-05, -0.00016175392374861985, -0.0002029928145930171, -0.007175744976848364, -0.0013179434463381767, -0.0001641377166379243, -3.2543604902457446e-05, -8.880697714630514e-05, -0.0001370812824461609, -0.004311433061957359, -0.001049682730808854]",7.588366985321045,True,1.0,-0.5036271331955504,-0.004663214196255096,108.0,-0.42836574766988633,-0.005868023940683374,73.0,0.001108840312674094,0,25,37,25,0.6756756756756757,-4.3477490157493905,-1.0206087718038848,False,71,0.6574074074074074,0.0,1.0,0.0,1.2092940847525941
~/anvil/data/cve-targets/libpng_repo_pngset.c,474,444,497,return;,return;,      return;,0.126953125,"[[414, 470, 26, 151643]]","[-0.17221589386463165, -0.1838066428899765, -0.06939130276441574, -0.08421026170253754]",3.870833158493042,True,0.0,-0.5096241012215614,-0.12740602530539036,4.0,-0.4254138395190239,-0.14180461317300797,3.0,0.0026442346726603208,1,4,4,4,1.0,-0.8952679476309527,-1.0752348053476808,False,2,0.5,0.0,1.0,0.0,0.8361204207703022
~/anvil/data/cve-targets/sqlite3_repo_src_vdbe.c,5755,5600,5905,"** seek operation now, without further delay.  If the cursor seek has","** seek.  If the seek has already occurred, this instruction is a no-op.","** seek.  If the seek has already occurred, this instruction is a no-op.
**
** If cursor",1.9765625,"[[334, 5931, 13, 220, 1416, 279, 5931, 702, 2669, 10017, 11, 419, 7600, 374, 264, 902, 29492, 624, 1019, 334, 1416, 8128]]","[-0.004983385093510151, -0.1712702512741089, -0.8013278245925903, -0.178788959980011, -1.135141134262085, -0.7362043261528015, -0.4684602618217468, -0.43568429350852966, -0.6643649339675903, -0.28793865442276, -0.08151629567146301, -0.030379245057702065, -0.00570170721039176, -0.01614954322576523, -0.004400451667606831, -0.00358320283703506, -3.1470757676288486e-05, -0.14439834654331207, -0.4158673882484436, -0.0008530553313903511, -0.7191751003265381, -0.8477325439453125]",10.515453338623049,False,2.0,-7.1539523758983705,-0.32517965344992594,22.0,-5.170324288046686,-0.28724023822481587,18.0,0.11173203310133949,0,19,34,23,0.5588235294117647,-6.881217312084922,-1.098094541988568,True,15,0.6818181818181818,56.0,0.4113475177304965,21.0,2.193270128287889
~/anvil/data/cve-targets/libtiff_repo_libtiff_tif_dir.c,113,82,118,},},	},0.2119140625,"[[197, 92, 151643]]","[-0.07988933473825455, -0.21256515383720398, -0.006245500408113003]",4.043229103088379,True,0.0,-0.29869998898357153,-0.09956666299452384,3.0,-0.2924544885754585,-0.14622724428772926,2.0,0.004400718243394289,1,2,2,2,1.0,-1.4492105320881226,-1.0706106243829374,False,1,0.3333333333333333,0.0,1.0,0.0,0.8373606900465426
~/anvil/data/cve-targets/php_repo_ext_phar_util.c,254,206,284,return ret;,return ret;,				return ret;,0.09228515625,"[[571, 853, 2112, 26, 151664]]","[-0.2631200850009918, -0.014485201798379421, -0.0009783487766981125, -0.2608363628387451, -0.10112734884023666]",7.295833110809326,True,0.0,-0.6405473472550511,-0.12810946945101023,5.0,-0.5394199984148145,-0.13485499960370362,4.0,0.016183770468720923,0,5,5,5,1.0,-0.684328771800801,-1.0131719330816495,False,3,0.6,0.0,1.0,0.0,1.0111727717744539
~/anvil/data/cve-targets/openssl_repo_crypto_bn_bn_gf2m.c,599,495,643,break;,break;,                break;,0.126953125,"[[394, 1438, 26, 151643]]","[-0.004971405025571585, -0.02111118473112583, -0.16371139883995056, -0.20747308433055878]",8.588367462158203,True,0.0,-0.39726707292720675,-0.09931676823180169,4.0,-0.18979398859664798,-0.06326466286554933,3.0,0.005088188798779506,1,4,4,4,1.0,-2.006698830748565,-1.046445618344993,False,2,0.5,0.0,1.0,0.0,0.9142132851397051
~/anvil/data/cve-targets/libxml2_repo_HTMLparser.c,6620,6607,6631,htmlCtxtReset(ctxt);,ctxt->input = NULL;,"    ctxt->input = NULL;
    ctxt->input->",0.5546875,"[[262, 59162, 405, 1355, 284, 1770, 280, 262, 59162, 405, 1355, 405]]","[-0.7868155837059021, -0.9922090768814087, -0.011846311390399933, -0.9180205464363098, -0.49515217542648315, -0.2015679031610489, -0.6191452145576477, -0.023792706429958344, -0.32474058866500854, -0.0033293315209448338, -1.0876466035842896, -1.455596923828125]",3.1223957538604736,False,1.0,-6.919862965587527,-0.5766552471322939,12.0,-4.048549517989159,-0.5060686897486448,8.0,0.13341596372912917,0,9,16,11,0.5625,-1.0960715634778813,-1.0955428528218223,True,7,0.5833333333333334,17.0,0.2564102564102564,9.0,1.8953659033070955
~/anvil/data/cve-targets/sqlite3_repo_ext_rtree_rtree.c,578,567,580,pNode->pNext = 0;,},  },0.058349609375,"[[220, 335, 151643]]","[-0.6576161980628967, -0.1818169206380844, -0.609819769859314]",9.312673568725586,False,0.0,-1.449252888560295,-0.483084296186765,3.0,-0.8394331187009811,-0.41971655935049057,2.0,0.05659623809949338,0,10,2,2,5.0,-0.1390214612101456,-1.0655668903445519,True,8,2.6666666666666665,17.0,0.0,9.0,1.9213025640255195
~/anvil/data/cve-targets/poppler_repo_poppler_XRef.cc,672,596,676,trailerDict = xrefStr->getDictObject()->copy();,trailerDict.initDict();,        trailerDict.initDict();,1.40625,"[[286, 19253, 13448, 8271, 13448, 2129, 151664]]","[-0.03543113172054291, -0.7586427330970764, -0.012323662638664246, -0.8160607218742371, -1.1327931880950928, -1.1399214267730713, -0.6591634750366211]",7.230730056762695,False,0.0,-4.554336339235306,-0.6506194770336151,7.0,-3.8951728641986847,-0.6491954773664474,6.0,0.21613563253923904,0,21,11,11,1.9090909090909092,-2.166142631961409,-1.0115242596246021,True,14,2.0,28.0,0.5428571428571429,13.0,2.374139987798567
~/anvil/data/cve-targets/openssl_repo_crypto_asn1_a_type.c,125,-30,275,},},},0.455078125,[[92]],[-0.4557526707649231],4.778471946716309,True,0.0,-0.4557526707649231,-0.4557526707649231,1.0,-0.4557526707649231,-0.4557526707649231,1.0,0.0,0,2,2,2,1.0,-0.9985199301985637,-1.0511114115972884,False,1,1.0,0.0,1.0,0.0,0.9229503493212124
~/anvil/data/cve-targets/sqlite3_repo_src_select.c,2116,2093,2124,"sqlite3ColumnsFromExprList(pParse, pSelect->pEList, &pTab->nCol, &pTab->aCol);","pTab->aCol = sqlite3DbMallocRawNN(db, sizeof(Column) * pSelect->pEList->nExpr);<|cursor|>","  pTab->aCol = sqlite3DbMallocRawNN(db, sizeof(Column) * pSelect->pEList->nExpr);<|cursor|>",0.1240234375,"[[220, 281, 8582, 405, 64, 6127, 284, 22003, 18, 7994, 53681, 20015, 9745, 9791, 11, 3935, 95105, 8, 353, 281, 3379, 405, 79, 36, 852, 405, 77, 16041, 1215, 27, 91, 17437, 91, 29, 151643]]","[-0.24849067628383636, -0.30410468578338623, -0.004380274564027786, -0.00011753345461329445, -1.031813144683838, -0.004955153912305832, -0.0023838456254452467, -0.2142964005470276, -0.0013066334649920464, -0.025238361209630966, -0.0003610197745729238, -0.6339072585105896, -0.2353142648935318, -0.02713972143828869, -0.08673861622810364, -0.307921826839447, -0.09188585728406906, -0.6780057549476624, -0.3604847192764282, -0.03356104716658592, -0.06334897875785828, -2.5033637939486653e-05, -0.13165254890918732, -0.0008001701789908111, -0.00026890001026913524, -5.9602869441732764e-05, -0.0006803343421779573, -0.0002445875434204936, -0.6121222972869873, -0.21412435173988342, -0.00014506718434859067, -0.0003746046277228743, -0.0002233732520835474, -0.3156437277793884, -0.017347391694784164]",5.968923091888428,False,0.0,-5.649467765702866,-0.1614133647343676,35.0,-5.632120374008082,-0.16565059923553183,34.0,0.05980974055734626,0,28,36,36,0.7777777777777778,-0.748705033802239,-1.020289910582646,True,30,0.8571428571428571,68.0,0.41916167664670656,33.0,2.2574959746089944
~/anvil/data/cve-targets/libxml2_repo_valid.c,5242,5203,5259,(cont->c1->type == XML_ELEMENT_CONTENT_ELEMENT)){,(cont->c1->type == XML_ELEMENT_CONTENT_ELEMENT)){,	       (cont->c1->type == XML_ELEMENT_CONTENT_ELEMENT)){,0.004364013671875,"[[20295, 320, 772, 405, 66, 16, 405, 1313, 621, 11874, 27156, 25560, 27156, 33794, 151664]]","[-0.0073124379850924015, -0.000196556793525815, -0.00012766500003635883, -1.2874520507466514e-05, -0.00032658010604791343, -0.0001494772732257843, -9.846202738117427e-05, -0.001278179232031107, -0.00040546778473071754, -0.00035422726068645716, -9.536697689327411e-06, -3.8742269680369645e-05, -0.0017243054462596774, -0.05186201632022858, -0.641648530960083]",6.020139217376709,True,0.0,-0.7055450596772062,-0.047036337311813746,15.0,-0.06389652871712315,-0.004564037765508796,14.0,0.00017547189655827458,0,16,16,16,1.0,-0.9561738741196639,-1.0189843641714986,False,12,0.8,0.0,1.0,0.0,1.1085839728059903
~/anvil/data/cve-targets/php_repo_ext_phar_phar.c,717,632,1125,"PHAR_GET_32(buffer, manifest_flags);",/* extract compression flags */,	/* extract compression flags */,0.2353515625,"[[197, 1057, 8649, 25111, 8042, 639, 151643]]","[-0.7397191524505615, -0.4199768304824829, -2.0988810062408447, -1.4972336292266846, -1.3463010787963867, -0.8481869101524353, -0.4938552975654602]",1.7847224473953247,False,0.0,-7.444153904914856,-1.0634505578449793,7.0,-6.950298607349396,-1.1583831012248993,6.0,0.3085690259319896,1,11,2,2,5.5,-0.20317247571302982,-1.1327993034732486,True,11,1.5714285714285714,30.0,0.32835820895522383,10.0,1.7740933600745397
~/anvil/data/cve-targets/poppler_repo_poppler_GfxState.cc,4624,4513,4911,case 1:,case 1:,            case 1:,0.06591796875,"[[310, 1142, 220, 16, 25, 151664]]","[-0.0002936885575763881, -9.965400386136025e-05, -1.7881233361549675e-05, -0.00013386306818574667, -0.22113348543643951, -0.07720785588026047]",17.237674713134766,True,0.0,-0.298886428179685,-0.04981440469661417,6.0,-0.22167857229942456,-0.04433571445988491,5.0,0.007814370984174928,0,5,5,5,1.0,-1.486791620548774,-1.2990483754914488,False,4,0.6666666666666666,0.0,1.0,0.0,0.23216571920946913
~/anvil/data/cve-targets/poppler_repo_poppler_Stream.cc,4046,3993,4088,if (i + repeat > numLitCodes + numDistCodes) {,if (i + repeat > numLitCodes + numDistCodes) {,            if (i + repeat > numLitCodes + numDistCodes) {,0.034423828125,"[[310, 421, 320, 72, 488, 13153, 861, 1629, 68954, 20871, 488, 1629, 23356, 20871, 8, 314, 151664]]","[-0.023601781576871872, -0.010897763073444366, -0.005528873298317194, -0.03388803079724312, -0.0016108882846310735, -0.00035494225448928773, -0.002198899397626519, -0.0062572285532951355, -0.01641964726150036, -3.3854863431770355e-05, -0.031510744243860245, -0.00019727191829588264, -0.00025102324434556067, -4.6967357775429264e-05, -0.014872155152261257, -0.4305817484855652, -0.055610667914152145]",14.38211727142334,True,0.0,-0.6338624876771064,-0.037286028686888614,17.0,-0.5782518197629543,-0.03614073873518464,16.0,0.010492968356511787,0,19,19,19,1.0,-0.952493759943176,-1.2095435312294864,False,15,0.8823529411764706,0.0,1.0,0.0,0.6298105462102981
~/anvil/data/cve-targets/sqlite3_repo_src_expr.c,3680,3626,3723,"sqlite3ExprCompare(0,pFarg->a[0].pExpr, pFarg->a[1].pExpr,-1),","sqlite3ExprCompare(pParse, pFarg->a[0].pExpr, pFarg->a[1].pExpr,-1),","         sqlite3ExprCompare(pParse, pFarg->a[0].pExpr, pFarg->a[1].pExpr,-1),",0.10107421875,"[[260, 22003, 18, 16041, 27374, 1295, 14463, 11, 281, 37, 858, 405, 64, 58, 15, 936, 79, 16041, 11, 281, 37, 858, 405, 64, 58, 16, 936, 79, 16041, 4999, 16, 701, 151643]]","[-0.12656763195991516, -0.008392542600631714, -8.487341256113723e-05, -0.004013223107904196, -0.00039867559098638594, -0.37062016129493713, -0.001167807262390852, -0.6061334609985352, -0.032944366335868835, -1.7523612768854946e-05, -5.960462772236497e-07, -2.2172682292875834e-05, -1.3351351299206726e-05, -9.464769391342998e-05, -0.0067248218692839146, -5.793403761344962e-05, -1.680836794548668e-05, -5.745722592109814e-05, -0.083350770175457, -0.008406727574765682, -3.933898824470816e-06, -1.0728830375228426e-06, -5.125986263010418e-06, -1.585470999998506e-05, -1.4543427823809907e-05, -0.0005016260547563434, -5.602679812000133e-05, -1.0013530300057027e-05, -7.033323527139146e-06, -0.5952187776565552, -0.0041178204119205475, -0.02577802538871765, -0.377713680267334]",8.024478912353516,False,0.0,-2.2525290875384485,-0.06825845719813481,33.0,-1.8748154072711145,-0.05858798147722233,32.0,0.0241918302915003,0,36,36,36,1.0,-1.72516984203143,-1.031797144714327,True,30,0.9090909090909091,7.0,0.9384615384615385,1.0,2.3141049959842497
~/anvil/data/cve-targets/poppler_repo_poppler_FileSpec.cc,118,88,122,},obj1,        obj1,0.0986328125,"[[286, 2839, 16]]","[-0.6527106761932373, -0.4159869849681854, -0.0010684978915378451]",3.876562356948853,False,0.0,-1.0697661590529606,-0.3565887196843202,3.0,-1.0697661590529606,-0.3565887196843202,3.0,0.07253699838299686,1,2,2,2,1.0,-0.27660104500029437,-1.0750808105366187,True,1,0.3333333333333333,4.0,0.0,1.0,1.8100028378300812
~/anvil/data/cve-targets/libpng_repo_png.c,2261,2226,2361,*/,*/,       */,0.169921875,"[[981, 639, 151643]]","[-0.001039322349242866, -0.1830528825521469, -0.033974338322877884]",14.771007537841797,True,0.0,-0.21806654322426766,-0.07268884774142255,3.0,-0.18409220490138978,-0.09204610245069489,2.0,0.008282234024434044,1,3,3,3,1.0,-1.8460518205104859,-1.2213603739918013,False,1,0.3333333333333333,0.0,1.0,0.0,0.43415774523599854
~/anvil/data/cve-targets/php_repo_ext_phar_phar.c,976,632,1125,if (buffer + 4 > endbuffer) {,"PHAR_GET_32(buffer, entry.offset);","		PHAR_GET_32(buffer, entry.offset);",0.59375,"[[197, 10025, 39, 934, 12702, 62, 18, 17, 12584, 11, 4343, 14760, 1215, 151643]]","[-0.022775379940867424, -0.6114559769630432, -0.0007472821744158864, -2.372236667724792e-05, -0.0020503229461610317, -0.00392072694376111, -0.01432574912905693, -5.411955135059543e-05, -0.0014607959892600775, -0.00025960413040593266, -0.4081413447856903, -0.5736414790153503, -0.6048393845558167, -0.41458526253700256]",7.261111736297607,False,0.0,-2.6582811510288593,-0.18987722507348995,14.0,-2.2436958884918567,-0.17259199142245052,13.0,0.06529656456061285,1,16,14,14,1.1428571428571428,-3.440194386231329,-1.0122928466221428,True,11,0.7857142857142857,26.0,0.4444444444444444,14.0,2.205985805029963
~/anvil/data/cve-targets/sqlite3_repo_src_where.c,2442,2336,2707,"** However, the nIn multiplier should only be applied once, not once","** If this is the first such term seen (pNew->nLTerm==1), then all","        ** If this is the first such term seen (pNew->nLTerm==1), then all
       ",1.328125,"[[286, 3070, 1416, 419, 374, 279, 1156, 1741, 4647, 3884, 320, 79, 3564, 405, 77, 43, 17249, 418, 16, 701, 1221, 678, 198, 286]]","[-0.01229599118232727, -0.003271111287176609, -2.0764400959014893, -1.591515064239502, -0.20482999086380005, -0.2828028202056885, -0.6898056268692017, -0.9658881425857544, -0.08824163675308228, -0.9026241302490234, -0.05070720985531807, -0.6137361526489258, -0.008696657605469227, -0.0024108411744236946, -0.1242830902338028, -0.04955333471298218, -0.00019333878299221396, -0.023454489186406136, -0.7317034006118774, -0.06874492019414902, -0.8727188110351562, -0.4946031868457794, -0.11352962255477905, -5.543078441405669e-05]",8.205554962158203,False,1.0,-9.97210509636352,-0.4155043790151467,24.0,-9.97210509636352,-0.4155043790151467,24.0,0.2921460602582279,0,18,27,27,0.6666666666666666,-3.196416372669769,-1.0364785766889117,True,15,0.625,54.0,0.3880597014925373,25.0,2.2618536730998695
~/anvil/data/cve-targets/libsndfile_repo_src_ulaw.c,555,400,705,"0x8a, 0x8a, 0x8a, 0x8a, 0x8a, 0x8a, 0x8a, 0x8a, 0x8a, 0x8a, 0x8a, 0x8a,","0x8a, 0x8a, 0x8a, 0x8a, 0x8a, 0x8a, 0x8a, 0x8a, 0x8a, 0x8a, 0x8a, 0x8a,","	0x8a, 0x8a, 0x8a, 0x8a, 0x8a, 0x8a, 0x8a, 0x8a, 0x8a, 0x8a, 0x8a, 0x8a,
	0x8a, 0x8a, 0x8a, 0x8a, 0x8a, 0x8a,",0.020751953125,"[[197, 15, 87, 23, 64, 11, 220, 15, 87, 23, 64, 11, 220, 15, 87, 23, 64, 11, 220, 15, 87, 23, 64, 11, 220, 15, 87, 23, 64, 11, 220, 15, 87, 23, 64, 11, 220, 15, 87, 23, 64, 11, 220, 15, 87, 23, 64, 11, 220, 15, 87, 23, 64, 11, 220, 15, 87, 23, 64, 11, 220, 15, 87, 23, 64, 11, 220, 15, 87, 23, 64, 345, 197, 15, 87, 23, 64, 11, 220, 15, 87, 23, 64, 11, 220, 15, 87, 23, 64, 11, 220, 15, 87, 23, 64, 11, 220, 15, 87, 23, 64, 11, 220, 15, 87, 23, 64, 11]]","[-0.0024567442014813423, -0.001970732118934393, -0.0005248599336482584, -0.0011397063499316573, -0.00296926312148571, -0.0017736908048391342, -0.0002040654799202457, -5.98412734689191e-05, -0.0004674295778386295, -9.7508447652217e-05, -0.000993711524643004, -0.0007364421617239714, -0.00013290952483657748, -4.541770613286644e-05, -0.0001711698860162869, -4.8993817472364753e-05, -0.0002181292074965313, -0.0002791491860989481, -5.602679812000133e-05, -2.992108420585282e-05, -0.00011836781777674332, -4.994744449504651e-05, -0.00037067217635922134, -0.0004748170613311231, -7.712543447269127e-05, -3.218599158572033e-05, -0.0001401803019689396, -5.519237674889155e-05, -0.0002503081923350692, -0.00027533553657121956, -4.339123915997334e-05, -2.2649508537142538e-05, -7.021180499577895e-05, -4.625213477993384e-05, -0.0001546025014249608, -0.00037472377880476415, -5.5549986427649856e-05, -3.099393507000059e-05, -7.378782902378589e-05, -4.2199197196168825e-05, -0.00016842853801790625, -0.00033945043105632067, -6.365573790390044e-05, -2.932505594799295e-05, -7.617183291586116e-05, -5.94836674281396e-05, -0.0008250646642409265, -0.0002836778585333377, -5.8410845667822286e-05, -3.099393507000059e-05, -7.629103492945433e-05, -7.116541382856667e-05, -0.0002762889489531517, -0.00026663561584427953, -5.328513361746445e-05, -2.3841574147809297e-05, -7.295342220459133e-05, -6.472854875028133e-05, -0.00023147765023168176, -0.0002451834443490952, -4.470248313737102e-05, -1.823885577323381e-05, -6.544376083184034e-05, -5.1616290875244886e-05, -0.00017498392844572663, -0.00031287543242797256, -4.541770613286644e-05, -1.728519782773219e-05, -5.2689116273541003e-05, -4.470248313737102e-05, -0.0002908283786382526, -0.350894570350647, -0.0001497156627010554, -4.684815212385729e-05, -8.976056415122002e-05, -3.683499380713329e-05, -0.00015066919149830937, -0.0001102625101339072, -4.637133679352701e-05, -1.2993727978027891e-05, -5.364274329622276e-05, -2.884823152271565e-05, -0.00015233787416946143, -0.00017128908075392246, -3.8980677345534787e-05, -2.539125671319198e-05, -5.280832192511298e-05, -3.0040289857424796e-05, -0.0001292145170737058, -0.00015877417172305286, -3.421248038648628e-05, -1.0609570381348021e-05, -7.128461584215984e-05, -3.886147169396281e-05, -0.0002731903805397451, -0.00020454221521504223, -5.8887653722194955e-05, -1.490105023549404e-05, -6.48477507638745e-05, -3.9934315282152966e-05, -0.00011467275908216834, -9.274052717955783e-05, -3.158996332786046e-05, -1.2993727978027891e-05, -4.172238186583854e-05, -3.302042750874534e-05, -8.892617915989831e-05, -8.284702198579907e-05]",9.923785209655762,True,1.0,-0.3752586415885162,-0.0034746170517455204,108.0,-0.3726137894554995,-0.005104298485691774,73.0,0.0016609958988881394,0,25,37,25,0.6756756756756757,-4.065583778686002,-1.081971391807923,False,71,0.6574074074074074,0.0,1.0,0.0,1.0422031568082815
~/anvil/data/cve-targets/openssl_repo_crypto_bn_bn_local.h,611,456,761,"return ((((((bits+BN_BITS2-1))/BN_BITS2)) <= (a)->dmax)?(a):bn_expand2((a),(bits+BN_BITS2-1)/BN_BITS2));",#ifdef BN_MUL_COMBA,"#ifdef BN_MUL_COMBA
    if (bits <= 128)
        return bn_expand2(a, bits);
#endif
    return BN_dup(a);",0.8515625,"[[5753, 45316, 91421, 6877, 7064, 198, 262, 421, 320, 11516, 2651, 220, 16, 17, 23, 340, 286, 470, 40597, 67875, 17, 2877, 11, 9472, 317, 2663, 198, 262, 470, 45316, 51932, 2877, 1215, 151643]]","[-0.664993166923523, -0.48144328594207764, -0.6832391023635864, -0.19227701425552368, -0.007999288849532604, -0.16247600317001343, -0.1496860831975937, -0.8692950010299683, -0.16079187393188477, -0.7925710678100586, -0.7220964431762695, -0.5256314277648926, -1.707686185836792, -0.851752519607544, -0.11394955217838287, -0.7389430403709412, -0.013000726699829102, -0.23298023641109467, -1.0537528991699219, -0.30306094884872437, -0.055205099284648895, -0.0405525267124176, -0.009381378069519997, -0.7657737731933594, -0.7972135543823242, -0.46904659271240234, -0.2840518653392792, -0.37401285767555237, -0.40323883295059204, -0.35030123591423035, -1.6055752038955688, -0.49125775694847107, -0.18441569805145264, -0.12504637241363525]",3.6501731872558594,False,4.0,-16.38269861508161,-0.481844076914165,34.0,-2.3421139447018504,-0.3345877063859786,7.0,0.0632879288174469,1,71,34,5,2.088235294117647,-2.5451099479956443,-1.081182728150336,True,43,1.2647058823529411,97.0,0.13008130081300817,70.0,2.678782980179084
~/anvil/data/cve-targets/libxml2_repo_xmlregexp.c,4854,4774,4859,} else {,return;,"	return;
    } else {",0.068359375,"[[853, 280, 262, 335, 770, 314]]","[-0.6220113039016724, -0.2897040545940399, -0.003466313472017646, -0.5320790410041809, -0.29490160942077637, -0.34299489855766296]",3.7057292461395264,False,1.0,-2.08515722095035,-0.347526203491725,6.0,-0.9151816719677299,-0.30506055732257664,3.0,0.06388422861896272,1,4,9,4,0.4444444444444444,-0.2240846066760297,-1.079682114211292,True,3,0.5,7.0,0.1333333333333333,4.0,1.8161780677442925
~/anvil/data/cve-targets/openssl_repo_ssl_t1_lib.c,1715,1599,1840,if (eticklen < 48) {,if (eticklen < TLSEXT_KEYNAME_LENGTH + EVP_MAX_IV_LENGTH,    if (eticklen < TLSEXT_KEYNAME_LENGTH + EVP_MAX_IV_LENGTH,0.67578125,"[[262, 421, 320, 295, 865, 2892, 366, 29615, 925, 9036, 6600, 7535, 15023, 488, 72758, 6806, 61917, 15023]]","[-0.050762053579092026, -0.04142624884843826, -0.10669434070587158, -0.011632353998720646, -4.7444173105759546e-05, -0.000514017534442246, -0.36898311972618103, -0.5219962000846863, -0.00012218205665703863, -5.722029527532868e-06, -0.11605465412139893, -0.00013791563105769455, -5.221230458118953e-05, -0.020705970004200935, -0.011460306122899055, -0.7045397162437439, -0.00812499038875103, -9.298280929215252e-06]",6.684720993041992,False,0.0,-1.9632687458342843,-0.10907048587968246,18.0,-1.9632687458342843,-0.10907048587968246,18.0,0.04004317237484442,1,13,9,9,1.4444444444444444,-6.195821395216539,-1.0021942693372619,True,11,0.6111111111111112,40.0,0.42105263157894735,9.0,2.210318220843341
~/anvil/data/cve-targets/libtiff_repo_libtiff_tif_dirread.c,4239,4220,4241,m=o->tdir_tag+1;,m=o->tdir_tag;,		m=o->tdir_tag;,0.76171875,"[[197, 2109, 85876, 405, 1296, 404, 9372, 26, 151643]]","[-0.02086581103503704, -0.15805678069591522, -0.30717217922210693, -0.0004111875023227185, -0.00010477947944309562, -5.23315102327615e-05, -0.00012766500003635883, -0.1429193913936615, -0.637582540512085]",5.802083492279053,False,0.0,-1.2672926663508406,-0.1408102962612045,9.0,-0.6297101258387556,-0.07871376572984445,8.0,0.01132892148579465,0,13,10,10,1.3,-9.67707163972201,-1.0245544170111143,True,9,1.0,2.0,0.9333333333333333,3.0,2.161220025854485
~/anvil/data/cve-targets/poppler_repo_poppler_FileSpec.cc,121,88,122,desc = obj1.getString()->copy();,desc = obj1.getString()->copy();,"        desc = obj1.getString()->copy();
    obj1 =",0.15625,"[[286, 6560, 284, 2839, 16, 7109, 2759, 8560, 543, 262, 2839, 16, 284]]","[-0.037335507571697235, -0.0031914988067001104, -0.004231428727507591, -0.023225413635373116, -0.0012906801421195269, -0.007454318460077047, -0.01174145843833685, -0.021015821024775505, -0.4784844219684601, -0.7442078590393066, -0.8704468011856079, -0.0038941281381994486, -0.03443329781293869]",8.08263874053955,True,1.0,-2.2409526349510998,-0.17238097191931537,13.0,-1.3321784078143537,-0.13321784078143536,10.0,0.06079209584140988,1,21,23,21,0.9130434782608695,-1.1728909512679497,-1.0332984645225936,False,8,0.6153846153846154,0.0,1.0,0.0,1.1469971046393155
~/anvil/data/cve-targets/openssl_repo_crypto_pkcs7_pk7_doit.c,185,159,299,break;,break;,        break;,0.546875,"[[286, 1438, 26, 151643]]","[-0.048661138862371445, -1.0247275829315186, -0.05397474765777588, -0.1427706927061081]",7.497395992279053,True,0.0,-1.270134162157774,-0.3175335405394435,4.0,-1.1273634694516659,-0.3757878231505553,3.0,0.21056611165202557,0,4,4,4,1.0,-1.455275999672029,-1.018290264427745,False,2,0.5,0.0,1.0,0.0,1.0470507647112752
~/anvil/data/cve-targets/libpng_repo_pngset.c,1095,940,1245,},,  ,3.90625,[[256]],[-0.15217244625091553],3.1578123569488525,False,0.0,-0.15217244625091553,-0.15217244625091553,1.0,-0.15217244625091553,-0.15217244625091553,1.0,0.0,0,2,-1,-1,-2.0,-25.669890287227332,-1.0945732719663015,True,1,1.0,1.0,0.0,2.0,2.269111505028588
~/anvil/data/cve-targets/libsndfile_repo_src_sd2.c,225,141,230,"psf_fwrite (psf->header.ptr, psf->header.indx, 1, psf) ;",psf->header.len = rsrc.map_offset + rsrc.map_length ;,	psf->header.len = rsrc.map_offset + rsrc.map_length ;,0.6171875,"[[35009, 69, 405, 2708, 19406, 284, 435, 3548, 4770, 6917, 488, 435, 3548, 4770, 5118, 2587, 151643]]","[-1.1547714471817017, -0.0006463822210207582, -0.055517975240945816, -0.18410050868988037, -0.49798572063446045, -0.056020356714725494, -0.6754082441329956, -0.00043811736395582557, -0.270492821931839, -0.4366970360279083, -0.07673996686935425, -0.02587258815765381, -1.9907753085135482e-05, -0.008368190377950668, -0.0002828436263371259, -1.0033389329910278, -0.3273719549179077]",1.8348954916000368,False,0.0,-4.77407299483275,-0.28082782322545585,17.0,-4.446701039914842,-0.27791881499467763,16.0,0.13244647634761914,0,27,22,22,1.2272727272727273,-2.220747451056236,-1.1313792944983851,True,25,1.4705882352941178,47.0,0.3853211009174312,18.0,2.0111062125872943
~/anvil/data/cve-targets/libxml2_repo_parser.c,11751,11731,11756,},},	},0.48828125,"[[197, 92, 151643]]","[-0.4029422402381897, -0.48816847801208496, -0.4114115834236145]",10.240449905395508,True,0.0,-1.3025223016738892,-0.43417410055796307,3.0,-0.8911107182502747,-0.44555535912513733,2.0,0.001815877901273133,1,2,2,2,1.0,-1.095893562943012,-1.0905709401012469,False,1,0.3333333333333333,0.0,1.0,0.0,0.8203779604899726
~/anvil/data/cve-targets/libsndfile_repo_src_paf.c,102,78,118,switch (subformat),switch (subformat),	switch (subformat),0.09814453125,"[[8961, 320, 1966, 2243, 8, 151643]]","[-0.38998541235923767, -0.011126378551125526, -0.07152917236089706, -0.00020823694649152458, -0.015258019790053368, -0.4433544874191284]",2.5833332538604736,True,0.0,-0.9314617074269336,-0.15524361790448893,6.0,-0.48810722000780515,-0.09762144400156103,5.0,0.0219823919074185,0,6,6,6,1.0,-1.0053583232023346,-1.1104069379711194,False,5,0.8333333333333334,0.0,1.0,0.0,0.7595669139380505
~/anvil/data/cve-targets/openssl_repo_ssl_statem_statem.c,454,444,456,return 0;,return 0;,"        return 0;
    s",0.8671875,"[[286, 470, 220, 15, 280, 262, 274]]","[-0.01339637115597725, -0.36920449137687683, -0.018064500764012337, -0.2572966516017914, -0.16653099656105042, -0.01219401229172945, -0.06028236076235771]",5.297916889190674,True,1.0,-0.8969693845137954,-0.12813848350197077,7.0,-0.8366870237514377,-0.13944783729190627,6.0,0.01903773052090021,1,5,8,5,0.625,-6.218723193137199,-1.0375497959221316,False,4,0.5714285714285714,0.0,1.0,0.0,1.0492416186805684
~/anvil/data/cve-targets/lua_repo_liolib.c,213,205,217,LStream *p = newprefile(L);,"LStream *p = newLStream(L, &io_stream);","  LStream *p = newLStream(L, &io_stream);",0.3046875,"[[220, 444, 3027, 353, 79, 284, 501, 43, 3027, 4957, 11, 609, 815, 12673, 1215, 151643]]","[-0.005954384338110685, -0.7826226353645325, -5.0424259825376794e-05, -0.0005013877525925636, -0.000607782625593245, -0.04243895784020424, -0.005425609182566404, -1.2280585765838623, -0.05647663399577141, -0.006587693467736244, -0.5452179908752441, -0.4844715893268585, -0.7405253052711487, -0.8809504508972168, -0.8028742671012878, -0.06797438114881516]",8.450695037841797,False,0.0,-5.650738070031366,-0.3531711293769604,16.0,-5.582763688882551,-0.3721842459255034,15.0,0.16992952289130023,1,15,19,19,0.7894736842105263,-0.8186469560051889,-1.0428501417392853,True,10,0.625,17.0,0.6666666666666667,5.0,2.0728649786098146
~/anvil/data/cve-targets/openssl_repo_crypto_asn1_a_int.c,130,85,161,if (blen == 0),if (blen == 0),    if (blen == 0),0.150390625,"[[262, 421, 320, 2024, 268, 621, 220, 15, 8, 151643]]","[-0.008060899563133717, -0.10960733890533447, -0.2147173434495926, -0.38795891404151917, -1.9788545614574105e-05, -0.1898689866065979, -0.006164465565234423, -0.051018889993429184, -0.08214394003152847, -0.320846825838089]",8.99392318725586,True,0.0,-1.3704073925400735,-0.13704073925400734,10.0,-1.0495605667019845,-0.11661784074466494,9.0,0.014637300389871278,1,12,12,12,1.0,-1.2896022087159087,-1.0571093866865848,False,8,0.8,0.0,1.0,0.0,0.9793475669984553
~/anvil/data/cve-targets/php_repo_ext_phar_phar.c,905,632,1125,if (manifest_len < 10 + tmp_len),if (buffer + tmp_len > endbuffer) {,"	if (buffer + tmp_len > endbuffer) {
		MAPPHAR_FAIL(""",1.0234375,"[[743, 320, 7573, 488, 4174, 6043, 861, 835, 7573, 8, 341, 197, 9209, 2537, 10842, 934, 11878, 445]]","[-0.841677725315094, -0.17567649483680725, -0.4330829381942749, -0.5264258980751038, -0.4462597370147705, -2.5510462364763953e-05, -0.34370937943458557, -0.017527567222714424, -0.00012087091454304755, -0.028628509491682053, -0.5734567046165466, -0.0011660212185233831, -0.03904310613870621, -0.008120615035295486, -1.0251946150674485e-05, -1.5020257706055418e-05, -0.006352351978421211, -0.0004893536097370088]",1.645139217376709,False,1.0,-3.441788055763027,-0.1912104475423904,18.0,-3.3877573567970103,-0.28231311306641754,12.0,0.07456875170282136,1,15,16,16,0.9375,-3.625185840231318,-1.1367592032935179,True,12,0.6666666666666666,24.0,0.5074626865671642,8.0,1.914774738566533
~/anvil/data/cve-targets/php_repo_ext_exif_exif.c,945,873,977,"{ 0x0079, ""IntelligentDRange""},","{ 0x0078, ""BurstSheed2""},","  { 0x0078, ""BurstSheed2""},
  { 0x00",1.0234375,"[[220, 314, 220, 15, 87, 15, 15, 22, 23, 11, 330, 33, 32612, 7941, 291, 17, 7115, 220, 314, 220, 15, 87, 15, 15]]","[-0.0011157722910866141, -0.015246514230966568, -0.0003962923656217754, -3.3854863431770355e-05, -0.00032550760079175234, -0.0004693360242526978, -0.0011828100541606545, -0.05270805209875107, -0.6333324313163757, -0.00012134769349358976, -0.0004220310365781188, -3.4281227588653564, -0.039294950664043427, -2.382687568664551, -0.0161212719976902, -2.3386013507843018, -0.5966905355453491, -0.00103586888872087, -0.007114197593182325, -0.00016211149340961128, -1.9311717551317997e-05, -0.00039057256071828306, -0.0003002431185450405, -0.0006429274217225611]",9.35572910308838,False,1.0,-9.516537618890652,-0.3965224007871105,24.0,-9.507908254985523,-0.5282171252769735,18.0,1.0354450307396394,0,10,14,10,0.7142857142857143,-1.9375318425417483,-1.066714471651909,True,15,0.625,17.0,0.5714285714285714,2.0,2.0479582308966595
~/anvil/data/cve-targets/libxml2_repo_xmlregexp.c,4850,4774,4859,NEXTL(len);,NEXTL(len);,    NEXTL(len);,0.10595703125,"[[262, 45011, 43, 6901, 1215, 151643]]","[-0.11994786560535431, -0.13001446425914764, -0.005283914972096682, -0.002266340423375368, -0.2856314182281494, -0.28323236107826233]",5.566666603088379,True,0.0,-0.8263763645663857,-0.13772939409439763,6.0,-0.5431440034881234,-0.10862880069762468,5.0,0.010781706562044595,1,9,9,9,1.0,-0.9754045940812537,-1.0306021315726408,False,4,0.6666666666666666,0.0,1.0,0.0,1.011184935802382
~/anvil/data/cve-targets/poppler_repo_utils_ImageOutputDev.cc,326,312,464,unsigned char zero[1];,unsigned char zero[3];,    unsigned char zero[3];,0.64453125,"[[262, 3774, 1161, 7168, 58, 18, 5265, 151643]]","[-0.013858404941856861, -0.48985445499420166, -0.03893808647990227, -0.10383386164903641, -0.17441625893115997, -1.5443984270095825, -0.39148762822151184, -0.07005783170461655]",7.256250381469727,False,0.0,-2.826844953931868,-0.3533556192414835,8.0,-2.7567871222272515,-0.3938267317467502,7.0,0.24794296016861406,1,11,11,11,1.0,-1.636585833422971,-1.0121698262299375,True,6,0.75,1.0,0.9545454545454546,1.0,2.1563295222866854
~/anvil/data/cve-targets/openssl_repo_ssl_statem_statem_dtls.c,385,375,412,if ((frag_off + frag_len) > msg_len) {,if (frag_off + frag_len > msg_len) {,"    if (frag_off + frag_len > msg_len) {
        /* wrong record length */
        SSL",0.365234375,"[[262, 421, 320, 33198, 13651, 488, 8343, 6043, 861, 3750, 6043, 8, 341, 286, 1391, 4969, 3255, 3084, 735, 286, 25316]]","[-0.21256476640701294, -0.433139443397522, -0.1576412320137024, -0.37088388204574585, -0.14447036385536194, -0.4130924344062805, -0.004726309794932604, -4.3748852476710454e-05, -0.21963465213775635, -0.8367324471473694, -0.1021256372332573, -0.07748270779848099, -0.639509379863739, -0.014404715038836002, -0.8641244769096375, -2.9397616386413574, -1.2999306917190552, -0.2863704562187195, -0.5534764528274536, -0.01598777249455452, -0.13894909620285034]",6.423784732818604,False,2.0,-9.725052305006102,-0.46309772880981437,21.0,-3.626451719992474,-0.25903226571374816,14.0,0.05866743401327273,1,19,15,16,1.2666666666666666,-1.4099956775408584,-1.0087533605026369,True,13,0.6190476190476191,2.0,0.972972972972973,3.0,2.2189509540641854
~/anvil/data/cve-targets/libxml2_repo_HTMLparser.c,2762,2727,2765,NEXT;,NEXT;,"        NEXT;
   ",0.62890625,"[[286, 45011, 280, 262]]","[-0.33339932560920715, -0.3525390028953552, -0.6874022483825684, -0.29382821917533875]",2.9520833492279053,True,1.0,-1.6671687960624695,-0.41679219901561737,4.0,-1.6671687960624695,-0.41679219901561737,4.0,0.024858195925797633,1,4,4,4,1.0,-1.5089203960279367,-1.1002174108911265,False,2,0.5,0.0,1.0,0.0,0.8358472987479258
~/anvil/data/cve-targets/libsndfile_repo_src_common.c,591,470,684,int padding = size & 1 ;,size += (size & 1) ;,					size += (size & 1) ;,2.4375,"[[464, 13832, 1421, 320, 2141, 609, 220, 16, 8, 2587, 151664]]","[-0.0567522831261158, -0.3636682331562042, -0.13325895369052887, -0.06399807333946228, -0.002853728597983718, -0.004039581399410963, -0.0006778326351195574, -0.0034143980592489243, -0.0008015995263122022, -0.4874146580696106, -0.7985553741455078]",5.458506107330322,False,0.0,-1.915434715745505,-0.1741304287041368,11.0,-1.1168793415999971,-0.11168793415999971,10.0,0.02701974322264532,1,11,13,13,0.8461538461538461,-21.824201677041803,-1.0333926636259847,True,8,0.7272727272727273,13.0,0.6363636363636364,8.0,2.3398488325793765
~/anvil/data/cve-targets/libtiff_repo_libtiff_tif_dir.c,248,243,249,{,{,"        {
           ",1.7109375,"[[286, 341, 310]]","[-0.7876495718955994, -0.23289702832698822, -0.21086467802524567]",3.636110544204712,True,1.0,-1.2314112782478333,-0.4104704260826111,3.0,-1.2314112782478333,-0.4104704260826111,3.0,0.07121295809474419,1,2,2,2,1.0,-4.168235739487009,-1.0815629021440358,False,1,0.3333333333333333,0.0,1.0,0.0,1.0092149212478254
~/anvil/data/cve-targets/libxml2_repo_HTMLparser.c,544,389,694,*,*," *
",1.765625,[[1213]],[-0.2625473439693451],6.03402853012085,True,1.0,-0.2625473439693451,-0.2625473439693451,1.0,-0.2625473439693451,-0.2625473439693451,1.0,0.0,0,2,2,2,1.0,-6.7249775728302685,-1.0186306007812984,False,1,1.0,0.0,1.0,0.0,1.187277028875167
~/anvil/data/cve-targets/libsndfile_repo_src_ulaw.c,829,823,835,{,{	if,	{	if,0.15625,"[[197, 90, 743]]","[-0.01359113585203886, -0.15670309960842133, -0.8597137928009033]",6.780555725097656,False,0.0,-1.0300080282613635,-0.3433360094204545,3.0,-1.0300080282613635,-0.3433360094204545,3.0,0.13673651327948755,1,2,3,3,0.6666666666666666,-0.45509354018457726,-1.0002040236672063,True,1,0.3333333333333333,3.0,0.4,1.0,2.0208592073682983
~/anvil/data/cve-targets/libtiff_repo_libtiff_tif_jbig.c,100,39,108,"decodedSize, (unsigned long)size);","decodedSize, size);","	                 decodedSize, size);",0.400390625,"[[73912, 29213, 1695, 11, 1379, 1215, 151664]]","[-0.8221024870872498, -0.02010491117835045, -1.597391747054644e-05, -0.004809122066944838, -0.11131799221038818, -0.3646712899208069, -0.6507869958877563]",2.2987842559814453,False,0.0,-1.973808772268967,-0.28197268175270956,7.0,-1.3230217763812107,-0.22050362939686843,6.0,0.08832092937630999,1,14,7,7,2.0,-1.815800611060991,-1.1183342303658155,True,8,1.1428571428571428,15.0,0.7169811320754718,11.0,1.869613522524452
~/anvil/data/cve-targets/libsndfile_repo_src_alaw.c,307,301,313,{,{	if,	{	if,0.11474609375,"[[197, 90, 743]]","[-0.015388095751404762, -0.1145014688372612, -0.5655218362808228]",6.522396087646484,False,0.0,-0.6954114008694887,-0.23180380028982958,3.0,-0.6954114008694887,-0.23180380028982958,3.0,0.05732110722691893,1,2,3,3,0.6666666666666666,-0.49501385916249147,-1.006269560008094,True,1,0.3333333333333333,3.0,0.4,1.0,1.9988252398254154
~/anvil/data/cve-targets/php_repo_ext_exif_exif.c,2659,2639,2730,switch(ImageInfo->Thumbnail.filetype) {,switch (ImageInfo->Thumbnail.filetype) {,	switch (ImageInfo->Thumbnail.filetype) {,0.263671875,"[[8961, 320, 1906, 1731, 405, 45970, 9715, 1313, 8, 314, 151664]]","[-0.14433437585830688, -0.23478172719478607, -0.0017521519912406802, -1.9073304429184645e-05, -4.410646579344757e-05, -0.017460327595472336, -0.003536401316523552, -6.782778655178845e-05, -0.005442445166409016, -0.6351099610328674, -0.18839067220687866]",2.0501739978790283,False,0.0,-1.230939069919259,-0.11190355181084173,11.0,-1.0425483977123804,-0.10425483977123803,10.0,0.03709788842546615,0,16,16,16,1.0,-2.5291092056595548,-1.1253066095245992,True,9,0.8181818181818182,1.0,0.9873417721518988,0.0,1.8550440782800817
~/anvil/data/cve-targets/lua_repo_ldebug.c,788,747,794,L->hookcount = 1;  /* undo decrement to zero */,L->hookcount = 1;  /* correct 'hookcount' */,      L->hookcount = 1;  /* correct 'hookcount' */,0.52734375,"[[414, 444, 405, 20873, 1830, 284, 220, 16, 26, 220, 1391, 4396, 364, 20873, 1830, 6, 639, 151643]]","[-0.017967674881219864, -0.6646601557731628, -0.0006416169344447553, -0.6070566773414612, -0.0011330381967127323, -0.16919532418251038, -0.21820229291915894, -0.18393905460834503, -0.0536494106054306, -0.05395340174436569, -0.001553639187477529, -0.26554250717163086, -0.18678633868694305, -0.03592691570520401, -0.0007933806627988815, -0.007391486316919327, -0.4728875458240509, -0.08140739798545837]",8.361804962158203,False,0.0,-3.022687858727295,-0.1679271032626275,18.0,-2.9412804607418366,-0.17301649769069627,17.0,0.04399767852535604,0,11,11,11,1.0,-3.0479391100768836,-1.04053523913964,True,15,0.8333333333333334,18.0,0.7032967032967032,1.0,2.06362880002664
~/anvil/data/cve-targets/php_repo_ext_phar_phar.c,846,632,1125,efree(savebuf);,efree(savebuf);,					efree(savebuf);,0.0014724731445312,"[[464, 197, 823, 765, 33546, 5909, 1215, 151643]]","[-0.0029257608111947775, -0.0004773192631546408, -0.0002215855201939121, -2.3841855067985307e-07, -9.214453893946484e-05, -5.8412379075889476e-06, -0.00795186497271061, -0.3881922960281372]",11.014583587646484,True,0.0,-0.3998670507907889,-0.04998338134884861,8.0,-0.011674754762651673,-0.001667822108950239,7.0,7.5151824819315185e-06,0,9,9,9,1.0,-0.882871822258073,-1.1118826941826825,False,5,0.625,0.0,1.0,0.0,0.7766559113042619
~/anvil/data/cve-targets/openssl_repo_crypto_pkcs7_pk7_doit.c,739,587,741,EVP_MD_CTX_free(ctx_tmp);,EVP_MD_CTX_free(ctx_tmp);,    EVP_MD_CTX_free(ctx_tmp);,0.03369140625,"[[262, 72758, 46497, 44233, 8905, 7502, 16125, 1215, 151643]]","[-0.09517071396112442, -0.11568518728017807, -0.00010227633902104571, -3.6477376852417365e-05, -0.03826172649860382, -0.0012380562257021666, -0.00015746307326480746, -0.0798133984208107, -0.06319153308868408]",4.691840171813965,True,0.0,-0.39365683226424153,-0.04373964802936017,9.0,-0.33046529917555745,-0.04130816239694468,8.0,0.0020781650947550275,0,9,9,9,1.0,-0.8156113536653461,-1.0533903697640252,False,8,0.8888888888888888,0.0,1.0,0.0,0.9396530531305944
~/anvil/data/cve-targets/poppler_repo_splash_Splash.cc,2717,2504,2757,xa = 0;,xa = 0;,                xa = 0;,0.216796875,"[[394, 71800, 284, 220, 15, 26, 151643]]","[-0.1528732031583786, -0.20544831454753876, -0.002656147815287113, -0.010356258600950241, -0.0005791893927380443, -0.6594473719596863, -0.10713985562324524]",7.468056678771973,True,0.0,-1.1385003410978243,-0.16264290587111777,7.0,-1.031360485474579,-0.17189341424576318,6.0,0.05388010501437499,0,7,7,7,1.0,-1.2612285115823954,-1.0175436398466453,False,5,0.7142857142857143,0.0,1.0,0.0,1.038783670154128
~/anvil/data/cve-targets/php_repo_ext_standard_dns.c,417,391,729,CHECKCP(dlen);,if (dlen < 0,	if (dlen < 0,0.44921875,"[[743, 320, 67, 2892, 366, 220, 15]]","[-1.081425666809082, -0.12880493700504303, -1.3700827360153198, -0.000179036331246607, -0.91518634557724, -0.00663920771330595, -0.09179864078760147]",1.0909724235534668,False,0.0,-3.594116570238839,-0.5134452243198341,7.0,-3.594116570238839,-0.5134452243198341,7.0,0.294836292604885,1,9,6,6,1.5,-0.8749107572187169,-1.1526176575764848,True,5,0.7142857142857143,11.0,0.3846153846153846,6.0,1.7263645048680907
~/anvil/data/cve-targets/poppler_repo_poppler_JPEG2000Stream.cc,280,273,351,jpxData.data = buf;,jpxData.buf = buf;,    jpxData.buf = buf;,0.333984375,"[[262, 502, 1767, 1043, 44485, 284, 6607, 26, 151643]]","[-0.21355025470256805, -0.09920734912157059, -4.970903682988137e-05, -0.0005822870298288763, -0.5898707509040833, -0.006149656139314175, -0.1044706404209137, -0.21577951312065125, -0.34956952929496765]",5.639062881469727,False,0.0,-1.5792296897707274,-0.17546996553008082,9.0,-1.2296601604757598,-0.15370752005946997,8.0,0.033987296398136926,0,10,10,10,1.0,-2.1728564410562363,-1.0287385245885503,True,7,0.7777777777777778,4.0,0.8108108108108107,1.0,2.0582649784094085
~/anvil/data/cve-targets/libtiff_repo_libtiff_tif_predict.c,26,-129,176,*,*, *,0.294921875,[[353]],[-0.29412925243377686],13.565974235534668,True,0.0,-0.29412925243377686,-0.29412925243377686,1.0,-0.29412925243377686,-0.29412925243377686,1.0,0.0,0,2,2,2,1.0,-1.0026948103925897,-1.1851145844113344,False,1,1.0,0.0,1.0,0.0,0.5379214454079502
~/anvil/data/cve-targets/poppler_repo_poppler_JPEG2000Stream.cc,256,202,276,const int componentPixels = priv->image->comps[component].w * priv->image->comps[component].h;,if (priv->image->comps[component].prec > 8) {,"            if (priv->image->comps[component].prec > 8) {
                int adjust = 0;
                int depth = priv->image->comps[component].prec;
                if",0.578125,"[[310, 421, 320, 11887, 405, 1805, 405, 874, 1690, 58, 8571, 936, 10645, 861, 220, 23, 8, 341, 394, 526, 7500, 284, 220, 15, 280, 394, 526, 7990, 284, 6095, 405, 1805, 405, 874, 1690, 58, 8571, 936, 10645, 280, 394, 421]]","[-0.199127659201622, -1.3953802585601807, -0.058698251843452454, -0.8684577941894531, -0.0001323135511483997, -0.3026370108127594, -0.0005274811992421746, -0.03721687197685242, -1.5139465176616795e-05, -0.0040803044103085995, -0.03726591169834137, -0.0004808938247151673, -0.8466143012046814, -0.7874844074249268, -0.06373559683561325, -0.041252847760915756, -0.5301611423492432, -0.7566911578178406, -0.007854410447180271, -1.4847434759140015, -1.6581284999847412, -0.032805826514959335, -0.45573753118515015, -0.015551605261862278, -0.13250023126602173, -0.0012866322649642825, -0.515366792678833, -0.3165740966796875, -0.003916333429515362, -0.013944696635007858, -4.0531076592742465e-06, -8.153582894010469e-05, -4.6491513785440475e-06, -0.00010346830822527409, -8.583032467868179e-06, -0.00025018901214934886, -0.03000854328274727, -4.5536911784438416e-05, -0.0004606377915479243, -0.05459349974989891, -0.0019262346904724836, -0.23842103779315948]",6.4590277671813965,False,3.0,-10.894277445048829,-0.2593875582154483,42.0,-5.937813754573654,-0.31251651339861336,19.0,0.16734121956340314,1,41,53,27,0.7735849056603774,-1.8499022458458194,-1.0078649636989023,True,27,0.6428571428571429,58.0,0.5179856115107914,28.0,2.499986700435168
~/anvil/data/cve-targets/libtiff_repo_libtiff_tif_predict.c,343,335,352,tmsize_t wc = cc / 4;,tmsize_t wc = cc / sizeof(uint32_t);,	tmsize_t wc = cc / sizeof(uint32_t);,0.2333984375,"[[3244, 1011, 551, 528, 26548, 284, 12527, 608, 3935, 8488, 18, 17, 528, 1215, 151643]]","[-0.8227701783180237, -0.0026557911187410355, -2.2172682292875834e-05, -0.00011288482346571982, -0.02730364166200161, -0.050965987145900726, -0.07620679587125778, -0.34548795223236084, -0.5773508548736572, -0.428608238697052, -0.0024458037223666906, -4.660974445869215e-05, -0.0004926898400299251, -0.45006611943244934, -0.34082722663879395]",2.6729161739349365,False,0.0,-3.125362946802852,-0.20835752978685682,15.0,-2.784535720164058,-0.198895408583147,14.0,0.06937454680124996,1,11,16,16,0.6875,-1.1734732297876511,-1.1079228832210062,True,11,0.7333333333333333,16.0,0.7017543859649122,6.0,1.8413099234027257
~/anvil/data/cve-targets/openssl_repo_crypto_bn_bn_gf2m.c,246,227,255,for (i = 0; i < bt->top; i++) {,for (i = 0; i < bt->top; i++) {,    for (i = 0; i < bt->top; i++) {,0.0172119140625,"[[262, 369, 320, 72, 284, 220, 15, 26, 600, 366, 19592, 405, 3481, 26, 600, 2457, 314, 151643]]","[-0.026911256834864616, -0.22092485427856445, -0.0010055014863610268, -0.0004435985756572336, -0.0008370947907678783, -0.025164546445012093, -0.004731530323624611, -0.0006391151691786945, -0.004076742567121983, -0.002399662509560585, -0.033610500395298004, -1.168244216387393e-05, -6.317892984952778e-05, -0.0014300844632089138, -0.0021048076450824738, -0.004142632707953453, -0.004927752539515495, -0.40732765197753906]",8.19513988494873,True,0.0,-0.740752194081324,-0.04115289967118466,18.0,-0.3334245421037849,-0.01961320835904617,17.0,0.002638259313798929,0,24,24,24,1.0,-0.8775674916317999,-1.0362087367104345,False,16,0.8888888888888888,0.0,1.0,0.0,1.1544982068137022
~/anvil/data/cve-targets/libpng_repo_png.c,2391,2368,2463,default:  goto PNG_FP_End;,default:  goto PNG_FP_End;,      default:  goto PNG_FP_End;,0.1318359375,"[[414, 1638, 25, 220, 7986, 41639, 70981, 49953, 26, 151643]]","[-0.17383374273777008, -0.027497919276356697, -0.29385116696357727, -0.11719963699579239, -0.5870060324668884, -0.00017569905321579427, -0.0003177614707965404, -0.0028810682706534863, -0.011661221273243427, -0.6032918691635132]",4.105729103088379,True,0.0,-1.8177161176718073,-0.18177161176718074,10.0,-1.2144242485082941,-0.1349360276120327,9.0,0.03465660929090063,0,8,8,8,1.0,-0.9770254826165029,-1.0689391014996639,False,8,0.8,0.0,1.0,0.0,0.8993091002321456
~/anvil/data/cve-targets/poppler_repo_poppler_Stream.cc,573,564,616,"int readChars = str->doGetChars(inputLineSize, inputLine);",int readChars = 0;,    int readChars = 0;,1.4921875,"[[262, 526, 1349, 32516, 284, 220, 15, 26, 151643]]","[-0.042412448674440384, -1.1863325834274292, -0.3910099267959595, -0.007023999933153391, -0.04721088334918022, -0.5943999290466309, -0.007590027060359716, -0.6126784086227417, -0.5850962996482849]",5.923611164093018,False,0.0,-3.47375450655818,-0.3859727229509089,9.0,-2.888658206909895,-0.36108227586373687,8.0,0.15625640228115484,1,18,8,8,2.25,-4.132541527912362,-1.021446348033077,True,16,1.7777777777777777,41.0,0.4473684210526315,11.0,2.324690067640148
~/anvil/data/cve-targets/sqlite3_repo_ext_fts5_fts5_hash.c,144,138,166,int nNew = pHash->nSlot*2;,int nNew = pHash->nSlot * 2;,  int nNew = pHash->nSlot * 2;,0.1650390625,"[[220, 526, 308, 3564, 284, 281, 6370, 405, 77, 19877, 353, 220, 17, 26, 151643]]","[-0.020433634519577026, -0.27978965640068054, -0.24019935727119446, -0.016346938908100128, -0.0851755365729332, -0.18736344575881958, -0.00016556799528189003, -0.0008077934035100043, -0.0022178117651492357, -0.007619721814990044, -0.7819920778274536, -0.007558319717645645, -0.004341937601566315, -0.23563840985298157, -0.005282728932797909]",5.628471374511719,False,0.0,-1.8749329383426812,-0.12499552922284542,15.0,-1.8696502094098832,-0.1335464435292774,14.0,0.042608160358202474,0,14,14,14,1.0,-1.2358177285628613,-1.0290109579364837,True,12,0.8,2.0,0.962962962962963,0.0,2.0802636418557072
~/anvil/data/cve-targets/libxml2_repo_parser.c,9750,9665,9759,"int m_tmp = xmlSwitchToEncoding(ctxt, handler);",ctxt->input->charset = handler->input;,		ctxt->input->charset = handler->input;,2.453125,"[[197, 197, 77492, 405, 1355, 405, 25327, 284, 7013, 405, 1355, 26, 151643]]","[-0.2665574550628662, -0.9476288557052612, -0.15186555683612823, -0.0003578022588044405, -0.17054025828838348, -0.003639979287981987, -1.0658113956451416, -0.01350928284227848, -0.09104447811841965, -0.0030030175112187862, -0.3328756093978882, -1.5831242799758911, -0.08075939118862152]",5.605730056762695,False,0.0,-4.710717362118885,-0.362362874009145,13.0,-4.629957970930263,-0.38582983091085526,12.0,0.24969676104912822,1,15,16,16,0.9375,-6.358049076217713,-1.0295961509005018,True,13,1.0,39.0,0.3764705882352941,16.0,2.3977026918695787
~/anvil/data/cve-targets/poppler_repo_utils_HtmlOutputDev.cc,1250,1172,1284,unsigned char zero[1];,unsigned char *zero = (unsigned char *),            unsigned char *zero = (unsigned char *),0.357421875,"[[310, 3774, 1161, 353, 14154, 284, 320, 3626, 1161, 2586]]","[-0.004047892522066832, -0.2856190502643585, -0.002198780421167612, -0.5344379544258118, -0.011868222616612911, -0.038292016834020615, -0.33041810989379883, -0.002144776750355959, -0.0003586364327929914, -0.016634223982691765]",10.077083587646484,False,0.0,-1.2260196641436778,-0.12260196641436778,10.0,-1.2260196641436778,-0.12260196641436778,10.0,0.032797565408926435,1,11,16,16,0.6875,-2.9153029551907217,-1.0861259593134829,True,6,0.6,21.0,0.5901639344262295,13.0,1.9171122988724125
~/anvil/data/cve-targets/lua_repo_ldo.c,330,309,331,L->oldpc = ci->previous->u.l.savedpc;,"ci->u.l.savedpc++;  /* correct 'pc' for caller, because of line hook */","    ci->u.l.savedpc++;  /* correct 'pc' for caller, because of line hook */",0.337890625,"[[262, 11825, 405, 84, 918, 81346, 3992, 19581, 220, 1391, 4396, 364, 3992, 6, 369, 19865, 11, 1576, 315, 1555, 9704, 639]]","[-0.06040738523006439, -0.5088042616844177, -0.007561159320175648, -0.5079952478408813, -0.06766404211521149, -0.07002737373113632, -0.00014208737411536276, -0.15067234635353088, -0.10429590940475464, -0.002427609171718359, -1.087526559829712, -0.027371728792786598, -0.21580766141414642, -0.004751936998218298, -0.06877006590366364, -0.7317996025085449, -0.46160587668418884, -0.007847550325095654, -0.5101422071456909, -1.110733151435852, -0.21291407942771912, -0.07289573550224304]",4.425172805786133,False,0.0,-5.992163578193868,-0.2723710717360849,22.0,-5.992163578193868,-0.2723710717360849,22.0,0.11180467380366305,1,22,16,16,1.375,-1.2405525404966669,-1.0604364515507962,True,14,0.6363636363636364,56.0,0.2962962962962963,11.0,2.1091708174416626
~/anvil/data/cve-targets/lua_repo_ldebug.c,355,326,359,"if (strchr(what, 'L'))","if (strchr(what, 'l') && ar->currentline","  if (strchr(what, 'l') && ar->currentline",0.396484375,"[[220, 421, 320, 495, 16789, 7, 12555, 11, 364, 75, 863, 1009, 796, 405, 3231, 1056]]","[-0.024069715291261673, -0.05415826663374901, -0.09505874663591385, -0.5096284747123718, -7.724463648628443e-05, -0.0010882653295993805, -1.3947389561508317e-05, -0.0011461363174021244, -0.0031755755189806223, -0.22694358229637146, -0.33489614725112915, -0.03101981431245804, -1.0517687797546387, -0.008141189813613892, -0.6556819081306458, -0.002165474696084857]",6.885416030883789,False,0.0,-2.999033268720268,-0.18743957929501676,16.0,-2.999033268720268,-0.18743957929501676,16.0,0.08818582610229689,0,19,20,20,0.95,-2.1152649642686265,-1.0028295060188985,True,10,0.625,20.0,0.6451612903225806,9.0,2.2392218282445486
~/anvil/data/cve-targets/sqlite3_repo_src_shell.c.in,9328,9173,9478,"utf8_printf(p->out, ""%12.12s: %s\n"",""stats"", zOut);","utf8_printf(p->out, ""%12.12s: %s\n"", ""stats"", zOut);","    utf8_printf(p->out, ""%12.12s: %s\n"", ""stats"", zOut);",0.0634765625,"[[262, 10644, 23, 21823, 1295, 405, 411, 11, 5962, 16, 17, 13, 16, 17, 82, 25, 1018, 82, 1699, 497, 330, 16260, 497, 1147, 2662, 1215, 151643]]","[-0.18277320265769958, -0.05314696580171585, -4.768360213347478e-06, -2.884823152271565e-05, -0.0006221981020644307, -9.894321920000948e-06, -2.884823152271565e-05, -0.25802090764045715, -0.006638733670115471, -0.0008357845945283771, -0.0013637775555253029, -0.0006648475537076592, -2.3483953555114567e-05, -8.022463589441031e-05, -0.00010895135346800089, -0.00039569655200466514, -0.008091408759355545, -0.000459565402707085, -0.0051937890239059925, -0.5793519616127014, -0.0027138092555105686, -0.056761857122182846, -0.003506703767925501, -0.01329709216952324, -0.0001387499796692282, -0.2567836344242096, -0.1492278128862381]",6.31961727142334,False,0.0,-1.580273517619844,-0.05852864880073496,27.0,-1.4310457047336058,-0.05504021941283099,26.0,0.01650713808873234,0,25,25,25,1.0,-1.1532759712291831,-1.0113837659677505,True,24,0.8888888888888888,1.0,0.9902912621359223,0.0,2.239422350040785
~/anvil/data/cve-targets/php_repo_ext_phar_phar.c,1755,1667,1791,"pos = memchr(pos + 1, '.', filename_len - (pos - filename) + 1);","pos = memchr(pos + 1, '.', filename_len - (pos - filename));","		pos = memchr(pos + 1, '.', filename_len - (pos - filename));",0.322265625,"[[197, 28164, 284, 1833, 16789, 12259, 488, 220, 16, 11, 45669, 3899, 6043, 481, 320, 966, 481, 3899, 5905, 151664]]","[-0.007963573560118675, -0.1266387403011322, -0.2532885670661926, -0.3787882328033447, -0.01540863886475563, -0.04308566451072693, -0.04371210187673569, -0.002116941148415208, -0.003026312217116356, -0.0011536378879100084, -0.0025873063132166862, -0.013585844077169895, -0.004174210596829653, -0.10340611636638641, -0.00867834035307169, -0.0028892699629068375, -0.10134292393922806, -0.0011373248416930437, -0.23426295816898346, -0.08245289325714111]",6.84878396987915,False,0.0,-1.429699598113075,-0.07148497990565375,20.0,-1.3472467048559338,-0.07090772130820704,19.0,0.010966407004767753,1,34,31,31,1.096774193548387,-4.544859418049021,-1.001911533632269,True,22,1.1,4.0,0.967741935483871,3.0,2.4021867714080525
~/anvil/data/cve-targets/libpng_repo_pngrutil.c,2655,2647,3067,png_uint_32 row_width = png_ptr->width;,unsigned int row_width = png_ptr->iwidth;,"   unsigned int row_width = png_ptr->iwidth;
   unsigned int pass = png_ptr->pass",0.423828125,"[[256, 3774, 526, 2802, 7927, 284, 36151, 4348, 405, 72, 3098, 280, 256, 3774, 526, 1494, 284, 36151, 4348, 405, 6385]]","[-0.1340993344783783, -0.4624243378639221, -0.00518667371943593, -0.32093584537506104, -0.0542299710214138, -0.03847465291619301, -0.07456719130277634, -0.004166731610894203, -0.0010561132803559303, -0.46425825357437134, -0.10483632236719131, -0.8350938558578491, -0.07851996272802353, -0.9326920509338379, -0.002427133498713374, -0.2923426330089569, -0.03332366794347763, -0.007973626255989075, -0.00014876213390380144, -4.8397800128441304e-05, -0.0012700833613052964]",6.125173568725586,False,1.0,-3.8480756010321784,-0.1832416952872466,21.0,-2.577849246095866,-0.19829609585352814,13.0,0.05874935552658829,1,11,25,13,0.44,-2.137349821113279,-1.0163121650725322,True,13,0.6190476190476191,11.0,0.825,4.0,2.1154167182563115
~/anvil/data/cve-targets/php_repo_ext_phar_zip.c,390,165,664,if (read != entry.uncompressed_filesize) {,if (read != entry.uncompressed_filesize) {,			if (read != entry.uncompressed_filesize) {,0.046630859375,"[[298, 743, 320, 878, 961, 4343, 6307, 45703, 2458, 2141, 8, 314, 151664]]","[-0.027098186314105988, -0.06777311116456985, -0.04919455200433731, -0.14645376801490784, -0.07710026204586029, -0.014062365517020226, -0.010735968127846718, -2.7656173188006505e-05, -6.794906312279636e-06, -1.2516897186287679e-05, -0.02752760797739029, -0.1437048316001892, -0.1504623293876648]",9.089584350585938,True,0.0,-0.7141599501305791,-0.05493538077927532,13.0,-0.5636976207429143,-0.04697480172857619,12.0,0.0025319202315718537,1,16,16,16,1.0,-0.9926781520960213,-1.0596405199620629,False,11,0.8461538461538461,0.0,1.0,0.0,1.0039843758999236
~/anvil/data/cve-targets/sqlite3_repo_src_select.c,2804,2535,2855,},},  },0.376953125,"[[220, 335, 151643]]","[-0.1294562816619873, -0.3769192397594452, -0.10567314922809601]",4.843055725097656,True,0.0,-0.6120486706495285,-0.20401622354984283,3.0,-0.5063755214214325,-0.25318776071071625,2.0,0.01530947890758605,1,2,2,2,1.0,-1.4888283854711835,-1.0494156622778883,False,1,0.3333333333333333,0.0,1.0,0.0,0.917045280336835
~/anvil/data/cve-targets/lua_repo_ldebug.c,154,146,160,if (n <= nextra) {,if (n <= nextra) {<|cursor|,    if (n <= nextra) {<|cursor|,0.16796875,"[[262, 421, 320, 77, 2651, 308, 15460, 8, 314, 27, 91, 17437, 91]]","[-0.0012381753185763955, -0.012501918710768223, -0.3589118421077728, -0.18124625086784363, -0.4943876266479492, -0.007755052763968706, -0.0004096384218428284, -0.014355478808283806, -0.2335044890642166, -0.49179792404174805, -6.01988795096986e-05, -0.0001770101225702092, -0.00010430268594063818]",10.50069522857666,False,0.0,-1.7964499084409908,-0.13818845449546083,13.0,-1.7964499084409908,-0.13818845449546083,13.0,0.034973247124946934,1,13,14,14,0.9285714285714286,-1.2155049465837784,-1.0976894717167585,True,8,0.6153846153846154,9.0,0.8,7.0,1.8829982358761632
~/anvil/data/cve-targets/poppler_repo_poppler_SplashOutputDev.cc,2214,2203,2320,if (t3GlyphStack->haveDx) {,if (t3GlyphStack->haveD1) {,    if (t3GlyphStack->haveD1) {,0.2275390625,"[[262, 421, 320, 83, 18, 82039, 4336, 405, 19016, 35, 16, 8, 314, 151643]]","[-0.02395193837583065, -0.05734286457300186, -0.07704110443592072, -0.2578216791152954, -0.0009843033039942384, -0.02244625799357891, -0.003122456604614854, -0.2589961290359497, -0.6407286524772644, -0.025689147412776947, -0.8764739036560059, -0.05402771756052971, -0.12304036319255829, -0.6140331029891968]",7.257639408111572,False,0.0,-3.0356996207265183,-0.2168356871947513,14.0,-2.4216665177373216,-0.18628203982594782,13.0,0.06847749124098995,1,13,13,13,1.0,-1.221476116068949,-1.0122049751115858,True,12,0.8571428571428571,1.0,0.962962962962963,1.0,2.1228914496645546
~/anvil/data/cve-targets/libxml2_repo_xmlstring.c,439,430,455,len = xmlStrlen(str2);,if (str1 == NULL),"        if (str1 == NULL)
            return(xmlStrdup",0.2578125,"[[286, 421, 320, 495, 16, 621, 1770, 340, 310, 470, 29932, 2580, 21912]]","[-0.07517831027507782, -1.20628023147583, -0.10595937818288803, -0.031978338956832886, -0.4742109775543213, -0.16297271847724915, -0.0035415091551840305, -0.23090098798274994, -0.00868330430239439, -0.1740763634443283, -0.14715175330638885, -0.002951196860522032, -0.25480887293815613]",4.539757251739502,False,1.0,-2.878693942911923,-0.22143799560860947,13.0,-2.2997057563625276,-0.2555228618180586,9.0,0.13224730549781427,1,12,13,13,0.9230769230769231,-1.008960600103061,-1.0574030602866036,True,8,0.6153846153846154,19.0,0.3076923076923077,14.0,1.992995217608731
~/anvil/data/cve-targets/libpng_repo_png.h,2652,2497,2802,#define PNG_IMAGE_FLAG_INVALID 0x08,#define PNG_IMAGE_FLAG_QUIET 0x08,"#define PNG_IMAGE_FLAG_QUIET 0x08
   /*",1.1171875,"[[1441, 41639, 19121, 11890, 62, 11979, 1348, 220, 15, 87, 15, 23, 198, 256, 1391]]","[-0.41306114196777344, -0.0011241076281294227, -0.0008774721063673496, -0.002135974122211337, -0.2622143030166626, -0.44262951612472534, -0.0018952994141727686, -0.019799336791038513, -0.007009676657617092, -0.0008985534077510238, -0.03867514431476593, -0.0012017417466267943, -0.003213481977581978, -0.010811090469360352, -0.00035506143467500806]",3.1501734256744385,False,1.0,-1.205901901179459,-0.0803934600786306,15.0,-1.205546839744784,-0.08611048855319885,14.0,0.02382593363202993,1,5,7,5,0.7142857142857143,-12.97388411993278,-1.0947823261775347,True,10,0.6666666666666666,7.0,0.8529411764705882,1.0,1.9276097559789283
~/anvil/data/cve-targets/poppler_repo_splash_SplashXPathScanner.cc,413,391,477,const int intersectionIndex = splashAASize * y + yy - yMin;,interIdx = 0;,"            interIdx = 0;
            interCount = 0;
            while (interIdx < allIntersections.size()",1.0078125,"[[310, 946, 11420, 284, 220, 15, 280, 310, 946, 2507, 284, 220, 15, 280, 310, 1393, 320, 2245, 11420, 366, 678, 3306, 24661, 2486, 368]]","[-0.03780578449368477, -1.610241174697876, -0.2628994286060333, -0.0020179639104753733, -0.985563337802887, -0.013862872496247292, -0.3756570816040039, -0.00559952761977911, -0.10064174234867096, -0.0014826982514932752, -0.00017998983094003052, -0.006505146622657776, -0.002649846486747265, -0.09691206365823746, -0.0032279787119477987, -0.1709551066160202, -0.01259586215019226, -0.029534701257944107, -0.000444551813416183, -0.002078993245959282, -1.3070317506790161, -0.011647081933915615, -0.00029940891545265913, -0.7871082425117493, -0.13588082790374756]",7.11527681350708,False,2.0,-5.9628231641690945,-0.2385129265667638,25.0,-3.2936471712309867,-0.41170589640387334,8.0,0.30251112605342284,1,19,25,7,0.76,-2.447894258505739,-1.0086088751209037,True,16,0.64,47.0,0.33333333333333337,16.0,2.3057458345432553
~/anvil/data/cve-targets/libxml2_repo_HTMLparser.c,2808,2772,2812,"ret = xmlStrndup(q, CUR_PTR - q);",NEXT;,"        NEXT;
    }
    if (err == 0) {
        ret = xmlStrndup",0.9296875,"[[286, 45011, 280, 262, 456, 262, 421, 320, 615, 621, 220, 15, 8, 341, 286, 2112, 284, 8396, 2580, 303, 454]]","[-0.15079538524150848, -0.6599763035774231, -0.4203927516937256, -0.2153230607509613, -0.2910206913948059, -0.0075660101138055325, -0.22196611762046814, -0.31183627247810364, -0.3986841142177582, -0.5284038782119751, -0.002344718435779214, -0.2821499705314636, -0.13230715692043304, -0.3317711353302002, -0.12825782597064972, -0.445892870426178, -0.0027526842895895243, -0.4107978045940399, -0.24265693128108978, -0.04084599018096924, -0.00017867876158561558]",3.771007061004639,False,3.0,-5.225920352022513,-0.24885335009631013,21.0,-1.4464875012636185,-0.3616218753159046,4.0,0.03958013320841795,1,17,18,4,0.9444444444444444,-2.5708829124008226,-1.0779215689297676,True,13,0.6190476190476191,31.0,0.10526315789473684,14.0,2.084497677811185
~/anvil/data/cve-targets/sqlite3_repo_ext_misc_zipfile.c,1873,1762,1918,nName++;,}else if( n,    }else if( n,0.10205078125,"[[262, 335, 1503, 421, 7, 308]]","[-0.2453756332397461, -0.4145161807537079, -0.01811249926686287, -0.48714548349380493, -0.0010788579238578677, -0.16594506800174713]",7.49808931350708,False,0.0,-1.3321737226797268,-0.22202895377995446,6.0,-1.3321737226797268,-0.22202895377995446,6.0,0.03357157364022492,1,6,6,6,1.0,-0.45962825799350093,-1.0183079146371257,True,3,0.5,10.0,0.10526315789473684,7.0,2.0099177814337583
~/anvil/data/cve-targets/libxml2_repo_HTMLparser.c,2809,2772,2812,NEXT;,NEXT;,        NEXT;,0.408203125,"[[286, 45011, 26, 151664]]","[-0.2709938585758209, -0.31832072138786316, -0.4981462359428406, -0.6870414018630981]",2.76111102104187,True,0.0,-1.7745022177696228,-0.4436255544424057,4.0,-1.0874608159065247,-0.36248693863550824,3.0,0.009575027796897907,1,4,4,4,1.0,-1.1261181617648872,-1.1054827470701931,False,2,0.5,0.0,1.0,0.0,0.7918882788353139
~/anvil/data/cve-targets/libsndfile_repo_src_common.c,594,470,684,return count ;,break ;,						break ;,2.890625,"[[1144, 3388, 2587, 151643]]","[-0.045619238168001175, -0.0014944825088605285, -0.015345130115747452, -0.10137739032506943]",7.323783874511719,False,0.0,-0.16383624111767858,-0.040959060279419646,4.0,-0.062458850792609155,-0.020819616930869717,3.0,0.00033948401327428454,1,5,4,4,1.25,-138.84141142453035,-1.0138801537264674,True,3,0.75,11.0,0.38095238095238093,3.0,2.385524710989279
~/anvil/data/cve-targets/libtiff_repo_libtiff_tif_predict.c,419,408,430,assert(rowsize > 0);,assert(sp->decodepfunc != NULL);,"		assert(sp->decodepfunc != NULL);
		while",0.4609375,"[[197, 6948, 22580, 405, 18196, 79, 2830, 961, 1770, 317, 197, 5217]]","[-0.33485519886016846, -0.6666291356086731, -0.4889756739139557, -0.014659079723060131, -0.3190441429615021, -0.08137322217226028, -0.033653147518634796, -0.006832687649875879, -0.0007022537174634635, -0.2314169704914093, -0.014391554519534111, -0.2102230340242386]",3.41944432258606,False,1.0,-2.402756101160776,-0.2002296750967313,12.0,-2.1925330671365373,-0.19932118792150338,11.0,0.04746978382559211,1,12,17,16,0.7058823529411765,-2.312536388161234,-1.0874372511299346,True,7,0.5833333333333334,20.0,0.5,7.0,1.9388379729462497
~/anvil/data/cve-targets/sqlite3_repo_src_expr.c,5730,5707,5837,"assert( !ExprHasProperty(pExpr, EP_TokenOnly|EP_Reduced) );",if( pExpr->iTable==pItem->iCursor ){,"          if( pExpr->iTable==pItem->iCursor ){
            /* If we reach this point, it means that pExpr refers to",0.234375,"[[688, 421, 7, 281, 16041, 405, 72, 2556, 418, 79, 1234, 405, 72, 14543, 10959, 310, 1391, 1416, 582, 5545, 419, 1459, 11, 432, 3363, 429, 281, 16041, 19257, 311]]","[-0.022395318374037743, -1.047203540802002, -0.0012086475035175681, -0.3430914282798767, -0.5684158802032471, -0.00019071667338721454, -0.09743442386388779, -0.02911192923784256, -1.0256601572036743, -0.027331480756402016, -0.041002869606018066, -1.5735502529423684e-05, -0.00116637849714607, -1.680836794548668e-05, -0.08247550576925278, -0.005078867077827454, -0.3410017788410187, -0.03900114819407463, -0.0020624573808163404, -0.0009897815762087703, -0.00015829740732442588, -0.002248261356726289, -0.006898514460772276, -0.00012790338951162994, -5.125986263010418e-06, -2.1815061700181104e-05, -0.06622269749641418, -0.0015863704029470682, -0.0024498470593243837, -0.00034457468427717686]",7.950694561004639,False,1.0,-3.7549182610159733,-0.12516394203386577,30.0,-3.291799687718594,-0.20573748048241214,16.0,0.12076733811861799,0,21,32,19,0.65625,-1.1391944698187164,-1.029895636946303,True,19,0.6333333333333333,47.0,0.27368421052631575,21.0,2.166732452122178
~/anvil/data/cve-targets/poppler_repo_poppler_FileSpec.cc,176,166,198,"Object fileName = fileSpec->dictLookup(""UF"");","Object fileName = fileSpec->dictLookup(""UF"");","        Object fileName = fileSpec->dictLookup(""UF"");",0.2099609375,"[[286, 3002, 12665, 284, 1034, 8327, 405, 8477, 34247, 445, 20538, 5038, 151643]]","[-0.0013412775006145239, -0.15476936101913452, -0.005764882545918226, -0.6926091909408569, -0.018284928053617477, -3.0636318115284666e-05, -0.00017021637177094817, -0.004362708423286676, -0.0004689785710070282, -0.016592251136898994, -1.4174243211746216, -0.06961937993764877, -0.43585073947906494]",9.427083969116213,True,0.0,-2.817288871472556,-0.216714528574812,13.0,-2.381438131993491,-0.19845317766612425,12.0,0.17047163362188114,0,19,19,19,1.0,-1.057987279262599,-1.068619051615315,False,11,0.8461538461538461,0.0,1.0,0.0,1.0356821782228085
~/anvil/data/cve-targets/libtiff_repo_libtiff_tif_predict.c,483,474,493,tmsize_t wc = cc/2;,uint16_t *wp0 = wp;,"	uint16_t *wp0 = wp;
	tmsize_t wc",0.486328125,"[[8254, 16, 21, 528, 353, 8421, 15, 284, 12609, 280, 3244, 1011, 551, 528, 26548]]","[-0.8749918937683105, -0.17259997129440308, -0.0001517419150331989, -0.0002464944263920188, -1.3214824199676514, -0.7942684888839722, -0.22746968269348145, -0.28509247303009033, -0.09338919818401337, -0.4199828505516052, -0.5256624817848206, -0.005202209111303091, -2.7656173188006505e-05, -5.435795901576057e-05, -0.030520550906658173]",2.4763894081115723,False,1.0,-4.751142470649938,-0.31674283137666254,15.0,-4.189675214714953,-0.4189675214714953,10.0,0.1735369338092095,1,11,14,10,0.7857142857142857,-1.160777626131785,-1.1133796898766593,True,10,0.6666666666666666,13.0,0.4736842105263158,8.0,1.860517592309139
~/anvil/data/cve-targets/libsndfile_repo_src_wavlike.c,712,679,743,if ((psf->cart_16k = cart_var_alloc ()) == NULL),psf->cart_16k = c = (SF_CART_INFO_16K *) malloc (sizeof (SF_CART_INFO,	psf->cart_16k = c = (SF_CART_INFO_16K *) malloc (sizeof (SF_CART_INFO,1.6796875,"[[35009, 69, 405, 11452, 62, 16, 21, 74, 284, 272, 284, 320, 28667, 65172, 9068, 62, 16, 21, 42, 2586, 15731, 320, 10318, 320, 28667, 65172, 9068]]","[-0.8204313516616821, -3.1470757676288486e-05, -0.011593232862651348, -0.002680045086890459, -0.0050993855111300945, -6.794698856538162e-05, -1.156323378381785e-05, -3.361645576660521e-05, -0.0028101024217903614, -0.9511387944221497, -0.0034593045711517334, -0.6784499883651733, -0.003900777781382203, -0.00013302871957421303, -0.0006297035724855959, -0.0006649667047895491, -0.00017426878912374377, -2.1934269170742482e-05, -0.00016532962035853416, -0.1342618465423584, -0.22421881556510925, -0.02040700428187847, -0.056931693106889725, -0.14039994776248932, -0.005453708581626415, -6.246371776796877e-05, -0.0002627027570270002]",5.08489465713501,False,0.0,-3.0634949941104423,-0.11346277755964601,27.0,-3.0634949941104423,-0.11346277755964601,27.0,0.06601399557317593,0,26,19,19,1.368421052631579,-14.803863752736078,-1.0430900646680092,True,18,0.6666666666666666,47.0,0.4786324786324786,23.0,2.3821007311338045
~/anvil/data/cve-targets/libtiff_repo_libtiff_tif_read.c,439,414,449,stripsperplane=((td->td_imagelength+rowsperstrip-1)/rowsperstrip);,stripsperplane=TIFFNumberOfStripsPerPlane(tif);,	stripsperplane=TIFFNumberOfStripsPerPlane(tif);,0.328125,"[[18388, 75716, 712, 19025, 28, 26614, 1748, 40619, 2580, 3077, 3889, 34570, 1155, 333, 1215, 151643]]","[-0.12373718619346619, -8.987976616481319e-05, -0.0024073924869298935, -2.622600959512056e-06, -0.5430877208709717, -0.8977972269058228, -0.0015698263887315989, -0.4358004927635193, -0.05590493232011795, -6.0794889577664435e-05, -0.935508131980896, -0.09526273608207703, -0.16389496624469757, -0.0017495339270681143, -0.4343571662902832, -0.041502077132463455]",4.761110305786133,False,0.0,-3.7327326868437467,-0.23329579292773417,16.0,-3.6912306097112833,-0.24608204064741887,15.0,0.10005242591735833,1,25,12,12,2.0833333333333335,-1.3333967775004376,-1.0515677360945443,True,22,1.375,38.0,0.5132743362831859,17.0,2.16600567849229
~/anvil/data/cve-targets/libxml2_repo_valid.c,1205,1186,1278,case XML_ELEMENT_CONTENT_ELEMENT: {,case XML_ELEMENT_CONTENT_ELEMENT: {,"	case XML_ELEMENT_CONTENT_ELEMENT: {
	    if (",0.34765625,"[[2722, 11874, 27156, 25560, 27156, 25, 341, 2760, 421, 320]]","[-0.6643686294555664, -0.0003494605771265924, -7.033323527139146e-06, -4.994744449504651e-05, -0.10439407080411911, -0.46348172426223755, -0.4020160138607025, -0.22786395251750946, -0.4786139130592346, -0.17731870710849762]",7.837499618530273,True,1.0,-2.518463452413016,-0.2518463452413016,10.0,-1.8625308322452838,-0.23281635403066048,8.0,0.05587630623000517,1,6,8,6,0.75,-1.4932638707769463,-1.026985282421718,False,7,0.7,0.0,1.0,0.0,1.0194045966828564
~/anvil/data/cve-targets/lua_repo_ldebug.c,113,103,121,if (isLua(L->ci)),else if (L->hookmask == 0) {,  else if (L->hookmask == 0) {,1.015625,"[[220, 770, 421, 320, 43, 405, 20873, 11258, 621, 220, 15, 8, 314]]","[-0.05841313302516937, -0.13642659783363342, -0.4621778726577759, -0.019166506826877594, -0.7200108766555786, -0.05000758171081543, -0.14872319996356964, -0.32163307070732117, -0.6483745574951172, -0.03847981244325638, -0.0026578123215585947, -0.08631059527397156, -0.4651634693145752]",4.022396564483643,False,0.0,-3.15754508622922,-0.24288808355609384,13.0,-3.15754508622922,-0.24288808355609384,13.0,0.05855820913998062,1,17,15,15,1.1333333333333333,-4.181452565026502,-1.0711683580370066,True,8,0.6153846153846154,22.0,0.3555555555555555,13.0,2.1143716872707587
~/anvil/data/cve-targets/openssl_repo_crypto_x509_x509_obj.c,80,17,173,? (int)sizeof(ebcdic_buf) : num);,? sizeof(ebcdic_buf) : num);,                         ? sizeof(ebcdic_buf) : num);,0.15234375,"[[5108, 937, 3935, 2026, 91490, 292, 10363, 8, 549, 1629, 1215, 151643]]","[-0.4691217839717865, -0.03685340657830238, -0.29568207263946533, -0.0042149280197918415, -1.7881377516459906e-06, -9.298280929215252e-06, -2.1576648578047752e-05, -0.04138507694005966, -0.13648514449596405, -0.09278443455696106, -0.09731870144605637, -0.6354405283927917]",1.1770830154418943,False,0.0,-1.8093187401084379,-0.15077656167570316,12.0,-1.173878211715646,-0.10671620106505873,11.0,0.020184368451669862,1,20,15,15,1.3333333333333333,-1.4275597189514344,-1.1501390117865635,True,13,1.0833333333333333,5.0,0.9180327868852459,5.0,1.8181693310521538
~/anvil/data/cve-targets/sqlite3_repo_src_expr.c,5439,5367,5449,|| (pRight->op==TK_COLUMN && IsVirtual(pRight->y.pTab)),|| (pRight->op==TK_COLUMN && IsVirtual(pRight->y.pTab)),       || (pRight->op==TK_COLUMN && IsVirtual(pRight->y.pTab)),0.0341796875,"[[981, 1369, 320, 79, 5979, 405, 453, 418, 15778, 36183, 1009, 2160, 33026, 1295, 5979, 405, 88, 556, 8582, 593, 151664]]","[-0.6862524747848511, -0.13148877024650574, -0.01678651012480259, -0.006006049923598766, -0.008587101474404335, -0.0004857790481764823, -1.4662635294371285e-05, -0.00018487652414478362, -1.1205610462639015e-05, -0.0001250427303602919, -0.013058854267001152, -0.001622075797058642, -7.748573807475623e-06, -0.0003013156820088625, -0.0009505997295491397, -5.006664650863968e-05, -0.00010179955279454589, -9.583967766957358e-05, -0.00015364897262770683, -0.48317182064056396, -0.4662555456161499]",4.806424140930176,True,0.0,-1.8157117882583407,-0.08646246610754003,21.0,-1.3494562426421908,-0.06747281213210954,20.0,0.03156006227676425,1,26,26,26,1.0,-0.5065697785513563,-1.0503771464232685,False,19,0.9047619047619048,0.0,1.0,0.0,1.1410741250640957
~/anvil/data/cve-targets/libxml2_repo_xzlib.c,534,470,573,},},        },0.63671875,"[[286, 335, 151643]]","[-0.2197883427143097, -0.6386401653289795, -0.04401319473981857]",6.915971755981445,True,0.0,-0.9024417027831078,-0.3008139009277026,3.0,-0.8584285080432892,-0.4292142540216446,2.0,0.043859212326907704,1,2,2,2,1.0,-1.483452015011345,-1.0035958532529687,False,1,0.3333333333333333,0.0,1.0,0.0,1.0762638584871893
~/anvil/data/cve-targets/libtiff_repo_libtiff_tif_print.c,518,208,627,for (i = 1; i < td->td_samplesperpixel; i++),for (i = 1; i < td->td_samplesperpixel; i++),				for (i = 1; i < td->td_samplesperpixel; i++),0.051513671875,"[[571, 2023, 320, 72, 284, 220, 16, 26, 600, 366, 17941, 405, 1296, 18297, 712, 29684, 26, 600, 2457, 151664]]","[-0.006823926232755184, -0.047227028757333755, -0.20493049919605255, -0.0022977397311478853, -0.012878578156232834, -0.002586592920124531, -0.01478429976850748, -0.005093929823487997, -0.004068788141012192, -0.006834345404058695, -0.4358559250831604, -1.966933996300213e-05, -0.0001045410826918669, -0.0006044468027539551, -0.0011317284079268575, -4.541770613286644e-05, -0.018710078671574593, -0.05906521528959274, -0.051255617290735245, -0.21427839994430542]",9.09531307220459,True,0.0,-1.08859676774955,-0.0544298383874775,20.0,-0.8743183678052446,-0.04601675620027603,19.0,0.01057703891168605,1,23,23,23,1.0,-1.1194546536657226,-1.0597922904688084,False,18,0.9,0.0,1.0,0.0,1.0837746987688395
~/anvil/data/cve-targets/libxml2_repo_xmlmemory.c,898,874,902,"xmlGenericError(xmlGenericErrorContext,","xmlGenericError(xmlGenericErrorContext,","     xmlGenericError(xmlGenericErrorContext,",0.00213623046875,"[[257, 8396, 19964, 1454, 29932, 19964, 1454, 1972, 11, 151664]]","[-0.08719038218259811, -0.0009943069890141487, -0.00021562635083682835, -9.595887240720913e-05, -0.0006631797295995057, -3.755022044060752e-05, -6.842378934379667e-05, -0.00028427375946193933, -0.01482564490288496, -0.4749937057495117]",7.6972222328186035,True,0.0,-0.5793690525460988,-0.057936905254609886,10.0,-0.10437534679658711,-0.011597260755176345,9.0,0.0007347850487440917,0,5,5,5,1.0,-0.18420129665503215,-1.0233900200170154,False,8,0.8,0.0,1.0,0.0,0.971333741167696
~/anvil/data/cve-targets/libxml2_repo_parser.c,4712,4564,4724,"""Double hyphen within comment\n"", NULL);","""Double hyphen within comment: ""","		                      ""Double hyphen within comment: ""
                                      ""<!--%.50s\n",0.375,"[[298, 2549, 330, 7378, 6275, 14769, 2878, 3980, 25, 6228, 8333, 4055, 2495, 14360, 20, 15, 82, 1699]]","[-0.20029950141906738, -0.08351845294237137, -0.010401208885014057, -0.01330497395247221, -0.0006287504802457988, -0.00011431517486926168, -0.0031963707879185677, -0.0011801904765889049, -0.6435551643371582, -0.1980387568473816, -0.04836359992623329, -0.011753947474062443, -0.006516990251839161, -0.44676780700683594, -0.02035677805542946, -0.00027450130437500775, -0.0017904693959280849, -0.12101531773805618]",2.793229103088379,False,1.0,-1.811077096455847,-0.10061539424754705,18.0,-1.2026012852293206,-0.10932738956630188,11.0,0.03378516591936062,1,11,8,7,1.375,-3.4300645198573982,-1.1045954537055938,True,10,0.5555555555555556,10.0,0.8333333333333334,7.0,1.8693759940016677
~/anvil/data/cve-targets/libpng_repo_pngrutil.c,2365,2347,2397,limit = PNG_USER_CHUNK_MALLOC_MAX;,limit = PNG_USER_CHUNK_MALLOC_MAX;,      limit = PNG_USER_CHUNK_MALLOC_MAX;,0.0634765625,"[[414, 3930, 284, 41639, 9107, 70508, 86753, 6806, 26, 151643]]","[-0.06480977684259415, -0.0005287918029353023, -0.0009079624433070421, -0.11490452289581299, -0.000990257947705686, -5.972207145532593e-05, -0.00038187362952157855, -0.00021002470748499036, -0.41490083932876587, -0.07287999987602234]",7.810590744018555,True,0.0,-0.6705737715456053,-0.06705737715456053,10.0,-0.5976937716695829,-0.0664104190743981,9.0,0.016650583034358426,0,7,7,7,1.0,-0.9558223451185971,-1.0262946393008758,False,8,0.8,0.0,1.0,0.0,0.994430014910464
~/anvil/data/cve-targets/openssl_repo_crypto_x509_x509_vfy.c,966,948,997,if (crl_score == best_score) {,if (crl_score == best_score) {,        if (crl_score == best_score) {,0.103515625,"[[286, 421, 320, 66, 2381, 10405, 621, 1850, 10405, 8, 314, 151643]]","[-0.006135082803666592, -0.08726292848587036, -0.04080890864133835, -0.10492917150259018, -1.9550132492440753e-05, -0.01665673404932022, -0.0639679953455925, -0.012017585337162018, -0.0002449450839776546, -0.27368104457855225, -0.43397700786590576, -0.5299558639526367]",9.122221946716309,True,0.0,-1.569656817779105,-0.1308047348149254,12.0,-1.0397009538264683,-0.09451826852967894,11.0,0.01725531031950317,1,13,13,13,1.0,-1.0951917191277776,-1.0605054757734032,False,10,0.8333333333333334,0.0,1.0,0.0,0.975196101858278
~/anvil/data/cve-targets/poppler_repo_splash_Splash.cc,5090,5076,5179,},},    },0.703125,"[[262, 335, 151643]]","[-0.0008879532688297331, -0.7016522288322449, -0.2270357310771942]",10.25850772857666,True,0.0,-0.9295759131782688,-0.3098586377260896,3.0,-0.7025401821010746,-0.3512700910505373,2.0,0.1227676424764795,1,2,2,2,1.0,-2.001664866761575,-1.0910633846789186,False,1,0.3333333333333333,0.0,1.0,0.0,0.8479306923082007
~/anvil/data/cve-targets/openssl_repo_crypto_asn1_a_type.c,71,54,98,case V_ASN1_NEG_ENUMERATED:,case V_ASN1_INTEGER:,"    case V_ASN1_INTEGER:
    case V_ASN1_ENUMER",0.48828125,"[[262, 1142, 647, 1566, 18966, 16, 25757, 510, 262, 1142, 647, 1566, 18966, 16, 31894, 640]]","[-0.110000841319561, -0.004313807003200054, -0.0007225048611871898, -3.790783375734463e-05, -5.960462772236497e-07, -3.2543604902457446e-05, -0.5953208804130554, -0.10743647813796997, -0.06316870450973511, -0.0012204349040985107, -0.00011276562872808427, -6.318072337307967e-06, -5.960462772236497e-07, -6.198863957251888e-06, -0.02068810537457466, -0.00012218205665703863]",7.5354156494140625,False,1.0,-0.9031908646762759,-0.05644942904226724,16.0,-0.8810342637296458,-0.09789269596996064,9.0,0.03286803688145463,1,5,9,5,0.5555555555555556,-4.987923206751135,-1.019258600720452,True,10,0.625,11.0,0.7659574468085106,1.0,2.0479090263525657
~/anvil/data/cve-targets/libtiff_repo_libtiff_tif_dirwrite.c,2004,1971,2023,"if (!_TIFFmemcmp(tif->tif_dir.td_transferfunction[0],tif->tif_dir.td_transferfunction[1],m*sizeof(uint16_t)))","if (!_TIFFmemcmp(tif->tif_dir.td_transferfunction[0],tif->tif_dir.td_transferfunction[1],m*sizeof(uint16_t)))","		if (!_TIFFmemcmp(tif->tif_dir.td_transferfunction[0],tif->tif_dir.td_transferfunction[1],m*sizeof(uint16_t)))
			n=1;
	}
	if (n==1)
	{
		if (!_",0.02734375,"[[197, 743, 24076, 26614, 1748, 61534, 1155, 333, 405, 84340, 4334, 734, 67, 35403, 1688, 58, 15, 1125, 84340, 405, 84340, 4334, 734, 67, 35403, 1688, 58, 16, 1125, 76, 32811, 8488, 16, 21, 528, 5929, 298, 9038, 28, 16, 280, 197, 532, 743, 320, 77, 418, 16, 340, 197, 515, 197, 743, 24076]]","[-0.003219304606318474, -0.018360773101449013, -0.0948714166879654, -0.00017581824795342982, -9.440929716220126e-05, -0.0002668739762157202, -0.008554480969905853, -5.793403761344962e-05, -1.2278481335670222e-05, -3.504691630951129e-05, -1.4305012882687151e-05, -1.0013530300057027e-05, -7.748573807475623e-06, -5.2689116273541003e-05, -2.7418097943154862e-06, -0.0003296785580459982, -0.0247509703040123, -0.0028596720658242702, -0.00011288482346571982, -1.5258672647178173e-05, -5.5549986427649856e-05, -1.811964830267243e-05, -4.434487345861271e-05, -2.264974000354414e-06, -5.1616290875244886e-05, -6.198863957251888e-06, -0.00017355366435367614, -0.0442751944065094, -0.0003778220561798662, -0.001859127776697278, -0.0002802217786666006, -0.0002833203470800072, -0.00031120702624320984, -2.0265558760002023e-06, -4.291525328881107e-06, -0.5864710807800293, -0.11537900567054749, -0.007372671738266945, -0.007417519111186266, -0.035407889634370804, -0.0031876962166279554, -0.0003129946126136929, -0.04003108665347099, -0.049385420978069305, -0.006812086328864098, -0.0009137984015978873, -0.013330970890820026, -0.055476587265729904, -0.016866572201251984, -0.00013398226292338222, -0.0035449538845568895, -0.0004292996891308576, -0.013758702203631401, -0.032480452209711075]",9.902950286865234,True,5.0,-1.1902619292966392,-0.022041887579567394,54.0,-0.9033992450138157,-0.024416195811184208,37.0,0.009384041408392715,1,50,69,50,0.7246376811594203,-1.1199021424735947,-1.0814079687963514,False,35,0.6481481481481481,0.0,1.0,0.0,1.3287087462483191
~/anvil/data/cve-targets/poppler_repo_poppler_GfxState.cc,2408,2399,2421,int i;,int i;,"    int i;
    if",0.94921875,"[[262, 526, 600, 280, 262, 421]]","[-0.17630521953105927, -0.47642844915390015, -0.009948787279427052, -0.47511446475982666, -0.5885791778564453, -0.8558802604675293]",6.96180534362793,True,1.0,-2.5822563590481877,-0.4303760598413646,6.0,-1.7263760985806584,-0.3452752197161317,5.0,0.04685017848909746,1,5,6,5,0.8333333333333334,-2.749165580954234,-1.0047464723021078,False,3,0.5,0.0,1.0,0.0,1.1492532988213708
~/anvil/data/cve-targets/lua_repo_ldebug.c,784,747,794,L->oldpc = pc;,L->oldpc = pc;  /* for next,    L->oldpc = pc;  /* for next,0.04345703125,"[[262, 444, 405, 813, 3992, 284, 13312, 26, 220, 1391, 369, 1790]]","[-0.09069450944662094, -0.06924804300069809, -0.00015889335190877318, -0.00023529145983047783, -1.7165990357170813e-05, -0.001304609584622085, -0.04190032184123993, -0.21455018222332, -0.38199764490127563, -0.004133728798478842, -0.4057670533657074, -0.19230425357818604]",5.334201812744141,False,0.0,-1.4023116975422454,-0.11685930812852045,12.0,-1.4023116975422454,-0.11685930812852045,12.0,0.0203753272737993,1,10,15,15,0.6666666666666666,-0.37187479496461234,-1.0366090373028756,True,7,0.5833333333333334,13.0,0.6829268292682926,6.0,1.9978504478357904
~/anvil/data/cve-targets/php_repo_ext_exif_exif.c,3630,3617,3700,if (!data) {,if (!ImageInfo->Thumbnail,"
	if (!ImageInfo->Thumbnail",1.328125,"[[198, 743, 1505, 1906, 1731, 405, 45970]]","[-0.5096939206123352, -0.4157797694206238, -0.4639454483985901, -0.07484950870275497, -2.5987286790041253e-05, -0.09419041872024536, -0.031129252165555954]",4.406424045562744,False,1.0,-1.5896143053068954,-0.22708775790098507,7.0,-1.5896143053068954,-0.22708775790098507,7.0,0.04319535069805704,1,12,9,9,1.3333333333333333,-5.848509898887151,-1.060933614775677,True,5,0.7142857142857143,19.0,0.3783783783783784,10.0,2.127335699879007
~/anvil/data/cve-targets/libxml2_repo_xmlmemory.c,415,405,446,TEST_POINT,#ifdef MEM_LIST,"#ifdef MEM_LIST
",1.6484375,"[[5753, 24478, 11899, 198]]","[-0.5225486755371094, -1.2933911085128784, -0.48230451345443726, -0.12839046120643616]",4.222917556762695,False,1.0,-2.426634758710861,-0.6066586896777153,4.0,-2.426634758710861,-0.6066586896777153,4.0,0.18072009226678815,1,2,5,5,0.4,-2.717240399005452,-1.0658120014771588,True,2,0.5,13.0,0.31999999999999995,4.0,2.043536505386154
~/anvil/data/cve-targets/php_repo_ext_phar_phar.c,77,69,145,"char *key, *lasts, *end;","char *key, *end, *lasts = NULL;","	char *key, *end, *lasts = NULL;",0.380859375,"[[7450, 353, 792, 11, 353, 408, 11, 353, 4259, 82, 284, 1770, 26, 151643]]","[-0.14860288798809052, -0.007370068226009607, -0.3779078722000122, -0.6858590841293335, -0.00745278038084507, -0.39781448245048523, -0.38934531807899475, -0.02895015850663185, -0.007425801828503609, -0.0006563892820850015, -0.7189176678657532, -0.026221834123134613, -0.37234413623809814, -0.16190484166145325]",2.4793405532836914,False,0.0,-3.3307733229594305,-0.23791238021138789,14.0,-3.1688684812979773,-0.24375911394599825,13.0,0.06383687137385931,0,15,19,19,0.7894736842105263,-1.5624415794536182,-1.113297549279394,True,11,0.7857142857142857,12.0,0.6909090909090909,6.0,1.8920133107151382
~/anvil/data/cve-targets/libsndfile_repo_src_ulaw.c,830,823,835,if (ptr [i] >= 0),if (ptr [i] >= 0),		if (ptr [i] >= 0),0.10546875,"[[197, 743, 320, 3505, 508, 72, 60, 2604, 220, 15, 8, 151643]]","[-0.006829254329204559, -0.013545035384595394, -0.014434208162128925, -0.15305376052856445, -0.001960857305675745, -0.00018249277491122484, -0.0010663543362170458, -0.18718945980072021, -0.01566403917968273, -0.00218593399040401, -0.5668951869010925, -0.3984241187572479]",7.15781307220459,True,0.0,-1.3614307014504448,-0.11345255845420373,12.0,-0.9630065826931968,-0.08754605297210881,11.0,0.026929243997637933,1,17,17,17,1.0,-1.2047230733931678,-1.009682006808283,False,10,0.8333333333333334,0.0,1.0,0.0,1.1587758041547283
~/anvil/data/cve-targets/php_repo_ext_phar_phar.c,986,632,1125,if (entry.filename_len + 20 > endbuffer - buffer) {,if (buffer + entry.filename_len > endbuffer) {,		if (buffer + entry.filename_len > endbuffer) {,0.8046875,"[[197, 743, 320, 7573, 488, 4343, 30882, 6043, 861, 835, 7573, 8, 314, 151664]]","[-0.00690182950347662, -0.09372313320636749, -0.06209735572338104, -0.13104717433452606, -0.005489394534379244, -0.03678779676556587, -0.00012790338951162994, -9.894321920000948e-06, -0.10493754595518112, -0.000533795915544033, -3.015949550899677e-05, -0.03736019879579544, -0.0708690732717514, -0.1215919554233551]",8.068748474121094,False,0.0,-0.6715072106362641,-0.047964800759733146,14.0,-0.549915255212909,-0.04230117347791607,13.0,0.0019548400098555003,1,22,19,19,1.1578947368421053,-19.022817426568523,-1.032939707042611,True,16,1.1428571428571428,23.0,0.7628865979381443,7.0,2.2465247197537974
~/anvil/data/cve-targets/libtiff_repo_libtiff_tif_predict.c,319,311,328,tmsize_t wc = cc / 2;,uint16_t* wp0 = wp;,"	uint16_t* wp0 = wp;
	tmsize_t wc =",0.2470703125,"[[8254, 16, 21, 528, 9, 12609, 15, 284, 12609, 280, 3244, 1011, 551, 528, 26548, 284]]","[-0.9235990643501282, -0.43391457200050354, -0.00015948931104503572, -0.00027307120035402477, -0.32435038685798645, -0.6533217430114746, -0.3646693229675293, -0.3270319700241089, -0.159417986869812, -0.3344787657260895, -0.5562782883644104, -0.002924809930846095, -2.3603161025675945e-05, -8.010543388081715e-05, -0.03434034809470177, -0.09066511690616608]",2.6048614978790283,False,1.0,-4.205528644210062,-0.2628455402631289,16.0,-3.5212163723190315,-0.35212163723190315,10.0,0.07106769505359675,1,11,13,10,0.8461538461538461,-0.7016618303898275,-1.1098094709777184,True,11,0.6875,15.0,0.44999999999999996,8.0,1.8380307709957235
~/anvil/data/cve-targets/openssl_repo_crypto_x509_x509_obj.c,87,17,173,if (q[j] != 0),{<|cursor|>,            {<|cursor|>,0.62109375,"[[310, 314, 27, 91, 17437, 91, 29, 151643]]","[-0.48192933201789856, -0.6979231834411621, -0.005682504735887051, -0.0002212279650848359, -6.472854875028133e-05, -0.00039307496626861393, -0.1017601415514946, -0.0037139742635190487]",7.809722900390625,False,0.0,-1.291688167490065,-0.16146102093625814,8.0,-1.287974193226546,-0.183996313318078,7.0,0.0703939675356477,0,17,7,7,2.4285714285714284,-3.375577144995852,-1.0262723729608456,True,9,1.125,14.0,0.0,16.0,2.1831056319270807
~/anvil/data/cve-targets/libxml2_repo_parser.c,7503,7419,7540,return;,return;,		return;,0.2470703125,"[[197, 853, 26, 151643]]","[-0.7083795070648193, -0.1983555555343628, -0.2862775921821594, -0.0620003305375576]",3.9611117839813232,True,0.0,-1.2550129853188992,-0.3137532463297248,4.0,-1.1930126547813416,-0.39767088492711383,3.0,0.0495583046900718,1,4,4,4,1.0,-0.6212934410455613,-1.0728107738469623,False,2,0.5,0.0,1.0,0.0,0.8588471028601111
~/anvil/data/cve-targets/poppler_repo_poppler_GfxState.cc,4279,4099,4307,if (typeA == 5 && nVerticesA > 0) {,if (typeA == 4) {,"    if (typeA == 4) {
        nRows = nVerticesA / 3;
        nTrianglesA",0.6796875,"[[262, 421, 320, 1313, 32, 621, 220, 19, 8, 341, 286, 308, 9024, 284, 308, 31222, 32, 608, 220, 18, 280, 286, 308, 97794, 32]]","[-0.01489611528813839, -0.042716220021247864, -0.03390773385763168, -0.2598843574523926, -0.00035553809721022844, -0.18286237120628357, -0.0005343916127458215, -0.26053178310394287, -0.07028286904096603, -0.38862138986587524, -0.0016736084362491965, -0.5022323727607727, -0.11445022374391556, -0.00020382710499688983, -0.6999643445014954, -0.17005212604999542, -0.00017021637177094817, -0.7831725478172302, -0.8244619965553284, -0.8372859954833984, -0.18093153834342957, -0.03885060176253319, -0.9079499244689941, -0.05794018879532814, -0.00018702188390307128]",7.173784732818604,False,2.0,-6.3741193036257755,-0.254964772145031,25.0,-1.2562663779826835,-0.11420603436206213,11.0,0.016777083484994675,1,19,20,13,0.95,-5.95141494752561,-1.0100852447661937,True,16,0.64,19.0,0.6153846153846154,7.0,2.257620412552388
~/anvil/data/cve-targets/libtiff_repo_libtiff_tif_predict.c,177,101,179,},sp->,		sp->,7.375,"[[197, 41378, 405]]","[-0.11702733486890793, -0.7001556754112244, -0.001427584677003324]",3.490450859069824,False,0.0,-0.8186105949571356,-0.2728701983190452,3.0,-0.8186105949571356,-0.2728701983190452,3.0,0.09351365650768405,0,2,3,3,0.6666666666666666,-27.027502620044295,-1.085508584664321,True,1,0.3333333333333333,4.0,0.0,2.0,2.760118532051049
~/anvil/data/cve-targets/libsndfile_repo_src_common.c,630,470,684,"if (psf->header.indx + (sf_count_t) size > psf->header.len && psf_bump_header_allocation (psf, size))","if (psf->header.indx + (sf_count_t) size > psf->header.len && psf_bump_header_allocation (psf, size))","					if (psf->header.indx + (sf_count_t) size > psf->header.len && psf_bump_header_allocation (psf, size))",0.05322265625,"[[464, 743, 320, 1690, 69, 405, 2708, 28473, 87, 488, 320, 17246, 3180, 528, 8, 1379, 861, 4726, 69, 405, 2708, 19406, 1009, 4726, 69, 880, 1510, 8757, 81267, 320, 1690, 69, 11, 1379, 593, 151643]]","[-0.016986006870865822, -0.016882747411727905, -0.010050641372799873, -0.044361408799886703, -6.437280717364047e-06, -3.576214658096433e-05, -0.0049562216736376286, -0.00021062063751742244, -7.390948667307384e-06, -0.014639461413025856, -0.21588988602161407, -0.016635630279779434, -0.00028355870745144784, -9.417489309271332e-06, -0.0024267768021672964, -0.15072771906852722, -0.47832128405570984, -0.0006451908848248422, -2.50339189733495e-06, -1.5735502529423684e-05, -4.51792984677013e-05, -0.00014280252798926085, -0.006967178545892239, -0.0010439666220918298, -2.861018856492592e-06, -0.00016699827392585576, -2.3841830625315197e-06, -1.9550132492440753e-05, -2.9801878554280847e-05, -0.00016437610611319542, -3.015949550899677e-05, -1.2993727978027891e-05, -0.00024172721896320581, -0.09400292485952377, -0.7633520364761353, -0.35074523091316223]",6.982639312744141,True,0.0,-2.1900645720379543,-0.060835127001054284,36.0,-1.8393193411247921,-0.05255198117499406,35.0,0.022749024867401053,1,42,42,42,1.0,-1.0127621273263256,-1.0052699300358912,False,34,0.9444444444444444,0.0,1.0,0.0,1.4478096437262986
~/anvil/data/cve-targets/libsndfile_repo_src_common.c,356,201,506,**		1	- single byte value,**		1	- one byte value (default),**		1	- one byte value (default),0.62890625,"[[334, 197, 197, 16, 197, 12, 825, 4922, 897, 320, 2258, 8, 151662]]","[-0.016064966097474098, -0.03742186352610588, -0.6191161274909973, -0.39544737339019775, -0.04111602529883385, -0.000791236583609134, -0.09918846189975739, -0.004201157949864864, -0.012051978148519993, -1.3031920194625854, -1.7228667736053467, -0.19493786990642548, -1.0198721885681152]",9.646007537841797,False,0.0,-5.466268041927833,-0.42048215707137176,13.0,-4.446395853359718,-0.3705329877799765,12.0,0.30083983998561176,0,11,16,16,0.6875,-1.6973016458481862,-1.07448373334863,True,9,0.6923076923076923,14.0,0.736842105263158,9.0,1.985197315327887
~/anvil/data/cve-targets/libtiff_repo_libtiff_tif_pixarlog.c,731,684,813,},},	},0.138671875,"[[197, 92, 151643]]","[-0.02965540997684002, -0.12304731458425522, -0.23919521272182465]",5.245833873748779,True,0.0,-0.3918979372829199,-0.1306326457609733,3.0,-0.15270272456109524,-0.07635136228054762,2.0,0.002180511961550135,1,2,2,2,1.0,-1.8162331470977573,-1.0389016438861864,False,1,0.3333333333333333,0.0,1.0,0.0,0.9135253559578927
~/anvil/data/cve-targets/libsndfile_repo_src_common.c,1264,1258,1275,BUF_UNION	ubuf ;,union { unsigned char ubuf [1024],	union { unsigned char ubuf [1024],1.65625,"[[73924, 314, 3774, 1161, 17910, 1704, 508, 16, 15, 17, 19, 60]]","[-0.4528020918369293, -0.889792799949646, -1.6515300273895264, -0.10578051209449768, -1.1596486568450928, -0.018934693187475204, -0.41596701741218567, -1.3876371383666992, -0.6938968300819397, -0.14743386209011078, -0.006599654443562031, -0.2155166119337082]",2.595312118530273,False,0.0,-7.145539895631373,-0.5954616579692811,12.0,-7.145539895631373,-0.5954616579692811,12.0,0.2895030261007354,0,5,11,11,0.45454545454545453,-2.7814553260210806,-1.1100744523976414,True,7,0.5833333333333334,28.0,0.20408163265306123,11.0,1.9586126340185257
~/anvil/data/cve-targets/libsndfile_repo_src_alaw.c,326,320,332,{,{	if,	{	if,0.142578125,"[[197, 90, 743]]","[-0.012890700250864029, -0.16057473421096802, -0.8667417764663696]",6.584896087646484,False,0.0,-1.0402072109282017,-0.34673573697606724,3.0,-1.0402072109282017,-0.34673573697606724,3.0,0.13883823620098315,1,2,3,3,0.6666666666666666,-0.41120112464738867,-1.0046984915374588,True,1,0.3333333333333333,3.0,0.4,1.0,2.0068292599537716
~/anvil/data/cve-targets/libxml2_repo_valid.c,501,437,514,case XML_ENTITY_DECL:,case XML_ENTITY_DECL:,	case XML_ENTITY_DECL:,0.037353515625,"[[2722, 11874, 46599, 22732, 25, 151664]]","[-0.0024726788979023695, -0.00020358874462544918, -0.002203062642365694, -0.0011298231547698379, -0.18078918755054474, -0.23196567595005035]",9.023611068725586,True,0.0,-0.41876401694025844,-0.0697940028233764,6.0,-0.1867983409902081,-0.037359668198041616,5.0,0.005143658374104708,0,5,5,5,1.0,-0.9998353151048076,-1.0578942613707,False,5,0.8333333333333334,0.0,1.0,0.0,0.8824737764018469
~/anvil/data/cve-targets/libxml2_repo_HTMLparser.c,694,539,844,"static const char* const object_attrs[] = { ATTRS, ""declare"", ""classid"", ""codebase"", ""data"", ""type"", ""codetype"", ""archive"", ""standby"", ""height"", ""width"", ""usemap"", ""name"", ""tabindex"", NULL } ;","static const char* const object_attrs[] = { ATTRS, ""declare"", ""classid"", ""codebase"", ""data"", ""type"", ""codetype"", ""archive"", ""standby"", ""height"", ""width"", ""usemap"", ""name"", ""tabindex"", ""align"", ""border"", ""hspace"", ""vspace"", NULL } ;","static const char* const object_attrs[] = { ATTRS, ""declare"", ""classid"", ""codebase"", ""data"", ""type"", ""codetype"", ""archive"", ""standby"", ""height"", ""width"", ""usemap"", ""name"", ""tabindex"", ""align"", ""border"", ""hspace"", ""vspace"", NULL } ;",0.10498046875,"[[1978, 733, 1161, 9, 733, 1633, 39578, 1294, 284, 314, 37918, 50, 11, 330, 18471, 497, 330, 1040, 307, 497, 330, 1851, 3152, 497, 330, 691, 497, 330, 1313, 497, 330, 20116, 16214, 497, 330, 16019, 497, 330, 2685, 1694, 497, 330, 2563, 497, 330, 3098, 497, 330, 810, 2186, 497, 330, 606, 497, 330, 6192, 1252, 497, 330, 6612, 497, 330, 9461, 497, 330, 4997, 1306, 497, 330, 85, 8746, 497, 1770, 335, 2587, 151664]]","[-0.01602156087756157, -0.0007965967524796724, -0.0006108802044764161, -0.00019858295854646713, -9.07141511561349e-05, -1.0773110389709473, -0.2962093949317932, -0.0014160377904772758, -0.005338816437870264, -0.008392896503210068, -0.7753602862358093, -8.928377064876258e-05, -0.029632149264216423, -0.020427795127034187, -0.6645668148994446, -0.0030942915473133326, -0.009945128113031387, -0.030636286363005638, -0.00034600470098666847, -0.008126173168420792, -0.007826496846973896, -0.3715849816799164, -0.0007476395112462342, -0.016699526458978653, -0.009211541153490543, -0.007018199656158686, -0.005367866717278957, -0.005525672342628241, -0.0023129635956138372, -0.005420392379164696, -0.011797420680522919, -0.6365818977355957, -0.0021620250772684813, -0.006059963721781969, -0.01175595074892044, -0.0017321596387773752, -0.004531471990048885, -0.01424231007695198, -0.004944003652781248, -0.001522692502476275, -0.014532433822751045, -0.0343276783823967, -0.01928742229938507, -0.0020273623522371054, -0.0005173536483198404, -0.0011120808776468039, -0.013301679864525795, -0.034395981580019, -0.04947221651673317, -0.002670177025720477, -0.012147730216383934, -0.03502235561609268, -0.058820102363824844, -0.012551363557577133, -0.019453100860118866, -0.0029616563115268946, -5.352353764465079e-05, -0.040814172476530075, -0.13162851333618164, -0.6017782688140869, -0.007277408614754677, -0.009325871244072914, -0.050308145582675934, -0.0032879835925996304, -0.002727600047364831, -0.017245693132281303, -4.732496745418757e-05, -0.0010012142593041062, -0.0007378716254606843, -0.0016630165046080947, -0.0010174104245379567, -0.058033667504787445, -0.35621514916419983, -0.03380816802382469, -0.07177884876728058, -0.4252977967262268]",6.744617462158203,False,0.0,-6.202304252576141,-0.08160926648126501,76.0,-5.777006455849914,-0.07702675274466553,75.0,0.03900055061246307,0,90,110,110,0.8181818181818182,-1.3629091842674155,-1.0006946949050883,True,61,0.8026315789473685,39.0,0.9078014184397163,20.0,3.0126343716088932
~/anvil/data/cve-targets/poppler_repo_poppler_JBIG2Stream.cc,3121,2740,3214,buf0 <<= 1;,buf0 <<= 1;,                            buf0 <<= 1;,0.00701904296875,"[[999, 6607, 15, 51178, 220, 16, 26, 151664]]","[-0.0018253346206620336, -0.0006672301678918302, -0.00021598390594590455, -0.0017526278970763087, -0.0008219677838496864, -5.757642793469131e-05, -0.033473435789346695, -0.22775337100028992]",10.173786163330078,True,0.0,-0.26656752759299707,-0.03332094094912463,8.0,-0.03881415659270715,-0.005544879513243879,7.0,0.00013040363201129786,0,7,7,7,1.0,-1.2658603224804252,-1.088754915312813,False,6,0.75,0.0,1.0,0.0,0.817410309975249
~/anvil/data/cve-targets/libsndfile_repo_src_file_io.c,303,297,328,ssize_t	count ;,sf_count_t count ;,"	sf_count_t count ;
	if (",2.03125,"[[53024, 3180, 528, 1760, 4386, 743, 320]]","[-0.32238855957984924, -0.00032729512895457447, -6.97350042173639e-05, -0.11542212963104248, -0.7661880850791931, -0.7527186274528503, -0.23536910116672516]",1.945138454437256,False,1.0,-2.1924835330428323,-0.31321193329183317,7.0,-1.2043958044232568,-0.24087916088465136,5.0,0.0828374188632919,1,5,7,5,0.7142857142857143,-8.43265142796099,-1.1282654223626236,True,4,0.5714285714285714,8.0,0.6060606060606061,1.0,1.9596918490272417
~/anvil/data/cve-targets/libtiff_repo_libtiff_tif_predict.c,437,429,475,unsigned char* cp = (unsigned char*) cp0;,uint8_t* cp = cp0;,	uint8_t* cp = cp0;,0.484375,"[[8254, 23, 528, 9, 12490, 284, 12490, 15, 26, 151643]]","[-0.37837767601013184, -0.006265758071094751, -0.003916808404028416, -0.12015296518802643, -0.03615344315767288, -0.07510498911142349, -0.10593396425247192, -0.0003924791526515037, -0.8865311741828918, -0.03368069604039192]",2.011979341506958,False,0.0,-1.646509953570785,-0.1646509953570785,10.0,-1.612829257530393,-0.17920325083671035,9.0,0.0747493631473763,1,21,10,10,2.1,-2.702936457561038,-1.1263816401798485,True,12,1.2,27.0,0.47457627118644063,12.0,1.938622551641148
~/anvil/data/cve-targets/libsndfile_repo_src_common.c,1260,1105,1410,} /* psf_strlcpy_crlf */,return ;,"	return ;
} /* psf_strlcpy_crlf */
void
ps",0.232421875,"[[853, 4386, 92, 1391, 4726, 69, 2895, 75, 7641, 666, 2381, 69, 735, 1004, 198, 1690]]","[-0.3213270902633667, -0.08212779462337494, -0.007568967994302511, -0.0021244355011731386, -0.05852242186665535, -0.00013195598148740828, -0.0045820241793990135, -0.0031739119440317154, -0.001513408264145255, -0.030024046078324318, -0.00018940561858471483, -0.00015496007108595222, -0.45171940326690674, -1.1764224767684937, -0.04556696116924286, -0.11803138256072998]",6.08055591583252,False,3.0,-2.3031806461513042,-0.14394879038445652,16.0,-0.40345488488674164,-0.20172744244337082,2.0,0.014304075758667045,0,3,10,4,0.3,-1.1521579423446355,-1.0174464341455292,True,11,0.6875,21.0,0.1875,4.0,1.995693786230272
~/anvil/data/cve-targets/poppler_repo_utils_HtmlOutputDev.cc,1169,1146,1175,fclose(f1);,fclose(f1);,    fclose(f1);,0.1708984375,"[[262, 27204, 955, 16, 1215, 151664]]","[-0.06159857660531998, -0.3554336726665497, -0.0017828536219894886, -0.00040546778473071754, -0.31992077827453613, -0.9213746786117554]",6.177257537841797,True,0.0,-1.6605160275648814,-0.27675267126081354,6.0,-0.739141348953126,-0.1478282697906252,5.0,0.024642828180306185,0,9,9,9,1.0,-1.156060594783731,-1.014989686972788,False,4,0.6666666666666666,0.0,1.0,0.0,1.0622670952512832
~/anvil/data/cve-targets/sqlite3_repo_src_expr.c,5438,5367,5449,if( (pLeft->op==TK_COLUMN && IsVirtual(pLeft->y.pTab)),if( pLeft->op==TK_COLUMN && !IsVirtual(pLeft->y.pTab),      if( pLeft->op==TK_COLUMN && !IsVirtual(pLeft->y.pTab),0.1708984375,"[[414, 421, 7, 281, 5415, 405, 453, 418, 15778, 36183, 1009, 753, 3872, 33026, 1295, 5415, 405, 88, 556, 8582, 8, 151643]]","[-0.01805899664759636, -0.09746383130550385, -0.034752048552036285, -0.8505353331565857, -0.22452913224697113, -0.0006926044588908553, -0.003906833939254284, -0.01801883988082409, -0.0036927147302776575, -0.0080793472006917, -0.18254420161247253, -0.8619958162307739, -0.20817004144191742, -0.0014579391572624445, -0.00044943721150048077, -0.010834322310984135, -0.00012587709352374077, -1.4185804502631072e-05, -2.8371408916427754e-05, -2.52720492426306e-05, -0.13201187551021576, -0.7618044018745422]",8.479340553283691,False,0.0,-3.4191914238244863,-0.1554177919920221,22.0,-2.657387021949944,-0.12654223914047352,21.0,0.061249768867812714,1,27,26,26,1.0384615384615385,-1.3505248418299838,-1.0435972337137591,True,20,0.9090909090909091,3.0,0.9719626168224299,5.0,2.189212398483835
~/anvil/data/cve-targets/sqlite3_repo_src_select.c,1067,942,1302,#endif,,   ,3.09375,[[262]],[-0.3367101848125458],5.281424045562744,False,0.0,-0.3367101848125458,-0.3367101848125458,1.0,-0.3367101848125458,-0.3367101848125458,1.0,0.0,0,2,-1,-1,-2.0,-9.188168756232786,-1.0379776877939995,True,1,1.0,6.0,0.0,2.0,2.313380191296722
~/anvil/data/cve-targets/poppler_repo_poppler_GfxState.cc,2433,2418,2434,"alt->getCMYK(&color2, cmyk);","alt->getCMYK(&color2, cmyk);","        alt->getCMYK(&color2, cmyk);",0.006805419921875,"[[286, 4797, 405, 455, 9985, 56, 42, 2099, 3423, 17, 11, 272, 2408, 74, 1215, 151643]]","[-0.12255463004112244, -0.022218700498342514, -0.00044764988706447184, -0.0016242180718109012, -0.0033762615639716387, -7.188061863416806e-05, -9.047575440490618e-05, -0.0020536540541797876, -0.0002053765201708302, -0.0004659997357521206, -0.0026880106888711452, -0.0024922997690737247, -0.00011503035057103261, -7.521823135903105e-05, -0.050388969480991364, -0.04412692040205002]",6.84375,True,0.0,-0.2529952956683701,-0.01581220597927313,16.0,-0.20886837526632007,-0.013924558351088004,15.0,0.0010117426674549467,1,16,16,16,1.0,-0.48873506435794817,-1.0017854517540432,False,14,0.875,0.0,1.0,0.0,1.1555656125226021
~/anvil/data/cve-targets/libxml2_repo_valid.c,713,599,739,"xmlValidBuildAContentModel(content, ctxt, name);","xmlValidBuildAContentModel(content, ctxt, name);","	    xmlValidBuildAContentModel(content, ctxt, name);",0.0167236328125,"[[2760, 8396, 4088, 11066, 32, 2762, 1712, 15063, 11, 59162, 11, 829, 1215, 151643]]","[-0.030555469915270805, -0.08969444036483765, -0.06789686530828476, -0.00011729506513802335, -6.913899414939806e-05, -1.7523612768854946e-05, -3.7431014789035544e-05, -0.0003657863999251276, -0.0003178806509822607, -0.0004642124113161117, -0.0005909841856919229, -0.0009198724874295294, -0.04909297823905945, -0.03219249099493027]",4.961111545562744,True,0.0,-0.2723323696445732,-0.019452312117469513,14.0,-0.24013987864964292,-0.01847229835766484,13.0,0.0008895819026415344,0,13,13,13,1.0,-0.9053357892284555,-1.0463229877002993,False,12,0.8571428571428571,0.0,1.0,0.0,1.0019968742463368
~/anvil/data/cve-targets/php_repo_ext_phar_phar.c,174,159,201,if (phar->signature) {,if (phar->signature) {,	if (phar->signature) {,0.0986328125,"[[743, 320, 759, 277, 405, 34140, 8, 314, 151664]]","[-0.033817846328020096, -0.004015835467725992, -0.04755059629678726, -6.0437283536884934e-05, -0.0004593271005433053, -0.6194063425064087, -0.07373690605163574, -0.021333860233426094, -0.1461849808692932]",6.540971279144287,True,0.0,-0.9465661321373773,-0.10517401468193081,9.0,-0.8003811512680841,-0.10004764390851051,8.0,0.03911266014219258,0,13,13,13,1.0,-0.9858584235146576,-1.0058023772472162,False,8,0.8888888888888888,0.0,1.0,0.0,1.1229258692824442
~/anvil/data/cve-targets/libsndfile_repo_src_alaw.c,163,98,274,"0xb3, 0xb3, 0xb3, 0xb3, 0xb3, 0xb3, 0xb3, 0xb3, 0xb3, 0xb3, 0xb3, 0xb3,","0xb3, 0xb3, 0xb3, 0xb3, 0xb3, 0xb3, 0xb3, 0xb3, 0xb3, 0xb3, 0xb3, 0xb3,","	0xb3, 0xb3, 0xb3, 0xb3, 0xb3, 0xb3, 0xb3, 0xb3, 0xb3, 0xb3, 0xb3, 0xb3,",0.017578125,"[[197, 15, 7929, 18, 11, 220, 15, 7929, 18, 11, 220, 15, 7929, 18, 11, 220, 15, 7929, 18, 11, 220, 15, 7929, 18, 11, 220, 15, 7929, 18, 11, 220, 15, 7929, 18, 11, 220, 15, 7929, 18, 11, 220, 15, 7929, 18, 11, 220, 15, 7929, 18, 11, 220, 15, 7929, 18, 11, 220, 15, 7929, 18, 11, 151643]]","[-0.008654349483549595, -0.002011658623814583, -0.007553942501544952, -0.2421160191297531, -0.00042083943844772875, -0.0001731960946926847, -1.645074735279195e-05, -0.0002475670480635017, -0.00025650550378486514, -0.00034648136352188885, -0.00015054999676067382, -2.0861407392658293e-05, -0.000105375460407231, -0.00011705666838679463, -0.0001554368354845792, -9.226373367710039e-05, -1.6093124941107817e-05, -7.784063927829266e-05, -8.046303264563903e-05, -0.0005847889697179198, -0.00014554394874721766, -2.7417760065873154e-05, -0.0005830018781125546, -0.041048064827919006, -0.00017677174764685333, -4.434487345861271e-05, -9.059865078597795e-06, -9.798523387871683e-05, -9.667406266089529e-05, -0.00024125049822032452, -7.247662142617628e-05, -1.5616295058862306e-05, -9.691245941212401e-05, -0.00025149996508844197, -0.00040463366894982755, -0.0003307510633021593, -3.123234637314454e-05, -0.00011062010162277147, -0.0003916450368706137, -0.0009006972541101277, -0.00023803261865396053, -4.2914423829643056e-05, -0.00034409802174195647, -0.024423664435744286, -0.00016080040950328112, -6.16293036728166e-05, -1.5020257706055418e-05, -0.00010918975021922961, -0.0018908970523625612, -0.00032109825406223536, -6.925819616299123e-05, -1.4185804502631072e-05, -0.00011455356434453279, -0.0009374991059303284, -0.0008105330052785575, -0.0003828269545920193, -3.0397906812140718e-05, -0.0001037067049765028, -0.0002029928145930171, -0.48146745562553406, -0.0422329306602478]",7.223091125488281,True,0.0,-0.8622476241816912,-0.014135206953798217,61.0,-0.8200146935214434,-0.013666911558690724,60.0,0.004694163613804453,0,25,25,25,1.0,-1.286181221303225,-1.0113311039614328,False,59,0.9672131147540983,0.0,1.0,0.0,1.2333935602569013
~/anvil/data/cve-targets/openssl_repo_ssl_statem_statem_clnt.c,2575,2558,2611,"ckey = ssl_generate_pkey(s, skey);",if (EVP_PKEY_derive_init(skey) <= 0) {,"    if (EVP_PKEY_derive_init(skey) <= 0) {
       ",0.83203125,"[[262, 421, 320, 36, 13378, 1088, 4784, 35345, 533, 6137, 1141, 792, 8, 2651, 220, 15, 8, 341, 286]]","[-0.17451418936252594, -0.6952946782112122, -0.5966341495513916, -0.9289271235466003, -0.0004477690381463617, -0.008664513006806374, -0.00020251607929822057, -0.24784156680107117, -0.00010275312524754554, -0.5891436338424683, -0.07070880383253098, -0.572821319103241, -0.18686792254447937, -0.006408971734344959, -0.00037222131504677236, -1.0490362910786644e-05, -0.12636698782444, -0.08022132515907288, -0.0015833948273211718]",4.797916889190674,False,1.0,-4.287134329268156,-0.2256386489088503,19.0,-4.287134329268156,-0.2256386489088503,19.0,0.08234247416426371,1,14,18,18,0.7777777777777778,-3.687450062405355,-1.0506005657511333,True,12,0.631578947368421,30.0,0.33333333333333337,15.0,2.1113859246939035
~/anvil/data/cve-targets/libpng_repo_png.c,4005,3952,4008,image->flags |= PNG_IMAGE_FLAG_INVALID;,return 0;,   return 0;,2.671875,"[[256, 470, 220, 15, 26, 151643]]","[-0.2660260498523712, -1.1819367408752441, -0.003473916556686163, -0.5759980082511902, -0.6037783026695251, -0.061683088541030884]",5.992361068725586,False,0.0,-2.6928961067460477,-0.44881601779100794,6.0,-2.631213018205017,-0.5262426036410034,5.0,0.15588438831532264,1,10,5,5,2.0,-5.0772685098349095,-1.019692247417653,True,9,1.5,36.0,0.125,8.0,2.397163374420471
~/anvil/data/cve-targets/sqlite3_repo_src_build.c,3400,3379,3404,p->nKeyCol = nCol - 1;,if( ppExtra ) *ppExtra = pExtra;,    if( ppExtra ) *ppExtra = pExtra;,0.4765625,"[[262, 421, 7, 11823, 11612, 873, 353, 602, 11612, 284, 281, 11612, 26, 151643]]","[-0.2401045709848404, -0.22941865026950836, -0.0006779517862014472, -0.13110144436359406, -2.7417760065873154e-05, -0.544041097164154, -0.08340615779161453, -0.008226202800869942, -3.683499380713329e-05, -0.001258296542800963, -0.6375707983970642, -0.022313017398118973, -0.3701154291629791, -0.12694485485553741]",8.477256774902344,False,0.0,-2.3952427242711565,-0.17108876601936832,14.0,-2.268297869415619,-0.17448445149350916,13.0,0.04451344952878728,0,13,15,15,0.8666666666666667,-2.731260556002769,-1.0435428694959477,True,12,0.8571428571428571,27.0,0.2222222222222222,14.0,2.0713694492550703
~/anvil/data/cve-targets/openssl_repo_ssl_t1_lib.c,1141,1129,1192,if (clu->amask & s->s3.tmp.new_cipher->algorithm_auth) {,if (clu->cid == s->s3.tmp.new_cipher->id) {,                if (clu->cid == s->s3.tmp.new_cipher->id) {,0.39453125,"[[394, 421, 320, 564, 84, 405, 20558, 621, 274, 405, 82, 18, 44731, 4618, 76692, 405, 307, 8, 314, 151664]]","[-0.08225714415311813, -0.053486138582229614, -0.05894317105412483, -0.42042404413223267, -6.294052582234144e-05, -0.46752870082855225, -1.4409065246582031, -0.051430802792310715, -0.10171351581811905, -0.0005681092734448612, -0.013201803900301456, -4.23184028477408e-05, -0.00035363141796551645, -0.00020847532141488045, -0.00014125302550382912, -0.0007468056865036488, -0.39573705196380615, -0.0256233848631382, -0.06259734183549881, -0.22927506268024445]",9.208507537841797,False,0.0,-3.4052482209153823,-0.1702624110457691,20.0,-3.175973158235138,-0.16715648201237568,19.0,0.1120061477017082,0,28,28,28,1.0,-2.3602509771101206,-1.0627956034948838,True,20,1.0,20.0,0.7474747474747474,3.0,2.1785693218891744
~/anvil/data/cve-targets/php_repo_ext_phar_phar.c,698,632,1125,"if (manifest_len < 10 || manifest_len != php_stream_read(fp, buffer, manifest_len)) {","if (manifest_len != php_stream_read(fp, buffer, manifest_len)) {","	if (manifest_len != php_stream_read(fp, buffer, manifest_len)) {
		efree(savebuf);",0.5703125,"[[743, 320, 42315, 6043, 961, 24362, 12673, 6443, 17815, 11, 4147, 11, 14455, 6043, 593, 341, 197, 197, 823, 765, 33546, 5909, 1215, 151664]]","[-0.7733441591262817, -0.1915820837020874, -0.3277696371078491, -0.007391486316919327, -0.5604334473609924, -0.022996751591563225, -0.00017045476124621928, -0.0036354658659547567, -0.004122925456613302, -0.00015829740732442588, -0.2645890414714813, -0.0006816447712481022, -0.01684875600039959, -2.5748875486897305e-05, -0.06893531233072281, -0.633846640586853, -0.002379088429734111, -0.6119480133056641, -0.03782908618450165, -1.311301275563892e-06, -0.0023788507096469402, -7.819823804311454e-05, -0.6333203911781311, -0.10137523710727692]",1.0937501192092896,False,1.0,-4.265842029187297,-0.17774341788280404,24.0,-3.490858954468422,-0.193936608581579,18.0,0.06839906962643977,1,28,30,22,0.9333333333333333,-2.940716062692719,-1.1525376198290165,True,23,0.9583333333333334,21.0,0.8590604026845637,6.0,1.9587733276051504
~/anvil/data/cve-targets/sqlite3_repo_src_pragma.c,602,591,634,** the locking-mode of the main database).,** the locking-mode of the main database file).  */,"      ** the locking-mode of the main database file).  */
      e",0.455078125,"[[414, 3070, 279, 37855, 14982, 315, 279, 1887, 4625, 1034, 568, 220, 735, 414, 384]]","[-0.00024470672360621393, -6.782778655178845e-05, -0.20620624721050262, -0.6278741955757141, -0.24851150810718536, -0.7807732820510864, -0.43621858954429626, -0.14359332621097565, -0.330439954996109, -0.9799817800521851, -0.8095285892486572, -1.8246785402297974, -1.5118474960327148, -0.02795429714024067, -1.209324598312378]",13.356945037841797,False,1.0,-9.137244939222,-0.6091496626148001,15.0,-7.927920340909623,-0.5662800243506874,14.0,0.2978858721807062,0,16,21,18,0.7619047619047619,-0.8036273670818698,-1.1789376491969144,True,9,0.6,9.0,0.9032258064516129,5.0,1.7353028446185426
~/anvil/data/cve-targets/openssl_repo_ssl_statem_statem_clnt.c,2623,2608,2643,"ckey = ssl_generate_pkey(s, skey);",ckey = EVP_PKEY_new();,"    ckey = EVP_PKEY_new();
    if (ckey == NULL) {
       ",0.64453125,"[[262, 272, 792, 284, 72758, 1088, 4784, 5921, 543, 262, 421, 320, 377, 1195, 621, 1770, 8, 341, 286]]","[-0.22047218680381775, -0.5160257816314697, -0.00013886917440686375, -0.00541944382712245, -0.5832247734069824, -0.0014037764631211758, -9.536697689327411e-06, -0.04757583141326904, -0.6163883209228516, -0.0074273403733968735, -0.05259653925895691, -0.04325361177325249, -0.027986058965325356, -1.4305104514278355e-06, -0.0005814530304633081, -0.0002320735511602834, -0.13940007984638214, -0.009996823966503143, -0.0012243640376254916]",5.201387882232666,False,2.0,-2.2733582956542477,-0.11965043661338146,19.0,-1.9980858607141272,-0.19980858607141272,10.0,0.06380915657246096,1,14,24,11,0.5833333333333334,-3.2257435111904593,-1.0400566608070088,True,12,0.631578947368421,21.0,0.4642857142857143,4.0,2.1147752667497817
~/anvil/data/cve-targets/libsndfile_repo_src_double64.c,76,70,214,if (psf->sf.channels < 1),if (psf->sf.channels < 1 || psf->sf.channels,	if (psf->sf.channels < 1 || psf->sf.channels,0.4453125,"[[743, 320, 1690, 69, 405, 17246, 39895, 366, 220, 16, 1369, 4726, 69, 405, 17246, 39895]]","[-0.4319300651550293, -0.07838869839906693, -0.092103973031044, -0.00011801023356383666, -0.009665712714195251, -0.14670251309871674, -0.20478422939777374, -0.9076383113861084, -0.04584529250860214, -0.06510491669178009, -0.1060110554099083, -0.023678971454501152, -8.34461570775602e-06, -4.31528314948082e-05, -0.0004978132783435285, -0.0009205871028825641]",3.1196184158325195,False,0.0,-2.1134416473087185,-0.1320901029567949,16.0,-2.1134416473087185,-0.1320901029567949,16.0,0.05172039464242878,1,18,22,22,0.8181818181818182,-3.371278317086757,-1.0956189227833515,True,11,0.6875,20.0,0.6956521739130435,11.0,1.9827253994159344
~/anvil/data/cve-targets/poppler_repo_poppler_JPEG2000Stream.cc,31,25,39,opj_image_t *image;,OPJ_CODEC_FORMAT format;,"    OPJ_CODEC_FORMAT format;
    unsigned char *buf",1.125,"[[262, 13134, 41, 68199, 14960, 3561, 280, 262, 3774, 1161, 353, 5909]]","[-0.1369001269340515, -1.5888938903808594, -0.012391719035804272, -0.2675890624523163, -0.03972065821290016, -0.11333922296762466, -0.36149653792381287, -0.006896383594721556, -0.6617082953453064, -0.04265362024307251, -0.0317109040915966, -0.7040104866027832]",3.2250003814697266,False,1.0,-3.9673109077848494,-0.3306092423154041,12.0,-2.5272276015020907,-0.31590345018776134,8.0,0.2452342248942577,0,7,13,5,0.5384615384615384,-3.5612146664790827,-1.0927362598175099,True,7,0.5833333333333334,19.0,0.2790697674418605,4.0,1.956937631509344
~/anvil/data/cve-targets/libpng_repo_pngrutil.c,823,760,919,max_palette_length = PNG_MAX_PALETTE_LENGTH;,max_palette_length = PNG_MAX_PALETTE_LENGTH;,"      max_palette_length = PNG_MAX_PALETTE_LENGTH;
   if (num >",0.2431640625,"[[414, 1932, 66252, 5118, 284, 41639, 6806, 26191, 85448, 15023, 280, 256, 421, 320, 2413, 861]]","[-0.2557346224784851, -0.03557908907532692, -0.00018988236843142658, -1.07287787614041e-05, -0.003919064532965422, -1.0177171230316162, -0.0003271759778726846, -0.0008829509024508297, -4.529942543740617e-06, -2.0503786799963564e-05, -0.46552520990371704, -0.043383751064538956, -0.22291655838489532, -0.008124517276883125, -0.08715247362852097, -0.05187537148594856]",5.93836784362793,True,1.0,-2.1933635526197577,-0.13708522203873486,16.0,-1.8232946318435097,-0.15194121932029248,12.0,0.08699939624332104,1,7,11,7,0.6363636363636364,-1.6003824609792656,-1.0210695886233228,False,10,0.625,0.0,1.0,0.0,1.0327646752313362
~/anvil/data/cve-targets/openssl_repo_crypto_asn1_tasn_dec.c,816,760,890,case V_ASN1_NEG_ENUMERATED:,if (!ossl_c2i_ASN1_INTEGER((ASN1_INTEGER,        if (!ossl_c2i_ASN1_INTEGER((ASN1_INTEGER,0.12158203125,"[[286, 421, 1505, 436, 3226, 666, 17, 72, 1566, 18966, 16, 25757, 1188, 68134, 16, 25757]]","[-0.47217699885368347, -0.7023493647575378, -0.19727814197540283, -0.03879842534661293, -4.172316494077677e-06, -0.00652303034439683, -9.405170567333698e-05, -0.00010907054820563644, -0.002682304009795189, -1.0371154530730564e-05, -2.169585604860913e-05, -0.01096084713935852, -0.06117378547787666, -0.0027895369566977024, -1.5735502529423684e-05, -0.00011669908417388797]",6.2194437980651855,False,0.0,-1.4951042310290177,-0.0934440144393136,16.0,-1.4951042310290177,-0.0934440144393136,16.0,0.038805070236235036,1,5,8,8,0.625,-1.3011216607026272,-1.0139197857846158,True,10,0.625,28.0,0.4477611940298507,8.0,2.0130835086638323
~/anvil/data/cve-targets/lua_repo_ldebug.c,723,718,739,"static int changedline (const Proto *p, int oldpc, int newpc) {","static int lineinfofits (const Proto *p, int oldpc, int newpc) {<|cursor|>","static int lineinfofits (const Proto *p, int oldpc, int newpc) {<|cursor|>",0.3671875,"[[1978, 526, 1555, 2733, 29222, 320, 1024, 57677, 353, 79, 11, 526, 2310, 3992, 11, 526, 501, 3992, 8, 314, 27, 91, 17437, 91, 29, 151643]]","[-0.4087512195110321, -0.04482269287109375, -1.8975799083709717, -0.8922187089920044, -1.3731579780578613, -0.22830428183078766, -0.1986931562423706, -0.1243162527680397, -0.01144793163985014, -0.0073279403150081635, -0.002014156896620989, -0.10923324525356293, -0.047055311501026154, -0.0001394651480950415, -0.0007215518853627145, -0.00583954993635416, -0.001920642564073205, -2.0146166207268834e-05, -0.011055287905037403, -0.14487823843955994, -0.13826362788677216, -0.00013612773909699172, -8.356221951544285e-05, -6.794698856538162e-05, -0.0893411710858345, -0.023023080080747604]",4.420833110809326,False,0.0,-5.760413182295451,-0.22155435316520966,26.0,-5.737390102214704,-0.22949560408858816,25.0,0.21217790447018253,1,28,30,30,0.9333333333333333,-1.5999761801897567,-1.0605515070605565,True,19,0.7307692307692307,21.0,0.8175182481751825,9.0,2.1809798831381078
~/anvil/data/cve-targets/php_repo_ext_standard_http_fopen_wrapper.c,623,564,637,if (tmp_line[tmp_line_len - 1] == '\n') {,if (tmp_line_len > 0) {,			if (tmp_line_len > 0) {,0.134765625,"[[298, 743, 320, 5173, 6528, 6043, 861, 220, 15, 8, 314, 151664]]","[-0.06221509352326393, -0.3501752018928528, -0.21332858502864838, -0.6441197395324707, -0.010619557462632656, -0.7398743033409119, -0.9293798208236694, -0.025418397039175034, -0.15982499718666077, -0.5630731582641602, -0.6957874894142151, -0.6340916156768799]",8.20295238494873,False,0.0,-5.027907959185541,-0.41899232993212837,12.0,-4.393816343508661,-0.39943784940987825,11.0,0.09731559188102228,1,24,13,13,1.8461538461538463,-0.337388219967387,-1.0364111409947232,True,16,1.3333333333333333,20.0,0.65625,13.0,2.169755788990091
~/anvil/data/cve-targets/lua_repo_liolib.c,171,162,172,return 0;,return 0;,  return 0;,0.01141357421875,"[[220, 470, 220, 15, 26, 151643]]","[-0.050345439463853836, -0.019559836015105247, -0.0004260824352968484, -0.0006105228094384074, -0.013841592706739902, -0.010295025072991848]",7.111284255981445,True,0.0,-0.09507849850342609,-0.01584641641723768,6.0,-0.08478347343043424,-0.01695669468608685,5.0,0.0003343493918724676,0,5,5,5,1.0,-0.6731013579029032,-1.0085082069211624,False,4,0.6666666666666666,0.0,1.0,0.0,1.0129492526896249
~/anvil/data/cve-targets/libtiff_repo_libtiff_tif_pixarlog.c,877,866,919,: LogK1*log(v*LogK2) + 0.5 ),: (uint16_t)(v*fltsize) ),		  : (uint16_t)(v*fltsize) ),2.9375,"[[7847, 549, 320, 2496, 16, 21, 528, 2376, 85, 9, 79209, 2141, 8, 873, 151643]]","[-0.09455662220716476, -0.007095969282090664, -0.3260526955127716, -0.8125680088996887, -0.00836145132780075, -4.529942543740617e-06, -0.00010096516780322418, -0.8583624362945557, -0.2078082114458084, -0.32542604207992554, -0.030072052031755447, -0.00020251607929822057, -0.7516634464263916, -0.9861158728599548, -0.873161792755127]",2.823784828186035,False,0.0,-5.28155261231268,-0.352103507487512,15.0,-4.408390819557553,-0.31488505853982524,14.0,0.1294072295783832,0,18,15,15,1.2,-9.328800844415037,-1.1037519830316467,True,17,1.1333333333333333,21.0,0.339622641509434,11.0,2.295770746688026
~/anvil/data/cve-targets/php_repo_ext_intl_msgformat_msgformat_parse.c,80,57,115,},},	},0.3203125,"[[197, 92, 151643]]","[-0.0069076307117938995, -0.35489940643310547, -0.4935038089752197]",7.12308931350708,True,0.0,-0.8553108461201191,-0.28510361537337303,3.0,-0.36180703714489937,-0.18090351857244968,2.0,0.030274568992417903,1,2,2,2,1.0,-1.7706261466203528,-1.0088058882807658,False,1,0.3333333333333333,0.0,1.0,0.0,1.0195863222679844
~/anvil/data/cve-targets/libxml2_repo_HTMLparser.c,2500,2468,2509,c = CUR_CHAR(l);,GROW;,	GROW;,0.400390625,"[[9600, 15095, 26, 151643]]","[-0.8159911632537842, -0.0002712835557758808, -0.7399454116821289, -0.4089587330818176]",1.86180579662323,False,0.0,-1.9651665915735066,-0.49129164789337665,4.0,-1.556207858491689,-0.518735952830563,3.0,0.13536663269845683,1,12,4,4,3.0,-0.7718582504551817,-1.130618406425913,True,6,1.5,14.0,0.19047619047619047,9.0,1.8135644858008042
~/anvil/data/cve-targets/poppler_repo_poppler_GfxState.cc,2395,2386,2402,int i;,int i;,"    int i;
    if",1.1171875,"[[262, 526, 600, 280, 262, 421]]","[-0.2008672058582306, -0.7442127466201782, -0.016364412382245064, -0.5092459321022034, -0.1636427789926529, -0.752131462097168]",8.028470993041992,True,1.0,-2.386464538052678,-0.39774408967544633,6.0,-1.6343330759555101,-0.32686661519110205,5.0,0.06927389969209977,1,5,6,5,0.8333333333333334,-3.4178696999901264,-1.0319001252894722,False,3,0.5,0.0,1.0,0.0,1.0981825194523307
~/anvil/data/cve-targets/openssl_repo_crypto_asn1_tasn_dec.c,701,638,761,*/,*/,         */,0.02392578125,"[[260, 639, 151643]]","[-0.006214935332536697, -0.025403056293725967, -0.11477337777614594]",13.258508682250977,True,0.0,-0.1463913694024086,-0.0487971231341362,3.0,-0.031617991626262665,-0.015808995813131332,2.0,9.204599650530776e-05,0,3,3,3,1.0,-1.5134282741808731,-1.1760399579949254,False,1,0.3333333333333333,0.0,1.0,0.0,0.5374617624031116
~/anvil/data/cve-targets/sqlite3_repo_ext_misc_zipfile.c,223,218,234,struct ZipfileLFH {,struct ZipfileLFH {<|cursor,struct ZipfileLFH {<|cursor,0.134765625,"[[1235, 29232, 1192, 22609, 39, 314, 27, 91, 17437]]","[-0.07222932577133179, -0.012667078524827957, -0.0006400682032108307, -0.000987995183095336, -0.0001658063702052459, -0.7841309309005737, -0.048437535762786865, -0.00020132421923335642, -3.6477376852417365e-05]",5.015451431274414,False,0.0,-0.9194965423121175,-0.10216628247912417,9.0,-0.9194965423121175,-0.10216628247912417,9.0,0.05873832819340538,0,4,7,7,0.5714285714285714,-1.3190812245472172,-1.0449025259761249,True,6,0.6666666666666666,8.0,0.8260869565217391,4.0,1.919449532649694
~/anvil/data/cve-targets/libsndfile_repo_src_wavlike.c,273,95,384,for (bit = k = 0 ; bit < ARRAY_LEN (channel_mask_bits) ; bit++),k = 0 ;<|cursor|>,					k = 0 ;<|cursor|>,0.423828125,"[[464, 16463, 284, 220, 15, 2587, 27, 91, 17437, 91, 29, 151643]]","[-0.020751040428876877, -0.6129714250564575, -0.0012853225925937295, -0.01278631016612053, -0.0016014858847483993, -0.2866578698158264, -0.8906444311141968, -0.00018189683032687753, -0.00013660451804753393, -0.00027569307712838054, -0.0009573881980031729, -0.018282119184732437]",5.843924045562744,False,0.0,-1.8465315868670586,-0.15387763223892156,12.0,-1.8282494676823262,-0.16620449706202967,11.0,0.08617184347469047,1,28,12,12,2.3333333333333335,-2.550040056027015,-1.0234832792293223,True,21,1.75,53.0,0.25,22.0,2.2891463426276055
~/anvil/data/cve-targets/openssl_repo_crypto_x509_x509_vfy.c,963,948,997,if (crl_score < best_score),if (crl_score < CRL_SCORE_VALID),        if (crl_score < CRL_SCORE_VALID),0.31640625,"[[286, 421, 320, 66, 2381, 10405, 366, 356, 4728, 63727, 27335, 8, 151643]]","[-0.005650026258081198, -0.35395777225494385, -0.0344691164791584, -0.019458245486021042, -9.775113539944869e-06, -0.0021376395598053932, -1.1303731203079224, -0.8532060384750366, -1.4424220353248529e-05, -0.0012020989088341594, -0.7752383947372437, -0.23911121487617493, -0.7361570596694946]",8.62656307220459,False,0.0,-4.150984926346609,-0.31930653279589305,13.0,-3.414827866677115,-0.28456898888975957,12.0,0.15158411243327705,1,12,12,12,1.0,-1.1118788847458498,-1.0474453362988203,True,9,0.6923076923076923,14.0,0.6101694915254237,1.0,2.027884991722766
~/anvil/data/cve-targets/libtiff_repo_libtiff_tif_predict.c,606,576,615,assert(rowsize > 0);,while (cc > 0) {,"	while (cc > 0) {
		",0.66796875,"[[5217, 320, 638, 861, 220, 15, 8, 341, 197, 197]]","[-1.5632561445236206, -0.006524569820612669, -0.023888736963272095, -0.08819994330406189, -0.07547228783369064, -0.0005968220066279173, -0.004764394834637642, -0.12741638720035553, -0.0060030873864889145, -0.00952166598290205]",0.4210069477558136,False,1.0,-1.90564403985627,-0.190564403985627,10.0,-1.90564403985627,-0.190564403985627,10.0,0.21110950812847168,1,12,13,13,0.9230769230769231,-3.5052126001998802,-1.1720855889190633,True,7,0.7,15.0,0.4444444444444444,8.0,1.7370609373237424
~/anvil/data/cve-targets/openssl_repo_crypto_asn1_tasn_enc.c,523,454,567,case V_ASN1_NEG_INTEGER:,case V_ASN1_NEG_INTEGER:,    case V_ASN1_NEG_INTEGER:,0.10546875,"[[262, 1142, 647, 1566, 18966, 16, 62368, 25757, 25, 151643]]","[-0.08468014746904373, -0.017928214743733406, -0.004102861508727074, -7.509902934543788e-05, -4.768370445162873e-07, -8.380061626667157e-05, -0.45904362201690674, -0.10714082419872284, -0.2715252637863159, -0.2318863719701767]",5.336979866027832,True,0.0,-1.176466682176283,-0.1176466682176283,10.0,-0.9445803102061063,-0.10495336780067849,9.0,0.022699809075415717,1,5,5,5,1.0,-1.0049105827675802,-1.0365370459243535,False,8,0.8,0.0,1.0,0.0,0.9495658270059038
~/anvil/data/cve-targets/libxml2_repo_HTMLparser.c,1844,1672,1941,"{ 968,	""psi"",	""greek small letter psi, U+03C8 ISOgrk3"" },","{ 968,	""psi"",	""greek small letter psi, U+03C8 ISOgrk3"" },","{ 968,	""psi"",	""greek small letter psi, U+03C8 ISOgrk3"" },",0.0145263671875,"[[90, 220, 24, 21, 23, 11, 197, 1, 30765, 497, 197, 59719, 10726, 2613, 6524, 38026, 11, 547, 10, 15, 18, 34, 23, 21940, 901, 74, 18, 1, 2470, 151643]]","[-0.00035720644518733025, -0.00013743886665906757, -7.855583680793643e-05, -0.07919277250766754, -0.0016145778354257345, -0.00012206286191940308, -0.0005314130103215575, -5.8887653722194955e-05, -0.2867789566516876, -0.01035519689321518, -0.0010556369088590145, -0.000399033073335886, -4.100715523236431e-05, -7.378782902378589e-05, -0.0003987947420682758, -0.0023172451183199883, -0.00018892886873800308, -6.282132380874828e-05, -1.2636104656849056e-05, -7.73638384998776e-05, -9.905801562126726e-05, -0.0022514727897942066, -0.00025412190007045865, -0.0018115314887836576, -5.364403477869928e-06, -3.0874729418428615e-05, -0.00018523407925385982, -0.0009363081189803779, -0.000426439888542518, -0.7025997638702393]",12.20156192779541,True,0.0,-1.0924544928093383,-0.03641514976031127,30.0,-0.389854728939099,-0.013443266515141345,29.0,0.00287584167982946,0,15,15,15,1.0,-1.0805682659894262,-1.1453716367503124,False,29,0.9666666666666667,0.0,1.0,0.0,0.7557516850346355
~/anvil/data/cve-targets/libxml2_repo_HTMLparser.c,2461,2438,2471,in++;,in++;,"	    in++;
	if",1.140625,"[[2760, 304, 3507, 743]]","[-0.09744177758693695, -0.00982555653899908, -0.12273094058036804, -0.5290263891220093]",4.3083343505859375,True,1.0,-0.7590246638283134,-0.18975616595707834,4.0,-0.22999827470630407,-0.07666609156876802,3.0,0.002340418855684272,1,6,7,6,0.8571428571428571,-14.87782899401988,-1.063538473709647,False,2,0.5,0.0,1.0,0.0,1.0268761993920987
