file,masked_line_no,cntx_start,cntx_end,masked_line,prediction,whole_prediction,loss,generated_tokens,log_prob_scores,first_token_var,exact_match,num_generated_lines,log_seq_prob,normalized_seq_prob,generated_token_length,log_seq_prob_first_line,normalized_log_seq_prob_first_line,first_line_length,seq_prob_first_line_var,vul_label,mask_ast_complexity,pred_ast_complexity,first_line_pred_ast_complexity,mask_pred_ast_ratio,loss_to_pred_ratio,scaled_first_token_var,neg_exact_match,masked_line_token_length,length_ratio,lev_dist,lev_ratio,ast_dist,new_score
~/anvil/data/cve-targets/php_repo_ext_phar_util.c,1445,1252,1478,PHP_MD5_CTX   context;,PHP_MD5_CTX  context;,			PHP_MD5_CTX  context;,0.0055557480081915,"[[298, 10025, 6610, 46497, 20, 44233, 220, 2266, 26, 151664]]","[-0.007079871371388435, -0.015564984641969204, -0.0035858158953487873, -0.00154518848285079, -0.0015528061194345355, -0.0015434031374752522, -0.3498998284339905, -0.0002445875434204936, -0.012184119783341885, -0.055984627455472946]",8.239582061767578,False,0.0,-0.4491852328646928,-0.04491852328646928,10.0,-0.39320060540921986,-0.043688956156579986,9.0,0.011745812314927268,1,5,5,5,1.0,-0.127165959019022,-1.0478886266669716,True,7,0.7,1.0,0.9767441860465116,0.0,1.8912191792341706
~/anvil/data/cve-targets/php_repo_ext_phar_phar.c,2336,2181,2486,},},"	}
	if",2.3723864555358887,"[[197, 532, 743]]","[-0.02473573572933674, -1.3578754663467407, -0.9225490689277649]",7.577083110809326,True,1.0,-2.3051602710038424,-0.7683867570012808,3.0,-1.3826112020760775,-0.6913056010380387,2.0,0.44431538533766113,0,2,3,2,0.6666666666666666,-3.431747771135662,-1.0306759346239835,False,1,0.3333333333333333,0.0,1.0,0.0,1.2625163487417477
~/anvil/data/cve-targets/libxml2_repo_xmlmemory.c,768,733,772,},},	},0.7073137760162354,"[[197, 92, 151664]]","[-0.05429964140057564, -0.7070054411888123, -0.6503655314445496]",5.080554962158203,True,0.0,-1.4116706140339375,-0.4705568713446458,3.0,-0.7613050825893879,-0.38065254129469395,2.0,0.1065062152693004,0,2,2,2,1.0,-1.8581611818759578,-1.0327223456058692,False,1,0.3333333333333333,0.0,1.0,0.0,1.0075318172094778
~/anvil/data/cve-targets/sqlite3_repo_ext_fts5_fts5_hash.c,144,138,166,int nNew = pHash->nSlot*2;,int nNew = pHash->nSlot*2;,  int nNew = pHash->nSlot*2;,0.1500501036643982,"[[220, 526, 308, 3564, 284, 281, 6370, 405, 77, 19877, 9, 17, 26, 151664]]","[-0.027531087398529053, -0.2320006638765335, -0.05734027549624443, -0.05698473006486893, -0.23665422201156616, -0.4895014464855194, -0.00010239553375868127, -0.00019202772818971425, -0.0002169373765354976, -0.0036860634572803974, -0.6167417764663696, -0.001369253732264042, -0.22240188717842102, -0.5369567275047302]",4.175173282623291,True,0.0,-2.4816794943108107,-0.17726282102220076,14.0,-1.9447227668060805,-0.1495940589850831,13.0,0.038127994206728584,0,14,14,14,1.0,-1.0030485480667422,-1.0563640936276366,False,12,0.8571428571428571,0.0,1.0,0.0,0.9896439374769349
~/anvil/data/cve-targets/libsndfile_repo_src_wav.c,902,828,934,"psf_binheader_writef (psf, ""44"", BHW4 (psf->instrument->loop_count), BHW4 (0)) ;","psf_binheader_writef (psf, ""44"", BHW4 (0), BHW4 (0)) ; /* SMPTE offset */","		psf_binheader_writef (psf, ""44"", BHW4 (0), BHW4 (0)) ; /* SMPTE offset */
		psf_binheader_writef (psf, ""44"", BHW4",0.2757978141307831,"[[197, 35009, 69, 21816, 2708, 9165, 69, 320, 1690, 69, 11, 330, 19, 19, 497, 425, 38252, 19, 320, 15, 701, 425, 38252, 19, 320, 15, 593, 2587, 1391, 92800, 2446, 4347, 735, 197, 35009, 69, 21816, 2708, 9165, 69, 320, 1690, 69, 11, 330, 19, 19, 497, 425, 38252, 19]]","[-0.005959954112768173, -0.49790143966674805, -9.524368942948058e-05, -0.012664252892136574, -4.2676016164477915e-05, -0.000259365770034492, -0.0003022690652869642, -0.00015066919149830937, -4.434487345861271e-05, -2.622600959512056e-06, -7.080780778778717e-05, -0.0007005859515629709, -0.18901371955871582, -0.34483587741851807, -0.04399562627077103, -0.0011148196645081043, -3.4689302992774174e-05, -0.0033654500730335712, -0.04469536617398262, -0.3980301022529602, -0.04726364463567734, -0.0018594847060739994, -2.8132995794294402e-05, -0.009147756733000278, -0.0225233044475317, -0.1722533255815506, -0.014048142358660698, -0.31401023268699646, -0.025159083306789398, -1.0236859321594238, -0.00021896349790040404, -1.0582126379013062, -0.36536023020744324, -0.0032844191882759333, -0.29250869154930115, -5.9126061387360096e-05, -0.005910537671297789, -0.00010179955279454589, -0.00018559163436293602, -0.0002208704245276749, -0.00015031162183731794, -2.5510462364763953e-05, -1.4066597032069694e-05, -3.85038583772257e-05, -0.00043275527423247695, -0.1485496610403061, -0.24349988996982574, -0.024623852223157883, -0.0006401873542927206, -1.8000440832111053e-05, -0.0036393855698406696]",6.994617938995361,False,1.0,-5.320953914065512,-0.10433242968755907,51.0,-4.600335172759742,-0.13530397566940416,34.0,0.06987790161996632,1,34,39,29,0.8717948717948718,-2.038357060583759,-1.0157763580714476,True,33,0.6470588235294118,40.0,0.6928104575163399,8.0,2.3575488861520073
~/anvil/data/cve-targets/libtiff_repo_libtiff_tif_dir.c,113,82,118,},},	},0.7982873320579529,"[[197, 92, 151643]]","[-0.029652170836925507, -0.7329253554344177, -0.04840141907334328]",4.786284923553467,True,0.0,-0.8109789453446865,-0.2703263151148955,3.0,-0.7625775262713432,-0.3812887631356716,2.0,0.12364829304347459,1,2,2,2,1.0,-2.093655542043612,-1.0403478417646264,False,1,0.3333333333333333,0.0,1.0,0.0,0.9982367924863238
~/anvil/data/cve-targets/libtiff_repo_libtiff_tif_pixarlog.c,1152,1136,1165,*/,*/,	 */,0.7570836544036865,"[[197, 639, 151643]]","[-0.05199330300092697, -0.7052992582321167, -0.7385512590408325]",6.052082538604736,True,0.0,-1.4958438202738762,-0.4986146067579587,3.0,-0.7572925612330437,-0.37864628061652184,2.0,0.10670216778513432,1,3,3,3,1.0,-1.9994482797268813,-1.0079415482210352,False,1,0.3333333333333333,0.0,1.0,0.0,1.1007224269795266
~/anvil/data/cve-targets/libxml2_repo_HTMLparser.c,3862,3808,3891,},},    },0.1625088453292846,"[[262, 335, 151664]]","[-0.010597500950098038, -0.18198636174201965, -0.1629076898097992]",7.449480056762695,True,0.0,-0.3554915525019169,-0.11849718416730563,3.0,-0.1925838626921177,-0.09629193134605885,2.0,0.007343535400888172,0,2,2,2,1.0,-1.6876683545296443,-1.027393238508733,False,1,0.3333333333333333,0.0,1.0,0.0,0.9421092567230794
~/anvil/data/cve-targets/libsndfile_repo_src_common.c,616,470,684,"header_put_le_int (psf, size) ;","header_put_le_int (psf, size) ;","						header_put_le_int (psf, size) ;",0.0362000092864036,"[[1144, 20883, 15557, 11751, 4042, 320, 1690, 69, 11, 1379, 8, 2587, 151664]]","[-0.014516220428049564, -0.0007228621980175376, -4.327203714638017e-05, -0.0029500082600861788, -0.0001012035645544529, -0.000587767455726862, -0.0001591317413840443, -4.994744449504651e-05, -0.00023767507809679955, -0.0016578990034759045, -0.0027341386303305626, -0.3883644938468933, -0.356671541929245]",11.028688430786133,True,0.0,-0.7687961616175016,-0.05913816627826936,13.0,-0.41212461968825664,-0.03434371830735472,12.0,0.011408641667027618,0,11,11,11,1.0,-1.054050378658369,-1.1235630914301742,False,11,0.8461538461538461,0.0,1.0,0.0,0.7368150696220942
~/anvil/data/cve-targets/openssl_repo_crypto_asn1_a_int.c,158,85,161,},},    },0.5801618695259094,"[[262, 335, 151664]]","[-0.29913130402565, -0.5797898769378662, -0.07195979356765747]",9.284029006958008,True,0.0,-0.9508809745311737,-0.31696032484372455,3.0,-0.8789211809635162,-0.4394605904817581,2.0,0.019692308637280442,1,2,2,2,1.0,-1.3201681381484236,-1.075610579873487,False,1,0.3333333333333333,0.0,1.0,0.0,0.8597839212431011
~/anvil/data/cve-targets/poppler_repo_fofi_FoFiType1C.cc,1230,1075,1380,case 0x000b: // return,case 0x000b: // callgsubr,"            case 0x000b: // callgsubr
                if (",0.2661245763301849,"[[310, 1142, 220, 15, 87, 15, 15, 15, 65, 25, 442, 1618, 94548, 81, 198, 394, 421, 320]]","[-0.0035549320746213198, -0.002788942540064454, -0.00017581824795342982, -3.302042750874534e-05, -0.0001839230244513601, -0.00021705655672121793, -0.00023493390472140163, -0.01148528978228569, -0.2544149160385132, -0.001278893556445837, -0.0019328974885866046, -0.5936220288276672, -0.02333943359553814, -0.00016389934171456844, -0.02109356038272381, -0.006912247743457556, -0.20012736320495605, -0.0035278485156595707]",9.23975658416748,False,1.0,-1.1250870052535902,-0.06250483362519946,18.0,-0.9214317935329746,-0.05758948709581091,16.0,0.022827788695874752,0,6,8,6,0.75,-4.621061755376233,-1.0744207412991547,True,11,0.6111111111111112,8.0,0.7659574468085106,1.0,1.8618780358980498
~/anvil/data/cve-targets/lua_repo_ldebug.c,355,326,359,"if (strchr(what, 'L'))","if (strchr(what, 'l')) {","  if (strchr(what, 'l')) {
    setobj2",0.322008728981018,"[[220, 421, 320, 495, 16789, 7, 12555, 11, 364, 75, 3789, 341, 262, 738, 2295, 17]]","[-0.021338526159524918, -0.5188095569610596, -0.046112388372421265, -0.5692105889320374, -0.00012003655137959868, -0.0003455280384514481, -2.52720492426306e-05, -0.002723557874560356, -0.004086121916770935, -1.1594982147216797, -0.2866934835910797, -0.6694791913032532, -0.0030782478861510754, -0.599768340587616, -0.600480854511261, -0.020245105028152466]",8.130034446716309,False,1.0,-4.502015014484641,-0.28137593840529007,16.0,-3.2815207143576117,-0.2524246703352009,13.0,0.126328794366004,0,19,18,20,1.0555555555555556,-1.2756626701875642,-1.0450227103896665,True,10,0.625,3.0,0.9130434782608696,4.0,2.1062064268155316
~/anvil/data/cve-targets/libsndfile_repo_src_ulaw.c,555,400,705,"0x8a, 0x8a, 0x8a, 0x8a, 0x8a, 0x8a, 0x8a, 0x8a, 0x8a, 0x8a, 0x8a, 0x8a,","0x8a, 0x8a, 0x8a, 0x8a, 0x8a, 0x8a, 0x8a, 0x8a, 0x8a, 0x8a, 0x8a, 0x8a,","	0x8a, 0x8a, 0x8a, 0x8a, 0x8a, 0x8a, 0x8a, 0x8a, 0x8a, 0x8a, 0x8a, 0x8a,
	0x8a, 0x8a, 0x8a, 0x8a, 0x8a, 0x8a,",0.0291852336376905,"[[197, 15, 87, 23, 64, 11, 220, 15, 87, 23, 64, 11, 220, 15, 87, 23, 64, 11, 220, 15, 87, 23, 64, 11, 220, 15, 87, 23, 64, 11, 220, 15, 87, 23, 64, 11, 220, 15, 87, 23, 64, 11, 220, 15, 87, 23, 64, 11, 220, 15, 87, 23, 64, 11, 220, 15, 87, 23, 64, 11, 220, 15, 87, 23, 64, 11, 220, 15, 87, 23, 64, 345, 197, 15, 87, 23, 64, 11, 220, 15, 87, 23, 64, 11, 220, 15, 87, 23, 64, 11, 220, 15, 87, 23, 64, 11, 220, 15, 87, 23, 64, 11, 220, 15, 87, 23, 64, 11]]","[-0.0054872604086995125, -0.0005597693379968405, -0.0026443772949278355, -0.0068663121201097965, -0.47388753294944763, -0.0007266741595230997, -0.002257538726553321, -0.00011312322021694854, -0.00021145492792129517, -0.0003475538978818804, -0.02998320758342743, -0.00043394684325903654, -0.0003407612966839224, -1.4424220353248529e-05, -9.190614218823612e-05, -0.00027581225731410086, -0.006025008857250214, -0.0002946419408544898, -0.00017927470616996288, -8.940656698541716e-06, -5.352353764465079e-05, -0.00013743886665906757, -0.002626899629831314, -0.0002964295563288033, -0.00019143179815728217, -7.271740287251305e-06, -5.376194530981593e-05, -0.00014304091746453196, -0.0011869773734360933, -0.00014435203047469258, -0.00011038171214750037, -5.245195097813848e-06, -7.211902266135439e-05, -0.0001137191939051263, -0.0007502601947635412, -0.00010477947944309562, -0.0001110968878492713, -4.0531076592742465e-06, -7.581423415103927e-05, -0.00016473367577418685, -0.0007789676310494542, -8.356221951544285e-05, -0.00010406429646536708, -5.960446742392378e-06, -5.590759246842936e-05, -0.0001445904199499637, -0.0007008241955190897, -8.630380034446716e-05, -9.667406266089529e-05, -4.0531076592742465e-06, -6.389413465512916e-05, -0.00012110930401831865, -0.0005259322933852673, -7.950943836476654e-05, -7.509902934543788e-05, -2.622600959512056e-06, -5.340433563105762e-05, -0.00011836781777674332, -0.0005745429079979658, -8.749579137656838e-05, -8.082063141046092e-05, -2.50339189733495e-06, -5.4834770708112046e-05, -0.00010406429646536708, -0.0005965837044641376, -0.0006347072194330394, -0.0001627074379939586, -3.6954811548639555e-06, -0.00016437610611319542, -0.0001262346631847322, -0.000841025379486382, -0.3876933753490448, -0.0002547178009990603, -2.0265373677830212e-05, -5.793403761344962e-05, -0.00011896379146492109, -0.0005336767644621432, -6.341733387671411e-05, -9.536288416711614e-05, -5.722029527532868e-06, -2.7179348762729205e-05, -5.6980417866725475e-05, -0.0002706876548472792, -4.494089080253616e-05, -4.8040190449682996e-05, -8.344646857949556e-07, -5.686121585313231e-05, -0.00014435203047469258, -0.0005098473629914224, -4.2914423829643056e-05, -3.576214658096433e-05, -1.9073468138230965e-06, -4.0411134250462055e-05, -8.11782301752828e-05, -0.0003588747640606016, -4.136476854910143e-05, -4.0411134250462055e-05, -2.264974000354414e-06, -3.862306402879767e-05, -8.248942322097719e-05, -0.00030191155383363366, -3.0636318115284666e-05, -4.23184028477408e-05, -2.50339189733495e-06, -6.472854875028133e-05, -7.021180499577895e-05, -0.00038509105797857046, -3.540453326422721e-05]",8.800174713134766,True,1.0,-0.9353394561177311,-0.008660550519608621,108.0,-0.931585383304764,-0.012761443606914577,73.0,0.004986656555208097,0,25,37,25,0.6756756756756757,-2.286985276640408,-1.0626779862645448,False,71,0.6574074074074074,0.0,1.0,0.0,1.0776274017262442
~/anvil/data/cve-targets/libtiff_repo_libtiff_tif_dirwrite.c,2004,1971,2023,"if (!_TIFFmemcmp(tif->tif_dir.td_transferfunction[0],tif->tif_dir.td_transferfunction[1],m*sizeof(uint16_t)))","if (!_TIFFmemcmp(tif->tif_dir.td_transferfunction[0],tif->tif_dir.td_transferfunction[1],m*sizeof(uint16_t)))","		if (!_TIFFmemcmp(tif->tif_dir.td_transferfunction[0],tif->tif_dir.td_transferfunction[1],m*sizeof(uint16_t)))",0.019708514213562,"[[197, 743, 24076, 26614, 1748, 61534, 1155, 333, 405, 84340, 4334, 734, 67, 35403, 1688, 58, 15, 1125, 84340, 405, 84340, 4334, 734, 67, 35403, 1688, 58, 16, 1125, 76, 32811, 8488, 16, 21, 528, 7705, 151664]]","[-0.0017337066819891334, -0.026709668338298798, -0.20967955887317657, -0.0001380348257953301, -0.00027247529942542315, -0.0028123611118644476, -0.018506010994315147, -1.5020257706055418e-05, -2.861018856492592e-06, -1.0967194612021558e-05, -2.6702524337451905e-05, -1.2040065485052764e-05, -2.145764938177308e-06, -0.00019631843315437436, -2.13382354559144e-05, -0.003598288167268038, -0.20880594849586487, -0.002423209138214588, -0.0005017452058382332, -1.0847986231965479e-05, -1.2397689715726301e-05, -2.3841574147809297e-05, -9.417489309271332e-06, -2.0265558760002023e-06, -0.00015293381875380874, -2.8371408916427754e-05, -0.0025387934874743223, -0.03211214765906334, -0.00048137042904272676, -0.012662841007113457, -0.0005990855861455202, -8.689979586051777e-05, -0.00034540885826572776, -3.099436753473128e-06, -1.168244216387393e-05, -0.16420921683311462, -0.02830467000603676]",9.50017261505127,True,0.0,-0.7170634526905815,-0.01938009331596166,37.0,-0.6887587826845447,-0.01913218840790402,36.0,0.002878815840088508,1,50,50,50,1.0,-1.0301233603480449,-1.0814384702494795,False,35,0.9459459459459459,0.0,1.0,0.0,1.3039853184816044
~/anvil/data/cve-targets/poppler_repo_poppler_JPEG2000Stream.cc,215,202,276,if (oLen.isInt()) bufSize = oLen.getInt();,"priv->buf = g_new0(unsigned char, bufSize);","    priv->buf = g_new0(unsigned char, bufSize);",0.7075292468070984,"[[262, 6095, 405, 5909, 284, 342, 5921, 15, 12266, 1161, 11, 6607, 1695, 1215, 151664]]","[-0.06728863716125488, -0.9908448457717896, -0.2065604031085968, -1.141229271888733, -0.7701537609100342, -0.8052100539207458, -0.5185095071792603, -0.3462797701358795, -0.2822571396827698, -0.0023539948742836714, -0.01874365657567978, -0.0580829381942749, -6.01988795096986e-05, -0.667037844657898, -0.27854421734809875]",4.489757061004639,False,0.0,-6.1531562402888085,-0.4102104160192539,15.0,-5.87461202294071,-0.419615144495765,14.0,0.14463553274164148,1,27,18,18,1.5,-1.6861384916345392,-1.0480888019894878,True,14,0.9333333333333333,38.0,0.4,25.0,2.24552667330033
~/anvil/data/cve-targets/php_repo_ext_exif_exif.c,1993,1981,2001,for (i=0; i<ImageInfo->file.count; i++) {,for (i = 0; i < ImageInfo->file.count; i++) {,"		for (i = 0; i < ImageInfo->file.count; i++) {
			EFREE_IF(Image",0.1842465251684188,"[[197, 2023, 320, 72, 284, 220, 15, 26, 600, 366, 4654, 1731, 405, 1192, 6501, 26, 600, 2457, 341, 298, 197, 14884, 6593, 19035, 30122]]","[-0.008121916092932224, -0.038389191031455994, -0.0631832480430603, -0.005406757351011038, -0.2823806405067444, -0.0497547946870327, -0.003921795636415482, -0.03134185075759888, -0.005123461596667767, -0.030192697420716286, -0.01219990011304617, -1.3828182090946939e-05, -0.00013016807497479022, -0.0004152389301452786, -0.0008972433279268444, -0.008069413714110851, -0.20205073058605194, -0.05245334282517433, -0.583533525466919, -0.07132173329591751, -0.4850451946258545, -0.512787401676178, -0.0004114258335903287, -0.013704613782465458, -0.003167494898661971]",6.811806201934815,False,1.0,-2.464017608456743,-0.09856070433826972,25.0,-1.9339466722658472,-0.09209269867932605,21.0,0.025536494961530883,0,27,27,27,1.0,-2.000663763910096,-1.0111445544723785,True,16,0.64,4.0,0.9534883720930233,0.0,2.278225410266277
~/anvil/data/cve-targets/poppler_repo_poppler_GfxState.cc,4624,4513,4911,case 1:,case 1:,            case 1:,0.0134956538677215,"[[310, 1142, 220, 16, 25, 151664]]","[-0.0007764662150293589, -0.003535688389092684, -6.818538531661034e-05, -0.004140614531934261, -0.038060348480939865, -0.08417574316263199]",13.372221946716309,True,0.0,-0.13075704616494477,-0.021792841027490795,6.0,-0.04658130300231278,-0.009316260600462556,5.0,0.0002089759797457219,0,5,5,5,1.0,-1.4486127478069297,-1.1913573711583088,False,4,0.6666666666666666,0.0,1.0,0.0,0.46172985823432333
~/anvil/data/cve-targets/lua_repo_lstate.h,278,123,428,l_uint32 nCcalls;  /* number of nested (non-yieldable | C)  calls */,int errfuncvalid;  /* true if 'errfunc' is valid */,"  int errfuncvalid;  /* true if 'errfunc' is valid */
  int errfuncused;  /* true if 'errfunc' is used */
  int base",1.9078166484832764,"[[220, 526, 1848, 2830, 1891, 26, 220, 1391, 830, 421, 364, 615, 2830, 6, 374, 2697, 735, 220, 526, 1848, 2830, 2591, 26, 220, 1391, 830, 421, 364, 615, 2830, 6, 374, 1483, 735, 220, 526, 2331]]","[-0.06332077831029892, -1.6092884540557861, -0.9340152740478516, -0.04491068422794342, -0.7694948315620422, -0.19064325094223022, -0.05599848926067352, -0.0008068405441008508, -0.6202113628387451, -0.036027535796165466, -0.2548642158508301, -0.009416097775101662, -0.00019643761334009469, -0.0026634002570062876, -0.27824515104293823, -0.37429165840148926, -0.6704567074775696, -0.029889611527323723, -1.1366750001907349, -1.0536205768585205, -0.7029880881309509, -1.5044306516647339, -0.013833362609148026, -0.0222396869212389, -0.00021991695393808186, -0.18688265979290009, -0.042522817850112915, -0.32796770334243774, -0.07844159752130508, -0.00011777184408856556, -0.005774838384240866, -0.44707977771759033, -0.9262254238128662, -0.9759250283241272, -0.01615048013627529, -0.9442650079727173, -1.1433829069137573]",4.624306201934815,False,2.0,-15.47348407847312,-0.4182022723911654,37.0,-5.944740781531436,-0.33026337675174644,18.0,0.18085698278214968,1,6,15,6,0.4,-5.776652159398681,-1.0445692385378755,True,24,0.6486486486486487,46.0,0.47058823529411764,3.0,2.1968359297176887
~/anvil/data/cve-targets/openssl_repo_crypto_asn1_tasn_enc.c,524,454,567,case V_ASN1_NEG_ENUMERATED:,return ossl_i2c_ASN1_NEG_INTEGER((ASN1_NEG,        return ossl_i2c_ASN1_NEG_INTEGER((ASN1_NEG,1.1563427448272705,"[[286, 470, 297, 24635, 5318, 17, 66, 1566, 18966, 16, 62368, 25757, 1188, 68134, 16, 62368]]","[-0.33797430992126465, -0.5453343987464905, -0.040864184498786926, -7.652943895664066e-05, -0.0023564924485981464, -6.3774932641536e-05, -0.0001454247540095821, -0.032225389033555984, -0.00012575789878610522, -0.0003773453936446458, -0.20737233757972717, -0.006229981314390898, -0.036490269005298615, -0.0010948146227747202, -6.818538531661034e-05, -0.4873287081718445]",6.381250381469727,False,0.0,-1.6981279031460872,-0.10613299394663045,16.0,-1.6981279031460872,-0.10613299394663045,16.0,0.03224794085210943,1,5,6,6,0.8333333333333334,-10.895224018732042,-1.000319066870776,True,10,0.625,27.0,0.49275362318840576,6.0,2.2059998657228204
~/anvil/data/cve-targets/openssl_repo_crypto_x509_x509_vfy.c,963,948,997,if (crl_score < best_score),if (crl_score < 0),        if (crl_score < 0),0.3478808104991913,"[[286, 421, 320, 66, 2381, 10405, 366, 220, 15, 8, 151664]]","[-0.057154636830091476, -0.2807888090610504, -0.057625140994787216, -0.16223633289337158, -9.965400386136025e-05, -0.19595880806446075, -0.8560996651649475, -0.7521713972091675, -0.02384881302714348, -0.5102888345718384, -0.1190427839756012]",7.211112022399902,False,0.0,-3.015314875796321,-0.27411953416330187,11.0,-2.8962720918207197,-0.28962720918207197,10.0,0.08709428618400836,1,12,12,12,1.0,-1.2011330409239922,-1.0212890020891647,True,9,0.8181818181818182,10.0,0.7555555555555555,1.0,2.101773236921279
~/anvil/data/cve-targets/php_repo_ext_iconv_iconv.c,162,146,183,},},	},0.44863361120224,"[[197, 92, 151664]]","[-0.027005480602383614, -0.4490739703178406, -0.32397738099098206]",6.527951717376709,True,0.0,-0.8000568319112062,-0.26668561063706875,3.0,-0.4760794509202242,-0.2380397254601121,2.0,0.0445354525026717,0,2,2,2,1.0,-1.8847005907735208,-1.0039945062353661,False,1,0.3333333333333333,0.0,1.0,0.0,1.0551101552029492
~/anvil/data/cve-targets/php_repo_ext_phar_phar.c,174,159,201,if (phar->signature) {,if (phar->signature) {,	if (phar->signature) {,0.1018592044711113,"[[743, 320, 759, 277, 405, 34140, 8, 314, 151664]]","[-0.026894662529230118, -0.005273123737424612, -0.008932511322200298, -8.821448318485636e-06, -0.0010948146227747202, -0.7188634872436523, -0.04304981231689453, -0.006166598293930292, -0.18709692358970642]",5.444618225097656,True,0.0,-0.9973807551041318,-0.1108200839004591,9.0,-0.8102838315144254,-0.10128547893930318,8.0,0.05467726972216748,0,13,13,13,1.0,-1.0056644401331403,-1.0233655841900282,False,8,0.8888888888888888,0.0,1.0,0.0,1.070135835258024
~/anvil/data/cve-targets/libxml2_repo_parser.c,11751,11731,11756,},},"	}
       ",1.7236722707748413,"[[197, 532, 286]]","[-0.4820542335510254, -0.20254530012607574, -0.4977952837944031]",8.229167938232422,True,1.0,-1.1823948174715042,-0.3941316058238347,3.0,-1.1823948174715042,-0.3941316058238347,3.0,0.018393953042585006,1,2,2,2,1.0,-4.373341912460764,-1.0476158411385599,False,1,0.3333333333333333,0.0,1.0,0.0,1.114715877070142
~/anvil/data/cve-targets/lua_repo_ldebug.c,155,146,160,*pos = ci->func - nextra + (n - 1);,*pos = ci->u.l.lbase + n;  /* return the actual position */,"      *pos = ci->u.l.lbase + n;  /* return the actual position */
      return NULL; ",1.1044341325759888,"[[414, 353, 966, 284, 11825, 405, 84, 918, 918, 3152, 488, 308, 26, 220, 1391, 470, 279, 5042, 2309, 735, 414, 470, 1770, 26, 220]]","[-0.013548445887863636, -0.33135128021240234, -0.0008866431307978928, -0.005324824247509241, -0.5166999101638794, -0.002022008877247572, -0.352220356464386, -0.031017964705824852, -1.8790621757507324, -1.9156960248947144, -0.14922472834587097, -0.39447149634361267, -0.7595030665397644, -0.7572365999221802, -0.015893444418907166, -2.4504294395446777, -2.1047394275665283, -2.588724374771118, -1.3513952493667603, -0.7808761596679688, -0.03945505619049072, -0.049050189554691315, -1.2947889566421509, -0.20420922338962555, -0.14291620254516602]",5.066145896911621,False,1.0,-18.13074324914487,-0.7252297299657948,25.0,-16.439778677013237,-0.782846603667297,21.0,0.7492834242891527,1,24,27,22,0.8888888888888888,-1.4107925197633784,-1.033094426710093,True,16,0.64,40.0,0.46808510638297873,14.0,2.3157636388063794
~/anvil/data/cve-targets/libtiff_repo_libtiff_tif_luv.c,863,851,880,while (upper - lower > 1) {,while (upper - lower > 1) {,	while (upper - lower > 1) {,0.2124471515417099,"[[5217, 320, 13574, 481, 4722, 861, 220, 16, 8, 314, 151643]]","[-0.07983441650867462, -0.05013083666563034, -0.8474479913711548, -0.49742192029953003, -0.005301464814692736, -0.11013239622116089, -0.017451541498303413, -0.07594132423400879, -0.01884157769382, -0.10550850629806519, -0.8251118659973145]",5.811805725097656,True,0.0,-2.6331238416023552,-0.2393748946911232,11.0,-1.8080119756050408,-0.18080119756050408,10.0,0.06773085105293485,0,16,16,16,1.0,-1.175031771958345,-1.0140143940963549,False,10,0.9090909090909091,0.0,1.0,0.0,1.148825018361602
~/anvil/data/cve-targets/libsndfile_repo_src_wavlike.c,287,95,384,buffer [--bit] = 0 ;,"psf_log_printf (psf, ""  Channel Mask","					psf_log_printf (psf, ""  Channel Mask",1.0222537517547607,"[[464, 35009, 69, 5224, 21823, 320, 1690, 69, 11, 330, 220, 13434, 19924]]","[-0.18210481107234955, -0.7590567469596863, -0.0010240792762488127, -0.13247330486774445, -0.002568757627159357, -0.0010128850117325783, -0.0062177786603569984, -0.00010835537250386551, -0.0005080600967630744, -0.487190306186676, -0.45713376998901367, -0.15070679783821106, -0.4664117693901062]",5.12222146987915,False,0.0,-2.646517422348552,-0.2035782632575809,13.0,-2.646517422348552,-0.2035782632575809,13.0,0.05959467867500926,1,14,7,7,2.0,-5.021428788108564,-1.0316471573551644,True,8,0.6153846153846154,31.0,0.25,13.0,2.1941901265110606
~/anvil/data/cve-targets/poppler_repo_poppler_JBIG2Stream.cc,3121,2740,3214,buf0 <<= 1;,buf0 <<= 1;,                            buf0 <<= 1;,0.1535424441099167,"[[999, 6607, 15, 51178, 220, 16, 26, 151664]]","[-0.0004686211177613586, -0.0004850641416851431, -0.00030501006403937936, -0.00835353136062622, -0.00016926287207752466, -4.8993817472364753e-05, -0.6940954923629761, -0.03387327864766121]",12.669445037841797,True,0.0,-0.7377992543842993,-0.09222490679803741,8.0,-0.7039259757366381,-0.10056085367666258,7.0,0.05872164513342398,0,7,7,7,1.0,-1.526860985126558,-1.1706087145806259,False,6,0.75,0.0,1.0,0.0,0.5676717884579466
~/anvil/data/cve-targets/libxml2_repo_xmlstring.c,445,430,455,size = xmlStrlen(str1);,size = xmlStrlen(str1);,    size = xmlStrlen(str1);,0.0426192320883274,"[[262, 1379, 284, 8396, 2580, 2892, 4199, 16, 1215, 151664]]","[-0.05493849888443947, -0.11725233495235443, -0.0027806211728602648, -0.07120339572429657, -0.00042143522296100855, -0.0015405465383082628, -0.004310483578592539, -0.0032217998523265123, -0.13710863888263702, -0.05798889696598053]",7.805728435516357,True,0.0,-0.4507666517747566,-0.04507666517747566,10.0,-0.3927777548087761,-0.04364197275653067,9.0,0.002614744229333277,1,12,12,12,1.0,-0.9765652053836126,-1.036584285840976,False,8,0.8,0.0,1.0,0.0,1.010237962101223
~/anvil/data/cve-targets/libsndfile_repo_src_aiff.c,1461,1448,1466,pos = psf_ftell (psf) ;,chunk_info->datalen = psf->rchunks.chunks [indx,	chunk_info->datalen = psf->rchunks.chunks [indx,0.541779100894928,"[[23049, 3122, 3109, 405, 82553, 268, 284, 4726, 69, 405, 49066, 15296, 5329, 15296, 508, 86707]]","[-0.6381805539131165, -0.00175453198608011, -0.0001998939987970516, -0.00030322244856506586, -0.35450559854507446, -0.00015162272029556334, -0.014106209389865398, -0.2939833700656891, -2.2172682292875834e-05, -0.006628549657762051, -0.0017952292691916227, -2.13382354559144e-05, -0.0003177614707965404, -4.768370445162873e-07, -0.0009284476400353014, -0.00012313561455812305]",4.159895420074463,False,0.0,-1.3130221144746201,-0.08206388215466376,16.0,-1.3130221144746201,-0.08206388215466376,16.0,0.031992095414468576,0,12,15,15,0.8,-6.601918976655898,-1.0567676453259218,True,11,0.6875,39.0,0.2571428571428571,16.0,2.02424828860626
~/anvil/data/cve-targets/libxml2_repo_parser.c,3215,3152,3216,"return(xmlDictLookup(ctxt->dict, (end - len), len));",if (len == 0) {,"    if (len == 0) {
        xmlFatalErr(ctxt, XML_ERR_NAME_EMPTY, ""NCName"");
",1.6578786373138428,"[[262, 421, 320, 2892, 621, 220, 15, 8, 341, 286, 8396, 62396, 7747, 40583, 2252, 11, 11874, 9875, 4708, 36640, 11, 330, 9949, 675, 797]]","[-0.25621506571769714, -1.3509260416030884, -0.2806711494922638, -1.1462552547454834, -1.0915818214416504, -0.08828321844339371, -0.02241373620927334, -0.23168498277664185, -0.1318649798631668, -0.3908970355987549, -1.1943413019180298, -0.2640875279903412, -0.0173140000551939, -0.009751777164638042, -5.686121585313231e-05, -0.008877570740878582, -0.0028941433411091566, -0.006849855184555054, -0.15816019475460052, -1.2744784355163574, -0.05067854002118111, -0.06907105445861816, -0.034488119184970856, -0.0007095203618519008, -0.018459901213645935]",6.074480056762695,False,2.0,-8.101012089013238,-0.32404048356052956,25.0,-4.990793285891414,-0.4990793285891414,10.0,0.22162369424510478,1,26,28,13,0.9285714285714286,-3.321873983441745,-1.0073773214735513,True,16,0.64,45.0,0.26865671641791045,23.0,2.498401634274776
~/anvil/data/cve-targets/openssl_repo_crypto_x509_x509_obj.c,87,17,173,if (q[j] != 0),if (q[j] == '/' || q[j] == '+'),"                if (q[j] == '/' || q[j] == '+')
",0.5603091716766357,"[[394, 421, 320, 80, 3809, 60, 621, 14853, 1369, 2804, 3809, 60, 621, 13902, 1305]]","[-0.19153472781181335, -0.33981794118881226, -0.36863645911216736, -0.26575905084609985, -0.003807677188888192, -0.011667112819850445, -0.38396844267845154, -1.2173881530761719, -0.023519346490502357, -0.0062368521466851234, -0.00011598391574807465, -0.0002829628065228462, -0.0006506709614768624, -0.08228063583374023, -0.525411069393158]",6.281423568725586,False,1.0,-3.4210770862700883,-0.22807180575133923,15.0,-3.4210770862700883,-0.22807180575133923,15.0,0.09943113589508364,0,17,34,34,0.5,-2.456722652897861,-1.0021790249705953,True,9,0.6,19.0,0.5333333333333333,19.0,2.247704224176495
~/anvil/data/cve-targets/sqlite3_repo_src_shell.c.in,9328,9173,9478,"utf8_printf(p->out, ""%12.12s: %s\n"",""stats"", zOut);","utf8_printf(p->out, ""%12.12s: %s\n"",""stats"", zOut);","    utf8_printf(p->out, ""%12.12s: %s\n"",""stats"", zOut);
    utf8_printf(p->out, ""%12.",0.3664106428623199,"[[262, 10644, 23, 21823, 1295, 405, 411, 11, 5962, 16, 17, 13, 16, 17, 82, 25, 1018, 82, 1699, 2198, 16260, 497, 1147, 2662, 317, 262, 10644, 23, 21823, 1295, 405, 411, 11, 5962, 16, 17, 13]]","[-0.03426766395568848, -0.07714594900608063, -1.1920922133867862e-06, -0.00011681827891152352, -0.0012334127677604556, -6.556489552167477e-06, -1.0251946150674485e-05, -0.5880410075187683, -0.0051162270829081535, -0.01327297743409872, -0.0010921949287876487, -0.00299089471809566, -0.0002896366349887103, -8.594620157964528e-05, -0.00013195598148740828, -0.0035225029569119215, -0.15864744782447815, -0.003604345954954624, -0.008043989539146423, -0.359539657831192, -0.09073642641305923, -0.22583453357219696, -0.09385555237531662, -2.396077979938127e-05, -0.014869923703372478, -0.05729851499199867, -0.19564704596996307, -2.0265558760002023e-06, -4.994744449504651e-05, -0.00041940953815355897, -8.4638240878121e-06, -6.794906312279636e-06, -0.644218385219574, -0.004333747550845146, -0.0025200059171766043, -0.0003200257197022438, -0.00043108707177452743]",6.7272562980651855,True,1.0,-2.5877364806974583,-0.06993882380263401,37.0,-1.739779540979498,-0.0669145977299807,26.0,0.017799646046595057,0,25,34,25,0.7352941176470589,-5.475795346493606,-1.0090095073706817,False,24,0.6486486486486487,0.0,1.0,0.0,1.2891313192093583
~/anvil/data/cve-targets/poppler_repo_poppler_Parser.cc,266,188,287,length += 5000;,length += 5000;,"            length += 5000;
            dict.dictSet",0.44544318318367,"[[310, 3084, 1421, 220, 20, 15, 15, 15, 280, 310, 6451, 54777, 1649]]","[-0.014467108063399792, -0.359474778175354, -0.535595178604126, -0.07742070406675339, -0.11875002086162567, -0.8960196375846863, -0.01829206757247448, -0.01805408112704754, -0.4298291802406311, -0.28821197152137756, -0.501007080078125, -0.003209085436537862, -0.013289563357830048]",6.386111259460449,True,1.0,-3.2736204566899687,-0.2518169582069207,13.0,-2.756114727817476,-0.2756114727817476,10.0,0.0748103307520895,1,7,13,7,0.5384615384615384,-1.616199712906761,-1.0004406349806196,False,8,0.6153846153846154,0.0,1.0,0.0,1.1221198288106145
~/anvil/data/cve-targets/poppler_repo_poppler_GfxState.cc,2433,2418,2434,"alt->getCMYK(&color2, cmyk);","alt->getCMYK(&color2, cmyk);","        alt->getCMYK(&color2, cmyk);",0.0601545460522174,"[[286, 4797, 405, 455, 9985, 56, 42, 2099, 3423, 17, 11, 272, 2408, 74, 1215, 151643]]","[-0.21181809902191162, -0.33995744585990906, -0.0006890306831337512, -0.037189651280641556, -0.030846677720546722, -0.0001429217227268964, -0.0037788189947605133, -0.021803205832839012, -0.009407831355929375, -0.0014811508590355515, -0.006026786286383867, -0.006289095152169466, -0.00022015532886143774, -1.728519782773219e-05, -0.40224316716194153, -0.6710191369056702]",4.61823034286499,True,0.0,-1.7429304593642883,-0.10893315371026802,16.0,-1.071911322458618,-0.07146075483057454,15.0,0.016575287483723576,1,16,16,16,1.0,-0.8417843639468559,-1.0447279169759691,False,14,0.875,0.0,1.0,0.0,1.0338669200798825
~/anvil/data/cve-targets/sqlite3_repo_src_pragma.c,1587,1460,1707,"sqlite3ExprCodeGetColumnOfTable(v, pTab, iDataCur, j, 3);",if( pTab->aCol[j].notNull==0 ){,"          if( pTab->aCol[j].notNull==0 ){
            zErr = sqlite3MPrintf(db, ""NULL value in %s.%s",1.1193313598632812,"[[688, 421, 7, 281, 8582, 405, 64, 6127, 3809, 936, 1921, 3280, 418, 15, 10959, 310, 1147, 7747, 284, 22003, 18, 5781, 1586, 69, 9791, 11, 330, 4576, 897, 304, 1018, 82, 22445, 82]]","[-0.009878084994852543, -1.138320803642273, -0.002428203821182251, -1.243008017539978, -0.3452262282371521, -0.0008272086852230132, -0.04106980562210083, -0.000602421467192471, -0.0017027654685080051, -0.0004941195948049426, -0.39170053601264954, -0.0013902055798098445, -0.6553145051002502, -0.39180776476860046, -0.6665647029876709, -0.004836170934140682, -1.0052590370178223, -0.00017641419253777713, -0.005171374883502722, -0.027821440249681473, -5.1973900554003194e-05, -0.005222013685852289, -2.658331868587993e-05, -1.8596476365928538e-05, -0.005810987204313278, -0.09741862863302231, -0.24942386150360107, -0.8499439358711243, -0.20186857879161835, -0.04230149835348129, -0.08099578320980072, -0.0008685392094776034, -0.023520860821008682, -0.0016839622985571623]",6.646528244018555,False,1.0,-7.492755614077396,-0.22037516511992342,34.0,-4.895171544456389,-0.3059482215285243,16.0,0.16530395351150828,1,17,29,24,0.5862068965517241,-3.658564688727642,-1.0069751765546768,True,22,0.6470588235294118,48.0,0.2954545454545454,22.0,2.3168513909196435
~/anvil/data/cve-targets/openssl_repo_ssl_statem_statem_dtls.c,599,560,646,"frag_len, 0, &readbytes);",frag_len);,"                                          frag_len);
            if (i <= 0)
                goto err;
",0.2433640211820602,"[[10503, 8343, 6043, 317, 310, 421, 320, 72, 2651, 220, 15, 340, 394, 7986, 1848, 280]]","[-0.30522051453590393, -0.08420072495937347, -0.0006939148879610002, -0.8035732507705688, -0.011575675569474697, -0.09976918250322342, -0.008371382020413876, -0.004149399232119322, -0.5308960676193237, -0.010038839653134346, -0.0002727136597968638, -0.05283006653189659, -0.0008262557676061988, -0.018995516002178192, -0.00031740395934320986, -0.005220590624958277]",2.4868059158325195,False,3.0,-1.936951498297276,-0.12105946864357975,16.0,-1.205264080723282,-0.2410528161446564,5.0,0.0911162941715279,0,11,18,5,0.6111111111111112,-1.009587961154608,-1.1019067581382345,True,10,0.625,15.0,0.5714285714285714,10.0,1.832784984728616
~/anvil/data/cve-targets/openssl_repo_ssl_statem_extensions_srvr.c,627,570,758,EVP_MD_CTX_free(hctx);,EVP_MD_CTX_free(hctx);,    EVP_MD_CTX_free(hctx);,0.2023681253194809,"[[262, 72758, 46497, 44233, 8905, 3203, 3773, 1215, 151664]]","[-0.015761205926537514, -0.5800203084945679, -0.10456513613462448, -0.002867041854187846, -0.2070399671792984, -0.0003518439189065248, -2.7417760065873154e-05, -0.5242679715156555, -0.0689980685710907]",7.334202289581299,True,0.0,-1.5038989613549347,-0.16709988459499275,9.0,-1.434900892783844,-0.1793626115979805,8.0,0.05099613356260957,0,9,9,9,1.0,-1.1282625933941264,-1.0244366110090068,False,8,0.8888888888888888,0.0,1.0,0.0,1.0364870333389964
~/anvil/data/cve-targets/libtiff_repo_libtiff_tif_print.c,518,208,627,for (i = 1; i < td->td_samplesperpixel; i++),for (i = 0; i < td->td_samplesperpixel; i++),				for (i = 0; i < td->td_samplesperpixel; i++),0.2058352082967758,"[[571, 2023, 320, 72, 284, 220, 15, 26, 600, 366, 17941, 405, 1296, 18297, 712, 29684, 26, 600, 2457, 151664]]","[-0.14385123550891876, -0.09829280525445938, -0.1662919819355011, -0.002993033966049552, -0.011966700665652752, -0.008315227925777435, -0.5365449786186218, -0.010136200115084648, -0.006856485269963741, -0.015064401552081108, -0.642999529838562, -0.00010775939153973013, -0.00015066919149830937, -0.5762208700180054, -0.00014220656885299832, -0.0003578022588044405, -0.03782173991203308, -0.2556525468826294, -0.15778672695159912, -0.03972707316279411]",6.339582443237305,False,0.0,-2.711279974988429,-0.13556399874942143,20.0,-2.6715529018256348,-0.14060804746450709,19.0,0.04252677767789805,1,23,23,23,1.0,-1.4638935111358662,-1.0007229436739415,True,18,0.9,1.0,0.9772727272727273,1.0,2.267281668730988
~/anvil/data/cve-targets/sqlite3_repo_ext_misc_zipfile.c,1634,1592,1635,return a-aBuf;,return (int)(a-aBuf);,  return (int)(a-aBuf);,0.6404397487640381,"[[220, 470, 320, 396, 2376, 64, 7409, 15064, 1215]]","[-0.05086787790060043, -0.8999444246292114, -0.45483696460723877, -0.04327016696333885, -0.13231948018074036, -0.010877481661736965, -0.11994659155607224, -0.000587767455726862, -0.10727564990520477]",5.611111164093018,False,0.0,-1.8199264048598707,-0.20221404498443007,9.0,-1.8199264048598707,-0.20221404498443007,9.0,0.07741601778294185,0,8,16,16,0.5,-3.1671378158394003,-1.0191148581808538,True,5,0.5555555555555556,7.0,0.8,8.0,2.10656750031473
~/anvil/data/cve-targets/sqlite3_repo_ext_rtree_rtree.c,578,567,580,pNode->pNext = 0;,pNode->pNext = 0;,    pNode->pNext = 0;,0.1155373230576515,"[[262, 64566, 405, 89281, 284, 220, 15, 26, 151643]]","[-0.24579787254333496, -0.14958980679512024, -0.0033623608760535717, -0.04691325128078461, -0.003407863900065422, -0.07080543041229248, -0.0003943857445847243, -0.485740065574646, -0.7398096919059753]",6.057116985321045,True,0.0,-1.7458207290328573,-0.19398008100365083,9.0,-1.006011037126882,-0.12575137964086025,8.0,0.0249333970705495,0,10,10,10,1.0,-0.9187757890817613,-1.0078146955036764,False,8,0.8888888888888888,0.0,1.0,0.0,1.0847709891582438
~/anvil/data/cve-targets/libsndfile_repo_src_ulaw.c,810,804,816,{,{,	{,0.1674966663122177,"[[197, 90, 151664]]","[-0.011702578514814377, -0.1608537882566452, -0.20591764152050018]",5.587500095367432,True,0.0,-0.37847400829195976,-0.1261580027639866,3.0,-0.17255636677145958,-0.08627818338572979,2.0,0.005561520841862903,1,2,2,2,1.0,-1.941355969021495,-1.0197165955330512,False,1,0.3333333333333333,0.0,1.0,0.0,0.9658990348957004
~/anvil/data/cve-targets/php_repo_ext_phar_util.c,254,206,284,return ret;,return ret;,				return ret;,0.0291618462651968,"[[571, 853, 2112, 26, 151664]]","[-0.003758629783987999, -0.012824324890971184, -0.0024475876707583666, -0.08102326095104218, -0.10150448977947235]",10.28489589691162,True,0.0,-0.20155829307623208,-0.040311658615246417,5.0,-0.10005380329675972,-0.02501345082418993,4.0,0.0010616648046930792,0,5,5,5,1.0,-1.1658465867090617,-1.1028636926177202,False,3,0.6,0.0,1.0,0.0,0.7297185201041317
~/anvil/data/cve-targets/lua_repo_ldebug.c,764,747,794,resethookcount(L);  /* reset count */,"luaD_hook(L, LUA_HOOKCOUNT, 0, 0, 0","    luaD_hook(L, LUA_HOOKCOUNT, 0, 0, 0",1.5904935598373413,"[[262, 20357, 35, 32005, 4957, 11, 70505, 82251, 38143, 11, 220, 15, 11, 220, 15, 11, 220, 15]]","[-0.031823500990867615, -0.15472902357578278, -0.05050390213727951, -0.005658323410898447, -0.0004371640970930457, -0.00019739109848160297, -0.005946800112724304, -0.0024479443673044443, -0.03878753259778023, -0.0029495328199118376, -0.6916317343711853, -0.06321906298398972, -0.0014728185487911105, -0.12264173477888107, -0.04399562627077103, -0.0019558602944016457, -0.026928778737783432, -0.006957234349101782]",9.277952194213867,False,0.0,-1.252283965543029,-0.06957133141905716,18.0,-1.252283965543029,-0.06957133141905716,18.0,0.024559746458312395,0,10,12,12,0.8333333333333334,-22.861335659326897,-1.0754471851833,True,11,0.6111111111111112,31.0,0.2777777777777778,13.0,2.102175353575395
~/anvil/data/cve-targets/sqlite3_repo_src_pragma.c,513,505,526,if( !zRight ){,if( pBt->pBt,    if( pBt->pBt,1.1048777103424072,"[[262, 421, 7, 281, 33, 83, 405, 79, 33, 83]]","[-0.11886952817440033, -0.12673914432525635, -0.009454240091145039, -1.1928175687789917, -0.5716482400894165, -0.004684782586991787, -0.20533861219882965, -0.643717885017395, -0.9834961891174316, -0.12762762606143951]",5.187673568725586,False,0.0,-3.9843938164412975,-0.39843938164412973,10.0,-3.9843938164412975,-0.39843938164412973,10.0,0.1632450385705477,0,12,7,7,1.7142857142857142,-2.773013314555438,-1.0299604509195168,True,6,0.6,10.0,0.3846153846153846,10.0,2.1888741127068907
~/anvil/data/cve-targets/libxml2_repo_valid.c,4300,4193,4382,},},"    }
   ",0.7639082074165344,"[[262, 456, 262]]","[-0.004464420955628157, -0.6388919353485107, -0.08037907630205154]",6.539757251739502,True,1.0,-0.7237354326061904,-0.24124514420206347,3.0,-0.7237354326061904,-0.24124514420206347,3.0,0.08002199107059417,1,2,2,2,1.0,-3.1665226255360226,-1.0042908672580533,False,1,0.3333333333333333,0.0,1.0,0.0,1.1013376104108068
~/anvil/data/cve-targets/libxml2_repo_valid.c,1207,1186,1278,if (size - len < xmlStrlen(content->prefix) + 10) {,if (content->prefix[0] == '\0'),                if (content->prefix[0] == '\0'),0.1718934029340744,"[[394, 421, 320, 1796, 405, 11849, 58, 15, 60, 621, 5196, 15, 863, 151664]]","[-0.7479773759841919, -0.2631697654724121, -0.2920409142971039, -1.164095401763916, -0.0008560330606997013, -0.16828882694244385, -0.537307620048523, -0.028323790058493614, -0.012383713386952877, -0.26533401012420654, -1.4814202785491943, -0.007243561092764139, -0.7208194136619568, -0.6843566298484802]",5.167360305786133,False,0.0,-6.373617334291339,-0.4552583810208099,14.0,-5.689260704442859,-0.4376354388032968,13.0,0.2063023526617551,1,27,23,23,1.173913043478261,-0.392777612809677,-1.030483630188168,True,19,1.3571428571428572,33.0,0.5609756097560976,22.0,2.2183256830386338
~/anvil/data/cve-targets/lua_repo_ldo.c,330,309,331,L->oldpc = ci->previous->u.l.savedpc;,ci->previous->oldpc = ci->pc;  /* correct 'oldpc' */,"    ci->previous->oldpc = ci->pc;  /* correct 'oldpc' */
  ci",0.3374652564525604,"[[262, 11825, 405, 19702, 405, 813, 3992, 284, 11825, 405, 3992, 26, 220, 1391, 4396, 364, 813, 3992, 6, 735, 220, 11825]]","[-0.04363062232732773, -0.6730232834815979, -0.07235530018806458, -0.2014131397008896, -0.12504374980926514, -0.7934725880622864, -0.0002760506176855415, -0.053777072578668594, -0.3107066750526428, -0.009367560036480427, -0.8711267113685608, -0.27495473623275757, -0.41491857171058655, -0.0011974553344771266, -0.940842866897583, -1.1072897911071777, -0.034797415137290955, -0.001095052808523178, -0.026029977947473526, -1.2464866638183594, -0.5563226938247681, -1.0687569379806519]",6.277776718139648,False,1.0,-8.826884916023118,-0.4012220416374145,22.0,-7.758127978042467,-0.36943466562106986,21.0,0.16010992748222494,1,22,20,17,1.1,-0.9134639703754803,-1.0022703990649886,True,14,0.6363636363636364,34.0,0.4943820224719101,14.0,2.2709445786736744
~/anvil/data/cve-targets/libsndfile_repo_src_common.c,1453,1438,1462,#if CPU_CLIPS_NEGATIVE == 0,#if CPU_CLIPS_NEGATIVE == 0,#if CPU_CLIPS_NEGATIVE == 0,0.0164727177470922,"[[2653, 13940, 6843, 25944, 62368, 23215, 621, 220, 15, 151664]]","[-0.06964606791734695, -0.002949414076283574, -0.008264745585620403, -0.0020674539264291525, -0.029678670689463615, -0.0059159891679883, -0.010052883066236973, -0.000579546787776053, -0.004308347124606371, -0.21491284668445587]",6.32725715637207,True,0.0,-0.34837596502620727,-0.03483759650262073,10.0,-0.1334631183417514,-0.014829235371305712,9.0,0.0004431643132104339,0,6,6,6,1.0,-1.1108271825644223,-1.0010313461196942,False,9,0.9,0.0,1.0,0.0,1.044874255528321
~/anvil/data/cve-targets/libpng_repo_pngset.c,1095,940,1245,},},"}
",5.091796398162842,[[532]],[-0.09179624915122986],4.208333969116211,True,1.0,-0.09179624915122986,-0.09179624915122986,1.0,-0.09179624915122986,-0.09179624915122986,1.0,0.0,0,2,2,2,1.0,-55.46845808235971,-1.055488712567454,False,1,1.0,0.0,1.0,0.0,1.5944412105865657
~/anvil/data/cve-targets/php_repo_ext_phar_phar.c,167,159,201,"pefree(phar->alias, phar->is_persistent);","pefree(phar->alias, phar->is_persistent);","		pefree(phar->alias, phar->is_persistent);",0.005053830333054,"[[197, 197, 375, 10593, 57807, 277, 405, 14956, 11, 1319, 277, 405, 285, 620, 13931, 1215, 151664]]","[-0.00986285787075758, -0.049161870032548904, -0.045562975108623505, -0.0002611534437164664, -0.013545858673751354, -1.1920922133867862e-06, -0.0005210472736507654, -0.0005267662927508354, -0.001482460182160139, -0.006099656689912081, -5.602820692729438e-06, -9.619726915843785e-05, -0.00025829317746683955, -3.71926071238704e-05, -1.2636104656849056e-05, -0.003473322605714202, -0.5050661563873291]",6.7715277671813965,True,0.0,-0.635975238632227,-0.03741030815483688,17.0,-0.13090908224489795,-0.008181817640306122,16.0,0.00023467052306626438,0,17,17,17,1.0,-0.6176904149216544,-1.010126883936483,False,14,0.8235294117647058,0.0,1.0,0.0,1.140864016887528
~/anvil/data/cve-targets/php_repo_ext_phar_phar.c,1513,1391,1530,},},			},0.3173786103725433,"[[298, 197, 92, 151643]]","[-0.03492773324251175, -6.592056161025539e-05, -0.3526660203933716, -1.1037554740905762]",8.368056297302246,True,0.0,-1.4914151482880698,-0.37285378707201744,4.0,-0.3876596741974936,-0.12921989139916454,3.0,0.02516664394514762,0,2,2,2,1.0,-2.456112653679225,-1.0512597047333452,False,1,0.25,0.0,1.0,0.0,0.8936099404066111
~/anvil/data/cve-targets/sqlite3_repo_ext_misc_zipfile.c,1493,1401,1575,zPath = (const char*)sqlite3_value_text(apVal[2]);,"rc = zipfileGetTime(apVal[2], &mTime, &pTab->base.zErrMsg);","      rc = zipfileGetTime(apVal[2], &mTime, &pTab->base.zErrMsg);",0.1765314787626266,"[[414, 10192, 284, 86952, 1949, 1462, 34420, 2208, 58, 17, 1125, 609, 76, 1462, 11, 609, 79, 8582, 405, 3152, 3938, 75449, 1215, 151664]]","[-0.018324607983231544, -0.4747602343559265, -0.0012067424831911922, -0.007522825617343187, -0.12306860834360123, -0.4216708838939667, -0.02704736776649952, -1.4781842764932662e-05, -0.0001896439935080707, -0.12806779146194458, -0.2731311023235321, -0.1163228452205658, -0.11119779199361801, -0.0001525762490928173, -0.4215841591358185, -0.6611851453781128, -0.022052546963095665, -0.0013196102809160948, -6.997340824455023e-05, -0.001277822069823742, -0.00012468514614738524, -0.0001867835089797154, -0.28586405515670776, -0.9978188872337341]",8.253646850585938,False,0.0,-4.0941614718103665,-0.17059006132543195,24.0,-3.0963425845766324,-0.13462359063376664,23.0,0.03550604842699838,1,26,31,31,0.8387096774193549,-1.31129676404834,-1.0482571497591489,True,16,0.6666666666666666,53.0,0.3486238532110092,25.0,2.154301227976033
~/anvil/data/cve-targets/libxml2_repo_HTMLparser.c,2500,2468,2509,c = CUR_CHAR(l);,},"    }
    if (count > 1",0.5837346911430359,"[[262, 456, 262, 421, 320, 1830, 861, 220, 16]]","[-1.1193076372146606, -0.07551174610853195, -0.01149318553507328, -0.21340331435203552, -0.2649534046649933, -1.015244722366333, -0.7712509036064148, -0.023412566632032394, -0.5433521866798401]",1.0166665315628052,False,1.0,-4.037929667159915,-0.4486588519066572,9.0,-1.2063125688582659,-0.40210418961942196,3.0,0.25787345530423106,1,12,8,2,1.5,-1.4517000971701415,-1.1431591114788713,True,6,0.6666666666666666,16.0,0.0,11.0,1.7711816643385634
~/anvil/data/cve-targets/poppler_repo_poppler_FileSpec.cc,120,88,122,if (obj1.isString()),if (obj1.isString()),    if (obj1.isString()),0.0254447143524885,"[[262, 421, 320, 2295, 16, 2079, 703, 2140, 151664]]","[-0.1052708700299263, -0.004988604225218296, -0.0479343980550766, -0.003336341353133321, -0.00012003655137959868, -0.03946743160486221, -0.05611007288098335, -0.02274356782436371, -0.07175843417644501]",10.227255821228027,True,0.0,-0.3517297567013884,-0.039081084077932045,9.0,-0.2799713225249434,-0.034996415315617924,8.0,0.0011051237477879704,1,16,16,16,1.0,-0.7270663044489941,-1.1012756084408957,False,7,0.7777777777777778,0.0,1.0,0.0,0.8589302406826644
~/anvil/data/cve-targets/poppler_repo_poppler_GfxState.cc,3568,3519,3593,},},        },0.1441607028245926,"[[286, 335, 151664]]","[-0.01016452070325613, -0.1442088931798935, -0.019616765901446342]",9.834896087646484,True,0.0,-0.17399017978459597,-0.05799672659486532,3.0,-0.15437341388314962,-0.07718670694157481,2.0,0.004491973448163874,0,2,2,2,1.0,-1.8676882139007773,-1.0905260108885482,False,1,0.3333333333333333,0.0,1.0,0.0,0.7498501745926609
~/anvil/data/cve-targets/libxml2_repo_xmlregexp.c,4854,4774,4859,} else {,return;,	return;,0.1273993402719497,"[[853, 26, 151664]]","[-0.07892092317342758, -0.226846382021904, -0.1738293319940567]",4.0444440841674805,False,0.0,-0.4795966371893883,-0.15986554572979608,3.0,-0.3057673051953316,-0.1528836525976658,2.0,0.005470485343883072,1,4,4,4,1.0,-0.8333091086410558,-1.0598221822449059,True,3,1.0,7.0,0.1333333333333333,4.0,1.8622417007610503
~/anvil/data/cve-targets/poppler_repo_fofi_FoFiTrueType.cc,1311,1022,1326,} else if (needVerticalMetrics && i == t42VheaTable) {,},"                }
            }
        }
    }
    // write the sfnts array
    if (name) {
        (*outputFunc)(output",0.0750805661082267,"[[394, 456, 310, 456, 286, 456, 262, 456, 262, 442, 3270, 279, 13124, 65677, 1334, 198, 262, 421, 320, 606, 8, 341, 286, 4609, 3006, 9626, 2376, 3006]]","[-0.0032663585152477026, -0.42901772260665894, -0.02344074845314026, -0.20170392096042633, -0.05508788302540779, -0.0006687788409180939, -0.03816856071352959, -0.0033201829064637423, -0.0021265766117721796, -0.19685369729995728, -0.7630390524864197, -0.07679704576730728, -1.408289909362793, -0.2416783720254898, -0.43935662508010864, -0.6592342853546143, -0.0006158839096315205, -0.8590751886367798, -0.023428987711668015, -0.18091532588005066, -0.007877828553318977, -0.0021671399008482695, -0.0006550788530148566, -0.09716619551181793, -1.490105023549404e-05, -1.4305012882687151e-05, -0.00023409964342135936, -3.194758028257638e-05]",11.1708345413208,False,6.0,-5.714246602254207,-0.2040802357947931,28.0,-0.4557248295750469,-0.15190827652501562,3.0,0.03846265688873195,1,15,20,2,0.75,-0.4942493445764474,-1.1275629473550521,True,18,0.6428571428571429,53.0,0.036363636363636376,13.0,1.7760731422214473
~/anvil/data/cve-targets/poppler_repo_splash_Splash.cc,5090,5076,5179,},},"    }
   ",1.6061515808105469,"[[262, 456, 262]]","[-0.003067195415496826, -0.20727786421775818, -0.025372374802827835]",8.590450286865234,True,1.0,-0.23571743443608284,-0.07857247814536095,3.0,-0.23571743443608284,-0.07857247814536095,3.0,0.00836545837327258,1,2,2,2,1.0,-20.441656146305178,-1.0571208291156262,False,1,0.3333333333333333,0.0,1.0,0.0,1.0686198371159135
~/anvil/data/cve-targets/libtiff_repo_libtiff_tif_predict.c,49,-106,199,PredictorSetup(TIFF* tif),"PredictorDecodeRow(TIFF* tif, uint8_t","PredictorDecodeRow(TIFF* tif, uint8_t",0.4027659595012665,"[[53544, 269, 32564, 3102, 4140, 29035, 9, 259, 333, 11, 2622, 23, 528]]","[-0.5073831081390381, -0.0037574421148747206, -1.0068953037261963, -0.153695747256279, -0.061743609607219696, -0.0001357701694360003, -0.00468098558485508, -0.002166069345548749, -0.0001255195093108341, -0.010108468122780323, -0.006948473863303661, -0.00010990492592100054, -0.00012611546844709665]",2.848306894302368,False,0.0,-1.7578765178332105,-0.13522127060255465,13.0,-1.7578765178332105,-0.13522127060255465,13.0,0.08163072132940802,0,11,11,11,1.0,-2.97856955275243,-1.0919931137350734,True,9,0.6923076923076923,17.0,0.6451612903225806,6.0,1.8863668226467272
~/anvil/data/cve-targets/poppler_repo_poppler_GfxState.cc,2623,2566,2644,"GfxSeparationColorSpace *cs = (GfxSeparationColorSpace *)GfxSeparationColorSpace::parse(res, obj3.getArray(), out, state, recursion);","GfxSeparationColorSpace *cs = GfxSeparationColorSpace::parse(res, &obj3, out, state, recursion + 1);","                    GfxSeparationColorSpace *cs = GfxSeparationColorSpace::parse(res, &obj3, out, state, recursion + 1);",0.4556132853031158,"[[503, 479, 8298, 14492, 367, 1636, 9914, 353, 4837, 284, 479, 8298, 14492, 367, 1636, 9914, 486, 6400, 4590, 11, 609, 2295, 18, 11, 700, 11, 1584, 11, 50262, 488, 220, 16, 1215, 151664]]","[-0.0018412794452160597, -1.0919346809387207, -0.0012129339156672359, -0.16963689029216766, -2.8132995794294402e-05, -0.0033865978475660086, -0.00028451209072954953, -0.0128423310816288, -0.009661344811320305, -0.049573302268981934, -0.36950573325157166, -8.821098163025454e-05, -0.11220482736825943, -4.4225667807040736e-05, -0.00043275527423247695, -5.638440416078083e-05, -0.0011373248416930437, -0.047647442668676376, -0.4192005395889282, -0.005894183646887541, -0.7144265174865723, -0.007228293921798468, -0.003129230346530676, -0.04861072078347206, -0.04112621024250984, -0.008828653022646904, -0.013824897818267345, -0.040827907621860504, -0.0711880773305893, -0.03739269822835922, -0.0010375360725447536, -0.043153829872608185, -0.16044588387012482, -0.006261374801397324]",9.500000953674316,False,0.0,-3.494095464800921,-0.10276751367061532,34.0,-3.4878340899995237,-0.10569194212119769,33.0,0.052511638977159394,0,40,31,31,1.2903225806451613,-4.310766517854889,-1.0814338292290158,True,38,1.1176470588235294,43.0,0.8154506437768241,18.0,2.255507896464785
~/anvil/data/cve-targets/poppler_repo_poppler_Parser.cc,245,188,287,},},    },0.6965727210044861,"[[262, 335, 151664]]","[-0.09300202876329422, -0.696360170841217, -0.11408176273107529]",8.60486125946045,True,0.0,-0.9034439623355865,-0.3011479874451955,3.0,-0.7893621996045113,-0.39468109980225563,2.0,0.09101026190293073,1,2,2,2,1.0,-1.7649001215246567,-1.0575017512121851,False,1,0.3333333333333333,0.0,1.0,0.0,0.9315417936152443
~/anvil/data/cve-targets/libtiff_repo_libtiff_tif_dirwrite.c,1999,1971,2023,"if (!_TIFFmemcmp(tif->tif_dir.td_transferfunction[0],tif->tif_dir.td_transferfunction[2],m*sizeof(uint16_t)))","if (!_TIFFmemcmp(tif->tif_dir.td_transferfunction[0],tif->tif_dir.td_transferfunction[1],m*sizeof(uint16_t)))","		if (!_TIFFmemcmp(tif->tif_dir.td_transferfunction[0],tif->tif_dir.td_transferfunction[1],m*sizeof(uint16_t)))
			n=2;
		if (!_TIFFmemcmp(tif->tif_dir.td",0.0778826028108596,"[[197, 743, 24076, 26614, 1748, 61534, 1155, 333, 405, 84340, 4334, 734, 67, 35403, 1688, 58, 15, 1125, 84340, 405, 84340, 4334, 734, 67, 35403, 1688, 58, 16, 1125, 76, 32811, 8488, 16, 21, 528, 5929, 298, 9038, 28, 17, 280, 197, 743, 24076, 26614, 1748, 61534, 1155, 333, 405, 84340, 4334, 734, 67]]","[-0.0023474537301808596, -0.15831130743026733, -0.3441842794418335, -0.00016950124700088054, -0.00021288513380568475, -0.005314745474606752, -0.011663342826068401, -1.7523612768854946e-05, -6.318072337307967e-06, -7.271740287251305e-06, -6.139089964563027e-05, -1.6331539882230572e-05, -5.8412379075889476e-06, -0.0009631047723814845, -5.817244164063595e-05, -0.009174924343824387, -0.062472593039274216, -0.005957346875220537, -0.001321157906204462, -2.8967437174287625e-05, -2.038458114839159e-05, -4.637133679352701e-05, -1.764281842042692e-05, -2.7418097943154862e-06, -0.0005295066512189806, -4.95898348162882e-05, -0.003512880764901638, -0.20841029286384583, -0.00691662821918726, -0.17232497036457062, -0.025558779016137123, -0.0007954055909067392, -0.004479374270886183, -4.6491513785440475e-06, -1.1801649634435307e-05, -0.3068200647830963, -0.3221614956855774, -0.5155438780784607, -0.024521028622984886, -0.46830564737319946, -0.20624057948589325, -0.005721501540392637, -0.23152980208396912, -0.16024065017700195, -1.7046782886609435e-05, -9.667406266089529e-05, -0.0006306566647253931, -0.0043090591207146645, -4.2914423829643056e-05, -2.0265558760002023e-06, -7.033323527139146e-06, -5.364274329622276e-05, -6.556489552167477e-06, -2.7418097943154862e-06]",8.403645515441895,False,2.0,-3.2712284779333913,-0.06057830514691465,54.0,-1.6539570385946263,-0.04470154158363855,37.0,0.00933993624539833,1,50,66,50,0.7575757575757576,-1.7422800210399416,-1.0521954587298583,True,35,0.6481481481481481,1.0,0.9908256880733946,1.0,2.4004633129940567
~/anvil/data/cve-targets/libtiff_repo_libtiff_tif_predict.c,544,533,566,uint8_t *tmp;,uint8_t *tmp;,"	uint8_t *tmp;
    if (",0.4173533618450165,"[[8254, 23, 528, 353, 5173, 280, 262, 421, 320]]","[-0.565923273563385, -0.13204091787338257, -0.0005570290377363563, -0.08640681952238083, -0.04620823636651039, -0.7971240282058716, -1.4644277095794678, -1.010185956954956, -0.6413987278938293]",1.4798606634140017,True,1.0,-4.74427269899752,-0.5271414109997244,9.0,-3.0926880141487345,-0.4418125734498192,7.0,0.25155319827454664,1,7,9,7,0.7777777777777778,-0.9446389417715818,-1.129997846501588,False,6,0.6666666666666666,0.0,1.0,0.0,0.7290066937487445
~/anvil/data/cve-targets/openssl_repo_crypto_pkcs7_pk7_doit.c,793,784,824,X509 *x509;,X509 *x509;,"    X509 *x509;
    /* XXXXXXXXXXXXXXXXXXX",0.1975308358669281,"[[262, 1599, 20, 15, 24, 353, 87, 20, 15, 24, 280, 262, 1391, 19975, 61516, 61516]]","[-0.006923139560967684, -0.023845087736845016, -3.0040289857424796e-05, -4.291525328881107e-06, -4.410734163684538e-06, -0.006986119318753481, -0.003279072232544422, -0.0002525725867599249, -8.702239938429557e-06, -5.113947918289341e-05, -0.4284367859363556, -0.482960045337677, -0.8900667428970337, -2.4709720611572266, -0.18993012607097626, -0.05098162218928337]",9.278471946716309,True,1.0,-4.554731959292894,-0.2846707474558059,16.0,-0.9527814069783744,-0.07939845058153121,12.0,0.02848627176263747,1,7,13,7,0.5384615384615384,-2.487842450578948,-1.0754611594332328,False,10,0.625,0.0,1.0,0.0,0.8598672783775657
~/anvil/data/cve-targets/libxml2_repo_xmlmemory.c,199,186,235,TEST_POINT,#ifdef MEM_LIST,"#ifdef MEM_LIST
",1.0164999961853027,"[[5753, 24478, 11899, 198]]","[-0.29328879714012146, -0.3779371976852417, -0.275412380695343, -0.2223367989063263]",5.704861640930176,False,1.0,-1.1689751744270325,-0.2922437936067581,4.0,-1.1689751744270325,-0.2922437936067581,4.0,0.0031286839758959406,1,2,5,5,0.4,-3.4782603375081433,-1.0167290925086918,True,2,0.5,13.0,0.31999999999999995,4.0,2.1017488411747935
~/anvil/data/cve-targets/libtiff_repo_libtiff_tif_pixarlog.c,213,160,226,},},"	    }
	",3.53244423866272,"[[2760, 456, 197]]","[-0.0030573313124477863, -0.028997059911489487, -0.015006860718131065]",10.28489589691162,True,1.0,-0.04706125194206834,-0.015687083980689447,3.0,-0.04706125194206834,-0.015687083980689447,3.0,0.00011237627180878644,0,2,2,2,1.0,-225.18169999032983,-1.1028636926177202,False,1,0.3333333333333333,0.0,1.0,0.0,1.2191854636465913
~/anvil/data/cve-targets/libsndfile_repo_src_file_io.c,292,268,299,break ;,break ;,			break ;,0.4024346172809601,"[[298, 3388, 2587, 151664]]","[-0.5294184684753418, -0.21485698223114014, -0.5334255695343018, -0.3463456928730011]",10.218923568725586,True,0.0,-1.6240467131137848,-0.4060116782784462,4.0,-1.2777010202407837,-0.42590034008026123,3.0,0.022272325589265545,0,4,4,4,1.0,-0.9449032541395036,-1.10104622967114,False,2,0.5,0.0,1.0,0.0,0.7795954841028261
~/anvil/data/cve-targets/poppler_repo_poppler_Stream.cc,4046,3993,4088,if (i + repeat > numLitCodes + numDistCodes) {,if (i + repeat > numLitCodes + numDistCodes) {,"            if (i + repeat > numLitCodes + numDistCodes) {
                goto err;
            }
            len",0.1240514293313026,"[[310, 421, 320, 72, 488, 13153, 861, 1629, 68954, 20871, 488, 1629, 23356, 20871, 8, 341, 394, 7986, 1848, 280, 310, 456, 310, 2422]]","[-0.0021842687856405973, -0.0703076496720314, -0.118576280772686, -0.19006438553333282, -0.027687985450029373, -0.011070732958614826, -0.012730521149933338, -0.0034395840484648943, -0.0009078433504328132, -1.847726889536716e-05, -0.024531731382012367, -0.0005141366855241358, -9.500529267825186e-05, -2.5748875486897305e-05, -0.023228907957673073, -0.3414999842643738, -0.003174030687659979, -0.0010283663868904114, -0.00018380382971372455, -0.0018541302997618914, -0.0001397035230183974, -0.039184797555208206, -0.008994538336992264, -0.6776176691055298]",10.238889694213867,True,3.0,-1.5590602831725846,-0.06496084513219103,24.0,-0.8300572741354699,-0.048826898478557056,17.0,0.007849500131767955,0,19,26,19,0.7307692307692307,-2.540637091372522,-1.1015959575386713,False,15,0.625,0.0,1.0,0.0,0.9067960570923643
~/anvil/data/cve-targets/libxml2_repo_parser.c,2591,2479,2636,"xmlLoadEntityContent(ctxt, ent);",if (ent->etype == XML_INTERNAL_PREDEFINED_ENTITY) {,"		    if (ent->etype == XML_INTERNAL_PREDEFINED_ENTITY) {
		",2.501393795013428,"[[6449, 421, 320, 306, 405, 16214, 621, 11874, 31752, 17427, 46651, 46599, 8, 341, 298]]","[-0.44021424651145935, -1.387179970741272, -0.2978261709213257, -0.6220696568489075, -0.007933060638606548, -1.4275344610214233, -0.15002605319023132, -0.016374381259083748, -0.23350533843040466, -0.5715336799621582, -0.009135943837463856, -0.00787498988211155, -0.46198761463165283, -0.030244281515479088, -0.23015975952148438]",4.917360305786133,False,1.0,-5.893599608913064,-0.39290664059420427,15.0,-5.893599608913064,-0.39290664059420427,15.0,0.19916191890030413,1,11,16,16,0.6875,-6.366382078018576,-1.0369443215063305,True,9,0.6,48.0,0.1686746987951807,14.0,2.3652519955097304
~/anvil/data/cve-targets/openssl_repo_crypto_asn1_a_type.c,66,54,98,break;,break;,        break;,0.2416530400514602,"[[286, 1438, 26, 151664]]","[-0.003089062636718154, -0.005415056832134724, -0.5274896621704102, -0.18637879192829132]",8.03975772857666,True,0.0,-0.7223725735675544,-0.1805931433918886,4.0,-0.535993781639263,-0.17866459387975434,3.0,0.06084036584215654,1,4,4,4,1.0,-1.352551363445287,-1.042666839376579,False,2,0.5,0.0,1.0,0.0,0.9308149418356431
~/anvil/data/cve-targets/libsndfile_repo_src_common.c,178,84,318,"log_putchar (psf, lead_char) ;","log_putchar (psf, lead_char) ;","							log_putchar (psf, lead_char) ;
						} ;",0.1459572464227676,"[[1662, 6725, 57969, 320, 1690, 69, 11, 2990, 9232, 8, 4386, 1144, 197, 92, 2587, 151664]]","[-0.03644406422972679, -0.0008182753226719797, -0.0001110968878492713, -8.809178689261898e-05, -6.97350042173639e-05, -5.8412379075889476e-06, -9.929640509653836e-05, -0.15287810564041138, -1.4543427823809907e-05, -0.0005865760613232851, -0.3566897511482239, -0.06429871171712875, -0.05052248761057854, -0.0016305259196087718, -0.6064212918281555, -0.20361696183681488]",11.979208946228027,True,1.0,-1.474295356064431,-0.09214345975402694,16.0,-0.6626265764798518,-0.05097127511383475,13.0,0.009603110526796358,0,11,14,11,0.7857142857142857,-2.8635196215279994,-1.1505820906495927,False,10,0.625,0.0,1.0,0.0,0.6721102601381428
~/anvil/data/cve-targets/libtiff_repo_libtiff_tif_ojpeg.c,735,727,747,(void)s;,if (sp->lib,"
	if (sp->lib",0.9373878836631776,"[[198, 743, 320, 2154, 405, 2740]]","[-1.5919724702835083, -1.1847786903381348, -0.21538062393665314, -0.5404314994812012, -0.4521670937538147, -0.42113828659057617]",0.3001736104488373,False,1.0,-4.405868664383888,-0.7343114440639814,6.0,-4.405868664383888,-0.7343114440639814,6.0,0.2371774443041671,1,9,7,7,1.2857142857142858,-1.2765535540005855,-1.1638202387223606,True,3,0.5,10.0,0.21052631578947367,9.0,1.7279212274625868
~/anvil/data/cve-targets/libtiff_repo_libtiff_tif_luv.c,1444,1428,1453,*/,* for,	 * for,3.1654391288757324,"[[197, 353, 369]]","[-0.32581743597984314, -0.41016536951065063, -0.7490519881248474]",7.61875057220459,False,0.0,-1.4850347936153412,-0.4950115978717804,3.0,-1.4850347936153412,-0.4950115978717804,3.0,0.03345402225511821,1,3,3,3,1.0,-6.394676695424933,-1.0317501352599414,True,1,0.3333333333333333,4.0,0.2857142857142857,3.0,2.389175342685047
~/anvil/data/cve-targets/php_repo_ext_phar_phar.c,2299,2285,2321,"written = php_stream_write(newfile, ZSTR_VAL(newstub), phar->halt_offset);",},"		}
		if (newstub) {
			php_stream_copy_to_stream_ex(newstub, newfile, phar->halt_offset, &written);
",0.5499852299690247,"[[197, 197, 532, 197, 743, 320, 931, 59398, 8, 341, 298, 197, 1208, 12673, 16096, 2346, 12673, 2702, 1755, 59398, 11, 501, 1192, 11, 1319, 277, 405, 39416, 6917, 11, 609, 25569, 317]]","[-0.5545192956924438, -0.0008437649230472744, -0.11729336529970169, -0.011432728730142117, -0.5299530625343323, -0.3711836040019989, -1.0776845216751099, -0.060780562460422516, -0.2592218816280365, -0.005764408502727747, -0.002466971054673195, -0.9194211363792419, -0.6349016427993774, -0.02164631523191929, -0.3539631962776184, -0.04419444501399994, -0.010593490675091743, -0.08505609631538391, -0.2161213755607605, -0.03330394998192787, -0.02155975066125393, -0.03215370327234268, -0.0010487301042303443, -0.004911619704216719, -1.049216628074646, -0.00043525759247131646, -0.0022005646023899317, -0.011173651553690434, -5.745722592109814e-05, -0.09823975712060928, -0.01876448094844818, -0.004680511076003313, -0.23430143296718597]",6.961111545562744,False,3.0,-6.789089359641366,-0.2057299805951929,33.0,-0.6840891546453349,-0.17102228866133373,4.0,0.05109657729704835,0,24,30,2,0.8,-3.215868728421305,-1.0149258392865654,True,20,0.6060606060606061,74.0,0.0,23.0,2.2874423842331315
~/anvil/data/cve-targets/libtiff_repo_libtiff_tif_lzw.c,704,542,732,} while (codep);,} while (--len);,"			} while (--len);
			break;
		",1.859238624572754,"[[298, 197, 92, 1393, 57619, 2892, 317, 298, 3388, 280, 197, 197]]","[-0.028032656759023666, -0.00024637524620629847, -0.004457063041627407, -0.14871230721473694, -0.07165645807981491, -0.048051998019218445, -0.057887762784957886, -0.3345886468887329, -1.032347321510315, -0.09315115958452225, -0.0054723224602639675, -8.368142152903602e-05]",10.383506774902344,False,2.0,-1.8246877530109487,-0.1520573127509124,12.0,-0.6936332680343185,-0.08670415850428981,8.0,0.010690551957948304,1,10,15,12,0.6666666666666666,-21.443476952501253,-1.1055859056625765,True,6,0.5,4.0,0.75,3.0,2.051865897284743
~/anvil/data/cve-targets/poppler_repo_fofi_FoFiTrueType.cc,1313,1022,1326,} else if (needVerticalMetrics && i == t42VmtxTable) {,} else if (needVerticalMetrics && i == t42VmtxTable) {,                } else if (needVerticalMetrics && i == t42VmtxTable) {,0.0172651745378971,"[[394, 335, 770, 421, 320, 17046, 18612, 27328, 1009, 600, 621, 259, 19, 17, 53, 90310, 2556, 8, 314, 151664]]","[-0.0028433867264539003, -0.00036566724884323776, -0.00011288482346571982, -0.004391668830066919, -0.00042882305569946766, -0.00575943011790514, -6.16293036728166e-05, -3.4570634852570947e-06, -0.0007166677969507873, -0.00048673225683160126, -0.00010346830822527409, -8.141662692651153e-05, -5.602820692729438e-06, -8.940656698541716e-06, -9.059495641849935e-05, -0.00011038171214750037, -5.2689116273541003e-05, -0.04402220621705055, -0.25438034534454346, -0.008799230679869652]",12.688196182250977,True,0.0,-0.3228252236622211,-0.016141261183111055,20.0,-0.31402599298235145,-0.016527683841176394,19.0,0.0032378347545077486,1,15,15,15,1.0,-1.0446215394611646,-1.1711575995496843,False,18,0.9,0.0,1.0,0.0,0.6365668543064161
~/anvil/data/cve-targets/libpng_repo_pngrutil.c,1766,1740,1781,num > (unsigned int) PNG_MAX_PALETTE_LENGTH),png_ptr->num_palette != 0 && png_ptr->num_palette != num),       png_ptr->num_palette != 0 && png_ptr->num_palette != num),0.50111323595047,"[[981, 36151, 4348, 405, 2413, 66252, 961, 220, 15, 1009, 36151, 4348, 405, 2413, 66252, 961, 1629, 8, 151664]]","[-0.5336434841156006, -0.5015235543251038, -0.1886582225561142, -0.00013183678674977273, -0.25109565258026123, -0.0701645240187645, -1.0087237358093262, -1.0694561004638672, -0.031375471502542496, -1.0734131336212158, -0.9139893651008606, -0.1725626438856125, -0.0021730875596404076, -0.3677055239677429, -0.08374717086553574, -0.21584656834602356, -0.12835240364074707, -0.351857453584671, -0.40175047516822815]",4.03194522857666,False,0.0,-7.366170407898608,-0.3876931793630846,19.0,-6.9644199327303795,-0.3869122184850211,18.0,0.13633078029421006,0,13,18,18,0.7222222222222222,-1.295160018240339,-1.0601533981001459,True,12,0.631578947368421,49.0,0.2376237623762376,17.0,2.0193708780684654
~/anvil/data/cve-targets/libpng_repo_pngset.c,474,444,497,return;,return;,      return;,0.2647213339805603,"[[414, 470, 26, 151664]]","[-0.07787636667490005, -0.36918002367019653, -0.1863061636686325, -0.09310011565685272]",4.150174617767334,True,0.0,-0.7264626696705818,-0.18161566741764545,4.0,-0.6333625540137291,-0.2111208513379097,3.0,0.014450854458534113,1,4,4,4,1.0,-1.253885309304955,-1.0570244922682568,False,2,0.5,0.0,1.0,0.0,0.8911624998182669
~/anvil/data/cve-targets/php_repo_ext_exif_exif.c,2659,2639,2730,switch(ImageInfo->Thumbnail.filetype) {,switch (ImageInfo->Thumbnail.filetype) {,	switch (ImageInfo->Thumbnail.filetype) {,0.321344643831253,"[[8961, 320, 1906, 1731, 405, 45970, 9715, 1313, 8, 314, 151664]]","[-0.7108829021453857, -0.19143639504909515, -0.01034564059227705, -1.156323378381785e-05, -0.00012575789878610522, -0.0361180305480957, -0.004733665846288204, -4.7444173105759546e-05, -0.014991946518421173, -0.30597004294395447, -0.06647013127803802]",0.9842016696929932,False,0.0,-1.3411335202272312,-0.12192122911156647,11.0,-1.2746633889491932,-0.12746633889491932,10.0,0.04748021142408207,0,16,16,16,1.0,-2.5210157176959718,-1.1440873006633243,True,9,0.8181818181818182,1.0,0.9873417721518988,0.0,1.7746362816673296
~/anvil/data/cve-targets/libxml2_repo_HTMLparser.c,2762,2727,2765,NEXT;,if (err,        if (err,2.957606315612793,"[[286, 421, 320, 615]]","[-0.534414529800415, -0.7440177798271179, -0.24292203783988953, -0.5527960062026978]",4.61961841583252,False,0.0,-2.0741503536701202,-0.5185375884175301,4.0,-2.0741503536701202,-0.5185375884175301,4.0,0.03205774122378474,1,4,4,4,1.0,-5.703745266835522,-1.0446916636405017,True,2,0.5,7.0,0.0,4.0,2.330629909657185
~/anvil/data/cve-targets/openssl_repo_crypto_pkcs7_pk7_doit.c,739,587,741,EVP_MD_CTX_free(ctx_tmp);,EVP_MD_CTX_free(ctx_tmp);,    EVP_MD_CTX_free(ctx_tmp);,0.2000712007284164,"[[262, 72758, 46497, 44233, 8905, 7502, 16125, 1215, 151664]]","[-0.05885157361626625, -0.49859702587127686, -0.003440059022977948, -0.0009009354980662465, -0.10912134498357773, -0.32065117359161377, -0.0002752163854893297, -0.5249931812286377, -0.3184524178504944]",4.229860782623291,True,0.0,-1.8352829280484002,-0.20392032533871113,9.0,-1.5168305101979058,-0.18960381377473823,8.0,0.044352607146196266,0,9,9,9,1.0,-1.0552066266246845,-1.0549208326723607,False,8,0.8888888888888888,0.0,1.0,0.0,0.9446337945307965
~/anvil/data/cve-targets/php_repo_ext_phar_util.c,1475,1252,1478,},},	},0.4756418168544769,"[[197, 92, 151664]]","[-0.04176073148846626, -0.5227296352386475, -0.23092029988765717]",5.00624942779541,True,0.0,-0.7954106666147709,-0.2651368888715903,3.0,-0.5644903667271137,-0.28224518336355686,2.0,0.05783277159366276,0,2,2,2,1.0,-1.6852079145733656,-1.0346425532228076,False,1,0.3333333333333333,0.0,1.0,0.0,0.9671447197640529
~/anvil/data/cve-targets/poppler_repo_fofi_FoFiType1C.cc,1459,1449,1462,if(ok) {,} else {,"                } else {
                    ok =",1.837571144104004,"[[394, 335, 770, 341, 503, 5394, 284]]","[-0.7239699363708496, -0.5299318432807922, -0.01827053166925907, -0.26946011185646057, -0.009787309914827347, -1.2934411764144897, -0.0031223376281559467]",9.330554962158203,False,1.0,-2.8479832471348345,-0.4068547495906906,7.0,-1.5514197330921888,-0.3102839466184378,5.0,0.079323589058153,1,10,6,4,1.6666666666666667,-5.922224350084411,-1.0768624030019889,True,4,0.5714285714285714,6.0,0.25,8.0,2.1348522416708744
~/anvil/data/cve-targets/lua_repo_ldebug.c,154,146,160,if (n <= nextra) {,if (n <= nextra) {,"    if (n <= nextra) {
      *pos =",0.3604412972927093,"[[262, 421, 320, 77, 2651, 308, 15460, 8, 341, 414, 353, 966, 284]]","[-0.018142469227313995, -0.16960258781909943, -0.05944574624300003, -0.24939274787902832, -1.1520206928253174, -0.040408626198768616, -0.0009297577198594809, -0.13633911311626434, -0.4730720520019531, -0.0062000080943107605, -0.37630727887153625, -0.00048601735034026206, -0.0011206544004380703]",8.488887786865234,True,1.0,-2.68346775174723,-0.20642059628824846,13.0,-2.3055538011249155,-0.23055538011249155,10.0,0.1134476251906936,1,13,14,13,0.9285714285714286,-1.5633610333310999,-1.054440137921857,False,8,0.6153846153846154,0.0,1.0,0.0,1.0154982862411868
~/anvil/data/cve-targets/libxml2_repo_xmlregexp.c,4850,4774,4859,NEXTL(len);,NEXTL(len);,    NEXTL(len);,0.26364266872406,"[[262, 45011, 43, 6901, 1215, 151664]]","[-0.11735453456640244, -0.44039538502693176, -0.0497584231197834, -0.015490218997001648, -0.50001060962677, -0.21402417123317719]",5.050172805786133,True,0.0,-1.3370333425700665,-0.2228388904283444,6.0,-1.1230091713368893,-0.22460183426737784,5.0,0.041643343890047944,1,9,9,9,1.0,-1.1738224203913041,-1.0335070518763287,False,4,0.6666666666666666,0.0,1.0,0.0,1.0184160061644743
~/anvil/data/cve-targets/openssl_repo_crypto_x509_v3_addr.c,77,68,78,: 0);,: 0);,            : 0);,0.1037505194544792,"[[310, 549, 220, 15, 1215, 151664]]","[-0.03461410477757454, -0.005751133430749178, -0.23408827185630798, -0.014416582882404327, -0.29360756278038025, -0.319682776927948]",4.138193607330322,True,0.0,-0.9021604326553643,-0.1503600721092274,6.0,-0.5824776557274163,-0.11649553114548325,5.0,0.014917145141092561,1,6,6,6,1.0,-0.8905965613815033,-1.0573411452255201,False,4,0.6666666666666666,0.0,1.0,0.0,0.8888824840522358
~/anvil/data/cve-targets/php_repo_ext_intl_msgformat_msgformat_parse.c,83,57,115,if(pattern && pattern_len) {,if( slocale_len > 0 ) {,"	if( slocale_len > 0 ) {
",1.048946976661682,"[[743, 7, 274, 14484, 6043, 861, 220, 15, 873, 341]]","[-0.7994007468223572, -0.9853464365005493, -1.267699956893921, -0.015270230360329151, -0.5549159049987793, -1.1370279788970947, -0.05992662534117699, -0.04393402114510536, -0.3160408139228821, -0.016833165660500526]",1.5590274333953855,False,1.0,-5.1963958805426955,-0.5196395880542696,10.0,-5.1963958805426955,-0.5196395880542696,10.0,0.22234433364418488,0,13,13,13,1.0,-2.018604819138863,-1.12776360121585,True,7,0.7,20.0,0.5098039215686274,3.0,1.8982857250330445
~/anvil/data/cve-targets/openssl_repo_crypto_bn_bn_gf2m.c,246,227,255,for (i = 0; i < bt->top; i++) {,for (i = 0; i < bt->top; i++) {,    for (i = 0; i < bt->top; i++) {,0.0196599531918764,"[[262, 369, 320, 72, 284, 220, 15, 26, 600, 366, 19592, 405, 3481, 26, 600, 2457, 314, 151664]]","[-0.028903603553771973, -0.15172596275806427, -0.002107186708599329, -0.0005684667266905308, -0.004727733321487904, -0.02707556262612343, -0.002334966091439128, -0.002090770285576582, -0.004661882296204567, -0.005340594798326492, -0.08284207433462143, -2.8371408916427754e-05, -0.00044312194222584367, -0.007804614491760731, -0.007829335518181324, -0.0034583541564643383, -0.02132580801844597, -0.40070194005966187]",10.468056678771973,True,0.0,-0.7539703490965621,-0.041887241616475675,18.0,-0.35326840903690027,-0.020780494649229427,17.0,0.0014580788508948934,0,24,24,24,1.0,-0.9460772480988764,-1.1079253067943982,False,16,0.8888888888888888,0.0,1.0,0.0,0.9290132167530921
~/anvil/data/cve-targets/libxml2_repo_valid.c,1210,1186,1278,},},            },0.3502083718776703,"[[310, 335, 151664]]","[-0.07385671138763428, -0.35014915466308594, -0.14460499584674835]",6.547916889190674,True,0.0,-0.5686108618974686,-0.18953695396582285,3.0,-0.4240058660507202,-0.2120029330253601,2.0,0.01908437855277967,1,2,2,2,1.0,-1.6519034283161442,-1.0044957543892103,False,1,0.3333333333333333,0.0,1.0,0.0,1.038896032848681
~/anvil/data/cve-targets/poppler_repo_poppler_GfxState.cc,4327,4304,4344,return false;,return false;,            return false;,0.0030525482725352,"[[310, 470, 895, 26, 151664]]","[-0.000563224486541003, -0.0006332775810733438, -0.0001559135998832062, -0.007444379385560751, -0.05618840083479881]",11.41249942779541,True,0.0,-0.06498519588785712,-0.012997039177571423,5.0,-0.008796795053058304,-0.002199198763264576,4.0,9.203863750585531e-06,0,5,5,5,1.0,-1.3880274596025504,-1.1343958768516655,False,3,0.6,0.0,1.0,0.0,0.631160716789453
~/anvil/data/cve-targets/openssl_repo_crypto_x509_x509_vfy.c,966,948,997,if (crl_score == best_score) {,if (crl_score == CRL_SCORE_VALID) {,"        if (crl_score == CRL_SCORE_VALID) {
            if (",0.5158680081367493,"[[286, 421, 320, 66, 2381, 10405, 621, 356, 4728, 63727, 27335, 8, 341, 310, 421, 320]]","[-0.02160186693072319, -0.0669904574751854, -0.09375753998756409, -0.6200498938560486, -0.00175691198091954, -0.6669694185256958, -0.09891282021999359, -0.32502657175064087, -2.312633478140924e-05, -0.0036410484462976456, -0.5599580407142639, -0.4461047649383545, -0.2667539417743683, -0.03540420904755592, -1.033369779586792, -0.16448897123336792]",7.130035400390625,False,1.0,-4.404809362802553,-0.27530058517515954,16.0,-3.2069506119823927,-0.2290679008558852,14.0,0.057775816044580375,1,13,12,13,1.0833333333333333,-2.252030975135623,-1.0192210320378783,True,10,0.625,14.0,0.6461538461538461,1.0,2.1444499881755212
~/anvil/data/cve-targets/libpng_repo_pngrutil.c,3050,2647,3067,bytes_to_copy = row_width;,break;,"                     break;
               }
         }
      }
   }
  ",1.085907220840454,"[[3824, 1438, 280, 2290, 456, 260, 456, 414, 456, 256, 456, 256]]","[-0.15893974900245667, -0.3161657750606537, -0.5818324685096741, -0.5292947888374329, -0.025693561881780624, -0.7908526659011841, -0.23277907073497772, -0.6845970153808594, -0.1839207112789154, -0.8372172713279724, -0.03326186537742615, -0.15090148150920868]",6.547915458679199,False,5.0,-4.525456424802542,-0.3771213687335451,12.0,-1.5862327814102173,-0.3965581953525543,4.0,0.02871775670752319,1,7,8,4,0.875,-2.7383300447871064,-1.0044957184656436,True,7,0.5833333333333334,23.0,0.1875,5.0,2.2056628982704014
~/anvil/data/cve-targets/lua_repo_ldebug.c,776,747,794,const Proto *p = ci_func(ci)->p;,const Instruction *p = ci->u.l.savedpc - 1;,    const Instruction *p = ci->u.l.savedpc - 1;,1.784643530845642,"[[262, 733, 29051, 353, 79, 284, 11825, 405, 84, 918, 81346, 3992, 481, 220, 16, 26, 151664]]","[-0.02060122601687908, -0.5003935694694519, -0.43695729970932007, -0.0078851617872715, -0.026462065055966377, -0.058735910803079605, -0.8528656959533691, -0.0052803573198616505, -0.19604161381721497, -0.0009202298242598772, -0.0006982034537941217, -0.00020132421923335642, -0.5290467739105225, -0.02103753201663494, -0.037511199712753296, -0.034727755934000015, -0.30319809913635254]",5.361285209655762,False,0.0,-3.032564018139965,-0.17838611871411558,17.0,-2.7293659190036124,-0.17058536993772577,16.0,0.06432249288213857,1,20,24,24,0.8333333333333334,-10.461879183995366,-1.0254998100623263,True,11,0.6470588235294118,23.0,0.56,14.0,2.3947630188040203
~/anvil/data/cve-targets/openssl_repo_crypto_x509_v3_addr.c,1020,865,1170,},},"}
",1.253954291343689,[[532]],[-0.37895432114601135],7.631250858306885,True,1.0,-0.37895432114601135,-0.37895432114601135,1.0,-0.37895432114601135,-0.37895432114601135,1.0,0.0,0,2,2,2,1.0,-3.308985335096732,-1.0320726149428414,False,1,1.0,0.0,1.0,0.0,1.0911764539374909
~/anvil/data/cve-targets/libtiff_repo_libtiff_tif_predict.c,364,353,388,uint8_t *tmp;,uint8_t *tmp;,	uint8_t *tmp;,0.2144713401794433,"[[8254, 23, 528, 353, 5173, 26, 151643]]","[-0.18325595557689667, -0.06423409283161163, -0.0005536930402740836, -0.05592386797070503, -0.027032166719436646, -0.940771222114563, -0.26313841342926025]",2.9972219467163086,True,0.0,-1.5349094116827473,-0.21927277309753532,7.0,-1.271770998253487,-0.21196183304224783,6.0,0.10950847798629777,1,7,7,7,1.0,-1.0118394293027995,-1.0879353164662373,False,6,0.8571428571428571,0.0,1.0,0.0,0.8249530797971132
~/anvil/data/cve-targets/libtiff_repo_libtiff_tif_dirwrite.c,3257,3122,3530,else,else if,        else if,0.1070911288261413,"[[286, 770, 421]]","[-0.13034747540950775, -0.1078711748123169, -0.9502134919166565]",5.25277853012085,False,0.0,-1.1884321421384811,-0.3961440473794937,3.0,-1.1884321421384811,-0.3961440473794937,3.0,0.15358067203294926,0,2,5,5,0.4,-0.27033380795332596,-1.0282854260597671,True,1,0.3333333333333333,3.0,0.7272727272727273,4.0,1.931148961045602
~/anvil/data/cve-targets/poppler_repo_poppler_XRef.cc,1491,1486,1515,{,{,{,0.1043140590190887,[[90]],[-0.10431405901908875],10.49236011505127,True,0.0,-0.10431405901908875,-0.10431405901908875,1.0,-0.10431405901908875,-0.10431405901908875,1.0,0.0,1,2,2,2,1.0,-0.9999999999999996,-1.1085986711394238,False,1,1.0,0.0,1.0,0.0,0.6896432279736878
~/anvil/data/cve-targets/libsndfile_repo_src_flac.c,339,331,397,{	case FLAC__METADATA_TYPE_STREAMINFO :,{	case FLAC__METADATA_TYPE_STREAMINFO :,	{	case FLAC__METADATA_TYPE_STREAMINFO :,0.0326144956052303,"[[197, 90, 2722, 89099, 563, 44875, 39119, 4189, 23584, 6637, 549, 151664]]","[-0.0012191252317279577, -0.05640554055571556, -0.01784484274685383, -0.0007751559023745358, -6.318072337307967e-06, -4.1960789531003684e-05, -2.7418097943154862e-06, -9.179073458653875e-06, -0.04747920483350754, -0.057392507791519165, -0.14675264060497284, -0.12846657633781433]",13.976387977600098,True,0.0,-0.45639579374960704,-0.03803298281246725,12.0,-0.3279292174117927,-0.0298117470374357,11.0,0.001891861994048573,1,8,8,8,1.0,-1.0940149050733283,-1.2094883946795185,False,10,0.8333333333333334,0.0,1.0,0.0,0.44425088338197827
~/anvil/data/cve-targets/libsndfile_repo_src_sd2.c,351,276,385,rsrc.type_offset = rsrc.map_offset + 30 ;,"rsrc.type_offset = rsrc.map_offset + read_rsrc_short (&rsrc, rsrc.map","	rsrc.type_offset = rsrc.map_offset + read_rsrc_short (&rsrc, rsrc.map",0.3314325511455536,"[[7000, 3548, 4852, 6917, 284, 435, 3548, 4770, 6917, 488, 1349, 1710, 3548, 16673, 15899, 81, 3548, 11, 435, 3548, 4770]]","[-0.38598164916038513, -0.00020180096908006817, -0.3598122298717499, -0.02060624770820141, -0.0021237218752503395, -0.0306853037327528, -5.4596363042946905e-05, -0.6926078200340271, -0.0011211306555196643, -0.006120628211647272, -0.19876724481582642, -0.00020990552729927003, -6.556489552167477e-06, -0.060198742896318436, -0.00042763148667290807, -1.6927575416048057e-05, -1.3589766240329482e-05, -0.0007993363542482257, -0.004579057916998863, -3.3378546504536644e-06, -0.027207473292946815]",3.242361068725586,False,0.0,-1.7915449325578265,-0.08531166345513459,21.0,-1.7915449325578265,-0.08531166345513459,21.0,0.03098173588251385,1,16,21,21,0.7619047619047619,-3.884961771022716,-1.0812883175567807,True,14,0.6666666666666666,31.0,0.6909090909090909,13.0,1.9646588945375336
~/anvil/data/cve-targets/lua_repo_ldebug.c,438,356,568,},},    },0.3903088569641113,"[[262, 335, 151664]]","[-0.043982621282339096, -0.43231233954429626, -0.43640923500061035]",6.638194561004639,True,0.0,-0.9127041958272457,-0.30423473194241524,3.0,-0.47629496082663536,-0.23814748041331768,2.0,0.037699992521352754,0,2,2,2,1.0,-1.63893758727453,-1.0067654031096458,False,1,0.3333333333333333,0.0,1.0,0.0,1.0380757496050956
~/anvil/data/cve-targets/poppler_repo_poppler_GfxState.cc,3934,3805,4010,double b;,// Degenerate gradient.,        // Degenerate gradient.,3.128241777420044,"[[286, 442, 57237, 13220, 20169, 13]]","[-0.010408640839159489, -0.3848356008529663, -1.0523940324783325, -0.07703304290771484, -1.592134714126587, -1.539043664932251]",6.871700286865234,False,0.0,-4.655849696137011,-0.7759749493561685,6.0,-4.655849696137011,-0.7759749493561685,6.0,0.42539994785146723,0,5,2,2,2.5,-4.031369543585868,-1.0126597280090042,True,3,0.5,21.0,0.125,4.0,2.4636506604333728
~/anvil/data/cve-targets/openssl_repo_crypto_asn1_a_type.c,125,-30,275,},},},0.4805469214916229,[[92]],[-0.48054683208465576],5.718923568725586,True,0.0,-0.48054683208465576,-0.48054683208465576,1.0,-0.48054683208465576,-0.48054683208465576,1.0,0.0,0,2,2,2,1.0,-1.0000001860525576,-1.0163717260509801,False,1,1.0,0.0,1.0,0.0,1.0227246034348974
~/anvil/data/cve-targets/libtiff_repo_libtiff_tif_dir.c,1330,1306,1374,td->td_sampleformat = SAMPLEFORMAT_UINT;,td->td_xresolution = 0;,"	td->td_xresolution = 0;
	td->td_yresolution =",0.7028414011001587,"[[76373, 405, 1296, 3212, 55756, 284, 220, 15, 280, 76373, 405, 1296, 4178, 55756, 284]]","[-0.047739844769239426, -7.009260298218578e-05, -0.0002196785935666412, -0.8654138445854187, -0.4673880338668823, -0.015861529856920242, -0.2488074153661728, -1.0871177911758423, -0.5596116781234741, -0.002415836090222001, -6.079655122448457e-06, -2.0146166207268834e-05, -0.005161887500435114, -0.0004741021548397839, -0.0006661579827778041]",6.052950382232666,False,1.0,-3.300974118490103,-0.22006494123267353,15.0,-3.2922299089404987,-0.365803323215611,9.0,0.14694558236954014,0,10,15,10,0.6666666666666666,-1.9213641771261096,-1.007919680067014,True,10,0.6666666666666666,29.0,0.4444444444444444,2.0,2.172227141573293
~/anvil/data/cve-targets/php_repo_ext_phar_phar.c,77,69,145,"char *key, *lasts, *end;","char *key, *lasts, *end, *tmp2;","	char *key, *lasts, *end, *tmp2;",0.3731436431407928,"[[7450, 353, 792, 11, 353, 4259, 82, 11, 353, 408, 11, 353, 5173, 17, 26, 151664]]","[-0.1543809324502945, -0.027679288759827614, -0.2306060791015625, -0.5568019151687622, -0.00869500357657671, -0.5931150317192078, -0.017745185643434525, -0.49235203862190247, -0.005527568981051445, -0.0774482861161232, -0.9154337644577026, -0.008387459442019463, -0.6914628744125366, -0.4736701250076294, -1.1065351963043213, -0.1703406125307083]",2.880034923553467,False,0.0,-5.530181362293661,-0.3456363351433538,16.0,-5.359840749762952,-0.3573227166508635,15.0,0.12254822080350657,0,15,19,19,0.7894736842105263,-1.0442762963357513,-1.0911272874311333,True,11,0.6875,7.0,0.8727272727272728,4.0,1.9299934845076594
~/anvil/data/cve-targets/libtiff_repo_libtiff_tif_predict.c,437,429,475,unsigned char* cp = (unsigned char*) cp0;,cp0 += stride;,	cp0 += stride;,0.5055880546569824,"[[52018, 15, 1421, 19228, 26, 151664]]","[-1.7064663171768188, -0.08855263888835907, -0.2181340605020523, -0.38056012988090515, -0.747894287109375, -0.4927132725715637]",0.4112845659255981,False,0.0,-3.634320706129074,-0.605720117688179,6.0,-3.1416074335575104,-0.6283214867115021,5.0,0.33953675073865414,1,21,7,7,3.0,-0.8046645950357678,-1.1605918951342604,True,12,2.0,34.0,0.32727272727272727,19.0,1.809444427887882
~/anvil/data/cve-targets/libxml2_repo_HTMLparser.c,2792,2772,2812,*/,*/,     */,0.5173695683479309,"[[257, 639, 151643]]","[-0.10804977267980576, -0.5173773765563965, -0.40483325719833374]",3.70763897895813,True,0.0,-1.030260406434536,-0.3434201354781787,3.0,-0.6254271492362022,-0.3127135746181011,2.0,0.04188727182383779,1,3,3,3,1.0,-1.6544519021272557,-1.0687836958825916,False,1,0.3333333333333333,0.0,1.0,0.0,0.8822568712062648
~/anvil/data/cve-targets/php_repo_ext_exif_exif.c,3994,3941,4007,} else {,} else {,				} else {,0.030571348965168,"[[571, 197, 92, 770, 314, 151664]]","[-0.0024915861431509256, -1.0847986231965479e-05, -0.0005617947317659855, -0.00014685506175737828, -0.10260149091482162, -0.1024736687541008]",10.317534446716309,True,0.0,-0.20828624359182868,-0.034714373931971444,6.0,-0.10581257483772788,-0.021162514967545575,5.0,0.0016588702076207247,0,4,4,4,1.0,-1.4445990475164048,-1.1037639566481579,False,3,0.5,0.0,1.0,0.0,0.7158630464352331
~/anvil/data/cve-targets/poppler_repo_poppler_XRef.cc,1483,1472,1489,gen = -1;,ref = 0;,        ref = 0;,1.3407776355743408,"[[286, 2053, 284, 220, 15, 26, 151664]]","[-0.013755644671618938, -2.024379253387451, -1.2934255599975586, -0.3513515293598175, -0.03764277324080467, -0.22390210628509521, -0.26127737760543823]",5.878645896911621,False,0.0,-4.205734244547784,-0.6008191777925406,7.0,-3.944456866942346,-0.6574094778237244,6.0,0.5588539930209561,0,7,7,7,1.0,-2.03948631834884,-1.012321386593621,True,5,0.7142857142857143,4.0,0.5882352941176471,2.0,2.2202610066149617
~/anvil/data/cve-targets/libxml2_repo_valid.c,1262,1186,1278,},},    },0.6856804490089417,"[[262, 335, 151664]]","[-0.5646541118621826, -0.6290441751480103, -0.08341822028160095]",5.548784255981445,True,0.0,-1.2771165072917938,-0.42570550243059796,3.0,-1.1936982870101929,-0.5968491435050964,2.0,0.001036520062488222,1,2,2,2,1.0,-1.1488337655679097,-1.0207040529322846,False,1,0.3333333333333333,0.0,1.0,0.0,1.0403762337531266
~/anvil/data/cve-targets/lua_repo_lstate.h,267,112,417,const Instruction *oldpc;,volatile l_signalT hookmask;  /*,  volatile l_signalT hookmask;  /*,0.9119120240211488,"[[220, 17072, 326, 21137, 51, 9704, 11258, 26, 220, 1391]]","[-0.06887122243642807, -1.9670363664627075, -1.155650019645691, -0.9322813749313354, -0.011178720742464066, -0.9469253420829773, -0.6126105785369873, -0.14702363312244415, -0.08627713471651077, -0.0018290233565494418]",5.145139217376709,False,0.0,-5.929683416034095,-0.5929683416034095,10.0,-5.929683416034095,-0.5929683416034095,10.0,0.38636836269883446,1,9,9,9,1.0,-1.5378764093126847,-1.0310562509229129,True,6,0.6,27.0,0.3157894736842105,8.0,2.122655446104196
~/anvil/data/cve-targets/php_repo_ext_phar_phar.c,698,632,1125,"if (manifest_len < 10 || manifest_len != php_stream_read(fp, buffer, manifest_len)) {",manifest_count = 0;,"	manifest_count = 0;
	manifest_flags = 0;
	manifest_ver = 0;
	while (buffer < endbuffer) {
		if (buffer +",0.8714880347251892,"[[197, 42315, 3180, 284, 220, 15, 280, 197, 42315, 14130, 284, 220, 15, 280, 197, 42315, 26042, 284, 220, 15, 280, 5217, 320, 7573, 366, 835, 7573, 8, 341, 197, 743, 320, 7573, 488]]","[-1.6077866554260254, -0.6619033813476562, -1.0758628845214844, -0.0056793042458593845, -0.44022321701049805, -0.12877851724624634, -0.025883972644805908, -0.9772989153862, -0.22886541485786438, -0.08146630227565765, -0.0021236028987914324, -0.09084006398916245, -0.0038523285184055567, -0.03805575892329216, -1.0044124126434326, -0.197337344288826, -0.7895386815071106, -0.0016640876419842243, -0.06618822365999222, -0.03210025653243065, -0.03029378317296505, -1.372389316558838, -0.14853763580322266, -0.18624432384967804, -0.7503005862236023, -0.0072966986335814, -3.266281055402942e-05, -0.17563870549201965, -0.011225873604416847, -0.008838814683258533, -0.8065125942230225, -0.17854797840118408, -0.4088531732559204, -0.059776950627565384]",0.874305784702301,False,4.0,-11.604350422905554,-0.34130442420310453,34.0,-4.923416847828776,-0.615427105978597,8.0,0.28959582144520946,1,28,32,7,0.875,-1.4160702807189929,-1.147234884675402,True,23,0.6764705882352942,71.0,0.2692307692307693,27.0,1.9837689696887029
~/anvil/data/cve-targets/lua_repo_ldebug.c,166,156,182,"return findvararg(ci, -n, pos);","name = luaF_getvarargname(ci_func(ci)->p, n);","      name = luaF_getvarargname(ci_func(ci)->p, n);",1.5424435138702393,"[[414, 829, 284, 20357, 37, 3062, 947, 858, 606, 77434, 9596, 77434, 3997, 79, 11, 308, 1215, 151664]]","[-0.04036969691514969, -0.05937587469816208, -0.0007522851810790598, -0.13409776985645294, -0.48307090997695923, -0.43157723546028137, -0.25461575388908386, -0.06448112428188324, -0.06890705227851868, -0.42288535833358765, -0.5676499605178833, -0.017460210248827934, -0.5564185976982117, -0.026174571365118027, -0.03117085061967373, -0.33836397528648376, -0.6948544979095459, -0.5122601389884949]",5.499306201934815,False,0.0,-4.704485863505397,-0.2613603257502998,18.0,-4.192225724516902,-0.2466015132068766,17.0,0.05250676899405537,1,16,22,22,0.7272727272727273,-6.254801496600174,-1.021967395375189,True,11,0.6111111111111112,31.0,0.42105263157894735,15.0,2.323716097423549
~/anvil/data/cve-targets/libsndfile_repo_src_wavlike.c,286,95,384,buffer [--bit] = 0 ;,buffer [bit] = 0 ;,"					buffer [bit] = 0 ;
					if (k",0.8696421384811401,"[[464, 31122, 508, 4489, 60, 284, 220, 15, 4386, 464, 743, 320, 74]]","[-0.07034298032522202, -1.6036205291748047, -0.242031991481781, -0.04960120841860771, -0.8367834687232971, -0.0019591916352510452, -0.05854412168264389, -0.0015462597366422415, -0.3265745937824249, -0.023376233875751495, -1.1719293594360352, -0.017080936580896378, -0.11156187206506729]",8.047916412353516,False,1.0,-4.514952746918425,-0.34730405745526344,13.0,-3.214380578836426,-0.3214380578836426,10.0,0.241520008136665,1,14,15,12,0.9333333333333333,-2.705473471955651,-1.0428795307925438,True,8,0.6153846153846154,2.0,0.9473684210526316,2.0,2.137664421727601
~/anvil/data/cve-targets/php_repo_ext_phar_phar.c,986,632,1125,if (entry.filename_len + 20 > endbuffer - buffer) {,if (buffer + entry.filename_len > endbuffer) {,		if (buffer + entry.filename_len > endbuffer) {,1.029773473739624,"[[197, 743, 320, 7573, 488, 4343, 30882, 6043, 861, 835, 7573, 8, 314, 151664]]","[-0.02591080591082573, -0.27663442492485046, -0.11076336354017258, -0.8041589260101318, -0.025202209129929543, -0.3125492036342621, -0.00293990527279675, -0.00010907054820563644, -0.07287612557411194, -0.006948473863303661, -6.329813186312094e-05, -0.032696228474378586, -0.47728991508483887, -0.0616610087454319]",7.343923091888428,False,0.0,-2.2098029588451027,-0.1578430684889359,14.0,-2.148141950099671,-0.16524168846920545,13.0,0.054903092718792804,1,22,19,19,1.1578947368421053,-6.231922968588725,-1.0246855999067248,True,16,1.1428571428571428,23.0,0.7628865979381443,7.0,2.3071207818500477
~/anvil/data/cve-targets/libtiff_repo_libtiff_tif_next.c,118,39,140,while (n-- > 0 && npixels < imagewidth),if (op_offset + n > scanline),"				if (op_offset + n > scanline)
				{
					TIFFErrorExt(tif->",0.789107084274292,"[[571, 743, 320, 453, 6917, 488, 308, 861, 8569, 1056, 340, 571, 197, 515, 464, 10261, 29035, 1454, 6756, 1155, 333, 405]]","[-0.14112940430641174, -0.288598895072937, -0.5159998536109924, -0.867924153804779, -0.36495229601860046, -0.25008171796798706, -0.7778124213218689, -0.5439643263816833, -0.3424138128757477, -2.622600959512056e-06, -0.5266653299331665, -0.6963509321212769, -0.0047358013689517975, -0.10240663588047028, -0.19321028888225555, -0.7461903691291809, -0.00013815402053296566, -0.02032196894288063, -0.018365338444709778, -0.02152545191347599, -0.0001616347290109843, -0.00025185750564560294]",6.43819522857666,False,2.0,-6.423203266833525,-0.29196378485606933,22.0,-5.320631567385362,-0.40927935133733556,13.0,0.07086933944122978,1,20,17,15,1.1764705882352942,-1.9280403022919557,-1.001744156431958,True,14,0.6363636363636364,30.0,0.3529411764705882,12.0,2.3172939014329255
~/anvil/data/cve-targets/libtiff_repo_libtiff_tif_dirread.c,2080,2074,2081,"return TIFFReadDirEntryLong8ArrayWithLimit(tif, direntry, value, ~((uint64_t)0));",uint64_t* data;,"	uint64_t* data;
	if (TIFFReadDirEntryLong8Array(tif, direntry, &data) != TIFFReadDirEntryErrOk)
		return(TIFFReadDirEntryErr",0.8878546357154846,"[[8254, 21, 19, 528, 9, 821, 280, 743, 320, 26614, 1748, 4418, 6184, 5874, 6583, 23, 1857, 1155, 333, 11, 13207, 77, 1539, 11, 609, 691, 8, 961, 74121, 4418, 6184, 5874, 7747, 11578, 340, 197, 853, 4140, 29035, 4418, 6184, 5874, 7747]]","[-1.0506455898284912, -0.47069644927978516, -2.610649426060263e-05, -0.0012753218179568648, -0.739342987537384, -0.11656328290700912, -0.9906160831451416, -1.297723412513733, -1.0044509172439575, -1.4216797351837158, -0.0037203875835984945, -0.9679137468338013, -0.3021601438522339, -0.03722445294260979, -0.957816481590271, -0.6379193067550659, -0.6803556680679321, -0.5776330828666687, -0.00022468426323030144, -0.07865749299526215, -0.022550227120518684, -6.198863957251888e-06, -0.0002907091984525323, -0.03618253394961357, -0.5595222115516663, -0.005047198850661516, -0.4727801978588104, -0.6398804187774658, -0.23613227903842926, -0.06639740616083145, -0.00043108707177452743, -0.0015185264637693763, -0.16240739822387695, -0.039494819939136505, -0.20998263359069824, -0.0305960513651371, -0.13776737451553345, -0.25950801372528076, -0.00014327930693980306, -0.0004058252670802176, -0.00021514961554203182, -0.0018544872291386127, -0.026272347196936607]",1.214582920074463,False,2.0,-14.24603170858336,-0.3313030629903107,43.0,-3.3691658210100286,-0.48130940300143266,7.0,0.17790528804619446,0,26,29,7,0.896551724137931,-1.8446650536616296,-1.1375168336596244,True,28,0.6511627906976745,71.0,0.20833333333333337,24.0,1.992660070302043
~/anvil/data/cve-targets/openssl_repo_ssl_t1_lib.c,1141,1129,1192,if (clu->amask & s->s3.tmp.new_cipher->algorithm_auth) {,if (clu->ciphersuite == s->s3.tmp.new_cipher->cipher) {,                if (clu->ciphersuite == s->s3.tmp.new_cipher->cipher) {,1.0686205625534058,"[[394, 421, 320, 564, 84, 405, 66, 82077, 9302, 621, 274, 405, 82, 18, 44731, 4618, 76692, 405, 67586, 8, 314, 151664]]","[-0.019348692148923874, -0.07918010652065277, -0.03359101712703705, -0.13108105957508087, -3.0040289857424796e-05, -0.8792866468429565, -1.5742429494857788, -0.06049570068717003, -0.08386524021625519, -0.397889107465744, -0.16943031549453735, -0.0007001094636507332, -0.12962855398654938, -0.0005765683017671108, -0.16376645863056183, -0.043088290840387344, -0.0010806442005559802, -0.2600744366645813, -0.9714417457580566, -0.592382550239563, -0.7399083375930786, -0.03687960281968117]",7.640450477600098,False,0.0,-6.367968174352427,-0.28945309883420123,22.0,-6.331088571532746,-0.30148040816822597,21.0,0.1676455936811576,0,28,28,28,1.0,-3.5445771386813165,-1.0323100091195063,True,20,0.9090909090909091,24.0,0.7027027027027026,3.0,2.3582206522469655
~/anvil/data/cve-targets/php_repo_ext_exif_exif.c,133,118,137,exif_globals->decode_jis_be     = NULL;,exif_globals->decode_jis_be     = NULL;,	exif_globals->decode_jis_be     = NULL;,0.0016011674888432,"[[8122, 333, 58775, 405, 18196, 5374, 285, 21263, 257, 284, 1770, 26, 151664]]","[-0.0035536254290491343, -2.9682672902708873e-05, -2.777537883957848e-05, -1.1324817933200393e-05, -0.0016900317277759314, -0.0003843760641757399, -6.079655122448457e-06, -0.0021906918846070766, -0.01086663268506527, -5.23315102327615e-05, -0.00398852676153183, -0.005452997051179409, -0.3522927761077881]",7.530555725097656,True,0.0,-0.3805468517462032,-0.029272834749707936,13.0,-0.028254075638415088,-0.002354506303201257,12.0,9.803226871188501e-06,0,11,11,11,1.0,-0.6800438319770921,-1.029477765186372,False,12,0.9230769230769231,0.0,1.0,0.0,1.0140771867748943
~/anvil/data/cve-targets/lua_repo_ldebug.c,723,718,739,"static int changedline (const Proto *p, int oldpc, int newpc) {","static int isabslineinfo(const Proto *p, int oldpc, int newpc) {","static int isabslineinfo(const Proto *p, int oldpc, int newpc) {",0.7279447913169861,"[[1978, 526, 374, 3435, 1056, 2733, 2741, 57677, 353, 79, 11, 526, 2310, 3992, 11, 526, 501, 3992, 8, 314, 151643]]","[-0.7980600595474243, -0.09615081548690796, -2.2344467639923096, -1.8533172607421875, -1.5183131694793701, -0.8054052591323853, -1.1198017597198486, -0.42845869064331055, -0.28971028327941895, -0.020890677347779274, -0.022010449320077896, -0.14481677114963531, -0.2788125276565552, -0.001348301419056952, -0.29068729281425476, -0.01313191931694746, -0.009858963079750538, -0.0002544794406276196, -0.08903826028108597, -0.292357861995697, -0.5677117705345154]",1.0661457777023315,False,0.0,-10.874583336379146,-0.5178373017323403,21.0,-10.30687156584463,-0.5153435782922315,20.0,0.42576600654599,1,28,28,28,1.0,-1.4125426647000858,-1.1417459194286963,True,19,0.9047619047619048,10.0,0.8818897637795275,1.0,1.978793961259345
~/anvil/data/cve-targets/sqlite3_repo_src_window.c,1445,1290,1595,** eDelete:,** eDelete:,"** eDelete:
**  ",0.6392405033111572,"[[334, 384, 6435, 510, 334, 256]]","[-0.005563964135944843, -0.9163618683815002, -0.8232713341712952, -0.6256394386291504, -0.010446391999721527, -0.04299009218811989]",7.439062118530273,True,1.0,-2.424273089505732,-0.40404551491762203,6.0,-2.3708366053178906,-0.5927091513294727,4.0,0.12593346901952698,0,5,9,5,0.5555555555555556,-1.0785062148564988,-1.0271256903690156,False,4,0.6666666666666666,0.0,1.0,0.0,1.0482498114980559
~/anvil/data/cve-targets/sqlite3_repo_src_whereexpr.c,1369,985,1371,*/,*/,"  */
 ",4.08050537109375,"[[220, 735, 220]]","[-0.0037104112561792135, -0.3317619860172272, -0.024134883657097816]",8.357638359069824,True,1.0,-0.3596072809305042,-0.1198690936435014,3.0,-0.3596072809305042,-0.1198690936435014,3.0,0.022518825431394315,1,3,3,3,1.0,-34.04134666463269,-1.0509859414187552,False,1,0.3333333333333333,0.0,1.0,0.0,1.468186403617353
~/anvil/data/cve-targets/poppler_repo_utils_HtmlOutputDev.cc,1250,1172,1284,unsigned char zero[1];,unsigned char zero[1];,            unsigned char zero[1];,0.4251338243484497,"[[310, 3774, 1161, 7168, 58, 16, 5265, 151664]]","[-0.14816899597644806, -0.6837891936302185, -0.0018208129331469536, -0.12777598202228546, -0.27603235840797424, -1.0515191555023193, -0.497064471244812, -0.1152106374502182]",9.438196182250977,True,0.0,-2.9013816071674228,-0.36267270089592785,8.0,-2.7861709697172046,-0.3980244242453149,7.0,0.11797815991648468,1,11,11,11,1.0,-1.0681098908805315,-1.0797641752028864,False,6,0.75,0.0,1.0,0.0,0.9264194541323596
~/anvil/data/cve-targets/openssl_repo_crypto_asn1_a_type.c,71,54,98,case V_ASN1_NEG_ENUMERATED:,"result = ASN1_INTEGER_cmp(a->value.neg_int, b->value","        result = ASN1_INTEGER_cmp(a->value.neg_int, b->value",1.1520904302597046,"[[286, 1102, 284, 54855, 16, 25757, 35193, 2877, 405, 957, 79219, 4042, 11, 293, 405, 957]]","[-0.593877911567688, -0.20287157595157623, -0.006221096031367779, -0.7935487031936646, -0.01598331518471241, -0.15329912304878235, -0.005085746292024851, -0.20662197470664978, -0.01882917620241642, -0.0007415643776766956, -0.34277212619781494, -0.8436906337738037, -0.1313546597957611, -0.005700403358787298, -0.00015221867943182588, -0.00013767725613433868]",7.38124942779541,False,0.0,-3.3208879056182923,-0.20755549410114327,16.0,-3.3208879056182923,-0.20755549410114327,16.0,0.07798502789819044,1,5,17,17,0.29411764705882354,-5.5507585344779296,-1.0256422401582772,True,10,0.625,41.0,0.30379746835443033,17.0,2.1293472449198148
~/anvil/data/cve-targets/openssl_repo_ssl_statem_extensions_srvr.c,335,180,485,},},"}
",4.286385536193848,[[532]],[-0.036385323852300644],7.006250381469727,True,1.0,-0.036385323852300644,-0.036385323852300644,1.0,-0.036385323852300644,-0.036385323852300644,1.0,0.0,0,2,2,2,1.0,-117.80534243954021,-1.0160718000295625,False,1,1.0,0.0,1.0,0.0,1.5923991602708214
~/anvil/data/cve-targets/php_repo_ext_exif_exif.c,1920,1911,1921,return info->offset_base + offset;,return (char *)info->valid_start + offset;,	return (char *)info->valid_start + offset;,1.0330005884170532,"[[853, 320, 1762, 2586, 2733, 405, 1891, 4906, 488, 4347, 26, 151664]]","[-0.09730107337236404, -0.5171809196472168, -0.10692178457975388, -0.5719656944274902, -0.502095103263855, -0.011979068629443645, -0.5748368501663208, -0.003658151952549815, -0.015358630567789078, -0.03897225484251976, -0.1946316659450531, -0.4401153028011322]",3.722916603088379,False,0.0,-3.0750165001954883,-0.2562513750162907,12.0,-2.634901197394356,-0.239536472490396,11.0,0.055154152247474636,1,11,18,18,0.6111111111111112,-4.3124981247207375,-1.0683755619394597,True,8,0.6666666666666666,18.0,0.6842105263157895,8.0,2.0514510536348043
~/anvil/data/cve-targets/sqlite3_repo_src_resolve.c,184,173,190,assert( pExTab!=0 );,if( pExTab ){,"  if( pExTab ){
    result = pExTab",0.6142477989196777,"[[220, 421, 7, 281, 840, 8582, 10959, 262, 1102, 284, 281, 840, 8582]]","[-0.04974549263715744, -0.4603799879550934, -0.0009885906474664807, -0.4393187463283539, -0.3520206809043884, -4.5536911784438416e-05, -0.8211476802825928, -0.020617106929421425, -1.103447437286377, -0.02084759809076786, -1.0727266073226929, -0.06432028114795685, -0.0001102625101339072]",6.586978435516357,False,1.0,-4.405716008954187,-0.3389012314580144,13.0,-2.1442638225962583,-0.2680329778245323,8.0,0.07891500096399531,1,12,11,10,1.0909090909090908,-2.2916874031888526,-1.0054771624387695,True,8,0.6153846153846154,10.0,0.6060606060606061,10.0,2.1890464394700806
~/anvil/data/cve-targets/sqlite3_repo_src_select.c,2823,2535,2855,if( !pKeyInfo ){,if( pKeyInfo==0 ){,    if( pKeyInfo==0 ){,0.8538451790809631,"[[262, 421, 7, 281, 1592, 1731, 418, 15, 40023, 151664]]","[-0.03267776593565941, -0.5512232184410095, -0.00035232058144174516, -0.3900323808193207, -0.0217327531427145, -2.9801878554280847e-05, -0.020868495106697083, -0.016132298856973648, -0.4565640687942505, -0.012065758928656578]",8.52430534362793,False,0.0,-1.501678862485278,-0.15016788624852778,10.0,-1.4896131035566214,-0.1655125670618468,9.0,0.046678819329941494,0,12,13,13,0.9230769230769231,-5.158793644726133,-1.0553741937214536,True,7,0.7,4.0,0.8823529411764706,4.0,2.075068852197268
~/anvil/data/cve-targets/poppler_repo_poppler_SplashOutputDev.cc,3329,3315,3489,GfxRGB rgb;,GfxRGB rgb;,    GfxRGB rgb;,0.199551373720169,"[[262, 479, 8298, 18184, 17993, 26, 151664]]","[-0.009699596092104912, -0.40098410844802856, -0.004807698540389538, -0.14726781845092773, -0.003038078313693404, -0.450877845287323, -0.005086694844067097]",7.588368892669678,True,0.0,-1.0217618399765342,-0.1459659771395049,7.0,-1.0166751451324672,-0.16944585752207786,6.0,0.035603655201864405,0,5,5,5,1.0,-1.1776704171960566,-1.0309667752457738,False,5,0.7142857142857143,0.0,1.0,0.0,0.9710087625979368
~/anvil/data/cve-targets/libxml2_repo_HTMLparser.c,2461,2438,2471,in++;,in++;,		in++;,0.1451626121997833,"[[197, 17430, 19581, 151664]]","[-0.9083915948867798, -0.38257652521133423, -0.24007897078990936, -0.2793063521385193]",3.25624942779541,True,0.0,-1.8103534430265427,-0.45258836075663567,4.0,-1.5310470908880234,-0.5103490302960078,3.0,0.08260320044901394,1,6,6,6,1.0,-0.2844379112772831,-1.0809129497157879,False,2,0.5,0.0,1.0,0.0,0.8243117071142196
~/anvil/data/cve-targets/libtiff_repo_libtiff_tif_predict.c,4,-151,154,*,*, *,0.35858815908432,[[353]],[-0.35858815908432007],9.527084350585938,True,0.0,-0.35858815908432007,-0.35858815908432007,1.0,-0.35858815908432007,-0.35858815908432007,1.0,0.0,0,2,2,2,1.0,-0.9999999999999999,-1.0821662997141601,False,1,1.0,0.0,1.0,0.0,0.8069907344783371
~/anvil/data/cve-targets/libsndfile_repo_src_common.c,356,201,506,**		1	- single byte value,**		o   - all following O types will be written as,**		o   - all following O types will be written as,0.6191377639770508,"[[334, 197, 22229, 256, 481, 678, 2701, 506, 4494, 686, 387, 5326, 438]]","[-0.02733496017754078, -0.04319710284471512, -1.7642760276794434, -0.6960217356681824, -0.007165092974901199, -1.0959253311157227, -0.06806604564189911, -0.4330906569957733, -0.06770370900630951, -0.10093361139297485, -0.10849287360906601, -1.2329320907592773, -0.6050318479537964]",7.057117462158203,False,0.0,-6.250171085819602,-0.4807823912168925,13.0,-6.250171085819602,-0.4807823912168925,13.0,0.3000606529882448,0,11,16,16,0.6875,-1.28777129796699,-1.0173647371104417,True,9,0.6923076923076923,35.0,0.42666666666666664,12.0,2.142728527650823
~/anvil/data/cve-targets/libsndfile_repo_src_alaw.c,307,301,313,{,{,	{,0.1718713343143463,"[[197, 90, 151664]]","[-0.011517108418047428, -0.1538369059562683, -0.23839718103408813]",5.773611545562744,True,0.0,-0.4037511954084039,-0.13458373180280128,3.0,-0.16535401437431574,-0.08267700718715787,2.0,0.0050637311928300455,1,2,2,2,1.0,-2.0788286872222788,-1.014983092701337,False,1,0.3333333333333333,0.0,1.0,0.0,0.9807622258291051
~/anvil/data/cve-targets/libsndfile_repo_src_common.c,630,470,684,"if (psf->header.indx + (sf_count_t) size > psf->header.len && psf_bump_header_allocation (psf, size))","if (psf->header.indx + (sf_count_t) size > psf->header.len && psf_bump_header_allocation (psf, size))","					if (psf->header.indx + (sf_count_t) size > psf->header.len && psf_bump_header_allocation (psf, size))
						break ;
					if (psf->rwf_endian == SF_ENDIAN_BIG)
",0.2228864729404449,"[[464, 743, 320, 1690, 69, 405, 2708, 28473, 87, 488, 320, 17246, 3180, 528, 8, 1379, 861, 4726, 69, 405, 2708, 19406, 1009, 4726, 69, 880, 1510, 8757, 81267, 320, 1690, 69, 11, 1379, 1171, 1144, 3388, 4386, 464, 743, 320, 1690, 69, 405, 31768, 69, 87193, 621, 23463, 57769, 62743, 340]]","[-0.05880593881011009, -0.282993346452713, -0.00950135663151741, -0.0422733873128891, -6.6756979322235566e-06, -0.000507464399561286, -0.4327777624130249, -0.0011613775277510285, -1.168244216387393e-05, -0.006922902539372444, -0.16580641269683838, -0.007773860357701778, -4.565611743601039e-05, -1.0132738680113107e-05, -0.004589381627738476, -0.2207115888595581, -0.1719394028186798, -0.0016215997748076916, -3.933898824470816e-06, -3.099393507000059e-05, -1.7404405298293568e-05, -0.00026306029758416116, -0.008860083296895027, -0.0014460355741903186, -4.887569048150908e-06, -0.0003064401389565319, -2.264974000354414e-06, -7.867782187531702e-06, -5.3881147323409095e-05, -0.0004101150552742183, -2.455681169521995e-05, -1.3112935448589269e-05, -0.00021395778458099812, -0.24994690716266632, -0.12316104769706726, -0.05578351393342018, -0.23245881497859955, -0.283306360244751, -0.02732904441654682, -0.3341147303581238, -0.0032775276340544224, -0.016713712364435196, -6.198863957251888e-06, -0.00023576818057335913, -0.007789355702698231, -3.1470757676288486e-05, -2.4318398573086597e-05, -0.0012543675256893039, -0.00010692501382436603, -8.785339014139026e-05, -0.0018367577577009797, -0.059111397713422775]",6.665971755981445,True,3.0,-2.8156945969187746,-0.054147973017668743,52.0,-1.8480099936180068,-0.05133361093383352,36.0,0.010127481065054487,1,42,57,42,0.7368421052631579,-4.3419207978128505,-1.007464773885973,False,34,0.6538461538461539,0.0,1.0,0.0,1.4655008698969663
~/anvil/data/cve-targets/lua_repo_ldebug.c,396,356,568,},},"}
",0.849759578704834,[[532]],[-0.724759578704834],3.348784685134888,True,1.0,-0.724759578704834,-0.724759578704834,1.0,-0.724759578704834,-0.724759578704834,1.0,0.0,0,2,2,2,1.0,-1.1724709871698122,-1.0784152759167036,False,1,1.0,0.0,1.0,0.0,0.8916553459225728
~/anvil/data/cve-targets/libtiff_repo_libtiff_tif_predict.c,26,-129,176,*,*," *
",1.7020318508148191,[[1213]],[-0.5770319700241089],8.952082633972168,True,1.0,-0.5770319700241089,-0.5770319700241089,1.0,-0.5770319700241089,-0.5770319700241089,1.0,0.0,0,2,2,2,1.0,-2.9496318041853153,-1.0667213893020624,False,1,1.0,0.0,1.0,0.0,1.054129205248908
~/anvil/data/cve-targets/libtiff_repo_libtiff_tif_pixarlog.c,877,866,919,: LogK1*log(v*LogK2) + 0.5 ),: (v)				\,"		  : (v)				\
		  )
#define REPEAT(n, stmt) while (n--) { stmt }",3.5366430282592773,"[[7847, 549, 320, 85, 8, 571, 197, 5661, 7847, 1727, 1441, 3596, 47017, 1445, 11, 20020, 8, 1393, 320, 77, 21200, 314, 20020, 335, 151664]]","[-0.28836843371391296, -0.004400214180350304, -0.7539446949958801, -0.4454205632209778, -1.5072438716888428, -1.6278085708618164, -0.01856100931763649, -1.0767439603805542, -0.6964440941810608, -0.9507383704185486, -0.4449748396873474, -0.7188213467597961, -0.00027724236133508384, -0.7447300553321838, -0.14188574254512787, -2.16489839553833, -0.04843878746032715, -1.2824257612228394, -0.5239037871360779, -0.015077084302902222, -0.9900121688842773, -0.3147016167640686, -0.16535820066928864, -0.9112564921379089, -0.36016809940338135]",1.9147570133209229,False,2.0,-16.196603403164772,-0.6478641361265909,25.0,-6.418935412541032,-0.7132150458378924,9.0,0.3153586397701533,0,18,16,6,1.125,-4.958733062206214,-1.1177785947490886,True,17,0.68,23.0,0.26315789473684215,13.0,2.3568584022813845
~/anvil/data/cve-targets/openssl_repo_crypto_mdc2_mdc2dgst.c,45,36,69,if (i + len < MDC2_BLOCK) {,if (len < MDC2_BLOCK) {,        if (len < MDC2_BLOCK) {,0.4141126573085785,"[[286, 421, 320, 2892, 366, 386, 5626, 17, 18756, 8, 314, 151664]]","[-0.008163419552147388, -0.10768044739961624, -0.3392055928707123, -0.629040002822876, -0.8293710350990295, -0.20048993825912476, -9.798523387871683e-05, -0.00020930961181875318, -0.0029805542435497046, -0.30788013339042664, -0.7879613637924194, -0.026262477040290833]",7.139062881469727,False,0.0,-3.2393422593158903,-0.2699451882763242,12.0,-3.2130797822755994,-0.2920981620250545,11.0,0.0934194122182086,1,16,13,13,1.2307692307692308,-1.4177174359387386,-1.0194510829612098,True,12,1.0,4.0,0.92,3.0,2.16264319854959
~/anvil/data/cve-targets/libpng_repo_pngrtran.c,1694,1673,1848,info_ptr->num_trans = 0;,info_ptr->num_trans = 0;,         info_ptr->num_trans = 0;,0.1659250259399414,"[[260, 3546, 4348, 405, 2413, 7965, 284, 220, 15, 26, 151664]]","[-0.38532373309135437, -0.23816534876823425, -7.438383181579411e-05, -0.0002499506517779082, -0.9060159921646118, -0.00735432980582118, -0.0025304697919636965, -0.023148655891418457, -0.0022590849548578262, -0.1656477451324463, -0.48217761516571045]",4.124306201934815,True,0.0,-2.212947309250012,-0.20117702811363747,11.0,-1.7307696940843016,-0.17307696940843015,10.0,0.07545464139537314,1,10,10,10,1.0,-0.9586776710215473,-1.0577083020856617,False,9,0.8181818181818182,0.0,1.0,0.0,0.942526712076297
~/anvil/data/cve-targets/openssl_repo_ssl_statem_extensions_srvr.c,289,256,335,},return,            return ,0.255695104598999,"[[310, 470, 220]]","[-0.16378659009933472, -0.04770733788609505, -0.004374696407467127]",11.674306869506836,False,0.0,-0.2158686243928969,-0.07195620813096563,3.0,-0.2158686243928969,-0.07195620813096563,3.0,0.004529362495814168,1,2,2,2,1.0,-3.553482197583494,-1.1418450604649049,True,1,0.3333333333333333,6.0,0.0,1.0,1.6124651287518983
~/anvil/data/cve-targets/lua_repo_ldebug.c,778,747,794,if (npci == 0 ||,"if (pcRel(L->oldpc, p) !=","    if (pcRel(L->oldpc, p) !=",0.9620057344436646,"[[262, 421, 320, 3992, 6740, 4957, 405, 813, 3992, 11, 281, 8, 961]]","[-0.003529392648488283, -0.07132173329591751, -0.10222207009792328, -0.8239132165908813, -1.0719531774520874, -0.6461599469184875, -0.0018534163245931268, -0.6808176040649414, -7.772143726469949e-05, -0.02898605912923813, -0.02611522749066353, -0.0027856139931827784, -0.5898301601409912]",9.288368225097656,False,0.0,-4.04956533958466,-0.31150502612189696,13.0,-4.04956533958466,-0.31150502612189696,13.0,0.1394210420375492,1,8,15,15,0.5333333333333333,-3.0882510835225374,-1.0757272689260977,True,8,0.6153846153846154,18.0,0.3902439024390244,12.0,1.9846811791611978
~/anvil/data/cve-targets/poppler_repo_poppler_XRef.cc,672,596,676,trailerDict = xrefStr->getDictObject()->copy();,return false;,        return false;,1.5279700756072998,"[[286, 470, 895, 26, 151664]]","[-0.03177488222718239, -1.5183959007263184, -0.6861236691474915, -0.0575561560690403, -0.027932850643992424]",6.614756107330322,False,0.0,-2.321783458814025,-0.464356691762805,5.0,-2.2938506081700325,-0.5734626520425081,4.0,0.366294125449598,0,21,5,5,4.2,-2.6644631000207464,-1.0061756503061499,True,14,2.8,41.0,0.23333333333333328,19.0,2.4257761758483602
~/anvil/data/cve-targets/libtiff_repo_libtiff_tif_predict.c,483,474,493,tmsize_t wc = cc/2;,tmsize_t wc = cc;,"	tmsize_t wc = cc;
",0.8168541789054871,"[[3244, 1011, 551, 528, 26548, 284, 12527, 280, 151664]]","[-1.1756484508514404, -0.0058606453239917755, -3.576272320060525e-06, -6.294052582234144e-05, -0.03696243464946747, -0.10180030763149261, -0.28884729743003845, -0.891153872013092, -1.040988802909851]",0.9446182250976562,False,1.0,-3.5413283276075163,-0.393480925289724,9.0,-2.500339524697665,-0.31254244058720815,8.0,0.18625486535341035,1,11,8,8,1.375,-2.6135784227280383,-1.1452200339464012,True,10,1.1111111111111112,2.0,0.9444444444444444,3.0,1.788470581504343
~/anvil/data/cve-targets/libsndfile_repo_src_alaw.c,163,98,274,"0xb3, 0xb3, 0xb3, 0xb3, 0xb3, 0xb3, 0xb3, 0xb3, 0xb3, 0xb3, 0xb3, 0xb3,","0xb3, 0xb3, 0xb3, 0xb3, 0xb3, 0xb3, 0xb3, 0xb3, 0xb3, 0xb3, 0xb3, 0xb3,","	0xb3, 0xb3, 0xb3, 0xb3, 0xb3, 0xb3, 0xb3, 0xb3, 0xb3, 0xb3, 0xb3, 0xb3,
	0xb3, 0xb3, 0xb3, 0xb3, 0xb3, 0xb3,",0.0468067266047,"[[197, 15, 7929, 18, 11, 220, 15, 7929, 18, 11, 220, 15, 7929, 18, 11, 220, 15, 7929, 18, 11, 220, 15, 7929, 18, 11, 220, 15, 7929, 18, 11, 220, 15, 7929, 18, 11, 220, 15, 7929, 18, 11, 220, 15, 7929, 18, 11, 220, 15, 7929, 18, 11, 220, 15, 7929, 18, 11, 220, 15, 7929, 18, 345, 197, 15, 7929, 18, 11, 220, 15, 7929, 18, 11, 220, 15, 7929, 18, 11, 220, 15, 7929, 18, 11, 220, 15, 7929, 18, 11, 220, 15, 7929, 18, 11]]","[-0.009196776896715164, -0.0019677577074617147, -0.029361886903643608, -1.0979043245315552, -0.011892018839716911, -0.020537346601486206, -0.0007545484695583582, -0.0003408804477658123, -0.00411722669377923, -0.0057315765880048275, -0.013810553587973118, -0.0001662831346038729, -0.0002723561483435333, -0.0034254465717822313, -0.005786572117358446, -0.00859502051025629, -0.00013565097469836473, -8.904537389753386e-05, -0.001065401709638536, -0.009190043434500694, -0.01579640805721283, -0.00014685506175737828, -0.000849482137709856, -0.026342015713453293, -0.005211221985518932, -0.006865364965051413, -0.00013398226292338222, -6.663577369181439e-05, -0.0007948100101202726, -0.0023550651967525482, -0.005342966411262751, -9.333651541965082e-05, -0.0001161031104857102, -0.0011211306555196643, -0.003276101779192686, -0.006925744004547596, -8.523101132595912e-05, -0.0001431601122021675, -0.0011528043542057276, -0.008177016861736774, -0.01042209006845951, -0.00020382710499688983, -0.000518664310220629, -0.005246442276984453, -0.0041068983264267445, -0.0035124055575579405, -8.725739462533966e-05, -9.715084888739511e-05, -0.0012685356196016073, -0.003338717622682452, -0.0031645242124795914, -4.6132929128361866e-05, -5.495397272170521e-05, -0.0007246490567922592, -0.07226359099149704, -0.04693770781159401, -0.0012486526975408196, -0.00011932138295378536, -0.00047231485950760543, -0.4772244095802307, -0.0025856418069452047, -0.00011538793478393927, -0.000570253818295896, -0.002018558792769909, -0.0033667569514364004, -0.001566374790854752, -3.814624506048858e-05, -8.535020606359467e-05, -0.001158996019512415, -0.0015305483248084784, -0.0022088908590376377, -3.707340147229843e-05, -0.00016783259343355894, -0.0019872693810611963, -0.002461144234985113, -0.001684914343059063, -2.1815061700181104e-05, -5.9126061387360096e-05, -0.0017087158048525453, -0.003321608528494835, -0.00277527142316103, -6.365573790390044e-05, -0.0007121411035768688, -0.03488306701183319, -0.00249182409606874, -0.0007652691565454006, -1.9907753085135482e-05, -6.341733387671411e-05, -0.0020475867204368114, -0.0013675870141014457]",7.046700954437256,True,1.0,-2.012278532358323,-0.022358650359536922,90.0,-1.942980041654664,-0.03185213183040433,61.0,0.02265594813118459,0,25,37,25,0.6756756756756757,-1.4695005927364906,-1.0170998369126474,False,59,0.6555555555555556,0.0,1.0,0.0,1.2170810198499518
~/anvil/data/cve-targets/openssl_repo_crypto_x509_x509_obj.c,80,17,173,? (int)sizeof(ebcdic_buf) : num);,? num : sizeof(ebcdic_buf));,"                ? num : sizeof(ebcdic_buf));
            q = ebcdic_buf;
        }
#endif",0.4455071687698364,"[[394, 937, 1629, 549, 3935, 2026, 91490, 292, 10363, 1106, 310, 2804, 284, 24463, 4385, 292, 10363, 280, 286, 456, 2663]]","[-2.483433485031128, -0.2011565864086151, -0.9918221235275269, -0.1327943354845047, -0.6737463474273682, -0.019905567169189453, -2.1815061700181104e-05, -1.1920928244535389e-07, -4.625213477993384e-05, -0.7821892499923706, -0.48796510696411133, -0.8251847624778748, -0.0014044907875359058, -0.012331904843449593, -2.0265558760002023e-06, -1.1920928244535389e-07, -1.6093124941107817e-05, -0.2543296217918396, -0.14127153158187866, -0.25537511706352234, -0.46438634395599365]",0.4444446563720703,False,3.0,-7.727382999802771,-0.3679706190382272,21.0,-5.773080988410577,-0.5248255444009615,11.0,0.498513752525524,1,20,22,14,0.9090909090909091,-0.8488671588543589,-1.1596301605240702,True,13,0.6190476190476191,12.0,0.7540983606557377,13.0,1.7919888468736724
~/anvil/data/cve-targets/poppler_repo_poppler_GfxState.cc,2395,2386,2402,int i;,int i;,"    int i;
    if",0.9139237403869628,"[[262, 526, 600, 280, 262, 421]]","[-0.04831600561738014, -0.8846492171287537, -0.08941955119371414, -0.4260767698287964, -0.07040664553642273, -1.7720643281936646]",6.541840553283691,True,1.0,-3.2909325174987316,-0.5484887529164553,6.0,-1.518868189305067,-0.3037736378610134,5.0,0.10360818482557654,1,5,6,5,0.8333333333333334,-3.0085683103453285,-1.0043431746380564,False,3,0.5,0.0,1.0,0.0,1.1576909906740815
~/anvil/data/cve-targets/php_repo_ext_phar_util.c,1418,1252,1478,PHP_SHA1_CTX  context;,PHP_SHA1_CTX   context;,			PHP_SHA1_CTX   context;,0.0059519512578845,"[[298, 10025, 6610, 38096, 16, 44233, 256, 2266, 26, 151664]]","[-0.004597569350153208, -0.0007983834366314113, -0.00030989613151177764, -0.01635162904858589, -0.0031147319823503494, -0.001374848885461688, -0.2538488209247589, -9.357491217087954e-05, -0.016753101721405983, -0.07819446921348572]",9.541839599609377,False,0.0,-0.3754370256065158,-0.03754370256065158,10.0,-0.2972425563930301,-0.03302695071033668,9.0,0.006133746936934575,1,5,5,5,1.0,-0.18021497988373705,-1.082565564181142,True,7,0.7,1.0,0.9777777777777777,0.0,1.7871823935455717
~/anvil/data/cve-targets/sqlite3_repo_src_printf.c,522,385,861,idx = precision;,if( precision>0 ){,"        if( precision>0 ){
",1.695978045463562,"[[286, 421, 7, 16052, 29, 15, 10959]]","[-0.5048409700393677, -1.0532724857330322, -0.0031628606375306845, -0.8268451690673828, -1.166629672050476, -1.1060937643051147, -1.106891393661499]",4.954167366027832,False,1.0,-5.767736315494403,-0.8239623307849148,7.0,-5.767736315494403,-0.8239623307849148,7.0,0.1578870825953718,1,7,13,13,0.5384615384615384,-2.0583198795604605,-1.0359905885722216,True,4,0.5714285714285714,9.0,0.6470588235294117,12.0,2.202292828354673
~/anvil/data/cve-targets/php_repo_ext_exif_exif.c,4354,4297,4370,exif_scan_thumbnail(&ImageInfo);,"zend_argument_value_error(3, ""must be positive","			zend_argument_value_error(3, ""must be positive",2.1474735736846924,"[[298, 20832, 408, 9025, 3142, 4096, 7, 18, 11, 330, 24812, 387, 6785]]","[-0.031267330050468445, -1.1532515287399292, -0.0357249490916729, -0.06639505922794342, -0.02611011639237404, -0.008345255628228188, -0.01905762404203415, -0.5244063138961792, -0.007531226146966219, -0.024062849581241608, -1.8783204555511475, -0.5017402172088623, -1.6569805145263672]",7.032812118530273,False,0.0,-5.933193440083414,-0.45639949539103186,13.0,-5.933193440083414,-0.45639949539103186,13.0,0.417762501516716,1,11,7,7,1.5714285714285714,-4.705249666949762,-1.0167467398991283,True,8,0.6153846153846154,39.0,0.3076923076923077,9.0,2.372990108155834
~/anvil/data/cve-targets/libsndfile_repo_src_common.c,620,470,684,psf->header.ptr [psf->header.indx] = 0 ;,psf->header.ptr [psf->header.indx - 1] = 0 ;,					psf->header.ptr [psf->header.indx - 1] = 0 ;,0.238883763551712,"[[464, 35009, 69, 405, 2708, 38740, 508, 1690, 69, 405, 2708, 28473, 87, 481, 220, 16, 60, 284, 220, 15, 2587, 151664]]","[-0.10135433822870255, -0.5424187183380127, -0.00023707917716819793, -0.00695332745090127, -0.0017676219576969743, -0.00941739697009325, -0.007217997685074806, -0.0006225554971024394, -5.006777428206988e-06, -4.95898348162882e-05, -2.0265373677830212e-05, -0.0001174142598756589, -3.814689989667386e-06, -0.09275803714990616, -0.03543999046087265, -0.03592611104249954, -0.010451583191752434, -0.0012849654303863645, -0.01959443837404251, -0.0031055815052241087, -0.12957827746868134, -0.6689538359642029]",6.42031192779541,False,0.0,-1.6672779468281078,-0.07578536121945945,22.0,-0.9983241108639049,-0.047539243374471664,21.0,0.013603316704629786,1,24,27,27,0.8888888888888888,-5.024980344554482,-1.0012963942313595,True,17,0.7727272727272727,4.0,0.9523809523809523,3.0,2.2818629093997362
~/anvil/data/cve-targets/lua_repo_ldebug.c,237,210,238,"luaO_chunkid(ar->short_src, ar->source, ar->srclen);",},},0.8354543447494507,"[[92, 151643]]","[-0.7555417418479919, -0.7120368480682373]",3.8409719467163086,False,0.0,-1.4675785899162292,-0.7337892949581146,2.0,-0.7555417418479919,-0.7555417418479919,1.0,0.0,0,22,2,2,11.0,-1.1057686140622742,-1.0652270243937596,True,19,9.5,52.0,0.0,21.0,2.156379732944785
~/anvil/data/cve-targets/lua_repo_ldo.c,320,309,331,Proto *p = clLvalue(s2v(ci->func))->p;,Proto *p = ci->func->p;,      Proto *p = ci->func->p;,1.2934510707855225,"[[414, 57677, 353, 79, 284, 11825, 405, 2830, 405, 79, 26, 151643]]","[-0.025599563494324684, -1.416886568069458, -0.012031013146042824, -0.0035881916992366314, -0.009679407812654972, -0.5474277138710022, -0.0004295380203984678, -0.09883344918489456, -0.00894042756408453, -0.21454595029354095, -0.09301625937223434, -0.8752833604812622]",4.804861068725586,False,0.0,-3.3062614430091344,-0.27552178691742785,12.0,-2.430978082527872,-0.22099800750253384,11.0,0.1668581946248243,1,26,16,16,1.625,-5.852772544886824,-1.0398648126200984,True,16,1.3333333333333333,15.0,0.7540983606557377,10.0,2.3464151929180375
~/anvil/data/cve-targets/lua_repo_ldebug.c,80,74,81,"return luaG_getfuncline(ci_func(ci)->p, currentpc(ci));",return ci->lineinfo[ci->pc];,"  return ci->lineinfo[ci->pc];
}",2.7360680103302,"[[220, 470, 11825, 405, 1056, 2733, 58, 5855, 405, 3992, 935, 92, 151643]]","[-0.23477843403816223, -1.2468326091766357, -0.9335815906524658, -0.04266412928700447, -1.8717374801635742, -0.7114346623420715, -0.2769527733325958, -0.03839091211557388, -0.003002185607329011, -0.6557220816612244, -0.816567063331604, -0.5088258385658264, -0.3926055431365967]",3.912499666213989,False,1.0,-7.733095303410664,-0.5948534848777434,13.0,-6.831663921708241,-0.621060356518931,11.0,0.311337368775463,0,25,17,16,1.4705882352941178,-4.405478439593174,-1.0633238949871606,True,16,1.2307692307692308,35.0,0.5060240963855422,19.0,2.4802261421059026
~/anvil/data/cve-targets/libxml2_repo_xmlregexp.c,1804,1763,1821,#endif,#endif,#endif,0.0147606898099184,[[2663]],[-0.014760689809918404],6.077083587646484,True,0.0,-0.014760689809918404,-0.014760689809918404,1.0,-0.014760689809918404,-0.014760689809918404,1.0,0.0,0,2,2,2,1.0,-0.9999999999999998,-1.0073117551581714,False,1,1.0,0.0,1.0,0.0,0.9803108183886899
~/anvil/data/cve-targets/libsndfile_repo_src_wavlike.c,416,409,457,int format = 0 ;,unsigned int format ;,	unsigned int format ;,0.7143239378929138,"[[9955, 526, 3561, 2587, 151664]]","[-0.9460740685462952, -0.27979227900505066, -0.16965419054031372, -1.0069916248321533, -0.67658531665802]",1.518923282623291,False,0.0,-3.079097479581833,-0.6158194959163665,5.0,-2.402512162923813,-0.6006280407309532,4.0,0.14328459154183876,0,8,7,7,1.1428571428571428,-1.189295020298411,-1.128894868264851,True,6,1.2,13.0,0.6486486486486487,5.0,1.7880629379638988
~/anvil/data/cve-targets/libxml2_repo_valid.c,5242,5203,5259,(cont->c1->type == XML_ELEMENT_CONTENT_ELEMENT)){,(cont->c1->type == XML_ELEMENT_CONTENT_ELEMENT)){,	       (cont->c1->type == XML_ELEMENT_CONTENT_ELEMENT)){,0.0538507476449012,"[[20295, 320, 772, 405, 66, 16, 405, 1313, 621, 11874, 27156, 25560, 27156, 33794, 151664]]","[-0.11280136555433273, -0.003839859738945961, -0.00047958316281437874, -1.2159273865108844e-05, -7.366862701019272e-05, -0.0024846892338246107, -0.0012846082681789994, -0.42966216802597046, -0.003021201817318797, -0.0003505330823827535, -5.5549986427649856e-05, -2.9682672902708873e-05, -0.0008818790083751082, -0.26747941970825195, -0.027028338983654976]",3.2840280532836914,True,0.0,-0.8494847071442564,-0.05663231380961709,15.0,-0.8224563681606014,-0.05874688344004296,14.0,0.01575678960602513,0,16,16,16,1.0,-0.9166570972205061,-1.0801625534077817,False,12,0.8,0.0,1.0,0.0,0.9265543128149367
~/anvil/data/cve-targets/openssl_repo_crypto_asn1_tasn_enc.c,523,454,567,case V_ASN1_NEG_INTEGER:,case V_ASN1_UTF8STRING:,"    case V_ASN1_UTF8STRING:
        return o",1.1343590021133425,"[[262, 1142, 647, 1566, 18966, 16, 55061, 23, 16468, 510, 286, 470, 297]]","[-0.10376713424921036, -0.013048852793872356, -0.003379231784492731, -5.304672595229931e-05, -0.000176652567461133, -3.0874729418428615e-05, -1.6963779926300049, -0.009807614609599113, -0.5100368857383728, -0.26150500774383545, -0.5865530967712402, -0.6422964930534363, -0.0659204050898552]",5.575695037841797,False,1.0,-3.8929532884867513,-0.2994579452682116,13.0,-3.18473639034346,-0.2895214900312236,11.0,0.23993283929144418,1,5,9,5,0.5555555555555556,-3.9180476792621053,-1.020017585272634,True,8,0.6153846153846154,10.0,0.6808510638297872,1.0,2.143581859704829
~/anvil/data/cve-targets/php_repo_ext_intl_msgformat_msgformat_parse.c,80,57,115,},},"	}
	",2.202228784561157,"[[197, 532, 197]]","[-0.008778669871389866, -0.20219632983207703, -0.48001277446746826]",6.292360305786133,True,1.0,-0.6909877741709352,-0.23032925805697838,3.0,-0.6909877741709352,-0.23032925805697838,3.0,0.03740599438099835,1,2,2,2,1.0,-9.561220329274772,-1.0019050482153564,False,1,0.3333333333333333,0.0,1.0,0.0,1.3234534008826064
~/anvil/data/cve-targets/libsndfile_repo_src_common.c,1058,903,1208,"psf_memset (void *s, int c, sf_count_t len)","psf_memdup2 (const void *src, size_t n)","psf_memdup2 (const void *src, size_t n)
{	if (src == NULL)
		return NULL",0.5864663124084473,"[[1690, 69, 12976, 21912, 17, 320, 1024, 737, 353, 3548, 11, 1379, 528, 308, 340, 90, 743, 320, 3548, 621, 1770, 340, 197, 853, 1770]]","[-0.05912690609693527, -0.00067473528906703, -0.44228342175483704, -0.6066312789916992, -1.7010674476623535, -0.025158384814858437, -0.47596922516822815, -0.03174208477139473, -0.009503600187599659, -0.6079564690589905, -0.011318638920783997, -0.05624339357018471, -5.876845170860179e-05, -0.24973315000534058, -0.48567330837249756, -0.04955015704035759, -0.6803144216537476, -0.015523787587881088, -0.018069416284561157, -0.020777778699994087, -0.0007853999268263578, -0.028807705268263817, -0.001570183434523642, -0.006468785926699638, -0.00627594580873847]",4.1777777671813965,False,2.0,-5.591284394748072,-0.2236513757899229,25.0,-4.763140813116479,-0.3175427208744319,15.0,0.18984450567991465,0,19,30,17,0.6333333333333333,-1.8468894855894291,-1.056295313767622,True,17,0.68,25.0,0.6341463414634146,10.0,2.111890031233143
~/anvil/data/cve-targets/poppler_repo_poppler_FileSpec.cc,124,119,129,{,{,{,0.1835521757602691,[[90]],[-0.18355236947536469],12.143924713134766,True,0.0,-0.18355236947536469,-0.18355236947536469,1.0,-0.18355236947536469,-0.18355236947536469,1.0,0.0,0,2,2,2,1.0,-0.9999989446330977,-1.1553298345804115,False,1,1.0,0.0,1.0,0.0,0.5612038559295282
~/anvil/data/cve-targets/poppler_repo_poppler_Stream.cc,532,507,538,if (width > INT_MAX / nComps) {,if (imgLineSize > INT_MAX / nComps) {,        if (imgLineSize > INT_MAX / nComps) {,0.8576555252075195,"[[286, 421, 320, 1892, 2460, 1695, 861, 9221, 6806, 608, 308, 1092, 1690, 8, 314, 151664]]","[-0.023217959329485893, -0.06411335617303848, -0.26140469312667847, -0.23787595331668854, -0.0003121604095213115, -0.005747340619564056, -0.8301730155944824, -0.2865739166736603, -0.0009553635609336197, -0.05249067395925522, -1.0088108777999878, -0.23511621356010437, -5.125868119648658e-05, -0.23766553401947021, -0.2370792180299759, -0.0509510338306427]",6.61875057220459,False,0.0,-3.5325385686846857,-0.22078366054279286,16.0,-3.481587534854043,-0.2321058356569362,15.0,0.08541612256506068,1,16,16,16,1.0,-3.695105393537698,-1.0062761336555939,True,12,0.75,10.0,0.7941176470588236,1.0,2.268479319022985
~/anvil/data/cve-targets/libxml2_repo_xmlstring.c,412,398,421,size = xmlStrlen(cur);,size = xmlStrlen(cur);,    size = xmlStrlen(cur);,0.1221557185053825,"[[262, 1379, 284, 8396, 2580, 2892, 17591, 1215, 151664]]","[-0.08967100828886032, -0.15816731750965118, -0.003184487810358405, -0.5133386850357056, -0.0031147319823503494, -0.0027708730194717646, -0.007835131138563156, -0.17990688979625702, -0.10739332437515259]",7.223785400390625,True,0.0,-1.0653824489563704,-0.11837582766181892,9.0,-0.9579891245812178,-0.11974864057265222,8.0,0.026788987348661034,1,12,12,12,1.0,-1.0201010877553127,-1.0216126328941826,False,7,0.7777777777777778,0.0,1.0,0.0,1.0670676173431357
~/anvil/data/cve-targets/openssl_repo_crypto_x509_x509_obj.c,79,17,173,"ascii2ebcdic(ebcdic_buf, q, (num > (int)sizeof(ebcdic_buf))",#ifdef CHARSET_EBCDIC,"#ifdef CHARSET_EBCDIC
            if (type == V_ASN1_GENERALSTRING)
                num = sk_X509_NAME_ENTRY_num(a->entries);
            if (num",0.9612415432929992,"[[5753, 97701, 2089, 4897, 93161, 198, 310, 421, 320, 1313, 621, 647, 1566, 18966, 16, 65336, 16468, 340, 394, 1629, 284, 1901, 6859, 20, 15, 24, 4708, 22659, 4273, 2877, 405, 12940, 317, 310, 421, 320, 2413]]","[-0.4641118347644806, -0.008793912827968597, -0.0012622254434973001, -3.290122185717337e-05, -1.8000440832111053e-05, -0.07327602803707123, -0.04474768787622452, -0.8891681432723999, -0.42785656452178955, -1.3437695503234863, -0.18650591373443604, -0.0033736478071659803, -0.00028046013903804123, -1.5735502529423684e-05, -1.5139465176616795e-05, -0.6483412981033325, -0.0015397133538499475, -0.5287608504295349, -0.03494028374552727, -1.7187697887420654, -0.09247822314500809, -1.13566255569458, -0.5846236944198608, -0.005891813430935144, -0.0001245659514097497, -0.00028701478731818497, -0.46725013852119446, -0.07614228874444962, -0.2685694992542267, -0.08481431007385254, -0.15912429988384247, -0.0741192027926445, -0.25883224606513977, -0.10990728437900543, -1.660546064376831, -0.4466082453727722, -0.7507563233375549]",3.591840982437134,False,3.0,-12.55131744998289,-0.3392247959454835,37.0,-0.5922425906119315,-0.08460608437313308,7.0,0.024677589707905227,1,24,29,5,0.8275862068965517,-11.361376080870189,-1.071882254071393,True,24,0.6486486486486487,54.0,0.15000000000000002,24.0,2.1779274266198447
~/anvil/data/cve-targets/php_repo_ext_exif_exif.c,3710,3696,3931,if (ImageInfo->FileSize >= dir_offset+2) {,if (ImageInfo->FileSize >= dir_offset+2) {,"
	if (ImageInfo->FileSize >= dir_offset+2) {
		/* we have",0.4965174794197082,"[[198, 743, 320, 1906, 1731, 405, 67649, 2604, 5419, 6917, 10, 17, 8, 341, 197, 197, 1057, 582, 614]]","[-1.9553484916687012, -0.4175824522972107, -0.12718252837657928, -0.38524100184440613, -3.671578815556131e-05, -0.01961325854063034, -0.3396778106689453, -0.5201951265335083, -0.2790696620941162, -0.0023344901856034994, -0.40182220935821533, -0.0861300379037857, -0.2517445385456085, -0.5942116975784302, -0.5356578826904297, -0.8838609457015991, -0.09148798882961273, -2.1630330085754395, -1.0720065832138062]",0.2272568494081497,True,2.0,-10.126236430394783,-0.5329598121260413,19.0,-6.799708849775925,-0.4249818031109953,16.0,0.21189576138157257,1,19,20,19,0.95,-1.168326445473783,-1.165943723660905,False,13,0.6842105263157895,0.0,1.0,0.0,0.7692960318152855
~/anvil/data/cve-targets/openssl_repo_ssl_record_rec_layer_s3.c,798,589,1025,|| (eivlen > 0,"|| !WPACKET_allocate_bytes(thispkt, SSL3","                    || !WPACKET_allocate_bytes(thispkt, SSL3",0.604331910610199,"[[503, 1369, 753, 54, 17279, 1348, 77078, 12524, 1394, 46775, 11, 25316, 18]]","[-0.34758248925209045, -0.03035958670079708, -0.13093894720077515, -0.02372157946228981, -2.002696055569686e-05, -1.9073304429184645e-05, -1.3485769033432007, -0.013471881859004498, -0.025471391156315804, -0.0002696150622796267, -0.11427765339612961, -0.4565974473953247, -0.0065713501535356045]",4.833332538604736,False,0.0,-2.497877945246728,-0.19214445732667138,13.0,-2.497877945246728,-0.19214445732667138,13.0,0.1308125711569619,0,7,8,8,0.875,-3.1451956461213637,-1.0391249139840861,True,8,0.6153846153846154,34.0,0.2222222222222222,6.0,2.0297398450927373
~/anvil/data/cve-targets/poppler_repo_poppler_GfxState.cc,2408,2399,2421,int i;,int i;,"    int i;
    if",1.5076357126235962,"[[262, 526, 600, 280, 262, 421]]","[-0.06902143359184265, -0.549544095993042, -0.021514950320124626, -0.23098105192184448, -0.03572598472237587, -1.2261804342269897]",7.272395610809326,True,1.0,-2.1329679507762194,-0.35549465846270323,6.0,-0.9067875165492296,-0.18135750330984593,5.0,0.039480287424112345,1,5,6,5,0.8333333333333334,-8.313059482561515,-1.0228549077080813,False,3,0.5,0.0,1.0,0.0,1.1908499427192543
~/anvil/data/cve-targets/sqlite3_repo_src_select.c,2116,2093,2124,"sqlite3ColumnsFromExprList(pParse, pSelect->pEList, &pTab->nCol, &pTab->aCol);",pTab->nCol = pSelect->pEList->nExpr;,  pTab->nCol = pSelect->pEList->nExpr;,0.8302281498908997,"[[220, 281, 8582, 405, 77, 6127, 284, 281, 3379, 405, 79, 36, 852, 405, 77, 16041, 26, 151643]]","[-0.07588949799537659, -0.179531991481781, -0.005090490449219942, -0.00030727434204891324, -1.4847108125686646, -0.18066491186618805, -0.025651851668953896, -0.5885825157165527, -0.016530342400074005, -0.0008518642862327397, -0.0450240820646286, -0.003634990891441703, -0.014105621725320816, -0.21127597987651825, -0.002248974982649088, -0.005409247241914272, -0.40022438764572144, -0.6075500249862671]",4.445138931274414,False,0.0,-3.8472848621895537,-0.21373804789941964,18.0,-3.2397348372032866,-0.19057263748254627,17.0,0.1301217820538832,0,28,16,16,1.75,-4.356491891271309,-1.0492585483202694,True,30,1.6666666666666667,54.0,0.42105263157894735,21.0,2.271715953160672
~/anvil/data/cve-targets/poppler_repo_poppler_GfxState.cc,4279,4099,4307,if (typeA == 5 && nVerticesA > 0) {,if (typeA == 4) {,"    if (typeA == 4) {
        if (nVerticesA != vertsPerRow * nRows) {
",0.8047351241111755,"[[262, 421, 320, 1313, 32, 621, 220, 19, 8, 341, 286, 421, 320, 77, 31222, 32, 961, 59414, 3889, 3102, 353, 308, 9024, 8, 341]]","[-0.006101078819483519, -0.04746624827384949, -0.060152050107717514, -0.4706365168094635, -0.001076952670700848, -0.06519047170877457, -0.0020341435447335243, -0.12000812590122223, -0.18930675089359283, -0.578510582447052, -0.007596888579428196, -0.5888248085975647, -0.08170120418071747, -0.45386749505996704, -0.7808799743652344, -0.0002779574424494058, -1.363511323928833, -0.5201367139816284, -0.00012146688823122531, -7.986990567587782e-06, -0.37924301624298096, -0.07909000664949417, -0.0028808305505663157, -0.19277919828891754, -0.06336508691310883]",7.913369178771973,False,2.0,-6.054766879836279,-0.24219067519345117,25.0,-1.5480798097560182,-0.14073452815963802,11.0,0.036251389499940244,1,19,22,13,0.8636363636363636,-5.718107238035773,-1.0393775100388474,True,16,0.64,19.0,0.6153846153846154,7.0,2.195295038199922
~/anvil/data/cve-targets/libxml2_repo_HTMLparser.c,694,539,844,"static const char* const object_attrs[] = { ATTRS, ""declare"", ""classid"", ""codebase"", ""data"", ""type"", ""codetype"", ""archive"", ""standby"", ""height"", ""width"", ""usemap"", ""name"", ""tabindex"", NULL } ;","static const char* const object_content[] = { ""param"", NULL } ;","static const char* const object_content[] = { ""param"", NULL } ;",0.5692532658576965,"[[1978, 733, 1161, 9, 733, 1633, 7495, 1294, 284, 314, 330, 903, 497, 1770, 335, 2587, 151662]]","[-0.011635652743279934, -0.0004683827864937484, -0.0009068905492313206, -9.97731985989958e-05, -0.0003904534096363932, -1.164027214050293, -0.9886986017227173, -0.02915407530963421, -0.0023085628636181355, -0.003925239201635122, -0.5479973554611206, -0.8154889941215515, -0.22931192815303802, -0.07422380149364471, -0.12003223598003387, -0.6966259479522705, -0.031080255284905434]",7.04184103012085,False,0.0,-4.716375364281703,-0.2774338449577472,17.0,-4.685295108996797,-0.29283094431229983,16.0,0.1552877601212148,0,90,28,28,3.2142857142857144,-1.94396554365032,-1.0169762687137098,True,61,3.588235294117647,137.0,0.4549019607843138,64.0,3.0341668072136874
~/anvil/data/cve-targets/openssl_repo_crypto_bn_bn_gf2m.c,599,495,643,break;,break;,"                break;
           ",0.5842080116271973,"[[394, 1438, 280, 310]]","[-0.06750883907079697, -0.15583743155002594, -0.5329997539520264, -0.02398417703807354]",7.782118797302246,True,1.0,-0.7803302016109228,-0.1950825504027307,4.0,-0.7803302016109228,-0.1950825504027307,4.0,0.04031948024984355,1,4,4,4,1.0,-2.9946707710205316,-1.0359726318711668,False,2,0.5,0.0,1.0,0.0,1.0021042354559762
~/anvil/data/cve-targets/sqlite3_repo_src_select.c,5799,5644,5949,** Deallocate a single AggInfo object,** Check to see if the pThis entry of pTabList,** Check to see if the pThis entry of pTabList,2.838693857192993,"[[334, 4248, 311, 1490, 421, 279, 281, 1986, 4343, 315, 281, 8582, 852]]","[-0.007233383134007454, -1.7932472229003906, -0.6036154627799988, -0.01689200848340988, -0.018106412142515182, -0.3404834568500519, -0.3501172363758087, -0.0764470249414444, -0.047857239842414856, -0.009750477969646454, -0.013144273310899734, -0.011944438330829144, -0.000692842761054635]",7.53836727142334,False,0.0,-3.2895314798224717,-0.25304088306326705,13.0,-3.2895314798224717,-0.25304088306326705,13.0,0.23041717713650678,0,8,12,12,0.6666666666666666,-11.218321019229304,-1.0296788301499369,True,9,0.6923076923076923,33.0,0.3855421686746988,9.0,2.4033799708194516
~/anvil/data/cve-targets/libpng_repo_png.c,2261,2226,2361,*/,*/,       */,0.4049331247806549,"[[981, 639, 151643]]","[-0.0027165436185896397, -0.40493717789649963, -0.08675949275493622]",8.231945037841797,True,0.0,-0.4944132142700255,-0.16480440475667515,3.0,-0.4076537215150893,-0.20382686075754464,2.0,0.040445359659731055,1,3,3,3,1.0,-1.9866524131102103,-1.047688577002045,False,1,0.3333333333333333,0.0,1.0,0.0,0.9287785025979529
~/anvil/data/cve-targets/openssl_repo_crypto_pkcs7_pk7_doit.c,75,45,86,if (*pbio == NULL),if (ctx->flags & PKCS7_NO_SIGN,    if (ctx->flags & PKCS7_NO_SIGN,0.237086609005928,"[[262, 421, 320, 3773, 405, 11161, 609, 24826, 6412, 22, 9100, 36727]]","[-0.06336542218923569, -0.1679157018661499, -1.0595898628234863, -1.1815872192382812, -0.300963431596756, -1.9092774391174316, -0.0156692024320364, -0.09286613762378693, -0.0020273623522371054, -0.0004033228906337172, -2.267113447189331, -2.1572654247283936]",7.674305438995361,False,0.0,-9.21804397404776,-0.7681703311706466,12.0,-9.21804397404776,-0.7681703311706466,12.0,0.7507043949636817,0,15,10,10,1.5,-0.3086380707318153,-1.0331840993586352,True,7,0.5833333333333334,24.0,0.29166666666666663,12.0,2.0835985442281593
~/anvil/data/cve-targets/libxml2_repo_parser.c,9750,9665,9759,"int m_tmp = xmlSwitchToEncoding(ctxt, handler);",ctxt->input->encoder = handler->encoder;,"		ctxt->input->encoder = handler->encoder;
		ctxt->input->decoder = handler",3.017830371856689,"[[197, 197, 77492, 405, 1355, 405, 27008, 284, 7013, 405, 27008, 280, 197, 197, 77492, 405, 1355, 405, 48110, 284, 7013]]","[-0.32625842094421387, -0.5219800472259521, -0.1450708657503128, -0.0004209585895296186, -0.15017902851104736, -0.0045600710436701775, -1.1938811540603638, -0.04102884232997894, -0.10168282687664032, -0.0600593239068985, -1.285467505455017, -0.5741456151008606, -0.16530878841876984, -0.2158873826265335, -0.031282927840948105, -0.0001821352052502334, -0.06336665898561478, -0.0009173714206553996, -0.548545777797699, -0.018805544823408127, -0.026247497648000717]",5.0319437980651855,False,1.0,-5.475278744561365,-0.2607275592648269,21.0,-4.7859308308397885,-0.341852202202842,14.0,0.16310238207095815,1,15,28,16,0.5357142857142857,-8.827880447779078,-1.0339781544155309,True,13,0.6190476190476191,39.0,0.3908045977011494,16.0,2.496790929143392
~/anvil/data/cve-targets/libsndfile_repo_src_common.c,1264,1258,1275,BUF_UNION	ubuf ;,if (psf->sf.format == SF_FORMAT_W,"
	if (psf->sf.format == SF_FORMAT_W",2.273975610733032,"[[198, 743, 320, 1690, 69, 405, 17246, 8021, 621, 23463, 14960, 2763]]","[-1.3225542306900024, -0.7908145189285278, -0.27308791875839233, -0.15262404084205627, -0.00038425691309385, -0.3346312940120697, -1.3971844911575317, -0.6484508514404297, -0.7652279138565063, -0.32332345843315125, -0.008149229921400547, -0.8024716973304749]",1.4694445133209229,False,1.0,-6.818903902283637,-0.5682419918569698,12.0,-6.818903902283637,-0.5682419918569698,12.0,0.20136259862480418,0,5,13,13,0.38461538461538464,-4.001773264418316,-1.1302921404969057,True,7,0.5833333333333334,32.0,0.12244897959183676,13.0,1.9828640997008242
~/anvil/data/cve-targets/sqlite3_repo_src_expr.c,5439,5367,5449,|| (pRight->op==TK_COLUMN && IsVirtual(pRight->y.pTab)),|| (pRight->op==TK_COLUMN && IsVirtual(pRight->y.pTab)),"          || (pRight->op==TK_COLUMN && IsVirtual(pRight->y.pTab))
      ){
        return WRC_Prune;
     ",0.0892464071512222,"[[688, 1369, 320, 79, 5979, 405, 453, 418, 15778, 36183, 1009, 2160, 33026, 1295, 5979, 405, 88, 556, 8582, 1171, 414, 10959, 286, 470, 467, 7380, 32716, 2886, 280, 414]]","[-1.3365051746368408, -0.33464324474334717, -0.3758023977279663, -0.02491725981235504, -0.0369616337120533, -0.013151685707271099, -0.0019209994934499264, -0.0010670688934624195, -0.00013076403411105275, -0.0006876011611893773, -0.006604035850614309, -0.006582600995898247, -0.00027414379292167723, -0.0007853999268263578, -0.003420100547373295, -0.00011669908417388797, -0.0016969341086223722, -2.47952248173533e-05, -0.0001776060671545565, -0.5212324857711792, -0.2854415476322174, -0.4465900957584381, -0.0054030814208090305, -0.32052159309387207, -0.003972853533923626, -4.1126360883936286e-05, -0.06822828948497772, -2.3841855067985307e-07, -0.0027970261871814728, -0.0005528590409085155]",1.6807293891906738,True,3.0,-3.8002513422233903,-0.12667504474077967,30.0,-2.952144178923845,-0.14057829423446883,21.0,0.0942799995116973,1,26,32,26,0.8125,-0.6348519708339126,-1.124337539939707,False,19,0.6333333333333333,0.0,1.0,0.0,0.9128724813132368
~/anvil/data/cve-targets/openssl_repo_crypto_asn1_a_int.c,130,85,161,if (blen == 0),if (neg && i == 128),    if (neg && i == 128),0.687475860118866,"[[262, 421, 320, 28775, 1009, 600, 621, 220, 16, 17, 23, 8, 151664]]","[-0.017023511230945587, -0.727846622467041, -0.12200187146663666, -0.4171755909919739, -0.417868435382843, -1.546176552772522, -0.4538883566856384, -0.02683756686747074, -0.3192100524902344, -0.007675441447645426, -0.09372769296169281, -0.7650808095932007, -0.07529440522193909]",6.881250381469727,False,0.0,-4.989806909579784,-0.3838313007369064,13.0,-4.914512504357845,-0.40954270869648707,12.0,0.1811971688154691,1,12,15,15,0.8,-1.6786426556268048,-1.0129015317785828,True,8,0.6153846153846154,11.0,0.5882352941176471,5.0,2.1777031480808917
~/anvil/data/cve-targets/sqlite3_repo_src_select.c,2804,2535,2855,},},"  }
 ",1.646601319313049,"[[220, 456, 220]]","[-0.28195908665657043, -0.809296190738678, -0.5270048379898071]",2.0675344467163086,True,1.0,-1.6182601153850555,-0.5394200384616852,3.0,-1.6182601153850555,-0.5394200384616852,3.0,0.046424472158329046,1,2,2,2,1.0,-3.052540139236979,-1.1135174538860493,False,1,0.3333333333333333,0.0,1.0,0.0,0.9053690743247096
~/anvil/data/cve-targets/libsndfile_repo_src_alaw.c,326,320,332,{,{,	{,0.1489171385765075,"[[197, 90, 151664]]","[-0.013339204713702202, -0.14888930320739746, -0.212910994887352]",5.600868701934815,True,0.0,-0.37513950280845165,-0.12504650093615055,3.0,-0.16222850792109966,-0.08111425396054983,2.0,0.0045934573004126214,1,2,2,2,1.0,-1.835893585964975,-1.0193758477283668,False,1,0.3333333333333333,0.0,1.0,0.0,0.9641452492604523
~/anvil/data/cve-targets/libsndfile_repo_src_common.c,583,470,684,"double64_le_write (doubledata, psf->header.ptr + psf->header.indx) ;","double64_le_write (doubledata, psf->header.ptr + psf->header.indx) ;","						double64_le_write (doubledata, psf->header.ptr + psf->header.indx) ;",0.0097948843613266,"[[1144, 8646, 21, 19, 11751, 9165, 320, 4331, 691, 11, 4726, 69, 405, 2708, 38740, 488, 4726, 69, 405, 2708, 28473, 87, 8, 2587, 151664]]","[-0.029656335711479187, -0.012547831982374191, -0.03849897161126137, -3.909988299710676e-05, -0.003541627898812294, -6.4490144723095e-05, -0.000801837770268321, -0.0016975292237475514, -0.0001481661747675389, -0.00037555795279331505, -0.002292387653142214, -3.2186455882765586e-06, -3.075552376685664e-05, -2.312633478140924e-05, -7.128461584215984e-05, -0.0002928543253801763, -0.0007160721579566598, -6.318072337307967e-06, -2.13382354559144e-05, -1.4662635294371285e-05, -8.415821503149346e-05, -5.960462772236497e-07, -0.0004117832868359983, -0.16708551347255707, -0.47727254033088684]",8.34045124053955,True,0.0,-0.7356980579043579,-0.029427922316174318,25.0,-0.2584255175734711,-0.010767729898894629,24.0,0.0011531793186752293,0,26,26,26,1.0,-0.9096517514181056,-1.0505344529243095,False,23,0.92,0.0,1.0,0.0,1.122546620149171
~/anvil/data/cve-targets/sqlite3_repo_src_sqliteInt.h,2107,1952,2257,((X)->op==TK_COLUMN && (X)->y.pTab==0),#ifdef SQLITE_ENABLE_DBPAGE_VTAB,"#ifdef SQLITE_ENABLE_DBPAGE_VTAB
    (((X)->nModuleArg>0) && ((X)->azModuleArg[0",1.2242082357406616,"[[5753, 55252, 14379, 16310, 37374, 2334, 78199, 198, 262, 11600, 55, 3997, 77, 3332, 2735, 29, 15, 8, 1009, 1781, 55, 3997, 1370, 3332, 2735, 58, 15]]","[-1.2711397409439087, -0.02150806598365307, -0.9359906911849976, -2.0861546993255615, -0.4594044089317322, -0.046293146908283234, -0.03525346517562866, -0.020151643082499504, -1.2474969625473022, -0.9356106519699097, -0.08673184365034103, -0.06433369964361191, -0.8523552417755127, -0.014088460244238377, -0.00022230061586014926, -1.5448938608169556, -0.7224822044372559, -0.3747267425060272, -0.23177754878997803, -0.5746155381202698, -0.14366590976715088, -0.004174091853201389, -0.10809535533189774, -7.080780778778717e-05, -2.0265373677830212e-05, -0.08852972835302353, -0.5734876394271851]",0.9307290315628052,False,1.0,-12.443274714567451,-0.46086202646546115,27.0,-6.123392824083567,-0.6803769804537296,9.0,0.4943618172352811,1,31,28,5,1.1071428571428572,-1.799308722826369,-1.145617757560445,True,17,0.6296296296296297,36.0,0.11428571428571432,30.0,2.075427558652811
~/anvil/data/cve-targets/libpng_repo_pngrutil.c,2634,2602,2642,limit = limit < idat_limit? idat_limit : limit;,if (length > idat_limit),"      if (length > idat_limit)
      {
         png_debug2(0,"" length = %lu",0.4820840060710907,"[[414, 421, 320, 4129, 861, 877, 266, 14763, 340, 414, 341, 260, 36151, 15446, 17, 7, 15, 1335, 3084, 284, 1018, 9835]]","[-0.15204589068889618, -0.7097120881080627, -0.03872101753950119, -0.5050802826881409, -0.02871318906545639, -0.10672444850206375, -1.728519782773219e-05, -1.9907753085135482e-05, -0.03830590099096298, -0.35797613859176636, -0.0104964105412364, -0.03310537710785866, -0.07353335618972778, -0.4992220997810364, -0.41338998079299927, -0.0035612278152257204, -0.06858286261558533, -0.03851697966456413, -0.3764607906341553, -0.010248771868646145, -0.004320216365158558, -0.08875184506177902]",4.093750953674316,False,2.0,-3.557506067563736,-0.1617048212528971,22.0,-1.9373161491257633,-0.19373161491257634,10.0,0.054992403755664145,0,15,16,12,0.9375,-2.488411642511919,-1.0585165742522527,True,14,0.6363636363636364,31.0,0.45070422535211263,14.0,2.0441678226250204
~/anvil/data/cve-targets/libsndfile_repo_src_wavlike.c,273,95,384,for (bit = k = 0 ; bit < ARRAY_LEN (channel_mask_bits) ; bit++),k = 0 ;,"					k = 0 ;
					for (bit = 0 ; bit < 32 ; bit++)",0.5053367018699646,"[[464, 16463, 284, 220, 15, 4386, 464, 2023, 320, 4489, 284, 220, 15, 2587, 2699, 366, 220, 18, 17, 2587, 2699, 2457, 151664]]","[-0.05319184064865112, -0.3959690034389496, -0.0151024479418993, -0.03356911614537239, -0.08524833619594574, -0.15276925265789032, -0.012575614266097546, -0.4958028197288513, -0.006400443147867918, -0.03263334557414055, -0.004231784492731094, -0.02169029228389263, -0.10577771812677383, -0.033097535371780396, -0.041622720658779144, -0.026874354109168053, -0.3425423800945282, -0.6316999197006226, -0.019398150965571404, -0.033439308404922485, -0.05525258928537369, -0.10707774013280869, -0.46619316935539246]",7.619616985321045,False,1.0,-3.1721598827280104,-0.13791999490121784,23.0,-0.748425611294806,-0.10691794447068657,7.0,0.015959933513683557,1,28,26,7,1.0769230769230769,-4.7263974665030295,-1.0317724835482285,True,21,0.9130434782608695,56.0,0.19999999999999996,22.0,2.2756527046187465
~/anvil/data/cve-targets/libsndfile_repo_src_aiff.c,1425,1408,1432,{    size_t chanmap_size = psf->sf.channels * sizeof (psf->channel_map [0]) ;,{	unsigned chanmap_size = map_info->channel_map_size ;,	{	unsigned chanmap_size = map_info->channel_map_size ;,0.9126631617546082,"[[197, 90, 9955, 26023, 2186, 2368, 284, 2415, 3109, 405, 10119, 5376, 2368, 2587, 151664]]","[-0.01961512863636017, -0.9079814553260803, -1.0615683794021606, -0.5719820261001587, -0.013186745345592499, -0.010377141647040844, -0.2973490357398987, -1.5525097846984863, -0.0014310367405414581, -0.0007191693875938654, -0.9048429727554321, -0.1873183697462082, -0.19183805584907532, -0.8512799143791199, -0.2098962515592575]",5.128645896911621,False,0.0,-6.7818954673130065,-0.4521263644875338,15.0,-6.571999215753749,-0.4694285154109821,14.0,0.23629411671436434,1,33,15,15,2.2,-1.9442005157176627,-1.0314814771133862,True,25,1.6666666666666667,40.0,0.5801526717557253,23.0,2.3942184968134717
~/anvil/data/cve-targets/php_repo_ext_phar_phar.c,2801,2646,2951,cleanup:,},"}
/* }}}",1.5719685554504397,"[[532, 1057, 97901]]","[-0.470899760723114, -0.08728477358818054, -0.08249098062515259]",1.9598958492279053,False,1.0,-0.6406755149364471,-0.2135585049788157,3.0,-0.470899760723114,-0.470899760723114,1.0,0.0,0,6,7,2,0.8571428571428571,-3.3382233047570966,-1.1165179255828863,True,2,0.6666666666666666,8.0,0.0,5.0,1.930662861974512
~/anvil/data/cve-targets/libxml2_repo_xmlmemory.c,985,830,1135,"xmlGcMemGet(xmlFreeFunc *freeFunc, xmlMallocFunc *mallocFunc,","xmlGcMemGet(xmlFreeFunc *freeFunc, xmlMallocFunc *mallocFunc,","xmlGcMemGet(xmlFreeFunc *freeFunc, xmlMallocFunc *mallocFunc,",0.0069681061431765,"[[6455, 38, 66, 18816, 1949, 29932, 10940, 9626, 353, 10593, 9626, 11, 8396, 53681, 9626, 353, 16166, 9626, 11, 151664]]","[-0.0015253110323101282, -0.00138853897806257, -1.680836794548668e-05, -0.00020168177434243262, -0.00019965562387369573, -0.0032858450431376696, -0.0002012050390476361, -5.340433563105762e-05, -0.0036819064989686012, -0.00040368037298321724, -0.0003295593778602779, -0.016290174797177315, -0.004407335072755814, -0.00024125049822032452, -0.0002019201492657885, -0.0014775798190385103, -0.0003033416287507862, -0.00042012447374872863, -0.09684152156114578, -0.15047258138656616]",9.830729484558104,True,0.0,-0.281943425830832,-0.014097171291541599,20.0,-0.13147084444426582,-0.006919518128645569,19.0,0.0004623638995268859,0,15,15,15,1.0,-1.0070218783486937,-1.0904124220785214,False,19,0.95,0.0,1.0,0.0,0.8774152952739899
~/anvil/data/cve-targets/sqlite3_repo_src_resolve.c,875,717,1141,pNC->nNcErr++;,pNC->nNcErr++;,              pNC->nNcErr++;,0.0938218235969543,"[[1060, 281, 9949, 405, 77, 45, 66, 7747, 19581, 151664]]","[-0.45080819725990295, -0.39119333028793335, -0.13055935502052307, -9.917721035890281e-05, -0.01524393167346716, -0.00664181262254715, -8.296622399939224e-05, -0.0010601620888337493, -0.19094939529895782, -0.15920625627040863]",4.080035209655762,True,0.0,-1.3458445839569322,-0.13458445839569322,10.0,-1.1866383276865236,-0.13184870307628038,9.0,0.028176508487974705,0,9,9,9,1.0,-0.7115870039515988,-1.0588795950467456,False,8,0.8,0.0,1.0,0.0,0.9168713299688238
~/anvil/data/cve-targets/php_repo_ext_phar_phar.c,846,632,1125,efree(savebuf);,efree(savebuf);,					efree(savebuf);,0.105466105043888,"[[464, 197, 823, 765, 33546, 5909, 1215, 151664]]","[-0.0028733417857438326, -0.0006206493126228452, -0.003091914812102914, -5.364403477869928e-06, -0.00025102324434556067, -1.168244216387393e-05, -0.5239856243133545, -0.19058758020401]",12.329167366027832,True,0.0,-0.7214271805178214,-0.09017839756472767,8.0,-0.5308396003138114,-0.07583422861625877,7.0,0.033474769613144655,0,9,9,9,1.0,-1.3907454057134851,-1.160692651865185,False,5,0.625,0.0,1.0,0.0,0.6129809861092886
~/anvil/data/cve-targets/libsndfile_repo_src_double64.c,76,70,214,if (psf->sf.channels < 1),if (psf->sf.channels != 2),	if (psf->sf.channels != 2),0.4923505187034607,"[[743, 320, 1690, 69, 405, 17246, 39895, 961, 220, 17, 8, 151662]]","[-0.4565291404724121, -0.1409587860107422, -0.4688522219657898, -0.00024005869636312127, -0.08916322886943817, -0.9487874507904053, -0.27575138211250305, -1.221848964691162, -0.03885839879512787, -0.5424396395683289, -0.289322167634964, -0.42003729939460754]",2.286284685134888,False,0.0,-4.892788739001844,-0.40773239491682034,12.0,-4.4727514396072365,-0.40661376723702153,11.0,0.13508980601650558,1,18,18,18,1.0,-1.2108555055797259,-1.1074445195064826,True,11,0.9166666666666666,3.0,0.9019607843137255,2.0,1.93291723015506
~/anvil/data/cve-targets/php_repo_ext_phar_phar.c,976,632,1125,if (buffer + 4 > endbuffer) {,if (buffer + 20 > endbuffer) {,"		if (buffer + 20 > endbuffer) {
			MAPPHAR",0.657768964767456,"[[197, 743, 320, 7573, 488, 220, 17, 15, 861, 835, 7573, 8, 341, 298, 9209, 2537, 10842, 934]]","[-0.02801666036248207, -0.6618961691856384, -0.16566036641597748, -0.9025338292121887, -0.10532590746879578, -0.6694361567497253, -0.35076311230659485, -0.1166534572839737, -0.05328373610973358, -0.004605994094163179, -3.528532761265524e-05, -0.16802676022052765, -0.5297210216522217, -0.0019965493120253086, -0.15438276529312134, -0.00010895135346800089, -7.915183232398704e-05, -3.576272320060525e-06]",6.611804962158203,False,1.0,-3.912529450452894,-0.217362747247383,18.0,-3.7579550057016604,-0.2684253575501186,14.0,0.08426818162504528,1,16,14,16,1.1428571428571428,-2.4504725290144833,-1.0061014187842159,True,11,0.6111111111111112,2.0,0.9491525423728814,1.0,2.2391311849944087
~/anvil/data/cve-targets/openssl_repo_crypto_x509_x509_vfy.c,1029,1021,1047,return 0;,return 0;,        return 0;,0.0305003095418214,"[[286, 470, 220, 15, 26, 151664]]","[-0.004402231890708208, -0.0006441186997108161, -0.0006911749369464815, -0.0010712367948144674, -0.08995182812213898, -0.28388744592666626]",8.5791654586792,True,0.0,-0.3806480363709852,-0.0634413393951642,6.0,-0.09676059044431895,-0.01935211808886379,5.0,0.00124804576309422,0,5,5,5,1.0,-1.5760708673730581,-1.0568226355076884,False,4,0.6666666666666666,0.0,1.0,0.0,0.8681282686709201
~/anvil/data/cve-targets/lua_repo_ldebug.c,114,103,121,L->oldpc = L->ci->u.l.savedpc;,"sethook(L, func, mask, count);","    sethook(L, func, mask, count);",0.6994668841362,"[[262, 738, 20873, 4957, 11, 2915, 11, 6911, 11, 1760, 1215, 151664]]","[-0.20082634687423706, -1.4316089153289795, -0.39080801606178284, -0.2901522219181061, -0.1606931984424591, -0.19595126807689667, -0.016348814591765404, -0.11885629594326019, -0.08606933802366257, -0.047580376267433167, -0.39417794346809387, -0.8951882719993591]",4.938194751739502,False,0.0,-4.228261006996036,-0.3523550839163363,12.0,-3.3330727349966764,-0.30300661227242515,11.0,0.141861166185667,1,22,15,15,1.4666666666666666,-2.308421188866096,-1.0364043581309332,True,14,1.1666666666666667,27.0,0.23333333333333328,19.0,2.222578884808348
~/anvil/data/cve-targets/poppler_repo_poppler_FileSpec.cc,118,88,122,},obj1,        obj1,1.0734357833862305,"[[286, 2839, 16]]","[-0.2644779682159424, -0.24866928160190582, -0.0020722122862935066]",6.958333492279053,False,0.0,-0.5152194621041417,-0.17173982070138058,3.0,-0.5152194621041417,-0.17173982070138058,3.0,0.014435201101391132,1,2,2,2,1.0,-6.25036045223728,-1.0148553537827365,True,1,0.3333333333333333,4.0,0.0,1.0,2.115882507801457
~/anvil/data/cve-targets/libtiff_repo_libtiff_tif_next.c,34,26,38,case 1:	op[0] |= (v) << 4; break;	\,case 1:	op[0] |= (v) << 4; break;	\,	case 1:	op[0] |= (v) << 4; break;	\,0.1017383188009262,"[[2722, 220, 16, 25, 39703, 58, 15, 60, 8662, 320, 85, 8, 1115, 220, 19, 26, 1438, 26, 197, 59, 151664]]","[-0.0031755755189806223, -0.0002195594133809209, -0.000979896984063089, -0.00043478095903992653, -0.02433745749294758, -0.004268107935786247, -0.5337569117546082, -0.0057682013139128685, -0.04418417811393738, -0.1590225249528885, -0.018169276416301727, -0.006692968774586916, -0.1466297209262848, -0.0004953111056238413, -0.4962798058986664, -0.0015307862777262926, -0.07060739398002625, -0.003118534805253148, -0.019517751410603523, -0.2026049792766571, -0.615317702293396]",7.4416656494140625,True,0.0,-2.3571114256046712,-0.11224340121927005,21.0,-1.7417937233112752,-0.08708968616556376,20.0,0.023784796853651,0,25,25,25,1.0,-1.1682016927643342,-1.0271925463811733,False,20,0.9523809523809523,0.0,1.0,0.0,1.1949933251215232
~/anvil/data/cve-targets/libtiff_repo_libtiff_tif_print.c,262,208,627,break;,break;,				break;,0.1135171502828598,"[[571, 3388, 26, 151664]]","[-0.006313142832368612, -0.0005812147865071893, -0.2263186275959015, -0.2571325898170471]",8.764583587646484,True,0.0,-0.4903455750318244,-0.1225863937579561,4.0,-0.2332129852147773,-0.07773766173825909,3.0,0.011043627540782105,0,4,4,4,1.0,-1.460259387078935,-1.0617328591645459,False,2,0.5,0.0,1.0,0.0,0.8544314155807804
~/anvil/data/cve-targets/poppler_repo_poppler_SplashOutputDev.cc,1699,1633,1887,doAdjustFontMatrix = true;,if (fileName) {,"            if (fileName) {
                if (!(fontFile =",0.6698960661888123,"[[310, 421, 320, 20464, 8, 341, 394, 421, 13836, 4026, 1703, 284]]","[-0.12595055997371674, -1.0747970342636108, -0.3531447947025299, -0.7701506614685059, -0.8373010754585266, -0.04429629072546959, -0.007452188525348902, -1.3065545558929443, -0.5708582997322083, -0.7227839827537537, -0.4084957242012024, -0.005531955510377884]",8.160417556762695,False,1.0,-6.227317123208195,-0.5189430936006829,12.0,-3.2130926051177084,-0.4590132293025298,7.0,0.15959061007601655,0,7,13,10,0.5384615384615384,-1.459426490183559,-1.0458167879335736,True,7,0.5833333333333334,24.0,0.14634146341463417,9.0,2.019450062953064
~/anvil/data/cve-targets/php_repo_ext_exif_exif.c,1560,1516,1562,return 0;,return 0;,	return 0;,0.3451671600341797,"[[853, 220, 15, 26, 151664]]","[-0.39877843856811523, -0.2349189668893814, -0.00813208520412445, -0.6290704011917114, -0.18734891712665558]",1.875173568725586,True,0.0,-1.458248808979988,-0.2916497617959976,5.0,-1.2708998918533325,-0.31772497296333313,4.0,0.05155255768956579,0,5,5,5,1.0,-1.086370884903698,-1.1188852804160379,False,4,0.8,0.0,1.0,0.0,0.7288499392244123
~/anvil/data/cve-targets/php_repo_ext_standard_dns.c,738,725,945,#if defined(HAVE_DNS_SEARCH),#ifdef HAVE_DNS_SEARCH,#ifdef HAVE_DNS_SEARCH,0.2549915313720703,"[[5753, 18590, 1557, 2448, 33708, 151664]]","[-1.0534842014312744, -0.23698770999908447, -0.5901272296905518, -0.01823272369801998, -0.03435555100440979, -0.15647070109844208]",0.7770835757255554,False,0.0,-2.0896581169217825,-0.34827635282029706,6.0,-1.9331874158233404,-0.38663748316466806,5.0,0.15366246074737305,0,7,5,5,1.4,-0.6595106332809175,-1.1500266938667856,True,8,1.3333333333333333,7.0,0.84,6.0,1.6446178832598368
~/anvil/data/cve-targets/openssl_repo_crypto_asn1_a_int.c,177,164,213,if (pneg),if (neg) {,"    if (neg) {
        if (",1.2503312826156616,"[[262, 421, 320, 28775, 8, 341, 286, 421, 320]]","[-0.024825280532240868, -0.2427343726158142, -0.057815417647361755, -0.10983177274465561, -0.8248981833457947, -0.47664302587509155, -0.005398101639002562, -1.0644129514694214, -0.19946785271167755]",7.365278244018555,False,1.0,-3.00602695858106,-0.3340029953978956,9.0,-1.7421461543999612,-0.24887802205713733,7.0,0.07843353549814569,0,9,9,10,1.0,-5.023871823959654,-1.0252328038858192,True,5,0.5555555555555556,3.0,0.8421052631578947,4.0,2.1907127482716224
~/anvil/data/cve-targets/libxml2_repo_parser.c,7503,7419,7540,return;,return;,"		return;
	   ",0.8564720153808594,"[[197, 853, 280, 2760]]","[-0.5614833831787109, -0.30172938108444214, -0.3036455512046814, -0.45958754420280457]",4.510590553283691,True,1.0,-1.626445859670639,-0.40661146491765976,4.0,-1.626445859670639,-0.40661146491765976,4.0,0.012098501734557565,1,4,4,4,1.0,-2.106364648508615,-1.0475430603740212,False,2,0.5,0.0,1.0,0.0,1.008060457012269
~/anvil/data/cve-targets/php_repo_ext_phar_phar.c,1300,1190,1319,"mydata->alias = alias ? estrndup(alias, alias_len) : estrndup(mydata->fname, fname_len);",mydata->alias = alias;,		mydata->alias = alias;,0.3347372710704803,"[[197, 13624, 691, 405, 14956, 284, 15534, 26, 151664]]","[-0.038410525768995285, -0.49310097098350525, -6.151010165922344e-05, -0.0011754278093576431, -0.5198693871498108, -0.028856350108981133, -0.19851264357566833, -0.5517920255661011, -0.07597269862890244]",4.47569465637207,False,0.0,-1.9077515396929812,-0.21197239329922013,9.0,-1.8317788410640787,-0.22897235513300984,8.0,0.05502214799279619,0,32,10,10,3.2,-1.4619112900159135,-1.0484573329867033,True,27,3.0,66.0,0.4,22.0,2.245525628068358
~/anvil/data/cve-targets/php_repo_ext_exif_exif.c,2939,2908,2994,if (maker_note->offset >= value_len) {,if (maker_note->offset_mode == MN_OFFSET_MAKER) {,"	if (maker_note->offset_mode == MN_OFFSET_MAKER) {
		if",0.8167704939842224,"[[743, 320, 25766, 27207, 405, 3176, 7302, 621, 34995, 17626, 1245, 76487, 8, 341, 197, 743]]","[-0.47049251198768616, -0.39480867981910706, -0.7251740097999573, -0.00015746307326480746, -0.23336242139339447, -0.8249186277389526, -0.9713790416717529, -0.3640861213207245, -0.003589141881093383, -0.00488647073507309, -0.5160046815872192, -0.15755844116210938, -0.35889941453933716, -0.04846036434173584, -0.05295285955071449, -1.5357745885849]",1.4208335876464844,False,1.0,-6.662504839187022,-0.4164065524491889,16.0,-5.126730250602122,-0.34178201670680813,15.0,0.09247056176037537,1,16,14,16,1.1428571428571428,-2.3897409871183335,-1.1316665891738302,True,11,0.6875,20.0,0.6666666666666667,3.0,1.885962068543503
~/anvil/data/cve-targets/php_repo_ext_standard_http_fopen_wrapper.c,623,564,637,if (tmp_line[tmp_line_len - 1] == '\n') {,if (reqok) {,"			if (reqok) {
				/* get the response body */
				if (php_stream_get_line(stream, tmp",0.6255381107330322,"[[298, 743, 320, 2958, 562, 8, 341, 571, 197, 1057, 633, 279, 2033, 2487, 735, 571, 743, 320, 1208, 12673, 3062, 6528, 20574, 11, 4174]]","[-0.2736932039260864, -0.4814557433128357, -0.30691882967948914, -0.727288007736206, -0.017577700316905975, -0.3495432138442993, -0.11346204578876495, -0.014798159711062908, -0.8281370401382446, -0.7145463824272156, -2.5883865356445312, -1.2495009899139404, -1.5932022333145142, -0.7717330455780029, -0.5470322370529175, -0.008218517526984215, -1.1280760765075684, -0.47864028811454773, -1.4926137924194336, -0.07455700635910034, -1.252467393875122, -0.9857231378555298, -0.026008840650320053, -0.004696766380220652, -0.15883876383304596]",7.812673568725586,False,2.0,-16.18711595190689,-0.6474846380762755,25.0,-3.112873944453895,-0.34587488271709943,9.0,0.07495363543435932,1,24,15,10,1.6,-1.808567612134695,-1.0367642818654224,True,16,0.64,33.0,0.30188679245283023,15.0,2.233177217081428
~/anvil/data/cve-targets/sqlite3_repo_src_vdbe.c,639,484,789,** Execute as much of a VDBE program as we can.,** Return the register of pOp->p3 after first preparing it to be,"** Return the register of pOp->p3 after first preparing it to be
** overwritten with an",1.0582863092422483,"[[334, 3411, 279, 4161, 315, 281, 7125, 405, 79, 18, 1283, 1156, 20045, 432, 311, 387, 198, 334, 59173, 448, 458]]","[-0.024188295006752014, -1.5539271831512451, -0.314556360244751, -0.1624409407377243, -0.18183837831020355, -0.08216172456741333, -0.0023436478804796934, -0.001772143878042698, -0.000303818320389837, -0.8101332783699036, -0.11276111006736755, -0.05761433765292168, -0.011233417317271233, -0.007883742451667786, -0.012654836289584637, -0.0053824507631361485, -0.03417999669909477, -0.0003259842633269727, -0.0026475873310118914, -0.007306520827114582, -0.03911452740430832]",5.761111736297607,False,1.0,-3.4247702815337107,-0.1630842991206529,21.0,-3.375375661707949,-0.1985515095122323,17.0,0.15200836494724154,0,14,24,18,0.5833333333333334,-5.330034064420194,-1.0153003196413612,True,14,0.6666666666666666,46.0,0.39639639639639634,17.0,2.2486463545441207
~/anvil/data/cve-targets/sqlite3_repo_src_expr.c,97,90,105,"Expr *pNew = sqlite3ExprAlloc(pParse->db, TK_COLLATE, pCollName, 1);",Expr *pNew;,    Expr *pNew;,0.308010458946228,"[[262, 28819, 353, 79, 3564, 26, 151643]]","[-0.01106978952884674, -0.9882761240005493, -0.01910078153014183, -0.0039724973030388355, -0.2292729765176773, -0.7154741883277893, -0.34935685992240906]",6.824478626251221,False,0.0,-2.3165232171304524,-0.3309318881614932,7.0,-1.9671663572080433,-0.32786105953467387,6.0,0.14945083731150624,1,24,7,7,3.4285714285714284,-0.9394542291279746,-1.0114649465424894,True,25,3.5714285714285716,57.0,0.2784810126582279,17.0,2.2616689705453217
~/anvil/data/cve-targets/libxml2_repo_HTMLparser.c,1844,1672,1941,"{ 968,	""psi"",	""greek small letter psi, U+03C8 ISOgrk3"" },","{ 968,	""psi"",	""greek small letter psi, U+03C8 ISOgrk3"" },","{ 968,	""psi"",	""greek small letter psi, U+03C8 ISOgrk3"" },",0.0673251748085022,"[[90, 220, 24, 21, 23, 11, 197, 1, 30765, 497, 197, 59719, 10726, 2613, 6524, 38026, 11, 547, 10, 15, 18, 34, 23, 21940, 901, 74, 18, 1, 2470, 151662]]","[-0.002833282807841897, -0.0009029601933434606, -0.000863774970639497, -0.02692379057407379, -0.04318248853087425, -0.00029559535323642194, -0.0005378468777053058, -0.23105107247829437, -0.33773836493492126, -0.015472025610506535, -0.0011010067537426949, -0.015378352254629135, -1.5497195136049413e-06, -0.153871551156044, -0.0005741854547522962, -0.003983065020292997, -0.07338913530111313, -0.0013069906271994114, -8.821098163025454e-05, -0.00016950124700088054, -0.00016318420239258558, -0.07354409992694855, -0.009090228006243706, -0.5559852123260498, -0.001211862312629819, -7.271740287251305e-06, -0.0004956685588695109, -0.0008381668012589216, -0.18071983754634857, -0.3675443232059479]",10.993749618530272,True,0.0,-2.099264605474332,-0.0699754868491444,30.0,-1.731720282268384,-0.05971449249201324,29.0,0.01529217453191954,0,15,15,15,1.0,-1.1274511764042352,-1.1225821209191227,False,29,0.9666666666666667,0.0,1.0,0.0,0.7898659581819191
~/anvil/data/cve-targets/openssl_repo_crypto_asn1_tasn_dec.c,701,638,761,*/,*/,         */,0.2329013794660568,"[[260, 639, 151664]]","[-0.02775546908378601, -0.24154411256313324, -0.2890797257423401]",6.486284732818604,True,0.0,-0.5583793073892593,-0.18612643579641977,3.0,-0.26929958164691925,-0.13464979082345963,2.0,0.011426396020184859,0,3,3,3,1.0,-1.729682445414383,-1.0029492151667774,False,1,0.3333333333333333,0.0,1.0,0.0,1.0373709218740066
~/anvil/data/cve-targets/poppler_repo_poppler_JBIG2Stream.cc,720,673,858,for (yy = y0; yy < y1; ++yy) {,for (yy = y0; yy < y1; yy++) {,    for (yy = y0; yy < y1; yy++) {,0.2602792084217071,"[[262, 369, 320, 4807, 284, 379, 15, 26, 13197, 366, 379, 16, 26, 13197, 2457, 314, 151664]]","[-0.036710694432258606, -0.5276095867156982, -0.11657972633838654, -0.07731125503778458, -0.0010980297811329365, -0.2689678370952606, -0.007272082846611738, -0.21414166688919067, -0.003459779778495431, -0.0061584231443703175, -0.0018867325270548463, -0.0024643549695611, -0.0058510457165539265, -0.08214394003152847, -0.38213393092155457, -0.2289663851261139, -0.07513949275016785]",7.274306297302246,False,0.0,-2.0378949641017243,-0.11987617435892496,17.0,-1.9627554713515565,-0.12267221695947228,16.0,0.023878726619542934,1,21,21,21,1.0,-2.121745370491646,-1.022903767751434,True,16,0.9411764705882353,4.0,0.9333333333333333,2.0,2.18610676494582
~/anvil/data/cve-targets/sqlite3_repo_src_whereexpr.c,933,919,942,if( pIdx->aiColumn[i]!=XN_EXPR ) continue;,if( pIdx->aColExpr->a[i].colNotNull ) continue;,      if( pIdx->aColExpr->a[i].colNotNull ) continue;,0.5512688755989075,"[[414, 421, 7, 281, 11420, 405, 64, 6127, 16041, 405, 64, 989, 936, 2074, 2623, 3280, 873, 3060, 26, 151643]]","[-0.07935398817062378, -0.4855814576148987, -0.0017805927200242877, -1.2826755046844482, -0.11611802130937576, -0.008461457677185535, -0.940019428730011, -0.030347444117069244, -0.1936483532190323, -0.044744499027729034, -0.014180961064994335, -0.004029964096844196, -0.0014550823252648115, -0.8948179483413696, -1.5906424522399902, -1.479587197303772, -0.6278597712516785, -0.1335335224866867, -0.02453301101922989, -0.0318872407078743]",4.0069451332092285,False,0.0,-7.985257898108102,-0.3992628949054051,20.0,-7.953370657400228,-0.4185984556526436,19.0,0.28571436103834924,0,21,24,24,0.875,-1.316939582921813,-1.0608162036074964,True,15,0.75,18.0,0.6741573033707865,7.0,2.115785956623482
~/anvil/data/cve-targets/libxml2_repo_parser.c,6689,6634,7035,},},    },0.4393087029457092,"[[262, 335, 151664]]","[-0.03431696444749832, -0.4849350154399872, -0.2201661467552185]",4.669444561004639,True,0.0,-0.739418126642704,-0.24647270888090134,3.0,-0.5192519798874855,-0.25962598994374275,2.0,0.05076415697006732,0,2,2,2,1.0,-1.6920829191287863,-1.0433911498412145,False,1,0.3333333333333333,0.0,1.0,0.0,0.9354525805066831
~/anvil/data/cve-targets/php_repo_ext_standard_dns.c,502,391,729,cp += n;,cp += n;,"			cp += n;
			",1.8120535612106323,"[[298, 52018, 1421, 308, 280, 298, 197]]","[-0.012486378662288189, -0.6764015555381775, -0.029880819842219353, -0.03687730431556702, -0.04005948826670647, -0.004651796538382769, -0.8773376941680908]",7.961112022399902,True,1.0,-1.677695037331432,-0.239670719618776,7.0,-1.677695037331432,-0.239670719618776,7.0,0.11845446106798917,1,7,7,7,1.0,-7.560596321874082,-1.0406188216366048,False,4,0.5714285714285714,0.0,1.0,0.0,1.2057466597946636
~/anvil/data/cve-targets/lua_repo_liolib.c,171,162,172,return 0;,return 0;,  return 0;,0.1388701647520065,"[[220, 470, 220, 15, 26, 151643]]","[-0.02193324826657772, -0.3367018401622772, -0.12329310178756714, -0.033887799829244614, -0.042712677270174026, -0.2003227174282074]",5.350000381469727,True,0.0,-0.7588513847440481,-0.1264752307906747,6.0,-0.5585286673158407,-0.11170573346316814,5.0,0.013926457366143513,0,5,5,5,1.0,-1.2431784873226321,-1.0257891656060363,False,4,0.6666666666666666,0.0,1.0,0.0,0.97748265096895
~/anvil/data/cve-targets/libpng_repo_pngset.c,473,444,497,"png_chunk_report(png_ptr, ""Invalid palette"", PNG_CHUNK_ERROR);","png_error(png_ptr, ""Invalid palette pointer"");","      png_error(png_ptr, ""Invalid palette pointer"");",0.8540090918540955,"[[414, 36151, 4096, 95350, 4348, 11, 330, 7928, 26308, 7445, 5038, 151664]]","[-0.06662560999393463, -0.29700300097465515, -0.30726170539855957, -0.0022594418842345476, -8.34461570775602e-06, -0.035091765224933624, -0.013847588561475277, -0.7357822060585022, -0.1506556272506714, -0.720632016658783, -0.06521370261907578, -0.11517270654439926]",3.965451955795288,False,0.0,-2.509553715784932,-0.209129476315411,12.0,-2.394381009240533,-0.21767100084004845,11.0,0.06863058140782617,1,16,14,14,1.1428571428571428,-3.9233939686878565,-1.0619171904252835,True,14,1.1666666666666667,26.0,0.6666666666666667,4.0,2.1009066045803255
~/anvil/data/cve-targets/libsndfile_repo_src_alaw.c,327,320,332,if (ptr [i] >= 0),if (ptr [i] >= 0),		if (ptr [i] >= 0),0.1991413384675979,"[[197, 743, 320, 3505, 508, 72, 60, 2604, 220, 15, 8, 151664]]","[-0.02031741291284561, -0.015348417684435844, -0.06988342851400375, -0.6095817685127258, -0.006374858319759369, -0.0009510761592537165, -0.0019526478135958314, -0.44507619738578796, -0.03410027548670769, -0.00623211357742548, -0.6673410534858704, -0.0637604296207428]",5.104340553283691,True,0.0,-1.9409196794731542,-0.16174330662276284,12.0,-1.8771592498524114,-0.17065084089567376,11.0,0.06376973819703022,1,17,17,17,1.0,-1.1669519905228105,-1.0321084303667014,False,10,0.8333333333333334,0.0,1.0,0.0,1.1038840086765287
~/anvil/data/cve-targets/poppler_repo_splash_Splash.cc,2717,2504,2757,xa = 0;,{,"            {
                xa = 0;
               ",0.231129378080368,"[[310, 341, 394, 71800, 284, 220, 15, 280, 394]]","[-0.33579930663108826, -0.40669792890548706, -0.0027619570028036833, -0.4642297923564911, -0.006112690083682537, -0.026022080332040787, -0.0007641970878466964, -0.004036732017993927, -0.5238778591156006]",7.381943702697754,False,2.0,-1.7703025435330346,-0.19670028261478162,9.0,-0.745259192539379,-0.24841973084645966,3.0,0.031011640031645065,0,7,10,2,0.7,-0.9303986333646811,-1.0256600422544242,True,5,0.5555555555555556,7.0,0.0,6.0,2.014385473101797
~/anvil/data/cve-targets/php_repo_ext_intl_locale_locale_methods.c,967,951,983,while( (*str)!='\0' ){,while( *str ){,"		while( *str ){
			if( *str == '-' ){
				",0.8762219548225403,"[[197, 5217, 7, 353, 495, 10959, 298, 743, 7, 353, 495, 621, 20672, 10959, 571, 197]]","[-0.045719459652900696, -0.08215942233800888, -0.30715763568878174, -0.2758304476737976, -0.12383756041526794, -0.7360198497772217, -0.11355335265398026, -0.22443018853664398, -0.042376115918159485, -0.07664556801319122, -0.015939554199576378, -0.024349790066480637, -0.2400590032339096, -0.05708044022321701, -0.00912247784435749, -0.10971107333898544]",7.389584064483643,False,2.0,-2.48399193957448,-0.155249496223405,16.0,-1.6842777281999588,-0.24061110402856553,7.0,0.04913829850820721,0,21,23,12,0.9130434782608695,-3.641652193734644,-1.0258559713107431,True,10,0.625,8.0,0.7777777777777778,9.0,2.269295894273668
~/anvil/data/cve-targets/openssl_repo_crypto_bn_bn_local.h,579,424,729,(c)=h&BN_MASK2; \,(c)=h&BN_MASK2; \,"        (c)=h&BN_MASK2; \
        (r)=l",0.4028189778327942,"[[286, 320, 66, 11730, 71, 5, 15594, 11720, 17, 26, 3044, 286, 320, 81, 11730, 75]]","[-0.01259668543934822, -0.2906247079372406, -0.07390034198760986, -0.6556815505027771, -0.3784399628639221, -0.0698779821395874, -0.0004101150552742183, -0.0002134810492862016, -0.004636845551431179, -0.014952369965612888, -0.14006052911281586, -0.006320842541754246, -0.01810898818075657, -0.10478812456130981, -0.030551884323358536, -0.007104018237441778]",6.100868225097656,True,1.0,-1.8082684294495266,-0.11301677684059541,16.0,-1.64771541414666,-0.13730961784555498,12.0,0.03847964249562398,0,13,22,13,0.5909090909090909,-2.933654496700169,-1.00671296957712,False,9,0.5625,0.0,1.0,0.0,1.1651027588300271
~/anvil/data/cve-targets/openssl_repo_crypto_bn_bn_local.h,611,456,761,"return ((((((bits+BN_BITS2-1))/BN_BITS2)) <= (a)->dmax)?(a):bn_expand2((a),(bits+BN_BITS2-1)/BN_BITS2));",if (a->width < bits) {,"    if (a->width < bits) {
        a->width = bits;
        a->d = OPENSSL_realloc(a->d, a->width / 8);
        if (a->d == NULL)
            return NULL;
    }
    return a;",1.4458394050598145,"[[262, 421, 320, 64, 405, 3098, 366, 9472, 8, 341, 286, 264, 405, 3098, 284, 9472, 280, 286, 264, 405, 67, 284, 29841, 22594, 1288, 4742, 2877, 405, 67, 11, 264, 405, 3098, 608, 220, 23, 317, 286, 421, 320, 64, 405, 67, 621, 1770, 340, 310, 470, 1770, 280, 262, 456, 262, 470, 264, 26, 151664]]","[-0.3238639235496521, -1.6636033058166504, -0.21485890448093414, -1.0306259393692017, -0.14668521285057068, -1.0626295804977417, -0.2389540821313858, -0.07029631733894348, -0.56330806016922, -0.04093410074710846, -0.01190792117267847, -1.2963731288909912, -0.08097632229328156, -0.2704424262046814, -0.03376287221908569, -0.25671759247779846, -0.12983837723731995, -0.037120502442121506, -1.2900865077972412, -0.004678256344050169, -0.5631877779960632, -0.3058387041091919, -1.3572419881820679, -0.0009167758980765939, -0.06541114300489426, -0.0008866431307978928, -0.11294160783290863, -0.00015472168161068112, -0.0007228621980175376, -0.035901039838790894, -0.6562690734863281, -0.00016497205069754273, -0.0040772175416350365, -0.49899929761886597, -0.6926136016845703, -0.4582749009132385, -0.31327325105667114, -0.32362812757492065, -0.17193016409873962, -0.18353807926177979, -0.016100743785500526, -0.0006799769471399486, -0.0017663128674030304, -0.01805548556149006, -0.0034063193015754223, -0.5645886063575745, -0.0063198949210345745, -0.2833024859428406, -0.029722066596150398, -0.05915083736181259, -0.36517009139060974, -0.06655913591384888, -0.017320210114121437, -0.20900696516036987, -0.015547497197985649, -0.5793497562408447, -0.09415949136018753]",1.8612844944000244,False,6.0,-16.843841160211014,-0.2955059852668599,57.0,-5.367667348124087,-0.48796975892037153,11.0,0.263039164224212,1,71,72,16,0.9861111111111112,-2.9629692796101144,-1.1192738548944183,True,43,0.7543859649122807,92.0,0.19047619047619047,66.0,2.642176532879458
~/anvil/data/cve-targets/libpng_repo_pngrutil.c,2626,2602,2642,size_t row_factor = (png_uint_32)row_factor_l;,size_t row_factor = (size_t)png_ptr->height;,      size_t row_factor = (size_t)png_ptr->height;,0.3818177282810211,"[[414, 1379, 528, 2802, 18588, 284, 320, 2141, 528, 8, 14066, 4348, 405, 2563, 26, 151664]]","[-0.09360307455062866, -0.41792434453964233, -0.0002790300059132278, -0.02920166216790676, -0.01093478873372078, -0.7095401883125305, -1.0965585708618164, -0.5380100011825562, -0.0002411313180346042, -0.269082248210907, -0.26260876655578613, -0.016477692872285843, -0.00037091050762683153, -0.21111026406288147, -1.6225038766860962, -0.4926496148109436]",4.574479103088379,False,0.0,-5.7710961653792765,-0.3606935103362048,16.0,-5.278446550568333,-0.3518964367045555,15.0,0.2093998392681792,1,13,16,16,0.8125,-1.0850286858732443,-1.0458712456775088,True,15,0.9375,22.0,0.6444444444444444,5.0,2.0444157311878337
~/anvil/data/cve-targets/openssl_repo_crypto_pkcs7_pk7_doit.c,519,307,546,if (PKCS7_is_detached(p7) || (in_bio != NULL)) {,if (data_body == NULL) {,"    if (data_body == NULL) {
        if (in_bio == NULL)",0.95715993642807,"[[262, 421, 320, 691, 14114, 621, 1770, 8, 341, 286, 421, 320, 258, 89641, 621, 1770, 8, 151664]]","[-0.027852162718772888, -0.46770167350769043, -0.07575192302465439, -0.4177321791648865, -0.00011276562872808427, -0.6798314452171326, -0.001352706109173596, -0.32626134157180786, -0.34005290269851685, -0.006925270427018404, -1.1627295017242432, -0.10254360735416412, -0.649028480052948, -0.0004408579843584448, -0.3357718586921692, -0.0028343526646494865, -0.5694992542266846, -0.4180980920791626]",8.804861068725586,False,1.0,-5.584520374846761,-0.3102511319359312,18.0,-2.3435743700683815,-0.23435743700683814,10.0,0.053482807836197424,1,25,20,14,1.25,-4.0841884458744175,-1.0628024957311522,True,19,1.0555555555555556,30.0,0.5555555555555556,13.0,2.2159374187359338
~/anvil/data/cve-targets/lua_repo_ldebug.c,784,747,794,L->oldpc = pc;,L->oldpc = pcRel(ci->u.l,    L->oldpc = pcRel(ci->u.l,0.279958426952362,"[[262, 444, 405, 813, 3992, 284, 13312, 6740, 77434, 405, 84, 918]]","[-0.18816295266151428, -0.41694021224975586, -0.00021908267808612436, -0.03714462369680405, -3.576214658096433e-05, -0.0025324912276118994, -0.3198683261871338, -0.6487772464752197, -0.30369219183921814, -0.03251322731375694, -0.1444845050573349, -0.0002379134384682402]",6.372395992279053,False,0.0,-2.094608534971485,-0.17455071124762375,12.0,-2.094608534971485,-0.17455071124762375,12.0,0.04020039678489661,1,10,15,15,0.6666666666666666,-1.6038801844536925,-1.0000976610185268,True,7,0.5833333333333334,11.0,0.6842105263157895,11.0,2.1325089714513763
~/anvil/data/cve-targets/openssl_repo_crypto_pkcs7_pk7_doit.c,185,159,299,break;,break;,        break;,0.2193654477596283,"[[286, 1438, 26, 151664]]","[-0.0053413063287734985, -0.1475609987974167, -0.3172139525413513, -0.05892395228147507]",6.961111068725586,True,0.0,-0.5290402099490166,-0.13226005248725414,4.0,-0.4701162576675415,-0.15670541922251383,3.0,0.016252568121728088,0,4,4,4,1.0,-1.3998587212107858,-1.0149258271877066,False,2,0.5,0.0,1.0,0.0,1.010759293596471
~/anvil/data/cve-targets/sqlite3_repo_src_expr.c,5730,5707,5837,"assert( !ExprHasProperty(pExpr, EP_TokenOnly|EP_Reduced) );",if( pExpr->iColumn<0 ) break;,            if( pExpr->iColumn<0 ) break;,0.2390243113040924,"[[310, 421, 7, 281, 16041, 405, 72, 2933, 27, 15, 873, 1438, 26, 151643]]","[-0.3589617908000946, -0.7336057424545288, -0.0007270314963534474, -0.5098375082015991, -0.1871633678674698, -0.002956307725980878, -0.10486627370119095, -0.6390302777290344, -0.802071750164032, -0.005510260351002216, -0.17717212438583374, -0.6412563920021057, -0.05746026709675789, -0.2566322088241577]",3.899999856948853,False,0.0,-4.477251302800141,-0.3198036644857244,14.0,-4.220619093975984,-0.32466300722892183,13.0,0.0846410181078481,0,21,16,16,1.3125,-0.7362228094423918,-1.0636562305579567,True,19,1.3571428571428572,48.0,0.2954545454545454,19.0,2.060596273401275
~/anvil/data/cve-targets/poppler_repo_utils_HtmlOutputDev.cc,1169,1146,1175,fclose(f1);,fclose(f1);,    fclose(f1);,0.2517399191856384,"[[262, 27204, 955, 16, 1215, 151664]]","[-0.04874652251601219, -0.5430617332458496, -0.0022115076426416636, -2.455681169521995e-05, -0.47740915417671204, -0.08819710463285446]",5.393055438995361,True,0.0,-1.1596505790257652,-0.1932750965042942,6.0,-1.0714534743929107,-0.21429069487858216,5.0,0.059122830375295296,0,9,9,9,1.0,-1.1747589848839453,-1.0246856243371336,False,4,0.6666666666666666,0.0,1.0,0.0,1.0431180313298003
~/anvil/data/cve-targets/poppler_repo_poppler_JPEG2000Stream.cc,31,25,39,opj_image_t *image;,int version;,    int version;,1.0880781412124634,"[[262, 526, 2319, 26, 151664]]","[-0.10812627524137497, -1.5054314136505127, -2.136199474334717, -0.39413824677467346, -0.5121285319328308]",3.573090076446533,False,0.0,-4.656023941934109,-0.9312047883868217,5.0,-4.143895410001278,-1.0359738525003195,4.0,0.6759352230161184,0,7,5,5,1.4,-1.0502949843631577,-1.0723848409461572,True,7,1.4,16.0,0.32258064516129037,4.0,2.0021923538103703
~/anvil/data/cve-targets/php_repo_ext_phar_phar.c,701,632,1125,"PHAR_GET_32(buffer, manifest_count);",manifest_count = manifest_len / 5;,	manifest_count = manifest_len / 5;,0.3319701850414276,"[[197, 42315, 3180, 284, 14455, 6043, 608, 220, 20, 26, 151664]]","[-1.2751069068908691, -0.6190372705459595, -0.4521239995956421, -0.0067267161794006824, -1.1211326122283936, -0.0036659911274909973, -0.243126779794693, -0.3818565011024475, -0.9135987758636475, -0.5545672178268433, -0.5845724940299988]",0.9876736402511596,False,0.0,-6.155515265185386,-0.5595922968350351,11.0,-5.570942771155387,-0.5570942771155387,10.0,0.17141101046261725,1,11,10,10,1.1,-0.5958958809633913,-1.143987999037444,True,11,1.0,24.0,0.4285714285714286,9.0,1.7197041551683439
~/anvil/data/cve-targets/openssl_repo_crypto_asn1_tasn_dec.c,815,760,890,case V_ASN1_NEG_INTEGER:,case V_ASN1_OCTET_STRING:,"    case V_ASN1_OCTET_STRING:
    case",1.213805913925171,"[[262, 1142, 647, 1566, 18966, 16, 2232, 1162, 1348, 12283, 510, 262, 1142]]","[-0.015745481476187706, -0.01493898220360279, -0.0007828985108062625, -2.7417760065873154e-05, -0.00012051333033014089, -1.811964830267243e-05, -1.6909841299057007, -0.03921964392066002, -0.005060483235865831, -0.008805492892861366, -0.043216053396463394, -0.5305163860321045, -0.0022427900694310665]",6.302083492279053,False,1.0,-2.3516783923823823,-0.18089833787556786,13.0,-2.3494356023129512,-0.19578630019274593,12.0,0.22373902784745206,1,5,6,5,0.8333333333333334,-6.199646822735882,-1.0016615350723017,True,8,0.6153846153846154,10.0,0.7346938775510203,1.0,2.2105576818858923
~/anvil/data/cve-targets/lua_repo_ldo.c,329,309,331,if (isLua(ci->previous)),if (L->hookmask & LUA_MASKLINE),  if (L->hookmask & LUA_MASKLINE) ,1.2204530239105225,"[[220, 421, 320, 43, 405, 20873, 11258, 609, 70505, 11720, 8265, 8, 220]]","[-0.12297026067972183, -1.4126511812210083, -0.12590599060058594, -0.8268557190895081, -0.009699123911559582, -0.1600264459848404, -0.08095444738864899, -0.012417033314704895, -0.08823508769273758, -0.011524179019033909, -0.04126531630754471, -0.29398906230926514, -0.6649714708328247]",3.571006298065185,False,0.0,-3.851465318351984,-0.29626656295015263,13.0,-3.851465318351984,-0.29626656295015263,13.0,0.16460272172967577,1,17,15,15,1.1333333333333333,-4.119442341915128,-1.0724407077100202,True,8,0.6153846153846154,25.0,0.36363636363636365,8.0,2.135444147371125
~/anvil/data/cve-targets/lua_repo_lvm.c,884,783,922,}},}},"  }}
/*
",6.030131340026856,"[[220, 8096, 3284]]","[-0.004424307029694319, -0.4071240723133087, -0.07597104460000992]",9.0078125,True,2.0,-0.48751942394301295,-0.16250647464767098,3.0,-0.41154837934300303,-0.20577418967150152,2.0,0.04054177523986953,0,3,5,3,0.6,-29.30460496359322,-1.0682086311116898,False,1,0.3333333333333333,0.0,1.0,0.0,1.7078532751437467
~/anvil/data/cve-targets/lua_repo_ldebug.c,94,88,97,for (; ci != NULL; ci = ci->previous),if (isLua(ci)),"    if (isLua(ci))
      ci->u.l.trap = 0;
   ",0.7626778483390808,"[[262, 421, 320, 285, 58020, 77434, 1171, 414, 11825, 405, 84, 918, 5427, 391, 284, 220, 15, 280, 262]]","[-0.7839207649230957, -1.7434945106506348, -0.14737285673618317, -0.8514915704727173, -1.0467866659164429, -0.05736301466822624, -0.5157456398010254, -0.07582717388868332, -0.1493276059627533, -0.0007512131123803556, -0.07440076768398285, -0.035904258489608765, -0.05106884613633156, -0.013098622672259808, -0.028789984062314034, -0.10012548416852951, -0.764728844165802, -0.5051131844520569, -0.7759315371513367]",3.2439229488372803,False,2.0,-7.7212425451143645,-0.4063811865849665,19.0,-5.222002197057009,-0.6527502746321261,8.0,0.29539929053033265,0,21,27,14,0.7777777777777778,-1.168406782776012,-1.081246097313118,True,12,0.631578947368421,30.0,0.3137254901960784,17.0,2.0860524781540404
~/anvil/data/cve-targets/poppler_repo_poppler_FileSpec.cc,132,126,139,if (!ok || !fileSpec.isDict()),if (!fileSpec.getDict()),    if (!fileSpec.getDict()),2.143519163131714,"[[262, 421, 1505, 1192, 8327, 670, 13448, 2140, 151664]]","[-0.025881299749016762, -0.06851073354482651, -0.2891956865787506, -1.040676474571228, -0.5655500292778015, -1.180820107460022, -0.04521973431110382, -0.929780125617981, -0.033277202397584915]",5.740450382232666,False,0.0,-4.178911393508315,-0.46432348816759056,9.0,-4.14563419111073,-0.5182042738888413,8.0,0.20055484306242363,0,23,18,18,1.2777777777777777,-4.136436673989136,-1.0158248920940716,True,10,1.1111111111111112,10.0,0.7777777777777778,6.0,2.511530042836818
~/anvil/data/cve-targets/php_repo_ext_phar_util.c,399,288,436,return FAILURE;,return FAILURE;,					return FAILURE;,0.0708033218979835,"[[464, 853, 64024, 26, 151664]]","[-0.000842692912556231, -0.008025187067687511, -0.0018491327064111829, -0.20249000191688538, -0.09023506939411163]",13.92517375946045,True,0.0,-0.30344208399765193,-0.06068841679953039,5.0,-0.2132070146035403,-0.053301753650885075,4.0,0.0074266065394609625,0,5,5,5,1.0,-1.3283488262268048,-1.2079408105577554,False,3,0.6,0.0,1.0,0.0,0.42051287190960196
~/anvil/data/cve-targets/libxml2_repo_xmlmemory.c,415,405,446,TEST_POINT,if (size,    if (size,1.1927021741867063,"[[262, 421, 320, 2141]]","[-0.42416906356811523, -0.8972015380859375, -0.46216022968292236, -0.9333720207214355]",6.484200954437256,False,0.0,-2.7169028520584106,-0.6792257130146027,4.0,-2.7169028520584106,-0.6792257130146027,4.0,0.056068781129357426,1,2,4,4,0.5,-1.7559732373692756,-1.0028969684303681,True,2,0.5,10.0,0.0,3.0,2.1696042428699633
~/anvil/data/cve-targets/poppler_repo_poppler_GfxState.cc,2427,2418,2434,int i;,int i;,"    int i;
    if",1.432626724243164,"[[262, 526, 600, 280, 262, 421]]","[-0.05023808777332306, -0.8819732069969177, -0.06951519101858139, -0.3266080319881439, -0.05555417388677597, -1.3484174013137817]",7.014062881469727,True,1.0,-2.732306092977524,-0.4553843488295873,6.0,-1.383888691663742,-0.27677773833274844,5.0,0.10239249114367033,1,5,6,5,0.8333333333333334,-5.176090869421109,-1.016270270934299,False,3,0.5,0.0,1.0,0.0,1.1994063022494037
~/anvil/data/cve-targets/openssl_repo_crypto_x509_x509_obj.c,147,17,173,*(p++) = 'x';,*(p++) = 'x';,                *(p++) = 'x';,0.0111830830574035,"[[394, 12861, 79, 2457, 284, 364, 87, 6967, 151664]]","[-0.06549912691116333, -0.0070367841981351376, -1.0251946150674485e-05, -1.823885577323381e-05, -9.023735765367746e-05, -0.04356568679213524, -0.0006764031131751835, -0.03389713168144226, -0.024398302659392357]",5.770832538604736,True,0.0,-0.1751921635150211,-0.019465795946113456,9.0,-0.15079386085562874,-0.018849232606953592,8.0,0.0005680942628271772,0,17,17,17,1.0,-0.5932911588813433,-1.0150536112778759,False,7,0.7777777777777778,0.0,1.0,0.0,1.1269905770692936
~/anvil/data/cve-targets/openssl_repo_crypto_evp_encode.c,151,139,193,if ((ctx->num + inl) < ctx->length) {,if (ctx->num != 0) {,"    if (ctx->num != 0) {
        i = ctx->length - ctx->num;
        if",0.6232156753540039,"[[262, 421, 320, 3773, 405, 2413, 961, 220, 15, 8, 341, 286, 600, 284, 5635, 405, 4129, 481, 5635, 405, 2413, 280, 286, 421]]","[-0.035877346992492676, -0.14937175810337067, -0.08940254896879196, -0.3928419351577759, -0.002029622904956341, -0.3505209982395172, -0.8210756778717041, -0.002405608771368861, -8.415821503149346e-05, -0.20861177146434784, -0.24088765680789948, -0.002450560452416539, -0.592575192451477, -0.000704159727320075, -0.05166856572031975, -4.053033626405522e-05, -0.2031286656856537, -0.007229359354823828, -0.0030270253773778677, -0.00015245705435518175, -2.5629668016335927e-05, -0.08122573792934418, -0.008973154239356518, -0.3339498043060303]",8.992361068725586,False,2.0,-3.578259925800012,-0.1490941635750005,24.0,-2.295559643949673,-0.1912966369958061,12.0,0.053781313338575464,1,25,29,16,0.8620689655172413,-3.2578496158699695,-1.0677960769924562,True,15,0.625,20.0,0.5964912280701755,11.0,2.151040052399566
~/anvil/data/cve-targets/libsndfile_repo_src_flac.c,137,129,257,"unsigned i = 0, j, offset, channels, len ;","int i, j, offset, len ;","	int i, j, offset, len ;
	int channels ;
",1.2920324802398682,"[[2084, 600, 11, 502, 11, 4347, 11, 2422, 4386, 2084, 11744, 4386, 151664]]","[-0.799428403377533, -0.6746342778205872, -0.25508198142051697, -0.12047143280506134, -0.17619268596172333, -0.42946937680244446, -0.36916255950927734, -0.34323275089263916, -0.8827568292617798, -0.955889880657196, -0.143088236451149, -0.6287856698036194, -0.7852694392204285]",1.0710070133209229,False,2.0,-6.563463523983955,-0.5048818095372274,13.0,-4.0504302978515625,-0.4500478108723958,9.0,0.06663858001111365,1,17,15,11,1.1333333333333333,-2.8708782689895234,-1.141607170461737,True,14,1.0769230769230769,20.0,0.676923076923077,7.0,1.938512134109863
~/anvil/data/cve-targets/openssl_repo_crypto_rsa_rsa_ameth.c,545,534,551,"int magma_int = ossl_rsa_pss_to_ctx(ctx, NULL, sigalg, pkey);",/* Sanity check: make sure we have a PSS signature */,"
    /* Sanity check: make sure we have a PSS signature */
    if (sig->length != 20) {
        ERR_raise(ERR_LIB_RSA",1.907626748085022,"[[198, 262, 1391, 96302, 1779, 25, 1281, 2704, 582, 614, 264, 393, 1220, 11957, 735, 262, 421, 320, 21339, 405, 4129, 961, 220, 17, 15, 8, 341, 286, 10165, 55383, 68174, 26207, 76994]]","[-0.63460373878479, -0.03008558787405491, -0.7579270005226135, -2.6206812858581543, -0.06245635449886322, -0.07625904679298401, -0.6095020174980164, -0.0018694796599447727, -1.3351277112960815, -0.48338085412979126, -1.1518833637237549, -1.7986414432525635, -0.017252840101718903, -2.2595810890197754, -0.42117515206336975, -0.0037279885727912188, -0.12548694014549255, -0.5253493785858154, -0.4688364863395691, -0.6633734107017517, -0.2800792455673218, -0.41404661536216736, -1.0943291187286377, -0.8905840516090393, -0.8543224334716797, -0.3172288239002228, -0.0068221502006053925, -0.0022238779347389936, -0.11598862707614899, -0.000819347333163023, -0.005336444824934006, -0.00017617580306250602, -0.007944177836179733]",5.257118701934815,False,3.0,-18.037102259069798,-0.5465788563354484,33.0,-12.264154953649268,-0.7665096846030792,16.0,0.6680153644315678,1,20,17,2,1.1764705882352942,-2.48871838986985,-1.0281738587270717,True,21,0.6363636363636364,49.0,0.2807017543859649,19.0,2.405115417674027
~/anvil/data/cve-targets/libpng_repo_pngrutil.c,128,-27,278,*/,*, *,1.3618826866149902,[[353]],[-0.6118826270103455],8.664758682250977,False,0.0,-0.6118826270103455,-0.6118826270103455,1.0,-0.6118826270103455,-0.6118826270103455,1.0,0.0,0,3,2,2,1.5,-2.22572537035271,-1.059086478166671,True,1,1.0,1.0,0.6666666666666667,1.0,2.037577382061884
~/anvil/data/cve-targets/openssl_repo_crypto_x509_x509_vfy.c,45,-110,195,static int check_name_constraints(X509_STORE_CTX *ctx);,"static int check_issuer(X509_STORE_CTX *ctx, X509 *x);","static int check_issuer(X509_STORE_CTX *ctx, X509 *x);
",0.5555725693702698,"[[1978, 526, 1779, 62, 66817, 7644, 20, 15, 24, 40415, 44233, 353, 3773, 11, 1599, 20, 15, 24, 353, 87, 317]]","[-0.02851346880197525, -0.057524532079696655, -0.23308533430099487, -2.0829081535339355, -0.38728830218315125, -0.7672094702720642, -3.290122185717337e-05, -5.722029527532868e-06, -2.3841830625315197e-06, -0.006648799404501915, -6.329813186312094e-05, -0.00030298411729745567, -0.001039560534991324, -0.7823349237442017, -0.13690584897994995, -0.00014673586701974273, -6.401333666872233e-05, -7.033323527139146e-06, -0.028384974226355553, -0.34008631110191345, -0.9094027280807495]",5.329860210418701,False,1.0,-5.761957479455305,-0.2743789275931097,21.0,-5.761957479455305,-0.2743789275931097,21.0,0.24423401937489744,0,16,22,22,0.7272727272727273,-2.024836871562368,-1.0263057848865702,True,14,0.6666666666666666,24.0,0.7522935779816513,7.0,2.1632070803747405
~/anvil/data/cve-targets/libtiff_repo_libtiff_tif_dirread.c,5768,5720,5775,"uint64_t nstrips64 = TIFFhowmany_64(bytecount, stripbytes);",/*,"
	/*
	 * If the number of rows per strip is less than the number of rows
	 * in the image, then we can chop up the strip.
",1.5641993284225464,"[[198, 197, 3284, 197, 353, 1416, 279, 1372, 315, 6978, 817, 13316, 374, 2686, 1091, 279, 1372, 315, 6978, 198, 197, 353, 304, 279, 2168, 11, 1221, 582, 646, 46994, 705, 279, 13316, 624]]","[-1.3245176076889038, -1.1013450622558594, -0.5309996008872986, -0.019774792715907097, -0.004260629881173372, -2.9844675064086914, -1.2737795114517212, -1.542747974395752, -0.01162092387676239, -0.7636023759841919, -0.7047473788261414, -0.017995072528719902, -0.5343534350395203, -2.043104410171509, -0.037676986306905746, -0.4207973778247833, -1.2454005479812622, -0.3099666237831116, -0.19839759171009064, -0.9766886830329895, -0.008822035975754261, -0.00145329674705863, -0.991014838218689, -0.09625638276338577, -0.7816470265388489, -0.1955493986606598, -1.4467847347259521, -1.5647646188735962, -1.4611926078796387, -1.9350777864456177, -0.542693018913269, -0.2190493494272232, -0.9830551743507385, -1.3169896602630615]",1.0779517889022827,False,4.0,-27.590594022534788,-0.8114880594863173,34.0,-2.976637063547969,-0.7441592658869922,4.0,0.25864185144521457,1,15,33,3,0.45454545454545453,-2.1019684899819353,-1.1414089825268459,True,22,0.6470588235294118,59.0,0.0,14.0,1.9570545349201671
~/anvil/data/cve-targets/openssl_repo_crypto_evp_encode.c,247,239,250,ctx->length = 0;,ctx->line_num = 0;,"    ctx->line_num = 0;
    ctx->",0.9451256394386292,"[[262, 5635, 405, 1056, 4273, 284, 220, 15, 280, 262, 5635, 405]]","[-0.011009778827428818, -0.009526625275611877, -0.00010394509445177391, -0.691817045211792, -0.35503390431404114, -0.00041929035796783864, -0.0012873465893790126, -0.0007304860628210008, -0.12906523048877716, -0.1406279355287552, -0.01383054070174694, -0.00011681827891152352]",5.58836841583252,False,1.0,-1.3535689467316843,-0.11279741222764035,12.0,-1.3396215877510258,-0.1339621587751026,10.0,0.046184969669247636,0,10,12,10,0.8333333333333334,-7.055168773633444,-1.0196944597536015,True,7,0.5833333333333334,6.0,0.7647058823529411,1.0,2.173089515404256
~/anvil/data/cve-targets/poppler_repo_poppler_Parser.cc,270,188,287,"str = baseStr->makeSubStream(pos, true, length, std::move(dict));","str = new BaseStream(str, length, objNum, objGen, recursion);","    str = new BaseStream(str, length, objNum, objGen, recursion);",1.184825778007507,"[[262, 607, 284, 501, 5351, 3027, 4199, 11, 3084, 11, 2839, 4651, 11, 2839, 9967, 11, 50262, 1215, 151664]]","[-0.06496517360210419, -0.4274785816669464, -0.017375392839312553, -0.48786991834640503, -0.24826425313949585, -0.0019938128534704447, -0.753191351890564, -0.3214520215988159, -0.6030029058456421, -0.640479564666748, -1.8714903593063354, -0.14297839999198914, -0.07832200825214386, -0.07020930200815201, -0.003541984362527728, -0.6293703317642212, -1.878440499305725, -0.7319615483283997, -0.2039777934551239]",8.136285781860352,False,0.0,-9.176365203224123,-0.48296658964337486,19.0,-8.972387409768999,-0.4984659672093888,18.0,0.3029639200028704,0,29,21,21,1.380952380952381,-2.3769441766318256,-1.0451860428323017,True,19,1.0,40.0,0.5555555555555556,17.0,2.348298597429479
~/anvil/data/cve-targets/php_repo_ext_exif_exif.c,1917,1911,1921,if ((offset + length) > (info->valid_end - info->valid_start)) {,if (info->valid_start > info->valid_end) {,	if (info->valid_start > info->valid_end) {,0.479388952255249,"[[743, 320, 2733, 405, 1891, 4906, 861, 3546, 405, 1891, 6213, 8, 314, 151664]]","[-0.13940806686878204, -0.3237411081790924, -0.7734919190406799, -0.2186572402715683, -0.5419762134552002, -0.1348503828048706, -1.143835425376892, -0.3602246642112732, -0.00021217002358753234, -0.2954358160495758, -0.004657847806811333, -1.1493871212005615, -0.261702299118042, -0.19924087822437286]",2.45642352104187,False,0.0,-5.54682115263131,-0.39620151090223643,14.0,-5.347580274406937,-0.41135232880053363,13.0,0.13827162253170225,1,31,19,19,1.631578947368421,-1.1653974432406984,-1.102744040234626,True,19,1.3571428571428572,33.0,0.6226415094339622,15.0,2.092817698929175
~/anvil/data/cve-targets/php_repo_ext_standard_http_fopen_wrapper.c,695,634,719,) {,) {,"			) {
				",0.4975912272930145,"[[298, 197, 8, 341, 571, 197]]","[-0.17254409193992615, -7.915183232398704e-05, -0.01048355270177126, -0.48461490869522095, -0.02444216050207615, -0.3515520989894867]",8.21250057220459,True,1.0,-1.0437159646608052,-0.17395266077680085,6.0,-1.0437159646608052,-0.17395266077680085,6.0,0.03456035215021083,0,3,3,3,1.0,-2.8604979370305537,-1.0471794071554161,False,2,0.3333333333333333,0.0,1.0,0.0,0.9441545190023048
~/anvil/data/cve-targets/libxml2_repo_HTMLparser.c,6620,6607,6631,htmlCtxtReset(ctxt);,if (encoding == NULL),"    if (encoding == NULL)
        encoding = XML_CHAR",1.0030643939971924,"[[262, 421, 320, 17159, 621, 1770, 340, 286, 11170, 284, 11874, 20891]]","[-0.567611575126648, -1.272733449935913, -0.20919759571552277, -1.015326738357544, -0.41899991035461426, -0.004339326173067093, -0.2610434293746948, -0.006114348769187927, -0.09659434109926224, -0.007760494016110897, -1.3713586330413818, -0.09942938387393951]",4.938367366790772,False,1.0,-5.330509225837886,-0.4442091021531572,12.0,-3.755366373807192,-0.469420796725899,8.0,0.18719988639995136,0,9,17,13,0.5294117647058824,-2.1368128574475898,-1.036399885665798,True,7,0.5833333333333334,21.0,0.14634146341463417,11.0,2.1202370183648154
~/anvil/data/cve-targets/openssl_repo_crypto_x509_x509_req.c,39,16,51,pktmp = X509_get0_pubkey(x);,"if (!X509_REQ_set_pubkey(ret, pkey))","    if (!X509_REQ_set_pubkey(ret, pkey))
        goto err;
   ",0.4586072564125061,"[[262, 421, 1505, 55, 20, 15, 24, 30756, 2602, 34014, 792, 16057, 11, 281, 792, 1171, 286, 7986, 1848, 280, 262]]","[-0.028547298163175583, -0.7195612788200378, -0.2328740805387497, -0.043575841933488846, -0.0005540504935197532, -8.702239938429557e-06, -1.537788011773955e-05, -0.27111777663230896, -0.11798837035894394, -0.14029066264629364, -0.00021824838768225163, -0.2098201960325241, -0.0032145516015589237, -0.293303906917572, -0.00011550712952157483, -0.1882975548505783, -0.0033117469865828753, -0.001459367573261261, -0.00028772983932867646, -0.28609099984169006, -0.00660119391977787]",7.59444522857666,False,2.0,-2.5472544427866524,-0.12129783060888821,21.0,-2.2528151516125945,-0.13251853833015262,17.0,0.03228292422682391,1,12,20,18,0.6,-3.4607026472775155,-1.0311233996526374,True,13,0.6190476190476191,23.0,0.53125,13.0,2.0887993817162003
~/anvil/data/cve-targets/poppler_repo_fofi_FoFiType1C.cc,1222,1211,1225,if(ok) {,if (ok) {,"                    if (ok) {
                       ",1.910258173942566,"[[503, 421, 320, 562, 8, 341, 664]]","[-0.5584545135498047, -0.20500946044921875, -0.061186905950307846, -0.04687412455677986, -0.09816670417785645, -0.5826621055603027, -0.008410155773162842]",9.44114589691162,False,1.0,-1.5607639700174332,-0.22296628143106187,7.0,-1.5607639700174332,-0.22296628143106187,7.0,0.05157802382706194,1,10,10,10,1.0,-8.567475591744088,-1.0798438030442836,True,4,0.5714285714285714,1.0,0.9411764705882353,0.0,2.13676535401066
~/anvil/data/cve-targets/poppler_repo_poppler_Stream.cc,520,507,538,if (nBits <= 0 || nVals > INT_MAX / nBits - 7 || width > INT_MAX / nComps) {,if (width > INT_MAX / nComps) {,    if (width > INT_MAX / nComps) {,1.0696609020233154,"[[262, 421, 320, 3098, 861, 9221, 6806, 608, 308, 1092, 1690, 8, 314, 151664]]","[-0.02922111190855503, -0.06623731553554535, -0.08395073562860489, -0.9127529263496399, -0.18794189393520355, -0.03859990835189819, -0.0006588910473510623, -0.04563586786389351, -0.06221834197640419, -0.024536732584238052, -4.136476854910143e-05, -0.04156840592622757, -0.08601267635822296, -0.09483758360147476]",8.50624942779541,False,0.0,-1.6742137558358081,-0.11958669684541487,14.0,-1.5793761722343334,-0.12149047478725641,13.0,0.054309399060395586,1,34,16,16,2.125,-8.80448367574835,-1.0548979075364906,True,30,2.142857142857143,45.0,0.5794392523364487,18.0,2.3587517914510814
~/anvil/data/cve-targets/sqlite3_repo_src_where.c,2442,2336,2707,"** However, the nIn multiplier should only be applied once, not once",** The first term is the one that is used to determine the number of,"        ** The first term is the one that is used to determine the number of
        ** rows in the index.",2.008644819259644,"[[286, 3070, 576, 1156, 4647, 374, 279, 825, 429, 374, 1483, 311, 8253, 279, 1372, 315, 198, 286, 3070, 6978, 304, 279, 1922, 13]]","[-0.0019273054786026478, -0.07079043984413147, -2.2024946212768555, -1.970508337020874, -0.8482584953308105, -1.2261908054351807, -1.0427608489990234, -1.3740612268447876, -1.2385151386260986, -1.6104824542999268, -1.3148887157440186, -1.7057454586029053, -2.6324918270111084, -1.1074111461639404, -2.2077476978302, -0.6603545546531677, -0.08235650509595871, -0.0007272697403095663, -0.0002108589978888631, -0.5262314677238464, -1.4753612279891968, -0.06247953698039055, -1.0904866456985474, -1.0386961698532104]",8.084896087646484,False,1.0,-25.49117875524098,-1.062132448135041,24.0,-21.2977128479979,-1.1832062693332166,18.0,0.6098467400948154,0,18,27,17,0.6666666666666666,-1.6976286141482284,-1.043844110257245,True,15,0.625,54.0,0.4558823529411765,18.0,2.350444862483636
~/anvil/data/cve-targets/libxml2_repo_HTMLparser.c,544,389,694,*,*," *
",0.8360550999641418,[[1213]],[-0.5860550999641418],7.296006202697754,True,1.0,-0.5860550999641418,-0.5860550999641418,1.0,-0.5860550999641418,-0.5860550999641418,1.0,0.0,0,2,2,2,1.0,-1.4265810501696792,-1.0234588411755536,False,1,1.0,0.0,1.0,0.0,1.0545798516723148
~/anvil/data/cve-targets/poppler_repo_poppler_FileSpec.cc,176,166,198,"Object fileName = fileSpec->dictLookup(""UF"");","Object fileName = fileSpec->dictLookup(""Name"");","        Object fileName = fileSpec->dictLookup(""Name"");",0.5095046758651733,"[[286, 3002, 12665, 284, 1034, 8327, 405, 8477, 34247, 445, 675, 5038, 151664]]","[-0.01685672625899315, -0.4503898620605469, -0.22403179109096527, -0.30539777874946594, -0.014472629874944687, -2.1815061700181104e-05, -0.0022505212109535933, -0.0062308101914823055, -0.001632549217902124, -0.009171971119940281, -1.4810692071914673, -0.15605294704437256, -0.027453962713479996]",6.181249618530273,False,0.0,-2.6950325717862142,-0.20731019782970878,13.0,-2.6675786090727343,-0.22229821742272785,12.0,0.1643211590413067,0,19,19,19,1.0,-2.291987231261898,-1.0046919761035846,True,11,0.8461538461538461,4.0,0.9347826086956522,1.0,2.2552952995006637
~/anvil/data/cve-targets/openssl_repo_crypto_pkcs7_pk7_doit.c,331,307,546,const char *propq;,const char *propq = NULL;,"    const char *propq = NULL;
   ",0.9028556942939758,"[[262, 733, 1161, 353, 2674, 80, 284, 1770, 280, 262]]","[-0.06616021692752838, -0.5495646595954895, -0.36776626110076904, -0.005470425356179476, -0.017171403393149376, -0.003537470242008567, -0.1931326538324356, -0.37319937348365784, -0.5163477659225464, -0.08161177486181259]",5.493229389190674,False,1.0,-2.1739620047155768,-0.21739620047155767,10.0,-2.1739620047155768,-0.21739620047155767,10.0,0.04192302202475809,1,9,13,13,0.6923076923076923,-4.15304265822299,-1.0221226647814872,True,6,0.6,7.0,0.8372093023255813,4.0,2.1481195490929794
~/anvil/data/cve-targets/libsndfile_repo_src_ulaw.c,808,653,958,"i2ulaw_array (const int *ptr, int count, unsigned char *buffer)","i2ulaw_array (const int *ptr, int count, unsigned char *buffer)","i2ulaw_array (const int *ptr, int count, unsigned char *buffer)",0.007058513816446,"[[72, 17, 360, 672, 3858, 320, 1024, 526, 353, 3505, 11, 526, 1760, 11, 3774, 1161, 353, 7573, 8, 151662]]","[-0.09312552958726883, -7.235741941258311e-05, -0.002557580592110753, -1.4066597032069694e-05, -0.00036066226311959326, -0.006255333311855793, -0.013263683766126633, -0.002079231198877096, -0.0011686407960951328, -0.0002903516869992018, -0.00013040646445006132, -0.0005942009738646448, -0.00025340684805996716, -0.00022396916756406426, -0.000779205875005573, -5.6503606174374e-05, -0.00038926175329834223, -0.00021181246847845614, -0.011520172469317913, -0.216671422123909]",9.770137786865234,True,0.0,-0.3500177989690201,-0.017500889948451004,20.0,-0.13334637684511108,-0.007018230360269004,19.0,0.0004262115107723642,0,25,25,25,1.0,-1.0057398309985726,-1.0887619239791688,False,19,0.95,0.0,1.0,0.0,0.996019767002017
~/anvil/data/cve-targets/php_repo_ext_phar_phar.c,949,632,1125,"PHAR_GET_32(buffer, len);","phar_metadata_tracker_free(&mydata->metadata_tracker, mydata->is","			phar_metadata_tracker_free(&mydata->metadata_tracker, mydata->is",0.8517728447914124,"[[298, 197, 759, 277, 22220, 50264, 8905, 2099, 2408, 691, 405, 17637, 50264, 11, 847, 691, 405, 285]]","[-0.10374370962381363, -0.7843306064605713, -1.469312071800232, -0.0004690977220889181, -0.18155628442764282, -0.004165900871157646, -0.06968053430318832, -0.051456622779369354, -0.26136934757232666, -6.770858453819528e-05, -0.0003890234511345625, -0.01859354041516781, -0.00979651790112257, -0.0006799769471399486, -0.10225564986467361, -1.549708758830093e-05, -0.0019309938652440906, -0.00012408917245920748]",8.66475772857666,False,0.0,-3.059937172849459,-0.1699965096027477,18.0,-3.059937172849459,-0.1699965096027477,18.0,0.1324631228282985,1,11,14,14,0.7857142857142857,-5.0105313737432455,-1.059086452916082,True,10,0.5555555555555556,57.0,0.1573033707865169,14.0,2.0522517542324126
~/anvil/data/cve-targets/libpng_repo_png.h,2655,2500,2805,*/,*/,"    */
#define",6.692900657653809,"[[262, 735, 1441]]","[-0.013346144929528236, -0.4427451491355896, -0.45670461654663086]",7.438193321228027,True,1.0,-0.9127959106117487,-0.30426530353724957,3.0,-0.45609129406511784,-0.22804564703255892,2.0,0.046095876203289275,1,3,4,3,0.75,-29.348951601335493,-1.0271033815105683,False,1,0.3333333333333333,0.0,1.0,0.0,1.9302957102010148
~/anvil/data/cve-targets/libpng_repo_pngset.c,456,444,497,if (num_palette < 0 || num_palette > PNG_MAX_PALETTE_LENGTH),if (num_palette > max_palette_length),   if (num_palette > max_palette_length),0.704524040222168,"[[256, 421, 320, 2413, 66252, 861, 1932, 66252, 5118, 8, 151664]]","[-0.07061628252267838, -0.0648530125617981, -0.08892516791820526, -0.09684032946825027, -2.169585604860913e-05, -0.17880450189113617, -0.17884837090969086, -3.516612196108326e-05, -1.3112935448589269e-05, -0.1419052928686142, -0.09111946076154709]",6.412500381469727,False,0.0,-0.9119823938153786,-0.0829074903468526,11.0,-0.8208629330538315,-0.08208629330538315,10.0,0.004319161570732005,1,18,12,12,1.5,-8.582724494589474,-1.0011008714944354,True,17,1.5454545454545454,33.0,0.5773195876288659,7.0,2.283856942746099
~/anvil/data/cve-targets/poppler_repo_poppler_Annot.cc,5212,5190,5241,if (path->getCoordsLength() != 0) {,if (path) {,            if (path) {,0.60008305311203,"[[310, 421, 320, 2343, 8, 314, 151664]]","[-0.007899117656052113, -0.04436836391687393, -0.07723025977611542, -0.15835963189601898, -0.7091237902641296, -0.6971954107284546, -0.013343439437448978]",8.972394943237305,False,0.0,-1.7075200136750937,-0.24393143052501337,7.0,-1.6941765742376447,-0.2823627623729408,6.0,0.09060647450430837,1,20,10,10,2.0,-2.1252202240444467,-1.067263216231352,True,13,1.8571428571428572,24.0,0.4782608695652174,10.0,2.092364334979232
~/anvil/data/cve-targets/libtiff_repo_libtiff_tif_predict.c,511,502,521,tmsize_t wc = cc/4;,uint32_t *wp0 = wp;,"	uint32_t *wp0 = wp;
	uint32_t *",0.858557403087616,"[[8254, 18, 17, 528, 353, 8421, 15, 284, 12609, 280, 8254, 18, 17, 528, 353]]","[-1.1419357061386108, -0.11341425776481628, -1.6212332411669195e-05, -0.0001896439935080707, -0.9357838034629822, -0.9496786594390869, -0.4202641546726227, -0.2333519458770752, -0.32603713870048523, -0.4512230157852173, -0.522560715675354, -0.08114296942949295, -1.0967194612021558e-05, -5.900685573578812e-05, -0.49043846130371094]",1.156423568725586,False,1.0,-5.666106658625722,-0.37774044390838146,15.0,-4.571894538166816,-0.45718945381668163,10.0,0.15452164193856432,1,11,12,10,0.9166666666666666,-1.8779029041905022,-1.1391719676668906,True,10,0.6666666666666666,13.0,0.4736842105263158,8.0,1.8128586045305652
~/anvil/data/cve-targets/openssl_repo_crypto_mdc2_mdc2dgst.c,96,66,102,"l2c(tin0, p);","l2c(ttin0, p);","        l2c(ttin0, p);",0.3126979172229767,"[[286, 326, 17, 66, 47152, 258, 15, 11, 281, 1215, 151664]]","[-0.002886654809117317, -0.018138021230697632, -0.00010513706365600228, -0.0006115949945524335, -0.4446101188659668, -3.6954811548639555e-06, -0.16025446355342865, -0.002862405963242054, -0.00029404606902971864, -0.314543753862381, -0.015160569921135902]",9.182117462158203,False,0.0,-0.9594704618143624,-0.08722458743766931,11.0,-0.9443098918932264,-0.09443098918932265,10.0,0.02334712923249422,0,11,11,11,1.0,-3.311390888811462,-1.0728736395317753,True,9,0.8181818181818182,1.0,0.962962962962963,1.0,1.930300714641043
~/anvil/data/cve-targets/libxml2_repo_HTMLparser.c,323,168,473,*,*, *,0.3501895368099212,[[353]],[-0.3501897156238556],7.330554485321045,True,0.0,-0.3501897156238556,-0.3501897156238556,1.0,-0.3501897156238556,-0.3501897156238556,1.0,0.0,0,2,2,2,1.0,-0.9999994893798235,-1.0243431916629153,False,1,1.0,0.0,1.0,0.0,0.9793135974456232
~/anvil/data/cve-targets/sqlite3_repo_ext_rtree_rtree.c,3385,3358,3390,"*pzErr = sqlite3_mprintf(""%s"", sqlite3_errmsg(db));","*pzErr = sqlite3_mprintf(""%s"", sqlite3_errmsg(db));","      *pzErr = sqlite3_mprintf(""%s"", sqlite3_errmsg(db));",0.0111830346286296,"[[414, 353, 66565, 7747, 284, 22003, 18, 717, 2517, 4430, 82, 497, 22003, 18, 9266, 3236, 9791, 5905, 151643]]","[-0.0063553135842084885, -0.06255187839269638, -5.07818695041351e-05, -1.5258672647178173e-05, -0.0007134514744393528, -0.0054590436629951, -4.660974445869215e-05, -0.005935305263847113, -2.777537883957848e-05, -0.04203852266073227, -0.001450439915060997, -0.006942909676581621, -0.003156324615702033, -5.173549288883805e-05, -0.0018328310688957572, -0.0006071869283914566, -0.00040391870425082743, -0.04952565208077431, -0.32261574268341064]",7.260589599609375,True,0.0,-0.5097806818703248,-0.026830562203701305,19.0,-0.18716493918691413,-0.010398052177050785,18.0,0.00035315066681057284,1,24,24,24,1.0,-1.0754932210583945,-1.0225530563436218,False,17,0.8947368421052632,0.0,1.0,0.0,1.1840235919082946
~/anvil/data/cve-targets/php_repo_ext_standard_http_fopen_wrapper.c,625,564,637,if (tmp_line[tmp_line_len - 1] == '\r') {,},"			}
			if (tmp_line[tmp_line_len - 1] == '\r') {
				--tmp_line",0.0779245048761367,"[[298, 197, 532, 298, 743, 320, 5173, 6528, 68503, 6528, 6043, 481, 220, 16, 60, 621, 5196, 81, 863, 341, 571, 197, 313, 5173, 6528]]","[-0.6994641423225403, -0.0003461238811723888, -0.04328432306647301, -0.08038468658924103, -1.0649311542510986, -0.22533878684043884, -1.259913682937622, -0.008271248079836369, -0.20245349407196045, -3.814624506048858e-05, -7.521823135903105e-05, -0.006369053851813078, -0.0022360102739185095, -0.011913340538740158, -0.0006569849792867899, -0.018618697300553322, -0.005145639646798372, -0.0034704713616520166, -0.013046146370470524, -0.5779716968536377, -0.004303124267607927, -0.029880009591579437, -0.03664783760905266, -0.0006976078147999942, -7.629103492945433e-05]",12.934200286865234,False,2.0,-4.2955339180116425,-0.1718213567204657,25.0,-0.8234792758594267,-0.20586981896485668,4.0,0.08201397680390747,1,24,25,2,0.96,-0.37851349589732197,-1.1783825332346118,True,16,0.64,41.0,0.0,23.0,1.7262166028502288
~/anvil/data/cve-targets/sqlite3_repo_ext_misc_zipfile.c,1509,1401,1575,nPath++;,nPath = 1,          nPath = 1,0.7218530178070068,"[[688, 308, 1820, 284, 220, 16]]","[-0.04788542166352272, -0.700498104095459, -0.0011638780124485493, -0.33126962184906006, -0.5423027276992798, -0.4903041124343872]",10.374999046325684,False,0.0,-2.1134238657541573,-0.3522373109590262,6.0,-2.1134238657541573,-0.3522373109590262,6.0,0.06546585936192499,1,6,5,5,1.2,-2.0493371807820098,-1.1053507800481852,True,3,0.5,4.0,0.5882352941176471,5.0,1.8371373919249998
~/anvil/data/cve-targets/libtiff_repo_libtiff_tif_predict.c,343,335,352,tmsize_t wc = cc / 4;,uint32_t* wp0 = wp;,"	uint32_t* wp0 = wp;
	uint32_t* wp",0.6627948880195618,"[[8254, 18, 17, 528, 9, 12609, 15, 284, 12609, 280, 8254, 18, 17, 528, 9, 12609]]","[-0.9706602096557617, -0.10841468721628189, -1.4781842764932662e-05, -0.00016473367577418685, -0.8161346316337585, -0.7970989942550659, -0.5101355314254761, -0.15720471739768982, -0.42500442266464233, -0.3487311005592346, -0.630230188369751, -0.12107361853122711, -1.764281842042692e-05, -0.0001003691868390888, -0.46397870779037476, -0.12293379008769989]",1.1022570133209229,False,1.0,-5.471898127110762,-0.34199363294442264,16.0,-4.13356381032645,-0.413356381032645,10.0,0.1133936303935816,1,11,16,10,0.6875,-1.6034466103166731,-1.1407156381599648,True,11,0.6875,15.0,0.44999999999999996,8.0,1.7789684137456347
~/anvil/data/cve-targets/libpng_repo_pngrutil.c,1633,1594,1691,"if (png_crc_finish(png_ptr, 0) != 0)",if (png_ptr->color_type == PNG_COLOR_TYPE_PALETTE),"   if (png_ptr->color_type == PNG_COLOR_TYPE_PALETTE)
   {
      background.index = buf[0",0.8331806659698486,"[[256, 421, 320, 14066, 4348, 405, 3423, 1819, 621, 41639, 14471, 4189, 26191, 85448, 340, 256, 341, 414, 4004, 5154, 284, 6607, 58, 15]]","[-0.1650312840938568, -0.18221509456634521, -0.11080198734998703, -0.3595736026763916, -0.038661036640405655, -0.0004997196956537664, -0.11176732182502747, -0.0002828436263371259, -0.0961497351527214, -0.005036049522459507, -5.1377883210079744e-05, -0.003197202691808343, -0.12625457346439362, -8.523101132595912e-05, -0.39111578464508057, -0.5288779735565186, -0.044522643089294434, -0.011467376723885536, -0.5396151542663574, -0.04279091954231262, -0.01553763821721077, -0.31894034147262573, -0.0004117832868359983, -0.023490237072110176]",5.486284255981445,False,2.0,-3.1163769120721554,-0.12984903800300648,24.0,-2.1196008184015227,-0.13247505115009517,16.0,0.02456904281455937,0,19,21,15,0.9047619047619048,-6.289340209620671,-1.0223001496408182,True,15,0.625,37.0,0.37209302325581395,9.0,2.2508103446962036
~/anvil/data/cve-targets/poppler_repo_poppler_Parser.cc,322,305,331,},},    },0.1883786171674728,"[[262, 335, 151664]]","[-0.06852999329566956, -0.1883893758058548, -0.6984237432479858]",8.191145896911621,True,0.0,-0.9553431123495102,-0.3184477041165034,3.0,-0.25691936910152435,-0.12845968455076218,2.0,0.003591567893930725,0,2,2,2,1.0,-1.4664415363174355,-1.0466205019538473,False,1,0.3333333333333333,0.0,1.0,0.0,0.888257503987035
~/anvil/data/cve-targets/libsndfile_repo_src_common.c,1260,1105,1410,} /* psf_strlcpy_crlf */,return ;,"	return ;
} /* psf_strlcpy_crlf */
void
ps",0.5185616612434387,"[[853, 4386, 92, 1391, 4726, 69, 2895, 75, 7641, 666, 2381, 69, 735, 1004, 198, 1690]]","[-0.19492962956428528, -0.008964293636381626, -0.021227313205599785, -0.005902716424316168, -0.034992773085832596, -0.00038795097498223186, -0.00638930918648839, -0.004742920398712158, -0.005734539590775967, -0.01724756695330143, -0.00031680811662226915, -6.83045873302035e-05, -0.050041601061820984, -0.8851746320724487, -0.040801241993904114, -0.24408328533172607]",5.215278148651123,False,3.0,-1.521004886184528,-0.095062805386533,16.0,-0.2038939232006669,-0.10194696160033345,2.0,0.008645776541694513,0,3,10,4,0.3,-5.086582798576928,-1.0292499054868807,True,11,0.6875,21.0,0.1875,4.0,2.0011107126991057
~/anvil/data/cve-targets/libsndfile_repo_src_ulaw.c,830,823,835,if (ptr [i] >= 0),if (ptr [i] >= 0),		if (ptr [i] >= 0),0.1919908672571182,"[[197, 743, 320, 3505, 508, 72, 60, 2604, 220, 15, 8, 151664]]","[-0.023071542382240295, -0.017151834443211555, -0.06414264440536499, -0.4460294842720032, -0.006267060991376638, -0.0007522851810790598, -0.0021828413009643555, -0.41957852244377136, -0.023858940228819847, -0.005277037154883146, -0.7213181257247925, -0.06386589258909225]",4.929861068725586,True,0.0,-1.7934962111175992,-0.14945801759313326,12.0,-1.729630318528507,-0.1572391198662279,11.0,0.05717319910112453,1,17,17,17,1.0,-1.2210120955933583,-1.0366203072606697,False,10,0.8333333333333334,0.0,1.0,0.0,1.0892712744756052
~/anvil/data/cve-targets/poppler_repo_poppler_GfxState.cc,2401,2386,2402,"alt->getGray(&color2, gray);","alt->getGray(&color2, gray);","        alt->getGray(&color2, gray);",0.1896429508924484,"[[286, 4797, 405, 455, 28174, 2099, 3423, 17, 11, 17545, 1215, 151643]]","[-0.7423943877220154, -1.1056218147277832, -0.01059549581259489, -0.30278024077415466, -0.04565659537911415, -0.058803804218769073, -0.006882650312036276, -0.0014840076910331845, -0.006034251302480698, -0.02505875565111637, -0.32381078600883484, -0.29525572061538696]",3.736284971237183,True,0.0,-2.9243785102153197,-0.24369820918460997,12.0,-2.6291227895999327,-0.23901116269090297,11.0,0.12255065744218382,1,16,16,16,1.0,-0.7934480915341215,-1.0680185606535104,False,10,0.8333333333333334,0.0,1.0,0.0,0.9833029653325592
~/anvil/data/cve-targets/libtiff_repo_libtiff_tif_pixarlog.c,731,684,813,},},	},0.5214736461639404,"[[197, 92, 151664]]","[-0.016319260001182556, -0.5739927887916565, -0.2585677206516266]",6.518924236297607,True,0.0,-0.8488797694444656,-0.2829599231481552,3.0,-0.590312048792839,-0.2951560243964195,2.0,0.07774994117840489,1,2,2,2,1.0,-1.7667728355886687,-1.0037679432672753,False,1,0.3333333333333333,0.0,1.0,0.0,1.0666760531028578
~/anvil/data/cve-targets/openssl_repo_ssl_statem_extensions_srvr.c,284,256,335,if (PACKET_remaining(&responder_id_list) > 0 && s->ext.ocsp.ids == NULL) {,if (s->ext.ocsp.ids == NULL) {,    if (s->ext.ocsp.ids == NULL) {,0.4802355766296386,"[[262, 421, 320, 82, 405, 427, 77984, 2154, 56202, 621, 1770, 8, 314, 151664]]","[-0.0329110324382782, -0.3606492877006531, -0.554180920124054, -0.14595670998096466, -0.0006853376980870962, -0.05992943048477173, -0.010051703080534935, -0.00022420754248742014, -0.25655001401901245, -0.6389773488044739, -0.0014156806282699108, -0.04563051462173462, -0.037155307829380035, -0.01856791414320469]",10.031944274902344,False,0.0,-2.1628854090959067,-0.1544918149354219,14.0,-2.144317494952702,-0.16494749961174632,13.0,0.045164523788564837,1,36,23,23,1.565217391304348,-2.9114450219616415,-1.0959114191494064,True,25,1.7857142857142858,44.0,0.5769230769230769,13.0,2.17027311394711
~/anvil/data/cve-targets/poppler_repo_poppler_Stream.cc,1341,1334,1352,return pred->lookChar();,return pred;,        return pred;,0.9018118381500244,"[[286, 470, 4162, 26, 151664]]","[-0.010225408710539341, -0.551699161529541, -0.36750951409339905, -0.37322258949279785, -0.06291911005973816]",5.754339218139648,False,0.0,-1.3655757838860154,-0.2731151567772031,5.0,-1.3026566738262773,-0.3256641684565693,4.0,0.03865156640163423,0,12,5,5,2.4,-2.7691466409215675,-1.0154722376911909,True,6,1.2,12.0,0.6666666666666667,7.0,2.202018238757285
~/anvil/data/cve-targets/libxml2_repo_parser.c,4965,4831,4974,"target, buf);","target, buf);","		                                     target, buf);",0.1140941232442855,"[[298, 10589, 2169, 11, 6607, 1215, 151664]]","[-0.14416782557964325, -0.2458241730928421, -0.017336729913949966, -0.028450440615415573, -0.12205314636230469, -0.28864482045173645, -0.16423369944095612]",3.118229866027832,True,0.0,-1.0107108354568481,-0.14438726220812118,7.0,-0.846477136015892,-0.14107952266931534,6.0,0.010186014732567458,0,7,7,7,1.0,-0.8087220674237571,-1.0846490700207805,False,4,0.5714285714285714,0.0,1.0,0.0,0.8198168421164989
~/anvil/data/cve-targets/lua_repo_ldebug.c,318,273,330,ar->ftransfer = ci->u2.transferinfo.ftransfer;,ar->ftransfer = ci->u2.transferinfo.ftransfer;,          ar->ftransfer = ci->u2.transferinfo.ftransfer;,0.1696740835905075,"[[688, 796, 405, 69, 24188, 284, 11825, 405, 84, 17, 49428, 2733, 833, 24188, 26, 151664]]","[-0.007251253817230463, -0.19903427362442017, -6.23445157543756e-05, -0.1367104947566986, -0.0001234931987710297, -0.0277548898011446, -0.16166339814662933, -0.003971428610384464, -0.8420366048812866, -0.5882326364517212, -0.02591998130083084, -0.0006366133457049727, -0.3144950866699219, -0.008860438130795956, -0.12437625229358673, -0.03628646209836006]",6.837499618530273,True,0.0,-2.4774156516432413,-0.15483847822770258,16.0,-2.4411291895448812,-0.16274194596965874,15.0,0.05721164635658684,0,19,19,19,1.0,-1.04259588749259,-1.011794257070441,False,14,0.875,0.0,1.0,0.0,1.1831881709074004
~/anvil/data/cve-targets/libpng_repo_pngrutil.c,823,760,919,max_palette_length = PNG_MAX_PALETTE_LENGTH;,max_palette_length = 256;,"      max_palette_length = 256;
   if (num > max",0.2758034169673919,"[[414, 1932, 66252, 5118, 284, 220, 17, 20, 21, 280, 256, 421, 320, 2413, 861, 1932]]","[-0.08456885814666748, -0.012335320003330708, -1.1444026313256472e-05, -2.3603161025675945e-05, -0.004423120059072971, -0.7950958609580994, -0.1935616135597229, -0.0034880531020462513, -0.011782223358750343, -0.22304856777191162, -0.02777065709233284, -0.2443242073059082, -0.04726193845272064, -0.062023524194955826, -0.061869122087955475, -0.021939896047115326]",6.364583492279053,False,1.0,-1.7935280093279289,-0.11209550058299556,16.0,-1.3561093212392734,-0.12328266556720667,11.0,0.05095047557115805,1,7,13,7,0.5384615384615384,-2.237162992043189,-1.0000976610185268,True,10,0.625,22.0,0.6376811594202898,1.0,2.0977971052517503
~/anvil/data/cve-targets/libxml2_repo_valid.c,1629,1585,1639,"xmlBufferWriteCHAR(buf, elem->name);","xmlBufferWriteCHAR(buf, elem->name);","	    xmlBufferWriteCHAR(buf, elem->name);
	    xmlBufferWriteChar",0.0848624929785728,"[[2760, 8396, 4095, 7985, 15237, 10731, 11, 11750, 405, 606, 317, 2760, 8396, 4095, 7985, 4768]]","[-0.0012266262201592326, -0.0007032066932879388, -0.0008653233526274562, -0.0001250427303602919, -0.016813823953270912, -0.0001497156627010554, -1.8715683836489916e-05, -0.00030322244856506586, -2.0265373677830212e-05, -0.00013553177996072918, -0.5264293551445007, -0.005334547720849514, -0.03391430154442787, -0.003011812688782811, -0.0004789874074049294, -0.003116752253845334]",11.826563835144045,True,1.0,-0.5926472306582582,-0.03704045191614114,16.0,-0.5521253767637972,-0.04601044806364977,12.0,0.02100319909009531,0,14,17,14,0.8235294117647058,-1.8444178778953866,-1.1461996895931783,False,10,0.625,0.0,1.0,0.0,0.7102261337237475
~/anvil/data/cve-targets/libtiff_repo_libtiff_tif_predict.c,606,576,615,assert(rowsize > 0);,/*,"        /* 
         * Do predictor manipulation in a",0.9644257426261902,"[[286, 1391, 715, 260, 353, 3155, 61154, 33686, 304, 264]]","[-1.7413928508758545, -1.4407284259796143, -1.9062291383743286, -0.05422218143939972, -0.0011818574275821447, -2.3266279697418213, -0.6042491793632507, -0.5246682167053223, -0.9457879066467285, -0.5062770247459412]",0.43819460272789,False,1.0,-10.051364751299843,-1.0051364751299843,10.0,-5.142572596669197,-1.2856431491672993,4.0,0.5333209508628433,1,12,10,3,1.2,-0.7501504155728135,-1.1598113684484592,True,7,0.7,20.0,0.0,11.0,1.7780870317379838
~/anvil/data/cve-targets/libpng_repo_pngrutil.c,2620,2602,2642,size_t row_factor_l =,size_t row_factor_l = (size_t,      size_t row_factor_l = (size_t,0.1459891349077224,"[[414, 1379, 528, 2802, 18588, 907, 284, 320, 2141, 528]]","[-0.12188410013914108, -0.6780740022659302, -0.00047994061606004834, -0.029823314398527145, -0.00043084874050691724, -0.003558139316737652, -0.13325822353363037, -0.8951809406280518, -0.5596672892570496, -0.000506511190906167]",6.594444274902344,False,0.0,-2.422863310086541,-0.2422863310086541,10.0,-2.422863310086541,-0.2422863310086541,10.0,0.10208503327110399,1,4,6,6,0.6666666666666666,-0.6025479617441063,-1.0056648482286503,True,6,0.6,8.0,0.84,2.0,2.027593710373186
~/anvil/data/cve-targets/openssl_repo_crypto_pkcs7_pk7_doit.c,1023,868,1173,void *value),void *value),                         void *value),0.0223006978631019,"[[5108, 737, 353, 957, 8, 151664]]","[-1.0799959897994995, -0.035222046077251434, -0.0004984090337529778, -0.0014805557439103723, -0.04719427973031998, -0.1288653016090393]",0.8994791507720947,True,0.0,-1.2932565819937736,-0.21554276366562894,6.0,-1.1643912803847343,-0.23287825607694684,5.0,0.17974005204836158,0,6,6,6,1.0,-0.0957611854312984,-1.146513117722521,False,4,0.6666666666666666,0.0,1.0,0.0,0.6090264464954142
~/anvil/data/cve-targets/sqlite3_repo_src_where.c,2686,2336,2707,&& pProbe->aiRowLogEst[saved_nEq+1]>=42  /* TUNING: Minimum for skip-scan */,&& pNew->nOut>=42,   && pNew->nOut>=42,0.6856265068054199,"[[256, 1009, 281, 3564, 405, 77, 2662, 9922, 19, 17, 151664]]","[-0.15987548232078552, -0.02943689562380314, -1.123285174369812, -0.7587054967880249, -0.0006057572900317609, -0.6378922462463379, -0.2357708215713501, -1.2885284423828125, -0.5139731168746948, -0.005073173902928829, -0.8781688213348389]",5.428646087646484,False,0.0,-5.63131542870542,-0.5119377662459473,11.0,-4.7531466073705815,-0.47531466073705814,10.0,0.19915844612311434,1,18,10,10,1.8,-1.4424686706322853,-1.0237742991795846,True,29,2.6363636363636362,65.0,0.25806451612903225,13.0,2.212969843912589
~/anvil/data/cve-targets/poppler_repo_poppler_JPEG2000Stream.cc,280,273,351,jpxData.data = buf;,jpxData.buf = buf;,    jpxData.buf = buf;,0.5009486079216003,"[[262, 502, 1767, 1043, 44485, 284, 6607, 26, 151664]]","[-0.1636698991060257, -0.9980487823486328, -0.0008704449282959104, -0.03928646817803383, -0.9309665560722351, -0.014882843010127544, -0.0875290185213089, -0.11613478511571884, -0.05827200412750244]",6.6855902671813965,False,0.0,-2.409660801407881,-0.2677400890453201,9.0,-2.3513887972803786,-0.29392359966004733,8.0,0.1526716971898155,0,10,10,10,1.0,-1.7043497306817097,-1.0079590190542458,True,7,0.7777777777777778,4.0,0.8108108108108107,1.0,2.1419366165230604
~/anvil/data/cve-targets/sqlite3_repo_src_expr.c,5438,5367,5449,if( (pLeft->op==TK_COLUMN && IsVirtual(pLeft->y.pTab)),if( pLeft->op==TK_COLUMN,"      if( pLeft->op==TK_COLUMN
       && pRight->op==TK_COLUMN
       && pLeft->iColumn==pRight",0.2681754231452942,"[[414, 421, 7, 281, 5415, 405, 453, 418, 15778, 36183, 198, 981, 1009, 281, 5979, 405, 453, 418, 15778, 36183, 198, 981, 1009, 281, 5415, 405, 72, 2933, 418, 79, 5979]]","[-0.015022831968963146, -0.757668673992157, -0.4805733859539032, -0.7900685667991638, -0.3343636691570282, -0.023918883875012398, -0.13052953779697418, -0.07293009757995605, -0.0031010655220597982, -0.03395325317978859, -0.8535968065261841, -0.4247051775455475, -0.3050664961338043, -0.39499717950820923, -0.36585819721221924, -0.009147165343165398, -0.01072582509368658, -0.03087499737739563, -0.0018262865487486124, -0.276443749666214, -0.12781395018100739, -0.0302139800041914, -0.018636249005794525, -0.28043973445892334, -0.14057594537734985, -0.013208862394094467, -0.291206032037735, -0.09668687731027603, -0.10270357877016068, -0.004790021106600761, -0.0007618147064931691]",6.167360305786133,False,2.0,-6.4224088921328075,-0.2071744803913809,31.0,-3.920431949896738,-0.32670266249139485,12.0,0.09946028666634486,1,27,28,10,0.9642857142857143,-0.820854721844692,-1.0050408987054589,True,20,0.6451612903225806,30.0,0.6153846153846154,17.0,2.30909084037868
~/anvil/data/cve-targets/sqlite3_repo_src_shell.c.in,3423,3268,3573,sqlite3_finalize(pStmt);,sqlite3_finalize(pStmt);,"  sqlite3_finalize(pStmt);
  if(",0.6346257328987122,"[[220, 22003, 18, 70616, 1295, 31063, 317, 220, 421, 7]]","[-0.01281726360321045, -1.0870639085769653, -0.00023779425828251988, -0.008259779773652554, -0.00016926287207752466, -4.339123915997334e-05, -0.07311194390058517, -0.010129591450095177, -0.4075821042060852, -0.0009611992281861603]",5.992361068725586,True,1.0,-1.6003762391083,-0.16003762391083,10.0,-1.1918329356740287,-0.1489791169592536,8.0,0.12622878515772967,1,9,11,9,0.8181818181818182,-4.259830141645187,-1.0094475659815023,False,6,0.6,0.0,1.0,0.0,1.14608229372286
~/anvil/data/cve-targets/openssl_repo_crypto_rsa_rsa_ameth.c,546,534,551,if (magma_int) {,if (magma_int < 0) {,"    if (magma_int < 0) {
       ",0.9461737275123596,"[[262, 421, 320, 76, 5716, 4042, 366, 220, 15, 8, 341, 286]]","[-0.15879616141319275, -0.21662208437919617, -0.07351142168045044, -0.012717338278889656, -1.1086402082582936e-05, -0.00011836781777674332, -1.0309350490570068, -0.009112909436225891, -0.0628775805234909, -0.3623296320438385, -0.10894646495580673, -0.004716580733656883]",8.45763874053955,False,1.0,-2.040694676721614,-0.17005788972680116,12.0,-2.040694676721614,-0.17005788972680116,12.0,0.07839240360057073,1,10,13,13,0.7692307692307693,-5.563833169001405,-1.053616703390095,True,7,0.5833333333333334,4.0,0.8888888888888888,3.0,2.071415652757583
~/anvil/data/cve-targets/poppler_repo_poppler_FileSpec.cc,237,195,266,name->del(0);,"name->setChar(0, '\\');","            name->setChar(0, '\\');",0.3648501336574554,"[[310, 829, 405, 746, 4768, 7, 15, 11, 28078, 4667]]","[-0.02090667188167572, -0.28092384338378906, -0.014668595045804977, -0.4883063733577728, -0.029742084443569183, -0.007514898665249348, -0.1023307666182518, -0.0009460740839131176, -0.5528327822685242, -0.09116527438163757]",6.941665649414063,False,0.0,-1.5893373641301878,-0.15893373641301878,10.0,-1.5893373641301878,-0.15893373641301878,10.0,0.03907629894967823,0,12,17,17,0.7058823529411765,-2.295611629675179,-1.0144325556388285,True,6,0.6,12.0,0.6111111111111112,6.0,2.124891492895071
~/anvil/data/cve-targets/poppler_repo_poppler_Annot.cc,5094,5076,5097,if (obj1.isArray()) {,if (obj1.isArray()) {,    if (obj1.isArray()) {,0.2357906252145767,"[[262, 421, 320, 2295, 16, 31809, 2140, 314, 151664]]","[-0.008204211480915546, -0.19675324857234955, -0.10405164957046509, -0.01130697038024664, -0.00022599527437705547, -0.3948684334754944, -0.1701408177614212, -0.7404032945632935, -0.013106506317853928]",7.573611736297607,True,0.0,-1.6390611273964169,-0.18211790304404632,9.0,-1.625954621078563,-0.20324432763482037,8.0,0.05654171960492858,0,17,17,17,1.0,-1.16013385445243,-1.03058649195092,False,7,0.7777777777777778,0.0,1.0,0.0,1.113929840168049
~/anvil/data/cve-targets/php_repo_ext_exif_exif.c,3630,3617,3700,if (!data) {,if (ImageInfo->Thumbnail.size,	if (ImageInfo->Thumbnail.size,1.1358624696731567,"[[743, 320, 1906, 1731, 405, 45970, 2486]]","[-1.1131565570831299, -0.6725721955299377, -0.3167042136192322, -0.00018666432879399508, -0.012089667841792107, -0.05857605114579201, -0.3513505458831787]",1.770832896232605,False,0.0,-2.5246358954318566,-0.3606622707759795,7.0,-2.5246358954318566,-0.3606622707759795,7.0,0.14403658250637735,1,12,10,10,1.2,-3.1493797985281424,-1.121807721442229,True,5,0.7142857142857143,23.0,0.29268292682926833,11.0,1.917790253079044
~/anvil/data/cve-targets/libsndfile_repo_src_alaw.c,308,301,313,if (ptr [i] >= 0),if (ptr [i] >= 0),		if (ptr [i] >= 0),0.107846513390541,"[[197, 743, 320, 3505, 508, 72, 60, 2604, 220, 15, 8, 151664]]","[-0.01390460878610611, -0.014510110951960087, -0.08459525555372238, -0.06234009936451912, -0.0036398605443537235, -0.0006837890832684934, -0.0013731822837144136, -0.7012137770652771, -0.01000862568616867, -0.005643861833959818, -0.0833776444196701, -0.056200798600912094]",5.665972232818604,True,0.0,-1.0374916141736321,-0.08645763451446935,12.0,-0.98129081557272,-0.08920825596115636,11.0,0.038427954977263305,1,17,17,17,1.0,-1.2089297366994847,-1.0177180730070543,False,10,0.8333333333333334,0.0,1.0,0.0,1.133438320470267
~/anvil/data/cve-targets/libpng_repo_pngrtran.c,3987,3829,4027,else if (row_info->bit_depth == 16),else,      else,0.1266465783119201,"[[414, 770, 151664]]","[-0.039772097021341324, -0.01226702332496643, -0.5074979066848755]",5.263194561004639,False,0.0,-0.5595370270311832,-0.18651234234372774,3.0,-0.052039120346307755,-0.026019560173153877,2.0,0.0001891322697607535,0,16,2,2,8.0,-4.867360457637169,-1.0280176946011395,True,13,4.333333333333333,31.0,0.20512820512820518,15.0,2.093966086726267
~/anvil/data/cve-targets/libxml2_repo_xzlib.c,534,470,573,},},"        }
       ",0.9771262407302856,"[[286, 456, 286]]","[-0.035898394882678986, -0.47710174322128296, -0.2740265130996704]",8.465972900390625,True,1.0,-0.7870266512036324,-0.26234221706787747,3.0,-0.7870266512036324,-0.26234221706787747,3.0,0.032511660484411876,1,2,2,2,1.0,-3.724624468190217,-1.0538362515118604,False,1,0.3333333333333333,0.0,1.0,0.0,0.9844732898427058
~/anvil/data/cve-targets/libsndfile_repo_src_file_io.c,303,297,328,ssize_t	count ;,sf_count_t count ;,	sf_count_t count ;,1.7399015426635742,"[[53024, 3180, 528, 1760, 2587, 151643]]","[-1.0760703086853027, -0.03753266856074333, -0.00012158608296886086, -0.02461373433470726, -0.7202272415161133, -0.5108579397201538]",0.5805553793907166,False,0.0,-2.3694234788999893,-0.39490391314999823,6.0,-1.8585655391798355,-0.3717131078359671,5.0,0.19756319357619834,1,5,5,5,1.0,-4.680764562737383,-1.155690914006625,True,4,0.6666666666666666,8.0,0.6060606060606061,1.0,1.8268038397123119
~/anvil/data/cve-targets/poppler_repo_poppler_XRef.cc,1493,1486,1515,if ((!xRefStream) && mainXRefEntriesOffset) {,if (i < size) {,        if (i < size) {,2.0441620349884038,"[[286, 421, 320, 72, 366, 1379, 8, 314, 151664]]","[-0.0174791868776083, -0.23932255804538727, -0.1362970918416977, -0.7768682837486267, -0.9131477475166321, -0.7391598224639893, -0.13077150285243988, -0.5915047526359558, -0.08276470750570297]",6.55555534362793,False,0.0,-3.62731565348804,-0.4030350726097822,9.0,-3.544550945982337,-0.4430688682477921,8.0,0.107047121313525,1,18,13,13,1.3846153846153846,-4.613644021238656,-1.0046875925817766,True,14,1.5555555555555556,34.0,0.3666666666666667,8.0,2.4732959907817995
~/anvil/data/cve-targets/libxml2_repo_xmlmemory.c,142,129,178,TEST_POINT,#ifdef MEM_LIST,"#ifdef MEM_LIST
",1.007794737815857,"[[5753, 24478, 11899, 198]]","[-0.2742486298084259, -0.35172703862190247, -0.22527483105659485, -0.17976824939250946]",6.068750381469727,False,1.0,-1.0310187488794327,-0.25775468721985817,4.0,-1.0310187488794327,-0.25775468721985817,4.0,0.004059919627882366,1,2,5,5,0.4,-3.9098987827764846,-1.0075216304325867,True,2,0.5,13.0,0.31999999999999995,4.0,2.1280875536355217
~/anvil/data/cve-targets/openssl_repo_crypto_asn1_a_type.c,110,95,119,if (rt == NULL) {,if (rt == NULL) {,"        if (rt == NULL) {
            ASN1_O",0.2431093454360962,"[[286, 421, 320, 3342, 621, 1770, 8, 341, 310, 54855, 16, 2232]]","[-0.13167396187782288, -0.01977035216987133, -0.6996161937713623, -0.02049027942121029, -0.008478597737848759, -0.0020136809907853603, -0.049356598407030106, -0.8180652856826782, -0.011856560595333576, -0.041139595210552216, -4.7444173105759546e-05, -0.02145077846944332]",10.734201431274414,True,1.0,-1.8239593285070441,-0.15199661070892034,12.0,-1.7613215106539428,-0.19570239007266033,9.0,0.09275557165370268,0,14,12,14,1.1666666666666667,-1.2422400428826375,-1.115321598223969,False,7,0.5833333333333334,0.0,1.0,0.0,0.8265680959467899
~/anvil/data/cve-targets/openssl_repo_crypto_x509_v3_addr.c,74,68,78,return ((f != NULL &&,return ((f != NULL && f->address,    return ((f != NULL && f->address,0.3572042882442474,"[[262, 470, 1781, 69, 961, 1770, 1009, 282, 405, 4995]]","[-0.19630438089370728, -0.20573443174362183, -0.709678590297699, -0.11328323930501938, -0.4889577031135559, -0.005433789920061827, -0.5886280536651611, -0.7535387277603149, -0.0067454250529408455, -0.1589425951242447]",3.128645658493042,False,0.0,-3.227246936876327,-0.3227246936876327,10.0,-3.227246936876327,-0.3227246936876327,10.0,0.07345475916467606,1,10,15,15,0.6666666666666666,-1.106839034108706,-1.0843666697998793,True,6,0.6,11.0,0.7924528301886793,5.0,1.8910877624738938
~/anvil/data/cve-targets/libsndfile_repo_src_double64.c,109,70,214,psf->read_float		= host_read_d2f ;,psf->read_float		= host_read_d2f ;,"					psf->read_float		= host_read_d2f ;
					psf->read_double	",0.0694433376193046,"[[464, 35009, 69, 405, 878, 17586, 197, 197, 28, 3468, 6443, 814, 17, 69, 4386, 464, 35009, 69, 405, 878, 24598, 197]]","[-0.0002898749662563205, -0.0002586507180240005, -3.8980677345534787e-05, -2.610649426060263e-05, -0.00028224775451235473, -0.00022003613412380219, -0.0005146132898516953, -0.0007273888913914561, -2.074220174108632e-05, -5.400034933700226e-05, -3.6954195820726454e-05, -9.107174992095679e-05, -3.58813522325363e-05, -3.6954195820726454e-05, -0.5829564332962036, -0.005332650151103735, -0.001157329068519175, -5.686121585313231e-05, -0.00019774865359067917, -0.00015400654228869826, -0.000552263343706727, -0.003524641040712595]",13.07638931274414,True,1.0,-0.5965654362826172,-0.027116610740118962,22.0,-0.5909225864179461,-0.036932661651121634,16.0,0.019877711695111704,0,10,16,10,0.625,-1.8802689682993814,-1.1825788137417073,False,14,0.6363636363636364,0.0,1.0,0.0,0.5532614723703163
~/anvil/data/cve-targets/php_repo_ext_exif_exif.c,3659,3617,3700,if (pos+length>=ImageInfo->Thumbnail.size) {,if (pos+length>=ImageInfo->Thumbnail.size),		if (pos+length>=ImageInfo->Thumbnail.size),0.2845397293567657,"[[197, 743, 320, 966, 10, 4129, 9922, 1906, 1731, 405, 45970, 2486, 8, 151664]]","[-0.07475725561380386, -0.6753273010253906, -0.10025112330913544, -0.47690093517303467, -0.17958368360996246, -0.044350575655698776, -0.6251293420791626, -0.0026266619097441435, -7.271740287251305e-06, -1.680836794548668e-05, -0.00036352223833091557, -0.00022790218645241112, -0.2716500163078308, -0.8222304582595825]",7.143922805786133,False,0.0,-3.273422857476362,-0.23381591839116872,14.0,-2.4511923992167794,-0.1885532614782138,13.0,0.05659729704093624,1,22,21,21,1.0476190476190477,-1.509068191799178,-1.0195749518636628,True,13,0.9285714285714286,2.0,0.9767441860465116,3.0,2.2110887879229755
~/anvil/data/cve-targets/openssl_repo_crypto_asn1_a_d2i_fp.c,169,89,226,size_t chunk_max = want;,if (want > INT_MAX /* BIO_read takes an,                if (want > INT_MAX /* BIO_read takes an,1.9502919912338257,"[[394, 421, 320, 52657, 861, 9221, 6806, 1391, 72066, 6443, 4990, 458]]","[-0.21295657753944397, -0.5355111956596375, -0.0954897552728653, -0.5407884120941162, -0.8587372303009033, -1.4102749824523926, -0.002575772814452648, -0.2276468575000763, -0.04226378723978996, -0.0011962646385654807, -0.002662686863914132, -0.005772112403064966]",5.72586727142334,False,0.0,-3.9358756347792223,-0.3279896362316019,12.0,-3.9358756347792223,-0.3279896362316019,12.0,0.17689413966854098,1,8,14,14,0.5714285714285714,-5.946200049615819,-1.016195306786557,True,7,0.5833333333333334,32.0,0.2857142857142857,14.0,2.311086180919983
~/anvil/data/cve-targets/openssl_repo_crypto_bn_bn_gf2m.c,598,495,643,if (ubits <= BN_BITS2 && udp[0] == 1),if (ubits == 0),            if (ubits == 0),1.4337259531021118,"[[310, 421, 320, 81402, 621, 220, 15, 8, 151664]]","[-0.02069837972521782, -0.3477938175201416, -0.3534128963947296, -0.19867107272148132, -0.7324804067611694, -0.2453829050064087, -0.10164739936590195, -0.4823380708694458, -0.017086796462535858]",7.124999046325684,False,0.0,-2.499511744827032,-0.2777235272030036,9.0,-2.4824249483644962,-0.31030311854556203,8.0,0.044397269329549,1,23,12,12,1.9166666666666667,-4.620404589622572,-1.01909271116672,True,16,1.7777777777777777,23.0,0.5384615384615384,12.0,2.3956434078807907
~/anvil/data/cve-targets/libpng_repo_pngrutil.c,312,278,370,*/,* This,    * This,1.400784254074097,"[[262, 353, 1096]]","[-0.03607238456606865, -0.90077805519104, -2.3696177005767822]",9.811805725097656,False,0.0,-3.306468140333891,-1.1021560467779636,3.0,-3.306468140333891,-1.1021560467779636,3.0,0.9278488380603817,0,3,3,3,1.0,-1.270949116660151,-1.089896676526498,True,1,0.3333333333333333,5.0,0.25,3.0,1.9509026244757517
~/anvil/data/cve-targets/sqlite3_repo_src_resolve.c,301,220,632,if( zTab ){,if( zTab && pTab->,        if( zTab && pTab->,1.2952357530593872,"[[286, 421, 7, 1147, 8582, 1009, 281, 8582, 405]]","[-0.055855102837085724, -0.14424604177474976, -0.0018052248051390052, -0.7448909282684326, -0.09364693611860275, -0.5533819794654846, -0.44998523592948914, -0.2408219873905182, -0.6554585099220276]",6.402778148651123,False,0.0,-2.9400919465115294,-0.3266768829457255,9.0,-2.9400919465115294,-0.3266768829457255,9.0,0.06927128427884365,0,10,7,7,1.4285714285714286,-3.9648834082777116,-1.000857577668934,True,5,0.5555555555555556,9.0,0.6206896551724138,6.0,2.281958757633102
~/anvil/data/cve-targets/php_repo_ext_exif_exif.c,945,873,977,"{ 0x0079, ""IntelligentDRange""},","{ 0x0078, ""BurstMode2""},","  { 0x0078, ""BurstMode2""},
  { 0x007",1.7525314092636108,"[[220, 314, 220, 15, 87, 15, 15, 22, 23, 11, 330, 33, 32612, 3636, 17, 7115, 220, 314, 220, 15, 87, 15, 15, 22]]","[-0.005401777569204569, -0.0009141556802205741, -0.00038187362952157855, -4.255681051290594e-05, -0.0008529362385161221, -0.0003719830128829926, -0.0011179156135767698, -0.11317317187786102, -1.082589864730835, -0.00039569655200466514, -0.0004954302567057312, -1.7168467044830322, -0.10571358352899551, -2.433098316192627, -1.5425400733947754, -0.49185216426849365, -0.004156166221946478, -0.0007288183551281691, -0.00020013237372040749, -2.7656173188006505e-05, -0.0007782529573887587, -0.0002015625941567123, -0.0003369478799868375, -0.02518465742468834]",9.45642375946045,False,1.0,-7.527402397819969,-0.31364176657583204,24.0,-7.499944370061712,-0.44117319823892426,17.0,0.5515375473993394,0,10,14,10,0.7142857142857143,-3.972433992498565,-1.0802563244497632,True,15,0.625,17.0,0.5454545454545454,2.0,2.111955096080153
~/anvil/data/cve-targets/sqlite3_repo_src_resolve.c,188,173,190,result = ((Bitmask)1)<<n;,result = (Bitmask)1 << n;,  result = (Bitmask)1 << n;,0.6069725751876831,"[[220, 1102, 284, 320, 8344, 11258, 8, 16, 1115, 308, 26, 151643]]","[-0.14895246922969818, -0.3158656656742096, -0.005847016349434853, -1.241802453994751, -0.3782458007335663, -0.0008771148277446628, -0.34572547674179077, -0.06378693878650665, -0.7611214518547058, -0.23398780822753906, -0.18419501185417175, -0.5846799612045288]",5.632118225097656,False,0.0,-4.265087169478647,-0.35542393078988727,12.0,-3.6804072082741186,-0.33458247347946535,11.0,0.12430138429350861,1,18,15,15,1.2,-1.8141194572313286,-1.01857978349757,True,10,0.8333333333333334,3.0,0.92,3.0,2.216808498297629
~/anvil/data/cve-targets/libsndfile_repo_src_common.c,594,470,684,return count ;,break ;,						break ;,2.6351964473724365,"[[1144, 3388, 2587, 151664]]","[-0.056440580636262894, -0.024906329810619354, -0.07195624709129333, -0.115559883415699]",6.7793402671813965,False,0.0,-0.2688630409538746,-0.06721576023846865,4.0,-0.15330315753817558,-0.0511010525127252,3.0,0.000383204399644069,1,5,4,4,1.25,-51.56833994204364,-1.0103241936113976,True,3,0.75,11.0,0.38095238095238093,3.0,2.3969771131420172
~/anvil/data/cve-targets/libsndfile_repo_src_common.c,599,470,684,"memcpy (&(psf->header.ptr [psf->header.indx]), strptr, size) ;","memcpy (&(psf->header.ptr [psf->header.indx]), strptr, size) ;","					memcpy (&(psf->header.ptr [psf->header.indx]), strptr, size) ;",0.0262998957186937,"[[464, 25497, 15899, 7, 1690, 69, 405, 2708, 38740, 508, 1690, 69, 405, 2708, 28473, 87, 9719, 607, 3505, 11, 1379, 8, 2587, 151664]]","[-0.04046082869172096, -0.12338077276945114, -0.0787481740117073, -0.013229803182184696, -0.00012396997772157192, -1.537788011773955e-05, -1.3589766240329482e-05, -1.597391747054644e-05, -0.00013672371278516948, -0.004436412826180458, -4.23184028477408e-05, -6.6756979322235566e-06, -1.1324817933200393e-05, -4.410734163684538e-06, -1.2397689715726301e-05, -1.0728830375228426e-06, -0.004398789722472429, -0.009472307749092579, -8.4638240878121e-06, -0.0015026956098154187, -0.01595844328403473, -0.29411581158638, -0.07435151934623718, -0.2059280127286911]",10.816146850585938,True,0.0,-0.8663758708120213,-0.036098994617167555,24.0,-0.6604478580833302,-0.028715124264492617,23.0,0.004203884163784498,1,35,35,35,1.0,-0.9158900193656677,-1.1176088276745748,False,22,0.9166666666666666,0.0,1.0,0.0,1.0259367760838587
~/anvil/data/cve-targets/libpng_repo_png.c,4005,3952,4008,image->flags |= PNG_IMAGE_FLAG_INVALID;,"/* And finally, the image structure. */","   /* And finally, the image structure. */
   png_free(c.png",2.256963014602661,"[[256, 1391, 1597, 5499, 11, 279, 2168, 5944, 13, 735, 256, 36151, 8905, 1337, 3508]]","[-0.203908771276474, -0.8133084177970886, -2.113471031188965, -0.9702845811843872, -0.9778213500976562, -1.0034602880477905, -1.692386269569397, -1.019511342048645, -0.6153978109359741, -0.3523860573768616, -0.01783442124724388, -0.6133085489273071, -0.2576007544994354, -0.5604602694511414, -0.03117339313030243]",2.8133678436279297,False,1.0,-11.24231330677867,-0.7494875537852447,15.0,-9.779770340770483,-0.8890700309791348,11.0,0.344200989808435,1,10,8,2,1.25,-2.538566070118304,-1.0929473604987758,True,9,0.6,37.0,0.17948717948717952,9.0,2.149244326214019
~/anvil/data/cve-targets/lua_repo_ldebug.c,593,584,599,if (c->upvals[i]->v == o) {,"if (ttypen(o, TUPVAL) && upvalisup(i, c))","    if (ttypen(o, TUPVAL) && upvalisup(i, c))",0.579127848148346,"[[262, 421, 320, 83, 3653, 268, 10108, 11, 350, 3124, 5594, 8, 1009, 705, 831, 285, 454, 1956, 11, 272, 593]]","[-0.0040430244989693165, -0.0388510599732399, -0.029390014708042145, -1.6436797380447388, -1.210102915763855, -1.7738887071609497, -0.15944737195968628, -0.20816974341869354, -0.793901264667511, -0.25172480940818787, -0.048947010189294815, -0.3715270757675171, -0.16219893097877502, -1.7942345142364502, -0.6098281145095825, -1.209336757659912, -0.9910448789596558, -1.0249989032745361, -0.10975711047649384, -0.5321062207221985, -0.5358954668045044]",8.43906307220459,False,0.0,-13.503073633182794,-0.6430035063420378,21.0,-13.503073633182794,-0.6430035063420378,21.0,0.34431152492101835,0,24,26,26,0.9230769230769231,-0.9006604823089192,-1.053127526122961,True,13,0.6190476190476191,33.0,0.38235294117647056,23.0,2.1771208133620266
~/anvil/data/cve-targets/libtiff_repo_libtiff_tif_read.c,89,46,147,uint8_t* new_rawdata;,uint8_t* new_rawdata;,                uint8_t* new_rawdata;,0.2959780693054199,"[[394, 2622, 23, 528, 9, 501, 16067, 691, 26, 151664]]","[-0.18646200001239777, -0.9191493988037109, -0.7160214781761169, -0.0007771808886900544, -0.25438663363456726, -0.013320030644536018, -0.0005590544897131622, -1.4185804502631072e-05, -0.4660032391548157, -0.09063560515642166]",3.2083332538604736,True,0.0,-2.647328806765472,-0.2647328806765472,10.0,-2.5566932016090504,-0.28407702240100563,9.0,0.10533806425752641,0,7,7,7,1.0,-1.0418937329173166,-1.08220855588967,False,8,0.8,0.0,1.0,0.0,0.8543251280498293
~/anvil/data/cve-targets/sqlite3_repo_src_vdbe.c,5755,5600,5905,"** seek operation now, without further delay.  If the cursor seek has","** seek.  If the seek has not yet occurred, this instruction is a no-op.","** seek.  If the seek has not yet occurred, this instruction is a no-op.
** If the",2.209059000015259,"[[334, 5931, 13, 220, 1416, 279, 5931, 702, 537, 3602, 10017, 11, 419, 7600, 374, 264, 902, 29492, 624, 334, 1416, 279]]","[-0.01090130116790533, -0.7869235873222351, -1.4001550674438477, -0.43926820158958435, -0.9681029319763184, -0.8854351043701172, -0.3577176630496979, -0.6697502732276917, -0.2320825159549713, -1.3471105098724365, -0.4939166307449341, -0.2143043875694275, -1.0702530145645142, -0.7604937553405762, -0.09685374796390533, -0.022485189139842987, -0.2086879163980484, -0.01441364549100399, -0.21342064440250397, -0.874383807182312, -0.7453139424324036, -0.3272666931152344]",6.072916507720947,False,1.0,-12.139240530319512,-0.5517836604690687,22.0,-10.192276087589562,-0.5364355835573453,19.0,0.1886546858224684,0,19,31,24,0.6129032258064516,-4.11803218825641,-1.0074166993393034,True,15,0.6818181818181818,55.0,0.42553191489361697,22.0,2.501110665712352
~/anvil/data/cve-targets/poppler_repo_poppler_GfxState.cc,519,511,523,*out++ = 0;,*out++ = 0;,        *out++ = 0;,0.0179442185908556,"[[286, 353, 411, 1027, 284, 220, 15, 26, 151664]]","[-0.014464170671999454, -0.003059470560401678, -4.029192859889008e-05, -0.0001454247540095821, -0.0001037067049765028, -0.08055033534765244, -0.07298029959201813, -0.03545230254530907, -0.18495741486549377]",6.289757251739502,True,0.0,-0.3917534169704595,-0.04352815744116217,9.0,-0.20679600210496574,-0.025849500263120717,8.0,0.0009930474022896787,0,11,11,11,1.0,-0.6941804834988039,-1.0019702506616543,False,6,0.6666666666666666,0.0,1.0,0.0,1.0990938713574994
~/anvil/data/cve-targets/poppler_repo_poppler_Parser.cc,167,68,191,shift();,if (rec,            if (rec,1.4330027103424072,"[[310, 421, 320, 2758]]","[-0.10350006073713303, -0.532207727432251, -0.06641201674938202, -1.3935199975967407]",7.513193607330322,False,0.0,-2.0956398025155067,-0.5239099506288767,4.0,-2.0956398025155067,-0.5239099506288767,4.0,0.2855848304775309,1,8,4,4,2.0,-2.7352080421879728,-1.0290310142952055,True,2,0.5,6.0,0.4,6.0,2.1952471842233794
~/anvil/data/cve-targets/libsndfile_repo_src_alaw.c,257,98,274,"0xa9, 0xa9, 0xa9, 0xa9, 0xa9, 0xa9, 0xa9, 0xa9, 0xa8, 0xa8, 0xa8, 0xa8,","0xa8, 0xa8, 0xa8, 0xa8, 0xa8, 0xa8, 0xa8, 0xa8, 0xa8, 0xa8, 0xa8, 0xa8,","	0xa8, 0xa8, 0xa8, 0xa8, 0xa8, 0xa8, 0xa8, 0xa8, 0xa8, 0xa8, 0xa8, 0xa8,
	0xa8, 0xa8, 0xa8, 0xa8, 0xa8, 0xa8,",0.1575804352760315,"[[197, 15, 9591, 23, 11, 220, 15, 9591, 23, 11, 220, 15, 9591, 23, 11, 220, 15, 9591, 23, 11, 220, 15, 9591, 23, 11, 220, 15, 9591, 23, 11, 220, 15, 9591, 23, 11, 220, 15, 9591, 23, 11, 220, 15, 9591, 23, 11, 220, 15, 9591, 23, 11, 220, 15, 9591, 23, 11, 220, 15, 9591, 23, 345, 197, 15, 9591, 23, 11, 220, 15, 9591, 23, 11, 220, 15, 9591, 23, 11, 220, 15, 9591, 23, 11, 220, 15, 9591, 23, 11, 220, 15, 9591, 23, 11]]","[-0.02068156562745571, -0.0024132197722792625, -0.29168379306793213, -0.6279742121696472, -0.008566655218601227, -0.004092058166861534, -5.3165931603871286e-05, -0.0005590544897131622, -0.00034981805947609246, -0.0007744412287138402, -0.0030954801477491856, -2.074220174108632e-05, -0.0004433602443896234, -0.00023147765023168176, -0.0009744186536408961, -0.002174039138481021, -2.2291887944447808e-05, -0.0005043664714321494, -0.00014208737411536276, -0.0010583758121356368, -0.0031140190549194813, -3.0517112463712692e-05, -0.0004693360242526978, -0.0002611534437164664, -0.0009408338228240609, -0.003481044201180339, -3.838465272565372e-05, -0.0004861365014221519, -0.00014423283573705703, -0.0006347072194330394, -0.0017187122721225023, -3.302042750874534e-05, -0.0004374024283606559, -0.00015710550360381603, -0.0007736074039712548, -0.002783236326649785, -5.94836674281396e-05, -0.00039200251922011375, -0.00020752183627337217, -0.0012260308722034097, -0.0025115632452070713, -5.900685573578812e-05, -0.0005809764843434095, -0.0003135904553346336, -0.0007493072189390659, -0.0015507827047258615, -4.279521817807108e-05, -0.0004828002711292356, -0.0002002515539061278, -0.001069212332367897, -0.002237556502223015, -4.0649541915627196e-05, -0.00033384948619641364, -0.000164018536452204, -0.007506734691560268, -0.010229657404124737, -0.00025328766787424684, -0.0002696150622796267, -0.00015186110977083445, -0.34989017248153687, -0.0017417988274246454, -3.7788631743751466e-05, -0.0005168771021999419, -0.0004528927383944392, -0.0005024601123295724, -0.00030119650182314217, -5.006777428206988e-06, -0.00022301571152638644, -0.00018165845540352166, -0.000300600629998371, -0.0001879753835964948, -2.9802276912960224e-06, -0.00026639728457666934, -0.00024279984063468874, -0.0004552758182398975, -0.00014172980445437133, -1.2993727978027891e-05, -0.00017653337272349745, -0.0001380348257953301, -0.0005341533687897027, -0.00021371940965764225, -4.291525328881107e-06, -0.0003070359816774726, -0.00038068200228735805, -0.0006559127941727638, -0.00013028726971242577, -4.291525328881107e-06, -0.00016306500765495002, -0.0001629458274692297, -0.0005901502445340157]",6.85225772857666,False,1.0,-1.3708753509945382,-0.015231948344383758,90.0,-1.3635825990913872,-0.02235381309985881,61.0,0.009379211026029245,0,25,37,25,0.6756756756756757,-7.049376076112348,-1.0121676302194846,True,59,0.6555555555555556,8.0,0.8873239436619719,8.0,2.2484417986281042
~/anvil/data/cve-targets/sqlite3_repo_src_pragma.c,1588,1460,1707,"sqlite3VdbeChangeP5(v, OPFLAG_TYPEOFARG);",if( pTab->aCol[j].notNull==0 ) continue;,"          if( pTab->aCol[j].notNull==0 ) continue;
          zErr = sqlite3MP",0.2728551626205444,"[[688, 421, 7, 281, 8582, 405, 64, 6127, 3809, 936, 1921, 3280, 418, 15, 873, 3060, 280, 688, 1147, 7747, 284, 22003, 18, 5781]]","[-0.02130025066435337, -1.3615974187850952, -0.0034899539314210415, -1.095024824142456, -0.30295422673225403, -0.0004002247005701065, -0.03250468894839287, -0.0005442806868813932, -0.0014909114688634872, -0.0003104920033365488, -0.26615577936172485, -0.0006573423161171377, -0.7094302177429199, -0.1933363527059555, -1.090986967086792, -0.40345385670661926, -0.3930341899394989, -0.021695658564567566, -1.2430219650268555, -0.0004926898400299251, -0.008289573714137077, -0.09820052981376648, -0.00011038171214750037, -0.006317170336842537]",5.64930534362793,False,1.0,-7.254799946931598,-0.30228333112214995,24.0,-5.898367636487819,-0.32768709091598996,18.0,0.18516656121073818,1,11,30,24,0.36666666666666664,-0.8326698554338139,-1.0181422162240217,True,15,0.625,39.0,0.1728395061728395,21.0,2.088643455249244
~/anvil/data/cve-targets/libsndfile_repo_src_common.c,478,470,684,unsigned int 	data ;,unsigned int		data ;,	unsigned int		data ;,0.2266419529914856,"[[9955, 526, 197, 8924, 2587, 151664]]","[-0.28103095293045044, -0.40516147017478943, -0.5535712838172913, -0.07109370827674866, -0.08128849416971207, -0.5915332436561584]",2.4437499046325684,False,0.0,-1.9836791530251503,-0.3306131921708584,6.0,-1.3921459093689919,-0.2784291818737984,5.0,0.03472469354653464,0,7,7,7,1.0,-0.8140021511617772,-1.1030934894656108,True,5,0.8333333333333334,1.0,0.95,0.0,1.7812689381710431
~/anvil/data/cve-targets/libxml2_repo_valid.c,1205,1186,1278,case XML_ELEMENT_CONTENT_ELEMENT: {,case XML_ELEMENT_CONTENT_ELEMENT:,"        case XML_ELEMENT_CONTENT_ELEMENT:
	    if (",0.7346406579017639,"[[286, 1142, 11874, 27156, 25560, 27156, 510, 2760, 421, 320]]","[-0.5451697111129761, -0.09190793335437775, -0.0009939497103914618, -0.0005999195855110884, -0.00018463814922142774, -0.49918901920318604, -0.24526631832122803, -0.8729308843612671, -0.22984549403190613, -0.13262301683425903]",6.104860305786133,False,1.0,-2.618710884664324,-0.2618710884664324,10.0,-2.256242373798159,-0.28203029672476987,8.0,0.0925854163201999,1,6,7,5,0.8571428571428571,-2.6048288656686105,-1.0066125026054895,True,7,0.7,2.0,0.9705882352941176,2.0,2.135448914731152
~/anvil/data/cve-targets/libxml2_repo_valid.c,540,530,558,switch (state->cont->type) {,"xmlGenericError(xmlGenericErrorContext, ""%s,"", state->","	xmlGenericError(xmlGenericErrorContext, ""%s,"", state->",0.7184731960296631,"[[48460, 19964, 1454, 29932, 19964, 1454, 1972, 11, 5962, 82, 57955, 1584, 405]]","[-0.16690918803215027, -0.28501036763191223, -0.0016317160334438086, -0.00768100144341588, -7.521823135903105e-05, -2.884823152271565e-05, -4.565611743601039e-05, -0.05285279452800751, -0.37967750430107117, -0.5493919849395752, -0.5740649700164795, -0.06037742272019386, -0.0006223172531463206]",3.073784351348877,False,0.0,-2.0783689894797135,-0.15987453765228565,13.0,-2.0783689894797135,-0.15987453765228565,13.0,0.042988412525296754,0,16,12,12,1.3333333333333333,-4.493981384279496,-1.0858549344916304,True,9,0.6923076923076923,45.0,0.24390243902439024,15.0,2.008792833104967
~/anvil/data/cve-targets/php_repo_ext_exif_exif.c,3657,3617,3700,marker = c;,marker = c;,		marker = c;,0.4026962220668793,"[[197, 2109, 12856, 284, 272, 26, 151664]]","[-0.13848339021205902, -0.6537673473358154, -0.00019810620869975537, -0.02730920910835266, -0.5180991291999817, -0.812971830368042, -0.0730029046535492]",7.848783493041992,True,0.0,-2.2238319170864997,-0.31769027386949994,7.0,-2.1508290124329505,-0.35847150207215844,6.0,0.10094570396964246,1,7,7,7,1.0,-1.123370253253266,-1.0377006414440533,False,4,0.5714285714285714,0.0,1.0,0.0,1.0038813296076743
~/anvil/data/cve-targets/libxml2_repo_HTMLparser.c,4240,4227,4303,return;,return;,	return;,0.4227639436721802,"[[853, 26, 151664]]","[-0.7889201641082764, -0.05514824017882347, -0.06433705240488052]",1.82361114025116,True,0.0,-0.9084054566919804,-0.30280181889732677,3.0,-0.8440684042870998,-0.4220342021435499,2.0,0.1346053090867827,0,4,4,4,1.0,-1.0017291051884512,-1.1203285214849312,False,2,0.6666666666666666,0.0,1.0,0.0,0.7247505354267324
~/anvil/data/cve-targets/libsndfile_repo_src_common.c,596,470,684,"header_put_be_int (psf, size) ;","header_put_be_int (psf, size) ;","						header_put_be_int (psf, size) ;",0.0176269877701997,"[[1144, 20883, 15557, 21263, 4042, 320, 1690, 69, 11, 1379, 8, 2587, 151664]]","[-0.03010166622698307, -0.08493707329034805, -0.0009398810216225684, -0.00203830748796463, -0.042177047580480576, -0.0006125480867922306, -0.00017569905321579427, -1.3112935448589269e-05, -0.00010716341057559475, -0.00415818439796567, -0.005138879641890526, -0.04501017928123474, -0.2549927234649658]",8.872611999511719,True,0.0,-0.47040246587948786,-0.03618480506765291,13.0,-0.21540974241452204,-0.017950811867876837,12.0,0.0006756342455156639,1,11,11,11,1.0,-0.981960476213523,-1.0646041675704137,False,11,0.8461538461538461,0.0,1.0,0.0,0.9110269734920986
~/anvil/data/cve-targets/openssl_repo_ssl_t1_lib.c,1715,1599,1840,if (eticklen < 48) {,if (eticklen < mlen) {,    if (eticklen < mlen) {,0.8169034123420715,"[[262, 421, 320, 295, 865, 2892, 366, 296, 2892, 8, 314, 151664]]","[-0.004653813783079386, -0.03432353213429451, -0.05062924325466156, -0.1802203208208084, -6.508615479106084e-05, -0.001209004782140255, -0.1168825700879097, -0.26824501156806946, -5.721882189391181e-05, -0.34725746512413025, -0.15829278528690338, -0.037535425275564194]",10.338367462158203,False,0.0,-1.199371477094246,-0.09994762309118717,12.0,-1.1618360518186819,-0.1056214592562438,11.0,0.0131627610475627,1,13,13,13,1.0,-7.734256069689554,-1.1043389746659766,True,11,0.9166666666666666,4.0,0.8571428571428572,1.0,1.933925237107473
~/anvil/data/cve-targets/libsndfile_repo_src_common.c,611,470,684,"if (psf->header.indx + (sf_count_t) size > psf->header.len && psf_bump_header_allocation (psf, size))",if (size > 254),"					if (size > 254)
						size = 254 ;",0.1762371957302093,"[[464, 743, 320, 2141, 861, 220, 17, 20, 19, 8, 198, 1144, 13832, 284, 220, 17, 20, 19, 2587, 151664]]","[-0.1093328446149826, -0.5317227840423584, -0.0779823362827301, -0.6252895593643188, -0.6303324103355408, -0.03234923630952835, -0.11706168949604034, -0.00805013906210661, -0.18138019740581512, -0.6459963917732239, -0.6383107900619507, -0.1324770599603653, -0.15292978286743164, -0.006215883418917656, -0.005795105826109648, -0.0063315038569271564, -0.0004954302567057312, -0.015639981254935265, -0.3313807249069214, -0.3578426241874695]",7.833507061004639,False,1.0,-4.606916475284379,-0.23034582376421894,20.0,-3.730285438708961,-0.31085711989241344,12.0,0.06829165789715679,1,42,16,12,2.625,-0.566939550206231,-1.0373044080286764,True,34,1.7,89.0,0.2068965517241379,31.0,2.368954243726766
~/anvil/data/cve-targets/libpng_repo_pngset.c,683,602,757,else,},"      }
#",0.7357165813446045,"[[414, 456, 2]]","[-0.18260438740253448, -0.056300412863492966, -0.6393131613731384]",6.642534732818604,False,1.0,-0.8782179616391659,-0.2927393205463886,3.0,-0.23890480026602745,-0.11945240013301373,2.0,0.003988173496089712,0,2,2,2,1.0,-6.159077427706456,-1.0068746474069226,True,1,0.3333333333333333,4.0,0.0,1.0,2.0893682364924224
~/anvil/data/cve-targets/lua_repo_ldebug.c,788,747,794,L->hookcount = 1;  /* undo decrement to zero */,resethookcount(L);  /* reset count */,      resethookcount(L);  /* reset count */,1.7143548727035522,"[[414, 592, 769, 1941, 1830, 4957, 1215, 220, 1391, 7585, 1760, 639, 151664]]","[-0.009866044856607914, -0.09597354382276535, -0.00023898606013972312, -2.2053474822314456e-05, -2.4914430468925275e-05, -0.00045217780279926956, -0.03920096158981323, -0.05139898508787155, -0.000982278841547668, -0.06475703418254852, -0.12833698093891144, -0.30492791533470154, -0.20703957974910736]",9.009721755981444,False,0.0,-0.9032214561721048,-0.06947857355170037,13.0,-0.6961818764229974,-0.05801515636858312,12.0,0.0072286538209915775,0,11,10,10,1.1,-29.55012069280442,-1.0682596194215113,True,15,1.1538461538461537,25.0,0.5714285714285714,9.0,2.1536259991691167
~/anvil/data/cve-targets/libxml2_repo_valid.c,1217,1186,1278,},},"        }
       ",1.066694736480713,"[[286, 456, 286]]","[-0.7588221430778503, -0.39900803565979004, -0.6276629567146301]",11.571005821228027,True,1.0,-1.7854931354522705,-0.5951643784840902,3.0,-1.7854931354522705,-0.5951643784840902,3.0,0.022105777443012505,1,2,2,2,1.0,-1.7922691193273885,-1.138900020130691,False,1,0.3333333333333333,0.0,1.0,0.0,0.7425078980151039
~/anvil/data/cve-targets/openssl_repo_crypto_asn1_a_type.c,23,-132,173,"void ASN1_TYPE_set(ASN1_TYPE *a, int type, void *value)","void ASN1_TYPE_set(ASN1_TYPE *a, int type, void *value)","void ASN1_TYPE_set(ASN1_TYPE *a, int type, void *value)",0.0852571725845336,"[[1004, 54855, 16, 4189, 2602, 7, 68134, 16, 4189, 353, 64, 11, 526, 943, 11, 737, 353, 957, 8, 151643]]","[-1.0308220386505127, -0.054455216974020004, -2.5629668016335927e-05, -0.0021923573222011328, -0.03200281783938408, -0.006435384973883629, -0.0003797286772169173, -3.3378546504536644e-06, -2.52720492426306e-05, -0.00016544880054425448, -0.00044705410255119205, -0.002241243841126561, -0.00632972689345479, -0.0002544794406276196, -0.003548636334016919, -0.41202130913734436, -0.002221618080511689, -0.005658086389303207, -0.021342260763049126, -0.8938601016998291]",1.9993054866790767,True,0.0,-2.4744317494914867,-0.12372158747457433,20.0,-1.5805716477916576,-0.08318798146271882,19.0,0.05818196851473264,0,24,24,24,1.0,-1.0248736786904982,-1.1154184281403974,False,19,0.95,0.0,1.0,0.0,0.9163231275731417
~/anvil/data/cve-targets/php_repo_ext_phar_phar.c,1074,632,1125,if (mydata->ext) {,if (mydata->ext) {,		if (mydata->ext) {,0.0800414830446243,"[[197, 743, 320, 2408, 691, 405, 427, 8, 314, 151664]]","[-0.009153071790933609, -0.055085401982069016, -0.021367233246564865, -0.026124749332666397, -6.198863957251888e-06, -3.611976353568025e-05, -0.0032373659778386354, -0.1477617472410202, -0.351151704788208, -0.08210484683513641]",7.450693607330322,True,0.0,-0.6960284398219301,-0.069602843982193,10.0,-0.6139235929867937,-0.06821373255408819,9.0,0.011947861915924387,0,13,13,13,1.0,-1.1733925127342595,-1.0274244088227593,False,8,0.8,0.0,1.0,0.0,1.0546911211740113
~/anvil/data/cve-targets/php_repo_ext_phar_phar.c,1755,1667,1791,"pos = memchr(pos + 1, '.', filename_len - (pos - filename) + 1);",pos--;,		pos--;,0.5034428238868713,"[[197, 28164, 53254, 151664]]","[-0.024399349465966225, -0.7202302813529968, -0.22704389691352844, -0.0977042019367218]",6.68472146987915,False,0.0,-1.0693777296692133,-0.2673444324173033,4.0,-0.9716735277324915,-0.3238911759108305,3.0,0.0853864786863862,1,34,6,6,5.666666666666667,-1.554357948996649,-1.007937126490086,True,22,5.5,58.0,0.17142857142857137,30.0,2.415102363189142
~/anvil/data/cve-targets/libsndfile_repo_src_sd2.c,225,141,230,"psf_fwrite (psf->header.ptr, psf->header.indx, 1, psf) ;",psf->header.len = rsrc.map_length ;,	psf->header.len = rsrc.map_length ;,0.9013325572013856,"[[35009, 69, 405, 2708, 19406, 284, 435, 3548, 4770, 5118, 2587, 151664]]","[-0.8412805199623108, -0.0005116345710121095, -0.1615068018436432, -0.3425638675689697, -0.9146996140480042, -0.11796019226312637, -0.3249736726284027, -0.00010561384988250211, -0.13494975864887238, -0.0849265605211258, -0.9457272291183472, -0.06809889525175095]",2.3569440841674805,False,0.0,-3.937304360275448,-0.32810869668962067,12.0,-3.869205465023697,-0.3517459513657906,11.0,0.12420291891004448,0,27,16,16,1.6875,-2.562453252700169,-1.1054899622574945,True,25,2.0833333333333335,39.0,0.41758241758241754,16.0,2.1021787699329733
~/anvil/data/cve-targets/sqlite3_repo_src_printf.c,63,-92,213,"static const char aPrefix[] = ""-x0\000X0"";","static const char aPrefix[] = "" 0+"";","static const char aPrefix[] = "" 0+"";
/*
** The following table is used to convert a character to a",1.877562403678894,"[[1978, 733, 1161, 264, 14335, 1294, 284, 330, 220, 15, 10, 876, 3284, 334, 576, 2701, 1965, 374, 1483, 311, 5508, 264, 3668, 311, 264]]","[-0.21087433397769928, -0.00376658677123487, -0.048493642359972, -0.002479932736605406, -0.026184789836406708, -0.0228415634483099, -0.027572952210903168, -0.8143104910850525, -1.4029407501220703, -0.28420087695121765, -1.6463074684143066, -1.2771637439727783, -0.5828707218170166, -0.01297483965754509, -1.1794240474700928, -0.25240400433540344, -0.5167679190635681, -1.1246070861816406, -0.998996376991272, -0.16884276270866394, -1.6834722757339478, -1.721695899963379, -1.801268458366394, -1.1591970920562744, -1.1637294292449951]",3.2605903148651123,False,2.0,-18.13338804547675,-0.72533552181907,25.0,-5.767137131886557,-0.4805947609905464,12.0,0.3608951403279987,0,20,34,18,0.5882352941176471,-3.9067475471623525,-1.080795653054375,True,17,0.68,8.0,0.8717948717948718,3.0,2.2426580673584966
~/anvil/data/cve-targets/libpng_repo_png.h,2652,2497,2802,#define PNG_IMAGE_FLAG_INVALID 0x08,#define PNG_IMAGE_FLAG_LINEAR 0x08,"#define PNG_IMAGE_FLAG_LINEAR 0x08
   /* On read",0.9311950206756592,"[[1441, 41639, 19121, 11890, 51948, 220, 15, 87, 15, 23, 198, 256, 1391, 1913, 1349]]","[-0.3640691339969635, -0.000969297660049051, -0.0027901313733309507, -0.054887834936380386, -1.9167319536209106, -0.6783229112625122, -0.029104750603437424, -0.0007159530650824308, -0.06901920586824417, -0.03171436861157417, -0.0025252378545701504, -0.01115738321095705, -0.0002456601650919765, -1.2389198541641235, -0.45793500542640686]",3.797916889190674,False,1.0,-4.8591086818196345,-0.3239405787879756,15.0,-3.162008162064012,-0.263500680172001,12.0,0.28692564173033874,1,5,10,5,0.5,-3.5339378253893625,-1.0663742269642353,True,10,0.6666666666666666,5.0,0.8985507246376812,1.0,1.9740623841286293
~/anvil/data/cve-targets/php_repo_ext_phar_util.c,1391,1252,1478,PHP_SHA256_CTX context;,PHP_SHA256_CTX context;,			PHP_SHA256_CTX context;,0.077033556997776,"[[298, 10025, 6610, 38096, 17, 20, 21, 44233, 2266, 26, 151664]]","[-0.010474822483956814, -0.0006731866160407662, -0.00019774865359067917, -0.00024351492174901068, -0.0011793570592999458, -0.00038020533975213766, -6.198863957251888e-06, -0.0009888288332149386, -0.529000461101532, -0.20980782806873322, -0.09826493263244629]",8.29236125946045,True,0.0,-0.851217084574273,-0.0773833713249339,11.0,-0.7529521519418267,-0.07529521519418267,10.0,0.02672799050035683,1,5,5,5,1.0,-1.023087015544218,-1.0492722072943512,False,8,0.7272727272727273,0.0,1.0,0.0,0.8977480379624087
~/anvil/data/cve-targets/openssl_repo_crypto_x509_v3_addr.c,1169,1014,1319,#undef validation_err,/*,"/*
 * RFC ",2.7683088779449463,"[[3284, 353, 39233, 220]]","[-1.4681531190872192, -0.005342729389667511, -0.7708702683448792, -0.01762302964925766]",2.684201240539551,False,1.0,-2.2619891464710236,-0.5654972866177559,4.0,-1.4681531190872192,-1.4681531190872192,1.0,0.0,0,4,6,3,0.6666666666666666,-1.8855723166436893,-1.0964823724433066,True,3,0.75,21.0,0.0,3.0,2.1468703424071944
~/anvil/data/cve-targets/poppler_repo_splash_SplashXPathScanner.cc,283,203,293,"if (!addIntersection(segYMin, segYMax, y, x0, x1, count))","if (!addIntersection(segYMin, segYMax, y, x0, x1, count))","                if (!addIntersection(segYMin, segYMax, y, x0, x1, count))
                    break;
                if (x0 == x1",0.0691858604550361,"[[394, 421, 1505, 718, 72927, 68915, 56, 6217, 11, 4810, 56, 5974, 11, 379, 11, 856, 15, 11, 856, 16, 11, 1760, 1171, 503, 1438, 280, 394, 421, 320, 87, 15, 621, 856, 16]]","[-0.01726279966533184, -0.3193332254886627, -0.29258644580841064, -0.010779721662402153, -0.0010457528987899423, -0.006690482143312693, -0.00459246663376689, -0.00015901254664640874, -0.0006107610533945262, -0.0004397855664137751, -8.284702198579907e-05, -4.100715523236431e-05, -0.0005529781919904053, -0.005508481990545988, -0.007929040119051933, -0.009473252110183239, -0.0030364145059138536, -0.00244556600227952, -0.00222756527364254, -0.0006302992696873844, -0.001311395550146699, -0.018910011276602745, -0.5261778831481934, -0.20468689501285553, -0.010583936236798763, -0.006014700047671795, -0.5783959031105042, -0.918025016784668, -0.07215014100074768, -0.314167857170105, -0.28629255294799805, -0.3376806974411011, -0.06055887043476105, -0.005010903812944889]",7.928646564483643,True,2.0,-4.025394669082743,-0.1183939608553748,34.0,-1.436514090095443,-0.05985475375397679,24.0,0.01755846304700621,0,26,33,26,0.7878787878787878,-1.1558958330931124,-1.0397745601356367,False,22,0.6470588235294118,0.0,1.0,0.0,1.163722375519991
~/anvil/data/cve-targets/openssl_repo_crypto_pkcs7_pk7_doit.c,178,159,299,const char *propq;,const char *propq = NULL;,"    const char *propq = NULL;
   ",0.7050712704658508,"[[262, 733, 1161, 353, 2674, 80, 284, 1770, 280, 262]]","[-0.07134637236595154, -0.7469783425331116, -0.3047102987766266, -0.008574928157031536, -0.019255848601460457, -0.003582846373319626, -0.38989579677581787, -0.415712833404541, -0.45112764835357666, -0.06706013530492783]",5.893056392669678,False,1.0,-2.4782450506463647,-0.24782450506463646,10.0,-2.4782450506463647,-0.24782450506463646,10.0,0.0575051725081737,1,9,13,13,0.6923076923076923,-2.8450425847999066,-1.0119567509536367,True,6,0.6,7.0,0.8372093023255813,4.0,2.1490779528386352
~/anvil/data/cve-targets/libxml2_repo_xmlstring.c,439,430,455,len = xmlStrlen(str2);,len = xmlStrlen(str2);,        len = xmlStrlen(str2);,0.2021650075912475,"[[286, 2422, 284, 8396, 2580, 2892, 4199, 17, 1215, 151664]]","[-0.09953881055116653, -0.6327329874038696, -0.01223416905850172, -0.624506950378418, -0.003582371398806572, -0.0026329634711146355, -0.012327666394412518, -0.22547456622123718, -0.08328397572040558, -0.28427213430404663]",3.90555477142334,True,0.0,-1.980586594901979,-0.1980586594901979,10.0,-1.6963144605979323,-0.18847938451088136,9.0,0.059849338501414176,1,12,12,12,1.0,-1.0726107161050074,-1.0635085278293692,False,8,0.8,0.0,1.0,0.0,0.9532583900464369
~/anvil/data/cve-targets/openssl_repo_ssl_statem_statem_dtls.c,385,375,412,if ((frag_off + frag_len) > msg_len) {,if (frag_off + frag_len > msg_len) {,"    if (frag_off + frag_len > msg_len) {
        SSLfatal(s, SSL_AD_IL",0.3937777280807495,"[[262, 421, 320, 33198, 13651, 488, 8343, 6043, 861, 3750, 6043, 8, 341, 286, 25316, 74394, 1141, 11, 25316, 22510, 70862]]","[-0.0985054299235344, -0.2574760913848877, -0.13958163559436798, -0.323001503944397, -0.31537511944770813, -0.6646426916122437, -0.011755479499697685, -5.94836674281396e-05, -0.15893690288066864, -0.11122509837150574, -0.0019288521725684404, -0.13514773547649384, -0.6065359115600586, -0.008092117495834827, -0.4917128086090088, -0.06700283288955688, -0.0016077938489615917, -0.0027818097732961178, -0.001527334563434124, -0.0011532806092873216, -0.3434128761291504]",8.493229866027832,False,1.0,-3.74146278945409,-0.17816489473590905,21.0,-2.8322640530313947,-0.2023045752165282,14.0,0.04228798149498402,1,19,18,16,1.0555555555555556,-1.946459825039973,-1.0545546056983734,True,13,0.6190476190476191,2.0,0.972972972972973,3.0,2.0883185422209336
~/anvil/data/cve-targets/libxml2_repo_parser.c,7863,7814,7865,*/,*/,"     */
   ",4.9745025634765625,"[[257, 735, 262]]","[-0.010632296092808247, -0.2245016098022461, -0.019066395238041878]",9.517361640930176,True,1.0,-0.2542003011330962,-0.08473343371103208,3.0,-0.2542003011330962,-0.08473343371103208,3.0,0.00977942719533091,1,3,3,3,1.0,-58.707671170758836,-1.081903291961521,False,1,0.3333333333333333,0.0,1.0,0.0,1.508982149535221
~/anvil/data/cve-targets/libxml2_repo_valid.c,6151,6120,6153,ctxt->finishDtd = save;,ctxt->valid = 1;,"    ctxt->valid = 1;
    ctxt->finishD",0.3126554489135742,"[[262, 59162, 405, 1891, 284, 220, 16, 280, 262, 59162, 405, 30150, 35]]","[-0.1401219666004181, -0.4085177779197693, -0.0005623904871754348, -0.3951224684715271, -0.025887109339237213, -0.18175826966762543, -0.4769514799118042, -0.6502654552459717, -0.0405837781727314, -0.6393134593963623, -0.0003177614707965404, -0.26545512676239014, -0.002188075101003051]",3.4043397903442383,False,1.0,-3.227045118546812,-0.2482342398882163,13.0,-2.31977069581626,-0.25775229953514,9.0,0.04782199123147669,0,10,16,10,0.625,-1.2130074085758025,-1.0769185287038412,True,8,0.6153846153846154,11.0,0.6153846153846154,2.0,1.9067884604829417
~/anvil/data/cve-targets/libxml2_repo_xmlmemory.c,943,788,1093,"xmlMallocFunc mallocAtomicFunc, xmlReallocFunc reallocFunc,","xmlMallocFunc mallocAtomicFunc, xmlReallocFunc reallocFunc,","            xmlMallocFunc mallocAtomicFunc, xmlReallocFunc reallocFunc,",0.0125298593193292,"[[310, 8396, 53681, 9626, 15731, 65857, 9626, 11, 8396, 693, 4742, 9626, 66015, 9626, 11, 151664]]","[-0.8762673735618591, -0.001022888463921845, -0.005637460853904486, -0.009860261343419552, -0.001100649475120008, -0.00013505500101018697, -0.00011264643399044871, -0.06268378347158432, -0.009566771797835827, -0.00287108332850039, -4.970903682988137e-05, -3.4689302992774174e-05, -0.0030932221561670303, -0.00025197668583132327, -0.01574125699698925, -0.09099452197551727]",1.5730905532836914,True,0.0,-1.0794233498854737,-0.06746395936784211,16.0,-0.9884288279099565,-0.0658952551939971,15.0,0.04714196532031468,0,9,9,9,1.0,-0.19014812648408472,-1.1273671740392308,False,14,0.875,0.0,1.0,0.0,0.699130946366213
~/anvil/data/cve-targets/openssl_repo_ssl_statem_statem_clnt.c,2623,2608,2643,"ckey = ssl_generate_pkey(s, skey);",if (skey->type != EVP_PKEY_EC) {,"    if (skey->type != EVP_PKEY_EC) {
        SSLfatal(s,",1.3177404403686523,"[[262, 421, 320, 82, 792, 405, 1313, 961, 72758, 1088, 4784, 69510, 8, 341, 286, 25316, 74394, 1141, 11]]","[-0.2157018780708313, -0.9776458740234375, -0.5672258138656616, -0.86884605884552, -0.2569299638271332, -0.10743401199579239, -0.024260900914669037, -0.11652763932943344, -0.0018168861279264092, -0.0021564343478530645, -0.00019691436318680644, -0.266105979681015, -0.13406670093536377, -0.011104687117040157, -0.002857770072296262, -0.09588029235601425, -0.01661546528339386, -0.0006808108882978559, -0.0021636902820318937]",5.059201717376709,False,1.0,-3.668217772326898,-0.19306409328036303,19.0,-3.55287751351716,-0.236858500901144,15.0,0.09453841402278938,1,14,17,16,0.8235294117647058,-5.563407837823936,-1.0332737921083512,True,12,0.631578947368421,32.0,0.2727272727272727,17.0,2.2334670006185813
~/anvil/data/cve-targets/libxml2_repo_xmlstring.c,636,628,685,goto error;,goto error;,        goto error;,0.056241612881422,"[[286, 7986, 1465, 26, 151664]]","[-0.05983242020010948, -0.1287972778081894, -0.0006106419023126364, -0.03931122645735741, -0.47588324546813965]",4.822221755981445,True,0.0,-0.7044348118361086,-0.1408869623672217,5.0,-0.22855156636796892,-0.05713789159199223,4.0,0.0021638620161509646,0,5,5,5,1.0,-0.98431375947558,-1.0394135913510665,False,3,0.6,0.0,1.0,0.0,0.9242351074316959
~/anvil/data/cve-targets/sqlite3_repo_src_expr.c,5070,5063,5075,"Expr *pCopy = sqlite3ExprDup(db, pExpr, 0);","Expr *pCopy = sqlite3ExprDup(db, pExpr, 0);","  Expr *pCopy = sqlite3ExprDup(db, pExpr, 0);",0.0569788254797458,"[[220, 28819, 353, 79, 12106, 284, 22003, 18, 16041, 85713, 9791, 11, 281, 16041, 11, 220, 15, 1215, 151643]]","[-0.021371200680732727, -0.14607301354408264, -0.005427387543022633, -0.0015023384476080537, -0.007405804470181465, -0.601614773273468, -0.010753186419606209, -0.00021407696476671845, -0.017192378640174866, -0.003737727412953973, -0.026837334036827087, -0.007427813485264778, -0.000754786713514477, -0.00017712931730784476, -0.023494895547628403, -0.11091648042201996, -0.0791359394788742, -0.021232914179563522, -0.0830502137541771]",6.982639312744141,True,0.0,-1.1683193943317747,-0.061490494438514454,19.0,-1.0852691805775976,-0.06029273225431098,18.0,0.01884200860703417,0,19,19,19,1.0,-0.9450363808263437,-1.0154722134804464,False,17,0.8947368421052632,0.0,1.0,0.0,1.1553053293476538
~/anvil/data/cve-targets/php_repo_ext_standard_dns.c,272,117,422,# define PHP_DNS_NS     0x00000002,# define PHP_DNS_NS      0x00000002,# define PHP_DNS_NS      0x00000002,0.0301688462495803,"[[2, 6979, 13119, 1557, 2448, 33777, 414, 220, 15, 87, 15, 15, 15, 15, 15, 15, 15, 17, 151662]]","[-0.08238153159618378, -0.000876638398040086, -0.22905883193016052, -7.009260298218578e-05, -0.0002461368858348578, -0.08106998354196548, -0.07006694376468658, -0.0009990707039833069, -4.4225667807040736e-05, -0.00011622230522334576, -0.0011800715001299977, -0.002133833011612296, -0.0012153151910752058, -0.0071074506267905235, -0.001966924872249365, -0.01401029247790575, -0.050664376467466354, -0.012458594515919685, -0.25056153535842896]",5.881250381469727,False,0.0,-0.8062280714184453,-0.04243305639044449,19.0,-0.5556665360600164,-0.030870363114445354,18.0,0.0031424886276710928,0,5,5,5,1.0,-0.9772753931573682,-1.0122554743540062,True,18,0.9473684210526315,1.0,0.9855072463768116,0.0,2.0018639919205508
~/anvil/data/cve-targets/sqlite3_repo_src_vdbemem.c,1078,1001,1083,#endif,#endif,#endif,0.0551763325929641,[[2663]],[-0.05517633259296417],4.661284923553467,True,0.0,-0.05517633259296417,-0.05517633259296417,1.0,-0.05517633259296417,-0.05517633259296417,1.0,0.0,0,2,2,2,1.0,-0.9999999999999988,-1.0436040138892062,False,1,1.0,0.0,1.0,0.0,0.8774058498761471
~/anvil/data/cve-targets/php_repo_ext_phar_zip.c,390,165,664,if (read != entry.uncompressed_filesize) {,if (read != entry.uncompressed_filesize) {,"			if (read != entry.uncompressed_filesize) {
				pefree(entry.filename",0.2007197439670562,"[[298, 743, 320, 878, 961, 4343, 6307, 45703, 2458, 2141, 8, 341, 571, 197, 375, 10593, 18238, 30882]]","[-0.009231030009686947, -0.12763696908950806, -0.3625108301639557, -0.18509988486766815, -0.14240767061710358, -0.0650578960776329, -0.0023520919494330883, -2.396077979938127e-05, -2.312633478140924e-05, -7.152555099310121e-07, -0.03941689431667328, -0.3163232207298279, -0.0019281383138149977, -0.46156033873558044, -0.19568085670471191, -4.31528314948082e-05, -0.012328019365668297, -0.0005746620590798557]",8.623089790344238,True,1.0,-1.9221994582019306,-0.10678885878899615,18.0,-1.7135727672409757,-0.12239805480292684,14.0,0.022249160511726738,1,16,19,16,0.8421052631578947,-1.6398932506748995,-1.0579837786202777,False,11,0.6111111111111112,0.0,1.0,0.0,1.015081576943732
~/anvil/data/cve-targets/libpng_repo_pngrutil.c,1901,1856,1957,*/,*/,    */,0.09194066375494,"[[262, 639, 151643]]","[-0.13243675231933594, -0.08633618801832199, -0.4987363815307617]",10.577258110046388,True,0.0,-0.7175093218684196,-0.2391697739561399,3.0,-0.21877294033765793,-0.10938647016882896,2.0,0.0005313155072179804,0,3,3,3,1.0,-0.8405122097187815,-1.110954115021828,False,1,0.3333333333333333,0.0,1.0,0.0,0.6920869282618201
~/anvil/data/cve-targets/sqlite3_repo_src_pragma.c,602,591,634,** the locking-mode of the main database).,** the default locking mode for the main database file).  */,      ** the default locking mode for the main database file).  */,1.0108519792556765,"[[414, 3070, 279, 1638, 37855, 3856, 369, 279, 1887, 4625, 1034, 568, 220, 639, 151643]]","[-0.47976404428482056, -0.0005510718910954893, -0.17703142762184143, -1.0730148553848267, -1.0693044662475586, -0.08461179584264755, -1.6106704473495483, -0.4139626920223236, -1.2272974252700806, -0.3071215748786926, -0.4363406300544739, -0.40267083048820496, -1.680856704711914, -1.8513785600662231, -0.3620031774044037]",9.29322910308838,False,0.0,-11.176579703518655,-0.7451053135679103,15.0,-10.814576526114251,-0.7724697518653036,14.0,0.3700813292700255,0,16,18,18,0.8888888888888888,-1.3085974911182539,-1.0758580013445047,True,9,0.6,20.0,0.7843137254901961,12.0,2.082497790980904
~/anvil/data/cve-targets/libsndfile_repo_src_ulaw.c,207,52,357,"0xaa, 0xaa, 0xaa, 0xaa, 0xaa, 0xaa, 0xaa, 0xaa, 0xaa, 0xaa, 0xaa, 0xaa,","0xaa, 0xaa, 0xaa, 0xaa, 0xaa, 0xaa, 0xaa, 0xaa, 0xaa, 0xaa, 0xaa, 0xaa,","	0xaa, 0xaa, 0xaa, 0xaa, 0xaa, 0xaa, 0xaa, 0xaa, 0xaa, 0xaa, 0xaa, 0xaa,
	0xaa, 0xaa, 0xaa, 0xaa, 0xaa, 0xaa,",0.0471248850226402,"[[197, 15, 43300, 11, 220, 15, 43300, 11, 220, 15, 43300, 11, 220, 15, 43300, 11, 220, 15, 43300, 11, 220, 15, 43300, 11, 220, 15, 43300, 11, 220, 15, 43300, 11, 220, 15, 43300, 11, 220, 15, 43300, 11, 220, 15, 43300, 11, 220, 15, 43300, 345, 197, 15, 43300, 11, 220, 15, 43300, 11, 220, 15, 43300, 11, 220, 15, 43300, 11, 220, 15, 43300, 11, 220, 15, 43300, 11]]","[-0.010218800976872444, -0.0036572017706930637, -0.5945457816123962, -0.0028271013870835304, -0.0032171655911952257, -0.0003274143091402948, -0.010829015634953976, -0.0007476395112462342, -0.0003854485403280705, -4.279521817807108e-05, -0.0028206822462379932, -0.00038985759601928294, -0.00026544384309090674, -3.4450891689630225e-05, -0.0006896263221278787, -0.0006597249885089695, -0.00036459474358707666, -3.564294092939235e-05, -0.0007238152320496738, -0.0005550036439672112, -0.0003084660565946251, -4.60137271147687e-05, -0.000337305391440168, -0.0003430254873819649, -0.00022754464589525014, -3.969590397900902e-05, -0.0004880429187323898, -0.0002743821241892874, -0.00028725311858579516, -3.862306402879767e-05, -0.0016956250183284283, -0.0008037435472942889, -0.00036244976217858493, -3.0517112463712692e-05, -0.0007905219099484384, -0.0012003129813820124, -0.0003554189461283386, -3.9934315282152966e-05, -0.0003781795676331967, -0.0006964165368117392, -0.0003500564198475331, -3.2066785934148356e-05, -0.0003833036171272397, -0.00623353524133563, -0.0015919642755761743, -0.00013302871957421303, -0.0006412595394067466, -0.4305540919303894, -0.0005831210291944444, -8.129743218887597e-05, -0.0003875934926327318, -0.0001292145170737058, -0.00012611546844709665, -3.123234637314454e-05, -0.00024911639047786593, -0.00011860620725201443, -8.308542601298541e-05, -1.4543427823809907e-05, -0.0002619877050165087, -0.00014327930693980306, -0.0001380348257953301, -1.1205610462639015e-05, -0.0005315321614034474, -0.0001938155182870105, -0.00013886917440686375, -1.6093124941107817e-05, -0.0006497179274447262, -0.00016437610611319542, -0.00011872540198964998, -2.13382354559144e-05, -0.0002944036095868796, -0.00011979816190432757]",6.142534255981445,True,1.0,-1.0866070882721033,-0.015091765114890323,72.0,-1.0825831066940736,-0.022093532789674974,49.0,0.01051545704389206,0,25,37,25,0.6756756756756757,-2.132971918581676,-1.005664872205569,False,47,0.6527777777777778,0.0,1.0,0.0,1.251454957211652
~/anvil/data/cve-targets/libtiff_repo_libtiff_tif_dirread.c,4239,4220,4241,m=o->tdir_tag+1;,m=o->tdir_tag;,		m=o->tdir_tag;,0.7314479351043701,"[[197, 2109, 85876, 405, 1296, 404, 9372, 26, 151664]]","[-0.02757747657597065, -0.4246276915073395, -0.6020216941833496, -0.0007645544828847051, -0.003971309866756201, -2.372236667724792e-05, -0.01576237939298153, -0.3393307626247406, -0.35249996185302734]",5.969618320465088,False,0.0,-1.7665795528537274,-0.1962866169837475,9.0,-1.4140795910007,-0.1767599488750875,8.0,0.051119606642741844,0,13,10,10,1.3,-4.1380863694482555,-1.010021669471558,True,9,1.0,2.0,0.9333333333333333,3.0,2.2042833148068812
~/anvil/data/cve-targets/sqlite3_repo_ext_misc_zipfile.c,380,370,390,pTab->pWriteFd = 0;,pTab->pWriteFd = 0;,    pTab->pWriteFd = 0;,0.0250970534980297,"[[262, 281, 8582, 405, 79, 7985, 74476, 284, 220, 15, 26, 151664]]","[-0.03299903869628906, -0.03702125325798988, -0.005748644471168518, -2.884823152271565e-05, -0.0023068978916853666, -0.0013937769690528512, -0.0017914213240146637, -0.007759429514408112, -0.005431418772786856, -0.0001674750237725675, -0.1489475518465042, -0.0593423992395401]",7.382639408111572,True,0.0,-0.3029381552387349,-0.025244846269894577,12.0,-0.2435957559991948,-0.022145068727199527,11.0,0.0017621542384180756,0,10,10,10,1.0,-1.1333021273130852,-1.0256778813406613,False,10,0.8333333333333334,0.0,1.0,0.0,1.0176317533916577
~/anvil/data/cve-targets/libpng_repo_png.c,4019,4006,4022,"(void)png_safe_execute(image, png_image_free_function, image);","png_safe_execute(png_image_free, image->opaque);","      png_safe_execute(png_image_free, image->opaque);",1.1456583738327026,"[[414, 36151, 34067, 44329, 95350, 4954, 8905, 11, 2168, 405, 95480, 1215, 151643]]","[-0.061889179050922394, -0.6716805100440979, -0.42401155829429626, -0.059101734310388565, -1.512287974357605, -0.110476054251194, -0.19618858397006989, -0.8125550150871277, -0.47515785694122314, -1.242498755455017, -0.007171128876507282, -0.9291787147521973, -0.3292563855648041]",3.924306154251098,False,0.0,-6.8314534509554505,-0.5254964193042654,13.0,-6.5021970653906465,-0.5418497554492205,12.0,0.2288340040990753,1,18,14,14,1.2857142857142858,-2.114346942692434,-1.0630100882802345,True,14,1.0769230769230769,28.0,0.7272727272727273,10.0,2.1639394734290063
~/anvil/data/cve-targets/php_repo_ext_phar_util.c,1364,1252,1478,PHP_SHA512_CTX context;,PHP_SHA512_CTX context;,			PHP_SHA512_CTX context;,0.0165861994028091,"[[298, 10025, 6610, 38096, 20, 16, 17, 44233, 2266, 26, 151664]]","[-0.008971736766397953, -0.004732835106551647, -0.0022947664838284254, -0.0025381988380104303, -0.0015401893761008978, -2.729855441430118e-05, -6.794906312279636e-06, -0.0006993946735747159, -0.06815947592258453, -0.08463732153177261, -0.13702726364135742]",7.846528053283691,True,0.0,-0.3106352758009052,-0.02823957052735502,11.0,-0.1736080121595478,-0.01736080121595478,10.0,0.0008912678488428499,1,5,5,5,1.0,-0.9553821391357323,-1.0376421313115465,False,8,0.7272727272727273,0.0,1.0,0.0,0.923626403123189
~/anvil/data/cve-targets/sqlite3_repo_src_select.c,6330,6175,6480,"&& sqlite3ExprListCompare(sSort.pOrderBy, pEList, -1)==0",&& pGroupBy==0,"     && pGroupBy==0
     && pEList==p->pEList
     && (p->selFlags & SF_A",0.8389840126037598,"[[257, 1009, 281, 2808, 1359, 418, 15, 198, 257, 1009, 281, 36, 852, 418, 79, 405, 79, 36, 852, 198, 257, 1009, 320, 79, 405, 9507, 9195, 609, 23463, 1566]]","[-1.295777440071106, -0.01676306501030922, -0.7137729525566101, -0.8095107674598694, -0.0009377372916787863, -1.1783167123794556, -0.06946047395467758, -0.3858899772167206, -0.029134275391697884, -0.0031601274386048317, -0.6606969237327576, -0.5142663717269897, -0.0004720765573438257, -0.35379332304000854, -0.43846791982650757, -1.093238115310669, -0.0021146810613572598, -0.6279615163803101, -0.00026806574896909297, -0.1454223096370697, -0.33886128664016724, -0.009282171726226807, -1.1694365739822388, -0.3726513385772705, -0.8079778552055359, -0.4182778596878052, -0.004560546018183231, -0.03320374712347984, -0.14328822493553162, -0.09159427136182785]",1.778472065925598,False,2.0,-11.72855870705098,-0.3909519569016993,30.0,-4.499563401332125,-0.4999514890369028,9.0,0.23750578382817272,1,16,25,7,0.64,-1.67813084069409,-1.1215934999101378,True,19,0.6333333333333333,44.0,0.34285714285714286,15.0,1.919520033006996
~/anvil/data/cve-targets/libxml2_repo_parser.c,12664,12587,12769,xmlFree((xmlChar *) ctxt->encoding);,xmlFreeParserCtxt(ctxt);,	    xmlFreeParserCtxt(ctxt);,0.6248416900634766,"[[2760, 8396, 10940, 6570, 34, 8586, 40583, 2252, 1215, 151664]]","[-0.4817981719970703, -0.7531639337539673, -1.0030113458633423, -0.7105262279510498, -0.016459517180919647, -0.0003195490571670234, -0.09358461946249008, -0.0001110968878492713, -0.10049059987068176, -0.29255807399749756]",3.589583158493042,False,0.0,-3.452023136022035,-0.3452023136022035,10.0,-3.1594650620245375,-0.35105167355828193,9.0,0.13558407160378116,0,19,9,9,2.111111111111111,-1.7799137196243555,-1.0719427588144526,True,10,1.0,21.0,0.5,11.0,2.070653398245696
~/anvil/data/cve-targets/openssl_repo_crypto_asn1_tasn_dec.c,816,760,890,case V_ASN1_NEG_ENUMERATED:,if (!ossl_c2i_ASN1_INTEGER((ASN1_INTEGER,        if (!ossl_c2i_ASN1_INTEGER((ASN1_INTEGER,1.1395063400268557,"[[286, 421, 1505, 436, 3226, 666, 17, 72, 1566, 18966, 16, 25757, 1188, 68134, 16, 25757]]","[-0.3306092917919159, -0.304641991853714, -0.3546494245529175, -0.01514190062880516, -7.033323527139146e-06, -0.004698308650404215, -5.030505417380482e-05, -0.0007940953364595771, -0.005051587242633104, -4.5536911784438416e-05, -2.4199192921514623e-05, -0.5591744184494019, -0.46827512979507446, -0.006049062591046095, -0.00010597144137136638, -0.0011124381562694907]",6.951561450958252,False,0.0,-2.0504306949724196,-0.12815191843577622,16.0,-2.0504306949724196,-0.12815191843577622,16.0,0.03733698794587345,1,5,8,8,0.625,-8.891839887655863,-1.0146835522664726,True,10,0.625,28.0,0.4477611940298507,8.0,2.1603632438431424
~/anvil/data/cve-targets/libtiff_repo_libtiff_tif_next.c,123,39,140,break;,break;,"					break;
			",1.2979835271835327,"[[464, 3388, 280, 571]]","[-0.3548063635826111, -0.22044406831264496, -0.11618860065937042, -0.051748599857091904]",8.443751335144043,True,1.0,-0.7431876324117184,-0.1857969081029296,4.0,-0.7431876324117184,-0.1857969081029296,4.0,0.013144721790216073,1,4,4,4,1.0,-6.98603405426135,-1.0532509668256316,False,2,0.5,0.0,1.0,0.0,1.0569089329847658
~/anvil/data/cve-targets/libsndfile_repo_src_common.c,591,470,684,int padding = size & 1 ;,if (psf->header.indx + (sf_count,					if (psf->header.indx + (sf_count,2.5287060737609863,"[[464, 743, 320, 1690, 69, 405, 2708, 28473, 87, 488, 320, 17246, 3180]]","[-0.03434380516409874, -0.4744722843170166, -0.024612803012132645, -0.05034000054001808, -4.2914423829643056e-05, -0.00036900385748595, -0.024595705792307854, -0.0019743014127016068, -4.768360213347478e-06, -0.0023906242568045855, -0.04214516282081604, -0.0029210064094513655, -3.3378044463461265e-05]",7.789755821228027,False,0.0,-0.6582457584113399,-0.05063428910856461,13.0,-0.6582457584113399,-0.05063428910856461,13.0,0.015270230237888028,1,11,13,13,0.8461538461538461,-49.94058607871844,-1.0361704444487096,True,8,0.6153846153846154,25.0,0.3571428571428571,14.0,2.3716568414185852
~/anvil/data/cve-targets/libpng_repo_png.c,2391,2368,2463,default:  goto PNG_FP_End;,case 101: case 69: type,      case 101: case 69: type,0.3079065680503845,"[[414, 1142, 220, 16, 15, 16, 25, 1142, 220, 21, 24, 25, 943]]","[-0.028446152806282043, -0.45533788204193115, -0.061905089765787125, -0.8632786273956299, -0.19393305480480194, -0.043827347457408905, -0.42968490719795227, -0.7303849458694458, -0.000615407363511622, -0.6212891340255737, -0.008842595852911472, -0.28168460726737976, -1.4803798198699951]",5.164756774902344,False,0.0,-5.199609571718611,-0.39996996705527776,13.0,-5.199609571718611,-0.39996996705527776,13.0,0.1763159901601069,0,8,10,10,0.8,-0.7698242203466,-1.0305507047699394,True,8,0.6153846153846154,24.0,0.20408163265306123,10.0,2.02254211084177
~/anvil/data/cve-targets/libsndfile_repo_src_ulaw.c,829,823,835,{,{,	{,0.1443260163068771,"[[197, 90, 151664]]","[-0.012141252867877483, -0.1402851641178131, -0.19812403619289398]",5.840452194213867,True,0.0,-0.3505504531785846,-0.11685015105952819,3.0,-0.1524264169856906,-0.0762132084928453,2.0,0.004105215497607844,1,2,2,2,1.0,-1.893713952751721,-1.0132884557714077,False,1,0.3333333333333333,0.0,1.0,0.0,0.9817327349294094
~/anvil/data/cve-targets/openssl_repo_ssl_statem_statem.c,581,479,620,if (SSL_IS_DTLS(s)) {,if (SSL_IS_DTLS(s)) {,"                if (SSL_IS_DTLS(s)) {
                    dtls1_stop",0.3715004324913025,"[[394, 421, 320, 22594, 12766, 1557, 45439, 1141, 593, 341, 503, 7594, 4730, 16, 19039]]","[-0.035506721585989, -1.0362123250961304, -0.09543611854314804, -0.9624455571174622, -0.047733139246702194, -0.0008968859910964966, -0.0004122599493712187, -0.0006529344827868044, -0.028695812448859215, -0.45109114050865173, -0.009636197239160538, -0.4550592303276062, -0.0008706831140443683, -0.06294161081314087, -0.15807490050792694]",8.503645896911621,True,1.0,-3.345665516972076,-0.2230443677981384,15.0,-2.6687190922093578,-0.24261082656448707,11.0,0.1426932222300506,0,15,13,15,1.1538461538461537,-1.5312607345350928,-1.0548292482889328,False,9,0.6,0.0,1.0,0.0,1.0387102598724274
~/anvil/data/cve-targets/libsndfile_repo_src_common.c,598,470,684,"header_put_le_int (psf, size) ;","header_put_le_int (psf, size) ;","						header_put_le_int (psf, size) ;",0.0078714825212955,"[[1144, 20883, 15557, 11751, 4042, 320, 1690, 69, 11, 1379, 8, 2587, 151664]]","[-0.05161173641681671, -0.0020920787937939167, -3.9457496313843876e-05, -0.005654885899275541, -0.000179036331246607, -0.0005735897575505078, -0.0003644755925051868, -8.05822346592322e-05, -0.0002325502864550799, -0.0032876271288841963, -0.0015211451100185513, -0.07214825600385666, -0.22686852514743805]",9.954211235046388,True,0.0,-0.3646539461988141,-0.02805030355375493,13.0,-0.13778542105137603,-0.011482118420948003,12.0,0.0005280922161386826,1,11,11,11,1.0,-0.6855427049885455,-1.0937837740224565,False,11,0.8461538461538461,0.0,1.0,0.0,0.821975364217417
~/anvil/data/cve-targets/php_repo_ext_exif_exif.c,1807,1770,1852,typedef struct {,typedef struct {<,typedef struct {<,0.2157691568136215,"[[5286, 2036, 314, 27]]","[-0.21825319528579712, -0.0023947865702211857, -0.4263134002685547, -0.29040852189064026]",5.163888931274414,False,0.0,-0.9373699040152133,-0.2343424760038033,4.0,-0.9373699040152133,-0.2343424760038033,4.0,0.023513708213012022,0,4,5,5,0.8,-0.9207428396810129,-1.0305730639340516,True,3,0.75,1.0,0.9696969696969697,1.0,1.9632507122916771
~/anvil/data/cve-targets/poppler_repo_poppler_Stream.cc,573,564,616,"int readChars = str->doGetChars(inputLineSize, inputLine);",const int readChars = inputLineSize - imgIdx;,    const int readChars = inputLineSize - imgIdx;,2.2879786491394043,"[[262, 733, 526, 1349, 32516, 284, 1946, 2460, 1695, 481, 4964, 11420, 26, 151664]]","[-0.037278659641742706, -1.0803908109664917, -0.2622067630290985, -0.48482775688171387, -0.005568468943238258, -0.015965482220053673, -1.0810147523880005, -0.019090838730335236, -0.023515736684203148, -1.1437960863113403, -1.393420696258545, -0.08878140896558762, -0.6748274564743042, -0.10894592851400375]",5.910590171813965,False,0.0,-6.419630846008658,-0.4585450604291899,14.0,-6.310684917494655,-0.48543730134574264,13.0,0.253227976543975,1,18,13,13,1.3846153846153846,-4.713232054472549,-1.011513262506724,True,16,1.1428571428571428,33.0,0.6213592233009708,12.0,2.4892440073087143
~/anvil/data/cve-targets/libtiff_repo_libtiff_tif_dirread.c,5699,5652,5716,newoffsets[i] = offset;,newoffsets[i] = offset;,"        newoffsets[i] = offset;
        stripbytes -=",0.1801322400569915,"[[286, 501, 3176, 82, 989, 60, 284, 4347, 280, 286, 13316, 9651, 5982]]","[-0.03344311565160751, -0.25619062781333923, -0.0004919749335385859, -1.537788011773955e-05, -0.00035208225017413497, -0.00033158526639454067, -0.001077786204405129, -0.020453255623579025, -0.4482588768005371, -0.2666940689086914, -1.0176506042480469, -0.0003077510336879641, -0.23139749467372894]",6.765451908111572,True,1.0,-2.276664601287848,-0.1751280462529114,13.0,-1.0273087513323844,-0.10273087513323845,10.0,0.023369747320424246,1,12,14,12,0.8571428571428571,-1.7534381929810887,-1.0099734608742532,False,8,0.6153846153846154,0.0,1.0,0.0,1.1106714761330467
~/anvil/data/cve-targets/poppler_repo_poppler_GfxState.cc,2420,2399,2421,"alt->getRGB(&color2, rgb);","alt->getRGB(&color2, rgb);","        alt->getRGB(&color2, rgb);",0.1031915172934532,"[[286, 4797, 405, 455, 18184, 2099, 3423, 17, 11, 17993, 1215, 151664]]","[-0.13569223880767822, -0.268959641456604, -0.0027173757553100586, -0.03239447623491287, -0.02089826576411724, -0.009617660194635391, -0.0007952864980325103, -0.0013618728844448924, -0.0012691308511421084, -0.00797256175428629, -0.6586254239082336, -0.460321843624115]",6.124304294586182,True,0.0,-1.6006257777335122,-0.1333854814777927,12.0,-1.1403039341093972,-0.1036639940099452,11.0,0.03708948581471632,1,16,16,16,1.0,-0.9954422292812037,-1.006123307458268,False,10,0.8333333333333334,0.0,1.0,0.0,1.156185097372841
~/anvil/data/cve-targets/sqlite3_repo_src_select.c,5223,5100,5396,if(,for(i=,  for(i=,0.7804118990898132,"[[220, 369, 1956, 28]]","[-0.22478415071964264, -0.6884962320327759, -0.2642022967338562, -0.03396327793598175]",8.017535209655762,False,0.0,-1.2114459574222565,-0.3028614893555641,4.0,-1.2114459574222565,-0.3028614893555641,4.0,0.057152751711750105,1,3,5,5,0.6,-2.5767947610321547,-1.0420877331673017,True,2,0.5,5.0,0.4444444444444444,3.0,2.0017060398737034
~/anvil/data/cve-targets/sqlite3_repo_src_vdbe.c,2055,1933,2062,pIn3->flags = flags3;,if( (flags1 & MEM_Int)!=0 ){,"  if( (flags1 & MEM_Int)!=0 ){
    pIn",0.3833296597003937,"[[220, 421, 7, 320, 11161, 16, 609, 24478, 32054, 35200, 15, 10959, 262, 281, 641]]","[-0.07123647630214691, -0.6968472599983215, -0.0013940150383859873, -0.7608457803726196, -0.13238120079040527, -0.0656111016869545, -0.29313620924949646, -0.252284437417984, -0.4853907823562622, -0.5483639240264893, -0.004772581160068512, -0.8849923014640808, -0.005615293979644775, -0.7725947499275208, -0.0022107940167188644]",7.390451908111572,False,1.0,-4.9776769077870995,-0.3318451271858066,15.0,-4.20287136384286,-0.3232977972186815,13.0,0.09244297624538465,1,10,17,19,0.5882352941176471,-1.1856859619773594,-1.0258782286163874,True,9,0.6,22.0,0.326530612244898,18.0,2.0705674104871483
~/anvil/data/cve-targets/libtiff_repo_libtiff_tif_dirread.c,5739,5720,5775,return;,return;,"		return;
	",1.916020393371582,"[[197, 853, 280, 197]]","[-1.1729260683059692, -0.2010960429906845, -0.106470488011837, -1.4437693357467651]",2.9932291507720947,True,1.0,-2.924261935055256,-0.731065483763814,4.0,-2.924261935055256,-0.731065483763814,4.0,0.34354351841876685,0,4,4,4,1.0,-2.620860149910446,-1.0880439194794969,False,2,0.5,0.0,1.0,0.0,1.0448289231739862
~/anvil/data/cve-targets/libtiff_repo_libtiff_tif_predict.c,177,101,179,},sp->,		sp->,5.915592193603516,"[[197, 41378, 405]]","[-0.12046720087528229, -0.7946087121963501, -0.0007070187130011618]",3.480729103088379,False,0.0,-0.9157829317846335,-0.3052609772615445,3.0,-0.9157829317846335,-0.3052609772615445,3.0,0.12212101971483617,0,2,3,3,0.6666666666666666,-19.378802514070106,-1.074863864600808,True,1,0.3333333333333333,4.0,0.0,2.0,2.6593938043160117
~/anvil/data/cve-targets/sqlite3_repo_src_select.c,3867,3780,4171,|| IsVirtual(pSubSrc->a[0].pTab)     /* (3c) */,|| (p->selFlags & SF_Aggregate)!=0,     || (p->selFlags & SF_Aggregate)!=0,0.9174692034721376,"[[257, 1369, 320, 79, 405, 9507, 9195, 609, 23463, 1566, 70, 14240, 35200, 15, 151643]]","[-0.5590667724609375, -0.009273432195186615, -0.8028584718704224, -0.058863937854766846, -0.3623450696468353, -0.04778359830379486, -0.0012182918144389987, -0.018813734874129295, -0.28436800837516785, -0.40704870223999023, -0.02625783160328865, -0.0030286891851574183, -0.41715994477272034, -0.0016957441112026572, -1.4599523544311523]",5.708507061004639,False,0.0,-4.459734583739191,-0.2973156389159461,15.0,-2.999782229308039,-0.2142701592362885,14.0,0.06236678144654214,1,20,15,15,1.3333333333333333,-4.281833768837543,-1.0166364366147735,True,21,1.4,40.0,0.2716049382716049,16.0,2.291772503292631
~/anvil/data/cve-targets/openssl_repo_crypto_pkcs7_pk7_doit.c,601,587,741,const PKCS7_CTX *p7_ctx;,const EVP_MD *md;,"    const EVP_MD *md;
    const EVP_MD *md_tmp;
   ",0.7537488341331482,"[[262, 733, 72758, 46497, 353, 2277, 280, 262, 733, 72758, 46497, 353, 2277, 16125, 280, 262]]","[-0.16781046986579895, -1.4843518733978271, -1.160504698753357, -0.046106353402137756, -0.5471598505973816, -0.2391309291124344, -0.7680454850196838, -0.03779223933815956, -1.2475824356079102, -0.5304133892059326, -0.07925796508789062, -0.5035432577133179, -0.8353371024131775, -0.7305371165275574, -0.4662918150424957, -0.02149803377687931]",5.19027853012085,False,2.0,-8.865363014861941,-0.5540851884288713,16.0,-4.45090189948678,-0.5563627374358475,8.0,0.25649143105365535,1,9,17,9,0.5294117647058824,-1.3547795051965728,-1.0298933779232402,True,10,0.625,14.0,0.5365853658536586,2.0,2.102509109988503
~/anvil/data/cve-targets/php_repo_ext_phar_phar.c,945,632,1125,"PHAR_GET_32(buffer, len);",if (manifest_flags & PHAR_HDR_METADATA) {,"	if (manifest_flags & PHAR_HDR_METADATA) {
		if (buffer +",0.4159469306468963,"[[743, 320, 42315, 14130, 609, 14659, 934, 55765, 58084, 8, 341, 197, 743, 320, 7573, 488]]","[-0.6793631315231323, -0.254925936460495, -0.4572732150554657, -0.46323609352111816, -0.02502794750034809, -0.042054183781147, -1.5735502529423684e-05, -0.12097497284412384, -1.9362863302230835, -0.2493954449892044, -0.35089296102523804, -0.01556510291993618, -1.056297779083252, -0.19421415030956268, -0.6370574235916138, -0.0357021763920784]",1.5626739263534546,False,1.0,-6.5182825847223285,-0.40739266154514553,16.0,-4.595011055345822,-0.38291758794548514,12.0,0.2618748582627594,1,11,14,13,0.7857142857142857,-1.0862570530610192,-1.1276607963511314,True,10,0.625,39.0,0.24242424242424243,11.0,1.7812665947328774
~/anvil/data/cve-targets/sqlite3_repo_src_build.c,2315,2288,2556,if( db->init.busy ){,if( db->init.busy ){,"  if( db->init.busy ){
    p->tn",0.6171371340751648,"[[220, 421, 7, 2927, 405, 2327, 48067, 88, 10959, 262, 281, 405, 1517]]","[-0.009654615074396133, -0.03472798690199852, -0.0006413786904886365, -0.3896159827709198, -0.0002694958820939064, -0.0028770267963409424, -0.04136631637811661, -2.622600959512056e-06, -0.3486245274543762, -0.008593838661909103, -0.6865524053573608, -0.02833700180053711, -0.18318182229995728]",8.565972328186035,True,1.0,-1.7344450206694546,-0.1334188477438042,13.0,-0.8363737912115994,-0.08363737912115994,10.0,0.020648059545563185,1,16,17,16,0.9411764705882353,-7.378723969592101,-1.0564741230120236,False,8,0.6153846153846154,0.0,1.0,0.0,1.081846045165361
~/anvil/data/cve-targets/poppler_repo_poppler_JPEG2000Stream.cc,256,202,276,const int componentPixels = priv->image->comps[component].w * priv->image->comps[component].h;,},        },0.7356701493263245,"[[286, 335, 151664]]","[-1.0383594036102295, -0.641976535320282, -0.4070403575897217]",5.028472900390625,False,0.0,-2.087376296520233,-0.6957920988400778,3.0,-1.6803359389305115,-0.8401679694652557,2.0,0.03927984456844147,1,41,2,2,20.5,-0.8756227041058928,-1.034067879117583,True,27,9.0,94.0,0.0,40.0,2.4509123032137388
~/anvil/data/cve-targets/php_repo_ext_phar_phar.c,905,632,1125,if (manifest_len < 10 + tmp_len),if (buffer + 1 > endbuffer) {,"	if (buffer + 1 > endbuffer) {
		MAPPHAR_FAIL(""",1.0189417600631714,"[[743, 320, 7573, 488, 220, 16, 861, 835, 7573, 8, 341, 197, 9209, 2537, 10842, 934, 11878, 445]]","[-0.9552696943283081, -0.4066687226295471, -0.9094953536987305, -0.6264187693595886, -0.642342746257782, -0.44106781482696533, -0.056544117629528046, -0.002152270870283246, -0.0001517419150331989, -0.06939474493265152, -0.15329411625862122, -0.0023403179366141558, -0.019299231469631195, -1.9311717551317997e-05, -3.862306402879767e-05, -2.264974000354414e-06, -0.008228094317018986, -0.00036435641231946647]",2.5097222328186035,False,1.0,-4.293092292598203,-0.23850512736656684,18.0,-4.265140410643653,-0.35542836755363777,12.0,0.11835142713356152,1,15,16,16,0.9375,-2.8667992008527645,-1.1012756478255812,True,12,0.6666666666666666,23.0,0.4590163934426229,9.0,1.9960424356685864
~/anvil/data/cve-targets/lua_repo_lstate.h,120,-35,270,TString **hash;,TString *key;  /*,  TString *key;  /*,0.942113995552063,"[[220, 52226, 353, 792, 26, 220, 1391]]","[-0.04548779875040054, -0.39603543281555176, -0.35220980644226074, -1.142630696296692, -0.1548498272895813, -0.23177273571491241, -0.006041242275387049]",4.465972423553467,False,0.0,-2.3290275395847857,-0.3327182199406837,7.0,-2.3290275395847857,-0.3327182199406837,7.0,0.12734193274732195,0,9,9,9,1.0,-2.8315671913609695,-1.048712197615906,True,5,0.7142857142857143,8.0,0.625,6.0,2.074168035067986
~/anvil/data/cve-targets/libxml2_repo_HTMLparser.c,2761,2727,2765,"ret = xmlStrndup(q, CUR_PTR - q);","ret = xmlStrndup(q, len);","        ret = xmlStrndup(q, len);",0.8344789147377014,"[[286, 2112, 284, 8396, 2580, 303, 454, 10583, 11, 2422, 1215, 151664]]","[-0.15593759715557098, -0.9852467775344849, -0.0022565871477127075, -0.575028657913208, -0.7296375632286072, -0.07000314444303513, -0.0034205757547169924, -0.3852230906486511, -0.4959886074066162, -0.11251752078533173, -0.6554446220397949, -0.15831975638866425]",2.215972185134888,False,0.0,-4.329024500446394,-0.36075204170386616,12.0,-4.17070474405773,-0.3791549767325209,11.0,0.10166362034541306,1,17,14,14,1.2142857142857142,-2.2008913661876943,-1.1093929112779375,True,13,1.0833333333333333,11.0,0.7586206896551724,4.0,1.966835092659478
~/anvil/data/cve-targets/sqlite3_repo_src_vdbemem.c,1155,1144,1179,if( pVal->flags & (MEM_Blob|MEM_Str) ){,if( pVal->enc==(enc & ~SQLITE_UTF16_ALIGNED) ){,"  if( pVal->enc==(enc & ~SQLITE_UTF16_ALIGNED) ){
    assert( sqlite3",0.5439942479133606,"[[220, 421, 7, 281, 2208, 405, 954, 39635, 954, 609, 3968, 6688, 5991, 55061, 16, 21, 8912, 25015, 8, 10959, 262, 2060, 7, 22003, 18]]","[-0.14604634046554565, -0.3359174132347107, -0.0027563695330172777, -1.0825910568237305, -0.0008235162240453064, -0.0023642226587980986, -0.5500643849372864, -0.8158177137374878, -0.030532460659742355, -0.08408160507678986, -0.017242293804883957, -0.00037400881410576403, -2.992108420585282e-05, -8.511180931236595e-05, -4.494089080253616e-05, -9.536738616588991e-07, -0.0004727914638351649, -1.9788545614574105e-05, -0.018532808870077133, -0.4949951767921448, -0.013915188610553741, -1.2256442308425903, -0.02809072844684124, -0.7022083401679993, -0.0004418112221173942]",6.426388263702393,False,1.0,-5.5530931783901,-0.222123727135604,25.0,-3.5967080677105514,-0.1712718127481215,21.0,0.09105518587089304,1,22,24,24,0.9166666666666666,-3.1762041820236826,-1.001448511115828,True,16,0.64,29.0,0.4651162790697675,7.0,2.3042770912679043
~/anvil/data/cve-targets/lua_repo_ldo.c,446,291,596,"** to be executed, if it was a Lua function. Otherwise (a C function)",** (if any) and the new top of the stack.,"** (if any) and the new top of the stack.
** For tail calls, 'delta1' is 0. For",1.8501150608062744,"[[334, 320, 333, 894, 8, 323, 279, 501, 1909, 315, 279, 5611, 624, 334, 1752, 9787, 6738, 11, 364, 20255, 16, 6, 374, 220, 15, 13, 1752]]","[-0.03700413927435875, -1.6274292469024658, -2.23490047454834, -1.0543732643127441, -0.6538489460945129, -1.3504993915557861, -0.9961284399032593, -1.5219180583953857, -1.145949363708496, -0.3021555542945862, -0.11727427691221237, -0.0022532569710165262, -1.03716242313385, -0.46342381834983826, -1.7845942974090576, -0.7947618365287781, -0.03417988121509552, -0.14108510315418243, -0.8789114952087402, -0.43515682220458984, -0.2331571877002716, -0.008345728740096092, -0.1300792545080185, -0.7752509117126465, -0.28335314989089966, -0.3412773013114929, -0.2098412662744522]",7.234201908111572,False,1.0,-18.594314890215173,-0.6886783292672286,27.0,-12.080896836007014,-0.9292997566159241,13.0,0.42949534820854723,0,24,40,19,0.6,-1.9908700584874033,-1.021878708434362,True,18,0.6666666666666666,52.0,0.38181818181818183,28.0,2.46087225223307
~/anvil/data/cve-targets/libtiff_repo_libtiff_tif_predict.c,40,-115,190,"static int swabHorDiff16(TIFF* tif, uint8_t* cp0, tmsize_t cc);","static int swabHorDiff16(TIFF* tif, uint8_t* cp0, tmsize_t cc);","static int swabHorDiff16(TIFF* tif, uint8_t* cp0, tmsize_t cc);",0.0103627797216176,"[[1978, 526, 2021, 370, 39601, 21751, 16, 21, 4140, 29035, 9, 259, 333, 11, 2622, 23, 528, 9, 12490, 15, 11, 259, 1011, 551, 528, 12527, 1215, 151662]]","[-0.03527463972568512, -0.0023719528689980507, -0.15542574226856232, -0.00018046658078674227, -0.0030166853684931993, -0.01203760877251625, -0.03433528169989586, -2.372236667724792e-05, -0.000977157847955823, -4.172238186583854e-05, -7.819823804311454e-05, -0.00021371940965764225, -2.50339189733495e-06, -9.190614218823612e-05, -0.00032085992279462516, -3.45700973412022e-05, -5.054346183896996e-05, -0.00013350549852475524, -0.00039414744242094457, -0.00014697425649501383, -0.0001311216183239594, -0.00016115797916427255, -3.6954811548639555e-06, -3.576278118089249e-07, -6.318072337307967e-06, -8.868777513271198e-05, -0.027917316183447838, -0.0004903068183921278]",4.868229389190674,True,0.0,-0.2739508692984032,-0.009783959617800113,28.0,-0.27346056248001105,-0.01012816898074115,27.0,0.0009167084438783423,0,26,26,26,1.0,-1.023164181139016,-1.0382187546463129,False,27,0.9642857142857143,0.0,1.0,0.0,1.1596017364419064
~/anvil/data/cve-targets/libpng_repo_pngrutil.c,1712,1691,1740,},},"   }
  ",0.8366703987121582,"[[256, 456, 256]]","[-0.11739736050367355, -0.5866431593894958, -0.2683761715888977]",8.882638931274414,True,1.0,-0.9724166914820671,-0.32413889716068905,3.0,-0.9724166914820671,-0.32413889716068905,3.0,0.03825334407692972,1,2,2,2,1.0,-2.581209493957728,-1.0648710688550909,False,1,0.3333333333333333,0.0,1.0,0.0,0.9303572779960941
~/anvil/data/cve-targets/poppler_repo_fofi_FoFiType1C.cc,769,741,1040,if (charset[i] >= nCIDs) {,if (charset[i] >= 0) {,            if (charset[i] >= 0) {,0.6224057674407959,"[[310, 421, 320, 25327, 989, 60, 2604, 220, 15, 8, 314, 151664]]","[-0.20695671439170837, -0.36725473403930664, -0.028788940981030464, -0.29284051060676575, -0.05885381996631622, -0.05397587642073631, -0.4406258165836334, -0.022420497611165047, -0.005464615765959024, -0.4518362581729889, -0.05067751929163933, -0.01371778268367052]",9.2265625,False,0.0,-1.99341308651492,-0.16611775720957667,12.0,-1.9796953038312495,-0.1799723003482954,11.0,0.02870783679654892,0,18,18,18,1.0,-3.4583420128334823,-1.0740663998002122,True,11,0.9166666666666666,5.0,0.875,1.0,2.052550803675579
~/anvil/data/cve-targets/php_repo_ext_phar_util.c,379,288,436,},},"		}
	",3.5302443504333496,"[[197, 197, 532, 197]]","[-0.0021583375055342913, -0.00048637480358593166, -0.03427192568778992, -0.0027900123968720436]",14.779338836669922,True,1.0,-0.039706650393782184,-0.009926662598445546,4.0,-0.039706650393782184,-0.009926662598445546,4.0,0.00019827237984698564,0,2,2,2,1.0,-355.6325517688255,-1.234012712581176,False,1,0.25,0.0,1.0,0.0,0.8251631046070254
~/anvil/data/cve-targets/libtiff_repo_libtiff_tif_predict.c,419,408,430,assert(rowsize > 0);,assert(sp->rowsize != 0);,		assert(sp->rowsize != 0);,0.4468723833560943,"[[197, 6948, 22580, 405, 1811, 551, 961, 220, 15, 1215, 151664]]","[-0.32926884293556213, -0.7185760140419006, -0.9202237725257874, -0.015185344032943249, -0.531925618648529, -0.043252814561128616, -1.1766561269760132, -0.04525288939476013, -0.002419165801256895, -0.09434337913990021, -0.4473799467086792]",2.809722661972046,False,0.0,-4.324483914766461,-0.39313490134240553,11.0,-3.8771039680577815,-0.3877103968057781,10.0,0.16489079876080756,1,12,15,15,0.8,-1.152593242373,-1.093046964828889,True,7,0.6363636363636364,6.0,0.8444444444444444,5.0,1.9011585328160792
~/anvil/data/cve-targets/libxml2_repo_xmlregexp.c,2138,2132,2323,if ((type1 == XML_REGEXP_EPSILON) ||,if ((type1 == XML_REGEXP_EPSILON) ||,    if ((type1 == XML_REGEXP_EPSILON) ||,0.0358518995344638,"[[262, 421, 1781, 1313, 16, 621, 11874, 8064, 32337, 77292, 55016, 8, 1369, 151664]]","[-0.07643818855285645, -0.24012519419193268, -0.10867360234260559, -0.0004213160718791187, -0.0004922132357023656, -0.0020770898554474115, -0.0018305702833458781, -5.23315102327615e-05, -0.00014673586701974273, -0.011069436557590961, -1.8954096958623268e-05, -0.0037196751218289137, -0.075070820748806, -0.22815340757369995]",4.820138454437256,True,0.0,-0.7482895360099064,-0.053449252572136174,14.0,-0.5201361284362065,-0.04001047141816973,13.0,0.004637082456732681,0,11,11,11,1.0,-0.8960629121251138,-1.0394677280593407,False,12,0.8571428571428571,0.0,1.0,0.0,0.9892072158847804
~/anvil/data/cve-targets/libxml2_repo_xmlstring.c,649,628,685,goto error;,goto error;,                goto error;,0.0268174652010202,"[[394, 7986, 1465, 26, 151664]]","[-0.007582810241729021, -0.0001392267586197704, -0.0002079985715681687, -0.08020295202732086, -0.18088509142398834]",7.706422805786133,True,0.0,-0.26901807902322616,-0.05380361580464523,5.0,-0.08813298759923782,-0.022033246899809455,4.0,0.00113705482419076,0,5,5,5,1.0,-1.217136326886625,-1.0340140113134184,False,3,0.6,0.0,1.0,0.0,0.9360466233511409
~/anvil/data/cve-targets/libpng_repo_pngrutil.c,2895,2647,3067,bytes_to_copy = row_width;,{,"            {
               /* The 'block' algorithm copies the entire",0.0858827829360961,"[[310, 341, 2290, 1391, 576, 364, 4574, 6, 12111, 10993, 279, 4453]]","[-0.9288781881332397, -0.07329697161912918, -0.009948904626071453, -1.0529069900512695, -2.0690131187438965, -2.379739999771118, -0.8452321887016296, -0.003433406352996826, -0.26762154698371887, -2.3690078258514404, -1.0130270719528198, -1.6559488773345947]",4.565279006958008,False,1.0,-12.668055090121925,-1.0556712575101603,12.0,-1.0121240643784404,-0.3373746881261468,3.0,0.17560702485894666,1,7,20,2,0.35,-0.2545620224596811,-1.046111826243508,True,7,0.5833333333333334,26.0,0.0,6.0,1.9312848920125931
~/anvil/data/cve-targets/php_repo_ext_iconv_iconv.c,1138,968,1463,--str_left;,} else {,"							} else {
								_php_icon",1.0318810939788818,"[[1662, 197, 92, 770, 341, 2683, 197, 78547, 15648]]","[-0.4306580126285553, -0.34054672718048096, -0.7104507684707642, -0.0049074674025177956, -0.11299708485603333, -0.0021983047481626272, -0.9123221635818481, -1.476331353187561, -0.002579102059826255]",8.067533493041992,False,1.0,-3.9929909841157496,-0.44366566490174997,9.0,-2.5140805288683623,-0.3591543612669089,7.0,0.10690924175208895,1,6,5,4,1.2,-2.8730852392796917,-1.04339111252664,True,4,0.4444444444444444,10.0,0.21052631578947367,5.0,2.069465879223204
~/anvil/data/cve-targets/openssl_repo_crypto_asn1_a_d2i_fp.c,99,89,226,uint32_t eos = 0;,unsigned long eos = 0;,    unsigned long eos = 0;,0.2829146981239319,"[[262, 3774, 1293, 61794, 284, 220, 15, 26, 151664]]","[-0.03621415048837662, -1.0319945812225342, -0.5499867796897888, -0.014654850587248802, -0.1228557750582695, -0.5013401508331299, -0.005356958135962486, -0.06503331661224365, -0.35430335998535156]",7.427082538604736,False,0.0,-2.6817399226129055,-0.29797110251254505,9.0,-2.327436562627554,-0.29092957032844424,8.0,0.12032473766102679,0,8,10,10,0.8,-0.9724508162045405,-1.0268181230703688,True,9,1.0,10.0,0.6153846153846154,3.0,2.0300118923319728
~/anvil/data/cve-targets/libxml2_repo_valid.c,501,437,514,case XML_ENTITY_DECL:,case XML_ENTITY_DECL:,"	case XML_ENTITY_DECL:
	    xml",0.6087476015090942,"[[2722, 11874, 46599, 22732, 510, 2760, 8396]]","[-0.007951037026941776, -0.00016509123088326305, -0.09742176532745361, -0.016241969540715218, -0.05586502328515053, -0.027310369536280632, -0.00062851223628968]",8.685589790344238,True,1.0,-0.2055837681837147,-0.029369109740530672,7.0,-0.20495525594742503,-0.03415920932457084,6.0,0.0011139492999628017,0,5,6,5,0.8333333333333334,-17.820892624444323,-1.0596381704313873,False,5,0.7142857142857143,0.0,1.0,0.0,0.9460941580089239
~/anvil/data/cve-targets/libsndfile_repo_src_common.c,617,470,684,"memcpy (&(psf->header.ptr [psf->header.indx]), strptr, size + 1) ;","memcpy (&(psf->header.ptr [psf->header.indx]), strptr, size) ;","					memcpy (&(psf->header.ptr [psf->header.indx]), strptr, size) ;",0.1979802846908569,"[[464, 25497, 15899, 7, 1690, 69, 405, 2708, 38740, 508, 1690, 69, 405, 2708, 28473, 87, 9719, 607, 3505, 11, 1379, 8, 2587, 151664]]","[-0.06803107261657715, -0.5687850713729858, -0.022356150671839714, -0.005695069208741188, -0.0001072826053132303, -5.483612312673358e-06, -8.702239938429557e-06, -2.586808113846928e-05, -0.0002165798214264214, -0.004191779997199774, -4.076874756719917e-05, -3.4570634852570947e-06, -8.940656698541716e-06, -3.3378546504536644e-06, -2.1219027985353023e-05, -1.4305104514278355e-06, -0.018554456532001495, -0.016476402059197426, -3.933898824470816e-06, -0.009151890873908997, -0.045623794198036194, -0.14337953925132751, -0.43176519870758057, -0.14613553881645203]",8.52795124053955,False,0.0,-1.4805929684256398,-0.06169137368440166,24.0,-1.3344574296091878,-0.05801988824387773,23.0,0.020044755805758426,1,38,35,35,1.0857142857142856,-3.412283109865311,-1.0554703927433706,True,25,1.0416666666666667,4.0,0.96875,3.0,2.272217053008206
~/anvil/data/cve-targets/libpng_repo_pngrutil.c,2365,2347,2397,limit = PNG_USER_CHUNK_MALLOC_MAX;,limit = PNG_USER_CHUNK_MALLOC_MAX;,"      limit = PNG_USER_CHUNK_MALLOC_MAX;
#  endif
",0.191712886095047,"[[414, 3930, 284, 41639, 9107, 70508, 86753, 6806, 280, 2, 220, 12330, 198]]","[-0.1055227667093277, -0.02744978852570057, -0.0012053137179464102, -0.3478046953678131, -0.006431950256228447, -0.0003352795320097357, -0.00032884435495361686, -0.00025817399728111923, -0.36405080556869507, -0.046982862055301666, -0.0021629766561090946, -0.08880333602428436, -0.01809423603117466]",5.664061546325684,True,2.0,-1.0094310287968256,-0.0776485406766789,13.0,-0.8533876180299558,-0.09482084644777286,9.0,0.020501534891067263,0,7,9,7,0.7777777777777778,-2.0218432262218,-1.0177666876725298,False,8,0.6153846153846154,0.0,1.0,0.0,1.0321896664985748
~/anvil/data/cve-targets/libxml2_repo_xmlmemory.c,898,874,902,"xmlGenericError(xmlGenericErrorContext,","xmlGenericError(xmlGenericErrorContext,","     xmlGenericError(xmlGenericErrorContext,",0.0122512094676494,"[[257, 8396, 19964, 1454, 29932, 19964, 1454, 1972, 11, 151664]]","[-0.563148558139801, -0.009903226979076862, -0.01925737038254738, -0.0005586970364674926, -0.005521404556930065, -0.001709786825813353, -0.00040356122190132737, -0.00018344627460464835, -0.05648181959986687, -0.20340844988822937]",5.423610210418701,True,0.0,-0.8605763209052384,-0.08605763209052383,10.0,-0.657167871017009,-0.07301865233522323,9.0,0.03031598003723042,0,5,5,5,1.0,-0.16778191702861078,-1.023903197335346,False,8,0.8,0.0,1.0,0.0,0.9642211764439662
~/anvil/data/cve-targets/libtiff_repo_libtiff_tif_predict.c,334,326,336,"TIFFSwabArrayOfLong(wp, wc);",while (wc--) {,"	while (wc--) {
		*wp++ = SWAB32",1.47165846824646,"[[5217, 320, 24028, 21200, 341, 197, 197, 9, 8421, 1027, 284, 13387, 1867, 18, 17]]","[-0.8047435879707336, -0.05281570553779602, -0.011915107257664204, -0.7677407264709473, -0.20938538014888763, -0.03396270051598549, -0.4570963978767395, -0.09728074073791504, -0.0037753749638795853, -0.2652181386947632, -0.01406753808259964, -1.1803033351898193, -0.23185601830482483, -0.08724391460418701, -5.328513361746445e-05]",1.469443917274475,False,1.0,-4.21745795149036,-0.2811638634326907,15.0,-2.3376596057787538,-0.3339513722541077,7.0,0.1018911028828681,0,11,17,12,0.6470588235294118,-4.406804674324431,-1.1302921573395714,True,10,0.6666666666666666,25.0,0.23809523809523814,11.0,1.931141334030784
~/anvil/data/cve-targets/php_repo_ext_phar_phar.c,717,632,1125,"PHAR_GET_32(buffer, manifest_flags);",/* extract compression */,"	/* extract compression */
	PHAR_GET_32(buffer, manifest_flags);
	",0.3263842165470123,"[[197, 1057, 8649, 25111, 735, 10025, 39, 934, 12702, 62, 18, 17, 12584, 11, 14455, 14130, 317, 197]]","[-0.9242715835571289, -0.7336925864219666, -1.210111141204834, -0.6303547620773315, -1.4091694355010986, -0.5111515522003174, -3.85038583772257e-05, -4.6491513785440475e-06, -0.0013019903562963009, -0.0007566926069557667, -0.09676414728164673, -4.708655978902243e-05, -0.004551408346742392, -0.003107126336544752, -0.08064975589513779, -0.010139621794223785, -0.35342201590538025, -0.9298604726791382]",1.8187495470047,False,2.0,-6.899394531734288,-0.3832996962074604,18.0,-4.90759950876236,-0.981519901752472,5.0,0.08463015639059335,1,11,12,2,0.9166666666666666,-0.33252939238854334,-1.1204646942993206,True,11,0.6111111111111112,33.0,0.2295081967213115,10.0,1.7894834771976498
~/anvil/data/cve-targets/sqlite3_repo_ext_misc_zipfile.c,223,218,234,struct ZipfileLFH {,struct ZipfileLFH,"struct ZipfileLFH
{
  u",0.4844735562801361,"[[1235, 29232, 1192, 22609, 39, 198, 515, 220, 575]]","[-0.5195311903953552, -0.03319740295410156, -0.001602675998583436, -0.004197122063487768, -0.0010962436208501458, -0.7104966640472412, -0.2897726595401764, -0.017814630642533302, -0.19320301711559296]",2.414757013320923,False,2.0,-1.770911606377922,-0.19676795626421356,9.0,-1.2701212990796193,-0.21168688317993656,6.0,0.08449560034503367,0,4,5,5,0.8,-2.2886328571824044,-1.1038933260414465,True,6,0.6666666666666666,2.0,0.9444444444444444,3.0,1.7833093821860029
~/anvil/data/cve-targets/libsndfile_repo_src_alaw.c,338,332,352,"int			bufferlen, readcount ;","int		bufferlen, readcount ;","	int		bufferlen, readcount ;",0.4906182587146759,"[[2084, 197, 31122, 2892, 11, 1349, 1830, 2587, 151643]]","[-1.3716951608657837, -0.8227158188819885, -0.7233234643936157, -0.00010716341057559475, -0.9675251245498657, -0.10437001287937164, -3.969590397900902e-05, -0.4491273760795593, -0.7171932458877563]",0.9689239859580994,False,0.0,-5.156097062852496,-0.5728996736502773,9.0,-4.438903816964739,-0.5548629771205924,8.0,0.22091696991477247,0,7,7,7,1.0,-0.8842151647253377,-1.1445243592221577,True,8,0.8888888888888888,1.0,0.9818181818181818,0.0,1.696349126793521
~/anvil/data/cve-targets/poppler_repo_poppler_FileSpec.cc,85,79,91,int c;,if (f == NULL,    if (f == NULL,0.6155896186828613,"[[262, 421, 320, 69, 621, 1770]]","[-0.03481364622712135, -1.4222193956375122, -0.6213457584381104, -0.4235650897026062, -0.02189721167087555, -0.2984147369861603]",5.825694561004639,False,0.0,-2.822255838662386,-0.47037597311039764,6.0,-2.822255838662386,-0.47037597311039764,6.0,0.22523457378118705,1,5,8,8,0.625,-1.3087182464109024,-1.0136623682270878,True,3,0.5,11.0,0.21052631578947367,8.0,2.0851305132259785
~/anvil/data/cve-targets/php_repo_ext_phar_phar.c,938,632,1125,if (manifest_count > ((manifest_len - 10 - tmp_len) / (5 * 4 + 1))) {,if (manifest_flags & PHAR_HDR_MANIFEST) {,"	if (manifest_flags & PHAR_HDR_MANIFEST) {
		if (buffer + 4 > endbuffer) {
			MAPPHAR_FAIL(""internal corruption of phar \""%s\"" (",1.0662261247634888,"[[743, 320, 42315, 14130, 609, 14659, 934, 55765, 25143, 91120, 8, 341, 197, 743, 320, 7573, 488, 220, 19, 861, 835, 7573, 8, 341, 298, 9209, 2537, 10842, 934, 11878, 445, 10481, 21252, 315, 1319, 277, 32328, 82, 2105, 320]]","[-0.7353577017784119, -0.19442370533943176, -0.5459219813346863, -0.9307648539543152, -0.0847780629992485, -0.05203890800476074, -2.074220174108632e-05, -0.21675042808055878, -2.103280782699585, -0.01711374893784523, -1.811359167098999, -0.04101888835430145, -0.00930839218199253, -1.1135085821151733, -0.11443416774272919, -0.3633606731891632, -0.03539063036441803, -0.33520618081092834, -0.7385981678962708, -0.04694930836558342, -0.002056271303445101, -2.682172998902388e-05, -0.041558340191841125, -0.004212079104036093, -0.001932302606292069, -0.015610053203999996, -2.3841574147809297e-05, -3.290122185717337e-05, -2.9802276912960224e-06, -0.007364506367594004, -0.00020883286197204143, -0.006854354403913021, -0.003226434113457799, -0.0005357022164389491, -0.001004667836241424, -2.753696753643453e-05, -0.001423775334842503, -6.270212179515511e-05, -0.0023782560601830482, -0.0019620470702648163]",1.4286459684371948,False,2.0,-9.580089479967683,-0.23950223699919207,40.0,-6.742137362965877,-0.5186259509973752,13.0,0.4623083402686688,1,37,30,13,1.2333333333333334,-2.0558672829869344,-1.1314455854985248,True,27,0.675,48.0,0.38181818181818183,27.0,2.1625424543099783
~/anvil/data/cve-targets/sqlite3_repo_src_window.c,870,847,878,pSub->flags &= ~(EP_IntValue|EP_IsTrue|EP_IsFalse);,pDup = pSub;,          pDup = pSub;,0.8237367272377014,"[[688, 281, 85713, 284, 281, 3136, 26, 151643]]","[-0.10566650331020355, -0.4099026918411255, -0.41489651799201965, -0.1621624380350113, -0.4071618318557739, -0.0016479019541293383, -0.1840565800666809, -0.583861231803894]",8.316146850585938,False,0.0,-2.269355696858838,-0.2836694621073548,8.0,-1.6854944650549442,-0.24078492357927775,7.0,0.024491435036722745,1,21,7,7,3.0,-3.4210477757195976,-1.0498963318331502,True,18,2.25,44.0,0.2222222222222222,17.0,2.189285820340793
~/anvil/data/cve-targets/libtiff_repo_libtiff_tif_jbig.c,98,39,108,"TIFFWarningExt(tif->tif_clientdata, ""JBIG"",","TIFFWarningExt(tif->tif_clientdata, ""JBIG"",","	    TIFFWarningExt(tif->tif_clientdata, ""JBIG"",",0.043532844632864,"[[2760, 74121, 12087, 6756, 1155, 333, 405, 84340, 8179, 691, 11, 330, 46107, 1914, 497, 151664]]","[-0.1602047085762024, -0.056169018149375916, -0.48500752449035645, -0.0020291469991207123, -0.002491348423063755, -1.8596476365928538e-05, -0.00047886825632303953, -1.2278481335670222e-05, -4.2914423829643056e-05, -6.6756979322235566e-06, -0.00586692662909627, -0.0011210116790607572, -0.0011383965611457825, -1.1444026313256472e-05, -0.0550914965569973, -0.052183862775564194]",3.343055009841919,True,0.0,-0.8218742182020833,-0.051367138637630205,16.0,-0.7696903554265191,-0.051312690361767936,15.0,0.015176035046508994,1,13,13,13,1.0,-0.8483835933361906,-1.0785697612148712,False,15,0.9375,0.0,1.0,0.0,0.8957027864698415
~/anvil/data/cve-targets/libsndfile_repo_src_paf.c,102,78,118,switch (subformat),return 0 ;,"	return 0 ;
} /* p",0.341046392917633,"[[853, 220, 15, 4386, 92, 1391, 281]]","[-1.1652625799179077, -1.5231767892837524, -0.013577376492321491, -0.16991403698921204, -0.04036134108901024, -0.017503434792160988, -0.021728087216615677]",2.3305556774139404,False,1.0,-2.9515236457809806,-0.4216462351115687,7.0,-2.8719307826831937,-0.7179826956707984,4.0,0.41124073288931484,0,6,12,5,0.5,-0.47500642421332934,-1.106219505844347,True,5,0.7142857142857143,16.0,0.2142857142857143,6.0,1.777618868526087
~/anvil/data/cve-targets/libsndfile_repo_src_flac.c,8,-147,158,** (at your option) any later version.,** (at your option) any later version.,"** (at your option) any later version.
**",0.0947386771440506,"[[334, 320, 266, 697, 2999, 8, 894, 2937, 2319, 624, 334, 151662]]","[-0.0006329201860353351, -0.027949543669819832, -0.002260869136080146, -0.00024828212917782366, -0.00022349244682118297, -0.00020597243565134704, -0.0023619630374014378, -0.00020632999076042324, -0.0019740634597837925, -0.48571789264678955, -0.5037806630134583, -0.0029924397822469473]",13.330554962158203,True,1.0,-1.028554431934026,-0.0857128693278355,12.0,-0.5217813291383209,-0.05217813291383209,10.0,0.020949265718759852,0,16,18,16,0.8888888888888888,-1.8156777917006681,-1.1901170105668561,False,10,0.8333333333333334,0.0,1.0,0.0,0.6025948628482389
~/anvil/data/cve-targets/php_repo_ext_exif_exif.c,960,873,977,"{ 0x009d, ""InternalNDFilter""},","{ 0x0097, ""TimerRecordingTime""},","  { 0x0097, ""TimerRecordingTime""},
  { 0x0098",2.2517359256744385,"[[220, 314, 220, 15, 87, 15, 15, 24, 22, 11, 330, 10105, 52856, 1462, 7115, 220, 314, 220, 15, 87, 15, 15, 24, 23]]","[-0.006786038167774677, -0.0009778724052011967, -0.000316212244797498, -3.71926071238704e-05, -0.0011992413783445954, -0.0007529999129474163, -0.0020616245456039906, -0.02540840208530426, -0.5806704163551331, -0.0001530530134914443, -0.00031394799589179456, -2.0459675788879395, -1.560378909111023, -1.9198694229125977, -0.07378053665161133, -0.0019370617810636759, -0.0003936707798857242, -0.0001586549769854173, -1.3708974620385561e-05, -0.0003771070914808661, -0.00016616393986623734, -0.0004164305282756686, -0.007012517657130957, -0.09067665785551071]",7.5703125,False,1.0,-6.319825421859605,-0.2633260592441502,24.0,-6.220610510055849,-0.38878815687849055,16.0,0.5144680690342991,0,10,14,10,0.7142857142857143,-5.79167828504144,-1.0305014917473634,True,15,0.625,16.0,0.5806451612903225,2.0,2.3359181397201425
~/anvil/data/cve-targets/libxml2_repo_parser.c,13525,13370,13675,*,*, *,0.1826763749122619,[[353]],[-0.18267647922039032],10.722394943237305,True,0.0,-0.18267647922039032,-0.18267647922039032,1.0,-0.18267647922039032,-0.18267647922039032,1.0,0.0,0,2,2,2,1.0,-0.9999994290007731,-1.1149924460253284,False,1,1.0,0.0,1.0,0.0,0.6821609603101342
~/anvil/data/cve-targets/lua_repo_ldebug.c,754,747,794,lu_byte mask = L->hookmask;,int mask = L->hookmask;,  int mask = L->hookmask;,0.5542545914649963,"[[220, 526, 6911, 284, 444, 405, 20873, 11258, 26, 151664]]","[-0.06986897438764572, -0.88423091173172, -0.15152989327907562, -0.02690858766436577, -0.41107964515686035, -0.0005261705373413861, -0.07897831499576569, -0.03689407929778099, -0.055632203817367554, -0.6723923087120056]",5.329861164093018,False,0.0,-2.3880410895799287,-0.23880410895799287,10.0,-1.715648780867923,-0.1906276423186581,9.0,0.07367352425483555,1,11,11,11,1.0,-2.907524767779953,-1.0263057604175339,True,9,0.9,6.0,0.84,1.0,2.1061920031088976
~/anvil/data/cve-targets/libtiff_repo_libtiff_tif_dirread.c,2124,2078,2230,},},"					}
				",1.6014983654022217,"[[464, 197, 532, 464]]","[-0.038241077214479446, -3.6477376852417365e-05, -0.2024223357439041, -0.33014342188835144]",17.872440338134766,True,1.0,-0.5708433122235874,-0.14271082805589685,4.0,-0.5708433122235874,-0.14271082805589685,4.0,0.017491585140922906,0,2,2,2,1.0,-11.221982152433087,-1.3332222612194533,False,1,0.25,0.0,1.0,0.0,0.23910111933637798
~/anvil/data/cve-targets/libtiff_repo_libtiff_tif_read.c,439,414,449,stripsperplane=((td->td_imagelength+rowsperstrip-1)/rowsperstrip);,stripsperplane=td->td_nstrips/td->td_nplanes;,	stripsperplane=td->td_nstrips/td->td_nplanes;,0.4995443820953369,"[[18388, 75716, 712, 19025, 28, 1296, 405, 1296, 1089, 29872, 1690, 14, 1296, 405, 1296, 1089, 38057, 26, 151664]]","[-0.3837958872318268, -0.00024530262453481555, -0.003248178865760565, -0.00012313561455812305, -0.802794337272644, -0.05213984474539757, -0.00026520551182329655, -0.0002611534437164664, -0.3014598488807678, -0.014473100192844868, -0.0044413972645998, -1.2170073986053467, -0.05544557049870491, -0.0007163104019127786, -0.0006490031373687088, -1.0979015827178955, -0.519940197467804, -0.4459182322025299, -0.23733246326446533]",4.597917556762695,False,0.0,-5.138158149944502,-0.2704293763128685,19.0,-4.900825686680037,-0.2722680937044465,18.0,0.15055705815208625,1,25,16,16,1.5625,-1.8347518260351294,-1.0452585850742253,True,22,1.1578947368421053,36.0,0.5945945945945945,16.0,2.200212490651577
~/anvil/data/cve-targets/php_repo_ext_exif_exif.c,2970,2908,2994,},},	},0.4883894026279449,"[[197, 92, 151664]]","[-0.007441539317369461, -0.4884728789329529, -0.12461886554956436]",6.841839790344238,True,0.0,-0.6205332837998867,-0.20684442793329558,3.0,-0.49591441825032234,-0.24795720912516117,2.0,0.057847787423090685,1,2,2,2,1.0,-1.9696519587031687,-1.0119040470495773,False,1,0.3333333333333333,0.0,1.0,0.0,1.0373080802382595
~/anvil/data/cve-targets/lua_repo_ldo.c,285,255,292,lua_lock(L);,lua_lock(L);,    lua_lock(L);,0.0419350042939186,"[[262, 20357, 9818, 4957, 1215, 151664]]","[-0.012081894092261791, -0.0447683222591877, -0.07878883183002472, -0.001364729949273169, -0.049195460975170135, -0.07588054984807968]",6.792360782623291,True,0.0,-0.2620797889539972,-0.0436799648256662,6.0,-0.1861992391059175,-0.0372398478211835,5.0,0.000769175880713686,0,9,9,9,1.0,-1.1260788308072598,-1.0106531206876,False,4,0.6666666666666666,0.0,1.0,0.0,1.0538870368945426
~/anvil/data/cve-targets/openssl_repo_ssl_record_rec_layer_s3.c,1302,1129,1598,if (!peek) {,if (s->s3.fatal,            if (s->s3.fatal,1.136763572692871,"[[310, 421, 320, 82, 405, 82, 18, 833, 4212]]","[-0.011256638914346695, -1.0265789031982422, -0.19583366811275482, -1.5806292295455933, -0.0017896364443004131, -1.3069641590118408, -0.009162403643131256, -0.9826209545135498, -0.23916584253311157]",9.232812881469728,False,0.0,-5.354001435916871,-0.5948890484352078,9.0,-5.354001435916871,-0.5948890484352078,9.0,0.34852004773364065,1,12,10,10,1.2,-1.91088334149537,-1.074234246031722,True,5,0.5555555555555556,11.0,0.2962962962962963,11.0,2.060734774620347
~/anvil/data/cve-targets/poppler_repo_utils_ImageOutputDev.cc,326,312,464,unsigned char zero[1];,unsigned char zero[4];,    unsigned char zero[4];,0.8837992548942566,"[[262, 3774, 1161, 7168, 58, 19, 5265, 151664]]","[-0.02268366888165474, -0.5630089044570923, -0.12054391950368881, -0.06499176472425461, -0.1545552909374237, -0.7331702709197998, -0.7572738528251648, -0.317116379737854]",5.6015625,False,0.0,-2.7333440519869328,-0.3416680064983666,8.0,-2.4162276722490788,-0.3451753817498684,7.0,0.09101652921000777,1,11,11,11,1.0,-2.560435365969125,-1.019358166856933,True,6,0.75,1.0,0.9545454545454546,1.0,2.1762975692503965
~/anvil/data/cve-targets/php_repo_ext_standard_dns.c,417,391,729,CHECKCP(dlen);,if (type == DNS_T_NS,	if (type == DNS_T_NS,0.9406597018241882,"[[743, 320, 1313, 621, 27598, 1139, 33777]]","[-0.536384642124176, -0.11492566764354706, -0.5448446273803711, -0.9486083388328552, -0.08083284646272659, -0.07953356951475143, -1.5352815389633179]",1.9286458492279053,False,0.0,-3.8404112309217453,-0.5486301758459636,7.0,-3.8404112309217453,-0.5486301758459636,7.0,0.2515161849379525,1,9,7,7,1.2857142857142858,-1.7145606334426142,-1.1173905460352285,True,5,0.7142857142857143,20.0,0.11764705882352944,8.0,1.8677865489458105
~/anvil/data/cve-targets/openssl_repo_crypto_rsa_rsa_ameth.c,832,677,982,};,};,"};
",0.9121466279029846,[[2440]],[-0.7871469259262085],4.48541784286499,True,1.0,-0.7871469259262085,-0.7871469259262085,1.0,-0.7871469259262085,-0.7871469259262085,1.0,0.0,0,4,4,4,1.0,-1.1588009783938282,-1.0482025053052089,False,1,1.0,0.0,1.0,0.0,1.0144013310679854
~/anvil/data/cve-targets/libsndfile_repo_src_alaw.c,253,98,274,"0xa9, 0xa9, 0xa9, 0xa9, 0xa9, 0xa9, 0xa9, 0xa9, 0xa9, 0xa9, 0xa9, 0xa9,","0xa9, 0xa9, 0xa9, 0xa9, 0xa9, 0xa9, 0xa9, 0xa9, 0xa9, 0xa9, 0xa9, 0xa9,","	0xa9, 0xa9, 0xa9, 0xa9, 0xa9, 0xa9, 0xa9, 0xa9, 0xa9, 0xa9, 0xa9, 0xa9,
	0xa9, 0xa9, 0xa9, 0xa9, 0xa9, 0xa9,",0.0219047665596008,"[[197, 15, 9591, 24, 11, 220, 15, 9591, 24, 11, 220, 15, 9591, 24, 11, 220, 15, 9591, 24, 11, 220, 15, 9591, 24, 11, 220, 15, 9591, 24, 11, 220, 15, 9591, 24, 11, 220, 15, 9591, 24, 11, 220, 15, 9591, 24, 11, 220, 15, 9591, 24, 11, 220, 15, 9591, 24, 11, 220, 15, 9591, 24, 345, 197, 15, 9591, 24, 11, 220, 15, 9591, 24, 11, 220, 15, 9591, 24, 11, 220, 15, 9591, 24, 11, 220, 15, 9591, 24, 11, 220, 15, 9591, 24, 11]]","[-0.030693858861923218, -0.0015732781030237675, -0.009826146997511387, -0.028615418821573257, -0.0040648700669407845, -0.008799584582448006, -0.00012694983161054552, -0.0008953376673161983, -0.00242689554579556, -0.000734178873244673, -0.004149636719375849, -7.557583012385294e-05, -0.00043108707177452743, -0.0006179092451930046, -0.0013269914779812098, -0.003287270897999406, -5.2689116273541003e-05, -0.00037531962152570486, -0.00036352223833091557, -0.0015683980891481042, -0.004789665341377258, -9.512448741588742e-05, -0.00042524831951595843, -0.0008156548719853163, -0.0016545667313039303, -0.004300038330256939, -9.30981186684221e-05, -0.0004033228906337172, -0.0003477922291494906, -0.0011307757813483477, -0.0033680638298392296, -8.189342770492658e-05, -0.0003716255014296621, -0.00042429505265317857, -0.001281036646105349, -0.0034404154866933823, -5.8530047681415454e-05, -0.0002896366349887103, -0.00048339602653868496, -0.002022960688918829, -0.0044615729711949825, -5.757642793469131e-05, -0.00044228785554878414, -0.0006248190766200423, -0.0014423454413190484, -0.00197168393060565, -4.0649541915627196e-05, -0.0004751745145767927, -0.0004844683862756938, -0.0017615529941394925, -0.0029283759649842978, -4.565611743601039e-05, -0.0003777029050979763, -0.0003323002893012017, -0.004467862658202648, -0.006555717438459396, -0.0001497156627010554, -0.0003295593778602779, -0.0003432638186495751, -0.47546717524528503, -0.003604820929467678, -0.00010322991875000298, -0.0005502378917299211, -0.0005357022164389491, -0.0012959185987710953, -0.0006878394051454961, -8.106198947643861e-06, -0.00022516099852509797, -0.00040820849244482815, -0.0007662221323698759, -0.0005617947317659855, -7.510157047363464e-06, -0.0003415954706724733, -0.0004764852055814117, -0.0012066233903169632, -0.0004583738627843559, -2.52720492426306e-05, -0.00018726025882642716, -0.00033480284037068486, -0.0011368485866114497, -0.0006394725642167032, -1.585470999998506e-05, -0.0003392120997887105, -0.0009173714206553996, -0.001085764612071216, -0.0003474347176961601, -1.4662635294371285e-05, -0.0002236116270069033, -0.00030727434204891324, -0.0011002921964973211]",6.522395610809326,True,1.0,-0.6465544849825164,-0.007183938722027961,90.0,-0.6322463416508981,-0.010364694125424559,61.0,0.0036344503654775553,0,25,37,25,0.6756756756756757,-2.1134021221010744,-1.003855058408685,False,59,0.6555555555555556,0.0,1.0,0.0,1.2531187093801155
~/anvil/data/cve-targets/lua_repo_lstate.h,162,7,312,} transferinfo;,int ftransfer2;,      int ftransfer2; ,0.4437730014324188,"[[414, 526, 282, 24188, 17, 26, 220]]","[-0.25058743357658386, -1.2760348320007324, -1.1626052856445312, -0.059169378131628036, -1.6141873598098755, -0.05241658166050911, -0.015811780467629433]",5.361110210418701,False,0.0,-4.43081265129149,-0.6329732358987842,7.0,-4.43081265129149,-0.6329732358987842,7.0,0.4071747916168546,0,5,5,5,1.0,-0.7010928365751321,-1.0255042966142498,True,4,0.5714285714285714,8.0,0.6666666666666667,5.0,2.0239048521389056
~/anvil/data/cve-targets/php_repo_ext_intl_locale_locale_methods.c,408,384,489,},},	},0.7083184123039246,"[[197, 92, 151664]]","[-0.005641491152346134, -0.6476989984512329, -0.5630418658256531]",6.743750095367432,True,0.0,-1.2163823554292321,-0.4054607851430774,3.0,-0.653340489603579,-0.3266702448017895,2.0,0.10305946066971501,1,2,2,2,1.0,-2.1682979199213688,-1.009425653119846,False,1,0.3333333333333333,0.0,1.0,0.0,1.077615827899595
~/anvil/data/cve-targets/openssl_repo_ssl_statem_statem.c,454,444,456,return 0;,s->init_msg = s,        s->init_msg = s,0.5479235053062439,"[[286, 274, 405, 2327, 6483, 284, 274]]","[-0.05113544687628746, -1.012036681175232, -0.0149280596524477, -0.07617796957492828, -0.3238334655761719, -0.14003917574882507, -0.6402000784873962]",6.711979389190674,False,0.0,-2.2583508770912886,-0.3226215538701841,7.0,-2.2583508770912886,-0.3226215538701841,7.0,0.11980022335720417,1,5,10,10,0.5,-1.6983474871202078,-1.008624217293442,True,4,0.5714285714285714,13.0,0.16666666666666663,9.0,2.090141884718048
~/anvil/data/cve-targets/sqlite3_repo_src_build.c,3400,3379,3404,p->nKeyCol = nCol - 1;,p->nKeyCol = nCol;,    p->nKeyCol = nCol;,0.583457887172699,"[[262, 281, 405, 77, 1592, 6127, 284, 308, 6127, 26, 151643]]","[-0.018939370289444923, -0.08130168169736862, -0.0015519729349762201, -0.4773993194103241, -0.7379308938980103, -0.5958834886550903, -0.0038153964560478926, -0.7614196538925171, -0.024723641574382782, -0.1630505919456482, -0.3198862373828888]",5.329167366027832,False,0.0,-3.185902248136699,-0.2896274771033363,11.0,-2.8660160107538104,-0.286601601075381,10.0,0.09200667413888138,0,13,10,10,1.3,-2.035780278210099,-1.0263235617956872,True,12,1.0909090909090908,4.0,0.9,3.0,2.1332302065879922
~/anvil/data/cve-targets/openssl_repo_ssl_statem_statem_clnt.c,2575,2558,2611,"ckey = ssl_generate_pkey(s, skey);",ckey = EVP_PKEY_new();,"    ckey = EVP_PKEY_new();
    if (ckey == NULL) {
       ",1.4012211561203003,"[[262, 272, 792, 284, 72758, 1088, 4784, 5921, 543, 262, 421, 320, 377, 1195, 621, 1770, 8, 341, 286]]","[-0.07125035673379898, -1.145015835762024, -9.154854342341423e-05, -0.00285836448892951, -0.4724118113517761, -0.0077982270158827305, -0.001518169417977333, -0.49189460277557373, -0.7972357869148254, -0.003991613630205393, -0.07431920617818832, -0.09488464146852493, -0.11298111081123352, -2.1457441107486375e-05, -0.0010855264263227582, -0.0003854485403280705, -0.04199863225221634, -0.0039456626400351524, -0.000954649003688246]",7.427257061004639,False,2.0,-3.3246426513960614,-0.17498119217874009,19.0,-2.9940663166344166,-0.29940663166344167,10.0,0.15204999151131612,1,14,24,11,0.5833333333333334,-4.679993720698182,-1.0268226031492196,True,12,0.631578947368421,21.0,0.4642857142857143,4.0,2.265308703743566
~/anvil/data/cve-targets/libsndfile_repo_src_ulaw.c,729,574,879,"0x82, 0x82, 0x82, 0x82, 0x82, 0x82, 0x82, 0x82, 0x82, 0x82, 0x82, 0x82,","0x82, 0x82, 0x82, 0x82, 0x82, 0x82, 0x82, 0x82, 0x82, 0x82, 0x82, 0x82,","	0x82, 0x82, 0x82, 0x82, 0x82, 0x82, 0x82, 0x82, 0x82, 0x82, 0x82, 0x82,
	0x82, 0x82, 0x82, 0x82, 0x82, 0x82,",0.024226514622569,"[[197, 15, 87, 23, 17, 11, 220, 15, 87, 23, 17, 11, 220, 15, 87, 23, 17, 11, 220, 15, 87, 23, 17, 11, 220, 15, 87, 23, 17, 11, 220, 15, 87, 23, 17, 11, 220, 15, 87, 23, 17, 11, 220, 15, 87, 23, 17, 11, 220, 15, 87, 23, 17, 11, 220, 15, 87, 23, 17, 11, 220, 15, 87, 23, 17, 11, 220, 15, 87, 23, 17, 345, 197, 15, 87, 23, 17, 11, 220, 15, 87, 23, 17, 11, 220, 15, 87, 23, 17, 11, 220, 15, 87, 23, 17, 11, 220, 15, 87, 23, 17, 11, 220, 15, 87, 23, 17, 11]]","[-0.003948986995965242, -0.0005760917556472123, -0.0006130246329121292, -0.0019848900847136974, -0.05791858583688736, -0.0015647084219381213, -0.0007845661020837724, -5.8530047681415454e-05, -0.00012909532233607024, -0.00030012393835932016, -0.01626589708030224, -0.0008606782066635787, -0.00026639728457666934, -0.0001250427303602919, -0.00010930894495686516, -0.00023338454775512218, -0.010641850531101227, -0.0005777596961706877, -0.00017998983094003052, -1.7046782886609435e-05, -4.95898348162882e-05, -0.00020966715237591416, -0.013682154007256031, -0.000811366830021143, -0.00019905969384126365, -1.5616295058862306e-05, -3.7788631743751466e-05, -0.0001411338453181088, -0.0014653194230049849, -0.0005160430446267128, -0.00014232576359063387, -1.811964830267243e-05, -4.9828242481453344e-05, -0.00012337400403339416, -0.0008628221112303436, -0.0004897110629826784, -0.00013052565918769687, -1.1444026313256472e-05, -3.8980677345534787e-05, -0.0001436368766007945, -0.0008693729760125279, -0.0005042473785579205, -0.00014375607133843005, -1.966933996300213e-05, -3.325883881188929e-05, -0.00011550712952157483, -0.0007520469953306019, -0.0004605186404660344, -0.00012385078298393637, -1.585470999998506e-05, -3.659658250398934e-05, -0.00011276562872808427, -0.0005925330333411694, -0.0006301801186054945, -0.00011491115583339706, -9.179073458653875e-06, -3.576214658096433e-05, -0.00012134769349358976, -0.0006027788622304797, -0.0007846852531656623, -0.00013791563105769455, -7.271740287251305e-06, -3.516612196108326e-05, -0.00012361239350866526, -0.0007383481133729219, -0.030210625380277634, -0.0017780937487259507, -4.9470632802695036e-05, -8.67805938469246e-05, -0.0002714027068577707, -0.001508289948105812, -0.35046693682670593, -0.00028427375946193933, -2.3483953555114567e-05, -6.818538531661034e-05, -0.00014125302550382912, -0.0005793085438199341, -0.00013350549852475524, -0.00012432756193447858, -1.2874520507466514e-05, -1.9073304429184645e-05, -8.082063141046092e-05, -0.0004295380203984678, -0.00011014331539627165, -8.83301836438477e-05, -1.311301275563892e-06, -4.684815212385729e-05, -0.00013422065239865333, -0.0011403016978874803, -0.00010048838157672435, -5.149708886165172e-05, -3.933898824470816e-06, -3.433168603805825e-05, -0.00016068121476564556, -0.0022851326502859592, -8.904537389753386e-05, -6.270212179515511e-05, -4.768360213347478e-06, -3.015949550899677e-05, -8.34430247778073e-05, -0.00031990656862035394, -8.964136941358447e-05, -5.972207145532593e-05, -3.6954811548639555e-06, -4.184158387943171e-05, -8.260862523457035e-05, -0.0005312938592396677, -7.211902266135439e-05]",7.676389217376709,True,1.0,-0.5153120132385993,-0.004771407529987031,108.0,-0.5080714756122688,-0.006959883227565327,73.0,0.0017008484746866722,0,25,37,25,0.6756756756756757,-3.4808794674337955,-1.0332379239278588,False,71,0.6574074074074074,0.0,1.0,0.0,1.1652618597819238
~/anvil/data/cve-targets/libtiff_repo_libtiff_tif_dirread.c,5769,5720,5775,"if ((nstrips64==0)||(nstrips64>0xFFFFFFFF)) /* something is wonky, do nothing. */",if (nstrips64 > UINT32_MAX),        if (nstrips64 > UINT32_MAX),1.6478722095489502,"[[286, 421, 320, 77, 29872, 1690, 21, 19, 861, 13661, 18, 17, 6806, 8, 151664]]","[-0.512823224067688, -0.24534830451011658, -0.3665134906768799, -0.18410715460777283, -0.00014780859055463225, -2.7418097943154862e-06, -0.09651868790388107, -1.9192511899746023e-05, -0.34829556941986084, -1.6441105604171753, -0.15211264789104462, -0.0003469580551609397, -0.003981165122240782, -0.1284487545490265, -0.38372042775154114]",3.4194440841674805,False,0.0,-4.066496687884637,-0.27109977919230915,15.0,-3.682776260133096,-0.263055447152364,14.0,0.17114394322597357,1,25,12,12,2.0833333333333335,-6.264353114096467,-1.076511953124604,True,29,1.9333333333333333,66.0,0.2777777777777778,14.0,2.278008706751279
~/anvil/data/cve-targets/lua_repo_lvm.c,1678,1669,1682,L->oldpc = pc + 1;,return;,          return;,1.7935022115707395,"[[688, 470, 26, 151664]]","[-0.17635229229927063, -1.7652034759521484, -0.5451856851577759, -0.3727664649486542]",6.704166889190674,False,0.0,-2.859507918357849,-0.7148769795894623,4.0,-2.486741453409195,-0.828913817803065,3.0,0.4609921739263832,1,13,4,4,3.25,-2.1636775416824374,-1.0084272396127298,True,10,2.5,17.0,0.07999999999999996,11.0,2.367791278564919
~/anvil/data/cve-targets/lua_repo_lstate.c,220,200,221,L->errfunc = 0;,L->ci = NULL;,"  L->ci = NULL;
  L->hookmask =",0.6089819669723511,"[[220, 444, 405, 5855, 284, 1770, 280, 220, 444, 405, 20873, 11258, 284]]","[-0.20963819324970245, -0.5399938225746155, -0.0014019908849149942, -1.7694272994995117, -0.05816065892577171, -0.96687912940979, -0.444652259349823, -0.09243931621313095, -0.29467612504959106, -0.003557307878509164, -1.627143383026123, -0.3668588101863861, -0.05917409807443619]",3.786284923553467,False,1.0,-6.434002394322306,-0.49492326110171586,13.0,-4.08259267010726,-0.5103240837634075,8.0,0.3159337053237996,1,10,16,11,0.625,-1.193323980481945,-1.0666843727662274,True,8,0.6153846153846154,11.0,0.5714285714285714,3.0,1.9817955129487383
~/anvil/data/cve-targets/sqlite3_repo_ext_fts5_fts5_hash.c,411,393,430,"if(pTerm==0 || 0==memcmp(fts5EntryKey(pIter), pTerm, nTerm)) {","if( pTerm==0 || fts5StrICmp(pTerm, pIter->pTerm, nTerm)==0 ){","      if( pTerm==0 || fts5StrICmp(pTerm, pIter->pTerm, nTerm)==0 ){
        ap[iSlot] = pIter;
        ap",1.492712378501892,"[[414, 421, 7, 281, 17249, 418, 15, 1369, 282, 2576, 20, 2580, 1317, 1307, 1295, 17249, 11, 281, 8537, 405, 79, 17249, 11, 308, 17249, 15348, 15, 10959, 286, 1443, 989, 19877, 60, 284, 281, 8537, 280, 286, 1443]]","[-0.017279084771871567, -0.3366815745830536, -0.012078831903636456, -1.2982490062713623, -0.7028804421424866, -0.6651529669761658, -0.0016271935310214758, -0.24460622668266296, -1.4077938795089722, -4.1126360883936286e-05, -0.000686767278239131, -0.440602570772171, -1.131706953048706, -0.002996956231072545, -0.04080307483673096, -0.43326807022094727, -0.06643332540988922, -0.014336089603602886, -0.001906840712763369, -0.00014327930693980306, -0.6503037214279175, -0.8447676301002502, -0.6792744994163513, -0.11783590912818909, -0.00010156115604331717, -0.1472625732421875, -0.00027771908207796514, -0.6447658538818359, -0.03711269423365593, -1.0532146692276, -0.2830861508846283, -0.020600290969014168, -0.2995756268501282, -0.007298237178474665, -0.04345497861504555, -0.01126642245799303, -0.2902122437953949, -0.5845285654067993, -0.9547508955001831]",5.5416669845581055,False,2.0,-13.48896450270695,-0.34587088468479354,39.0,-9.940976421821688,-0.3427922904076444,29.0,0.17549205943413138,1,33,40,31,0.825,-4.3545681168230965,-1.0208856847855359,True,25,0.6410256410256411,29.0,0.6829268292682926,13.0,2.5127128718852934
~/anvil/data/cve-targets/libxml2_repo_HTMLparser.c,2808,2772,2812,"ret = xmlStrndup(q, CUR_PTR - q);","ret = xmlStrndup(q - startPosition, len);","        ret = xmlStrndup(q - startPosition, len);
        if (err) {
            xml",0.9445908665657043,"[[286, 2112, 284, 8396, 2580, 303, 454, 10583, 481, 98342, 11, 2422, 317, 286, 421, 320, 615, 8, 341, 310, 8396]]","[-0.10587520152330399, -1.4358597993850708, -0.002500861417502165, -0.5523340702056885, -0.7827954292297363, -0.040235161781311035, -0.00336651923134923, -0.9554195404052734, -0.6696580052375793, -0.5616695880889893, -0.072588250041008, -0.07411809265613556, -0.6377338767051697, -0.41429534554481506, -0.7034593224525452, -0.2159314900636673, -0.9076842665672302, -0.5515326261520386, -0.2333892285823822, -0.04825989529490471, -0.09874013811349869]",2.6777777671813965,False,2.0,-9.0674467086792,-0.4317831766037714,21.0,-6.308449741452932,-0.45060355296092375,14.0,0.17254427604580438,1,17,24,17,0.7083333333333334,-2.0962792245173865,-1.096658467214856,True,13,0.6190476190476191,18.0,0.6216216216216216,6.0,2.0215183518949624
~/anvil/data/cve-targets/libxml2_repo_HTMLparser.c,2809,2772,2812,NEXT;,if (err,        if (err,2.1157422065734863,"[[286, 421, 320, 615]]","[-0.46777844429016113, -0.8659119606018066, -0.223403200507164, -0.7127766609191895]",4.2168402671813965,False,0.0,-2.2698702663183212,-0.5674675665795803,4.0,-2.2698702663183212,-0.5674675665795803,4.0,0.059625499581184946,1,4,4,4,1.0,-3.72839318258514,-1.055264278892208,True,2,0.5,7.0,0.0,4.0,2.1730774492495777
~/anvil/data/cve-targets/libsndfile_repo_src_wavlike.c,388,382,391,"psf_binheader_writef (psf, ""422b"", BHW4 (subformat->esf_field1),",/* Write the GUID for the given subformat. */,"	/* Write the GUID for the given subformat. */
	/* The GUID is a 128-bit value. */
	/* The first 8 bytes are the GUID itself. */
	/* The",2.1740145683288574,"[[197, 1057, 9645, 279, 30221, 369, 279, 2661, 1186, 2243, 13, 735, 197, 1057, 576, 30221, 374, 264, 220, 16, 17, 23, 15257, 897, 13, 735, 197, 1057, 576, 1156, 220, 23, 5820, 525, 279, 30221, 5086, 13, 735, 197, 1057, 576]]","[-1.6992621421813965, -0.5052551031112671, -1.847280502319336, -0.8980947732925415, -0.38971611857414246, -1.9682034254074097, -0.7792856693267822, -1.8463134765625, -0.8218157291412354, -0.0863104909658432, -0.7113061547279358, -0.4989648461341858, -1.906024694442749, -0.8236585259437561, -2.241816520690918, -1.187725305557251, -0.6916497945785522, -2.0347094535827637, -1.0708179473876953, -0.10065963864326477, -0.31355711817741394, -0.06636672466993332, -0.23117217421531677, -1.2105673551559448, -1.4181201457977295, -0.7467957735061646, -0.9493464231491089, -0.16430935263633728, -1.4365582466125488, -1.646977186203003, -0.6167118549346924, -1.2427914142608643, -0.1475510150194168, -0.4176241457462311, -1.0654054880142212, -2.1772515773773193, -1.3337322473526, -0.5158587694168091, -0.06645462661981583, -0.2483977973461151, -0.013394488953053951, -0.06746482104063034]",0.6624997854232788,False,3.0,-38.205279058776796,-0.9096495013994476,42.0,-13.957833126187325,-1.0736794712451787,13.0,0.4221616315592603,0,20,8,2,2.5,-2.0248264277676715,-1.1533257773176697,True,28,0.6666666666666666,49.0,0.3302752293577982,20.0,2.069235478578298
~/anvil/data/cve-targets/sqlite3_repo_src_expr.c,3680,3626,3723,"sqlite3ExprCompare(0,pFarg->a[0].pExpr, pFarg->a[1].pExpr,-1),","sqlite3ExprCompare(pParse,pFarg->a[0].pExpr, pFarg->a[1].pExpr),","         sqlite3ExprCompare(pParse,pFarg->a[0].pExpr, pFarg->a[1].pExpr),",0.2913244962692261,"[[260, 22003, 18, 16041, 27374, 1295, 14463, 7237, 37, 858, 405, 64, 58, 15, 936, 79, 16041, 11, 281, 37, 858, 405, 64, 58, 16, 936, 79, 16041, 701, 151664]]","[-0.26938143372535706, -0.011968232691287994, -7.998623186722398e-05, -0.003347628517076373, -0.0017984420992434025, -0.018627122044563293, -0.525476336479187, -0.364783376455307, -0.0002196785935666412, -3.659658250398934e-05, -0.0003033416287507862, -3.361645576660521e-05, -0.000506511190906167, -0.005984483286738396, -0.00021562635083682835, -9.810443589231e-05, -3.075552376685664e-05, -0.497694194316864, -0.05131439492106438, -4.136476854910143e-05, -6.139089964563027e-05, -0.0002640137099660933, -2.7417760065873154e-05, -0.000179036331246607, -0.002219476969912648, -6.23445157543756e-05, -6.305972783593461e-05, -6.210611172718927e-05, -0.8850506544113159, -0.4873505234718323]",5.84999942779541,False,0.0,-3.127281250208398,-0.10424270834027993,30.0,-2.6399307267365657,-0.09103209402539882,29.0,0.043987363364205875,0,36,34,34,1.0588235294117647,-3.2002394253167874,-1.0130466320925766,True,30,1.0,9.0,0.9206349206349207,3.0,2.390790896602239
~/anvil/data/cve-targets/libxml2_repo_valid.c,694,599,739,if ((ocur == XML_ELEMENT_CONTENT_PLUS) ||,if ((ocur == XML_ELEMENT_CONTENT_ONCE) ||,	    if ((ocur == XML_ELEMENT_CONTENT_ONCE) ||,0.681209921836853,"[[2760, 421, 1781, 509, 324, 621, 11874, 27156, 25560, 98814, 8, 1369, 151664]]","[-0.009888236410915852, -0.8951529264450073, -0.5294568538665771, -0.7144181728363037, -0.0008238735608756542, -0.5790055394172668, -0.0013298486592248082, -5.864924969500862e-05, -4.2437604861333966e-05, -0.1058051735162735, -0.022688914090394974, -0.8093337416648865, -0.09130260348320007]",7.749305725097656,False,0.0,-3.7593069708054827,-0.2891774592927294,13.0,-3.6680043673222826,-0.30566703061019024,12.0,0.12274224297059873,0,11,11,11,1.0,-2.2286012347389326,-1.0351231442282571,True,11,0.8461538461538461,4.0,0.9024390243902439,1.0,2.0986964720274233
~/anvil/data/cve-targets/libxml2_repo_valid.c,713,599,739,"xmlValidBuildAContentModel(content, ctxt, name);","xmlValidBuildAContentModel(content, ctxt, name);","	    xmlValidBuildAContentModel(content, ctxt, name);",0.0454680584371089,"[[2760, 8396, 4088, 11066, 32, 2762, 1712, 15063, 11, 59162, 11, 829, 1215, 151664]]","[-0.02033236436545849, -0.08253905922174454, -0.036617957055568695, -9.786603914108127e-05, -0.0002157455455744639, -6.5205356804654e-05, -2.90866428258596e-05, -0.0004374024283606559, -0.0016179102240130305, -0.0014259180752560496, -0.0005484507419168949, -0.0006338732782751322, -0.4301062524318695, -0.03211745619773865]",7.257118225097656,True,0.0,-0.6067845476045477,-0.04334175340032483,14.0,-0.574667091406809,-0.04420516087744685,13.0,0.012935439944858136,0,13,13,13,1.0,-1.0285690072062688,-1.0224643185787858,False,12,0.8571428571428571,0.0,1.0,0.0,1.0644137934527476
~/anvil/data/cve-targets/openssl_repo_crypto_asn1_a_type.c,70,54,98,case V_ASN1_NEG_INTEGER:,case V_ASN1_BOOLEAN:,"    case V_ASN1_BOOLEAN:
        result = a->",1.0989371538162231,"[[262, 1142, 647, 1566, 18966, 16, 37809, 510, 286, 1102, 284, 264, 405]]","[-0.0219412948936224, -0.003906833939254284, -0.00047910655848681927, -2.288792165927589e-05, -8.535020606359467e-05, -2.3603161025675945e-05, -1.3755061626434326, -0.24524906277656555, -0.4789370894432068, -0.08744797110557556, -0.003961217124015093, -1.1659228801727295, -0.0005156855913810432]",5.0416669845581055,False,1.0,-3.383999145537018,-0.26030762657977063,13.0,-2.126151391543317,-0.236239043504813,9.0,0.1866402213893679,1,5,9,5,0.5555555555555556,-4.651801571461383,-1.033726845900138,True,8,0.6153846153846154,10.0,0.6818181818181819,1.0,2.097134590128981
~/anvil/data/cve-targets/sqlite3_repo_ext_misc_zipfile.c,1873,1762,1918,nName++;,nName++;,"      nName++;
      if",0.641183614730835,"[[414, 308, 675, 3507, 414, 421]]","[-0.3328697085380554, -0.45754581689834595, -0.18783964216709137, -0.4891776442527771, -0.360683798789978, -0.8453414440155029]",6.846528053283691,True,1.0,-2.673458054661751,-0.44557634244362515,6.0,-1.8281166106462479,-0.3656233221292496,5.0,0.011283930102993302,1,6,7,6,0.8571428571428571,-1.7536726349862701,-1.012022655806356,False,3,0.5,0.0,1.0,0.0,1.1052413355914106
~/anvil/data/cve-targets/lua_repo_ldebug.c,113,103,121,if (isLua(L->ci)),if (L->hookmask & mask)  /* are,  if (L->hookmask & mask)  /* are,2.020575046539306,"[[220, 421, 320, 43, 405, 20873, 11258, 609, 6911, 8, 220, 1391, 525]]","[-0.0512733981013298, -0.4270826578140259, -0.13601142168045044, -0.4940275549888611, -0.2729945480823517, -0.6476898193359375, -0.49143701791763306, -0.18670326471328735, -0.03836590051651001, -0.29830610752105713, -0.8988915085792542, -0.006656615063548088, -1.8806434869766235]",6.813194274902344,False,0.0,-5.83008330129087,-0.44846794625314385,13.0,-5.83008330129087,-0.44846794625314385,13.0,0.2337469721678746,1,17,19,19,0.8947368421052632,-4.50550605326599,-1.0111796436417624,True,8,0.6153846153846154,25.0,0.33333333333333337,12.0,2.4389189740661066
~/anvil/data/cve-targets/libtiff_repo_libtiff_tif_ojpeg.c,1299,1215,1349,if (OJPEGReadHeaderInfoSecStreamDqt(tif)==0),if (OJPEGReadHeaderInfoSecStreamDqt(tif)==0),				if (OJPEGReadHeaderInfoSecStreamDqt(tif)==0),0.0320847667753696,"[[571, 743, 320, 46, 73603, 4418, 4047, 1731, 8430, 3027, 35, 23044, 1155, 333, 15348, 15, 8, 151664]]","[-0.045209821313619614, -0.04374656081199646, -0.0034988634288311005, -0.02011624351143837, -0.0003156163729727268, -0.00022003613412380219, -0.007385333068668842, -6.3774932641536e-05, -0.00027724236133508384, -0.029000533744692802, -0.006801430135965347, -0.00884673185646534, -0.008145446889102459, -1.537788011773955e-05, -0.033330123871564865, -0.00033361115492880344, -0.35101643204689026, -0.058076076209545135]",8.344443321228027,True,0.0,-0.6163992557249003,-0.0342444030958278,18.0,-0.5583231795153552,-0.03284253997149148,17.0,0.006555768424993413,0,17,17,17,1.0,-0.9769270830825005,-1.05063930361393,False,16,0.8888888888888888,0.0,1.0,0.0,1.023290317641035
~/anvil/data/cve-targets/libpng_repo_pngset.c,1031,950,1034,++np;,np++;,      np++;,1.148450493812561,"[[414, 2595, 19581, 151664]]","[-0.03694462776184082, -1.1037695407867432, -0.8861650228500366, -0.5099484920501709]",5.300173282623291,False,0.0,-2.5368276834487915,-0.6342069208621979,4.0,-2.0268791913986206,-0.6756263971328735,3.0,0.21184915563453424,0,6,6,6,1.0,-1.6998307033090931,-1.0270677642552237,True,3,0.75,4.0,0.6,2.0,2.135887648826894
~/anvil/data/cve-targets/php_repo_ext_phar_phar.c,173,159,201,},},	},0.3541404902935028,"[[197, 92, 151664]]","[-0.0008635367848910391, -0.3543344736099243, -0.5726177096366882]",10.062673568725586,True,0.0,-0.9278157200315036,-0.30927190667716786,3.0,-0.35519801039481536,-0.17759900519740768,2.0,0.031235425794991667,0,2,2,2,1.0,-1.994045461571493,-1.0967536572253322,False,1,0.3333333333333333,0.0,1.0,0.0,0.7625365466664656
~/anvil/data/cve-targets/libtiff_repo_libtiff_tif_jbig.c,100,39,108,"decodedSize, (unsigned long)size);","decodedSize, size);","	                 decodedSize, size);",0.689540445804596,"[[73912, 29213, 1695, 11, 1379, 1215, 151664]]","[-0.6905972957611084, -0.025757694616913795, -8.583032467868179e-06, -0.007552759256213903, -0.03649946302175522, -0.13421057164669037, -0.16946785151958466]",4.038888931274414,False,0.0,-1.0640942188547342,-0.1520134598363906,7.0,-0.8946263673351496,-0.14910439455585825,6.0,0.06059951557966305,1,14,7,7,2.0,-4.624548108448117,-1.0599693793224936,True,8,1.1428571428571428,15.0,0.7169811320754718,11.0,2.059446948991283
~/anvil/data/cve-targets/libsndfile_repo_src_wavlike.c,712,679,743,if ((psf->cart_16k = cart_var_alloc ()) == NULL),c = malloc (sizeof (SF_CART_INFO_16K)) ;,"	c = malloc (sizeof (SF_CART_INFO_16K)) ;
	if (!c)",1.5229384899139404,"[[1444, 284, 15731, 320, 10318, 320, 28667, 65172, 9068, 62, 16, 21, 42, 593, 4386, 743, 1505, 66, 8, 151664]]","[-0.7935474514961243, -0.004634472541511059, -1.041094422340393, -0.051417671144008636, -0.1144249215722084, -0.1720048487186432, -0.011196167208254337, -0.00017963226127903908, -0.0001479277852922678, -0.0009729895391501486, -0.00022349244682118297, -2.109982233378105e-05, -6.4490144723095e-05, -0.135602205991745, -0.06383055448532104, -0.04487204924225807, -0.3148936629295349, -0.3894426226615906, -0.02418619953095913, -0.03238247334957123]",3.2215285301208496,False,1.0,-3.1951393552117224,-0.15975696776058612,20.0,-2.3893623474978085,-0.15929082316652057,15.0,0.09339495681715729,0,26,27,17,0.9629629629629629,-9.560742167311673,-1.0818516137456267,True,18,0.9,42.0,0.31818181818181823,24.0,2.2546722541193454
~/anvil/data/cve-targets/libpng_repo_pngrutil.c,2655,2647,3067,png_uint_32 row_width = png_ptr->width;,unsigned int row_width = png_ptr->row_buf_width;,   unsigned int row_width = png_ptr->row_buf_width;,0.4671494364738464,"[[256, 3774, 526, 2802, 7927, 284, 36151, 4348, 405, 651, 10363, 7927, 26, 151664]]","[-0.039445772767066956, -0.9290742874145508, -0.00652705691754818, -0.007923362776637077, -0.0004164305282756686, -0.02048584260046482, -0.07254224270582199, -0.005876525770872831, -0.00109112320933491, -0.42938247323036194, -0.835057258605957, -0.666969358921051, -0.10992106050252914, -0.4388512372970581]",4.649479389190674,False,0.0,-3.5635640332475305,-0.25454028808910933,14.0,-3.1247127959504724,-0.24036252276542094,13.0,0.11216270577803009,1,11,13,13,0.8461538461538461,-1.9435202755371124,-1.0439120669222814,True,13,0.9285714285714286,18.0,0.7586206896551724,4.0,2.0403223137554627
~/anvil/data/cve-targets/openssl_repo_crypto_asn1_tasn_enc.c,20,-135,170,"unsigned char **out,","const ASN1_VALUE **pval,","                             const ASN1_VALUE **pval,",0.6960076689720154,"[[6526, 733, 54855, 16, 7476, 3070, 79, 831, 11]]","[-1.4201674461364746, -1.1945016384124756, -0.5767779350280762, -0.0001003691868390888, -0.4658338129520416, -0.39288756251335144, -0.7099905610084534, -0.08772449940443039, -0.08653201162815094]",0.986979365348816,False,0.0,-4.934515836270293,-0.5482795373633659,9.0,-4.934515836270293,-0.5482795373633659,9.0,0.21794669193811358,0,10,10,10,1.0,-1.2694394401787503,-1.1440078552636723,True,5,0.5555555555555556,18.0,0.31818181818181823,5.0,1.7626855145475182
~/anvil/data/cve-targets/php_repo_ext_phar_phar.c,901,632,1125,"PHAR_GET_32(buffer, manifest_flags);",if (buffer + 1 > endbuffer) {,"	if (buffer + 1 > endbuffer) {
		MAPPHAR_FAIL(""",0.8382419943809509,"[[743, 320, 7573, 488, 220, 16, 861, 835, 7573, 8, 341, 197, 9209, 2537, 10842, 934, 11878, 445]]","[-1.0753012895584106, -0.2739996016025543, -1.0412603616714478, -0.09074872732162476, -0.0290241576731205, -0.9011520743370056, -0.07790040224790573, -0.002451155101880431, -7.903263758635148e-05, -0.06381075829267502, -0.015258490107953548, -0.0018838769756257534, -0.027163388207554817, -2.634490556374658e-05, -2.2053474822314456e-05, -2.622600959512056e-06, -0.008618421852588654, -0.000192504478036426]",1.47569477558136,False,1.0,-3.608895263047316,-0.20049418128040644,18.0,-3.5728699275277904,-0.29773916062731587,12.0,0.173610329777117,1,11,16,16,0.6875,-2.8153568802129785,-1.130115538737131,True,11,0.6111111111111112,28.0,0.36923076923076925,13.0,1.8370088221973966
~/anvil/data/cve-targets/lua_repo_liolib.c,213,205,217,LStream *p = newprefile(L);,LStream *p = new LStream;,  LStream *p = new LStream;,1.7849401235580444,"[[220, 444, 3027, 353, 79, 284, 501, 444, 3027, 26, 151643]]","[-0.32880645990371704, -0.1429700255393982, -0.0018699555657804012, -0.009775623679161072, -0.0007913556764833629, -0.10481882095336914, -1.1562824249267578, -0.31420257687568665, -0.00047874910524114966, -0.1884257197380066, -0.11570164561271667]",4.131250381469727,False,0.0,-2.364123357576318,-0.21492030523421074,11.0,-2.2484217119636014,-0.22484217119636013,10.0,0.11053175543855301,1,15,12,12,1.25,-7.9386358620385895,-1.0575246951149886,True,10,0.9090909090909091,9.0,0.7307692307692308,6.0,2.2418543073686568
~/anvil/data/cve-targets/libxml2_repo_HTMLparser.c,2744,2727,2765,NEXT;,/* skip the,    /* skip the,1.212131142616272,"[[262, 1391, 10706, 279]]","[-0.32845425605773926, -1.5745166540145874, -2.5978586673736572, -1.1345419883728027]",3.88611102104187,False,0.0,-5.635371565818787,-1.4088428914546967,4.0,-5.635371565818787,-1.4088428914546967,4.0,0.6709217249778403,1,4,6,6,0.6666666666666666,-0.8603735377226409,-1.0640256183550183,True,2,0.5,11.0,0.0,6.0,2.011734274319746
~/anvil/data/cve-targets/lua_repo_ldo.c,371,348,395,if (hastocloseCfunc(wanted)) {  /* to-be-closed variables? */,if (nres == 0) {  /* no results? */,"      if (nres == 0) {  /* no results? */
        setnilvalue(s2v(res));  /* adjust with nil */
        L",1.7169790267944336,"[[414, 421, 320, 77, 416, 621, 220, 15, 8, 314, 220, 1391, 902, 3059, 30, 735, 286, 738, 8385, 957, 1141, 17, 85, 4590, 5905, 220, 1391, 7500, 448, 2092, 735, 286, 444]]","[-0.10685986280441284, -1.03525972366333, -0.055106159299612045, -0.27466338872909546, -0.0003409996279515326, -0.3555973470211029, -0.14549404382705688, -0.28352615237236023, -0.10754096508026123, -0.8579696416854858, -0.03289361298084259, -0.0005478549865074456, -0.3932003378868103, -0.127671480178833, -0.24609375, -0.37426435947418213, -0.009043092839419842, -1.7802023887634277, -0.12498072534799576, -0.03034200891852379, -0.07417864352464676, -9.011816291604191e-05, -0.0003535122668836266, -0.05244338884949684, -0.23652315139770508, -0.008867763914167881, -0.0002786724944598973, -1.0693095922470093, -0.05879683420062065, -0.027099231258034706, -0.060783255845308304, -0.22902972996234894, -1.1256802082061768]",8.244617462158203,False,2.0,-9.285031997816986,-0.2813646059944541,33.0,-4.406072772457264,-0.25918075132101553,17.0,0.0804751656020768,0,16,26,14,0.6153846153846154,-6.624639438087828,-1.0480205484402856,True,21,0.6363636363636364,39.0,0.47916666666666663,7.0,2.2715916128972897
~/anvil/data/cve-targets/openssl_repo_crypto_asn1_tasn_dec.c,652,638,761,"ERR_raise(ERR_LIB_ASN1, ASN1_R_ILLEGAL_NULL);","ERR_raise(ERR_LIB_ASN1, ASN1_R_NULL_VALUE);","        ERR_raise(ERR_LIB_ASN1, ASN1_R_NULL_VALUE);",0.5750535130500793,"[[286, 10165, 55383, 68174, 26207, 1566, 18966, 16, 11, 54855, 16, 2568, 18119, 7476, 1215, 151664]]","[-0.01908031292259693, -1.2567585706710815, -0.0018715023761615157, -0.02217952534556389, -4.2199197196168825e-05, -0.001209957292303443, -7.676783570786938e-05, -8.702239938429557e-06, -0.001090885023586452, -0.2912764251232147, -0.0001399419124936685, -0.0008105330052785575, -0.19189049303531647, -1.1480512619018555, -1.0126601457595825, -0.07157756388187408]",5.207639217376709,False,0.0,-4.018724787523752,-0.2511702992202345,16.0,-3.9471472236418776,-0.26314314824279184,15.0,0.20045375842623062,0,11,11,11,1.0,-2.185325807987598,-1.0294464834891615,True,15,0.9375,8.0,0.8636363636363636,1.0,2.0998722831510728
~/anvil/data/cve-targets/libtiff_repo_libtiff_tif_jbig.c,71,39,108,{,{,	{,0.0724040940403938,"[[197, 90, 151664]]","[-0.0028903395868837833, -0.0816463828086853, -0.1445164829492569]",12.43472385406494,True,0.0,-0.22905320534482598,-0.07635106844827533,3.0,-0.08453672239556909,-0.04226836119778454,2.0,0.0015506285859885672,0,2,2,2,1.0,-1.7129619410034944,-1.1637596628722504,False,1,0.3333333333333333,0.0,1.0,0.0,0.5192876883834782
~/anvil/data/cve-targets/libxml2_repo_parser.c,4712,4564,4724,"""Double hyphen within comment\n"", NULL);","""Double hyphen within comment: ""","		                      ""Double hyphen within comment: ""
                                      ""<!--%.50s\n",1.3929722309112549,"[[298, 2549, 330, 7378, 6275, 14769, 2878, 3980, 25, 6228, 8333, 4055, 2495, 14360, 20, 15, 82, 1699]]","[-0.17942968010902405, -0.07816701382398605, -0.027900507673621178, -0.3579247295856476, -0.007789710536599159, -0.000786591088399291, -0.15603050589561462, -0.007624453864991665, -0.43086591362953186, -0.7851627469062805, -0.34998610615730286, -0.17210069298744202, -0.04279674217104912, -1.2220031023025513, -0.0656026229262352, -0.0029828124679625034, -0.015362856909632683, -0.616628885269165]",2.72499942779541,False,1.0,-4.519145674305037,-0.251063648572502,18.0,-2.381667959270999,-0.21651526902463625,11.0,0.05460066928596519,1,11,8,7,1.375,-6.433598134608951,-1.0953645802600533,True,10,0.5555555555555556,10.0,0.8333333333333334,7.0,2.0242302360644544
~/anvil/data/cve-targets/libtiff_repo_libtiff_tif_dirread.c,5771,5720,5775,nstrips = (uint32_t)nstrips64;,uint32_t nstrips = (uint32_t) nstrips64;,"        uint32_t nstrips = (uint32_t) nstrips64;
        if (",0.3392238020896911,"[[286, 2622, 18, 17, 528, 308, 29872, 1690, 284, 320, 2496, 18, 17, 528, 8, 308, 29872, 1690, 21, 19, 280, 286, 421, 320]]","[-0.9923321008682251, -0.25807544589042664, -0.20260536670684814, -7.152555099310121e-07, -0.0001399419124936685, -0.020742634311318398, -0.0018756669014692307, -1.6331539882230572e-05, -0.08436289429664612, -0.13197101652622223, -0.011169643141329288, -0.0021738011855632067, -2.264974000354414e-06, -6.174850568640977e-05, -0.6702511310577393, -0.027648676186800003, -6.198863957251888e-06, -1.0013530300057027e-05, -0.00018106251081917435, -6.556489552167477e-06, -0.31866610050201416, -0.7668861150741577, -1.2359763383865356, -0.2272505909204483]",1.9347223043441768,False,1.0,-4.952412355537945,-0.20635051481408104,24.0,-3.4891854262309607,-0.15859933755595276,22.0,0.0774432982632049,1,12,15,13,0.8,-2.1388727551905142,-1.1172208145901155,True,15,0.625,10.0,0.8571428571428572,3.0,1.8125036982892684
~/anvil/data/cve-targets/libsndfile_repo_src_paf.c,155,118,206,} ;,} ;,"		} ;
	psf",0.7313770055770874,"[[197, 197, 92, 4386, 35009, 69]]","[-0.0034417223650962114, -0.01427533384412527, -0.20559585094451904, -0.5067219734191895, -0.24116644263267517, -0.0002232540718978271]",9.360416412353516,True,1.0,-0.971424577277503,-0.16190409621291715,6.0,-0.73003488057293,-0.1825087201432325,4.0,0.041503677791838806,1,4,5,4,0.8,-4.0073537582374374,-1.0776666199785647,False,2,0.3333333333333333,0.0,1.0,0.0,0.8989379784436718
~/anvil/data/cve-targets/poppler_repo_poppler_SplashOutputDev.cc,2214,2203,2320,if (t3GlyphStack->haveDx) {,if (t3GlyphStack->haveDx) {,    if (t3GlyphStack->haveDx) {,0.1969494372606277,"[[262, 421, 320, 83, 18, 82039, 4336, 405, 19016, 35, 87, 8, 314, 151664]]","[-0.011699161492288113, -0.06115864962339401, -0.07992257177829742, -0.18321774899959564, -0.0007102350937202573, -0.061628054827451706, -0.00027998341829515994, -0.09611334651708603, -0.9813205599784851, -0.00856700912117958, -0.6744945049285889, -0.20292110741138458, -0.08226098865270615, -0.0729011669754982]",6.535590648651123,True,0.0,-2.517195088817971,-0.17979964920128363,14.0,-2.4442939218424726,-0.1880226093724979,13.0,0.08178750648202343,1,13,13,13,1.0,-1.0474774173059398,-1.0041862606705958,False,12,0.8571428571428571,0.0,1.0,0.0,1.1419208848982323
~/anvil/data/cve-targets/openssl_repo_crypto_bn_bn_gf2m.c,812,790,817,"ret = BN_GF2m_mod_exp_arr(r, a, b, arr, ctx);","ret = BN_GF2m_mod_exp_arr(r, a, b, arr, max, ctx);","    ret = BN_GF2m_mod_exp_arr(r, a, b, arr, max, ctx);
    if (ret < 0)",0.3173506259918213,"[[262, 2112, 284, 45316, 79365, 17, 76, 7480, 14214, 11210, 2601, 11, 264, 11, 293, 11, 2890, 11, 1932, 11, 5635, 317, 262, 421, 320, 2122, 366, 220, 15, 8]]","[-0.09581952542066574, -0.16477887332439423, -0.004815765656530857, -0.13816770911216736, -0.01936202123761177, -2.6225699912174605e-05, -0.0006121906917542219, -0.1331951916217804, -0.010168532840907574, -0.011735332198441029, -0.03871379420161247, -0.00157803890760988, -0.058773115277290344, -0.004169580992311239, -0.010187885724008083, -0.007107687648385763, -0.35262998938560486, -0.06075363978743553, -0.16164220869541168, -0.20141196250915527, -0.030185410752892494, -0.5942070484161377, -0.3051932752132416, -0.9868257641792297, -0.35191330313682556, -0.0831819623708725, -1.3220261335372925, -0.08899660408496857, -0.01591257005929947, -0.3099680244922638]",8.162500381469727,False,1.0,-5.564059367176014,-0.1854686455725338,30.0,-2.4052350053152622,-0.10457543501370706,23.0,0.020403175667507985,0,20,33,22,0.6060606060606061,-3.0346574790745557,-1.0458712456775088,True,19,0.6333333333333333,5.0,0.9473684210526316,2.0,2.1143267190076607
~/anvil/data/cve-targets/poppler_repo_splash_SplashXPathScanner.cc,413,391,477,const int intersectionIndex = splashAASize * y + yy - yMin;,xx0 = xx;,"            xx0 = xx;
            xx1 = xx + splashAASize;
        } else {
            xx0 = xx",1.8497354984283447,"[[310, 20908, 15, 284, 20908, 280, 310, 20908, 16, 284, 20908, 488, 34632, 6029, 1695, 280, 286, 335, 770, 341, 310, 20908, 15, 284, 20908]]","[-0.008997255004942417, -0.6959893703460693, -0.38314199447631836, -0.0076177106238901615, -0.9210236668586731, -0.7329268455505371, -0.31358152627944946, -0.09457787871360779, -0.01598343253135681, -0.0002401778765488416, -0.1328979879617691, -0.22039663791656494, -0.8969184756278992, -0.006952143739908934, -0.00758908037096262, -0.75077885389328, -0.6332804560661316, -0.14325083792209625, -0.0011124381562694907, -0.07417620718479156, -0.0004478881892282516, -0.19977423548698425, -0.03944244980812073, -0.0005933669744990766, -0.7185475826263428]",6.576562881469727,False,3.0,-7.000238500186242,-0.2800095400074497,25.0,-3.06327836913988,-0.43761119559141143,7.0,0.11065897022805382,1,19,23,7,0.8260869565217391,-4.226892540828422,-1.0052153814794693,True,16,0.64,55.0,0.1470588235294118,16.0,2.4540186498270606
~/anvil/data/cve-targets/libpng_repo_png.c,2441,2368,2463,goto PNG_FP_End; /* not a part of the number */,goto PNG_FP_End; /* not a part of the number */,            goto PNG_FP_End; /* not a part of the number */,0.1389305293560028,"[[310, 7986, 41639, 70981, 49953, 26, 1391, 537, 264, 949, 315, 279, 1372, 639, 151664]]","[-0.02516733668744564, -0.006037332117557526, -0.0002847504511009902, -0.00026782741770148277, -0.00020287363440729678, -0.2550983130931854, -0.5840690732002258, -0.584257185459137, -0.09914571046829224, -0.01795748807489872, -0.0012997282901778817, -0.020474279299378395, -0.01219012588262558, -0.21184945106506348, -0.1600252240896225]",7.540971755981445,True,0.0,-1.97832669923082,-0.13188844661538798,15.0,-1.8183014751411974,-0.1298786767957998,14.0,0.040548696909055625,0,6,6,6,1.0,-1.0696946780142722,-1.0297458768980143,False,13,0.8666666666666667,0.0,1.0,0.0,0.9769777370858472
~/anvil/data/cve-targets/lua_repo_ldebug.c,780,747,794,"changedline(p, pcRel(L->oldpc, p), npci)) {","pcRel(p->code[p->sizecode - 1], p) != npci) {  /* not at the same","        pcRel(p->code[p->sizecode - 1], p) != npci) {  /* not at the same",1.333787441253662,"[[286, 13312, 6740, 1295, 405, 1851, 11407, 405, 2141, 1851, 481, 220, 16, 1125, 281, 8, 961, 2595, 5855, 8, 314, 220, 1391, 537, 518, 279, 1852]]","[-0.025771288201212883, -1.494011402130127, -0.10729524493217468, -1.1125119924545288, -0.016403580084443092, -0.7075832486152649, -0.8839413523674011, -0.024900980293750763, -0.7223225831985474, -0.26374050974845886, -0.35001230239868164, -0.004636727273464203, -0.0390922874212265, -0.10438720136880875, -0.0064244880340993404, -0.010284051299095154, -1.0930253267288208, -0.5137377977371216, -7.390948667307384e-06, -0.5615423321723938, -0.4194909334182739, -0.3272172808647156, -0.0018669809214770794, -2.256859540939331, -1.4057122468948364, -1.9719874858856201, -1.3895820379257202]",3.951562643051148,False,0.0,-15.814348594258263,-0.5857166146021578,27.0,-15.814348594258263,-0.5857166146021578,27.0,0.41387599923489315,1,23,37,37,0.6216216216216216,-2.2771890159879176,-1.0622859869498613,True,17,0.6296296296296297,51.0,0.4444444444444444,28.0,2.2510467959671177
~/anvil/data/cve-targets/poppler_repo_poppler_FileSpec.cc,121,88,122,desc = obj1.getString()->copy();,desc = obj1.getString()->copy();,"        desc = obj1.getString()->copy();
    else if (",0.195774108171463,"[[286, 6560, 284, 2839, 16, 7109, 2759, 8560, 543, 262, 770, 421, 320]]","[-0.32423481345176697, -0.056491393595933914, -0.004554493818432093, -0.03977198153734207, -0.0002544794406276196, -0.07254678755998611, -0.22321288287639618, -0.011886482127010822, -0.44465744495391846, -0.515656590461731, -0.7686673402786255, -0.9386524558067322, -0.08870581537485123]",8.494617462158203,True,1.0,-3.489292961283354,-0.2684071508679503,13.0,-1.6932673498231452,-0.16932673498231451,10.0,0.03420569572601232,1,21,24,21,0.875,-1.1561913609915813,-1.054591188730154,False,8,0.6153846153846154,0.0,1.0,0.0,1.0813447913408214
~/anvil/data/cve-targets/libtiff_repo_libtiff_tif_dir.c,248,243,249,{,goto bad,            goto bad,2.94608473777771,"[[310, 7986, 3873]]","[-0.8159420490264893, -0.5628460645675659, -0.28115156292915344]",4.531423568725586,False,0.0,-1.6599396765232086,-0.5533132255077362,3.0,-1.6599396765232086,-0.5533132255077362,3.0,0.04771224818030776,1,2,5,5,0.4,-5.324443013402214,-1.046997615408323,True,1,0.3333333333333333,8.0,0.0,4.0,2.2992585724745225
~/anvil/data/cve-targets/libtiff_repo_libtiff_tif_predict.c,261,254,304,unsigned char* cp = (unsigned char*) cp0;,uint8_t* cp = cp0;,	uint8_t* cp = cp0;,0.3217008411884308,"[[8254, 23, 528, 9, 12490, 284, 12490, 15, 26, 151643]]","[-1.2270526885986328, -0.015102799981832504, -0.001320205512456596, -0.15443630516529083, -0.1003556102514267, -0.1231055036187172, -0.32197636365890503, -0.0001311216183239594, -0.6869540810585022, -0.40938884019851685]",0.9861109852790833,False,0.0,-3.0398235196626047,-0.30398235196626044,10.0,-2.630434679464088,-0.2922705199404542,9.0,0.15130456866497013,1,21,10,10,2.1,-1.10069548325973,-1.1440326913737893,True,12,1.2,27.0,0.47457627118644063,12.0,1.831671626919348
~/anvil/data/cve-targets/libxml2_repo_xmlmemory.c,289,257,325,xmlMutexUnlock(xmlMemMutex);,#ifdef DEBUG_MEMORY,"#ifdef DEBUG_MEMORY
    xmlGenericError(xmlGenericErrorContext",0.5775371193885803,"[[5753, 12657, 30048, 198, 262, 8396, 19964, 1454, 29932, 19964, 1454, 1972]]","[-0.6440165638923645, -0.606462299823761, -0.01055822242051363, -0.45630934834480286, -0.031155597418546677, -0.4950689673423767, -0.0448208712041378, -0.0008715168805792928, -0.008817782625555992, -0.0004469349514693022, -0.0002083561266772449, -4.458328112377785e-05]",5.684028148651123,False,1.0,-2.2987810443119088,-0.1915650870259924,12.0,-1.7485020318999887,-0.3497004063799977,5.0,0.07608047065232437,1,9,6,5,1.5,-1.6515197261767165,-1.0172587808799167,True,7,0.5833333333333334,25.0,0.17021276595744683,8.0,2.114102197901763
~/anvil/data/cve-targets/openssl_repo_crypto_pkcs7_pk7_doit.c,605,587,741,return 0;,goto err;,        goto err;,1.2260112762451172,"[[286, 7986, 1848, 26, 151664]]","[-0.007808162830770016, -0.055481549352407455, -0.005547248758375645, -0.25328487157821655, -0.04489860311150551]",7.584895610809326,False,0.0,-0.3670204356312752,-0.07340408712625504,5.0,-0.32212183251976967,-0.08053045812994242,4.0,0.01034563727951069,0,5,5,5,1.0,-15.224193487970089,-1.030877258177328,True,4,0.8,7.0,0.33333333333333337,3.0,2.124679658144885
~/anvil/data/cve-targets/poppler_repo_fofi_FoFiTrueType.cc,552,492,590,"cmapLen = getU16BE(pos + 8, &ok);","cmapLen = getU16BE(pos + 8, &ok);","        cmapLen = getU16BE(pos + 8, &ok);",0.0196918807923793,"[[286, 40778, 11271, 284, 633, 52, 16, 21, 11594, 12259, 488, 220, 23, 11, 609, 562, 1215, 151664]]","[-0.006120035890489817, -0.038844868540763855, -6.758938252460212e-05, -0.0010966007830575109, -0.008029917255043983, -0.0002712835557758808, -0.015142252668738365, -0.00020430385484360158, -0.0002094287920044735, -0.0023576815146952868, -0.010225999169051647, -0.0014149664202705026, -0.16149595379829407, -0.0028263882268220186, -0.00024077377747744322, -3.433168603805825e-05, -0.05709507688879967, -0.03552398085594177]",7.2987847328186035,True,0.0,-0.34120143306063255,-0.01895563517003514,18.0,-0.3056774522046908,-0.017981026600275927,17.0,0.001518005194485771,0,19,19,19,1.0,-1.0951477482424234,-1.02352993642522,False,17,0.9444444444444444,0.0,1.0,0.0,1.1255445618853028
~/anvil/data/cve-targets/libxml2_repo_valid.c,1214,1186,1278,if (size - len < xmlStrlen(content->name) + 10) {,if (content->name == NULL) {,"	    if (content->name == NULL) {
		strcat(buf, ""#"");
		strcat(buf, (char *) content->prefix);
	    } else",0.2213260680437088,"[[2760, 421, 320, 1796, 405, 606, 621, 1770, 8, 341, 197, 51117, 10731, 11, 5869, 797, 197, 51117, 10731, 11, 320, 1762, 2586, 2213, 405, 11849, 317, 2760, 335, 770]]","[-0.2507328987121582, -0.18596811592578888, -0.100214883685112, -0.16114108264446259, -0.0006279165390878916, -0.7178372144699097, -0.7108478546142578, -0.02240953966975212, -0.2824307084083557, -0.5631877183914185, -0.4413687288761139, -0.5992997884750366, -0.0013105622492730618, -0.00398888299241662, -1.0129684209823608, -1.7948968410491943, -0.338066041469574, -0.6616923213005066, -0.0005080600967630744, -0.0012457951670512557, -0.35291263461112976, -0.02235650084912777, -0.01800760067999363, -0.1210453137755394, -0.0175473615527153, -1.6666247844696045, -0.024170607328414917, -0.6962599158287048, -0.430084764957428, -0.12941648066043854]",4.768228530883789,False,3.0,-11.32916934043169,-0.37763897801438967,30.0,-3.436766661936417,-0.31243333290331066,11.0,0.06114104746630499,1,27,51,17,0.5294117647058824,-0.708394542883819,-1.0408175710054441,True,19,0.6333333333333333,30.0,0.5714285714285714,14.0,2.1946920382378647
~/anvil/data/cve-targets/php_repo_ext_phar_zip.c,144,136,159,do {,do {,	do {,0.170816034078598,"[[19935, 314, 151664]]","[-0.1576143503189087, -0.16434788703918457, -0.09125037491321564]",2.940971851348877,True,0.0,-0.4132126122713089,-0.13773753742376962,3.0,-0.32196223735809326,-0.16098111867904663,2.0,1.133512919082591e-05,0,3,3,3,1.0,-1.0610935958220018,-1.0894663043242208,False,2,0.6666666666666666,0.0,1.0,0.0,0.7683785033217099
~/anvil/data/cve-targets/libtiff_repo_libtiff_tif_predict.c,531,376,681,},},"}
",4.311497688293457,[[532]],[-0.06149746850132942],9.731943130493164,True,1.0,-0.06149746850132942,-0.06149746850132942,1.0,-0.06149746850132942,-0.06149746850132942,1.0,0.0,0,2,2,2,1.0,-70.10853931654525,-1.0877227979824426,False,1,1.0,0.0,1.0,0.0,1.3810644345653809
~/anvil/data/cve-targets/php_repo_ext_exif_exif.c,2223,2210,2256,if ((f=image_info->info_list[section_index].list[i].name) != NULL) {,switch(image_info->info_list[section_index].list[i].format) {,"			switch(image_info->info_list[section_index].list[i].format) {
				case TAG_FMT_UNDEFINED:
				case TAG_FMT_STRING:
				case TAG",0.2000661641359329,"[[298, 8961, 10075, 3109, 405, 2733, 2019, 89397, 3560, 936, 1607, 989, 936, 2243, 8, 341, 571, 2722, 21494, 44332, 76863, 510, 571, 2722, 21494, 44332, 12283, 510, 571, 2722, 21494]]","[-0.09039822220802307, -0.4829724431037903, -0.08912429958581924, -1.168244216387393e-05, -4.8397800128441304e-05, -0.00028832571115344763, -6.568216485902667e-05, -4.005352093372494e-05, -7.390948667307384e-06, -0.00011503035057103261, -0.0025403392501175404, -0.0002783149539027363, -0.0002867764269467443, -0.15700584650039673, -0.00396762927994132, -0.07166067510843277, -0.014942740090191364, -0.01024369802325964, -0.0022103183437138796, -0.001016695867292583, -0.3141595721244812, -0.005995621904730797, -0.05005418509244919, -0.02144552767276764, -0.00011944057769142091, -9.011816291604191e-05, -0.06850338727235794, -0.0046008918434381485, -0.06307211518287659, -0.03459245711565018, -7.211902266135439e-05]",4.951562881469727,False,3.0,-1.4899299976523253,-0.04806225798878468,31.0,-0.9137538494460387,-0.05375022643800227,17.0,0.013546748084187363,0,39,36,29,1.0833333333333333,-3.7221455125718856,-1.0360580463056126,True,20,0.6451612903225806,20.0,0.7906976744186046,13.0,2.342165949632468
~/anvil/data/cve-targets/libtiff_repo_libtiff_tif_predict.c,319,311,328,tmsize_t wc = cc / 2;,tmsize_t wc = cc;,"	tmsize_t wc = cc;
",0.6850163340568542,"[[3244, 1011, 551, 528, 26548, 284, 12527, 280, 151664]]","[-1.2222671508789062, -0.006086860317736864, -4.887569048150908e-06, -5.4238757002167404e-05, -0.019669832661747932, -0.0660838931798935, -0.393357515335083, -0.8420469760894775, -0.7968952059745789]",0.8236110806465149,False,1.0,-3.3464665607634743,-0.37182961786260826,9.0,-2.5495713547888954,-0.3186964193486119,8.0,0.1937452509217079,1,11,8,8,1.375,-2.14943216323851,-1.1486897747449585,True,11,1.2222222222222223,4.0,0.8947368421052632,3.0,1.758351960668738
~/anvil/data/cve-targets/sqlite3_repo_src_select.c,1067,942,1302,#endif,,   ,5.217280864715576,[[262]],[-0.5922808647155762],5.71336841583252,False,0.0,-0.5922808647155762,-0.5922808647155762,1.0,-0.5922808647155762,-0.5922808647155762,1.0,0.0,0,2,-1,-1,-2.0,-8.808795244838793,-1.016512888361341,True,1,1.0,6.0,0.0,2.0,2.7301953266832992
~/anvil/data/cve-targets/libsndfile_repo_src_ulaw.c,811,804,816,if (ptr [i] >= 0),if (ptr [i] >= 0),		if (ptr [i] >= 0),0.1284722089767456,"[[197, 743, 320, 3505, 508, 72, 60, 2604, 220, 15, 8, 151664]]","[-0.017053864896297455, -0.01844281516969204, -0.09376687556505203, -0.04431579262018204, -0.004535506945103407, -0.0006605588714592159, -0.0017143089789897203, -0.8761966228485107, -0.010074243880808353, -0.01013041753321886, -0.10926744341850281, -0.049939658492803574]",5.371702194213867,True,0.0,-1.2360981092206202,-0.10300817576838502,12.0,-1.1861584507278167,-0.10783258642980152,11.0,0.06030622839623549,1,17,17,17,1.0,-1.1914043169165787,-1.0252327794423646,False,10,0.8333333333333334,0.0,1.0,0.0,1.1139625400707316
~/anvil/data/cve-targets/sqlite3_repo_src_sqliteInt.h,3863,3708,4013,# define SQLITE_CORRUPT_PGNO(P) sqlite3CorruptError(__LINE__),# define SQLITE_CORRUPT_PGNO(P) SQLITE_CORRUPT,"# define SQLITE_CORRUPT_PGNO(P) SQLITE_CORRUPT
#endif
/*
** The SQLITE_NOTUSED macro is used to",0.4673832356929779,"[[2, 6979, 55252, 47696, 36003, 2828, 85644, 8996, 5304, 8, 55252, 47696, 36003, 2828, 198, 2663, 198, 3284, 334, 576, 55252, 9169, 15796, 18072, 374, 1483, 311]]","[-0.26252827048301697, -0.012716514989733696, -0.005214186850935221, -0.004759411793202162, -1.2755313036905136e-05, -2.3364747903542593e-05, -0.018226636573672295, -5.686121585313231e-05, -0.021338526159524918, -0.048044610768556595, -0.6186339855194092, -0.08389132469892502, -1.4305104514278355e-06, -5.721882189391181e-05, -0.02827257104218006, -0.12496442347764969, -0.09360948204994202, -0.9585011005401611, -0.0018886362668126822, -1.2375668287277222, -1.2217426300048828, -3.11912202835083, -0.6495086550712585, -0.27983734011650085, -0.45031750202178955, -0.5423232913017273, -0.4870108366012573]",6.052951335906982,False,3.0,-10.27017042401883,-0.38037668237106775,27.0,-1.103777669488295,-0.07358517796588633,15.0,0.025436793436750496,0,9,22,9,0.4090909090909091,-6.351594826741523,-1.0079196560363366,True,18,0.6666666666666666,27.0,0.6728971962616823,1.0,2.1256748721105674
