file,masked_line_no,cntx_start,cntx_end,masked_line,prediction,whole_prediction,loss,generated_tokens,log_prob_scores,first_token_var,exact_match,num_generated_lines,log_seq_prob,normalized_seq_prob,generated_token_length,log_seq_prob_first_line,normalized_log_seq_prob_first_line,first_line_length,seq_prob_first_line_var,vul_label,mask_ast_complexity,pred_ast_complexity,first_line_pred_ast_complexity,mask_pred_ast_ratio,loss_to_pred_ratio,scaled_first_token_var,neg_exact_match,masked_line_token_length,length_ratio,lev_dist,lev_ratio,ast_dist,new_score
~/anvil/data/cve-targets/openssl_repo_ssl_record_rec_layer_s3.c,798,589,1025,|| (eivlen > 0,```c,"```c
                    && !WPACKET_allocate_bytes(thispkt",1.951171875,"[[73594, 66, 198, 503, 1009, 753, 54, 17279, 1348, 77078, 12524, 1394, 46775]]","[-0.03544332832098007, -7.986990567587782e-06, -3.576278118089249e-07, -0.8895238637924194, -0.43925535678863525, -0.0001294529065489769, -1.549708758830093e-05, -1.1205610462639015e-05, -1.4305104514278355e-06, -0.012684734538197517, -5.722029527532868e-06, -7.152555099310121e-07, -1.0847986231965479e-05]",5.350485801696777,False,1.0,-1.3770904994449324,-0.10593003841884095,13.0,-0.9249755367317789,-0.23124388418294473,4.0,0.1446534994886307,0,7,7,2,1.0,-8.437723150577954,-1.146139966832048,True,8,0.6153846153846154,14.0,0.0,6.0,1.9838019850712525
~/anvil/data/cve-targets/php_repo_ext_phar_phar.c,1513,1391,1530,},```c,"```c
	",7.875,"[[73594, 66, 198, 197]]","[-0.19004663825035095, -1.1920928244535389e-07, -2.50339189733495e-06, -1.1539065837860107]",17.82717514038086,False,1.0,-1.3439558446375415,-0.33598896115938537,4.0,-1.3439558446375415,-0.33598896115938537,4.0,0.22901595018434773,0,2,2,2,1.0,-23.43827003371186,-1.1918628312011967,True,1,0.25,4.0,0.0,2.0,2.0428363647285392
~/anvil/data/cve-targets/php_repo_ext_phar_util.c,254,206,284,return ret;,```c,"```c
return ret;
",0.10601806640625,"[[73594, 66, 198, 689, 2112, 280]]","[-0.6910828351974487, -1.3947389561508317e-05, -9.059865078597795e-06, -0.20514696836471558, -0.5553792119026184, 0.0]",7.644656658172607,False,2.0,-1.4516320227194228,-0.24193867045323714,6.0,-0.6911058424520888,-0.2303686141506963,3.0,0.10612879674133925,0,5,6,2,0.8333333333333334,-0.46021054906766934,-1.0822535359214107,True,3,0.5,11.0,0.0,4.0,1.9672172363482259
~/anvil/data/cve-targets/sqlite3_repo_src_whereexpr.c,1369,985,1371,*/,```c,"```c
",27.125,"[[73594, 66, 198]]","[-0.010282753966748714, -1.6689286894688848e-06, -7.510157047363464e-06]",16.83147430419922,False,1.0,-0.010291933052485547,-0.0034306443508285156,3.0,-0.010291933052485547,-0.0034306443508285156,3.0,2.347570878095115e-05,1,3,2,2,1.5,-7906.6779374694415,-1.162560577293375,True,1,0.3333333333333333,4.0,0.0,2.0,2.5819819701401854
~/anvil/data/cve-targets/libtiff_repo_libtiff_tif_predict.c,343,335,352,tmsize_t wc = cc / 4;,uint32_t* wp_end = wp + cc / 4;,uint32_t* wp_end = wp + cc / 4;,0.1405029296875,"[[2496, 18, 17, 528, 9, 12609, 6213, 284, 12609, 488, 12527, 608, 220, 19, 26, 151645]]","[-0.7688786387443542, -1.311301275563892e-06, 0.0, -1.1920928244535389e-07, -0.157383993268013, -0.25222402811050415, -0.04847399517893791, 0.0, -0.0025274972431361675, 0.0, -0.22220279276371002, -0.0027192779816687107, -0.023042185232043266, 0.0, -0.20833063125610352, -0.08405496925115585]",4.705627918243408,False,0.0,-1.7698394395401849,-0.11061496497126155,16.0,-1.685784470289029,-0.153253133662639,11.0,0.039051551803335006,1,11,16,16,0.6875,-0.9168029803344417,-1.1647671467752103,True,11,0.6875,17.0,0.5769230769230769,7.0,1.966112948116504
~/anvil/data/cve-targets/libtiff_repo_libtiff_tif_pixarlog.c,877,866,919,: LogK1*log(v*LogK2) + 0.5 ),"REPEAT(stride, r2 = wp[0] = (uint16_t) CLAMP(ip[0]); wp++;","REPEAT(stride, r2 = wp[0] = (uint16_t) CLAMP(ip[0]); wp++;",4.30078125,"[[787, 47017, 4199, 577, 11, 435, 17, 284, 12609, 58, 15, 60, 284, 320, 2496, 16, 21, 528, 8, 6976, 16024, 23443, 58, 15, 14979, 12609, 19581]]","[-0.16241176426410675, -1.7165990357170813e-05, -0.003077772678807378, -2.3841855067985307e-07, -2.3841855067985307e-07, -0.3185190260410309, -0.0006416169344447553, -1.1920928244535389e-07, -0.38896241784095764, -0.00011729506513802335, 0.0, -7.510157047363464e-06, -1.1920928244535389e-07, 0.0, -9.536738616588991e-07, 0.0, 0.0, 0.0, 0.0, -0.0003868784988299012, -2.3483953555114567e-05, -1.3947389561508317e-05, 0.0, 0.0, -6.985420623095706e-05, -0.01169845461845398, -1.5735502529423684e-05]",11.206964492797852,False,0.0,-0.8859645920705788,-0.032813503410021434,27.0,-0.8859645920705788,-0.04662971537213573,19.0,0.009266630344704062,0,18,42,42,0.42857142857142855,-92.2326292510461,-1.0100625113224366,True,17,0.6296296296296297,52.0,0.16279069767441856,38.0,2.2859284379242326
~/anvil/data/cve-targets/sqlite3_repo_src_build.c,2315,2288,2556,if( db->init.busy ){,```c,"```c
  if( pEnd && pEnd->z",0.9287109375,"[[73594, 66, 198, 220, 421, 7, 281, 3727, 1009, 281, 3727, 405, 89]]","[-0.003240930614992976, -5.245195097813848e-06, -1.0728830375228426e-06, -0.03623059019446373, -0.5122655630111694, -7.152555099310121e-07, -0.09035291522741318, -0.7733350396156311, -0.827355682849884, -0.006945751141756773, -0.5867053270339966, -0.007658288348466158, -9.858122211880982e-05]",15.111892700195312,False,1.0,-2.844195702593538,-0.21878428481488754,13.0,-0.03947783888759204,-0.00986945972189801,4.0,0.00023338359623621278,1,16,11,2,1.4545454545454546,-94.09947085952524,-1.1136416671516707,True,8,0.6153846153846154,20.0,0.0,15.0,2.087008919073681
~/anvil/data/cve-targets/php_repo_ext_exif_exif.c,3659,3617,3700,if (pos+length>=ImageInfo->Thumbnail.size) {,pos += length;,pos += length;,1.5634765625,"[[966, 1421, 3084, 26, 151645]]","[-0.21350924670696259, -5.364403477869928e-06, -0.002743292599916458, -0.00030155404238030314, -2.038458114839159e-05]",6.737086296081543,False,0.0,-0.2165798423338856,-0.04331596846677712,5.0,-0.21655945775273722,-0.054139864438184304,4.0,0.008467328840435195,1,22,7,7,3.142857142857143,-28.87847205980988,-1.1070897590383084,True,13,2.6,37.0,0.3448275862068966,19.0,2.1773454918903723
~/anvil/data/cve-targets/poppler_repo_poppler_GfxState.cc,519,511,523,*out++ = 0;,*out++ = 0;,        *out++ = 0;,0.058074951171875,"[[286, 353, 411, 1027, 284, 220, 15, 26, 151645]]","[-0.003469521179795265, 0.0, -2.3841855067985307e-07, 0.0, 0.0, -4.970903682988137e-05, -0.36089128255844116, -0.0001003691868390888, -0.0001062098381225951]",17.398496627807617,True,0.0,-0.3646173302185787,-0.040513036690953186,9.0,-0.3645111203804561,-0.07290222407609122,5.0,0.0142057529173482,0,11,11,11,1.0,-0.7966142584519733,-1.1791578823916056,False,6,0.6666666666666666,0.0,1.0,0.0,0.9517188179695044
~/anvil/data/cve-targets/libsndfile_repo_src_common.c,598,470,684,"header_put_le_int (psf, size) ;","header_put_le_int (psf, size) ;","header_put_le_int (psf, size) ;",0.143310546875,"[[2708, 15557, 11751, 4042, 320, 1690, 69, 11, 1379, 8, 2587, 151645]]","[-0.024897143244743347, -1.2040065485052764e-05, -9.417489309271332e-06, -1.311301275563892e-06, 0.0, -4.768370445162873e-07, 0.0, 0.0, -5.483612312673358e-06, -1.1801649634435307e-05, -0.0029786527156829834, -1.4781842764932662e-05]",9.24276065826416,True,0.0,-0.027931108758252776,-0.0023275923965210645,12.0,-0.027916326915487844,-0.0034895408644359804,8.0,5.0717557001866304e-05,1,11,11,11,1.0,-41.06859682761259,-1.0398670563264933,False,11,0.9166666666666666,0.0,1.0,0.0,1.0724276058607523
~/anvil/data/cve-targets/libxml2_repo_valid.c,540,530,558,switch (state->cont->type) {,```c,"```c
	xmlGenericError(xmlGenericErrorContext, ""%s",1.71875,"[[73594, 66, 198, 48460, 19964, 1454, 29932, 19964, 1454, 1972, 11, 5962, 82]]","[-0.5493937730789185, -2.3841855067985307e-07, -2.3841855067985307e-07, -0.6802882552146912, -5.328513361746445e-05, -2.3841855067985307e-07, -0.00018010901112575084, -9.417090768693015e-05, -1.1920922133867862e-06, -1.1920928244535389e-07, 0.0, -0.04416068270802498, -0.2018691599369049]",6.172236919403076,False,1.0,-1.4760414625481175,-0.11354165096523981,13.0,-0.5493942499160198,-0.18313141663867327,3.0,0.06707405687258061,0,16,8,2,2.0,-9.385336669956379,-1.122834136437958,True,9,0.6923076923076923,27.0,0.0625,15.0,2.099827465194719
~/anvil/data/cve-targets/poppler_repo_poppler_FileSpec.cc,237,195,266,name->del(0);,```cpp,"```cpp
            i = 2;
```",3.025390625,"[[73594, 10821, 198, 310, 600, 284, 220, 17, 280, 73594]]","[-0.041672807186841965, -7.033323527139146e-06, -1.0728830375228426e-06, -0.01306038349866867, -2.610649426060263e-05, -7.152531907195225e-06, 0.0, -0.0022272085770964622, -1.1920928244535389e-07, -1.549708758830093e-05]",21.44862937927246,False,2.0,-0.057017380792210304,-0.00570173807922103,10.0,-0.0547412968920753,-0.013685324223018824,4.0,0.0002895110325565347,0,12,8,2,1.5,-221.06824622476017,-1.304805312078078,True,6,0.6,13.0,0.0,11.0,1.9337189999384716
~/anvil/data/cve-targets/php_repo_ext_exif_exif.c,1917,1911,1921,if ((offset + length) > (info->valid_end - info->valid_start)) {,if (offset + length > info->valid_end || offset < info->valid_start) {,	if (offset + length > info->valid_end || offset < info->valid_start) {,1.052734375,"[[743, 320, 3176, 488, 3084, 861, 3546, 405, 1891, 6213, 1369, 4347, 366, 3546, 405, 1891, 4906, 8, 314, 151645]]","[-6.5205356804654e-05, -0.0007563352701254189, -0.001988816075026989, -0.03899724781513214, -7.152555099310121e-07, -3.6954811548639555e-06, -4.768360213347478e-06, 0.0, -8.129743218887597e-05, -9.381330892210826e-05, -0.11495691537857056, -0.00015066919149830937, 0.0, -0.00027092601521871984, 0.0, -1.4305104514278355e-06, -1.1920928244535389e-07, -1.9073468138230965e-06, -0.002677548211067915, -9.464769391342998e-05]",22.66785430908203,False,0.0,-0.16014605791189496,-0.008007302895594749,20.0,-0.16005141021798153,-0.010003213138623845,16.0,0.0007052345167134741,1,31,28,28,1.1071428571428572,-105.23962255040244,-1.3451889234797911,True,19,0.95,15.0,0.8805970149253731,12.0,2.0637467562651723
~/anvil/data/cve-targets/openssl_repo_crypto_pkcs7_pk7_doit.c,75,45,86,if (*pbio == NULL),```c,"```c
    *pbio = btmp;
```",0.85107421875,"[[73594, 66, 198, 262, 353, 16650, 815, 284, 293, 5173, 280, 73594]]","[-0.12240517884492874, 0.0, -8.106198947643861e-06, -0.011702224612236023, -0.46829378604888916, -7.152555099310121e-07, 0.0, 0.0, -5.960462772236497e-07, -8.344646857949556e-07, 0.0, -0.031217070296406746]",11.126172065734863,False,2.0,-0.6336285117678813,-0.05280237598065677,12.0,-0.1341155096561124,-0.0447051698853708,3.0,0.002655806863016245,0,15,10,2,1.5,-19.037489868224462,-1.0080244352348642,True,7,0.5833333333333334,18.0,0.0,14.0,2.163456337281532
~/anvil/data/cve-targets/lua_repo_lvm.c,884,783,922,}},pc++;,        pc++;,7.6015625,"[[286, 13312, 19581]]","[-0.1887955218553543, -0.6793503165245056, -0.0017802356742322445]",5.588768482208252,False,0.0,-0.8699260740540922,-0.2899753580180307,3.0,-0.8699260740540922,-0.2899753580180307,3.0,0.08163554870019403,0,3,6,6,0.5,-26.21451199148906,-1.139332630254466,True,1,0.3333333333333333,5.0,0.0,5.0,2.091739878847022
~/anvil/data/cve-targets/libxml2_repo_xmlregexp.c,4854,4774,4859,} else {,```c,"```c
    if (",5.65625,"[[73594, 66, 198, 262, 421, 320]]","[-0.10809032618999481, 0.0, -3.576278118089249e-07, -0.47265708446502686, -0.2618575394153595, -4.887569048150908e-06]",8.596712112426758,False,1.0,-0.8426101952672411,-0.14043503254454018,6.0,-0.5807477682828335,-0.19358258942761117,3.0,0.0376928113798985,1,4,4,2,1.0,-29.218795020381286,-1.056798535220135,True,3,0.5,8.0,0.0,3.0,2.1224915458229145
~/anvil/data/cve-targets/libxml2_repo_HTMLparser.c,2762,2727,2765,NEXT;,```c,"```c
   ",1.591796875,"[[73594, 66, 198, 262]]","[-0.00852753221988678, 0.0, -1.0728830375228426e-06, -0.27341753244400024]",10.436841011047363,False,1.0,-0.28194613754692455,-0.07048653438673114,4.0,-0.28194613754692455,-0.09398204584897485,3.0,0.013739114933817721,1,4,2,2,2.0,-16.937244349393605,-1.0092836943297705,True,2,0.5,5.0,0.0,3.0,2.056734689128908
~/anvil/data/cve-targets/libpng_repo_pngrutil.c,2626,2602,2642,size_t row_factor = (png_uint_32)row_factor_l;,size_t row_factor = row_factor_l;,size_t row_factor = row_factor_l;,1.1162109375,"[[2141, 528, 2802, 18588, 284, 2802, 18588, 907, 26, 151645]]","[-0.38705065846443176, 0.0, -1.9073468138230965e-06, -1.680836794548668e-05, -0.0010609956225380301, -0.0001971527235582471, -8.4638240878121e-06, 0.0, -0.00019739109848160297, -0.00010013079008786008]",5.915915966033936,False,0.0,-0.3886335082379446,-0.03886335082379446,10.0,-0.38853337744785676,-0.05550476820683668,7.0,0.014781809378842612,1,13,8,8,1.625,-20.110181044995574,-1.130052387006885,True,15,1.5,13.0,0.8354430379746836,5.0,2.04385684042156
~/anvil/data/cve-targets/lua_repo_ldebug.c,784,747,794,L->oldpc = pc;,```c,"```c
  L->oldpc = pc; ",0.0050125122070312,"[[73594, 66, 198, 220, 444, 405, 813, 3992, 284, 13312, 26, 220]]","[-0.27919822931289673, -5.6265202147187665e-05, -1.1920922133867862e-06, -0.015841230750083923, -0.029182210564613342, 0.0, -3.3378546504536644e-06, 0.0, 0.0, -0.05400637164711952, -0.009404170326888561, -1.1920928244535389e-07]",13.225852966308594,False,1.0,-0.38769312695989555,-0.032307760579991296,12.0,-0.2950969173573412,-0.0737742293393353,4.0,0.01410801283796924,1,10,10,2,1.0,-0.06794394535760476,-1.0623510600076462,True,7,0.5833333333333334,13.0,0.11111111111111116,9.0,2.038326158601998
~/anvil/data/cve-targets/sqlite3_repo_src_printf.c,522,385,861,idx = precision;,```c,"```c
    if( xtype",4.875,"[[73594, 66, 198, 262, 421, 7, 60614]]","[-0.27940019965171814, -5.960446742392378e-06, -3.2186455882765586e-06, -0.5910599827766418, -0.18488071858882904, -4.887569048150908e-06, -0.807520866394043]",7.205719947814941,False,1.0,-1.8628758340726108,-0.2661251191532301,7.0,-0.8704693615206907,-0.21761734038017266,4.0,0.05949678687866775,1,7,5,2,1.4,-22.401707471856255,-1.0941949553563948,True,4,0.5714285714285714,15.0,0.09999999999999998,6.0,2.10436450677059
~/anvil/data/cve-targets/php_repo_ext_exif_exif.c,3630,3617,3700,if (!data) {,```c,"```c
	if (!ImageInfo",3.626953125,"[[73594, 66, 198, 743, 1505, 1906, 1731]]","[-0.02231546677649021, -0.0004801789182238281, -3.3378546504536644e-06, -0.17166483402252197, -0.07034409046173096, -0.48313814401626587, 0.0]",4.897743701934815,False,1.0,-0.7479460520498833,-0.10684943600712618,7.0,-0.022798983549364493,-0.007599661183121498,3.0,0.00010831536336422926,1,12,7,2,1.7142857142857142,-477.25195079160875,-1.1591863057683762,True,5,0.7142857142857143,12.0,0.0,11.0,2.0732983276245207
~/anvil/data/cve-targets/openssl_repo_crypto_mdc2_mdc2dgst.c,45,36,69,if (i + len < MDC2_BLOCK) {,```c,"```c
        /* partial block */
        memcpy(&(c->data[i]), in, len",0.68310546875,"[[73594, 66, 198, 286, 1391, 7130, 2504, 735, 286, 19797, 29089, 66, 405, 691, 989, 9719, 304, 11, 2422]]","[-0.015732690691947937, -1.5497195136049413e-06, -9.536738616588991e-07, -0.5754244923591614, -0.7363216876983643, -0.43792590498924255, -1.1920928244535389e-07, -0.0001802282058633864, -1.6689286894688848e-06, -0.045972928404808044, -5.447716102935374e-05, 0.0, 0.0, 0.0, -5.364403477869928e-06, -7.152555099310121e-07, 0.0, 0.0, -3.421248038648628e-05]",11.375093460083008,False,2.0,-1.8116569931811384,-0.09535036806216518,19.0,-0.5911596864444846,-0.14778992161112114,4.0,0.060998355061808215,1,16,23,2,0.6956521739130435,-4.622138379283074,-1.0143169654440605,True,12,0.631578947368421,27.0,0.0,15.0,2.1650797266927135
~/anvil/data/cve-targets/sqlite3_repo_src_vdbe.c,639,484,789,** Execute as much of a VDBE program as we can.,```c,"```c
      if( (opProperty & OPFLG_JUMP)!=0 ){
        assert( p",3.484375,"[[73594, 66, 198, 414, 421, 7, 320, 453, 3052, 609, 13134, 6126, 38, 88730, 35200, 15, 10959, 286, 2060, 7, 281]]","[-0.037423815578222275, -2.3245540432981215e-05, -8.344646857949556e-07, -0.10123983025550842, -0.0787762701511383, -1.9073468138230965e-06, -0.10921229422092438, -0.00042083943844772875, -4.172316494077677e-06, -2.145764938177308e-06, -0.0011448265286162496, -2.50339189733495e-06, 0.0, -0.9611144661903381, -0.0014841266674920917, 0.0, -3.5523738915799186e-05, -2.3841855067985307e-07, -0.00048315772437490523, -1.2397689715726301e-05, -0.0024502037558704615]",13.519641876220703,False,2.0,-1.2938327991833773,-0.06161108567539892,21.0,-0.13868772583884947,-0.03467193145971237,4.0,0.0017103686047651157,0,14,21,2,0.6666666666666666,-100.49555514519656,-1.0701824585243163,True,14,0.6666666666666666,46.0,0.039215686274509776,14.0,2.168008708487152
~/anvil/data/cve-targets/libtiff_repo_libtiff_tif_predict.c,49,-106,199,PredictorSetup(TIFF* tif),tif->tif_encoderow = PredictorEncodeRow;,"                    tif->tif_encoderow = PredictorEncodeRow;
                   ",4.48046875,"[[503, 259, 333, 405, 84340, 39068, 363, 284, 60418, 32535, 3102, 280, 503]]","[-0.4797731637954712, -7.152555099310121e-07, 0.0, 0.0, -3.576278118089249e-07, -1.7762025890988298e-05, 0.0, 0.0, -4.8040190449682996e-05, -2.8490614567999728e-05, 0.0, -0.008777014911174774, -2.3841855067985307e-07]",16.839452743530273,False,1.0,-0.48864578283942706,-0.037588137141494386,13.0,-0.48864578283942706,-0.06108072285492838,8.0,0.016299387955834355,0,11,10,10,1.1,-73.35323716848396,-1.1627924858968304,True,9,0.6923076923076923,36.0,0.3076923076923077,13.0,2.0811631563826527
~/anvil/data/cve-targets/libxml2_repo_parser.c,12664,12587,12769,xmlFree((xmlChar *) ctxt->encoding);,ctxt->encoding = xmlStrdup((const xmlChar *) doc->encoding,        ctxt->encoding = xmlStrdup((const xmlChar *) doc->encoding,0.716796875,"[[286, 59162, 405, 17159, 284, 8396, 2580, 21912, 1188, 1024, 8396, 4768, 2586, 4629, 405, 17159]]","[-0.33441781997680664, -0.0381166934967041, 0.0, -0.0007911174325272441, 0.0, -0.0003718638326972723, -4.2199197196168825e-05, -0.00020776021119672805, -4.8874615458771586e-05, -3.814689989667386e-06, -3.576278118089249e-07, -2.861018856492592e-06, -3.576278118089249e-07, -7.152555099310121e-07, 0.0, -2.6464111215318553e-05]",8.806612014770508,False,0.0,-0.37403089909378195,-0.023376931193361372,16.0,-0.37403089909378195,-0.028771607622598613,13.0,0.006534079891001045,0,19,21,21,0.9047619047619048,-24.91334111052568,-1.051267512193511,True,10,0.625,34.0,0.5957446808510638,14.0,2.1686202185139756
~/anvil/data/cve-targets/php_repo_ext_phar_phar.c,2299,2285,2321,"written = php_stream_write(newfile, ZSTR_VAL(newstub), phar->halt_offset);",```c,"```c
if (closeoldfile) {
	php_stream_close(oldfile);
}
```",0.60400390625,"[[73594, 66, 198, 333, 320, 5552, 813, 1192, 8, 341, 197, 1208, 12673, 12704, 21972, 1192, 317, 532, 73594, 151645]]","[-0.5927793979644775, -1.2040065485052764e-05, -4.0531076592742465e-06, -0.7264788150787354, -4.4225667807040736e-05, -0.4364062249660492, -1.1920928244535389e-07, 0.0, -2.861018856492592e-06, -2.3841855067985307e-07, -0.6096590757369995, -7.152555099310121e-07, -1.5020257706055418e-05, -0.0002090712368953973, -4.291525328881107e-06, 0.0, 0.0, -1.311301275563892e-06, -0.1497022956609726, -4.446407547220588e-05]",11.582088470458984,False,4.0,-2.515364220547063,-0.12576821102735317,20.0,-0.5927954911376219,-0.19759849704587396,3.0,0.0780839722360515,0,24,21,2,1.1428571428571428,-3.0567231799833783,-1.0195795340377325,True,20,1.0,74.0,0.0,23.0,2.249446095394655
~/anvil/data/cve-targets/poppler_repo_poppler_Stream.cc,1341,1334,1352,return pred->lookChar();,return pred;,return pred;,0.5859375,"[[689, 4162, 26, 151645]]","[-0.0020154656376689672, -0.3383321166038513, -0.5523682832717896, -5.352353764465079e-05]",18.83156013488769,False,0.0,-0.8927693890509545,-0.22319234726273862,4.0,-0.8927158655133098,-0.2975719551711033,3.0,0.05131206602631444,0,12,5,5,2.4,-1.9690615658424098,-1.2221689551820074,True,6,1.5,12.0,0.6666666666666667,7.0,1.9402858516655004
~/anvil/data/cve-targets/libtiff_repo_libtiff_tif_predict.c,40,-115,190,"static int swabHorDiff16(TIFF* tif, uint8_t* cp0, tmsize_t cc);",case 32: sp->encodepfunc = horDiff32; break;,"case 32: sp->encodepfunc = horDiff32; break;
		}
		/*
		 * Override default encoding method with one that does the
		 * predictor stuff",0.85595703125,"[[5638, 220, 18, 17, 25, 978, 405, 6180, 79, 2830, 284, 4812, 21751, 18, 17, 26, 1438, 280, 197, 197, 532, 197, 197, 3284, 298, 353, 38258, 1638, 11170, 1714, 448, 825, 429, 1558, 279, 198, 298, 353, 61154, 6259]]","[-0.004305141977965832, 0.0, -1.1920928244535389e-07, 0.0, 0.0, -2.7418097943154862e-06, 0.0, -1.1920922133867862e-06, 0.0, 0.0, 0.0, -4.768370445162873e-07, -1.0132738680113107e-05, 0.0, 0.0, 0.0, -2.9802276912960224e-06, -0.12774555385112762, -0.012748646549880505, -2.0503786799963564e-05, -0.0002195594133809209, -7.152555099310121e-07, -0.013349791057407856, -4.172316494077677e-06, -1.2874520507466514e-05, 0.0, -0.00016485285595990717, -0.00013505500101018697, -0.0018636492313817143, -0.0007338214782066643, -1.4305104514278355e-06, -1.9073304429184645e-05, -4.768370445162873e-07, -1.9550132492440753e-05, -2.3841830625315197e-06, 0.0, -2.0146166207268834e-05, 0.0, -4.172316494077677e-06, -1.4185804502631072e-05]",13.39093780517578,False,4.0,-0.1614033994650228,-0.00403508498662557,40.0,-0.14483748908048,-0.014483748908047999,10.0,0.0007725547197009138,0,26,36,17,0.7222222222222222,-59.09775408867944,-1.066744571386898,True,27,0.675,54.0,0.2429906542056075,27.0,2.2386359298043033
~/anvil/data/cve-targets/lua_repo_ldebug.c,780,747,794,"changedline(p, pcRel(L->oldpc, p), npci)) {","(luaG_checkopenop(p, npci) || pc <= L->oldpc) ||","        (luaG_checkopenop(p, npci) || pc <= L->oldpc) ||",1.537109375,"[[286, 320, 27623, 38, 7200, 2508, 453, 1295, 11, 2595, 5855, 8, 1369, 13312, 2651, 444, 405, 813, 3992, 8, 1369, 151645]]","[-0.008144145831465721, -0.7143372893333435, -0.17845532298088074, -0.00252832961268723, -0.33434489369392395, -0.32735365629196167, -0.15076954662799835, -0.0044206278398633, -0.0005329619161784649, -0.04785212501883507, -8.344646857949556e-07, -0.3408519923686981, -0.04216630384325981, -0.07489486038684845, -0.39532536268234253, -0.015394434332847595, 0.0, -1.811964830267243e-05, 0.0, -0.000436925794929266, -0.5699703693389893, -0.012062461115419865]",13.590994834899902,False,0.0,-3.2198605631234614,-0.1463572983237937,22.0,-3.2077981020080415,-0.16883147905305482,19.0,0.04291138911645291,1,23,22,22,1.0454545454545454,-9.104400338262556,-1.0720931793309942,True,17,0.7727272727272727,38.0,0.43956043956043955,21.0,2.21778880737609
~/anvil/data/cve-targets/poppler_repo_poppler_GfxState.cc,4327,4304,4344,return false;,```cpp,"```cpp
            return false",0.11590576171875,"[[73594, 10821, 198, 310, 470, 895]]","[-0.9743466377258301, -2.3841855067985307e-07, -2.3841855067985307e-07, -0.016515685245394707, -0.37930646538734436, -4.768370445162873e-07]",2.249023675918579,False,1.0,-1.370169742032715,-0.22836162367211918,6.0,-0.9908627998083261,-0.24771569995208154,4.0,0.17604296657396748,0,5,4,2,1.25,-0.4678983275632952,-1.2385437559107586,True,3,0.5,13.0,0.0,4.0,1.8345334406265899
~/anvil/data/cve-targets/libtiff_repo_libtiff_tif_print.c,518,208,627,for (i = 1; i < td->td_samplesperpixel; i++),```c,"```c
for (i = 1; i < td->td_samplesperpixel; i++)
```",0.327392578125,"[[73594, 66, 198, 1958, 320, 72, 284, 220, 16, 26, 600, 366, 17941, 405, 1296, 18297, 712, 29684, 26, 600, 3485, 73594, 151645]]","[-0.025727488100528717, -6.794906312279636e-06, -2.7418097943154862e-06, -1.0027257204055786, -8.49926145747304e-05, -0.0002493547508493066, 0.0, 0.0, -0.000604565953835845, 0.0, 0.0, -0.00020168177434243262, -0.08510667830705643, 0.0, -2.3841830625315197e-06, -0.0011411352315917611, -1.7881377516459906e-06, -3.302042750874534e-05, -4.768370445162873e-07, -2.3841855067985307e-07, -0.016809837892651558, -0.36160358786582947, -5.6980417866725475e-05]",8.28235149383545,False,2.0,-1.4943594680347303,-0.0649721507841187,23.0,-0.025737024816635312,-0.008579008272211771,3.0,0.00014703518294902846,1,23,28,2,0.8214285714285714,-38.162054136893175,-1.0651366530336772,True,18,0.782608695652174,44.0,0.0,22.0,2.1921053341614556
~/anvil/data/cve-targets/php_repo_ext_standard_http_fopen_wrapper.c,695,634,719,) {,```c,"```c
if (php",14.7109375,"[[73594, 66, 198, 333, 320, 1208]]","[-0.5672462582588196, -0.07026942074298859, -8.344646857949556e-07, -0.37885090708732605, -0.04853134602308273, -0.6802237033843994]",3.5777058601379395,False,1.0,-1.7451224699613022,-0.2908537449935504,6.0,-0.637516513466494,-0.21250550448883132,3.0,0.06374344689557494,0,3,5,2,0.6,-69.22614797854878,-1.1980787648438374,True,2,0.3333333333333333,4.0,0.0,2.0,2.2274841004803125
~/anvil/data/cve-targets/libsndfile_repo_src_common.c,596,470,684,"header_put_be_int (psf, size) ;","header_put_be_int (psf, size) ;","header_put_be_int (psf, size) ;",0.010101318359375,"[[2708, 15557, 21263, 4042, 320, 1690, 69, 11, 1379, 8, 2587, 151645]]","[-0.1403137594461441, -1.2993727978027891e-05, -0.010837034322321415, -1.0490362910786644e-05, 0.0, -1.7881377516459906e-06, 0.0, 0.0, -1.2397689715726301e-05, -0.0007253637886606157, -0.0010663543362170458, -2.0146166207268834e-05]",7.122868061065674,True,0.0,-0.15300032797790664,-0.01275002733149222,12.0,-0.15298018181169937,-0.01912252272646242,8.0,0.0016072287694512454,1,11,11,11,1.0,-0.5282419325038343,-1.0964637070878538,False,11,0.9166666666666666,0.0,1.0,0.0,1.0208061546711693
~/anvil/data/cve-targets/libxml2_repo_xmlregexp.c,2138,2132,2323,if ((type1 == XML_REGEXP_EPSILON) ||,```c,"```c
if ((type1 == XML_REGEXP_EPSILON) ||
```",0.0046539306640625,"[[73594, 66, 198, 333, 1781, 1313, 16, 621, 11874, 8064, 32337, 77292, 55016, 8, 8244, 73594, 151645]]","[-0.0022963127121329308, -2.861018856492592e-06, -1.7881377516459906e-06, -0.10843148082494736, -2.312633478140924e-05, 0.0, -9.536697689327411e-06, -4.768370445162873e-07, -3.099436753473128e-06, -2.0265558760002023e-06, -1.4424220353248529e-05, -0.00663541816174984, 0.0, -3.576278118089249e-07, -0.00040368037298321724, -0.02698970027267933, -6.282132380874828e-05]",17.201194763183594,False,2.0,-0.14487711053521934,-0.008522182972659961,17.0,-0.0023009618687410693,-0.0007669872895803564,3.0,1.1694183158784492e-06,0,11,12,2,0.9166666666666666,-6.067806764579914,-1.1733559520788368,True,12,0.7058823529411765,36.0,0.0,10.0,1.9552585122839525
~/anvil/data/cve-targets/libxml2_repo_HTMLparser.c,694,539,844,"static const char* const object_attrs[] = { ATTRS, ""declare"", ""classid"", ""codebase"", ""data"", ""type"", ""codetype"", ""archive"", ""standby"", ""height"", ""width"", ""usemap"", ""name"", ""tabindex"", NULL } ;","DECL html_inline, NULL, DECL html_attrs, DECL align_attr, NULL","	DECL html_inline, NULL, DECL html_attrs, DECL align_attr, NULL
},",0.66845703125,"[[197, 21817, 5272, 41871, 11, 1770, 11, 41960, 5272, 39578, 11, 41960, 5285, 10422, 11, 1770, 198, 2137, 151645]]","[-0.028008082881569862, -0.0006448334897868335, -5.245195097813848e-06, -4.625213477993384e-05, 0.0, -8.344646857949556e-07, 0.0, -0.00047052756417542696, -4.291525328881107e-06, -5.352353764465079e-05, 0.0, -0.0002759314374998212, -1.597391747054644e-05, -3.3378546504536644e-06, 0.0, -1.0728830375228426e-06, -0.0050996229983866215, -0.025466974824666977, -8.713819261174649e-05]",16.48040199279785,False,1.0,-0.060183642901392886,-0.003167560152704889,19.0,-0.03462952988411416,-0.002663809991085705,13.0,4.356682896185886e-05,0,90,15,15,6.0,-250.94020725462968,-1.152401653243593,True,61,3.210526315789474,164.0,0.2362204724409449,84.0,2.888149892990944
~/anvil/data/cve-targets/libtiff_repo_libtiff_tif_predict.c,531,376,681,},},"}
",12.734375,[[532]],[-0.024516260251402855],12.109238624572754,True,1.0,-0.024516260251402855,-0.024516260251402855,1.0,-0.024516260251402855,-0.024516260251402855,1.0,0.0,0,2,2,2,1.0,-519.4256737942452,-1.0331052520431971,False,1,1.0,0.0,1.0,0.0,1.3048159942857391
~/anvil/data/cve-targets/libxml2_repo_HTMLparser.c,323,168,473,*,,               ,20.703125,[[394]],[-0.6808281540870667],23.99064826965332,False,0.0,-0.6808281540870667,-0.6808281540870667,1.0,-0.6808281540870667,-0.6808281540870667,1.0,0.0,0,2,-1,-1,-2.0,-30.408738057786625,-1.3904178531686884,True,1,1.0,1.0,0.0,2.0,2.2090454550499694
~/anvil/data/cve-targets/libxml2_repo_parser.c,11751,11731,11756,},ctxt->input,ctxt->input,12.15625,"[[77492, 405, 1355]]","[-0.4483264982700348, 0.0, -0.0032404554076492786]",8.91622543334961,False,0.0,-0.45156695367768407,-0.15052231789256135,3.0,-0.45156695367768407,-0.22578347683884203,2.0,0.044345415017024194,1,2,7,7,0.2857142857142857,-53.84029943288008,-1.0483906301584418,True,1,0.3333333333333333,11.0,0.0,6.0,2.2767120511468137
~/anvil/data/cve-targets/openssl_repo_ssl_statem_statem_dtls.c,599,560,646,"frag_len, 0, &readbytes);",sizeof(devnull) : frag_len;,sizeof(devnull) : frag_len;,2.37890625,"[[10318, 17622, 2921, 8, 549, 8343, 6043, 26, 151645]]","[-0.019992155954241753, -4.529942543740617e-06, -3.576278118089249e-07, -0.06586527079343796, -0.07044553011655807, -0.0013091336004436016, -2.0265558760002023e-06, -0.41802871227264404, -0.00040046300273388624]",9.277318000793455,False,0.0,-0.5760481798662909,-0.06400535331847676,9.0,-0.575647716863557,-0.07195596460794462,8.0,0.017878615538547544,0,11,11,11,1.0,-33.06058452501582,-1.0389690682321138,True,10,1.1111111111111112,23.0,0.34615384615384615,14.0,2.131590681385629
~/anvil/data/cve-targets/libtiff_repo_libtiff_tif_predict.c,437,429,475,unsigned char* cp = (unsigned char*) cp0;,"#define REPEAT4(stride, stmt) do { stmt; stmt; stmt; stmt","#define REPEAT4(stride, stmt) do { stmt; stmt; stmt; stmt",2.634765625,"[[1441, 3596, 47017, 19, 4199, 577, 11, 20020, 8, 653, 314, 20020, 26, 20020, 26, 20020, 26, 20020]]","[-0.008241572417318821, -4.291525328881107e-06, -2.50339189733495e-06, 0.0, -0.837942361831665, -3.58813522325363e-05, -5.245195097813848e-06, -0.8074575066566467, -1.537788011773955e-05, -0.2659144699573517, -1.7881377516459906e-06, -0.026190131902694702, -1.585470999998506e-05, -0.3538545072078705, -1.5258672647178173e-05, -0.00012933371181134135, -2.3841855067985307e-07, -0.0003805628512054682]",8.036927223205566,False,0.0,-2.300206885820188,-0.1277892714344549,18.0,-2.300206885820188,-0.13530628740118752,17.0,0.06982615513714596,1,21,11,11,1.9090909090909092,-19.472603051976694,-1.0716920026471648,True,12,0.6666666666666666,49.0,0.24489795918367352,18.0,2.224076250480098
~/anvil/data/cve-targets/libxml2_repo_parser.c,9750,9665,9759,"int m_tmp = xmlSwitchToEncoding(ctxt, handler);",ctxt->input->buf->encoder = handler;,	    ctxt->input->buf->encoder = handler;,5.1640625,"[[2760, 59162, 405, 1355, 405, 5909, 405, 27008, 284, 7013, 26, 151645]]","[-0.5929054021835327, -0.0035955561324954033, 0.0, -3.4450891689630225e-05, -1.1920928244535389e-07, -0.006792786996811628, -3.373566141817719e-05, -0.02264299802482128, 0.0, -0.000277123210253194, -0.016219567507505417, -4.5298504119273275e-05]",6.005262851715088,False,0.0,-0.6425470383219292,-0.05354558652682743,12.0,-0.6425017398178099,-0.07138908220197887,9.0,0.028622154601610238,1,15,16,16,0.9375,-72.33686637670283,-1.1275310374534355,True,13,1.0833333333333333,32.0,0.40963855421686746,17.0,2.174468600323354
~/anvil/data/cve-targets/libtiff_repo_libtiff_tif_dir.c,1330,1306,1374,td->td_sampleformat = SAMPLEFORMAT_UINT;,td->td_imagedepth = 1;,"td->td_imagedepth = 1;
td->td_",0.7744140625,"[[1296, 405, 1296, 17895, 3279, 747, 339, 284, 220, 16, 280, 1296, 405, 1296, 62]]","[-0.6495272517204285, 0.0, -6.794906312279636e-06, -0.18965363502502441, -0.00019453064305707812, -0.00021038226259406656, 0.0, 0.0, 0.0, -2.3841855067985307e-07, -0.037199873477220535, -4.9470632802695036e-05, 0.0, -2.145764938177308e-06, -0.011891664937138557]",4.5241289138793945,False,1.0,-0.888735987788067,-0.059249065852537794,15.0,-0.8767927064531875,-0.12525610092188394,7.0,0.03539548150468721,0,10,16,10,0.625,-6.1826454504037605,-1.1700642573769802,True,10,0.6666666666666666,27.0,0.4516129032258065,2.0,1.966802846408508
~/anvil/data/cve-targets/php_repo_ext_exif_exif.c,960,873,977,"{ 0x009d, ""InternalNDFilter""},","{ 0x0097, ""SweepPanoramaStatus""},","{ 0x0097, ""SweepPanoramaStatus""},",2.0625,"[[90, 220, 15, 87, 15, 15, 24, 22, 11, 330, 50, 48542, 35693, 48016, 2522, 14345, 151645]]","[-0.014540540985763073, 0.0, 0.0, -0.0007154765771701932, -0.0009319015080109239, -7.748573807475623e-06, -0.00041154498467221856, -0.05347472429275513, 0.0, 0.0, -1.0865346193313599, -0.001365087111480534, -0.000750617531593889, -9.703165414975956e-05, -0.618919849395752, -0.45773524045944214, -0.1265847533941269]",14.623149871826172,False,0.0,-2.362069135800084,-0.13894524328235788,17.0,-2.235484382405957,-0.18629036520049644,12.0,0.09149242921204456,0,10,10,10,1.0,-11.071426038486846,-1.100117349867619,True,15,0.8823529411764706,17.0,0.5396825396825398,2.0,2.0599483741957068
~/anvil/data/cve-targets/poppler_repo_poppler_XRef.cc,1491,1486,1515,{,},"}

",17.21875,[[630]],[-1.8671066761016846],0.3400965929031372,False,2.0,-1.8671066761016846,-1.8671066761016846,1.0,-1.8671066761016846,-1.8671066761016846,1.0,0.0,1,2,2,2,1.0,-9.222156516493678,-1.299084097997989,True,1,1.0,1.0,0.0,1.0,2.195714484517996
~/anvil/data/cve-targets/libsndfile_repo_src_file_io.c,292,268,299,break ;,break ;,"			break ;
	",7.0703125,"[[298, 3388, 4386, 197]]","[-0.0931912362575531, -1.0371154530730564e-05, -2.7179348762729205e-05, -5.531158240046352e-05]",6.9190778732299805,True,1.0,-0.09328409834324702,-0.023321024585811756,4.0,-0.09328409834324702,-0.023321024585811756,4.0,0.0016272824174829816,0,4,4,4,1.0,-303.17332216619235,-1.1020641750997142,False,2,0.5,0.0,1.0,0.0,1.120926899069174
~/anvil/data/cve-targets/libxml2_repo_valid.c,1262,1186,1278,},```c,"```c
",9.5546875,"[[73594, 66, 198]]","[-0.010363219305872917, -5.960462772236497e-07, -1.6689286894688848e-06]",10.378154754638672,False,1.0,-0.01036548428083961,-0.0034551614269465367,3.0,-0.01036548428083961,-0.0034551614269465367,3.0,2.386063202114453e-05,1,2,2,2,1.0,-2765.337510856579,-1.0107655581688342,True,1,0.3333333333333333,4.0,0.0,2.0,2.240757141730442
~/anvil/data/cve-targets/openssl_repo_ssl_statem_statem.c,454,444,456,return 0;,return 0;,return 0;,0.33544921875,"[[689, 220, 15, 26, 151645]]","[-0.0005888396990485489, -4.768370445162873e-07, -0.0001656871900195256, -8.940656698541716e-06, -4.362964682513848e-05]",15.58286190032959,True,0.0,-0.000807574029636271,-0.0001615148059272542,5.0,-0.0007639443828111325,-0.00019098609570278313,4.0,5.709046095518743e-08,1,5,5,5,1.0,-1756.4064939681978,-1.1268314376003028,False,4,0.8,0.0,1.0,0.0,0.9352921134280687
~/anvil/data/cve-targets/libtiff_repo_libtiff_tif_next.c,123,39,140,break;,break;,break;,0.54736328125,"[[8960, 26, 151645]]","[-0.02211574651300907, -0.0945458859205246, -3.838465272565372e-05]",13.420522689819336,True,0.0,-0.11670001708625932,-0.03890000569541977,3.0,-0.11666163243353367,-0.058330816216766834,2.0,0.0013115312736480334,1,4,4,4,1.0,-9.383775450971038,-1.0675338511125032,False,2,0.6666666666666666,0.0,1.0,0.0,0.9799033353822557
~/anvil/data/cve-targets/libxml2_repo_valid.c,1207,1186,1278,if (size - len < xmlStrlen(content->prefix) + 10) {,"strcat(buf, (char *) content->name);","strcat(buf, (char *) content->name);",0.98291015625,"[[495, 4616, 10731, 11, 320, 1762, 2586, 2213, 405, 606, 1215, 151645]]","[-0.05716567113995552, -5.960462772236497e-07, -4.970903682988137e-05, 0.0, -0.0009134411229752004, -0.0021849824115633965, -4.887569048150908e-06, -6.603976362384856e-05, 0.0, -0.007796452846378088, -0.011340680532157421, -5.936446541454643e-05]",7.267806053161621,False,0.0,-0.07958182493422328,-0.006631818744518607,12.0,-0.07952246046880873,-0.008835828940978748,9.0,0.0002625483785963131,1,27,21,21,1.2857142857142858,-111.24141977120742,-1.0924979151481133,True,19,1.5833333333333333,38.0,0.367816091954023,25.0,2.2314098308190413
~/anvil/data/cve-targets/openssl_repo_crypto_bn_bn_gf2m.c,598,495,643,if (ubits <= BN_BITS2 && udp[0] == 1),```c,"```c
            if (BN_is_zero(u))
                goto err;
```",2.455078125,"[[73594, 66, 198, 310, 421, 320, 15594, 6892, 19359, 8154, 1171, 394, 7986, 1848, 280, 73594, 151645]]","[-0.0941295474767685, -7.152555099310121e-07, -7.152555099310121e-07, -0.4973355531692505, -0.23915673792362213, -0.008770397864282131, -0.00941113755106926, -0.23106014728546143, -0.24271126091480255, -0.002085179090499878, -0.016321372240781784, -0.018385235220193863, -0.17790378630161285, -1.9311717551317997e-05, 0.0, -0.00043049128726124763, -6.937739817658439e-05]",7.703760147094727,False,3.0,-1.5377909659523539,-0.09045829211484435,17.0,-0.5914665311570388,-0.1478666327892597,4.0,0.042186214946408424,1,23,19,2,1.2105263157894737,-16.60332746265339,-1.0806555927655521,True,16,0.9411764705882353,37.0,0.0,22.0,2.2344851224532234
~/anvil/data/cve-targets/php_repo_ext_exif_exif.c,2659,2639,2730,switch(ImageInfo->Thumbnail.filetype) {,```c,"```c
	}
}
```",2.66015625,"[[73594, 66, 198, 197, 532, 532, 73594, 151645]]","[-0.0009439303539693356, -9.65590606938349e-06, -2.50339189733495e-06, -0.2567211985588074, -1.1710572242736816, -0.2555462121963501, -0.05001268535852432, -7.64102369430475e-05]",13.67616844177246,False,3.0,-1.7343698202762425,-0.21679622753453032,8.0,-0.2576772882107434,-0.06441932205268586,4.0,0.01232681716964415,0,16,4,2,4.0,-41.29438443677458,-1.0743784626149486,True,9,1.125,38.0,0.046511627906976716,15.0,2.165636203212115
~/anvil/data/cve-targets/sqlite3_repo_src_resolve.c,875,717,1141,pNC->nNcErr++;,```c,"```c
        pExpr->iTable = -1;
",1.1630859375,"[[73594, 66, 198, 286, 281, 16041, 405, 72, 2556, 284, 481, 16, 280]]","[-0.018639525398612022, -7.867782187531702e-06, -1.1920922133867862e-06, -0.7947114706039429, -0.8531755208969116, -0.023294713348150253, -3.4689302992774174e-05, -0.2259828895330429, -0.0007160721579566598, -0.0005746620590798557, -0.2675522267818451, -0.0014150853967294097, -0.0014357983600348234]",8.140639305114746,False,2.0,-2.187541713713699,-0.1682724395164384,13.0,-0.8133600558769558,-0.20334001396923895,4.0,0.11663127708896223,0,9,10,2,0.9,-5.71990684369654,-1.068916916607204,True,8,0.6153846153846154,13.0,0.11111111111111116,8.0,2.0516292517564967
~/anvil/data/cve-targets/lua_repo_ldebug.c,154,146,160,if (n <= nextra) {,*pos = ci->func - ci->u.l.n,  *pos = ci->func - ci->u.l.n,1.3359375,"[[220, 353, 966, 284, 11825, 405, 2830, 481, 11825, 405, 84, 918, 1253]]","[-0.606952965259552, -0.3700188398361206, -2.3841855067985307e-07, 0.0, -0.00033623288618400693, 0.0, -1.6212332411669195e-05, -0.07666797935962677, -0.1742197871208191, 0.0, -1.0728830375228426e-06, -2.622600959512056e-06, -0.0003184764937032014]",7.561367511749268,False,0.0,-1.228534427190965,-0.09450264824545886,13.0,-1.228534427190965,-0.12285344271909651,10.0,0.032725908851925826,1,13,24,24,0.5416666666666666,-10.874237387507415,-1.0845093830316257,True,8,0.6153846153846154,24.0,0.2666666666666667,24.0,2.088335989448252
~/anvil/data/cve-targets/libsndfile_repo_src_aiff.c,1461,1448,1466,pos = psf_ftell (psf) ;,pos = psf->tell (psf) ;,pos = psf->tell (psf) ;,0.297607421875,"[[966, 284, 4726, 69, 405, 72357, 320, 1690, 69, 8, 2587, 151645]]","[-0.20424139499664307, 0.0, -0.00012420836719684303, 0.0, -0.38524895906448364, -0.7515696287155151, -2.3483953555114567e-05, -1.0728830375228426e-06, 0.0, -5.960462772236497e-07, -2.0265558760002023e-06, -3.957670196541585e-05]",6.537729263305664,False,0.0,-1.34125094728455,-0.1117709122737125,12.0,-1.3412113705825845,-0.16765142132282307,8.0,0.05376878179282077,0,12,15,15,0.8,-1.7751559725935082,-1.112621184931108,True,11,0.9166666666666666,2.0,0.9130434782608696,4.0,2.0259364362255283
~/anvil/data/cve-targets/libsndfile_repo_src_ulaw.c,811,804,816,if (ptr [i] >= 0),if (ptr [i] >= 0),	if (ptr [i] >= 0),0.140869140625,"[[743, 320, 3505, 508, 72, 60, 2604, 220, 15, 8, 151645]]","[-0.22347241640090942, -6.198863957251888e-06, -0.00018130090029444546, -3.576278118089249e-07, 0.0, 0.0, -0.00034314466756768525, 0.0, -5.960462772236497e-07, -0.660946786403656, -0.0008481719414703548]",21.31011199951172,True,0.0,-0.8857989728519442,-0.08052717935017674,11.0,-0.8849508009104738,-0.12642154298721056,7.0,0.0408476934003361,1,17,17,17,1.0,-1.114281136714579,-1.300294671289294,False,10,0.9090909090909091,0.0,1.0,0.0,0.9190232107794001
~/anvil/data/cve-targets/libsndfile_repo_src_common.c,620,470,684,psf->header.ptr [psf->header.indx] = 0 ;,```c,"```c
```",0.591796875,"[[73594, 66, 198, 73594, 151645]]","[-0.013824897818267345, -4.076874756719917e-05, -1.6689286894688848e-06, -0.32726189494132996, -0.01768229342997074]",8.204593658447266,False,1.0,-0.3588115238658247,-0.07176230477316495,5.0,-0.013867335494524013,-0.004622445164841338,3.0,4.2342822218579736e-05,1,24,2,2,12.0,-128.02680267604927,-1.0672092348877955,True,17,3.4,40.0,0.0,23.0,2.2086128989334863
~/anvil/data/cve-targets/libxml2_repo_parser.c,6689,6634,7035,},```c,"```c
",7.07421875,"[[73594, 66, 198]]","[-0.04620743915438652, 0.0, -9.536738616588991e-07]",11.979515075683594,False,1.0,-0.04620839282824818,-0.01540279760941606,3.0,-0.04620839282824818,-0.02310419641412409,2.0,0.00047446297050864235,0,2,2,2,1.0,-306.18761298598463,-1.0297602270895807,True,1,0.3333333333333333,4.0,0.0,2.0,2.1598041573058895
~/anvil/data/cve-targets/sqlite3_repo_src_pragma.c,602,591,634,** the locking-mode of the main database).,eMode = PAGER_LOCKINGMODE_NORMAL;,eMode = PAGER_LOCKINGMODE_NORMAL;,2.099609375,"[[68, 3636, 284, 393, 27650, 27661, 1718, 22808, 26455, 26, 151645]]","[-0.6891639828681946, -0.00011550712952157483, -0.002962607191875577, -0.39850494265556335, -3.1470757676288486e-05, -2.622600959512056e-06, 0.0, -1.5497195136049413e-06, -0.11618690192699432, -1.2159273865108844e-05, -0.0052430033683776855]",7.603699684143066,False,0.0,-1.2122247474925416,-0.11020224977204923,11.0,-1.206981744124164,-0.13410908268046265,9.0,0.05015808792489658,0,16,7,7,2.2857142857142856,-15.655981929297592,-1.0833622491929054,True,9,0.8181818181818182,40.0,0.16000000000000003,19.0,2.1433516430673625
~/anvil/data/cve-targets/poppler_repo_poppler_JPEG2000Stream.cc,256,202,276,const int componentPixels = priv->image->comps[component].w * priv->image->comps[component].h;,```cpp,"```cpp
```",1.2783203125,"[[73594, 10821, 198, 73594, 151645]]","[-0.043163422495126724, -7.152555099310121e-07, -1.9073468138230965e-06, -0.7523770332336426, -0.06425522267818451]",5.470819473266602,False,1.0,-0.8597983010092776,-0.17195966020185552,5.0,-0.04316604509745048,-0.01438868169915016,3.0,0.0004139928541746659,1,41,2,2,20.5,-88.84207318141603,-1.1426971672289405,True,27,5.4,91.0,0.06000000000000005,40.0,2.3555175711219887
~/anvil/data/cve-targets/openssl_repo_crypto_bn_bn_gf2m.c,599,495,643,break;,break;,break;,0.027923583984375,"[[8960, 26, 151645]]","[-0.14252221584320068, -0.016346469521522522, -6.210611172718927e-05]",6.260656356811523,True,0.0,-0.1589307914764504,-0.05297693049215013,3.0,-0.1588686853647232,-0.0794343426823616,2.0,0.00398007973995812,1,4,4,4,1.0,-0.35153037139155974,-1.1203548685746838,False,2,0.6666666666666666,0.0,1.0,0.0,0.9214041909424924
~/anvil/data/cve-targets/poppler_repo_poppler_FileSpec.cc,132,126,139,if (!ok || !fileSpec.isDict()),if (!fileStream) return nullptr;,if (!fileStream) return nullptr;,5.21484375,"[[333, 1505, 1192, 3027, 8, 470, 6827, 26, 151645]]","[-0.029435044154524803, -8.356221951544285e-05, -7.152555099310121e-07, -0.003828459419310093, -0.03132348135113716, -0.1696539968252182, -4.100715523236431e-05, -5.960462772236497e-07, -0.00012432756193447858]",20.74401092529297,False,0.0,-0.2344911899886597,-0.026054576665406632,9.0,-0.23436686242672522,-0.029295857803340652,8.0,0.002972343554782505,0,23,14,14,1.6428571428571428,-178.0061804302362,-1.2820218245054047,True,10,1.1111111111111112,26.0,0.3870967741935484,18.0,2.1352927517290317
~/anvil/data/cve-targets/sqlite3_repo_src_expr.c,5730,5707,5837,"assert( !ExprHasProperty(pExpr, EP_TokenOnly|EP_Reduced) );",```c,"```c
          if( pExpr->iTable==pItem->iCursor ){
```",0.8369140625,"[[73594, 66, 198, 688, 421, 7, 281, 16041, 405, 72, 2556, 418, 79, 1234, 405, 72, 14543, 10959, 73594, 151645]]","[-0.0017836865736171603, -5.960462772236497e-07, -1.9073468138230965e-06, -0.8054183125495911, -0.11816994100809097, -1.1920928244535389e-07, -0.0027377051301300526, -0.0008737798780202866, 0.0, -0.0005439232336357236, -5.125986263010418e-06, -0.0011823337990790606, -5.960462772236497e-07, -2.3841855067985307e-07, 0.0, -1.1920928244535389e-07, -3.611976353568025e-05, -0.001589822000823915, -3.6238969187252223e-05, -4.172238186583854e-05]",9.948564529418944,False,2.0,-0.9324222875503239,-0.04662111437751619,20.0,-0.8072045025162993,-0.20180112562907482,4.0,0.1214517656278426,0,21,18,2,1.1666666666666667,-4.147221973569707,-1.0216794345434306,True,19,0.95,58.0,0.031746031746031744,20.0,2.2196531730616487
~/anvil/data/cve-targets/libsndfile_repo_src_alaw.c,308,301,313,if (ptr [i] >= 0),if (ptr [i] >= 0),"	if (ptr [i] >= 0)
		buffer [i] =",0.289794921875,"[[743, 320, 3505, 508, 72, 60, 2604, 220, 15, 340, 197, 31122, 508, 72, 60, 284]]","[-0.34180495142936707, -2.098061486321967e-05, -8.070142939686775e-05, -2.3841855067985307e-07, 0.0, 0.0, -0.0002719986077863723, 0.0, -1.1920928244535389e-07, -0.13761748373508453, -0.0008077934035100043, -0.23281750082969666, 0.0, 0.0, 0.0, 0.0]",20.91170310974121,True,1.0,-0.7134217676775378,-0.044588860479846115,16.0,-0.4806042668478412,-0.06007553335598015,8.0,0.010433791487449395,1,17,21,17,0.8095238095238095,-4.823842680809969,-1.287407732306705,False,10,0.625,0.0,1.0,0.0,0.9338752814131391
~/anvil/data/cve-targets/libxml2_repo_xmlstring.c,445,430,455,size = xmlStrlen(str1);,size = xmlStrlen(str1);,size = xmlStrlen(str1);,0.0002014636993408,"[[2141, 284, 8396, 2580, 2892, 4199, 16, 1215, 151645]]","[-0.00032050241134129465, 0.0, -0.0001494772732257843, -3.814689989667386e-06, -3.4570634852570947e-06, -1.0847986231965479e-05, 0.0, -5.960462772236497e-07, -2.682172998902388e-05]",17.945100784301758,True,0.0,-0.0005155172005402164,-5.727968894891294e-05,9.0,-0.0004886954705511926,-8.144924509186542e-05,6.0,1.1919610030444454e-08,1,12,12,12,1.0,-2.473487619358191,-1.195381795650157,False,8,0.8888888888888888,0.0,1.0,0.0,0.9477704276890208
~/anvil/data/cve-targets/libsndfile_repo_src_alaw.c,326,320,332,{,if (ptr,	if (ptr,15.515625,"[[743, 320, 3505]]","[-0.6979665160179138, 0.0, -9.417489309271332e-06]",4.957571983337402,False,0.0,-0.6979759335072231,-0.2326586445024077,3.0,-0.6979759335072231,-0.34898796675361154,2.0,0.10825570766192688,1,2,4,4,0.5,-44.45891113189631,-1.1574537986404259,True,1,0.3333333333333333,7.0,0.0,3.0,2.2716968920492087
~/anvil/data/cve-targets/sqlite3_repo_src_resolve.c,184,173,190,assert( pExTab!=0 );,testcase( n==-1 );,"  testcase( n==-1 );
  testcase( n==0",1.693359375,"[[220, 70080, 7, 308, 46671, 16, 1439, 220, 70080, 7, 308, 418, 15]]","[-0.020213328301906586, -0.3374217748641968, 0.0, -0.03258004039525986, -0.43155425786972046, -4.60137271147687e-05, -0.04242010414600372, 0.0, -0.5438811182975769, 0.0, -0.002205917378887534, -2.3841830625315197e-06, -0.0001551984460093081]",24.078453063964844,False,1.0,-1.4104801376097384,-0.10849847212382603,13.0,-0.8642355193042022,-0.14403925321736702,6.0,0.026249894695104085,1,12,18,12,0.6666666666666666,-11.756235450933518,-1.393473339361092,True,8,0.6153846153846154,15.0,0.4736842105263158,4.0,1.823501133731973
~/anvil/data/cve-targets/php_repo_ext_phar_util.c,1364,1252,1478,PHP_SHA512_CTX context;,PHP_SHA512_CTX context;,PHP_SHA512_CTX context;,0.0003027915954589,"[[15158, 38096, 20, 16, 17, 44233, 2266, 26, 151645]]","[-0.2795022428035736, -5.9126061387360096e-05, -7.390948667307384e-06, 0.0, 0.0, -8.260862523457035e-05, -2.4199192921514623e-05, -4.768370445162873e-07, -0.00013612773909699172]",13.20285415649414,True,0.0,-0.27981217220792587,-0.031090241356436208,9.0,-0.2796760444688289,-0.04661267407813815,6.0,0.008543022307692756,1,5,5,5,1.0,-0.006495906991976514,-1.0617404153260976,False,8,0.8888888888888888,0.0,1.0,0.0,0.9819043680583597
~/anvil/data/cve-targets/sqlite3_repo_src_select.c,6330,6175,6480,"&& sqlite3ExprListCompare(sSort.pOrderBy, pEList, -1)==0","sqlite3ExprListDelete(db, pGroupBy);","      sqlite3ExprListDelete(db, pGroupBy);
      pGroupBy = sqlite3ExprListDup(db, pEList, 0",1.8701171875,"[[414, 22003, 18, 16041, 852, 6435, 9791, 11, 281, 2808, 1359, 317, 414, 281, 2808, 1359, 284, 22003, 18, 16041, 852, 85713, 9791, 11, 281, 36, 852, 11, 220, 15]]","[-0.00243831193074584, -0.6375158429145813, -2.3841855067985307e-07, -0.05801285803318024, -0.015553482808172703, -0.3505789339542389, -0.6553593873977661, -3.099436753473128e-06, -0.008866818621754646, -0.44116735458374023, -1.311301275563892e-06, -0.032834090292453766, -1.1920928244535389e-07, -0.00025328766787424684, -0.0003081085451412946, -2.3841855067985307e-07, -0.00010680581908673048, -0.05401427671313286, -1.823885577323381e-05, -0.04539620876312256, -0.00017093151109293103, -0.03404831141233444, -5.6503606174374e-05, -2.3841855067985307e-07, -0.0003334919747430831, -0.14362946152687073, 0.0, -3.576272320060525e-06, -0.002078874269500375, -3.6477376852417365e-05]",19.91499710083008,False,1.0,-2.4827868800536166,-0.08275956266845388,30.0,-2.202331848902496,-0.16941014222326892,13.0,0.06039456110875991,1,16,20,11,0.8,-11.038991898344175,-1.2557249265508774,True,19,0.6333333333333333,34.0,0.4782608695652174,16.0,1.990743258876135
~/anvil/data/cve-targets/libtiff_repo_libtiff_tif_predict.c,364,353,388,uint8_t *tmp;,```c,"```c
REPEAT4(count, cp",2.240234375,"[[73594, 66, 198, 787, 47017, 19, 11512, 11, 12490]]","[-0.14265762269496918, -2.3841855067985307e-07, -9.536738616588991e-07, -0.02347172237932682, -9.059865078597795e-06, -3.6238969187252223e-05, -0.13929814100265503, -1.1920922133867862e-06, -0.00011562632425921038]",16.232465744018555,False,1.0,-0.3055907954201018,-0.033954532824455756,9.0,-0.14265881478738152,-0.04755293826246051,3.0,0.004522450500588793,1,7,7,2,1.0,-47.11032497372508,-1.1452806917737903,True,6,0.6666666666666666,13.0,0.0,6.0,1.9920839141449502
~/anvil/data/cve-targets/libsndfile_repo_src_file_io.c,303,297,328,ssize_t	count ;,sf_count_t count ;,sf_count_t count ;,6.765625,"[[17246, 3180, 528, 1760, 2587, 151645]]","[-0.007649415638297796, -0.00014053787162993103, 0.0, -0.5887892842292786, -0.0016487350221723318, -0.00010549465514486656]",14.284761428833008,False,0.0,-0.5983334674165235,-0.09972224456942058,6.0,-0.5982279727613786,-0.14955699319034466,4.0,0.05503174627641251,1,5,5,5,1.0,-45.23777093719203,-1.09084993005617,True,4,0.6666666666666666,8.0,0.6060606060606061,1.0,2.133870304838018
~/anvil/data/cve-targets/libtiff_repo_libtiff_tif_print.c,262,208,627,break;,```c,"```c
	",0.8349609375,"[[73594, 66, 198, 197]]","[-0.0024255875032395124, -1.1444026313256472e-05, -4.0531076592742465e-06, -0.12290110439062119]",16.146202087402344,False,1.0,-0.12534218902783323,-0.03133554725695831,4.0,-0.12534218902783323,-0.03133554725695831,4.0,0.002795724748747847,0,4,2,2,2.0,-26.645806778261715,-1.1428134506374468,True,2,0.5,6.0,0.0,3.0,1.9233824805787345
~/anvil/data/cve-targets/libtiff_repo_libtiff_tif_jbig.c,71,39,108,{,```,"```
tif",16.46875,"[[13874, 3989, 84340]]","[-0.2641793191432953, -1.7881377516459906e-06, -0.19440928101539612]",4.668036937713623,False,1.0,-0.45859038829644305,-0.15286346276548102,3.0,-0.26418110728104693,-0.13209055364052347,2.0,0.017447441972046243,0,2,2,1,1.0,-124.6777271054425,-1.1658622797620495,True,1,0.3333333333333333,3.0,0.0,1.0,2.2894425109438954
~/anvil/data/cve-targets/lua_repo_ldebug.c,764,747,794,resethookcount(L);  /* reset count */,L->hookcount = Lucaconf::LUAI_MAXINT;  /* reset count */,L->hookcount = Lucaconf::LUAI_MAXINT;  /* reset count */,2.666015625,"[[43, 405, 20873, 1830, 284, 83178, 6135, 486, 23236, 15469, 6806, 3221, 26, 220, 1391, 7585, 1760, 639]]","[-0.16252242028713226, 0.0, -2.038458114839159e-05, -1.1920928244535389e-07, -0.00010168035078095272, -1.2020220756530762, -1.3763562440872192, -1.27316153049469, -0.9571173191070557, -0.028964171186089516, -0.08310659974813461, -0.7110045552253723, -0.0011949549661949277, -0.00044979469384998083, -7.86750388215296e-05, -0.01125003769993782, -0.1695362776517868, -0.006534162908792496]",15.265960693359377,False,0.0,-5.983421002889365,-0.3324122779382981,18.0,-5.983421002889365,-0.3519659413464332,17.0,0.247548051158811,0,10,14,14,0.7142857142857143,-7.574640929179829,-1.117939351953404,True,11,0.6111111111111112,28.0,0.6451612903225806,10.0,2.06055410075507
~/anvil/data/cve-targets/poppler_repo_poppler_XRef.cc,1483,1472,1489,gen = -1;,},},4.00390625,"[[92, 151645]]","[-0.9649800658226013, -0.00033885458833537996]",1.772661805152893,False,0.0,-0.9653189204109367,-0.48265946020546835,2.0,-0.9649800658226013,-0.9649800658226013,1.0,0.0,0,7,2,2,3.5,-4.149211358668692,-1.2533818095958575,True,5,2.5,9.0,0.0,6.0,1.9462034098626955
~/anvil/data/cve-targets/sqlite3_repo_src_vdbe.c,2055,1933,2062,pIn3->flags = flags3;,```c,"```c
  pIn1->flags = flags1;
  p",0.26416015625,"[[73594, 66, 198, 220, 281, 641, 16, 405, 11161, 284, 8042, 16, 280, 220, 281]]","[-0.12925118207931519, -4.768370445162873e-07, -3.099436753473128e-06, -6.508615479106084e-05, 0.0, 0.0, -0.04491889104247093, 0.0, -7.629365427419543e-06, 0.0, -1.2755313036905136e-05, 0.0, 0.0, -1.5497195136049413e-06, -0.04300425201654434]",17.51715087890625,False,2.0,-0.21726492196489744,-0.014484328130993162,15.0,-0.12931984450790424,-0.03232996112697606,4.0,0.0031312416922636456,1,10,11,2,0.9090909090909091,-8.17075390881263,-1.1826608777756853,True,9,0.6,21.0,0.0,9.0,1.9427589478157596
~/anvil/data/cve-targets/libsndfile_repo_src_common.c,478,470,684,unsigned int 	data ;,```c,"```c
unsigned int data ;
",2.361328125,"[[73594, 66, 198, 3626, 526, 821, 4386]]","[-0.12710075080394745, -1.5616295058862306e-05, -1.6689286894688848e-06, -0.2607848346233368, -2.1457441107486375e-05, -0.011333019472658634, -3.158996332786046e-05]",9.14971160888672,False,2.0,-0.39928893752812655,-0.057041276789732365,7.0,-0.12711803602769578,-0.04237267867589859,3.0,0.0035894231356894298,0,7,8,2,0.875,-55.72761030902476,-1.0422888380672677,True,5,0.7142857142857143,20.0,0.0,6.0,2.082853121487867
~/anvil/data/cve-targets/libsndfile_repo_src_common.c,617,470,684,"memcpy (&(psf->header.ptr [psf->header.indx]), strptr, size + 1) ;",```c,"```c
memcpy (&(psf->header.ptr [psf->header.indx]), strptr, size) ;
```",0.5244140625,"[[73594, 66, 198, 81084, 15899, 7, 1690, 69, 405, 2708, 38740, 508, 1690, 69, 405, 2708, 28473, 87, 9719, 607, 3505, 11, 1379, 8, 4386, 73594, 151645]]","[-0.027891000732779503, -0.0002489972102921456, -2.264974000354414e-06, -0.7428554892539978, -5.519237674889155e-05, -3.2186455882765586e-06, 0.0, 0.0, 0.0, 0.0, -0.0001137191939051263, -2.50339189733495e-06, -3.576278118089249e-07, 0.0, 0.0, -1.1920928244535389e-07, -0.00022027450904715806, 0.0, -0.09369675815105438, -1.1205610462639015e-05, -1.1920928244535389e-07, -2.3841855067985307e-07, -0.00010024998482549563, -0.015522144734859467, -1.1920928244535389e-07, -0.5972405672073364, -7.164221460698172e-05]",7.795955181121826,False,2.0,-1.4780361818656118,-0.05474208080983747,27.0,-0.028142262917072003,-0.009380754305690667,3.0,0.0001713247575285151,1,38,36,2,1.0555555555555556,-55.90318703708865,-1.0781676840486554,True,25,0.9259259259259259,65.0,0.02857142857142858,37.0,2.356622233033058
~/anvil/data/cve-targets/poppler_repo_utils_HtmlOutputDev.cc,1169,1146,1175,fclose(f1);,fclose(f1);,fclose(f1);,0.4658203125,"[[78054, 955, 16, 1215, 151645]]","[-0.8658379316329956, -5.483612312673358e-06, 0.0, -2.861018856492592e-06, -8.594620157964528e-05]",6.541560173034668,True,0.0,-0.8659322224657444,-0.17318644449314888,5.0,-0.8658462762641648,-0.28861542542138824,3.0,0.14056322009065733,0,9,9,9,1.0,-1.6139827308948809,-1.1125146312506073,False,4,0.8,0.0,1.0,0.0,0.996330295668573
~/anvil/data/cve-targets/poppler_repo_fofi_FoFiTrueType.cc,552,492,590,"cmapLen = getU16BE(pos + 8, &ok);","cmapLen = getU16BE(pos + 8, &ok);","cmapLen = getU16BE(pos + 8, &ok);",0.0002658367156982,"[[66, 2186, 11271, 284, 633, 52, 16, 21, 11594, 12259, 488, 220, 23, 11, 609, 562, 1215, 151645]]","[-0.2561165392398834, -1.1920922133867862e-06, -5.960462772236497e-07, 0.0, -8.34461570775602e-06, -5.960462772236497e-07, -0.0028819001745432615, 0.0, 0.0, -7.629365427419543e-06, 0.0, 0.0, -0.0036351096350699663, 0.0, -1.1920928244535389e-07, -1.1920922133867862e-06, -8.344646857949556e-07, -1.3589766240329482e-05]",28.573486328125,True,0.0,-0.2626676427478216,-0.014592646819323422,18.0,-0.2626540529815813,-0.023877641180143752,11.0,0.0036211254962879827,0,19,19,19,1.0,-0.011133290499367475,-1.5592037389790703,False,17,0.9444444444444444,0.0,1.0,0.0,0.7178468350501852
~/anvil/data/cve-targets/lua_repo_lstate.h,120,-35,270,TString **hash;,lua_Hook hook;,"  lua_Hook hook;
 ",5.26171875,"[[220, 20357, 2039, 1941, 9704, 280, 220]]","[-0.0258436631411314, -1.2853844165802002, -0.08094894886016846, -0.006048825569450855, -0.001716570113785565, -0.1079024225473404, 0.0]",4.549437999725342,False,1.0,-1.5078448468120769,-0.21540640668743954,7.0,-1.5078448468120769,-0.25130747446867946,6.0,0.1923309647192412,0,9,5,5,1.8,-20.9373746687179,-1.1693241601231021,True,5,0.7142857142857143,13.0,0.2068965517241379,6.0,2.073288137879076
~/anvil/data/cve-targets/php_repo_ext_standard_dns.c,502,391,729,cp += n;,```c,"```c
cp += n;
",1.462890625,"[[73594, 66, 198, 4672, 1421, 308, 280]]","[-0.036896031349897385, -4.172316494077677e-06, -9.536738616588991e-07, -0.6519529223442078, 0.0, -0.0745059996843338, -1.1920928244535389e-07]",10.745299339294434,False,2.0,-0.7633601985780771,-0.1090514569397253,7.0,-0.03690115734025312,-0.012300385780084374,3.0,0.00030247289222454124,1,7,7,2,1.0,-118.9304669914154,-1.0015305776413375,True,4,0.5714285714285714,8.0,0.16666666666666663,6.0,2.0940531328065584
~/anvil/data/cve-targets/openssl_repo_crypto_asn1_a_type.c,125,-30,275,},```,```,5.19140625,[[73594]],[-0.021110134199261665],17.54509735107422,False,0.0,-0.021110134199261665,-0.021110134199261665,1.0,-0.021110134199261665,-0.021110134199261665,1.0,0.0,0,2,1,1,2.0,-245.92009700163683,-1.183487446470673,True,1,1.0,3.0,0.0,1.0,1.9798585098848336
~/anvil/data/cve-targets/libpng_repo_pngrutil.c,1633,1594,1691,"if (png_crc_finish(png_ptr, 0) != 0)",#endif /* PNG_READ_bKGD_SUPPORTED */,#endif /* PNG_READ_bKGD_SUPPORTED */,0.90234375,"[[2663, 1391, 41639, 13117, 880, 42, 40849, 52583, 639, 151645]]","[-0.16868245601654053, -0.0065291887149214745, -0.013635705225169659, -9.691245941212401e-05, -2.622600959512056e-06, -1.1920928244535389e-07, -0.0003159739135298878, -1.811964830267243e-05, 0.0, -3.1470757676288486e-05]",5.1073079109191895,False,0.0,-0.1893125685457946,-0.01893125685457946,10.0,-0.1892810977881183,-0.023660137223514788,8.0,0.0027446253789038693,0,19,3,3,6.333333333333333,-38.13772259542094,-1.1531290877936815,True,15,1.5,34.0,0.19444444444444442,18.0,2.0868226419515468
~/anvil/data/cve-targets/openssl_repo_ssl_statem_extensions_srvr.c,627,570,758,EVP_MD_CTX_free(hctx);,```c,"```c
EVP_MD_CTX_free(hctx);
```",0.0051803588867187,"[[73594, 66, 198, 36, 13378, 46497, 44233, 8905, 3203, 3773, 317, 73594]]","[-0.43159589171409607, -4.1483970562694594e-05, -1.4305104514278355e-06, -0.04001837223768234, -7.390948667307384e-06, -0.002126933541148901, -1.1920922133867862e-06, -1.5139465176616795e-05, -1.1920928244535389e-07, 0.0, 0.0, -0.00010871296399272978]",10.829849243164062,False,2.0,-0.4739166666532739,-0.03949305555443949,12.0,-0.4316388061951102,-0.14387960206503672,3.0,0.04139033193209066,0,9,11,2,0.8181818181818182,-0.036004818003159786,-1.0005845108554527,True,8,0.6666666666666666,21.0,0.07692307692307687,8.0,2.0795061758895037
~/anvil/data/cve-targets/libxml2_repo_valid.c,694,599,739,if ((ocur == XML_ELEMENT_CONTENT_PLUS) ||,```c,"```c
if ((ocur != XML_ELEMENT_CONTENT_ONCE) && 
```",0.474853515625,"[[73594, 66, 198, 333, 1781, 509, 324, 961, 11874, 27156, 25560, 98814, 8, 1009, 715, 73594, 151645]]","[-0.13354958593845367, -4.6491513785440475e-06, -1.4305104514278355e-06, -0.14395436644554138, -0.056887995451688766, -0.5553858280181885, 0.0, -0.01731318049132824, -4.1960789531003684e-05, -2.062299427052494e-05, -0.00047910655848681927, -0.00684523768723011, -1.9073468138230965e-06, -0.4607841670513153, -0.0036235882434993982, -1.0967194612021558e-05, -0.00010179955279454589]",11.589385032653809,False,2.0,-1.379006393425584,-0.08111802314268142,17.0,-0.13355566560028365,-0.044518555200094546,3.0,0.003963262218893932,0,11,12,2,0.9166666666666666,-10.6664179349646,-1.0197655366390281,True,11,0.6470588235294118,40.0,0.0444444444444444,10.0,2.098186882267645
~/anvil/data/cve-targets/libxml2_repo_HTMLparser.c,2792,2772,2812,*/,```c,"```c
",15.6875,"[[73594, 66, 198]]","[-0.034781526774168015, 0.0, -3.576278118089249e-07]",14.701276779174805,False,1.0,-0.03478188440197982,-0.011593961467326608,3.0,-0.03478188440197982,-0.01739094220098991,2.0,0.0002688315924508339,1,3,2,2,1.5,-902.050033787534,-1.1022681688008962,True,1,0.3333333333333333,4.0,0.0,2.0,2.3344917952232276
~/anvil/data/cve-targets/libpng_repo_png.c,2441,2368,2463,goto PNG_FP_End; /* not a part of the number */,"png_fp_add(state, PNG_FP_SAW_SIGN);","png_fp_add(state, PNG_FP_SAW_SIGN);",0.376953125,"[[14066, 34160, 2891, 8390, 11, 41639, 70981, 1098, 14419, 36727, 1215, 151645]]","[-0.4258490204811096, -0.0002623452164698392, -0.0018518695142120123, -1.5258672647178173e-05, 0.0, -0.635705292224884, -0.00011979816190432757, -0.0014294892316684127, -1.1920928244535389e-07, -0.004358198493719101, -0.0014321081107482314, -0.049869686365127563]",4.076536178588867,False,0.0,-1.1208931856817728,-0.09340776547348106,12.0,-1.0710234993166452,-0.10710234993166452,10.0,0.043746743395574036,0,6,11,11,0.5454545454545454,-3.5195597971520773,-1.1832305909717835,True,13,1.0833333333333333,42.0,0.2682926829268293,10.0,1.899766227105208
~/anvil/data/cve-targets/libsndfile_repo_src_wavlike.c,388,382,391,"psf_binheader_writef (psf, ""422b"", BHW4 (subformat->esf_field1),","psf->write_string (psf, subformat->guid, 16) ;","psf->write_string (psf, subformat->guid, 16) ;",1.6806640625,"[[1690, 69, 405, 4934, 3904, 320, 1690, 69, 11, 1186, 2243, 405, 23448, 11, 220, 16, 21, 8, 2587, 151645]]","[-0.7954352498054504, -7.510157047363464e-06, -0.019946467131376266, -0.03469090908765793, -0.49874621629714966, -2.753696753643453e-05, -3.290122185717337e-05, -8.344646857949556e-07, -3.2186455882765586e-06, -0.6137774586677551, -1.3708974620385561e-05, -1.1920928244535389e-07, -0.024386320263147354, -0.004453977569937706, -0.0024579332675784826, -1.1920922133867862e-06, -3.576278118089249e-07, -7.152555099310121e-07, -1.811964830267243e-05, -4.482168878894299e-05]",3.6231210231781006,False,0.0,-1.9940455680432976,-0.09970227840216488,20.0,-1.9940007463545086,-0.10494740770286888,19.0,0.05532339365810392,0,20,19,19,1.0526315789473684,-16.014345654524032,-1.1967192632037298,True,28,1.4,39.0,0.5454545454545454,19.0,2.081439655405425
~/anvil/data/cve-targets/lua_repo_ldo.c,320,309,331,Proto *p = clLvalue(s2v(ci->func))->p;,Proto *p = ci_func(ci)->p;  /* get prototype */,    Proto *p = ci_func(ci)->p;  /* get prototype */,0.232421875,"[[262, 57677, 353, 79, 284, 11825, 9596, 77434, 3997, 79, 26, 220, 1391, 633, 24052, 639, 151645]]","[-0.4350034296512604, -0.04456585645675659, -0.0011263700434938073, 0.0, -1.5497195136049413e-06, -0.23305700719356537, -0.26343369483947754, -0.003417130559682846, -3.6000557884108275e-05, -0.11616811156272888, -0.0005255748401395977, -0.36095479130744934, -9.214453893946484e-05, -0.0005105622112751007, -0.2561676502227783, -0.06286246329545975, -4.029192859889008e-05]",8.743522644042969,False,0.0,-1.7779626289290036,-0.10458603699582374,17.0,-1.7779223370004047,-0.11852815580002699,15.0,0.020670901736258688,1,26,19,19,1.368421052631579,-1.9609001205766425,-1.0529269156287535,True,16,0.9411764705882353,33.0,0.5176470588235293,10.0,2.2341011054042963
~/anvil/data/cve-targets/sqlite3_repo_src_vdbe.c,5755,5600,5905,"** seek operation now, without further delay.  If the cursor seek has",```c,"```c
  assert( pOp->p1>0 );
  assert( pOp->p2",5.5078125,"[[73594, 66, 198, 220, 2060, 7, 281, 7125, 405, 79, 16, 29, 15, 1439, 220, 2060, 7, 281, 7125, 405, 79, 17]]","[-0.06052162125706673, -2.0265558760002023e-06, -2.0265558760002023e-06, -0.045314300805330276, -0.1675596684217453, -6.318072337307967e-06, -0.01029891800135374, -0.3152174651622772, -4.768370445162873e-07, -5.722029527532868e-06, -0.05614715442061424, -0.23251305520534515, -0.00012766500003635883, -0.0029478687793016434, -3.576278118089249e-07, -0.16703961789608002, -1.1920922133867862e-06, -0.05696006864309311, -0.054688308387994766, -3.576214658096433e-05, -4.172316494077677e-06, -0.3452296257019043]",11.65005874633789,False,2.0,-1.5146233919159044,-0.0688465178143593,22.0,-0.105839975174149,-0.02645999379353725,4.0,0.0007289318547643813,0,19,22,2,0.8636363636363636,-208.15622796348734,-1.0213135344317827,True,15,0.6818181818181818,68.0,0.0273972602739726,19.0,2.3192524507865615
~/anvil/data/cve-targets/lua_repo_ldebug.c,113,103,121,if (isLua(L->ci)),L->hookmask = cast_byte(mask);,  L->hookmask = cast_byte(mask);,2.451171875,"[[220, 444, 405, 20873, 11258, 284, 6311, 19737, 35306, 1215, 151645]]","[-0.3824538290500641, -0.16481617093086243, 0.0, -0.010932901874184608, -0.0005241450853645802, 0.0, -1.4543427823809907e-05, -0.00021514961554203182, -3.7788631743751466e-05, -0.07892202585935593, -0.0005721600609831512]",7.581635475158691,False,0.0,-0.6384887145359244,-0.05804442859417494,11.0,-0.6379165544749412,-0.07973956930936765,8.0,0.01390900856741038,1,17,15,15,1.1333333333333333,-30.739718012397653,-1.0839600023164213,True,8,0.7272727272727273,27.0,0.21276595744680848,16.0,2.16339049832013
~/anvil/data/cve-targets/libsndfile_repo_src_aiff.c,1425,1408,1432,{    size_t chanmap_size = psf->sf.channels * sizeof (psf->channel_map [0]) ;,psf->channels = map_info->channels ;,		psf->channels = map_info->channels ;,1.609375,"[[197, 35009, 69, 405, 32425, 284, 2415, 3109, 405, 32425, 2587, 151645]]","[-0.8427407741546631, -0.10196620970964432, 0.0, -0.0041683935560286045, -0.5526347756385803, -2.622600959512056e-06, -6.139089964563027e-05, -9.536738616588991e-07, 0.0, -0.07287346571683884, -0.0741204172372818, -6.544376083184034e-05]",5.142416954040527,False,0.0,-1.6486344469483356,-0.1373862039123613,12.0,-1.6485690031875038,-0.1831743336875004,9.0,0.0717968350921294,1,33,13,13,2.5384615384615383,-8.786028957231697,-1.15211740037915,True,25,2.0833333333333335,51.0,0.49557522123893805,25.0,2.26524349152544
~/anvil/data/cve-targets/openssl_repo_crypto_asn1_tasn_dec.c,701,638,761,*/,```c,"```c
",13.1171875,"[[73594, 66, 198]]","[-0.12015000730752945, -1.2993727978027891e-05, -3.576278118089249e-07]",20.746437072753903,False,1.0,-0.12016335866331929,-0.040054452887773095,3.0,-0.12016335866331929,-0.040054452887773095,3.0,0.003207648945515914,0,3,2,2,1.5,-327.4838764307305,-1.2820995862135076,True,1,0.3333333333333333,4.0,0.0,2.0,2.114382460931049
~/anvil/data/cve-targets/libxml2_repo_valid.c,1205,1186,1278,case XML_ELEMENT_CONTENT_ELEMENT: {,case XML_ELEMENT_CONTENT_ELEMENT:,case XML_ELEMENT_CONTENT_ELEMENT:,4.01171875,"[[5638, 11874, 27156, 25560, 27156, 25, 151645]]","[-0.5802945494651794, -3.2543604902457446e-05, -4.637133679352701e-05, -0.0008536509121768177, -0.004282827023416758, -0.00030048147891648114, -0.00014649749209638685]",12.919376373291016,False,0.0,-0.5859569213134819,-0.0837081316162117,7.0,-0.5858104238213855,-0.09763507063689758,6.0,0.04659421447584372,1,6,5,5,1.2,-41.08891122657639,-1.0542425198108996,True,7,1.0,2.0,0.9705882352941176,2.0,2.1044338060929872
~/anvil/data/cve-targets/sqlite3_repo_src_pragma.c,513,505,526,if( !zRight ){,if( zRight==0 ){,if( zRight==0 ){,0.634765625,"[[333, 7, 1147, 5979, 418, 15, 40023, 151645]]","[-0.06884429603815079, -0.00013863079948350787, -0.44546592235565186, -0.00014983485743869096, -0.10206428170204163, 0.0, -3.4570634852570947e-06, -0.0002012050390476361]",18.53421211242676,False,0.0,-0.6168676278552994,-0.07710845348191242,8.0,-0.6166664228162517,-0.10277773713604195,6.0,0.022753032928023383,0,12,13,13,0.9230769230769231,-6.176100415207539,-1.2131174020835613,True,6,0.75,4.0,0.8666666666666667,4.0,1.949260707133371
~/anvil/data/cve-targets/libxml2_repo_HTMLparser.c,2808,2772,2812,"ret = xmlStrndup(q, CUR_PTR - q);",```c,"```c
        ret = xmlStrndup(q, len);
```",1.828125,"[[73594, 66, 198, 286, 2112, 284, 8396, 2580, 303, 454, 10583, 11, 2422, 317, 73594, 151645]]","[-0.0015885126776993275, 0.0, -1.1205610462639015e-05, -0.2761595547199249, -0.0011970981722697616, 0.0, -0.0012966329231858253, -0.001081953989341855, -0.00028618055512197316, -1.1920928244535389e-07, -0.00273199868388474, -0.0002536452084314078, -0.00018857131362892687, -1.5497195136049413e-06, -0.035189248621463776, -0.00016675988445058465]",13.352940559387209,False,2.0,-0.3201530312886618,-0.020009564455541362,16.0,-0.2777592730080869,-0.09258642433602897,3.0,0.014244767431426223,1,17,15,2,1.1333333333333333,-19.74506536039329,-1.0657317186414306,True,13,0.8125,33.0,0.0,16.0,2.1626201549996393
~/anvil/data/cve-targets/openssl_repo_crypto_x509_x509_obj.c,87,17,173,if (q[j] != 0),```c,"```c
gs_doit[0] = gs_doit[1",2.74609375,"[[73594, 66, 198, 5857, 26309, 275, 58, 15, 60, 284, 28081, 26309, 275, 58, 16]]","[-0.0005689432728104293, -7.152555099310121e-07, -1.0728830375228426e-06, -0.540012001991272, -7.033323527139146e-06, 0.0, -0.08118419349193573, -3.933898824470816e-06, 0.0, -1.6689286894688848e-06, -4.565611743601039e-05, -1.1086402082582936e-05, -2.3841855067985307e-07, 0.0, -1.1920928244535389e-07]",19.7434139251709,False,1.0,-0.6218366631929584,-0.041455777546197226,15.0,-0.0005707314113578832,-0.00019024380378596106,3.0,7.170666523594852e-08,0,17,11,2,1.5454545454545454,-14434.602837785807,-1.2503499312609672,True,9,0.6,14.0,0.0,16.0,2.0295615762993515
~/anvil/data/cve-targets/libxml2_repo_valid.c,6151,6120,6153,ctxt->finishDtd = save;,```c,"```c
    return(ctxt->valid);
}
```",0.1759033203125,"[[73594, 66, 198, 262, 470, 40583, 2252, 405, 1891, 317, 532, 73594, 151645]]","[-0.025700418278574944, 0.0, -5.006777428206988e-06, -0.10121623426675797, -0.04578687623143196, -7.867782187531702e-06, -2.992108420585282e-05, 0.0, -8.344646857949556e-07, -1.1920928244535389e-07, -0.008553772233426571, -6.067568756407127e-05, -6.663577369181439e-05]",11.20980167388916,False,3.0,-0.18142836178923716,-0.01395602782994132,13.0,-0.12692165932276112,-0.0423072197742537,3.0,0.0017194901756485,0,10,14,2,0.7142857142857143,-4.1577612816701075,-1.010134157119762,True,8,0.6153846153846154,23.0,0.07407407407407407,9.0,2.0872064858885837
~/anvil/data/cve-targets/php_repo_ext_standard_dns.c,417,391,729,CHECKCP(dlen);,```c,"```c
if (type_to",4.171875,"[[73594, 66, 198, 333, 320, 1313, 2346]]","[-0.004875082056969404, -3.814689989667386e-06, -8.344646857949556e-07, -0.05664460361003876, 0.0, -5.721882189391181e-05, -1.6689286894688848e-06]",23.8853759765625,False,1.0,-0.061583222572267005,-0.008797603224609572,7.0,-0.0048797312116448666,-0.001626577070548289,3.0,5.276393803691902e-06,1,9,5,2,1.8,-2564.818523227884,-1.3867633523551413,True,5,0.7142857142857143,14.0,0.0,8.0,1.8598627104568504
~/anvil/data/cve-targets/sqlite3_repo_src_where.c,2686,2336,2707,&& pProbe->aiRowLogEst[saved_nEq+1]>=42  /* TUNING: Minimum for skip-scan */,```c,"```c
  assert( 42==sqlite3LogEst(18) );
  if( saved_nEq==saved_nSkip
   && saved_nEq+1<pProbe->nKeyCol
  ",0.450927734375,"[[73594, 66, 198, 220, 2060, 7, 220, 19, 17, 418, 37042, 18, 2201, 13782, 7, 16, 23, 8, 1439, 220, 421, 7, 6781, 1089, 27312, 418, 32702, 1089, 35134, 198, 256, 1009, 6781, 1089, 27312, 10, 16, 7926, 81426, 405, 77, 1592, 6127, 198, 256]]","[-0.23133638501167297, -2.3841855067985307e-07, -3.4570634852570947e-06, -0.002579696709290147, -0.9335519075393677, -3.576272320060525e-06, -0.24087978899478912, -1.1920922133867862e-06, 0.0, -1.0371154530730564e-05, -2.3841855067985307e-07, -2.3841855067985307e-07, 0.0, -5.960462772236497e-07, 0.0, 0.0, -2.264974000354414e-06, 0.0, 0.0, -7.033323527139146e-06, 0.0, 0.0, -5.2927523938706145e-05, 0.0, -1.680836794548668e-05, -2.3841855067985307e-07, -1.4066597032069694e-05, 0.0, -7.152531907195225e-06, 0.0, -1.1920928244535389e-07, 0.0, -4.410734163684538e-06, 0.0, -2.13382354559144e-05, 0.0, 0.0, -4.529942543740617e-06, -0.002012015553191304, 0.0, 0.0, -1.1920928244535389e-07, 0.0, 0.0, 0.0]",4.125232696533203,False,4.0,-1.4105107107604198,-0.031344682461342664,45.0,-0.23391977720299906,-0.058479944300749764,4.0,0.009960890583928468,1,18,36,2,0.5,-7.710809915549436,-1.1817909872030818,True,29,0.6444444444444445,75.0,0.025000000000000022,18.0,2.0392868034589218
~/anvil/data/cve-targets/php_repo_ext_exif_exif.c,945,873,977,"{ 0x0079, ""IntelligentDRange""},","{ 0x0078, ""BurstSpeed""},","{ 0x0078, ""BurstSpeed""},",0.99365234375,"[[90, 220, 15, 87, 15, 15, 22, 23, 11, 330, 33, 32612, 11056, 14345, 151645]]","[-0.03848933428525925, 0.0, 0.0, -0.0001515035255579278, -2.4199192921514623e-05, -5.602820692729438e-06, -8.880697714630514e-05, -0.03874234855175018, 0.0, 0.0, -0.11021076887845993, -0.0017715488793328404, -0.017765795812010765, -0.40126657485961914, -0.0001431601122021675]",20.298341751098636,False,0.0,-0.6086596438949528,-0.04057730959299685,15.0,-0.6085164837827506,-0.06085164837827506,10.0,0.010715215618314138,0,10,10,10,1.0,-16.32909494206485,-1.267817163498705,True,15,1.0,17.0,0.5818181818181818,2.0,1.8893802489181466
~/anvil/data/cve-targets/openssl_repo_crypto_x509_v3_addr.c,74,68,78,return ((f != NULL &&,return (f->addressFamily != NULL && f,return (f->addressFamily != NULL && f,5.80078125,"[[689, 320, 69, 405, 4995, 15192, 961, 1770, 1009, 282]]","[-0.07411311566829681, -0.00023100091493688524, -0.0011403016978874803, -2.3841855067985307e-07, -3.135155202471651e-05, -1.311301275563892e-06, -0.0001081169830285944, -3.6954811548639555e-06, 0.0, -1.1920928244535389e-07]",25.04141998291016,False,0.0,-0.07562925122643804,-0.007562925122643805,10.0,-0.07562925122643804,-0.008403250136270893,9.0,0.000492214188698906,1,10,14,14,0.7142857142857143,-690.3021040587768,-1.427427122334096,True,6,0.6,18.0,0.6896551724137931,6.0,1.8791883436327845
~/anvil/data/cve-targets/openssl_repo_crypto_x509_x509_obj.c,79,17,173,"ascii2ebcdic(ebcdic_buf, q, (num > (int)sizeof(ebcdic_buf))",```c,"```c
num = (num > (int)sizeof(ebcdic_buf)) ? (int)sizeof(ebcdic_buf) : num;
```",0.87548828125,"[[73594, 66, 198, 2413, 284, 320, 2413, 861, 320, 396, 8, 10318, 2026, 91490, 292, 10363, 593, 937, 320, 396, 8, 10318, 2026, 91490, 292, 10363, 8, 549, 1629, 280, 73594, 151645]]","[-0.09380518645048141, -1.1920928244535389e-07, -1.5497195136049413e-06, -0.3346325755119324, 0.0, -0.27395662665367126, -0.01231424231082201, -0.10898366570472717, -0.0025021694600582123, -4.768370445162873e-07, -1.1086402082582936e-05, -1.4424220353248529e-05, 0.0, -3.290122185717337e-05, -3.576278118089249e-07, -5.722029527532868e-06, -0.0003399271226953715, -0.4263386130332947, -0.00018690270371735096, 0.0, -1.0728830375228426e-06, -7.152555099310121e-07, 0.0, -9.023735765367746e-05, -3.4570634852570947e-06, -0.0003215749457012862, 0.0, -2.3841855067985307e-07, -8.344646857949556e-07, -6.90197994117625e-05, -0.015949878841638565, -3.2782016205601394e-05]",16.907150268554688,False,2.0,-1.2695963572647528,-0.039674886164523526,32.0,-0.09380685537927747,-0.03126895179309249,3.0,0.001955390322903066,1,24,39,2,0.6153846153846154,-27.9986450151297,-1.1647621064924902,True,24,0.75,58.0,0.031746031746031744,23.0,2.133044126434336
~/anvil/data/cve-targets/php_repo_ext_exif_exif.c,1560,1516,1562,return 0;,return 0; /* Default,	return 0; /* Default,0.38037109375,"[[853, 220, 15, 26, 1391, 7899]]","[-0.4432508051395416, -9.536738616588991e-07, 0.0, -0.2705110013484955, -0.5213966369628906, -0.5516613721847534]",3.7966694831848153,False,0.0,-1.7868207693095428,-0.2978034615515905,6.0,-1.7868207693095428,-0.35736415386190856,5.0,0.052285131738774464,0,5,11,11,0.45454545454545453,-1.0643795401398364,-1.1915382910730739,True,4,0.6666666666666666,11.0,0.6206896551724138,7.0,1.8814252603534394
~/anvil/data/cve-targets/libsndfile_repo_src_paf.c,102,78,118,switch (subformat),switch (subformat),"switch (subformat)
{",2.65234375,"[[17338, 320, 1966, 2243, 340, 90, 151645]]","[-0.28738173842430115, -1.1920928244535389e-07, -9.536738616588991e-07, 0.0, -0.32662084698677063, -0.06372229009866714, -0.07180681079626083]",9.713123321533203,True,1.0,-0.7495327591891439,-0.10707610845559198,7.0,-0.6140036582942159,-0.15350091457355397,4.0,0.022773868557463307,0,6,10,6,0.6,-17.2790094271983,-1.0277108035437552,False,5,0.7142857142857143,0.0,1.0,0.0,1.0914917540856066
~/anvil/data/cve-targets/openssl_repo_crypto_asn1_a_int.c,130,85,161,if (blen == 0),if (blen == 0),if (blen == 0),0.007781982421875,"[[333, 320, 2024, 268, 621, 220, 15, 8, 151645]]","[-0.421079158782959, -0.0003147821989841759, -0.44494718313217163, 0.0, -9.393251093570143e-05, 0.0, 0.0, -0.00037579628406092525, -0.016435008496046066]",11.153403282165527,True,0.0,-0.8832458614051575,-0.0981384290450175,9.0,-0.8668108529091114,-0.1733621705818223,5.0,0.03517072137906094,1,12,12,12,1.0,-0.04488858437661354,-1.0087109121674573,False,8,0.8888888888888888,0.0,1.0,0.0,1.1067526442907107
~/anvil/data/cve-targets/openssl_repo_ssl_statem_statem_clnt.c,2575,2558,2611,"ckey = ssl_generate_pkey(s, skey);",```c,"```c
    ckey = EVP_PKEY_new();
    if (ckey == NULL",1.4150390625,"[[73594, 66, 198, 262, 272, 792, 284, 72758, 1088, 4784, 5921, 543, 262, 421, 320, 377, 1195, 621, 1770]]","[-0.05254530534148216, -3.576278118089249e-07, -2.264974000354414e-06, -0.4550460875034332, -0.01649961993098259, 0.0, 0.0, -0.09461171925067902, -0.0002051381452474743, -0.00011062010162277147, -8.427741704508662e-05, -0.0025372477248311043, -0.00010144196130568162, -1.4305104514278355e-06, -2.658331868587993e-05, -9.894321920000948e-06, -5.960462772236497e-07, 0.0, -8.344646857949556e-07]",11.014690399169922,False,2.0,-0.6217834186404616,-0.03272544308634009,19.0,-0.5075940154467276,-0.1268985038616819,4.0,0.03635375743538416,1,14,19,2,0.7368421052631579,-11.150951504064844,-1.0052189404668104,True,12,0.631578947368421,34.0,0.052631578947368474,13.0,2.1692112275131405
~/anvil/data/cve-targets/openssl_repo_crypto_asn1_a_type.c,110,95,119,if (rt == NULL) {,```c,"```c
        if (rt == NULL) {
```",0.537109375,"[[73594, 66, 198, 286, 421, 320, 3342, 621, 1770, 8, 341, 73594]]","[-0.1907981038093567, 0.0, -4.768370445162873e-07, -0.14586429297924042, -0.0027960750740021467, -0.0017916593933477998, -1.4305104514278355e-06, 0.0, -3.576278118089249e-07, -1.0728830375228426e-06, 0.0, -0.031188875436782837]",3.275798082351685,False,2.0,-0.37244234455107517,-0.03103686204592293,12.0,-0.3366628736256416,-0.11222095787521387,3.0,0.007336208941084606,0,14,13,2,1.0769230769230769,-4.786177066829607,-1.2071557091917182,True,7,0.5833333333333334,17.0,0.0,13.0,1.974508037305108
~/anvil/data/cve-targets/libsndfile_repo_src_ulaw.c,829,823,835,{,if (ptr,	if (ptr,17.5,"[[743, 320, 3505]]","[-0.5254809856414795, 0.0, -5.364403477869928e-06]",6.567012786865234,False,0.0,-0.5254863500449574,-0.17516211668165246,3.0,-0.5254863500449574,-0.2627431750224787,2.0,0.06136165497944237,1,2,4,4,0.5,-66.60496508996974,-1.1118069462976317,True,1,0.3333333333333333,7.0,0.0,3.0,2.3623613165778536
~/anvil/data/cve-targets/libtiff_repo_libtiff_tif_dirread.c,5739,5720,5775,return;,return;,return;,1.8477439880371092e-06,"[[689, 26, 151645]]","[-0.03377993032336235, -2.3841855067985307e-07, -0.00012015574611723423]",13.763955116271973,True,0.0,-0.033900324488030265,-0.011300108162676755,3.0,-0.03378016874191303,-0.016890084370956515,2.0,0.00028526689629599977,0,4,4,4,1.0,-0.00010939815026705329,-1.0767389547240709,False,2,0.6666666666666666,0.0,1.0,0.0,0.9577749567063292
~/anvil/data/cve-targets/poppler_repo_poppler_FileSpec.cc,176,166,198,"Object fileName = fileSpec->dictLookup(""UF"");",```cpp,"```cpp
    Object fileName;
```",1.1025390625,"[[73594, 10821, 198, 262, 3002, 12665, 280, 73594, 151645]]","[-0.014790290035307407, -7.152555099310121e-07, -1.1920922133867862e-06, -0.003974278457462788, -6.770858453819528e-05, -0.0003000047872774303, -7.247662142617628e-05, -0.00035482310340739787, -0.00021789084712509066]",14.585832595825195,False,2.0,-0.019779379784267803,-0.002197708864918645,9.0,-0.018766475840493513,-0.004691618960123378,4.0,3.6625604162671005e-05,0,19,6,2,3.1666666666666665,-235.0018345204671,-1.0990914938994416,True,11,1.2222222222222223,42.0,0.11764705882352944,18.0,2.1380171734013
~/anvil/data/cve-targets/php_repo_ext_phar_phar.c,976,632,1125,if (buffer + 4 > endbuffer) {,```c,"```c
		if (buffer + 20 > endbuffer) {
```",0.3408203125,"[[73594, 66, 198, 197, 743, 320, 7573, 488, 220, 17, 15, 861, 835, 7573, 8, 341, 73594, 151645]]","[-0.004027708433568478, -2.7418097943154862e-06, -1.1920922133867862e-06, -0.5268111228942871, -0.26531270146369934, -0.0011087467428296804, -0.6713624596595764, -0.009170908480882645, -0.036274392157793045, -0.04145427048206329, -0.0010161004029214382, -0.00016282663273159415, -7.152555099310121e-07, 0.0, -6.687417771900073e-05, -1.9073468138230965e-06, -0.0014182995073497295, -0.00016008525562938303]",11.701164245605469,False,2.0,-1.5583530527953826,-0.08657516959974348,18.0,-0.5308427652298633,-0.13271069130746582,4.0,0.05177441782502054,1,16,15,2,1.0666666666666667,-2.5681451067901016,-1.0226192368134666,True,11,0.6111111111111112,29.0,0.0,15.0,2.149076401359597
~/anvil/data/cve-targets/poppler_repo_poppler_FileSpec.cc,124,119,129,{,```,```,18.453125,[[73594]],[-0.3115360140800476],3.087798595428467,False,0.0,-0.3115360140800476,-0.3115360140800476,1.0,-0.3115360140800476,-0.3115360140800476,1.0,0.0,0,2,1,1,2.0,-59.23271842098667,-1.21284267941568,True,1,1.0,3.0,0.0,1.0,2.301317231595507
~/anvil/data/cve-targets/php_repo_ext_phar_phar.c,701,632,1125,"PHAR_GET_32(buffer, manifest_count);",```c,"```c
#define MAPPHAR_FAIL(msg) do { \
	if (error) {",1.26171875,"[[73594, 66, 198, 1441, 27223, 10842, 934, 11878, 8119, 8, 653, 314, 3044, 743, 320, 841, 8, 314]]","[-0.003791407449170947, -3.814689989667386e-06, -1.0728830375228426e-06, -0.7204775214195251, -0.0005199749139137566, -3.933898824470816e-06, 0.0, -0.30556175112724304, -0.41376230120658875, -0.00847682449966669, -0.0019468179671093822, -3.576278118089249e-07, -0.3200088441371918, -0.09175024181604385, -0.0004962643142789602, -0.06014811992645264, -0.0004999579978175461, -9.023735765367746e-05]",11.928569793701172,False,2.0,-1.9275394432323196,-0.10708552462401776,18.0,-0.0037962950221981373,-0.0012654316740660458,3.0,3.1902780611259632e-06,1,11,9,2,1.2222222222222223,-997.0658834118514,-1.0284495263134328,True,11,0.6111111111111112,35.0,0.050000000000000044,10.0,2.111355038267501
~/anvil/data/cve-targets/openssl_repo_crypto_pkcs7_pk7_doit.c,605,587,741,return 0;,```c,"```c
if (p7",2.931640625,"[[73594, 66, 198, 333, 320, 79, 22]]","[-0.041808634996414185, -4.768360213347478e-06, -1.0728830375228426e-06, -0.47838711738586426, -0.04427040368318558, -0.7031576037406921, -1.1920928244535389e-07]",9.266039848327637,False,1.0,-1.2676297202586895,-0.18108996003695563,7.0,-0.041814476239665055,-0.013938158746555018,3.0,0.00038838172547307385,0,5,5,2,1.0,-210.33198705134492,-1.0392620508229218,True,4,0.5714285714285714,9.0,0.0,4.0,2.077598425372163
~/anvil/data/cve-targets/libpng_repo_pngrutil.c,2620,2602,2642,size_t row_factor_l =,png_alloc_size_t row_factor_l =,png_alloc_size_t row_factor_l =,0.0010099411010742,"[[14066, 14802, 2368, 528, 2802, 18588, 907, 284, 151645]]","[-0.11394700407981873, -0.4818297028541565, -3.3378546504536644e-06, 0.0, -3.4570634852570947e-06, -6.139089964563027e-05, -7.152555099310121e-07, -0.0019356340635567904, -0.4253199100494385]",6.66645097732544,False,0.0,-1.0231011521202618,-0.11367790579114019,9.0,-0.5977812420708233,-0.0853973202958319,7.0,0.025059966386437333,1,4,4,4,1.0,-0.011826379300610134,-1.1090464771479567,True,6,0.6666666666666666,10.0,0.8076923076923077,1.0,1.9303201760009945
~/anvil/data/cve-targets/libxml2_repo_valid.c,713,599,739,"xmlValidBuildAContentModel(content, ctxt, name);",```c,"```c
```",0.494384765625,"[[73594, 66, 198, 73594, 151645]]","[-0.009341932833194733, -8.344646857949556e-07, -2.0265558760002023e-06, -0.23848368227481842, -0.004047773778438568]",7.40791130065918,False,1.0,-0.2518762499070135,-0.050375249981402706,5.0,-0.009344793853756528,-0.0031149312845855093,3.0,1.9387774380037734e-05,0,13,2,2,6.5,-158.714501366853,-1.088677991675218,True,12,2.4,47.0,0.038461538461538436,12.0,2.0628067081538033
~/anvil/data/cve-targets/libxml2_repo_HTMLparser.c,2809,2772,2812,NEXT;,```c,"```c
       ",2.1953125,"[[73594, 66, 198, 286]]","[-0.0699537917971611, 0.0, -8.344646857949556e-07, -0.445313036441803]",9.174946784973145,False,1.0,-0.5152676627036499,-0.12881691567591247,4.0,-0.5152676627036499,-0.1717558875678833,3.0,0.034205510588873715,1,4,2,2,2.0,-12.781585138572579,-1.0416314868846923,True,2,0.5,5.0,0.0,3.0,2.0449846272461465
~/anvil/data/cve-targets/libtiff_repo_libtiff_tif_dirread.c,5769,5720,5775,"if ((nstrips64==0)||(nstrips64>0xFFFFFFFF)) /* something is wonky, do nothing. */",```c,"```c
        if (nstrips64 > UINT32_MAX) {
            TIFFErrorExt(tif->tif_clientdata, tif->tif_name, ""Too many strips"");
            return;
        }
",3.234375,"[[73594, 66, 198, 286, 421, 320, 77, 29872, 1690, 21, 19, 861, 13661, 18, 17, 6806, 8, 341, 310, 74121, 1454, 6756, 1155, 333, 405, 84340, 8179, 691, 11, 259, 333, 405, 84340, 1269, 11, 330, 31246, 1657, 29922, 797, 310, 470, 280, 286, 456]]","[-0.12528292834758759, -1.1920928244535389e-07, -1.1920922133867862e-06, -0.04843367636203766, -0.01116716768592596, -7.986990567587782e-06, -0.00034314466756768525, -2.3841855067985307e-07, -1.311301275563892e-06, -0.0002208704245276749, 0.0, -4.327203714638017e-05, -0.03260069340467453, -0.0033153113909065723, 0.0, 0.0, -2.753696753643453e-05, -1.6689286894688848e-06, -0.000192504478036426, -0.0012843701988458633, -0.009216029196977615, -0.021024340763688087, -5.066266385256313e-05, 0.0, -1.1920928244535389e-07, -1.5497195136049413e-06, -0.0006312523037195206, -1.1920928244535389e-07, 0.0, -0.653602123260498, -3.576272320060525e-06, -3.576278118089249e-07, -9.65590606938349e-06, -2.825220326485578e-05, -0.004412319976836443, -4.172316494077677e-06, -0.011402439326047897, 0.0, -7.676783570786938e-05, -0.2747124135494232, -0.08120540529489517, -2.3841855067985307e-07, 0.0, -0.00017927470616996288, 0.0]",7.090163707733154,False,5.0,-1.2794850626657777,-0.028433001392572838,45.0,-0.17371791601112108,-0.04342947900278027,4.0,0.002624288639228234,1,25,38,2,0.6578947368421053,-74.47418376335902,-1.097360552084411,True,29,0.6444444444444445,81.0,0.0,24.0,2.2633601268910475
~/anvil/data/cve-targets/libsndfile_repo_src_common.c,616,470,684,"header_put_le_int (psf, size) ;","header_put_le_int (psf, size) ;","header_put_le_int (psf, size) ;",0.1365966796875,"[[2708, 15557, 11751, 4042, 320, 1690, 69, 11, 1379, 8, 2587, 151645]]","[-0.7312681078910828, -2.13382354559144e-05, -1.9907753085135482e-05, -7.152555099310121e-07, 0.0, -5.960462772236497e-07, 0.0, 0.0, -1.4305104514278355e-06, -2.884823152271565e-05, -0.01430906169116497, -2.062299427052494e-05]",6.304237365722656,True,0.0,-0.7456706286088206,-0.06213921905073505,12.0,-0.7456500056145501,-0.09320625070181876,8.0,0.044037535795020365,0,11,11,11,1.0,-1.4655313206889304,-1.1191348784126198,False,11,0.9166666666666666,0.0,1.0,0.0,1.0048261893427495
~/anvil/data/cve-targets/sqlite3_repo_src_printf.c,63,-92,213,"static const char aPrefix[] = ""-x0\000X0"";",etByte cDecimal;           /* Decimal point character for floating point */,  etByte cDecimal;           /* Decimal point character for floating point */,1.7490234375,"[[220, 1842, 7153, 272, 11269, 26, 1843, 1391, 26728, 1459, 3668, 369, 19057, 1459, 639, 151645]]","[-0.030959369614720345, -0.33215203881263733, -0.6720169186592102, -0.251054584980011, -0.0013375869020819664, -0.0027059626299887896, -0.033838361501693726, -3.576278118089249e-07, -0.0051034181378781796, -0.054892685264348984, -0.11958290636539459, -0.13578341901302338, -0.6550953388214111, -0.2521955966949463, -0.001128632458858192, -2.3364747903542593e-05]",5.31452751159668,False,0.0,-2.5478705422319194,-0.15924190888949497,16.0,-2.547847177484016,-0.1698564784989344,15.0,0.048188977047589635,0,20,6,6,3.3333333333333335,-10.297066399566106,-1.147170760918107,True,17,1.0625,61.0,0.32478632478632474,18.0,2.1253718411288234
~/anvil/data/cve-targets/poppler_repo_poppler_GfxState.cc,2395,2386,2402,int i;,int i;,int i;,6.318092346191406e-06,"[[396, 600, 26, 151645]]","[-0.03648820146918297, -1.1920928244535389e-07, 0.0, -0.0001062098381225951]",25.06717872619629,True,0.0,-0.03659453051658801,-0.009148632629147002,4.0,-0.036488320678465413,-0.018244160339232707,2.0,0.00029586322149724047,1,5,5,5,1.0,-0.00034630765289892895,-1.4283466365915622,False,3,0.75,0.0,1.0,0.0,0.6700575589093353
~/anvil/data/cve-targets/sqlite3_repo_src_build.c,3400,3379,3404,p->nKeyCol = nCol - 1;,```c,"```c
  *ppExtra = ((char*)p) + nByte;
```",1.7236328125,"[[73594, 66, 198, 220, 353, 602, 11612, 284, 1781, 1762, 3764, 79, 8, 488, 308, 7153, 280, 73594, 151645]]","[-0.3991372883319855, 0.0, -1.9073468138230965e-06, -0.010875359177589417, -0.7800456881523132, -4.768370445162873e-07, -2.3245540432981215e-05, 0.0, -0.00023112009512260556, -3.576278118089249e-07, -2.3364747903542593e-05, 0.0, 0.0, 0.0, -8.737658936297521e-05, -3.576278118089249e-07, 0.0, -0.004619047045707703, -6.067568756407127e-05]",2.614285469055176,False,2.0,-1.195106264807464,-0.06290032972670863,19.0,-0.4100145548563887,-0.1366715182854629,3.0,0.029350216144842352,0,13,23,2,0.5652173913043478,-12.611499704714516,-1.2272854193157234,True,12,0.631578947368421,22.0,0.0,12.0,1.9770167596150552
~/anvil/data/cve-targets/libxml2_repo_xmlmemory.c,768,733,772,},#endif /* MEM,#endif /* MEM,0.0243988037109375,"[[2663, 1391, 24478]]","[-0.12799091637134552, -6.437280717364047e-06, -0.00019274283840786666]",5.371903896331787,False,0.0,-0.12819009649047075,-0.04273003216349025,3.0,-0.12819009649047075,-0.04273003216349025,3.0,0.0036347149729127897,0,2,4,4,0.5,-0.5709989549641512,-1.145526427750319,True,1,0.3333333333333333,13.0,0.0,3.0,1.8771736522974254
~/anvil/data/cve-targets/libxml2_repo_xmlstring.c,649,628,685,goto error;,```c,"```c
            goto error",0.02166748046875,"[[73594, 66, 198, 310, 7986, 1465]]","[-0.5893367528915405, -6.794906312279636e-06, -2.7418097943154862e-06, -0.03731472045183182, -0.01495636347681284, -3.576278118089249e-07]",7.420050621032715,False,1.0,-0.6416177311641036,-0.1069362885273506,6.0,-0.6266610100594789,-0.15666525251486974,4.0,0.06263354783565994,0,5,4,2,1.25,-0.1383043152258249,-1.0883476465317088,True,3,0.5,11.0,0.0,4.0,1.959830078500091
~/anvil/data/cve-targets/libxml2_repo_HTMLparser.c,2744,2727,2765,NEXT;,```c,"```c
   ",0.54150390625,"[[73594, 66, 198, 262]]","[-0.0005362979718483984, 0.0, -9.536738616588991e-07, -0.004128267522901297]",17.153024673461914,False,1.0,-0.004665519168611354,-0.0011663797921528385,4.0,-0.004665519168611354,-0.0015551730562037847,3.0,2.9721104716435382e-06,1,4,2,2,2.0,-348.1952726031817,-1.1719437860143975,True,2,0.5,5.0,0.0,3.0,1.890938097653356
~/anvil/data/cve-targets/libpng_repo_pngrutil.c,2365,2347,2397,limit = PNG_USER_CHUNK_MALLOC_MAX;,#  endif,"#  endif
   if (length <= limit)
   {
",1.771484375,"[[2, 220, 12330, 198, 256, 421, 320, 4129, 2651, 3930, 340, 256, 341]]","[-0.7096028327941895, -1.2874520507466514e-05, -7.986703712958843e-05, -0.00012790338951162994, -0.4624236226081848, -0.002579221036285162, -1.1920928244535389e-07, -0.1011253073811531, -0.013280976563692093, -3.6954811548639555e-06, -5.61460001335945e-05, -1.0728830375228426e-06, -0.007686206605285406]",10.127829551696776,False,3.0,-1.2969798455095471,-0.09976768042381132,13.0,-1.172247100349523,-0.2344494200699046,5.0,0.08850783142076327,0,7,15,2,0.4666666666666667,-7.555934130576247,-1.0171108947674623,True,8,0.6153846153846154,32.0,0.09523809523809523,6.0,2.0888615779017528
~/anvil/data/cve-targets/php_repo_ext_phar_phar.c,949,632,1125,"PHAR_GET_32(buffer, len);",```c,"```c
		}
```",0.5283203125,"[[73594, 66, 198, 197, 197, 532, 73594, 151645]]","[-0.009049118496477604, -2.861018856492592e-06, -3.933898824470816e-06, -0.611229658126831, -0.6172877550125122, -0.2331121414899826, -0.10798460990190506, -9.572047565598041e-05]",9.564189910888672,False,2.0,-1.5787657984210455,-0.19734572480263068,8.0,-1.2375733265535018,-0.24751466531070038,5.0,0.08968204126242285,1,11,3,2,3.6666666666666665,-2.1345010479957205,-1.031544447964802,True,10,1.25,25.0,0.0,10.0,2.089564301533454
~/anvil/data/cve-targets/libsndfile_repo_src_common.c,630,470,684,"if (psf->header.indx + (sf_count_t) size > psf->header.len && psf_bump_header_allocation (psf, size))",```c,"```c
size = (size > 254) ? 254 : size ;
```",0.375732421875,"[[73594, 66, 198, 2141, 284, 320, 2141, 861, 220, 17, 20, 19, 8, 937, 220, 17, 20, 19, 549, 1379, 4386, 73594, 151645]]","[-0.05768883228302002, -0.00013720047718379647, -1.311301275563892e-06, -0.09547285735607147, -8.344646857949556e-07, -1.5497195136049413e-06, -1.1920928244535389e-07, -0.25863713026046753, 0.0, -1.311301275563892e-06, 0.0, -5.2689116273541003e-05, 0.0, 0.0, 0.0, 0.0, 0.0, -8.344646857949556e-07, 0.0, -1.1920928244535389e-07, -7.152555099310121e-07, -0.3902272582054138, -4.2437604861333966e-05]",8.78856086730957,False,2.0,-0.8022652002288027,-0.03488109566212185,23.0,-0.05782734406147938,-0.01927578135382646,3.0,0.0007377843184890972,1,42,19,2,2.210526315789474,-19.49246129005364,-1.0517420338783066,True,34,1.4782608695652173,100.0,0.01904761904761909,41.0,2.4206707825919236
~/anvil/data/cve-targets/libsndfile_repo_src_common.c,594,470,684,return count ;,break ;,break ;,4.921875,"[[8960, 2587, 151645]]","[-0.024712592363357544, -0.003576313378289342, -3.71926071238704e-05]",8.13215446472168,False,0.0,-0.028326098348770756,-0.009442032782923585,3.0,-0.028288905741646886,-0.014144452870823443,2.0,0.00011168557233365893,1,5,4,4,1.25,-347.97210220500136,-1.0691436803928067,True,3,1.0,11.0,0.38095238095238093,3.0,2.1041705989171016
~/anvil/data/cve-targets/libtiff_repo_libtiff_tif_jbig.c,98,39,108,"TIFFWarningExt(tif->tif_clientdata, ""JBIG"",","TIFFErrorExt(tif->tif_clientdata, ""JBIG"",","TIFFErrorExt(tif->tif_clientdata, ""JBIG"",",0.11004638671875,"[[26614, 1748, 1454, 6756, 1155, 333, 405, 84340, 8179, 691, 11, 330, 46107, 1914, 497, 151645]]","[-0.6904100775718689, -0.0003904534096363932, -0.5063890218734741, -4.529942543740617e-06, -1.5497195136049413e-06, 0.0, 0.0, -9.536738616588991e-07, -1.966933996300213e-05, 0.0, -0.004432139918208122, -1.1801649634435307e-05, -4.172316494077677e-06, -1.1920922133867862e-06, -0.011792001314461231, -0.0001294529065489769]",3.166350841522217,False,0.0,-1.2135870157284216,-0.07584918848302635,16.0,-1.2134575628218727,-0.10112146356848939,12.0,0.042339298738938026,1,13,13,13,1.0,-1.0882594341033818,-1.210463228654743,True,15,0.9375,6.0,0.8809523809523809,1.0,1.9491750588269063
~/anvil/data/cve-targets/php_repo_ext_exif_exif.c,1807,1770,1852,typedef struct {,php_stream      *,php_stream      *,4.2265625,"[[1208, 12673, 414, 353]]","[-0.6283246874809265, -0.008669831790030003, -0.013098152354359627, 0.0]",10.697986602783203,False,0.0,-0.6500926716253161,-0.16252316790632904,4.0,-0.6500926716253161,-0.21669755720843872,3.0,0.07234588001278353,0,4,3,3,1.3333333333333333,-19.504430758001213,-1.0027159073262273,True,3,0.75,15.0,0.303030303030303,3.0,2.1311478509938295
~/anvil/data/cve-targets/sqlite3_repo_ext_misc_zipfile.c,1509,1401,1575,nPath++;,```c,"```c
        nPath",4.67578125,"[[73594, 66, 198, 286, 308, 1820]]","[-0.04319025203585625, -3.576278118089249e-07, -1.4305104514278355e-06, -0.7301961183547974, -0.19267134368419647, 0.0]",11.69743537902832,False,1.0,-0.9660595022131133,-0.1610099170355189,6.0,-0.7733881585289168,-0.1933470396322292,4.0,0.09637986454883027,1,6,3,2,2.0,-24.183360960136415,-1.0225239109894189,True,3,0.5,8.0,0.0,5.0,2.1487609242447436
~/anvil/data/cve-targets/libpng_repo_pngset.c,1095,940,1245,},return,return,31.359375,[[689]],[-0.00025650550378486514],17.730003356933594,False,0.0,-0.00025650550378486514,-0.00025650550378486514,1.0,-0.00025650550378486514,-0.00025650550378486514,1.0,0.0,0,2,2,2,1.0,-122256.1486489645,-1.1889709593044515,True,1,1.0,6.0,0.0,1.0,2.658765638405346
~/anvil/data/cve-targets/php_repo_ext_exif_exif.c,3994,3941,4007,} else {,```c,"```c
				exif_error",5.15625,"[[73594, 66, 198, 571, 8122, 333, 4096]]","[-0.6879479885101318, -1.5258672647178173e-05, -2.7418097943154862e-06, -0.5326632857322693, -0.12094148248434067, 0.0, -2.145764938177308e-06]",2.7701315879821777,False,1.0,-1.3415729029741215,-0.1916532718534459,7.0,-1.2206292747248426,-0.30515731868121065,4.0,0.09612966363093861,0,4,3,2,1.3333333333333333,-16.897022238508363,-1.222513030595646,True,3,0.42857142857142855,8.0,0.0,3.0,1.968471847495765
~/anvil/data/cve-targets/sqlite3_repo_ext_fts5_fts5_hash.c,144,138,166,int nNew = pHash->nSlot*2;,int nNew = pHash->nSlot * 2;,  int nNew = pHash->nSlot * 2;,0.80615234375,"[[220, 526, 308, 3564, 284, 281, 6370, 405, 77, 19877, 353, 220, 17, 26, 151645]]","[-0.1889895498752594, -0.04995269700884819, -6.794906312279636e-06, -0.003615273628383875, 0.0, -0.00012432756193447858, -2.3841855067985307e-07, 0.0, -9.536738616588991e-07, -1.5258672647178173e-05, -0.00010942813969450071, 0.0, 0.0, -1.2040065485052764e-05, -4.470248313737102e-05]",21.09294891357422,False,0.0,-0.24287126443411466,-0.01619141762894098,15.0,-0.2428265619509773,-0.02428265619509773,10.0,0.0024295466339845076,0,14,14,14,1.0,-33.19868869669822,-1.2932543995848647,True,12,0.8,2.0,0.962962962962963,0.0,1.9082996573889655
~/anvil/data/cve-targets/sqlite3_repo_src_window.c,1445,1290,1595,** eDelete:,regTmp = sqlite3,        regTmp = sqlite3,6.37890625,"[[286, 1217, 35986, 284, 22003, 18]]","[-0.5588377118110657, -0.003333846339955926, -1.0967194612021558e-05, 0.0, -0.005950592458248138, -2.3841855067985307e-07]",11.91568088531494,False,0.0,-0.5681333562224324,-0.09468889270373874,6.0,-0.5681333562224324,-0.11362667124448649,5.0,0.04309169898930426,0,5,7,7,0.7142857142857143,-56.13916328037749,-1.0281181899052443,True,4,0.6666666666666666,12.0,0.2962962962962963,8.0,2.177128534120259
~/anvil/data/cve-targets/sqlite3_repo_ext_misc_zipfile.c,223,218,234,struct ZipfileLFH {,typedef struct ZipfileLFH {,"typedef struct ZipfileLFH {
  u",3.15234375,"[[5286, 2036, 29232, 1192, 22609, 39, 341, 220, 575]]","[-0.4663771390914917, -3.576278118089249e-07, -0.004172786138951778, -5.960462772236497e-07, -1.07287787614041e-05, 0.0, -3.8265450712060556e-05, 0.0, -3.576278118089249e-07]",23.51753044128418,False,1.0,-0.4706002307618178,-0.05228891452909087,9.0,-0.470599873134006,-0.078433312189001,6.0,0.02373025243961785,0,4,6,5,0.6666666666666666,-40.19138886298448,-1.3740689438949125,True,6,0.6666666666666666,8.0,0.8260869565217391,1.0,1.7872098701508154
~/anvil/data/cve-targets/lua_repo_ldo.c,330,309,331,L->oldpc = ci->previous->u.l.savedpc;,ci->previous->u.l.oldpc = ci->u.l.savedpc;,ci->previous->u.l.oldpc = ci->u.l.savedpc;,1.1328125,"[[5855, 405, 19702, 405, 84, 918, 46061, 3992, 284, 11825, 405, 84, 918, 81346, 3992, 26, 151645]]","[-0.11195322126150131, -1.1920928244535389e-07, -0.0719328373670578, -9.417489309271332e-06, -0.00017891713650897145, -6.0437283536884934e-05, -0.029360149055719376, -7.962863310240209e-05, -0.0013975863112136722, -0.27544766664505005, -2.9802276912960224e-06, -0.002118606586009264, -2.3364747903542593e-05, -0.17146600782871246, -7.867782187531702e-06, -0.00035446559195406735, -0.09113828837871552]",13.91458511352539,False,0.0,-0.7555315615354559,-0.0444430330314974,17.0,-0.6643932731567403,-0.04152457957229627,16.0,0.0060162401784277335,1,22,28,28,0.7857142857142857,-27.280529066591015,-1.0808013285101263,True,14,0.8235294117647058,25.0,0.6582278481012658,13.0,2.188456703755859
~/anvil/data/cve-targets/poppler_repo_poppler_FileSpec.cc,118,88,122,},obj1 =,obj1 =,9.5703125,"[[2295, 16, 284]]","[-0.16043898463249207, -4.768370445162873e-07, -0.0010528980055823922]",5.859673023223877,False,0.0,-0.16149235947511897,-0.05383078649170633,3.0,-0.16149235947511897,-0.05383078649170633,3.0,0.005682838553798513,1,2,3,3,0.6666666666666666,-177.78511375594505,-1.1316424414060207,True,1,0.3333333333333333,6.0,0.0,2.0,2.1383461710071954
~/anvil/data/cve-targets/libpng_repo_png.h,2655,2500,2805,*/,* this,   * this,11.0625,"[[256, 353, 419]]","[-0.3229692280292511, -0.020122786983847618, -0.23585471510887146]",6.118737697601318,False,0.0,-0.5789467301219702,-0.19298224337399006,3.0,-0.5789467301219702,-0.19298224337399006,3.0,0.016205018891973608,1,3,4,4,0.75,-57.32392683694438,-1.1243369099919307,True,1,0.3333333333333333,5.0,0.25,2.0,2.1949035620877995
~/anvil/data/cve-targets/openssl_repo_crypto_pkcs7_pk7_doit.c,178,159,299,const char *propq;,libctx = p7->libctx;,"libctx = p7->libctx;
prop",4.05859375,"[[2740, 3773, 284, 281, 22, 405, 2740, 3773, 280, 2674]]","[-0.6318106055259705, -1.1920928244535389e-07, 0.0, -0.09382136166095734, -5.960462772236497e-07, -0.18280933797359467, -0.1921887844800949, -0.005019681062549353, -0.13140912353992462, -0.02098185196518898]",10.59964656829834,False,1.0,-1.25804146146384,-0.125804146146384,10.0,-1.237059609498651,-0.15463245118733138,8.0,0.036177918097302315,1,9,13,10,0.6923076923076923,-26.246714184742288,-1.0051841180547518,True,6,0.6,17.0,0.3157894736842105,9.0,2.181478791782964
~/anvil/data/cve-targets/libtiff_repo_libtiff_tif_luv.c,863,851,880,while (upper - lower > 1) {,while (upper - lower > 1) {,	while (upper - lower > 1) {,0.164794921875,"[[5217, 320, 13574, 481, 4722, 861, 220, 16, 8, 314, 151645]]","[-0.18496444821357727, -0.0002811751910485327, -0.31011682748794556, -0.29823046922683716, 0.0, -2.288792165927589e-05, -1.4305104514278355e-06, -0.00013684290752280504, -2.3841855067985307e-07, -0.3007523715496063, -5.686121585313231e-05]",37.35427474975586,True,0.0,-1.0945635526430522,-0.09950577751300474,11.0,-1.094506691427199,-0.12161185460302211,9.0,0.01899833041156514,0,16,16,16,1.0,-1.3550892913601267,-1.941954573055993,False,10,0.9090909090909091,0.0,1.0,0.0,0.3624819887024165
~/anvil/data/cve-targets/poppler_repo_poppler_Parser.cc,167,68,191,shift();,```cpp,"```cpp
const",3.185546875,"[[73594, 10821, 198, 1024]]","[-0.33221498131752014, -4.768370445162873e-07, -1.0728830375228426e-06, -1.2297745943069458]",5.056349754333496,False,1.0,-1.561991125344548,-0.390497781336137,4.0,-0.3322165310376022,-0.11073884367920073,3.0,0.024525839771653114,1,8,4,2,2.0,-28.766300686940603,-1.1545990572470255,True,2,0.5,8.0,0.0,7.0,2.020215130668438
~/anvil/data/cve-targets/openssl_repo_ssl_statem_extensions_srvr.c,284,256,335,if (PACKET_remaining(&responder_id_list) > 0 && s->ext.ocsp.ids == NULL) {,#endif /* OPENSSL_NO_OCSP */,#endif /* OPENSSL_NO_OCSP */,1.5859375,"[[2663, 1391, 29841, 22594, 9100, 74663, 4592, 639, 151645]]","[-0.07292577624320984, -0.000248043768806383, -0.5789015293121338, -2.3841855067985307e-07, -0.00030489088385365903, -4.076874756719917e-05, -1.0728830375228426e-06, 0.0, -2.6225699912174605e-05]",4.69535493850708,False,0.0,-0.6524485459570712,-0.07249428288411902,9.0,-0.6524223202571591,-0.09320318860816558,7.0,0.03590480564148077,1,36,3,3,12.0,-17.015914623558867,-1.1650663259242415,True,25,2.7777777777777777,67.0,0.17647058823529416,35.0,2.287707664950595
~/anvil/data/cve-targets/libpng_repo_png.h,2652,2497,2802,#define PNG_IMAGE_FLAG_INVALID 0x08,#define PNG_IMAGE_WRITE_MAX_COMPRESSION_SIZE(image)\,"#define PNG_IMAGE_WRITE_MAX_COMPRESSION_SIZE(image)\
   (PNG_IMAGE_SIZE",2.00390625,"[[1441, 41639, 19121, 17475, 6806, 14969, 81663, 4098, 10075, 62555, 256, 320, 59824, 19121, 4098]]","[-0.00884377770125866, -0.061935681849718094, -0.001658851164393127, -0.5853222608566284, -0.7070634365081787, -0.791262149810791, -0.017108827829360962, -0.2738247513771057, -0.017478132620453835, -0.7189617156982422, -1.2040065485052764e-05, -0.08740570396184921, -0.05125165358185768, -0.0016531385481357574, -0.03574347123503685]",22.605710983276367,False,1.0,-3.3595255928084953,-0.22396837285389967,15.0,-3.1834716254816158,-0.28940651140741963,11.0,0.1039745779970525,1,5,9,9,0.5555555555555556,-6.92419199642315,-1.3431006831887198,True,10,0.6666666666666666,30.0,0.5287356321839081,7.0,1.7949154296948464
~/anvil/data/cve-targets/openssl_repo_ssl_statem_statem_clnt.c,2623,2608,2643,"ckey = ssl_generate_pkey(s, skey);",```c,"```c
if (EVP_PKEY_keygen(s->ctx->app_data, &",1.2177734375,"[[73594, 66, 198, 333, 320, 36, 13378, 1088, 4784, 3097, 4370, 1141, 405, 3773, 405, 676, 1769, 11, 609]]","[-0.3816440999507904, -1.1920928244535389e-07, -5.960462772236497e-07, -0.07139255106449127, -0.7047563195228577, -0.020679347217082977, -1.1920928244535389e-07, -6.997340824455023e-05, -2.3841574147809297e-05, -0.02289515919983387, -0.002258371328935027, -0.23142018914222717, -0.015215870924293995, -0.00017176583060063422, -0.0018744770204648376, -0.43484440445899963, -0.00036042393185198307, -0.08977890014648438, -7.760223525110632e-05]",16.07219886779785,False,1.0,-1.9774641314213994,-0.10407705954849471,19.0,-0.3816448152063501,-0.1272149384021167,3.0,0.032367099123218446,1,14,15,2,0.9333333333333333,-9.572566341625,-1.1407011083727008,True,12,0.631578947368421,34.0,0.052631578947368474,13.0,2.048815624996651
~/anvil/data/cve-targets/libsndfile_repo_src_common.c,356,201,506,**		1	- single byte value,```c,"```c
			case 'm' : /* marker - four",3.03125,"[[73594, 66, 198, 298, 2722, 364, 76, 6, 549, 1391, 11134, 481, 3040]]","[-0.5486730933189392, -7.510157047363464e-06, -3.576272320060525e-06, -0.0009065332706086338, -6.556489552167477e-06, -1.1920922133867862e-06, -0.5517055988311768, -0.0023209319915622473, -0.00016318420239258558, -1.5616295058862306e-05, -0.17594027519226074, -0.00011252723925281316, -6.532455881824717e-05]",7.89900016784668,False,1.0,-1.279921919911203,-0.09845553230086178,13.0,-0.5495907130189153,-0.13739767825472882,4.0,0.056382624311194084,0,11,16,2,0.6875,-22.061872067300914,-1.075393764197159,True,9,0.6923076923076923,25.0,0.0,10.0,2.117648273327829
~/anvil/data/cve-targets/sqlite3_repo_src_resolve.c,301,220,632,if( zTab ){,```c,"```c
      if( zTab &&",2.583984375,"[[73594, 66, 198, 414, 421, 7, 1147, 8582, 1009]]","[-0.00011920218821614981, -1.0967194612021558e-05, -2.3841855067985307e-07, -1.0888231992721558, -0.5366777181625366, 0.0, -0.6096529960632324, -0.4342823624610901, -0.001214005402289331]",15.204334259033203,False,1.0,-2.670780689162683,-0.2967534099069648,9.0,-1.0889536070735346,-0.27223840176838365,4.0,0.22227024600328377,0,10,6,2,1.6666666666666667,-9.491623364724331,-1.116218312661422,True,5,0.5555555555555556,11.0,0.0,9.0,2.059875177429452
~/anvil/data/cve-targets/libxml2_repo_valid.c,5242,5203,5259,(cont->c1->type == XML_ELEMENT_CONTENT_ELEMENT)){,```c,"```c
```",0.06793212890625,"[[73594, 66, 198, 73594, 151645]]","[-0.47123515605926514, -8.344646857949556e-07, -1.0728830375228426e-06, -0.452808141708374, -0.024818535894155502]",2.7478418350219727,False,1.0,-0.948863741009518,-0.1897727482019036,5.0,-0.47123706340698845,-0.15707902113566283,3.0,0.04934703855507778,0,16,2,2,8.0,-0.4324710481075621,-1.223194458274761,True,12,2.4,48.0,0.037735849056603765,15.0,1.9713365239933698
~/anvil/data/cve-targets/php_repo_ext_phar_util.c,379,288,436,},```c,"```c
	",9.34375,"[[73594, 66, 198, 197]]","[-0.007614043075591326, 0.0, -2.7418097943154862e-06, -0.7897602319717407]",8.486869812011719,False,1.0,-0.7973770168571264,-0.1993442542142816,4.0,-0.7973770168571264,-0.2657923389523755,3.0,0.11620666772763494,0,2,2,2,1.0,-35.154323999060814,-1.059704552994549,True,1,0.25,4.0,0.0,2.0,2.1936189194156643
~/anvil/data/cve-targets/openssl_repo_ssl_statem_statem_dtls.c,385,375,412,if ((frag_off + frag_len) > msg_len) {,if (msg_len > dtls_max_handshake_message_len(s)) {,if (msg_len > dtls_max_handshake_message_len(s)) {,1.4658203125,"[[333, 320, 3236, 6043, 861, 7594, 4730, 6345, 23194, 29661, 6462, 6043, 1141, 593, 314, 151645]]","[-3.4570634852570947e-06, 0.0, -0.05198051407933235, -0.000990257947705686, 0.0, -0.0006526962388306856, 0.0, -0.00019107422849629074, -0.0029094768688082695, -1.311301275563892e-06, -8.821448318485636e-06, -0.00010656742961145937, 0.0, -9.65590606938349e-06, -2.9802276912960224e-06, -9.738924563862383e-05]",36.71784973144531,False,0.0,-0.05695420198526335,-0.0035596376240789596,16.0,-0.05685681273962473,-0.005168801158147703,11.0,0.0001664253625806181,1,19,18,18,1.0555555555555556,-283.58999846403316,-1.9113013637018288,True,13,0.8125,31.0,0.5,11.0,1.4566328074933361
~/anvil/data/cve-targets/libsndfile_repo_src_flac.c,339,331,397,{	case FLAC__METADATA_TYPE_STREAMINFO :,case FLAC__METADATA_TYPE_STREAMINFO :,case FLAC__METADATA_TYPE_STREAMINFO :,0.050323486328125,"[[5638, 89099, 563, 44875, 39119, 4189, 23584, 6637, 549, 151645]]","[-0.17340855300426483, -2.3841855067985307e-07, 0.0, -2.861018856492592e-06, -3.576278118089249e-07, -1.728519782773219e-05, -0.0001445904199499637, -0.006656852085143328, -7.807903602952138e-05, -4.994744449504651e-05]",14.713568687438965,False,0.0,-0.1803587642529294,-0.01803587642529294,10.0,-0.18030881680843436,-0.022538602101054295,8.0,0.0029447226639808992,1,8,5,5,1.6,-2.2327687450399156,-1.1026069453311906,True,10,1.0,2.0,0.9736842105263158,3.0,1.9825404448217654
~/anvil/data/cve-targets/libtiff_repo_libtiff_tif_dirread.c,5699,5652,5716,newoffsets[i] = offset;,```,"```
        newoffsets[i] = offset;
```",0.0017108917236328,"[[13874, 3989, 286, 501, 3176, 82, 989, 60, 284, 4347, 280, 73594, 151645]]","[-0.3352349102497101, -8.344646857949556e-07, -0.05954110994935036, -0.6784880757331848, -1.1920928244535389e-07, 0.0, 0.0, 0.0, 0.0, -1.156323378381785e-05, -0.0006556744920089841, 0.0, -6.55629628454335e-05]",8.328372955322266,False,2.0,-1.0739978502948517,-0.08261521925345014,13.0,-0.39477685466374624,-0.1315922848879154,3.0,0.021326000166253755,1,12,12,1,1.0,-0.01300145920477073,-1.0639118791059659,True,8,0.6153846153846154,23.0,0.0,11.0,2.059639535954839
~/anvil/data/cve-targets/libpng_repo_pngrutil.c,1901,1856,1957,*/,},"}
#endif /*",12.8984375,"[[532, 2663, 1391]]","[-1.2985379695892334, -0.027829555794596672, -0.004114259034395218]",1.919036865234375,False,1.0,-1.3304817844182253,-0.4434939281394084,3.0,-1.2985379695892334,-1.2985379695892334,1.0,0.0,0,3,5,2,0.6,-9.933046088810297,-1.2488035954672616,True,1,0.3333333333333333,2.0,0.0,2.0,2.1369900909499693
~/anvil/data/cve-targets/libpng_repo_png.c,4005,3952,4008,image->flags |= PNG_IMAGE_FLAG_INVALID;,#endif /* PNG_SIMPLIFIED_READ_SUPPORTED || PNG_SIMPLIFIED_WRITE_SUPPORTED,#endif /* PNG_SIMPLIFIED_READ_SUPPORTED || PNG_SIMPLIFIED_WRITE_SUPPORTED,4.53125,"[[2663, 1391, 41639, 30920, 2916, 27320, 13117, 52583, 1369, 41639, 30920, 2916, 27320, 17475, 52583]]","[-0.002041519619524479, -0.0010920758359134197, -0.023477427661418915, -0.0004745787591673434, -1.1920928244535389e-07, 0.0, -0.00025102324434556067, -0.002161906100809574, -1.3112935448589269e-05, -0.0008683010237291455, -0.00020680672605521977, -1.1920928244535389e-07, -5.602820692729438e-06, -0.0003682888636831194, -0.0010963627137243748]",12.910813331604004,False,0.0,-0.03205724472307736,-0.002137149648205157,15.0,-0.03205724472307736,-0.002289803194505526,14.0,3.300903699371164e-05,1,10,4,4,2.5,-1978.8818580011223,-1.0540168559002459,True,9,0.6,60.0,0.3392857142857143,9.0,2.1636517328433413
~/anvil/data/cve-targets/poppler_repo_poppler_Stream.cc,573,564,616,"int readChars = str->doGetChars(inputLineSize, inputLine);",if (nBits == 8) {,"if (nBits == 8) {
    memcpy(imgLine, inputLine, nVals);
}",4.484375,"[[333, 320, 77, 19920, 621, 220, 23, 8, 341, 262, 19797, 11022, 2460, 11, 1946, 2460, 11, 308, 52452, 317, 92, 151645]]","[-0.3319109380245209, -2.3841855067985307e-07, -0.5502540469169617, -4.529942543740617e-06, -5.602820692729438e-06, 0.0, 0.0, -0.1409040242433548, -2.4318398573086597e-05, -5.674201020156033e-05, -0.03451057896018028, -2.3841830625315197e-06, 0.0, 0.0, -1.1920928244535389e-07, 0.0, 0.0, -0.0455818809568882, -0.00015793983766343445, -0.00019727191829588264, 0.0, -0.017659572884440422]",9.35590648651123,False,2.0,-1.1212701887252123,-0.05096682676023692,22.0,-1.0231604407753991,-0.1278950550969249,8.0,0.032811260608302126,1,18,25,13,0.72,-35.06292715227754,-1.036929797034039,True,16,0.7272727272727273,52.0,0.21333333333333337,18.0,2.2678707638754245
~/anvil/data/cve-targets/lua_repo_ldebug.c,80,74,81,"return luaG_getfuncline(ci_func(ci)->p, currentpc(ci));",return ci->u.l.trapline;,  return ci->u.l.trapline;,2.361328125,"[[220, 470, 11825, 405, 84, 918, 5427, 391, 1056, 26, 151645]]","[-4.768360213347478e-06, -0.029159748926758766, -0.26913607120513916, -8.034383063204587e-05, -0.00011979816190432757, -0.06843270361423492, -0.43879857659339905, -0.1657506674528122, -0.056286104023456573, -0.002126338891685009, -0.0017102628480643034]",30.69096946716309,False,0.0,-1.0316053839082997,-0.09378230762802725,11.0,-1.0298951210602354,-0.10298951210602354,10.0,0.019508929690093088,0,25,14,14,1.7857142857142858,-22.92785038702881,-1.643967200984305,True,16,1.4545454545454546,40.0,0.40506329113924056,19.0,1.7756047030456874
~/anvil/data/cve-targets/openssl_repo_crypto_asn1_tasn_dec.c,816,760,890,case V_ASN1_NEG_ENUMERATED:,```c,"```c
        tint = (ASN1_INTEGER **)pval;
        if",0.81640625,"[[73594, 66, 198, 286, 48004, 284, 320, 68134, 16, 25757, 27876, 79, 831, 280, 286, 421]]","[-0.013916716910898685, -1.4305104514278355e-06, -4.768370445162873e-07, -0.11064212769269943, -0.0345771424472332, 0.0, 0.0, -0.00015686711412854493, 0.0, -0.00037126801908016205, -5.960462772236497e-07, 0.0, 0.0, 0.0, -4.768370445162873e-07, -1.1920928244535389e-07]",18.80715751647949,False,2.0,-0.15966722162414015,-0.00997920135150876,16.0,-0.12456075195109406,-0.031140187987773515,4.0,0.002139127550140984,1,5,18,2,0.2777777777777778,-26.21712657356286,-1.2214235795030122,True,10,0.625,27.0,0.06451612903225812,4.0,1.8673948298784062
~/anvil/data/cve-targets/libpng_repo_png.c,2391,2368,2463,default:  goto PNG_FP_End;,case PNG_FP_INTEGER + PNG_FP_SAW_E:,"case PNG_FP_INTEGER + PNG_FP_SAW_E:
         if",2.0703125,"[[5638, 41639, 70981, 25757, 488, 41639, 70981, 1098, 14419, 2089, 510, 260, 421]]","[-0.06032658368349075, -0.1276548057794571, -0.00012790338951162994, -0.21553440392017365, -0.00048029806930571795, -2.6702524337451905e-05, -0.0001267114421352744, -0.0006014683749526739, -8.344646857949556e-07, -0.10746120661497116, -0.6363581418991089, -0.05290808528661728, -2.3841855067985307e-07]",11.29331398010254,False,1.0,-1.201607383867298,-0.09243133722056139,13.0,-1.2016071454487474,-0.10013392878739562,12.0,0.030447330652858606,0,8,9,8,0.8888888888888888,-20.675434641096405,-1.0122453260363526,True,8,0.6153846153846154,26.0,0.39344262295081966,7.0,2.1121700404560353
~/anvil/data/cve-targets/php_repo_ext_phar_phar.c,1755,1667,1791,"pos = memchr(pos + 1, '.', filename_len - (pos - filename) + 1);",```c,"```c
		pos = strchr(pos + 1, '.');
		if (!pos) {
			return FAILURE;
		}
```",1.0498046875,"[[73594, 66, 198, 197, 28164, 284, 64035, 12259, 488, 220, 16, 11, 6256, 1157, 197, 743, 1505, 966, 8, 341, 298, 853, 64024, 280, 197, 197, 532, 73594, 151645]]","[-0.005321385804563761, -3.576278118089249e-07, -8.344646857949556e-07, -0.001529357978142798, -0.006531320512294769, -1.6689286894688848e-06, -0.012995432130992413, -7.4741430580616e-05, -1.1920928244535389e-07, 0.0, 0.0, 0.0, -4.053033626405522e-05, -0.00015138434537220746, -0.16459687054157257, -0.25969386100769043, -0.607843816280365, -2.3841855067985307e-07, -3.4570634852570947e-06, 0.0, -0.00677171116694808, -0.00028224775451235473, -2.6940935640595853e-05, 0.0, -5.602820692729438e-06, 0.0, -2.3841855067985307e-07, -0.4085163474082947, -3.2305197237292305e-05]",18.036325454711918,False,5.0,-1.4744207697822205,-0.05084209550973174,29.0,-0.006851935875204163,-0.0017129839688010406,4.0,4.729706805268309e-06,1,34,36,2,0.9444444444444444,-612.8514373866464,-1.198111114490384,True,22,0.7586206896551724,63.0,0.02941176470588236,33.0,2.2228670486844058
~/anvil/data/cve-targets/poppler_repo_utils_ImageOutputDev.cc,326,312,464,unsigned char zero[1];,```cpp,"```cpp
GfxGray zero[1];
",0.826171875,"[[73594, 10821, 198, 38, 8298, 28174, 7168, 58, 16, 935]]","[-0.0030983323231339455, -2.264974000354414e-06, -8.344646857949556e-07, -1.0327333211898804, -0.03467927873134613, -0.15033504366874695, -2.50339189733495e-06, -0.00029738296871073544, -0.5915504097938538, -0.016785573214292526]",14.18156623840332,False,2.0,-1.829484944720548,-0.1829484944720548,10.0,-0.003101431761820095,-0.001033810587273365,3.0,2.1311253399798756e-06,1,11,10,2,1.1,-799.1520740554573,-1.0880392955081173,True,6,0.6,21.0,0.0714285714285714,10.0,2.0492898092838185
~/anvil/data/cve-targets/openssl_repo_crypto_rsa_rsa_ameth.c,545,534,551,"int magma_int = ossl_rsa_pss_to_ctx(ctx, NULL, sigalg, pkey);",```,"```
    const RSA_PSS_PARAMS *pss = ASN1_item_unpack(asn, it);
    if (pss == NULL) {
        ERR_raise",2.25,"[[13874, 3989, 262, 733, 45641, 1088, 1220, 37488, 353, 79, 778, 284, 54855, 16, 5634, 54889, 36951, 77, 11, 432, 317, 262, 421, 320, 79, 778, 621, 1770, 8, 341, 286, 10165, 55383]]","[-0.17131595313549042, -2.3841830625315197e-06, -0.046944987028837204, -0.6664419770240784, -0.039128515869379044, -0.43203023076057434, -2.3245540432981215e-05, -0.029040368273854256, -5.864924969500862e-05, -0.2042894959449768, -0.00012110930401831865, -0.40380871295928955, -0.43913328647613525, 0.0, -0.7195374965667725, -0.08299031108617783, -0.05905240401625633, 0.0, 0.0, -0.0005561950383707881, -0.00016032364510465413, -1.1920928244535389e-07, -0.00543047022074461, -0.23620475828647614, -2.50339189733495e-06, -3.576278118089249e-07, -3.576278118089249e-07, -4.768370445162873e-07, -0.0012774649076163769, -1.4305104514278355e-06, -1.311301275563892e-06, -0.0001174142598756589, -0.00034648136352188885]",9.779050827026367,False,3.0,-3.5380187916463157,-0.10721269065594896,33.0,-0.21826332434739015,-0.07275444144913006,3.0,0.005224453786606298,1,20,30,1,0.6666666666666666,-30.925946996283397,-1.0260183384357735,True,21,0.6363636363636364,61.0,0.0,19.0,2.241512087010167
~/anvil/data/cve-targets/openssl_repo_crypto_evp_encode.c,151,139,193,if ((ctx->num + inl) < ctx->length) {,if (inl + ctx->num > ctx->length) {,if (inl + ctx->num > ctx->length) {,1.4365234375,"[[333, 320, 258, 75, 488, 5635, 405, 2413, 861, 5635, 405, 4129, 8, 314, 151645]]","[-0.05273609980940819, 0.0, -0.11094752699136734, -1.1920928244535389e-07, -0.015710745006799698, -9.357491217087954e-05, 0.0, -1.1920928244535389e-07, -0.21988698840141296, -0.18400222063064575, 0.0, -7.152555099310121e-07, -1.7881377516459906e-06, -4.660974445869215e-05, -7.4741430580616e-05]",10.866989135742188,False,0.0,-0.5835012487386706,-0.0389000832492447,15.0,-0.58342650730809,-0.05303877339164454,11.0,0.005230790900103387,1,25,22,22,1.1363636363636365,-27.084401573402573,-1.001513982325772,True,15,1.0,14.0,0.7777777777777778,8.0,2.2979239279565755
~/anvil/data/cve-targets/libxml2_repo_valid.c,1629,1585,1639,"xmlBufferWriteCHAR(buf, elem->name);",```c,"```c
	    xmlBufferWriteCHAR(buf, elem->name);
```",0.0498046875,"[[73594, 66, 198, 2760, 8396, 4095, 7985, 15237, 10731, 11, 11750, 405, 606, 317, 73594, 151645]]","[-0.44992968440055847, -1.1920928244535389e-07, -1.1920922133867862e-06, -0.15351611375808716, -1.0728830375228426e-06, -1.1920928244535389e-07, -1.9073468138230965e-06, -3.4570634852570947e-06, -4.172316494077677e-06, 0.0, -2.1815061700181104e-05, 0.0, 0.0, 0.0, -0.00010692501382436603, -0.00011896379146492109]",6.328376770019531,False,2.0,-0.6037055421462441,-0.037731596384140254,16.0,-0.6034471094601415,-0.15086177736503537,4.0,0.03374170365266435,0,14,15,2,0.9333333333333333,-0.3301345666867573,-1.1184597009305703,True,10,0.625,36.0,0.0,13.0,2.0372241919245875
~/anvil/data/cve-targets/poppler_repo_poppler_GfxState.cc,3568,3519,3593,},```cpp,"```cpp
",6.72265625,"[[73594, 10821, 198]]","[-0.35449764132499695, -2.3841855067985307e-07, -8.344646857949556e-07]",10.873546600341797,False,1.0,-0.3544987142082334,-0.11816623806941114,3.0,-0.3544987142082334,-0.11816623806941114,3.0,0.027926266082436372,0,2,2,2,1.0,-56.89151452931162,-1.0016781805965864,True,1,0.3333333333333333,6.0,0.0,2.0,2.174507364195106
~/anvil/data/cve-targets/sqlite3_repo_src_where.c,2442,2336,2707,"** However, the nIn multiplier should only be applied once, not once",```c,"```c
      }
    }
  }
  return rc;
}
```",2.642578125,"[[73594, 66, 198, 414, 456, 262, 456, 220, 456, 220, 470, 10192, 280, 532, 73594, 151645]]","[-0.00668669305741787, -1.5497195136049413e-06, -1.9073468138230965e-06, -0.6823142170906067, -0.5099996328353882, -0.03117293119430542, -0.00013481661153491586, -0.018891293555498123, -1.3589766240329482e-05, -0.00818150956183672, -0.5481295585632324, -0.0023249757941812277, -3.576278118089249e-07, -3.814689989667386e-06, -2.3841830625315197e-06, -2.13382354559144e-05]",6.640754699707031,False,6.0,-1.8078805698328893,-0.11299253561455558,16.0,-0.689004367214352,-0.172251091803588,4.0,0.08672891205098472,0,18,10,2,1.8,-15.341430334811701,-1.1097591651955339,True,15,0.9375,67.0,0.02777777777777779,18.0,2.157809098667318
~/anvil/data/cve-targets/openssl_repo_crypto_bn_bn_gf2m.c,246,227,255,for (i = 0; i < bt->top; i++) {,for (i = 0; i < bt->top; i++) {,for (i = 0; i < bt->top; i++) {,1.5437602996826172e-05,"[[1958, 320, 72, 284, 220, 15, 26, 600, 366, 19592, 405, 3481, 26, 600, 2457, 314, 151645]]","[-0.004840560257434845, -3.814689989667386e-06, 0.0, 0.0, -9.536738616588991e-07, 0.0, -1.1920928244535389e-07, -1.1920928244535389e-07, -1.1920928244535389e-07, -0.0007468056865036488, 0.0, -2.145764938177308e-06, -4.768370445162873e-07, -1.5497195136049413e-06, -1.1920928244535389e-07, -2.0265373677830212e-05, -3.397406908334233e-05]",38.18316268920898,True,0.0,-0.0056510229091770725,-0.00033241311230453366,17.0,-0.00561704884009373,-0.0004680874033411442,12.0,1.37607646385191e-06,0,24,24,24,1.0,-0.032980171836786594,-1.9826159830520287,False,16,0.9411764705882353,0.0,1.0,0.0,0.41449961750927733
~/anvil/data/cve-targets/sqlite3_repo_ext_misc_zipfile.c,380,370,390,pTab->pWriteFd = 0;,pTab->pWriteFd = 0;,pTab->pWriteFd = 0;,2.1457672119140625e-06,"[[79, 8582, 405, 79, 7985, 74476, 284, 220, 15, 26, 151645]]","[-0.4719681441783905, -2.3841855067985307e-07, 0.0, -8.583032467868179e-06, -5.1377883210079744e-05, -1.0728830375228426e-06, 0.0, -0.048620034009218216, 0.0, -3.099436753473128e-06, -1.728519782773219e-05]",21.97372817993164,True,0.0,-0.5206698350394561,-0.04733362136722328,11.0,-0.5206525498416283,-0.0743789356916612,7.0,0.019800993178476233,0,10,10,10,1.0,-2.8849124983575557e-05,-1.3220470271330758,False,10,0.9090909090909091,0.0,1.0,0.0,0.8172951850637474
~/anvil/data/cve-targets/poppler_repo_poppler_JPEG2000Stream.cc,31,25,39,opj_image_t *image;,```cpp,"```cpp
    OPJ_CODEC_FORMAT format;
    unsigned",3.18359375,"[[73594, 10821, 198, 262, 13134, 41, 68199, 14960, 3561, 280, 262, 3774]]","[-0.053703755140304565, -0.05009262636303902, -1.156323378381785e-05, -0.03311702609062195, -0.0019822726026177406, 0.0, -0.004866540897637606, -7.259582343976945e-05, -0.004796902183443308, -8.344646857949556e-07, -1.1920928244535389e-07, -1.7881377516459906e-06]",8.083320617675781,False,2.0,-0.14864602414660766,-0.012387168678883972,12.0,-0.13692497082774935,-0.03423124270693734,4.0,0.00045074754346678214,0,7,7,2,1.0,-93.0025759583309,-1.0704497374519304,True,7,0.5833333333333334,19.0,0.07999999999999996,6.0,2.080378760469764
~/anvil/data/cve-targets/openssl_repo_ssl_t1_lib.c,1715,1599,1840,if (eticklen < 48) {,if (eticklen < TLSEXT_KEYNAME_LENGTH + EVP_MAX_IV_LENGTH +,if (eticklen < TLSEXT_KEYNAME_LENGTH + EVP_MAX_IV_LENGTH +,0.44970703125,"[[333, 320, 295, 865, 2892, 366, 29615, 925, 9036, 6600, 7535, 15023, 488, 72758, 6806, 61917, 15023, 488]]","[-0.02332056686282158, -2.3841855067985307e-07, -5.960446742392378e-06, -1.1920928244535389e-07, 0.0, -0.0023752828128635883, -0.002318434417247772, -1.1920928244535389e-07, -7.152555099310121e-07, -5.483612312673358e-06, -3.576278118089249e-07, -0.0007282227743417025, 0.0, -8.344646857949556e-07, -0.016684753820300102, -0.0001037067049765028, -8.05822346592322e-05, 0.0]",15.406046867370604,False,0.0,-0.04562537787138865,-0.0025347432150771474,18.0,-0.04562537787138865,-0.0030416918580925766,15.0,3.9896997913609174e-05,1,13,10,10,1.3,-147.8476624953088,-1.1218614119392192,True,11,0.6111111111111112,42.0,0.41025641025641024,9.0,2.033413453874652
~/anvil/data/cve-targets/libsndfile_repo_src_alaw.c,163,98,274,"0xb3, 0xb3, 0xb3, 0xb3, 0xb3, 0xb3, 0xb3, 0xb3, 0xb3, 0xb3, 0xb3, 0xb3,",```c,"```c
```",0.25830078125,"[[73594, 66, 198, 73594, 151645]]","[-0.011775271967053413, -7.867782187531702e-06, -2.50339189733495e-06, -0.5595964193344116, -0.02496272139251232]",11.088372230529783,False,1.0,-0.5963447838680622,-0.11926895677361245,5.0,-0.01178564314113828,-0.00392854771371276,3.0,3.078554555009608e-05,0,25,2,2,12.5,-65.74968667133412,-1.0070723062463414,True,59,11.8,71.0,0.0,24.0,2.2624178971127704
~/anvil/data/cve-targets/poppler_repo_poppler_GfxState.cc,2420,2399,2421,"alt->getRGB(&color2, rgb);","alt->getRGB(&color2, rgb);","alt->getRGB(&color2, rgb);",0.0021266937255859,"[[3145, 405, 455, 18184, 2099, 3423, 17, 11, 17993, 1215, 151645]]","[-0.17961068451404572, 0.0, -1.9073468138230965e-06, -1.168244216387393e-05, 0.0, 0.0, 0.0, 0.0, -1.9073468138230965e-06, -1.0728830375228426e-06, -5.1973900554003194e-05]",6.989168167114258,True,0.0,-0.17967922843342876,-0.01633447531212989,11.0,-0.17962725453287476,-0.03592545090657495,5.0,0.002903340307940872,1,16,16,16,1.0,-0.059197412194391695,-1.1001347659562584,False,10,0.9090909090909091,0.0,1.0,0.0,1.0742933789014755
~/anvil/data/cve-targets/poppler_repo_utils_HtmlOutputDev.cc,1250,1172,1284,unsigned char zero[1];,```cpp,"```cpp
        memset(zero, 0",1.5205078125,"[[73594, 10821, 198, 286, 17800, 13174, 2328, 11, 220, 15]]","[-0.05607186630368233, -3.576278118089249e-07, -8.344646857949556e-07, -0.31023019552230835, -0.09143805503845215, -2.109982233378105e-05, 0.0, 0.0, 0.0, 0.0]",11.78817653656006,False,1.0,-0.4577624087792742,-0.04577624087792742,10.0,-0.3663032539184883,-0.09157581347962207,4.0,0.01646057748689845,1,11,7,2,1.5714285714285714,-16.603814421352112,-1.0248461691305883,True,6,0.6,21.0,0.0714285714285714,10.0,2.1211802957702868
~/anvil/data/cve-targets/poppler_repo_poppler_Parser.cc,322,305,331,},buf1 =,buf1 =,7.6875,"[[5909, 16, 284]]","[-0.6692007184028625, -5.364403477869928e-06, 0.0]",11.46872329711914,False,0.0,-0.6692060828063404,-0.22306869426878015,3.0,-0.6692060828063404,-0.3346030414031702,2.0,0.09951689148378286,0,2,3,3,0.6666666666666666,-22.97498542679763,-1.0166940046856239,True,1,0.3333333333333333,6.0,0.0,2.0,2.1869388309087094
~/anvil/data/cve-targets/libtiff_repo_libtiff_tif_dir.c,248,243,249,{,{,"{
            td",4.1171875,"[[515, 310, 17941]]","[-0.2516844868659973, -0.0451263003051281, -0.6871410012245178]",8.152998924255371,True,1.0,-0.9839517883956432,-0.32798392946521443,3.0,-0.2968107871711254,-0.1484053935855627,2.0,0.010666571108828713,1,2,3,2,0.6666666666666666,-27.74284276687186,-1.068586682479876,False,1,0.3333333333333333,0.0,1.0,0.0,1.0495330688658726
~/anvil/data/cve-targets/poppler_repo_poppler_JBIG2Stream.cc,3121,2740,3214,buf0 <<= 1;,```cpp,"```cpp
buf0 <<= 1;
```",0.0151748657226562,"[[73594, 10821, 198, 5909, 15, 51178, 220, 16, 280, 73594]]","[-0.23601648211479187, -1.168244216387393e-05, -1.1920928244535389e-07, -0.06923046708106995, -0.008318183943629265, -0.0006743779522366822, 0.0, 0.0, 0.0, -0.004737699870020151]",7.60991096496582,False,2.0,-0.31898901261319423,-0.031898901261319425,10.0,-0.2360282837662382,-0.07867609458874607,3.0,0.01237799879570786,0,7,10,2,0.7,-0.1928777197441983,-1.083194035574456,True,6,0.6,11.0,0.0,6.0,1.986771463299825
~/anvil/data/cve-targets/libtiff_repo_libtiff_tif_dirread.c,5768,5720,5775,"uint64_t nstrips64 = TIFFhowmany_64(bytecount, stripbytes);",```c,"```c
uint64_t nstrips64 = TIFFComputeStrip(tif, (uint64_t)(td->td_imagelength - 1",0.6787109375,"[[73594, 66, 198, 2496, 21, 19, 528, 308, 29872, 1690, 21, 19, 284, 74121, 46254, 5901, 1155, 333, 11, 320, 2496, 21, 19, 528, 2376, 1296, 405, 1296, 88609, 301, 996, 481, 220, 16]]","[-0.10712861269712448, -2.3841855067985307e-07, -1.0728830375228426e-06, -0.46006518602371216, -6.556489552167477e-06, 0.0, -2.3841855067985307e-07, -3.802703940891661e-05, -4.768370445162873e-07, -2.3841855067985307e-07, 0.0, 0.0, -5.722029527532868e-06, -0.25049084424972534, -0.04526166245341301, -0.5757797360420227, -0.24404564499855042, 0.0, 0.0, -0.11680663377046585, -0.02709273248910904, -0.0026749325916171074, 0.0, -0.0002526917669456452, -0.2665256857872009, -0.0653206929564476, 0.0, -1.6569954823353328e-05, -0.05750404670834541, -2.9802276912960224e-06, -7.629365427419543e-06, -0.0548187717795372, -2.3841855067985307e-07, 0.0]",9.994297981262209,False,1.0,-2.2738478628149323,-0.06687787831808624,34.0,-0.10712992399871268,-0.035709974666237564,3.0,0.0025503109292094785,1,15,21,2,0.7142857142857143,-19.006200476017018,-1.0205119788873465,True,22,0.6470588235294118,58.0,0.031746031746031744,14.0,2.148331751541806
~/anvil/data/cve-targets/sqlite3_repo_src_select.c,5799,5644,5949,** Deallocate a single AggInfo object,},"      }
#endif
      sqlite3ExprListDelete(db, p",6.140625,"[[414, 456, 2663, 198, 414, 22003, 18, 16041, 852, 6435, 9791, 11, 281]]","[-0.09281876683235168, -9.572047565598041e-05, -6.9141146923357155e-06, 0.0, -5.8412379075889476e-06, -0.46534889936447144, -3.576278118089249e-07, -0.001969899283722043, -0.00016246906307060272, -0.010093126446008682, -0.003071592655032873, -8.344646857949556e-07, 0.0]",10.107645988464355,False,2.0,-0.5735744215654108,-0.04412110935118545,13.0,-0.09291448730800766,-0.04645724365400383,2.0,0.0021493908314164853,0,8,8,2,1.0,-132.17798812458778,-1.0176242473240906,True,9,0.6923076923076923,37.0,0.0,9.0,2.2139212098119585
~/anvil/data/cve-targets/poppler_repo_poppler_Annot.cc,5094,5076,5097,if (obj1.isArray()) {,void AnnotCaret::initialize(PDFDoc *doc,void AnnotCaret::initialize(PDFDoc *doc,1.181640625,"[[1004, 1527, 1921, 34, 11302, 486, 21641, 5304, 5262, 9550, 353, 5236]]","[-0.6786392331123352, -2.622600959512056e-06, -2.3841855067985307e-07, -1.1920928244535389e-07, -2.3841855067985307e-07, 0.0, -0.36302274465560913, -7.033323527139146e-06, 0.0, -2.038458114839159e-05, 0.0, 0.0]",2.8730900287628174,False,0.0,-1.0416926143199632,-0.08680771785999693,12.0,-1.0416926143199632,-0.1302115767899954,8.0,0.04182581364732207,0,17,11,11,1.5454545454545454,-9.074773949675338,-1.2193703759793617,True,7,0.5833333333333334,32.0,0.23333333333333328,16.0,2.01504575929974
~/anvil/data/cve-targets/libpng_repo_pngset.c,1031,950,1034,++np;,++np;,++np;,0.400634765625,"[[1027, 6199, 26, 151645]]","[-0.020240431651473045, -7.152555099310121e-07, -1.1444026313256472e-05, -4.660974445869215e-05]",8.763134002685547,True,0.0,-0.020299200677754925,-0.005074800169438731,4.0,-0.020252590933296233,-0.006750863644432077,3.0,9.098424169271212e-05,0,6,6,6,1.0,-59.34570548694644,-1.0524108089743303,False,3,0.75,0.0,1.0,0.0,1.0116615166845164
~/anvil/data/cve-targets/openssl_repo_crypto_bn_bn_local.h,611,456,761,"return ((((((bits+BN_BITS2-1))/BN_BITS2)) <= (a)->dmax)?(a):bn_expand2((a),(bits+BN_BITS2-1)/BN_BITS2));",```,"```
{
    if (a == NULL) {
        a = BN_new();
        if (a == NULL) return NULL;
    }
    if (!bn_wexpand(a, (bits + BN_BITS2 - 1) / BN_BITS2)) {
        BN_free(a);
        return NULL;
    }
    a",0.9970703125,"[[13874, 3989, 515, 262, 421, 320, 64, 621, 1770, 8, 341, 286, 264, 284, 45316, 5921, 543, 286, 421, 320, 64, 621, 1770, 8, 470, 1770, 280, 262, 456, 262, 421, 1505, 11081, 1670, 32317, 2877, 11, 320, 11516, 488, 45316, 32695, 17, 481, 220, 16, 8, 608, 45316, 32695, 17, 593, 341, 286, 45316, 8905, 2877, 317, 286, 470, 1770, 280, 262, 456, 262, 264]]","[-0.2788298428058624, -1.1920928244535389e-07, -0.4508911967277527, -4.6491513785440475e-06, -0.0029895871412009, -0.0010065733222290874, -0.24119481444358826, -0.02753642201423645, -3.2186455882765586e-06, -0.40506598353385925, -0.4409922659397125, -1.7881377516459906e-06, -0.0023360364139080048, -2.50339189733495e-06, -0.016227073967456818, -0.0038968592416495085, -1.4305104514278355e-06, -4.768360213347478e-06, -9.536738616588991e-07, -0.000546425289940089, 0.0, -8.344646857949556e-07, -2.7418097943154862e-06, -0.01813848875463009, -0.00027569307712838054, -7.629103492945433e-05, 0.0, -0.0005529781919904053, -2.9802276912960224e-06, 0.0, -0.003692833473905921, -0.17882435023784637, -0.024682704359292984, -0.001437107683159411, -0.011075802147388458, -2.074220174108632e-05, 0.0, -0.0015287628630176187, -4.911301948595792e-05, -0.000867467257194221, -0.002336274366825819, -0.0038364159408956766, -3.576278118089249e-07, -1.1920928244535389e-07, 0.0, 0.0, -9.786603914108127e-05, 0.0, -6.556489552167477e-06, -0.005909234285354614, 0.0, -8.344646857949556e-07, -8.344646857949556e-07, -2.145764938177308e-06, -0.19078923761844635, -0.00690182950347662, -3.099436753473128e-06, -2.264974000354414e-06, 0.0, -3.2186455882765586e-06, -3.576272320060525e-06, 0.0, -1.1920928244535389e-07, -1.1920928244535389e-07, 0.0, -0.4946777820587158]",22.24337577819824,False,10.0,-2.8173332883067417,-0.042686868004647605,66.0,-0.27882996201514487,-0.13941498100757244,2.0,0.0194365036902363,1,71,84,1,0.8452380952380952,-7.151816148408351,-1.3309893042047056,True,43,0.6515151515151515,104.0,0.0,70.0,2.528916472940053
~/anvil/data/cve-targets/openssl_repo_crypto_x509_v3_addr.c,77,68,78,: 0);,: 0);,: 0);,3.451108932495117e-05,"[[25, 220, 15, 1215, 151645]]","[-0.0015776818618178368, 0.0, 0.0, -6.318072337307967e-06, -0.00021979777375236154]",29.32808494567871,True,0.0,-0.0018037977079075063,-0.00036075954158150126,5.0,-0.0015839999341551447,-0.0007919999670775724,2.0,4.6546400682404486e-07,1,6,6,6,1.0,-0.04357460954486503,-1.5888972666910912,False,4,0.8,0.0,1.0,0.0,0.5448558960444666
~/anvil/data/cve-targets/sqlite3_repo_src_pragma.c,1587,1460,1707,"sqlite3ExprCodeGetColumnOfTable(v, pTab, iDataCur, j, 3);",```c,"```c
sqlite3VdbeAddOp2(v, OP_AddImm, 7, 1);
```",0.4384765625,"[[73594, 66, 198, 37042, 18, 53, 83406, 2212, 7125, 17, 3747, 11, 13134, 21346, 50739, 11, 220, 22, 11, 220, 16, 317, 73594, 151645]]","[-0.00872442964464426, -1.9311717551317997e-05, -1.0728830375228426e-06, -0.6671393513679504, 0.0, -0.024118125438690186, -1.0728830375228426e-06, -0.6688591241836548, -8.237022848334163e-05, -0.5016171336174011, -1.0728830375228426e-06, 0.0, -3.2186455882765586e-06, -1.3456531763076782, -0.00015078838623594493, 0.0, -1.4305012882687151e-05, -0.27273139357566833, -0.0002613918040879071, -0.0032517435029149055, -3.0040289857424796e-05, -0.07889194786548615, -0.00901887472718954, -7.009260298218578e-05]",8.260050773620605,False,2.0,-3.5806400375680596,-0.14919333489866915,24.0,-0.008744814245233101,-0.002914938081744367,3.0,1.6875151552216594e-05,1,17,16,2,1.0625,-150.42397135159914,-1.065730651462948,True,22,0.9166666666666666,57.0,0.0,16.0,2.1263200405924287
~/anvil/data/cve-targets/openssl_repo_crypto_asn1_a_type.c,66,54,98,break;,break;,break;,6.085634231567383e-05,"[[8960, 26, 151645]]","[-0.19913968443870544, -0.00026913834153674543, -8.487341256113723e-05]",6.8774094581604,True,0.0,-0.19949369619280333,-0.06649789873093444,3.0,-0.1994088227802422,-0.0997044113901211,2.0,0.009887373526246525,1,4,4,4,1.0,-0.0006103676002615025,-1.1032128049526961,False,2,0.6666666666666666,0.0,1.0,0.0,0.9352575658214328
~/anvil/data/cve-targets/openssl_repo_crypto_pkcs7_pk7_doit.c,601,587,741,const PKCS7_CTX *p7_ctx;,```c,"```c
if (os == NULL) {
    ERR_raise(ERR_LIB_PK",2.453125,"[[73594, 66, 198, 333, 320, 436, 621, 1770, 8, 341, 262, 10165, 55383, 68174, 26207, 63898]]","[-0.010800712741911411, -4.768360213347478e-06, -8.344646857949556e-07, -0.11824895441532135, -0.6078420281410217, -0.6654015779495239, -0.10817217826843262, -1.1920928244535389e-07, -0.0008382858941331506, -2.3364747903542593e-05, -0.00012289722508285195, -0.5746867656707764, -0.00040880427695810795, -2.0265558760002023e-06, -4.887569048150908e-06, -3.516612196108326e-05]",13.290851593017578,False,2.0,-2.086593371612132,-0.13041208572575824,16.0,-0.010806315566810554,-0.0036021051889368514,3.0,2.590997793012686e-05,1,9,16,2,0.5625,-681.0253647045857,-1.0640787473433668,True,10,0.625,23.0,0.0714285714285714,8.0,2.0894436300679673
~/anvil/data/cve-targets/libsndfile_repo_src_sd2.c,351,276,385,rsrc.type_offset = rsrc.map_offset + 30 ;,rsrc.type_offset = rsrc.map_offset + 30 ;,rsrc.type_offset = rsrc.map_offset + 30 ;,0.51416015625,"[[81, 3548, 4852, 6917, 284, 435, 3548, 4770, 6917, 488, 220, 18, 15, 2587, 151645]]","[-0.010449931025505066, -2.3841855067985307e-07, -1.2755313036905136e-05, -5.364403477869928e-06, 0.0, -2.9802276912960224e-06, 0.0, -0.000569300667848438, -1.7881377516459906e-06, 0.0, -0.0021738011855632067, -0.41025394201278687, -0.07883036881685257, -8.666139910928905e-05, -2.5629668016335927e-05]",12.93588638305664,True,0.0,-0.5024127612761902,-0.03349418408507934,15.0,-0.5023871316081738,-0.045671557418924896,11.0,0.011186337356129807,1,16,16,16,1.0,-11.257775852350237,-1.0546777484825263,False,14,0.9333333333333333,0.0,1.0,0.0,1.1263351593665345
~/anvil/data/cve-targets/lua_repo_lstate.h,278,123,428,l_uint32 nCcalls;  /* number of nested (non-yieldable | C)  calls */,int basehookcount;,"  int basehookcount;
  int hookcount;
  volatile l_signalT hookmask;
};",2.701171875,"[[220, 526, 2331, 20873, 1830, 280, 220, 526, 9704, 1830, 280, 220, 17072, 326, 21137, 51, 9704, 11258, 280, 11061, 151645]]","[-0.3288639485836029, -0.00018761781393550336, -0.0005268854438327253, -2.3841855067985307e-07, -9.536738616588991e-07, -4.291525328881107e-06, 0.0, -1.1920928244535389e-07, -3.576278118089249e-07, -1.1920928244535389e-07, -1.1920928244535389e-07, 0.0, -1.4185804502631072e-05, -1.1920928244535389e-07, -1.0371154530730564e-05, 0.0, -2.3841855067985307e-07, 0.0, -0.011123313568532467, -3.969590397900902e-05, -2.8490614567999728e-05]",15.83359432220459,False,3.0,-0.34080106538871746,-0.016228622161367497,21.0,-0.32958393545911235,-0.05493065590985206,6.0,0.013233410123060485,1,6,18,5,0.3333333333333333,-49.17421483976005,-1.1339169508838356,True,24,1.1428571428571428,58.0,0.2325581395348837,3.0,2.002427210873596
~/anvil/data/cve-targets/lua_repo_ldo.c,285,255,292,lua_lock(L);,lua_lock(L);,lua_lock(L);,0.68212890625,"[[27623, 9818, 4957, 1215, 151645]]","[-0.06436410546302795, -0.08539194613695145, -1.311301275563892e-06, -0.00015031162183731794, -2.8729025871143676e-05]",19.39643096923828,True,0.0,-0.14993640354896343,-0.029987280709792685,5.0,-0.14990767452309228,-0.03747691863077307,4.0,0.0014541168530461577,0,9,9,9,1.0,-18.20130712907357,-1.239550585962133,False,4,0.8,0.0,1.0,0.0,0.8939227018863585
~/anvil/data/cve-targets/libxml2_repo_parser.c,4965,4831,4974,"target, buf);","target, buf);","                                                     target, buf);",0.38134765625,"[[24348, 2169, 11, 6607, 1215, 151645]]","[-1.6184972524642944, -3.2186455882765586e-06, 0.0, -0.006654128432273865, -0.6068404912948608, -7.92710343375802e-05]",1.348252773284912,True,0.0,-2.232074361871355,-0.3720123936452258,6.0,-2.2319950908370174,-0.5579987727092544,4.0,0.3982945196881803,0,7,7,7,1.0,-0.6834202419450508,-1.2667512747027616,False,4,0.6666666666666666,0.0,1.0,0.0,0.8402010971911541
~/anvil/data/cve-targets/sqlite3_repo_src_window.c,870,847,878,pSub->flags &= ~(EP_IntValue|EP_IsTrue|EP_IsFalse);,```c,"```c
    }
  }
  return pList;
}
```",0.76416015625,"[[73594, 66, 198, 262, 456, 220, 456, 220, 470, 281, 852, 280, 532, 73594, 151645]]","[-0.061342984437942505, 0.0, -7.152555099310121e-07, -0.2269716113805771, -3.9457496313843876e-05, -8.583032467868179e-06, -7.152555099310121e-07, 0.0, 0.0, 0.0, 0.0, 0.0, -7.152555099310121e-07, -8.702239938429557e-06, -4.088794958079234e-05]",6.320497989654541,False,5.0,-0.2884143723033503,-0.019227624820223353,15.0,-0.2883153110740295,-0.09610510369134317,3.0,0.008624411115758089,1,21,9,2,2.3333333333333335,-7.9512963089267545,-1.1186800250866966,True,18,1.2,51.0,0.0,20.0,2.1352429516378786
~/anvil/data/cve-targets/poppler_repo_poppler_SplashOutputDev.cc,1699,1633,1887,doAdjustFontMatrix = true;,```cpp,"```cpp
            fontType = fontTrueType;
```",2.255859375,"[[73594, 10821, 198, 310, 3301, 929, 284, 3301, 2514, 929, 280, 73594]]","[-0.23574568331241608, -2.3841855067985307e-07, -9.536738616588991e-07, -0.4127725064754486, -0.0991707593202591, -0.005630348809063435, 0.0, -0.2431386560201645, -0.1484091877937317, 0.0, -0.0011616155970841646, -0.00017128908075392246]",10.828486442565918,False,2.0,-1.1462012385013338,-0.09551676987511115,12.0,-0.648519381880277,-0.16212984547006926,4.0,0.030203205533708605,0,7,8,2,0.875,-13.913905662831546,-1.000550421506921,True,7,0.5833333333333334,26.0,0.0,6.0,2.115601150522289
~/anvil/data/cve-targets/openssl_repo_crypto_asn1_a_int.c,177,164,213,if (pneg),```c,"```c
    *pneg = neg",2.93359375,"[[73594, 66, 198, 262, 353, 19958, 791, 284, 4184]]","[-0.004487562924623489, 0.0, -1.7881377516459906e-06, -0.15459267795085907, -0.07540220022201538, -2.288792165927589e-05, -1.1920928244535389e-07, 0.0, -2.861018856492592e-06]",19.219261169433597,False,1.0,-0.2345100973850478,-0.026056677487227533,9.0,-0.1590820290132342,-0.0530273430044114,3.0,0.004398065327869012,0,9,8,2,1.125,-55.32228438743294,-1.2340724536839802,True,5,0.5555555555555556,9.0,0.0,8.0,1.9573962365240574
~/anvil/data/cve-targets/php_repo_ext_exif_exif.c,2223,2210,2256,if ((f=image_info->info_list[section_index].list[i].name) != NULL) {,```c,"```c
			f = image_info->info_list[section_index].list[i].value.s;
```",1.1015625,"[[73594, 66, 198, 298, 1166, 284, 2168, 3109, 405, 2733, 2019, 89397, 3560, 936, 1607, 989, 936, 957, 514, 280, 73594, 151645]]","[-0.09460098296403885, -2.3841855067985307e-07, -4.172316494077677e-06, -0.9863781929016113, -0.0014073477359488606, -1.6689286894688848e-06, -4.7801782784517854e-05, -3.576278118089249e-07, 0.0, 0.0, 0.0, -8.189342770492658e-05, -3.576278118089249e-07, 0.0, 0.0, -4.768370445162873e-07, -5.960446742392378e-06, -7.629365427419543e-06, -0.002253019018098712, -4.970903682988137e-05, -0.0004586121649481356, -0.0001280225842492655]",9.67923069000244,False,2.0,-1.0854264431847866,-0.049337565599308485,22.0,-1.080983586600695,-0.27024589665017373,4.0,0.17243997670051256,0,39,30,2,1.3,-4.0761488468627665,-1.0285819681570174,True,20,0.9090909090909091,67.0,0.02777777777777779,38.0,2.4252405263684396
~/anvil/data/cve-targets/libtiff_repo_libtiff_tif_dir.c,113,82,118,},```c,"```c
",2.5546875,"[[73594, 66, 198]]","[-0.12171017378568649, 0.0, -1.311301275563892e-06]",9.210257530212402,False,1.0,-0.12171148508696206,-0.04057049502898735,3.0,-0.12171148508696206,-0.06085574254348103,2.0,0.003291823734656752,1,2,2,2,1.0,-41.97939903822047,-1.0407123730251568,True,1,0.3333333333333333,4.0,0.0,2.0,2.032426917881798
~/anvil/data/cve-targets/poppler_repo_poppler_XRef.cc,1493,1486,1515,if ((!xRefStream) && mainXRefEntriesOffset) {,if (i < 0 || i >= size || entries[i].type == xrefEntryNone) {,if (i < 0 || i >= size || entries[i].type == xrefEntryNone) {,3.630859375,"[[333, 320, 72, 366, 220, 15, 1369, 600, 2604, 1379, 1369, 10695, 989, 936, 1313, 621, 856, 1097, 5874, 4064, 8, 314]]","[-0.006680416874587536, -2.861018856492592e-06, -0.013783746398985386, -0.0001282609737245366, -1.1920922133867862e-06, 0.0, -0.2725146412849426, -0.05475252866744995, -1.6689286894688848e-06, -2.1934269170742482e-05, -0.2725146412849426, -4.911301948595792e-05, -5.960462772236497e-07, 0.0, -1.1920928244535389e-07, 0.0, 0.0, 0.0, -2.861018856492592e-06, -1.4543427823809907e-05, 0.0, -1.1920922133867862e-06]",7.337308883666992,False,0.0,-0.6204703166075021,-0.028203196209431913,22.0,-0.6204703166075021,-0.03877939478796888,16.0,0.006102804179807239,1,18,33,33,0.5454545454545454,-93.62857246360267,-1.0906012709664399,True,14,0.6363636363636364,46.0,0.37735849056603776,23.0,2.199921330518518
~/anvil/data/cve-targets/php_repo_ext_phar_util.c,1418,1252,1478,PHP_SHA1_CTX  context;,PHP_SHA1_CTX context;,PHP_SHA1_CTX context;,0.022247314453125,"[[15158, 38096, 16, 44233, 2266, 26, 151645]]","[-0.5518245100975037, -0.0016213617054745555, -8.106198947643861e-06, -0.35658031702041626, -4.0411134250462055e-05, -3.576278118089249e-07, -5.400034933700226e-05]",17.596288681030273,False,0.0,-0.9101290641337414,-0.13001843773339164,7.0,-0.9100750637844044,-0.15167917729740074,6.0,0.048937167664951764,1,5,5,5,1.0,-0.1466734910455388,-1.185003023478128,True,7,1.0,1.0,0.9767441860465116,0.0,1.8776291563322602
~/anvil/data/cve-targets/sqlite3_repo_ext_rtree_rtree.c,578,567,580,pNode->pNext = 0;,pNode->pNext = 0;,  pNode->pNext = 0;,0.0002732276916503,"[[220, 64566, 405, 89281, 284, 220, 15, 26, 151645]]","[-0.015229021199047565, -0.005327907390892506, 0.0, -4.458328112377785e-05, 0.0, -0.04448946192860603, 0.0, -6.556489552167477e-06, -0.0004744596080854535]",14.774381637573242,True,0.0,-0.0655719898973075,-0.007285776655256389,9.0,-0.06509753028922205,-0.01301950605784441,5.0,0.0002137391101226051,0,10,10,10,1.0,-0.020986025924207546,-1.1042845397810088,False,8,0.8888888888888888,0.0,1.0,0.0,1.0025333028721883
~/anvil/data/cve-targets/libsndfile_repo_src_wavlike.c,287,95,384,buffer [--bit] = 0 ;,```c,"```c
psf->sf.seekable = psf->",0.09014892578125,"[[73594, 66, 198, 1690, 69, 405, 17246, 38179, 480, 284, 4726, 69, 405]]","[-0.006708244327455759, -5.960462772236497e-07, -3.576278118089249e-07, -0.6307690143585205, -1.1920928244535389e-07, -0.2490864247083664, -0.0395456999540329, -0.24402929842472076, -0.000436925794929266, -0.003029758809134364, -0.021881932392716408, -1.1920922133867862e-06, -0.015501135028898716]",6.978433132171631,False,1.0,-1.21099069877436,-0.09315313067495076,13.0,-0.006709198001544792,-0.0022363993338482637,3.0,9.998698832900103e-06,1,14,10,2,1.4,-40.30985183049892,-1.1004300552075947,True,8,0.6153846153846154,20.0,0.0,13.0,2.0536142864429183
~/anvil/data/cve-targets/openssl_repo_crypto_rsa_rsa_ameth.c,546,534,551,if (magma_int) {,if (magma_int <= 0) {,"if (magma_int <= 0) {
    ERR",2.548828125,"[[333, 320, 76, 5716, 4042, 2651, 220, 15, 8, 341, 262, 10165]]","[-0.4184569716453552, -1.0728830375228426e-06, -3.933898824470816e-06, -1.1920928244535389e-07, -2.3841855067985307e-07, -0.02442343160510063, 0.0, -2.3841855067985307e-07, -1.1920928244535389e-07, -0.001814268296584487, -0.042409248650074005, -0.008611094206571579]",16.017141342163086,False,1.0,-0.49572073644121417,-0.04131006137010118,12.0,-0.4871096422346426,-0.048710964223464256,10.0,0.01417582268100699,1,10,11,13,0.9090909090909091,-52.325552688858906,-1.1391320839400618,True,7,0.5833333333333334,5.0,0.8648648648648649,3.0,2.0394661178840043
~/anvil/data/cve-targets/libpng_repo_pngset.c,473,444,497,"png_chunk_report(png_ptr, ""Invalid palette"", PNG_CHUNK_ERROR);",#ifdef PNG_MNG_FEATURES_SUPPORTED,"#ifdef PNG_MNG_FEATURES_SUPPORTED
   if (num_palette == 0 && (png_ptr->m",1.4580078125,"[[5753, 41639, 1245, 6140, 30827, 50, 52583, 198, 256, 421, 320, 2413, 66252, 621, 220, 15, 1009, 320, 14066, 4348, 405, 76]]","[-0.11891059577465057, -0.0004294188693165779, -0.38773995637893677, -0.0003861635341309011, -0.0056206281296908855, 0.0, -0.0002706876548472792, -6.556489552167477e-06, -0.005839905235916376, -0.00026425207033753395, -0.04078682139515877, -0.03994094580411911, -2.0503786799963564e-05, -0.00013612773909699172, -1.311301275563892e-06, -2.622600959512056e-06, -0.0026126320008188486, -0.00038413776201196015, -8.034383063204587e-05, -5.125986263010418e-06, 0.0, -3.361645576660521e-05]",7.281627178192139,False,1.0,-0.6034723528002814,-0.027430561490921882,22.0,-0.5192039120670415,-0.06490048900838019,8.0,0.014955064874797776,1,16,15,5,1.0666666666666667,-22.465282385033134,-1.092120491600073,True,14,0.6363636363636364,57.0,0.2947368421052632,15.0,2.1191415860989813
~/anvil/data/cve-targets/sqlite3_repo_src_select.c,1067,942,1302,#endif,```,```,7.66796875,[[73594]],[-0.0036655159201472998],8.465937614440918,False,0.0,-0.0036655159201472998,-0.0036655159201472998,1.0,-0.0036655159201472998,-0.0036655159201472998,1.0,0.0,0,2,1,1,2.0,-2091.9207328642187,-1.0602592467456293,True,1,1.0,6.0,0.0,1.0,2.1493715788251273
~/anvil/data/cve-targets/php_repo_ext_phar_zip.c,144,136,159,do {,while (end,	while (end,0.796875,"[[5217, 320, 408]]","[-0.49923136830329895, -0.0317879319190979, -0.4406399428844452]",8.484789848327637,False,0.0,-0.971659243106842,-0.32388641436894733,3.0,-0.971659243106842,-0.32388641436894733,3.0,0.04323292091352136,0,3,4,4,0.75,-2.4603532740100027,-1.0597596581018964,True,2,0.6666666666666666,9.0,0.1428571428571429,3.0,1.981670365902965
~/anvil/data/cve-targets/libxml2_repo_parser.c,7863,7814,7865,*/,if (RAW,if (RAW,12.734375,"[[333, 320, 21550]]","[-0.6774805784225464, -2.2411095415009186e-05, -0.09186693280935287]",12.650070190429688,False,0.0,-0.7693699223273143,-0.2564566407757714,3.0,-0.7693699223273143,-0.2564566407757714,3.0,0.09003648073060806,1,3,4,4,0.75,-49.65507994442651,-1.0471685092464245,True,1,0.3333333333333333,7.0,0.0,3.0,2.3042172778136076
~/anvil/data/cve-targets/openssl_repo_crypto_x509_x509_obj.c,80,17,173,? (int)sizeof(ebcdic_buf) : num);,```c,"```c
                         || (num > (int)sizeof(ebcdic_buf)))
```",0.47021484375,"[[73594, 66, 198, 5108, 1369, 320, 2413, 861, 320, 396, 8, 10318, 2026, 91490, 292, 10363, 5929, 73594, 151645]]","[-0.10088716447353363, 0.0, -4.768370445162873e-07, -0.03484346345067024, -0.46800535917282104, -0.02010572887957096, -0.017743779346346855, -6.258291978156194e-05, -1.9192511899746023e-05, 0.0, -6.031808152329177e-05, -5.960462772236497e-07, -1.1920928244535389e-07, -2.7179348762729205e-05, 0.0, -8.106198947643861e-06, -0.4414640963077545, -1.3589766240329482e-05, -5.757642793469131e-05]",4.430153846740723,False,2.0,-1.0832993289783914,-0.05701575415675744,19.0,-0.1357311047612484,-0.045243701587082796,3.0,0.0016966384252620366,1,20,22,2,0.9090909090909091,-10.392934867297587,-1.1728164107121077,True,13,0.6842105263157895,32.0,0.05405405405405406,20.0,2.070151770840472
~/anvil/data/cve-targets/lua_repo_ldebug.c,754,747,794,lu_byte mask = L->hookmask;,int mask = L->hookmask;  /* get current hook mask */,int mask = L->hookmask;  /* get current hook mask */,1.603515625,"[[396, 6911, 284, 444, 405, 20873, 11258, 26, 220, 1391, 633, 1482, 9704, 6911, 639]]","[-0.08818750083446503, -0.4803721010684967, -6.4490144723095e-05, -0.00762161472812295, -3.576278118089249e-07, -0.0005685858195647597, -8.49926145747304e-05, -0.00025662468397058547, -0.356065958738327, -1.2993727978027891e-05, -0.0057097673416137695, -0.06947349011898041, -0.18093721568584442, -0.0007630059262737632, -0.11870460212230682]",18.26425170898437,False,0.0,-1.308823301183054,-0.08725488674553693,15.0,-1.308823301183054,-0.08725488674553693,15.0,0.020190895106027618,1,11,12,12,0.9166666666666666,-18.37737328886075,-1.204957626677121,True,9,0.6,35.0,0.5316455696202531,2.0,1.9701439842630433
~/anvil/data/cve-targets/php_repo_ext_exif_exif.c,2939,2908,2994,if (maker_note->offset >= value_len) {,```c,"```c
	if (value_len < maker_note->offset) {
```",1.201171875,"[[73594, 66, 198, 743, 320, 957, 6043, 366, 24232, 27207, 405, 3176, 8, 341, 73594, 151645]]","[-0.026075158268213272, -1.5497195136049413e-06, -3.933898824470816e-06, -0.435642808675766, -0.0005393957253545523, -0.07859016209840775, -2.7417760065873154e-05, -0.00013255194062367082, -0.003731551580131054, -1.3708974620385561e-05, 0.0, -0.002725341124460101, -0.04975694790482521, -4.768370445162873e-07, -0.00010179955279454589, -0.0001292145170737058]",8.612196922302246,False,2.0,-0.5974720185777187,-0.03734200116110742,16.0,-0.026080641886551348,-0.008693547295517115,3.0,0.0001510602009504609,1,16,15,2,1.0666666666666667,-138.16821076241135,-1.0563895062870696,True,11,0.6875,38.0,0.0,15.0,2.1428255498132676
~/anvil/data/cve-targets/sqlite3_repo_src_sqliteInt.h,2107,1952,2257,((X)->op==TK_COLUMN && (X)->y.pTab==0),"or greater than the target key, respectively.  These values are typically the rowid or the index number of the entry to return.","or greater than the target key, respectively.  These values are typically the rowid or the index number of the entry to return.",2.501953125,"[[269, 7046, 1091, 279, 2169, 1376, 11, 15576, 13, 220, 4220, 2750, 525, 11136, 279, 2802, 307, 476, 279, 1922, 1372, 315, 279, 4343, 311, 470, 13]]","[-0.2967522144317627, -0.000161038784426637, -2.3841855067985307e-07, -0.004475933033972979, -0.442066490650177, -0.010883495211601257, -4.351044481154531e-05, -1.1920922133867862e-06, 0.0, -0.20791850984096527, -0.10250293463468552, -0.5041344165802002, -0.0004704084130935371, -0.6520631909370422, -0.9119988679885864, -0.7782287001609802, -0.4902518391609192, -0.6039125323295593, -0.33714255690574646, -0.7438848614692688, -0.11068706214427948, -0.023862898349761963, -0.00031513971043750644, -0.4014134109020233, -0.6788035035133362, -0.5132725238800049, -0.02093655802309513]",17.558942794799805,False,0.0,-7.836184028011502,-0.29022903807450007,27.0,-7.836184028011502,-0.3013916933850578,26.0,0.08705533594266548,1,31,26,26,1.1923076923076923,-8.301334044410796,-1.1838971650967858,True,17,0.6296296296296297,120.0,0.10909090909090913,35.0,2.238800348073957
~/anvil/data/cve-targets/sqlite3_repo_ext_fts5_fts5_hash.c,411,393,430,"if(pTerm==0 || 0==memcmp(fts5EntryKey(pIter), pTerm, nTerm)) {",```c,"```c
      if( nTerm>0 && (pIter->nTerm!=nTerm || memcmp(pIter->zTerm, pTerm, nTerm)) ) continue;
```",2.404296875,"[[73594, 66, 198, 414, 421, 7, 308, 17249, 29, 15, 1009, 320, 79, 8537, 405, 77, 17249, 5824, 77, 17249, 1369, 98718, 1295, 8537, 405, 89, 17249, 11, 281, 17249, 11, 308, 17249, 593, 873, 3060, 280, 73594, 151645]]","[-0.0004887578543275595, -2.3841855067985307e-07, -3.576278118089249e-07, -0.006524096243083477, -0.0002759314374998212, -1.0728830375228426e-06, -0.3439326286315918, -1.537788011773955e-05, -0.3346904218196869, -2.3603161025675945e-05, -0.00048708971007727087, -0.27082446217536926, -0.04333055764436722, -0.08940538018941879, 0.0, -0.0009322587866336107, -0.671556830406189, -0.09548596292734146, -1.311301275563892e-06, -2.622600959512056e-06, -3.576278118089249e-07, -0.0010175295174121857, -5.972207145532593e-05, -0.046966031193733215, 0.0, -0.04360129311680794, -0.01737797074019909, -6.48477507638745e-05, 0.0, -1.4305104514278355e-06, -1.1920928244535389e-07, -1.3708974620385561e-05, -1.6689286894688848e-06, -0.07142595946788788, -0.41156554222106934, -9.179073458653875e-06, -7.152555099310121e-07, -5.364403477869928e-06, -0.00010656742961145937]",17.51189422607422,False,2.0,-2.450196969190607,-0.06282556331257967,39.0,-0.007013450143773525,-0.0017533625359433813,4.0,7.626398871031164e-06,1,33,41,2,0.8048780487804879,-1371.2491431250921,-1.1825054670463497,True,25,0.6410256410256411,61.0,0.030303030303030276,32.0,2.2601603931053775
~/anvil/data/cve-targets/php_repo_ext_phar_phar.c,846,632,1125,efree(savebuf);,```c,"```c
if (error) {
    spp",1.517578125,"[[73594, 66, 198, 333, 320, 841, 8, 341, 262, 90699]]","[-0.00790195632725954, -1.6689286894688848e-06, -1.0728830375228426e-06, -0.6041110157966614, -1.2993727978027891e-05, -0.05523950234055519, -4.6491513785440475e-06, -7.152555099310121e-07, -0.4668962359428406, -0.027192508801817894]",13.123167991638184,False,2.0,-1.161362319155728,-0.1161362319155728,10.0,-0.007904698138986532,-0.0026348993796621776,3.0,1.3870944503828562e-05,0,9,11,2,0.8181818181818182,-575.9529706195345,-1.059627370236425,True,5,0.5,15.0,0.0,8.0,2.068791241039911
~/anvil/data/cve-targets/poppler_repo_poppler_FileSpec.cc,120,88,122,if (obj1.isString()),if (obj1.isString()) {,if (obj1.isString()) {,0.1593017578125,"[[333, 320, 2295, 16, 2079, 703, 2140, 314, 151645]]","[-0.03191414475440979, -0.0002873722987715155, -0.0006736631621606648, 0.0, -0.00026663561584427953, -4.0531076592742465e-06, 0.0, -0.010230128653347492, -0.00015770144818816334]",8.512864112854004,False,0.0,-0.04353369904038118,-0.004837077671153465,9.0,-0.043375997592193016,-0.007229332932032169,6.0,0.00011107387970664917,1,16,17,17,0.9411764705882353,-22.03547122676507,-1.05901611973668,True,7,0.7777777777777778,2.0,0.9523809523809523,3.0,2.113375124802842
~/anvil/data/cve-targets/libsndfile_repo_src_wavlike.c,286,95,384,buffer [--bit] = 0 ;,```c,"```c
psf_log_printf (psf, "" ",0.045989990234375,"[[73594, 66, 198, 1690, 69, 5224, 21823, 320, 1690, 69, 11, 330, 220]]","[-0.02062399685382843, -5.960462772236497e-07, -3.576278118089249e-07, -0.40583038330078125, 0.0, -0.5185993909835815, -0.0001411338453181088, 0.0, -1.1920928244535389e-07, 0.0, 0.0, -0.07616481930017471, -0.007718146312981844]",4.263675212860107,False,1.0,-1.0290789434800374,-0.07915991872923364,13.0,-0.020624950527917463,-0.006874983509305821,3.0,9.451768398340429e-05,1,14,8,2,1.75,-6.689469170671319,-1.177707804404348,True,8,0.6153846153846154,20.0,0.0,13.0,1.9867274896865235
~/anvil/data/cve-targets/poppler_repo_poppler_GfxState.cc,2433,2418,2434,"alt->getCMYK(&color2, cmyk);",```,"```
        alt->getCMYK(&color2, cmyk);
```",0.07098388671875,"[[13874, 3989, 286, 4797, 405, 455, 9985, 56, 42, 2099, 3423, 17, 11, 272, 2408, 74, 317, 73594, 151645]]","[-0.6160828471183777, -3.576278118089249e-07, -0.10572238266468048, -0.000647692708298564, 0.0, -1.728519782773219e-05, -0.00017557987303007394, 0.0, 0.0, 0.0, 0.0, 0.0, 0.0, 0.0, 0.0, 0.0, -2.3841855067985307e-07, -0.0199887678027153, -0.00013743886665906757]",5.825692176818848,False,2.0,-0.7427725902779514,-0.03909329422515534,19.0,-0.72180558741087,-0.24060186247029,3.0,0.07235584267913145,1,16,16,1,1.0,-0.29502633932235345,-1.1326042040667161,True,14,0.7368421052631579,28.0,0.0,15.0,2.0484732557583136
~/anvil/data/cve-targets/poppler_repo_splash_SplashXPathScanner.cc,283,203,293,"if (!addIntersection(segYMin, segYMax, y, x0, x1, count))","if (!addIntersection(segYMin, segYMax, y, x0, x1, count))","if (!addIntersection(segYMin, segYMax, y, x0, x1, count))",0.000116229057312,"[[333, 1505, 718, 72927, 68915, 56, 6217, 11, 4810, 56, 5974, 11, 379, 11, 856, 15, 11, 856, 16, 11, 1760, 593, 151645]]","[-0.5641778111457825, -8.702239938429557e-06, -8.344646857949556e-07, -3.2305197237292305e-05, -0.0006418551784008741, -4.0531076592742465e-06, -1.1920928244535389e-07, 0.0, -6.079655122448457e-06, 0.0, -3.576278118089249e-07, 0.0, 0.0, 0.0, -2.622600959512056e-06, -8.344646857949556e-07, 0.0, -1.9073468138230965e-06, -1.3828182090946939e-05, -1.1920928244535389e-07, -1.311301275563892e-06, -0.0011042217956855893, -0.014464757405221462]",21.741724014282227,True,0.0,-0.580461720131936,-0.025237466092692867,23.0,-0.5659969627267145,-0.03537481017041966,16.0,0.013806216144013577,0,26,26,26,1.0,-0.0032856446932735908,-1.3144012113943857,False,22,0.9565217391304348,0.0,1.0,0.0,1.0056199574012616
~/anvil/data/cve-targets/lua_repo_ldebug.c,593,584,599,if (c->upvals[i]->v == o) {,if (o == c->upvals[i]->v) {,    if (o == c->upvals[i]->v) {,0.25,"[[262, 421, 320, 78, 621, 272, 405, 454, 25596, 989, 6294, 85, 8, 314, 151645]]","[-0.022181041538715363, -1.0728830375228426e-06, -0.038292936980724335, -0.062195491045713425, -0.0001431601122021675, -0.024449024349451065, -1.9073468138230965e-06, -4.31528314948082e-05, -0.19133037328720093, 0.0, -0.00602927478030324, -4.172316494077677e-06, -5.960462772236497e-07, -7.152555099310121e-07, -4.017272294731811e-05]",24.13324546813965,False,0.0,-0.3447130914968852,-0.022980872766459014,15.0,-0.3446729187739379,-0.02651330144414907,13.0,0.0024701710626459845,0,24,24,24,1.0,-9.429229344622781,-1.3953834411612194,True,13,0.8666666666666667,10.0,0.8148148148148149,4.0,1.9205359341867112
~/anvil/data/cve-targets/php_repo_ext_phar_util.c,1475,1252,1478,},return SUCCESS;,"return SUCCESS;
",3.857421875,"[[689, 33941, 280]]","[-0.05664505437016487, -7.080780778778717e-05, -0.24187110364437103]",9.149913787841797,False,1.0,-0.2985869658223237,-0.09952898860744123,3.0,-0.2985869658223237,-0.09952898860744123,3.0,0.010664079752276715,0,2,5,5,0.4,-38.75676754050329,-1.0422835698588775,True,1,0.3333333333333333,15.0,0.0,4.0,2.065121055401969
~/anvil/data/cve-targets/lua_repo_liolib.c,213,205,217,LStream *p = newprefile(L);,"LStream *p = (LStream *)lua_newuserdata(L, sizeof(L","LStream *p = (LStream *)lua_newuserdata(L, sizeof(L",1.3203125,"[[43, 3027, 353, 79, 284, 320, 43, 3027, 2586, 27623, 5921, 23496, 4957, 11, 3935, 4957]]","[-0.13747505843639374, -8.821448318485636e-06, -2.3841855067985307e-07, 0.0, -3.576278118089249e-07, -0.047765642404556274, 0.0, -2.264974000354414e-06, -0.0010986251290887594, -0.00014220656885299832, -0.0016073177102953196, -0.008621140383183956, -0.608725905418396, 0.0, -1.3470558769768104e-05, -1.4305104514278355e-06]",17.85965347290039,False,0.0,-0.8054624795886696,-0.05034140497429185,16.0,-0.8054624795886696,-0.061958652276051504,13.0,0.021953637395970706,1,15,19,19,0.7894736842105263,-21.309574232142108,-1.1928309671247488,True,10,0.625,32.0,0.5384615384615384,15.0,2.018515632910055
~/anvil/data/cve-targets/openssl_repo_crypto_x509_x509_vfy.c,966,948,997,if (crl_score == best_score) {,```c,"```c
        if (crl_score == best_score) {
```",0.0042991638183593,"[[73594, 66, 198, 286, 421, 320, 66, 2381, 10405, 621, 1850, 10405, 8, 341, 73594, 151645]]","[-0.06221475824713707, -1.585470999998506e-05, -8.344646857949556e-07, -0.09402690082788467, -0.0025521109346300364, -1.0728830375228426e-06, -0.04060621187090874, -1.0728830375228426e-06, -2.396077979938127e-05, -0.015204834751784801, -7.152555099310121e-07, -3.576278118089249e-07, -0.003032017033547163, -2.0265558760002023e-06, -0.023275379091501236, -0.00011145447206217796]",8.431292533874512,False,2.0,-0.24106956238921384,-0.015066847649325865,16.0,-0.15625834824970752,-0.03906458706242688,4.0,0.0016518916564207528,1,13,12,2,1.0833333333333333,-0.11005271376577085,-1.0611779637266132,True,10,0.625,29.0,0.05882352941176472,12.0,2.0733962811820366
~/anvil/data/cve-targets/php_repo_ext_exif_exif.c,1920,1911,1921,return info->offset_base + offset;,return (char *)info->valid_start + offset;,"	return (char *)info->valid_start + offset;
}",3.31640625,"[[853, 320, 1762, 2586, 2733, 405, 1891, 4906, 488, 4347, 280, 92]]","[-0.5482664108276367, -0.00045277358731254935, -1.1920928244535389e-07, -0.025572605431079865, -2.2649508537142538e-05, -1.1920928244535389e-07, -0.001211028778925538, -2.7418097943154862e-06, 0.0, -5.960462772236497e-07, -0.0048566944897174835, -1.0728830375228426e-06]",25.55028915405273,False,1.0,-0.5803868117808832,-0.04836556764840694,12.0,-0.5803857388978457,-0.058038573889784575,10.0,0.02460479685077438,1,11,19,18,0.5789473684210527,-57.14141523011688,-1.4457024642490393,True,8,0.6666666666666666,18.0,0.6842105263157895,8.0,1.8101088217827959
~/anvil/data/cve-targets/libsndfile_repo_src_wav.c,902,828,934,"psf_binheader_writef (psf, ""44"", BHW4 (psf->instrument->loop_count), BHW4 (0)) ;",```c,"```c
	if (psf->error)
		return psf->error ;
```",0.2232666015625,"[[73594, 66, 198, 743, 320, 1690, 69, 405, 841, 340, 197, 853, 4726, 69, 405, 841, 4386, 73594, 151645]]","[-0.13237722218036652, -2.3841830625315197e-06, -8.344646857949556e-07, -0.3858303427696228, -5.2569914259947836e-05, -0.050607938319444656, 0.0, -1.1920928244535389e-07, -1.029139757156372, -3.6954811548639555e-06, -7.152555099310121e-07, -2.2411095415009186e-05, -8.344646857949556e-07, 0.0, 0.0, 0.0, -2.3841855067985307e-07, -0.9219924807548523, -5.6503606174374e-05]",3.682757377624512,False,3.0,-2.5200880472734397,-0.13263621301439157,19.0,-0.13238044082811484,-0.044126813609371617,3.0,0.0038940673068740364,1,34,20,2,1.7,-5.059658364162574,-1.1949363932284687,True,33,1.736842105263158,79.0,0.023809523809523836,33.0,2.203976299585332
~/anvil/data/cve-targets/libpng_repo_pngrutil.c,312,278,370,*/,```c,"```c
",14.5,"[[73594, 66, 198]]","[-0.09920541197061539, -3.576278118089249e-07, -3.933898824470816e-06]",7.4075927734375,False,1.0,-0.09920970349725167,-0.03306990116575056,3.0,-0.09920970349725167,-0.03306990116575056,3.0,0.0021869528968418155,0,3,2,2,1.5,-438.4651749433466,-1.088686661049136,True,1,0.3333333333333333,4.0,0.0,2.0,2.3150239573048093
~/anvil/data/cve-targets/libsndfile_repo_src_common.c,583,470,684,"double64_le_write (doubledata, psf->header.ptr + psf->header.indx) ;","double64_le_write (doubledata, psf->header.ptr + psf->header.indx) ;","double64_le_write (doubledata, psf->header.ptr + psf->header.indx) ;",0.257080078125,"[[4331, 21, 19, 11751, 9165, 320, 4331, 691, 11, 4726, 69, 405, 2708, 38740, 488, 4726, 69, 405, 2708, 28473, 87, 8, 2587, 151645]]","[-0.334913969039917, -1.1920928244535389e-07, 0.0, -2.288792165927589e-05, -1.7404405298293568e-05, -2.3841855067985307e-07, -9.536738616588991e-07, 0.0, 0.0, -3.099436753473128e-06, 0.0, 0.0, 0.0, -7.986703712958843e-05, 0.0, -8.34461570775602e-06, 0.0, 0.0, 0.0, -0.00035422726068645716, 0.0, 0.0, -0.5341971516609192, -9.369411418447271e-05]",7.81785249710083,True,0.0,-0.8696919567939503,-0.036237164866414595,24.0,-0.8695982626797658,-0.07905438751634235,11.0,0.015854599386772073,0,26,26,26,1.0,-3.251939407814091,-1.0775776211119243,False,23,0.9583333333333334,0.0,1.0,0.0,1.2137770916356745
~/anvil/data/cve-targets/lua_repo_ldebug.c,396,356,568,},```,```,12.0078125,[[73594]],[-0.5700508952140808],15.29000186920166,False,0.0,-0.5700508952140808,-0.5700508952140808,1.0,-0.5700508952140808,-0.5700508952140808,1.0,0.0,0,2,1,1,2.0,-21.064456877118847,-1.1186114683275534,True,1,1.0,3.0,0.0,1.0,2.2131039246917474
~/anvil/data/cve-targets/lua_repo_ldo.c,329,309,331,if (isLua(ci->previous)),L->oldpc = ci->previous->u.l.savedpc,L->oldpc = ci->previous->u.l.savedpc,1.5458984375,"[[43, 405, 813, 3992, 284, 11825, 405, 19702, 405, 84, 918, 81346, 3992]]","[-0.40351006388664246, 0.0, -8.702239938429557e-06, 0.0, 0.0, -8.880697714630514e-05, 0.0, -0.06861402839422226, -2.5629668016335927e-05, -2.3841855067985307e-07, -2.7418097943154862e-06, -0.0020353333093225956, 0.0]",16.253650665283203,False,0.0,-0.4742855447036334,-0.03648350343874103,13.0,-0.4742855447036334,-0.05928569308795417,8.0,0.01155606226597598,1,17,22,22,0.7727272727272727,-26.075404654653514,-1.145887419460115,True,8,0.6153846153846154,24.0,0.43333333333333335,20.0,2.087066432923816
~/anvil/data/cve-targets/poppler_repo_poppler_Stream.cc,532,507,538,if (width > INT_MAX / nComps) {,if (nBits != 1 && nBits != 8) {,if (nBits != 1 && nBits != 8) {,1.7529296875,"[[333, 320, 77, 19920, 961, 220, 16, 1009, 308, 19920, 961, 220, 23, 8, 314, 151645]]","[-0.012871635146439075, -7.152555099310121e-07, -0.8064753413200378, -0.00010084597306558862, -0.07432053238153458, 0.0, -0.4774574637413025, 0.0, -1.1920928244535389e-07, -1.4066597032069694e-05, -2.3841855067985307e-07, 0.0, -0.011185440234839916, -1.3232143828645349e-05, -0.002736516296863556, -0.00023910524032544345]",14.05293083190918,False,0.0,-1.3854152519586123,-0.08658845324741327,16.0,-1.3851761467182868,-0.11543134555985723,12.0,0.050418382822668,1,16,19,19,0.8421052631578947,-15.18590707747588,-1.084545906261652,True,12,0.75,22.0,0.4838709677419355,8.0,2.1332886891684866
~/anvil/data/cve-targets/poppler_repo_poppler_JBIG2Stream.cc,720,673,858,for (yy = y0; yy < y1; ++yy) {,for (yy = y0; yy < y1; ++yy) {,for (yy = y0; yy < y1; ++yy) {,0.0263671875,"[[1958, 320, 4807, 284, 379, 15, 26, 13197, 366, 379, 16, 26, 3443, 4807, 8, 314, 151645]]","[-0.004393923562020063, -3.325883881188929e-05, -3.9934315282152966e-05, -1.1920928244535389e-07, -1.3112935448589269e-05, -3.576278118089249e-07, -4.6491513785440475e-06, -5.8412379075889476e-06, -1.2159273865108844e-05, -3.576278118089249e-07, 0.0, -5.125986263010418e-06, -0.00024244230007752776, -4.768370445162873e-07, 0.0, -0.0013684204313904047, -3.421248038648628e-05]",21.56266975402832,True,0.0,-0.006154391814781945,-0.0003620230479283497,17.0,-0.006120179334395459,-0.0004371556667425328,14.0,1.1812489391664369e-06,1,21,21,21,1.0,-60.315328167824525,-1.3085306321853003,False,16,0.9411764705882353,0.0,1.0,0.0,0.954481090668381
~/anvil/data/cve-targets/poppler_repo_poppler_Stream.cc,520,507,538,if (nBits <= 0 || nVals > INT_MAX / nBits - 7 || width > INT_MAX / nComps) {,if (inputLineSize <= 0) {,if (inputLineSize <= 0) {,2.615234375,"[[333, 320, 1355, 2460, 1695, 2651, 220, 15, 8, 314, 151645]]","[-3.909988299710676e-05, -8.106198947643861e-06, -0.0020912461914122105, 0.0, -2.3841855067985307e-07, -0.5998159646987915, 0.0, 0.0, -0.08388957381248474, -0.00017653337272349745, -9.715084888739511e-05]",28.527767181396484,False,0.0,-0.6861179134247948,-0.062374355765890434,11.0,-0.6860207625759074,-0.09800296608227248,7.0,0.03197586095026922,1,34,13,13,2.6153846153846154,-26.685257391133835,-1.557422620450166,True,30,2.727272727272727,63.0,0.27722772277227725,22.0,1.9581258039708538
~/anvil/data/cve-targets/poppler_repo_splash_Splash.cc,2717,2504,2757,xa = 0;,```cpp,"```cpp
                xa = 0;
",0.0012006759643554,"[[73594, 10821, 198, 394, 71800, 284, 220, 15, 280]]","[-0.7184963226318359, -1.5616295058862306e-05, -1.1920928244535389e-07, -0.6995242834091187, -0.13923290371894836, 0.0, -0.006260664202272892, -4.768370445162873e-07, -2.3841855067985307e-07]",5.421958923339844,False,2.0,-1.5635306247221123,-0.17372562496912358,9.0,-1.418036341545296,-0.354509085386324,4.0,0.12571610561815083,0,7,8,2,0.875,-0.003386869374721303,-1.1440938403827696,True,5,0.5555555555555556,7.0,0.0,6.0,1.934604415891706
~/anvil/data/cve-targets/openssl_repo_ssl_record_rec_layer_s3.c,1302,1129,1598,if (!peek) {,```c,"```c
            totalbytes += n;
",4.8359375,"[[73594, 66, 198, 310, 2790, 9651, 1421, 308, 280]]","[-0.011957631446421146, -3.576278118089249e-07, -1.4305104514278355e-06, -0.1726410984992981, -0.667167603969574, -1.0728830375228426e-06, -4.2914423829643056e-05, -4.768360213347478e-06, 0.0]",12.24781322479248,False,2.0,-0.851816877720637,-0.09464631974673744,9.0,-0.18460051808398248,-0.04615012952099562,4.0,0.00535714900595209,1,12,7,2,1.7142857142857142,-104.78708402757418,-1.0366905124649322,True,5,0.5555555555555556,12.0,0.0,11.0,2.209076157549324
~/anvil/data/cve-targets/php_repo_ext_phar_phar.c,717,632,1125,"PHAR_GET_32(buffer, manifest_flags);",```c,"```c
#define MAPPHAR_FAIL(msg) do { \
	if (error) {",1.03515625,"[[73594, 66, 198, 1441, 27223, 10842, 934, 11878, 8119, 8, 653, 314, 3044, 743, 320, 841, 8, 314]]","[-0.006108779925853014, -2.7418097943154862e-06, -2.7418097943154862e-06, -0.13358160853385925, -0.002612275304272771, -6.794906312279636e-06, 0.0, -0.44126689434051514, -0.43257737159729004, -0.009987027384340763, -0.002014394849538803, -4.768370445162873e-07, -0.3229708671569824, -0.12247025966644287, -0.0004677870310842991, -0.05324643477797508, -0.0004368066438473761, -0.00010513706365600228]",9.962398529052734,False,2.0,-1.5278583996386033,-0.08488102220214462,18.0,-0.006114263545441645,-0.0020380878484805485,3.0,8.285266994391478e-06,1,11,9,2,1.2222222222222223,-507.9056090598538,-1.0213261478159747,True,11,0.6111111111111112,36.0,0.0,10.0,2.1114958904683903
~/anvil/data/cve-targets/libtiff_repo_libtiff_tif_predict.c,261,254,304,unsigned char* cp = (unsigned char*) cp0;,uint8_t* cp = cp0;,uint8_t* cp = cp0;,1.5556640625,"[[2496, 23, 528, 9, 12490, 284, 12490, 15, 26, 151645]]","[-0.20589065551757812, -1.1920928244535389e-07, -1.1920928244535389e-07, -2.90866428258596e-05, -4.768360213347478e-06, -7.867782187531702e-06, -2.1815061700181104e-05, 0.0, -1.7762025890988298e-05, -8.976056415122002e-05]",5.263556957244873,False,0.0,-0.20606195437311214,-0.020606195437311216,10.0,-0.20597219380896092,-0.025746524226120115,8.0,0.00418634727335097,1,21,10,10,2.1,-60.42229424202288,-1.1486334909126696,True,12,1.2,27.0,0.47457627118644063,12.0,2.130440243494643
~/anvil/data/cve-targets/sqlite3_repo_src_select.c,5223,5100,5396,if(,```c,"```c
if",0.000920295715332,"[[73594, 66, 198, 333]]","[-0.0004377598816063255, -1.9073468138230965e-06, -1.311301275563892e-06, -0.03948301821947098]",16.094432830810547,False,1.0,-0.03992399674916669,-0.009980999187291673,4.0,-0.0004409785296957125,-0.00014699284323190417,3.0,4.227279451423005e-08,1,3,3,2,1.0,-6.260819881414837,-1.1413353422818393,True,2,0.5,4.0,0.0,2.0,1.8914889533912507
~/anvil/data/cve-targets/libtiff_repo_libtiff_tif_dirread.c,5771,5720,5775,nstrips = (uint32_t)nstrips64;,nstrips = (uint32_t)nstrips64;,nstrips = (uint32_t)nstrips64;,2.050399780273437e-05,"[[77, 29872, 1690, 284, 320, 2496, 18, 17, 528, 79098, 29872, 1690, 21, 19, 26, 151645]]","[-0.0017151420470327139, -1.1920928244535389e-07, -2.3841855067985307e-07, 0.0, -2.0265373677830212e-05, -4.887569048150908e-06, 0.0, 0.0, -1.6689286894688848e-06, -1.0728830375228426e-06, -2.3841855067985307e-07, -3.576278118089249e-07, 0.0, 0.0, -4.768370445162873e-07, -5.030505417380482e-05]",16.727937698364258,True,0.0,-0.0017947723668996218,-0.00011217327293122636,16.0,-0.001744467312725817,-0.0001744467312725817,10.0,1.82618232517312e-07,1,12,12,12,1.0,-0.1175373000867288,-1.1595552790447963,False,15,0.9375,0.0,1.0,0.0,0.9782401082006237
~/anvil/data/cve-targets/libtiff_repo_libtiff_tif_read.c,89,46,147,uint8_t* new_rawdata;,```,"```
                assert((tif->tif_flags & TIFF_MYBUFFER",1.6142578125,"[[13874, 3989, 394, 2060, 1188, 84340, 405, 84340, 14130, 609, 74121, 84395, 41472]]","[-0.11799345910549164, -2.50339189733495e-06, -0.0717819556593895, -0.018298272043466568, 0.0, -4.768370445162873e-07, 0.0, -8.344646857949556e-07, -0.0002019201492657885, 0.0, -1.1920928244535389e-07, -0.12535424530506134, -5.900685573578812e-05]",14.76486873626709,False,1.0,-0.3336927930213207,-0.02566867638625544,13.0,-0.18977791815677847,-0.06325930605225949,3.0,0.002356628716530852,0,7,11,1,0.6363636363636364,-25.518108136792343,-1.1040219472614343,True,8,0.6153846153846154,21.0,0.0,6.0,2.0108269897149325
~/anvil/data/cve-targets/poppler_repo_fofi_FoFiType1C.cc,769,741,1040,if (charset[i] >= nCIDs) {,```cpp,"```cpp
nCIDs = max(nCIDs, charset[i] + 1",0.405517578125,"[[73594, 10821, 198, 77, 34, 30466, 284, 1932, 1445, 34, 30466, 11, 11617, 989, 60, 488, 220, 16]]","[-0.3753971457481384, -0.0006326819420792162, -5.6503606174374e-05, -0.0599701851606369, -2.3841855067985307e-07, -8.344646857949556e-07, -6.0437283536884934e-05, -0.3578642010688782, -0.00037746457383036613, -1.7881377516459906e-06, -3.933898824470816e-06, 0.0, -7.033323527139146e-06, -2.3841830625315197e-06, -5.066266385256313e-05, 0.0, 0.0, 0.0]",17.129318237304688,False,1.0,-0.7944254944735292,-0.044134749692973846,18.0,-0.376086331296392,-0.12536211043213066,3.0,0.03125881477298442,0,18,17,2,1.0588235294117647,-3.2347698736656296,-1.1712494265310063,True,11,0.6111111111111112,25.0,0.0625,17.0,2.0470673400523887
~/anvil/data/cve-targets/poppler_repo_poppler_XRef.cc,672,596,676,trailerDict = xrefStr->getDictObject()->copy();,trailerDict = dict->copy();,trailerDict = dict->copy();,2.763671875,"[[376, 38782, 13448, 284, 6451, 405, 8560, 2129, 151645]]","[-0.03219399228692055, 0.0, -1.9073468138230965e-06, -0.03236724063754082, -0.0039431690238416195, -1.3232143828645349e-05, -0.008762717247009277, -4.23184028477408e-05, -4.768258077092469e-05]",11.472085952758787,False,0.0,-0.0773722596695734,-0.008596917741063711,9.0,-0.07732457708880247,-0.01104636815554321,7.0,0.00017863011164874295,0,21,14,14,1.5,-250.18828234627995,-1.0167794780740096,True,14,1.5555555555555556,21.0,0.7027027027027026,8.0,2.274152762076822
~/anvil/data/cve-targets/libsndfile_repo_src_flac.c,137,129,257,"unsigned i = 0, j, offset, channels, len ;",```c,"```c
int i, j, len, offset, channels ;
```",3.71484375,"[[73594, 66, 198, 396, 600, 11, 502, 11, 2422, 11, 4347, 11, 11744, 4386, 73594, 151645]]","[-0.5306485295295715, -3.766942609217949e-05, -3.3378546504536644e-06, -0.47813624143600464, -0.056833263486623764, -1.0728830375228426e-06, 0.0, -1.5497195136049413e-06, -0.8950182795524597, -2.7418097943154862e-06, -0.29454895853996277, -5.2689116273541003e-05, -0.0012044801842421293, -0.2526208758354187, -0.003029045881703496, -9.011816291604191e-05]",5.276315689086914,False,2.0,-2.5122288534182644,-0.15701430333864153,16.0,-0.5306895368103142,-0.17689651227010472,3.0,0.06257024505401386,1,17,14,2,1.2142857142857142,-21.00009605801484,-1.1482671716705042,True,14,0.875,41.0,0.04347826086956519,16.0,2.1417003569441553
~/anvil/data/cve-targets/lua_repo_ldebug.c,355,326,359,"if (strchr(what, 'L'))","if (strchr(what, 'L')) {","if (strchr(what, 'L')) {
    collectvalidlines(L",0.07647705078125,"[[333, 320, 495, 16789, 7, 12555, 11, 364, 43, 3789, 341, 262, 6530, 1891, 7969, 4957]]","[-0.0646868646144867, -1.1920928244535389e-07, -0.0002795067266561091, -1.1920928244535389e-07, 0.0, 0.0, 0.0, -2.3841855067985307e-07, -0.00574745936319232, -0.00010430268594063818, -0.29325351119041443, -0.001987150404602289, -9.345571743324399e-05, -3.2186455882765586e-06, -3.2186455882765586e-06, -1.311301275563892e-06]",13.64267349243164,False,1.0,-0.3661604761322934,-0.022885029758268338,16.0,-0.36605927182240805,-0.04067325242471201,9.0,0.006587705622019835,0,19,20,20,0.95,-1.8802787144404645,-1.0734791828796568,True,10,0.625,2.0,0.9565217391304348,3.0,2.1330000176795223
~/anvil/data/cve-targets/libtiff_repo_libtiff_tif_next.c,34,26,38,case 1:	op[0] |= (v) << 4; break;	\,case 1:	op[0] |= (v) << 4; break;	\,case 1:	op[0] |= (v) << 4; break;	\,0.2265625,"[[5638, 220, 16, 25, 39703, 58, 15, 60, 8662, 320, 85, 8, 1115, 220, 19, 26, 1438, 26, 197, 59, 151645]]","[-0.024360492825508118, 0.0, 0.0, 0.0, -0.0075508663430809975, 0.0, -4.768370445162873e-07, -1.6689286894688848e-06, -0.002307730494067073, -1.1920928244535389e-07, -0.26550859212875366, -2.50339189733495e-06, -2.3841855067985307e-07, 0.0, -1.1920928244535389e-07, -4.768370445162873e-07, -0.006946106441318989, -4.6491513785440475e-06, -7.390948667307384e-06, -0.17806212604045868, -0.001991790486499667]",28.57776641845703,True,0.0,-0.48674534769152444,-0.023178349890072593,21.0,-0.4847535572050248,-0.03231690381366832,15.0,0.004557782797844396,0,25,25,25,1.0,-7.010649946737044,-1.559370586226649,False,20,0.9523809523809523,0.0,1.0,0.0,0.791798154554218
~/anvil/data/cve-targets/poppler_repo_poppler_GfxState.cc,4279,4099,4307,if (typeA == 5 && nVerticesA > 0) {,```cpp,"```cpp
if (typeA != 4) {
    nRows = nVerticesA / vertsPerRow;
   ",1.5634765625,"[[73594, 10821, 198, 333, 320, 1313, 32, 961, 220, 19, 8, 341, 262, 308, 9024, 284, 308, 31222, 32, 608, 59414, 3889, 3102, 280, 262]]","[-0.0018898261478170753, -5.960462772236497e-07, -5.960462772236497e-07, -0.30967068672180176, -8.999896090244874e-05, -0.0004236992390360683, 0.0, -0.10514295846223831, 0.0, -4.768370445162873e-07, -0.0009168949909508228, -1.1920928244535389e-07, -0.40844637155532837, -0.004811376333236694, -0.00021419614495243877, 0.0, -1.5497195136049413e-06, -1.156323378381785e-05, 0.0, 0.0, -5.722029527532868e-06, 0.0, -5.960462772236497e-07, 0.0, -1.1920928244535389e-07]",21.180328369140625,False,3.0,-0.83162734693353,-0.0332650938773412,25.0,-0.0018910182403715226,-0.0006303394134571741,3.0,7.93153417014284e-07,1,19,21,2,0.9047619047619048,-2480.3725248988007,-1.2960825841591634,True,16,0.64,34.0,0.04878048780487809,18.0,1.9824953202151545
~/anvil/data/cve-targets/sqlite3_repo_src_expr.c,5438,5367,5449,if( (pLeft->op==TK_COLUMN && IsVirtual(pLeft->y.pTab)),```c,"```c
if( (pLeft->op==TK_COLUMN && pLeft->iTable==pWalker->u.iCur)
   || (p",0.1522216796875,"[[73594, 66, 198, 333, 7, 320, 79, 5415, 405, 453, 418, 15778, 36183, 1009, 281, 5415, 405, 72, 2556, 418, 79, 84892, 405, 84, 8607, 16704, 340, 256, 1369, 320, 79]]","[-0.004953018855303526, -1.1920928244535389e-07, -5.960462772236497e-07, -0.4277783930301666, -0.0005342725198715925, -0.07475515455007553, -1.8358061424805783e-05, -7.092700980138034e-05, 0.0, -4.768370445162873e-07, -0.0285161342471838, -2.753696753643453e-05, -0.027936676517128944, -1.0728830375228426e-06, -0.4406445324420929, -0.0007377525325864553, 0.0, -4.053033626405522e-05, -4.529942543740617e-06, -0.0013878247700631618, -1.7881377516459906e-06, -0.00035172473872080445, 0.0, 0.0, -3.576278118089249e-07, -7.271502545336261e-05, -0.38214603066444397, -0.8210734724998474, -1.0251946150674485e-05, 0.0, 0.0]",10.57692050933838,False,2.0,-2.2110642473978643,-0.07132465314186659,31.0,-0.004953734110863195,-0.001651244703621065,3.0,5.450856312254804e-06,1,27,32,2,0.84375,-92.18602146228747,-1.0057553771585492,True,20,0.6451612903225806,54.0,0.0,26.0,2.28349431736614
~/anvil/data/cve-targets/libtiff_repo_libtiff_tif_predict.c,483,474,493,tmsize_t wc = cc/2;,tmsize_t wc = cc / 2;,tmsize_t wc = cc / 2;,0.65185546875,"[[83, 1011, 551, 528, 26548, 284, 12527, 608, 220, 17, 26, 151645]]","[-0.5309967994689941, -1.1920928244535389e-07, -2.3841855067985307e-07, 0.0, -1.9073468138230965e-06, -0.00017355366435367614, -0.0037424778565764427, -0.0015723258256912231, -0.04313681647181511, 0.0, -1.311301275563892e-06, -0.0003228858404327184]",5.65028715133667,False,0.0,-0.5799484354037858,-0.04832903628364882,12.0,-0.5796255495633531,-0.06440283884037257,9.0,0.023026595548097804,1,11,11,11,1.0,-10.121533157345352,-1.137581721341721,True,10,0.8333333333333334,2.0,0.95,0.0,2.0025949349772483
~/anvil/data/cve-targets/sqlite3_repo_src_vdbemem.c,1155,1144,1179,if( pVal->flags & (MEM_Blob|MEM_Str) ){,```c,"```c
  pVal->flags |= MEM_Str;
  if( pVal->enc != (enc & ~SQL",1.0791015625,"[[73594, 66, 198, 220, 281, 2208, 405, 11161, 8662, 24478, 46171, 280, 220, 421, 7, 281, 2208, 405, 954, 961, 320, 954, 609, 3968, 6688]]","[-0.059959184378385544, -2.3841855067985307e-07, -2.264974000354414e-06, -0.15308301150798798, -0.6458704471588135, -2.50339189733495e-06, -3.576278118089249e-07, -0.0004070168943144381, -0.0007313199457712471, -9.65590606938349e-06, -5.578839045483619e-05, -2.0265373677830212e-05, -0.00036459474358707666, -3.576278118089249e-07, -1.1920928244535389e-07, -3.3378546504536644e-06, -4.768370445162873e-07, 0.0, -3.933898824470816e-06, -7.83174327807501e-05, 0.0, -4.768370445162873e-07, 0.0, -1.1920928244535389e-07, -2.9801878554280847e-05]",6.6983642578125,False,2.0,-0.8606235894965977,-0.034424943579863906,25.0,-0.21304469927892455,-0.05326117481973114,4.0,0.0039206253090377785,1,22,23,2,0.9565217391304348,-20.260566278388513,-1.1081619972456034,True,16,0.64,39.0,0.0,21.0,2.163780373084684
~/anvil/data/cve-targets/openssl_repo_crypto_asn1_a_type.c,71,54,98,case V_ASN1_NEG_ENUMERATED:,```c,"```c
```",0.84228515625,"[[73594, 66, 198, 73594, 151645]]","[-0.16735196113586426, -2.3841855067985307e-07, -4.768370445162873e-07, -0.7356541156768799, -0.02428952232003212]",5.49241828918457,False,1.0,-0.9272963143883715,-0.18545926287767428,5.0,-0.16735267639145945,-0.055784225463819816,3.0,0.006223679821503063,1,5,2,2,2.5,-15.098984511244744,-1.1420803111418178,True,10,2.0,27.0,0.06451612903225812,4.0,1.935561059561894
~/anvil/data/cve-targets/openssl_repo_crypto_pkcs7_pk7_doit.c,519,307,546,if (PKCS7_is_detached(p7) || (in_bio != NULL)) {,```c,"```c
    if (PKCS7_is_detached(p7)) {
        bio = in_bio;
    } else {
        if (data",1.138671875,"[[73594, 66, 198, 262, 421, 320, 22242, 6412, 22, 6892, 24409, 3854, 1295, 22, 593, 341, 286, 16905, 284, 304, 89641, 280, 262, 335, 770, 341, 286, 421, 320, 691]]","[-0.02014533430337906, -2.3841855067985307e-07, -1.311301275563892e-06, -0.4514298737049103, -0.4579157829284668, -0.03505308926105499, -0.21928709745407104, 0.0, 0.0, -0.001994288759306073, -0.0029082882683724165, -1.9073468138230965e-06, 0.0, 0.0, -0.02647355943918228, -1.585470999998506e-05, -0.035053204745054245, -0.006146338768303394, 0.0, 0.0, -2.5748875486897305e-05, 0.0, -3.2782016205601394e-05, -9.536738616588991e-07, -2.145764938177308e-06, 0.0, -2.622600959512056e-06, 0.0, 0.0, 0.0]",16.28240203857422,False,4.0,-1.2564904223401925,-0.04188301407800642,30.0,-0.4715767577281156,-0.1178941894320289,4.0,0.03714965144046551,1,25,30,2,0.8333333333333334,-9.658422357248519,-1.1467113614666027,True,19,0.6333333333333333,47.0,0.038461538461538436,24.0,2.166636914577643
~/anvil/data/cve-targets/sqlite3_repo_src_select.c,2116,2093,2124,"sqlite3ColumnsFromExprList(pParse, pSelect->pEList, &pTab->nCol, &pTab->aCol);",```c,"```c
  pTab->nCol = pSelect->pEList->nExpr;
  for(i=0; i<pTab->nCol; i++){
    Expr *pExpr = pSelect->pE",0.59228515625,"[[73594, 66, 198, 220, 281, 8582, 405, 77, 6127, 284, 281, 3379, 405, 79, 36, 852, 405, 77, 16041, 280, 220, 369, 1956, 28, 15, 26, 600, 7926, 8582, 405, 77, 6127, 26, 600, 6796, 262, 28819, 353, 79, 16041, 284, 281, 3379, 405, 79, 36]]","[-0.16338200867176056, 0.0, -5.8412379075889476e-06, -0.0005230727256275713, -0.09114960581064224, -2.861018856492592e-06, 0.0, -0.14360767602920532, -0.00020215852418914437, 0.0, -0.00041059168870560825, -2.145764938177308e-06, -8.344646857949556e-07, -0.0008391196606680751, -2.1576648578047752e-05, -3.373566141817719e-05, -0.006577390246093273, -2.0265558760002023e-06, -2.3364747903542593e-05, -1.1920928244535389e-07, -4.0531076592742465e-06, -0.15193693339824677, -0.0004893536097370088, 0.0, -6.318072337307967e-06, -0.11902553588151932, -0.0016398091102018952, -2.074220174108632e-05, -5.221230458118953e-05, 0.0, 0.0, -2.50339189733495e-06, -3.576278118089249e-07, -7.152555099310121e-07, -4.887569048150908e-06, -6.556489552167477e-06, -0.3694864511489868, -0.00011276562872808427, -3.1709168979432434e-05, -0.0031641677487641573, -1.1205610462639015e-05, -0.04902930185198784, -1.311301275563892e-06, 0.0, 0.0, 0.0]",11.90024471282959,False,3.0,-1.1018110191453658,-0.023952413459681864,46.0,-0.16391092263529572,-0.05463697421176524,3.0,0.004994314189256782,0,28,46,2,0.6086956521739131,-10.840372564453988,-1.0277215112073097,True,30,0.6521739130434783,77.0,0.024390243902439046,27.0,2.287668867927961
~/anvil/data/cve-targets/libpng_repo_pngrutil.c,1766,1740,1781,num > (unsigned int) PNG_MAX_PALETTE_LENGTH),"png_crc_finish(png_ptr, length);","      png_crc_finish(png_ptr, length);
      png_chunk_benign_error(png_ptr,",1.2578125,"[[414, 36151, 59084, 42980, 95350, 4348, 11, 3084, 317, 414, 36151, 30539, 880, 268, 622, 4096, 95350, 4348, 11]]","[-0.7831021547317505, -0.00404349947348237, -0.17582190036773682, -0.00034278715611435473, -9.536738616588991e-07, -1.0728830375228426e-06, 0.0, -1.9073468138230965e-06, -9.417489309271332e-06, 0.0, -1.8596476365928538e-05, -2.5152843591058627e-05, -0.003769555827602744, 0.0, -8.106198947643861e-06, -2.2053474822314456e-05, -4.1483970562694594e-05, -3.576278118089249e-07, 0.0]",2.7772457599639893,False,1.0,-0.9672089995418105,-0.05090573681799002,19.0,-0.9633236931221063,-0.12041546164026329,8.0,0.05513795391068055,0,13,15,11,0.8666666666666667,-10.445606260744722,-1.222295620731117,True,12,0.631578947368421,40.0,0.21052631578947367,12.0,1.9690927662510438
~/anvil/data/cve-targets/poppler_repo_fofi_FoFiType1C.cc,1459,1449,1462,if(ok) {,error = true;,"                    error = true;
                    break",7.81640625,"[[503, 1465, 284, 830, 280, 503, 1438]]","[-6.401333666872233e-05, -0.789219081401825, -0.023510614410042763, -0.8506202697753906, -0.001189835020340979, -1.7881377516459906e-06, -0.0009234455064870417]",19.79850578308105,False,1.0,-1.6655290475885067,-0.2379327210840724,7.0,-1.6646056020820197,-0.27743426701366997,6.0,0.14752618925320712,1,10,10,7,1.0,-28.1739034407558,-1.2520732202472262,True,4,0.5714285714285714,11.0,0.19047619047619047,9.0,2.080999260204709
~/anvil/data/cve-targets/php_repo_ext_exif_exif.c,3710,3696,3931,if (ImageInfo->FileSize >= dir_offset+2) {,```c,"```c
static bool exif_process_IFD_in_TIFF(image_info_type *ImageInfo",3.126953125,"[[73594, 66, 198, 1978, 1807, 505, 333, 11305, 19035, 35, 1243, 1139, 29035, 10075, 3109, 1819, 353, 1906, 1731]]","[-0.0045896186493337154, -3.71926071238704e-05, -9.536738616588991e-07, -0.8442652225494385, -0.0005106813623569906, -1.6927575416048057e-05, 0.0, -2.2649508537142538e-05, -6.270212179515511e-05, 0.0, -0.0012205539969727397, -8.821448318485636e-06, -8.4638240878121e-06, -0.0001454247540095821, -3.576278118089249e-07, -9.894321920000948e-06, 0.0, -6.079655122448457e-06, 0.0]",10.197246551513672,False,1.0,-0.8509055436761059,-0.04478450229874242,19.0,-0.004627764930319245,-0.0015425883101064148,3.0,4.642415820799817e-06,1,19,11,2,1.7272727272727273,-2027.0820830894852,-1.0153473058283464,True,13,0.6842105263157895,42.0,0.0,18.0,2.2621335063328036
~/anvil/data/cve-targets/php_repo_ext_exif_exif.c,133,118,137,exif_globals->decode_jis_be     = NULL;,exif_globals->decode_jis_be     = NULL;,	exif_globals->decode_jis_be     = NULL;,0.04949951171875,"[[8122, 333, 58775, 405, 18196, 5374, 285, 21263, 257, 284, 1770, 26, 151645]]","[-0.5628286004066467, -1.1920928244535389e-07, -0.00018070495571009815, 0.0, -1.764281842042692e-05, -3.576278118089249e-07, 0.0, -0.001280084135942161, -3.933898824470816e-06, 0.0, -2.264974000354414e-06, -0.0038836784660816193, -6.437094270950183e-05]",8.416425704956055,True,0.0,-0.5682617574354296,-0.043712442879648435,13.0,-0.5681973864927201,-0.06313304294363557,9.0,0.024157397124532992,0,11,11,11,1.0,-0.7840507824554342,-1.0615724458117621,False,12,0.9230769230769231,0.0,1.0,0.0,1.051514201729379
~/anvil/data/cve-targets/openssl_repo_crypto_asn1_tasn_dec.c,652,638,761,"ERR_raise(ERR_LIB_ASN1, ASN1_R_ILLEGAL_NULL);",```c,"```c
        return 0;               /* Should never happen */
```",0.60595703125,"[[73594, 66, 198, 286, 470, 220, 15, 26, 2290, 1391, 12260, 2581, 3537, 735, 73594, 151645]]","[-0.19971662759780884, -6.794906312279636e-06, -1.0728830375228426e-06, -0.7072606682777405, -0.10566157102584839, -0.0006244616815820336, -9.65590606938349e-06, -0.0002628219372127205, -0.0010271755745634437, -1.9073468138230965e-06, -2.932505594799295e-05, -2.3841855067985307e-07, -2.3841855067985307e-07, -4.768370445162873e-07, -0.0038725160993635654, -5.757642793469131e-05]",10.769036293029783,False,2.0,-1.018533128394381,-0.06365832052464881,16.0,-0.9069851636648991,-0.22674629091622478,4.0,0.0836122156254947,0,11,7,2,1.5714285714285714,-2.6724010734706174,-1.0009364218272365,True,15,0.9375,45.0,0.0,10.0,2.1176278682137206
~/anvil/data/cve-targets/libtiff_repo_libtiff_tif_ojpeg.c,1299,1215,1349,if (OJPEGReadHeaderInfoSecStreamDqt(tif)==0),```c,"```c
if (OJPEGReadHeaderInfoSecStreamDqt(tif)==0)
```",0.02337646484375,"[[73594, 66, 198, 333, 320, 46, 73603, 4418, 4047, 1731, 8430, 3027, 35, 23044, 1155, 333, 15348, 15, 340, 73594, 151645]]","[-0.2353445142507553, -8.583032467868179e-06, -2.622600959512056e-06, -0.4250364303588867, 0.0, -3.576278118089249e-07, -3.3378546504536644e-06, -8.583032467868179e-06, -0.19570565223693848, -3.2186455882765586e-06, -3.6954811548639555e-06, -0.0004319211875554174, -0.0003165697562508285, -2.1457441107486375e-05, -2.3841855067985307e-07, 0.0, -0.00031716562807559967, 0.0, -5.960462772236497e-07, -0.0005525015876628458, -7.092700980138034e-05]",8.467267990112305,False,2.0,-0.8578283721969626,-0.040848970104617265,21.0,-0.2353557198841827,-0.0784519066280609,3.0,0.012307645169245499,0,17,16,2,1.0625,-0.29797191487744723,-1.0602239837543646,True,16,0.7619047619047619,43.0,0.04166666666666663,16.0,2.120160637769183
~/anvil/data/cve-targets/poppler_repo_splash_SplashXPathScanner.cc,413,391,477,const int intersectionIndex = splashAASize * y + yy - yMin;,```cpp,"```cpp
            const auto &line = allIntersections[intersectionIndex];
```",3.123046875,"[[73594, 10821, 198, 310, 733, 3233, 609, 1056, 284, 678, 3306, 24661, 58, 73648, 1552, 935, 73594, 151645]]","[-0.007309360895305872, -2.145764938177308e-06, -2.50339189733495e-06, -0.6043767929077148, -0.08979034423828125, -4.3748852476710454e-05, -1.1920928244535389e-07, -4.768370445162873e-07, 0.0, -3.576278118089249e-07, -1.4066597032069694e-05, -1.6689286894688848e-06, -0.0491238497197628, -0.005858393386006355, 0.0, -0.0001433984871255234, -0.2035960555076599, -0.00012754580529872328]",11.917786598205566,False,2.0,-0.9603908281563278,-0.053355046008684875,18.0,-0.6116908029598562,-0.15292270073996406,4.0,0.06794583124164139,1,19,18,2,1.0555555555555556,-20.422388957873267,-1.0281723143730035,True,16,0.8888888888888888,57.0,0.06153846153846154,18.0,2.2511223798626228
~/anvil/data/cve-targets/poppler_repo_poppler_JPEG2000Stream.cc,280,273,351,jpxData.data = buf;,```cpp,"```cpp
    jpxData.buf = buf;
```",0.51171875,"[[73594, 10821, 198, 262, 502, 1767, 1043, 44485, 284, 6607, 280, 73594]]","[-0.0018931577214971185, -1.1920928244535389e-07, -9.536738616588991e-07, -0.8480298519134521, -0.500771164894104, -5.960462772236497e-07, -2.3841830625315197e-06, -0.03031887859106064, 0.0, -1.8954096958623268e-05, 0.0, -0.00027926836628466845]",15.67078685760498,False,2.0,-1.381315328695841,-0.11510961072465342,12.0,-0.8499240825180934,-0.21248102062952334,4.0,0.1346413693180945,0,10,10,2,1.0,-2.40830333214664,-1.1293110770294619,True,7,0.5833333333333334,19.0,0.07999999999999996,9.0,1.9946056802183991
~/anvil/data/cve-targets/poppler_repo_poppler_GfxState.cc,2427,2418,2434,int i;,int i;,int i;,0.16796875,"[[396, 600, 26, 151645]]","[-0.000259723310591653, -4.291525328881107e-06, -1.1920928244535389e-07, -0.00015400654228869826]",13.867993354797363,True,0.0,-0.0004181405874916777,-0.00010453514687291943,4.0,-0.00026413404520297945,-8.804468173432649e-05,3.0,1.4739677173364387e-08,1,5,5,5,1.0,-1907.7671324526243,-1.07954315054316,False,3,0.75,0.0,1.0,0.0,0.9711410219886734
~/anvil/data/cve-targets/php_repo_ext_phar_phar.c,905,632,1125,if (manifest_len < 10 + tmp_len),```c,"```c
PHAR_GET_32(buffer, tmp_len);
```",1.4541015625,"[[73594, 66, 198, 10842, 934, 12702, 62, 18, 17, 12584, 11, 4174, 6043, 317, 73594, 151645]]","[-0.045742690563201904, -4.529942543740617e-06, -2.264974000354414e-06, -0.21605634689331055, 0.0, -9.894321920000948e-06, -7.390948667307384e-06, -1.1920928244535389e-07, 0.0, -7.152555099310121e-07, -4.768370445162873e-07, -3.6477376852417365e-05, -7.152555099310121e-07, 0.0, -5.340433563105762e-05, -5.209310256759636e-05]",7.465303421020508,False,2.0,-0.26196711901604175,-0.01637294493850261,16.0,-0.045749485479746,-0.015249828493248666,3.0,0.0004649073194636102,1,15,14,2,1.0714285714285714,-95.35199449251205,-1.0871170732898756,True,12,0.75,32.0,0.0,14.0,2.1119318685645925
~/anvil/data/cve-targets/php_repo_ext_phar_phar.c,173,159,201,},```c,"```c
",6.7734375,"[[73594, 66, 198]]","[-0.025767222046852112, -0.00010263393050990999, -2.264974000354414e-06]",14.100469589233398,False,1.0,-0.025872120951362376,-0.008624040317120793,3.0,-0.025872120951362376,-0.008624040317120793,3.0,0.00014694601889720199,0,2,2,2,1.0,-785.4134780136752,-1.0858356216192824,True,1,0.3333333333333333,4.0,0.0,2.0,2.1042487002951322
~/anvil/data/cve-targets/php_repo_ext_phar_phar.c,938,632,1125,if (manifest_count > ((manifest_len - 10 - tmp_len) / (5 * 4 + 1))) {,```c,"```c
if (manifest_count > (manifest_len - 10) / 20) {
```",0.92236328125,"[[73594, 66, 198, 333, 320, 42315, 3180, 861, 320, 42315, 6043, 481, 220, 16, 15, 8, 608, 220, 17, 15, 8, 341, 73594, 151645]]","[-0.015710392966866493, -4.0531076592742465e-06, -2.264974000354414e-06, -0.07449737191200256, -5.8530047681415454e-05, -0.0017766657983884215, -0.003136360552161932, -0.10207095742225647, -0.009525444358587265, -0.04574166610836983, -2.622600959512056e-06, -0.0021528657525777817, -0.20785808563232422, -0.6804457902908325, -0.023980336263775826, -0.0009976415894925594, 0.0, -0.001835924806073308, -0.29314395785331726, -0.18056201934814453, -2.145764938177308e-06, -5.960462772236497e-07, -8.77341881277971e-05, -8.427741704508662e-05]",5.95578670501709,False,2.0,-1.6436777048018598,-0.06848657103341083,24.0,-0.015716711048526122,-0.00523890368284204,3.0,5.482604444562314e-05,1,37,21,2,1.7619047619047619,-176.0603624515634,-1.1289265476067192,True,27,1.125,68.0,0.0273972602739726,36.0,2.3124779880967896
~/anvil/data/cve-targets/sqlite3_repo_ext_misc_zipfile.c,1873,1762,1918,nName++;,```c,"```c
while( n",4.90234375,"[[73594, 66, 198, 3472, 7, 308]]","[-0.025486033409833908, -3.576278118089249e-07, -5.960462772236497e-07, -0.8384358882904053, -1.1920928244535389e-07, -2.264974000354414e-06]",10.342523574829102,False,1.0,-0.863925259557611,-0.14398754325960184,6.0,-0.02548698708392294,-0.008495662361307646,3.0,0.0001443363541927736,1,6,5,2,1.2,-577.0407934673894,-1.0116663285368694,True,3,0.5,8.0,0.0,5.0,2.163914864430983
~/anvil/data/cve-targets/libxml2_repo_HTMLparser.c,2500,2468,2509,c = CUR_CHAR(l);,```c,"```c
c = CUR_CHAR(l);
",1.8388671875,"[[73594, 66, 198, 66, 284, 18548, 20891, 2333, 317]]","[-0.038211703300476074, 0.0, -1.1801649634435307e-05, -0.09387877583503723, 0.0, -0.00011050090688513592, -8.928377064876258e-05, -6.282132380874828e-05, 0.0]",9.91971492767334,False,2.0,-0.1323648867864904,-0.014707209642943376,9.0,-0.03822350495011051,-0.019111752475055255,2.0,0.00032437409939294694,1,12,13,2,0.9230769230769231,-96.21656569171758,-1.0224165764595665,True,6,0.6666666666666666,16.0,0.09999999999999998,11.0,2.1429268958598224
~/anvil/data/cve-targets/libsndfile_repo_src_common.c,1058,903,1208,"psf_memset (void *s, int c, sf_count_t len)",struct timeval tv ;,"		struct timeval tv ;
		gettimeofday (&tv, NULL) ;
		value = (uint64_t) tv.tv",3.7890625,"[[197, 6472, 51334, 11086, 4386, 197, 10366, 59523, 15899, 22209, 11, 1770, 8, 4386, 197, 16309, 284, 320, 2496, 21, 19, 528, 8, 11086, 14485]]","[-0.07150953263044357, -0.001490554423071444, -0.00038425691309385, -0.012395840138196945, -0.00010358751023886725, -1.1920928244535389e-07, -0.0029380035120993853, 0.0, -0.000846147071570158, -2.3841855067985307e-07, -4.529942543740617e-06, -6.556489552167477e-06, -1.1920928244535389e-07, -1.1920928244535389e-07, 0.0, -0.0008578196284361184, -6.651657167822123e-05, -0.11597174406051636, -0.04075580835342407, -2.3841855067985307e-07, 0.0, 0.0, -0.0004757702990900725, -0.013311326503753662, -7.986990567587782e-06]",8.978157043457031,False,2.0,-0.2611268155032249,-0.010445072620128996,25.0,-0.08588389082432712,-0.01431398180405452,6.0,0.000673384965914212,0,19,34,7,0.5588235294117647,-264.7105852074456,-1.0467686731189112,True,17,0.68,36.0,0.22580645161290325,19.0,2.252702083733559
~/anvil/data/cve-targets/openssl_repo_crypto_mdc2_mdc2dgst.c,96,66,102,"l2c(tin0, p);","l2c(tin0, p);","l2c(tin0, p);",0.0001568794250488,"[[75, 17, 66, 1155, 258, 15, 11, 281, 1215, 151645]]","[-0.0014092524070292711, 0.0, 0.0, -2.002696055569686e-05, -1.1920928244535389e-07, 0.0, 0.0, 0.0, 0.0, -2.5748875486897305e-05]",21.040185928344727,True,0.0,-0.0014551474523543106,-0.00014551474523543105,10.0,-0.0014293985768674133,-0.0004764661922891378,3.0,1.9548593418702634e-07,0,11,11,11,1.0,-0.3292561520369101,-1.2915496251248397,False,9,0.9,0.0,1.0,0.0,0.8546042707726434
~/anvil/data/cve-targets/php_repo_ext_standard_http_fopen_wrapper.c,625,564,637,if (tmp_line[tmp_line_len - 1] == '\r') {,if (tmp_line[tmp_line_len - 1] == '\r') {,if (tmp_line[tmp_line_len - 1] == '\r') {,0.1319580078125,"[[333, 320, 5173, 6528, 68503, 6528, 6043, 481, 220, 16, 60, 621, 5196, 81, 863, 314, 151645]]","[-0.12221077084541321, -0.00020728347590193152, -0.1554029881954193, -2.50339189733495e-06, -0.024403421208262444, -2.0265558760002023e-06, -5.8412379075889476e-06, -0.0009662011871114373, 0.0, -2.3841855067985307e-07, 0.0, 0.0, -5.9126061387360096e-05, -1.5497195136049413e-06, 0.0, -0.016840901225805283, -0.00010048838157672435]",16.357351303100586,True,0.0,-0.3202033399046229,-0.018835490582624875,17.0,-0.3201028515230462,-0.026675237626920516,12.0,0.002097598093962736,1,24,24,24,1.0,-4.946835325632812,-1.14886200503095,False,16,0.9411764705882353,0.0,1.0,0.0,1.127146085529367
~/anvil/data/cve-targets/libsndfile_repo_src_wavlike.c,273,95,384,for (bit = k = 0 ; bit < ARRAY_LEN (channel_mask_bits) ; bit++),```c,"```c
for (bit = 0 ; bit < 32 ; bit++)
```",1.0,"[[73594, 66, 198, 1958, 320, 4489, 284, 220, 15, 2587, 2699, 366, 220, 18, 17, 2587, 2699, 3485, 73594, 151645]]","[-0.04633127152919769, -1.1920922133867862e-06, -1.0728830375228426e-06, -0.05726812034845352, -7.152555099310121e-07, -0.00040951924165710807, 0.0, -3.182837463100441e-05, -0.000341476290486753, -0.0158883985131979, -0.004672798328101635, -0.0007823029300197959, -0.004226680379360914, -0.007268414366990328, -0.0006386386230587959, -0.00021431533969007432, -0.0002809368306770921, -0.009219572879374027, -1.9788545614574105e-05, -6.0794889577664435e-05]",26.716102600097656,False,2.0,-0.14765783764084972,-0.007382891882042486,20.0,-0.0463335365044486,-0.015444512168149535,3.0,0.00047699595191601647,1,28,25,2,1.12,-64.74791752000114,-1.4884579840264842,True,21,1.05,62.0,0.02985074626865669,27.0,1.906412143179681
~/anvil/data/cve-targets/libtiff_repo_libtiff_tif_next.c,118,39,140,while (n-- > 0 && npixels < imagewidth),npixels += n;,"npixels += n;
op_offset += n;
op = row + op_offset;",0.423095703125,"[[6199, 10274, 1421, 308, 280, 453, 6917, 1421, 308, 280, 453, 284, 2802, 488, 1179, 6917, 26, 151645]]","[-0.06579048931598663, -5.960462772236497e-07, -2.3841855067985307e-07, -2.3841574147809297e-05, -0.12071160972118378, -0.00023147765023168176, -0.4339548349380493, -7.152555099310121e-07, -5.125986263010418e-06, -0.1141037791967392, -0.011003411374986172, -0.07888985425233841, -2.9205850296420977e-05, 0.0, -4.8874615458771586e-05, -1.1920858014491387e-05, -0.00030560590676032007, -2.3841574147809297e-05]",7.655889511108398,False,2.0,-0.8251354225349417,-0.045840856807496756,18.0,-0.18652677507614612,-0.037305355015229226,5.0,0.0023882468421375347,1,20,22,7,0.9090909090909091,-11.341420097792367,-1.0819496587208004,True,14,0.7777777777777778,31.0,0.34615384615384615,18.0,2.1462131076974993
~/anvil/data/cve-targets/libxml2_repo_xmlmemory.c,943,788,1093,"xmlMallocFunc mallocAtomicFunc, xmlReallocFunc reallocFunc,",```c,"```c
    xmlMallocAtomicFunc = mallocAtomicFunc;
```",0.40478515625,"[[73594, 66, 198, 262, 8396, 53681, 65857, 9626, 284, 15731, 65857, 9626, 280, 73594, 151645]]","[-0.05212332680821419, -4.768370445162873e-07, -2.3841855067985307e-07, -0.22793295979499817, -0.6855795979499817, -0.106957346200943, -0.001808556611649692, -0.3520560562610626, -0.03505838289856911, -0.0010889797704294324, -0.0062592425383627415, -9.059865078597795e-06, -1.1920928244535389e-07, -0.0032932115718722343, -9.142934868577868e-05]",4.373285293579102,False,2.0,-1.4722589840847249,-0.09815059893898166,15.0,-0.28005700185880755,-0.07001425046470189,4.0,0.008765573571553083,0,9,8,2,1.125,-5.781468109182643,-1.1744850058734941,True,14,0.9333333333333333,58.0,0.031746031746031744,8.0,1.942023262686741
~/anvil/data/cve-targets/libxml2_repo_xmlstring.c,412,398,421,size = xmlStrlen(cur);,size = (cur == NULL) ? 0 : xml,size = (cur == NULL) ? 0 : xml,0.4267578125,"[[2141, 284, 320, 2352, 621, 1770, 8, 937, 220, 15, 549, 8396]]","[-0.00023398046323563904, 0.0, -0.7522832155227661, -0.030275972560048103, -0.3000240623950958, -7.510157047363464e-06, -8.391981828026474e-05, 0.0, -1.9073468138230965e-06, -2.50339189733495e-06, -1.1920928244535389e-07, -0.01867462694644928]",15.124372482299805,False,0.0,-1.1015878178109162,-0.09179898481757635,12.0,-1.1015878178109162,-0.11015878178109162,10.0,0.04634043908938651,1,12,19,19,0.631578947368421,-3.8740244363636522,-1.1139891714922958,True,7,0.5833333333333334,23.0,0.46153846153846156,12.0,2.028146537282079
~/anvil/data/cve-targets/php_repo_ext_phar_phar.c,1300,1190,1319,"mydata->alias = alias ? estrndup(alias, alias_len) : estrndup(mydata->fname, fname_len);",```c,"```c
	mydata->alias = alias ? estrndup(alias, alias_len) : estrndup(fname, fname_len);
```",0.189697265625,"[[73594, 66, 198, 13624, 691, 405, 14956, 284, 15534, 937, 29507, 303, 454, 79965, 11, 15534, 6043, 8, 549, 29507, 303, 454, 32326, 11, 22548, 6043, 317, 73594, 151645]]","[-0.7760634422302246, -1.1920928244535389e-07, -1.5497195136049413e-06, -0.3810827434062958, 0.0, 0.0, -0.018609805032610893, -2.1815061700181104e-05, -0.004400214180350304, -2.3841830625315197e-06, -0.0003054867556784302, -0.0006055190460756421, -8.344646857949556e-07, -4.291525328881107e-06, 0.0, -2.3603161025675945e-05, -7.152555099310121e-07, 0.0, 0.0, -0.0020192726515233517, -5.352353764465079e-05, -1.1920928244535389e-07, -0.0476982481777668, -1.1920928244535389e-07, -0.00045074793160893023, -5.960462772236497e-07, -1.7404405298293568e-05, -0.0005776405450887978, -0.00011157367407577112]",4.8138346672058105,False,2.0,-1.2320517686191934,-0.04248454374548943,29.0,-0.7760651111590207,-0.25868837038634024,3.0,0.1338384824830733,0,32,29,2,1.103448275862069,-0.733304188903796,-1.1616205131253148,True,27,0.9310344827586207,88.0,0.0,31.0,2.208710947653284
~/anvil/data/cve-targets/libtiff_repo_libtiff_tif_pixarlog.c,213,160,226,},```c,"```c
",2.7421875,"[[73594, 66, 198]]","[-0.4374695122241974, -0.00025722055579535663, -2.264974000354414e-06]",7.089390277862549,False,1.0,-0.4377289977539931,-0.1459096659179977,3.0,-0.4377289977539931,-0.1459096659179977,3.0,0.04250358282277217,0,2,2,2,1.0,-18.79373434753205,-1.097381770575293,True,1,0.3333333333333333,4.0,0.0,2.0,1.989121298380667
~/anvil/data/cve-targets/libtiff_repo_libtiff_tif_read.c,439,414,449,stripsperplane=((td->td_imagelength+rowsperstrip-1)/rowsperstrip);,stripsperplane = (td->td_imagelength + rowsperstrip - 1) / rowsperstrip;,stripsperplane = (td->td_imagelength + rowsperstrip - 1) / rowsperstrip;,0.54931640625,"[[29872, 1690, 712, 19025, 284, 320, 1296, 405, 1296, 88609, 301, 996, 488, 6978, 712, 13105, 481, 220, 16, 8, 608, 6978, 712, 13105, 26, 151645]]","[-0.07912470400333405, -0.00038366109947673976, 0.0, 0.0, -0.0011235122801735997, -0.003942812792956829, -0.0206807479262352, 0.0, -8.344646857949556e-07, -0.028087599202990532, -2.3841855067985307e-07, -1.5497195136049413e-06, -2.3841855067985307e-07, -0.004303480498492718, 0.0, -3.576278118089249e-07, 0.0, 0.0, 0.0, 0.0, 0.0, -1.5497195136049413e-06, 0.0, -2.145764938177308e-06, -3.576278118089249e-07, -2.8729025871143676e-05]",10.255054473876951,False,0.0,-0.13768251859090697,-0.005295481484265652,26.0,-0.13765378956503582,-0.009176919304335722,15.0,0.00027019431677617937,1,25,22,22,1.1363636363636365,-59.85847625253393,-1.0138809876879469,True,22,0.8461538461538461,9.0,0.927536231884058,3.0,2.2642284030511113
~/anvil/data/cve-targets/php_repo_ext_phar_phar.c,901,632,1125,"PHAR_GET_32(buffer, manifest_flags);",```c,"```c
PHAR_GET_32(buffer, tmp_len);
```",2.3125,"[[73594, 66, 198, 10842, 934, 12702, 62, 18, 17, 12584, 11, 4174, 6043, 317, 73594, 151645]]","[-0.0012486526975408196, -2.9802276912960224e-06, -4.768370445162873e-07, -0.08912158012390137, 0.0, -1.9907753085135482e-05, -1.585470999998506e-05, -2.6940935640595853e-05, 0.0, -9.536738616588991e-07, 0.0, -2.062299427052494e-05, -1.1920922133867862e-06, -8.344646857949556e-07, -1.2636104656849056e-05, -6.437094270950183e-05]",14.54379653930664,False,2.0,-0.09053700355730143,-0.0056585627223313395,16.0,-0.001252109762276632,-0.0004173699207588773,3.0,3.455165719812701e-07,1,11,14,2,0.7857142857142857,-5540.648439148005,-1.097937063797884,True,11,0.6875,36.0,0.0,10.0,2.0796971971254785
~/anvil/data/cve-targets/libxml2_repo_parser.c,4712,4564,4724,"""Double hyphen within comment\n"", NULL);",```c,"```c
                            ""Double hyphen within comment\n"");
		}
	}
```",0.8681640625,"[[73594, 66, 198, 999, 330, 7378, 6275, 14769, 2878, 3980, 1699, 797, 197, 197, 532, 197, 532, 73594]]","[-0.46044468879699707, -4.768370445162873e-07, -1.1920928244535389e-07, -1.6485486030578613, -0.005718775559216738, -0.0032949938904494047, -0.0007216709782369435, -3.8980677345534787e-05, -0.00036542891757562757, -1.3708974620385561e-05, -0.5948083996772766, -0.0008295908919535577, -0.7243579030036926, -0.0044956328347325325, -0.002380277728661895, -0.6413841247558594, -0.5745354890823364, -0.013570672832429409]",3.086985349655152,False,4.0,-4.675509537705572,-0.2597505298725318,18.0,-2.1089938879011854,-0.5272484719752963,4.0,0.45443950082112294,1,11,13,2,0.8461538461538461,-1.646593795231856,-1.2128673381459174,True,10,0.5555555555555556,39.0,0.045454545454545414,10.0,1.9442067168255692
~/anvil/data/cve-targets/libtiff_repo_libtiff_tif_luv.c,1444,1428,1453,*/,{,"{
            /*",12.9375,"[[515, 310, 1391]]","[-1.2473307847976685, -0.010194375179708004, -0.0016876515001058578]",0.6806313395500183,False,1.0,-1.2592128114774823,-0.4197376038258274,3.0,-1.2575251599773765,-0.6287625799886882,2.0,0.3826266240006045,1,3,4,2,0.75,-20.576129069628717,-1.2880714599809928,True,1,0.3333333333333333,2.0,0.0,2.0,2.1046088452190044
~/anvil/data/cve-targets/libpng_repo_pngrtran.c,3987,3829,4027,else if (row_info->bit_depth == 16),else if (row_info->bit_depth == 16),else if (row_info->bit_depth == 16),0.0199127197265625,"[[1503, 421, 320, 651, 3109, 405, 4489, 19061, 621, 220, 16, 21, 8, 151645]]","[-0.11438653618097305, -6.460934673668817e-05, -3.576278118089249e-07, -1.1920928244535389e-07, -1.1920928244535389e-07, 0.0, -1.1324817933200393e-05, -1.5139465176616795e-05, 0.0, 0.0, 0.0, 0.0, -0.0025964616797864437, -0.0005956306122243404]",15.018467903137209,True,0.0,-0.11767029814920704,-0.00840502129637193,14.0,-0.1170746675369827,-0.014634333442122838,8.0,0.0009258985661680139,0,16,16,16,1.0,-1.3606851180011097,-1.1110436586442003,False,13,0.9285714285714286,0.0,1.0,0.0,1.0654787759071718
~/anvil/data/cve-targets/poppler_repo_fofi_FoFiTrueType.cc,1311,1022,1326,} else if (needVerticalMetrics && i == t42VheaTable) {,```cpp,"```cpp
                } else if (needVerticalMetrics && i == t42VheaTable) {
                    dumpString(vheaTab",0.0023517608642578,"[[73594, 10821, 198, 394, 335, 770, 421, 320, 17046, 18612, 27328, 1009, 600, 621, 259, 19, 17, 53, 39933, 2556, 8, 341, 503, 10276, 703, 3747, 39933, 8582]]","[-0.0016052944120019674, -0.011792236939072609, -1.311301275563892e-06, -0.44008320569992065, -0.0003578022588044405, 0.0, -7.986703712958843e-05, -0.003600307274609804, -0.0033806574065238237, -5.829164365422912e-05, -0.0029743739869445562, 0.0, -4.768370445162873e-07, 0.0, 0.0, 0.0, 0.0, 0.0, -0.00015793983766343445, 0.0, 0.0, -1.1920928244535389e-07, -0.01112001296132803, -3.3854863431770355e-05, 0.0, 0.0, 0.0, -1.1920928244535389e-07]",12.212530136108398,False,2.0,-0.4752458708779699,-0.016973066817070354,28.0,-0.4534820483522708,-0.1133705120880677,4.0,0.035600842429642954,1,15,19,2,0.7894736842105263,-0.020744026122338773,-1.0357764745679678,True,18,0.6428571428571429,53.0,0.033333333333333326,14.0,2.11767945382787
~/anvil/data/cve-targets/libtiff_repo_libtiff_tif_predict.c,606,576,615,assert(rowsize > 0);,while (cc > 0) {,"while (cc > 0) {
	(*",3.2890625,"[[3472, 320, 638, 861, 220, 15, 8, 341, 197, 4071]]","[-0.007594285998493433, 0.0, -5.960462772236497e-07, 0.0, 0.0, 0.0, 0.0, -1.2636104656849056e-05, -1.1920928244535389e-07, -8.892617915989831e-05]",16.105134963989258,False,1.0,-0.007696563537869849,-0.0007696563537869849,10.0,-0.007607637358709951,-0.0019019093396774878,4.0,5.6936285509405865e-06,1,12,12,13,1.0,-1729.3476778224012,-1.1416407512074718,True,7,0.7,15.0,0.4444444444444444,8.0,2.079396227770546
~/anvil/data/cve-targets/libsndfile_repo_src_common.c,599,470,684,"memcpy (&(psf->header.ptr [psf->header.indx]), strptr, size) ;",```c,"```c
psf->header.indx += 4 ;
```",0.373779296875,"[[73594, 66, 198, 1690, 69, 405, 2708, 28473, 87, 1421, 220, 19, 4386, 73594, 151645]]","[-0.046696655452251434, -2.8490614567999728e-05, -1.5497195136049413e-06, -0.1840258240699768, 0.0, -1.1920928244535389e-07, -9.536738616588991e-07, -0.019072944298386574, 0.0, -4.8397800128441304e-05, -0.00490189203992486, -1.5258672647178173e-05, -9.77468371274881e-05, -0.0034950620029121637, -7.879423355916515e-05]",9.865769386291504,False,2.0,-0.2584636886241398,-0.017230912574942654,15.0,-0.04672669578633304,-0.015575565262111013,3.0,0.0004842612482800649,1,35,11,2,3.1818181818181817,-23.99779979634205,-1.02379637706994,True,22,1.4666666666666666,61.0,0.030303030303030276,34.0,2.364845173953516
~/anvil/data/cve-targets/libxml2_repo_valid.c,1217,1186,1278,},```c,"```c
",3.953125,"[[73594, 66, 198]]","[-0.6018831729888916, -1.0728830375228426e-06, -1.5497195136049413e-06]",4.455060958862305,False,1.0,-0.6018857955914427,-0.2006285985304809,3.0,-0.6018857955914427,-0.2006285985304809,3.0,0.08050261676193803,1,2,2,2,1.0,-19.70369642690503,-1.1720863512856055,True,1,0.3333333333333333,4.0,0.0,2.0,1.9572094596844938
~/anvil/data/cve-targets/php_repo_ext_standard_http_fopen_wrapper.c,623,564,637,if (tmp_line[tmp_line_len - 1] == '\n') {,```c,"```c
while (
	!php_stream_eof(stream)
	&& php_stream_get_line(stream, tmp_line, sizeof(tmp",0.69287109375,"[[73594, 66, 198, 3472, 2399, 197, 0, 1208, 12673, 90792, 20574, 340, 197, 7672, 24362, 12673, 3062, 6528, 20574, 11, 4174, 6528, 11, 3935, 10368]]","[-0.6128556132316589, -0.040865328162908554, -3.933898824470816e-06, -0.5653400421142578, -0.8145191073417664, -0.06090271845459938, -0.0037902200128883123, -1.311301275563892e-06, -3.93382906622719e-05, -7.343022298300639e-05, -6.556489552167477e-06, -0.014502238482236862, -5.960462772236497e-07, -1.1920928244535389e-07, -0.00024530262453481555, -2.5510462364763953e-05, -6.437280717364047e-06, -8.344646857949556e-07, -1.7881377516459906e-06, 0.0, -7.867782187531702e-06, -5.435795901576057e-05, 0.0, -7.092700980138034e-05, -4.172316494077677e-06]",7.252588748931885,False,3.0,-2.1133177512967265,-0.08453271005186906,25.0,-0.653724875293392,-0.217908291764464,3.0,0.07826996895725673,1,24,22,2,1.0909090909090908,-3.179645382649876,-1.0929136160448165,True,16,0.64,41.0,0.0,23.0,2.189388791244137
~/anvil/data/cve-targets/php_repo_ext_phar_phar.c,698,632,1125,"if (manifest_len < 10 || manifest_len != php_stream_read(fp, buffer, manifest_len)) {",```c,"```c
MAPPHAR_ALLOC_FAIL(""internal corruption of phar \""%s\"" (truncated manifest header)"")
```",1.3876953125,"[[73594, 66, 198, 17617, 10842, 934, 39333, 11878, 445, 10481, 21252, 315, 1319, 277, 32328, 82, 2105, 320, 376, 38007, 14455, 4247, 19107, 73594, 151645]]","[-0.1312159299850464, -3.4570634852570947e-06, -1.4305104514278355e-06, -0.2519952952861786, -2.0503786799963564e-05, 0.0, -0.721798837184906, -0.0037602924276143312, -1.9788545614574105e-05, -0.598863959312439, -2.90866428258596e-05, 0.0, -3.4570634852570947e-06, 0.0, -8.761498611420393e-05, -1.1920928244535389e-07, 0.0, -1.3351351299206726e-05, -0.02342980168759823, -1.1920858014491387e-05, -0.00033396866638213396, -0.7057246565818787, -0.001206504413858056, -4.9232225137529895e-05, -5.07818695041351e-05]",10.767704010009766,False,2.0,-2.4386199896579157,-0.09754479958631662,25.0,-0.13122081755898307,-0.043740272519661026,3.0,0.003825995325185201,1,28,15,2,1.8666666666666667,-31.725803991647243,-1.0009697606474157,True,23,0.92,85.0,0.0,27.0,2.3312022474013845
~/anvil/data/cve-targets/openssl_repo_crypto_x509_x509_req.c,39,16,51,pktmp = X509_get0_pubkey(x);,```c,"```c
    pktmp = X509_get_pubkey(x);
    if (pktmp",0.7919921875,"[[73594, 66, 198, 262, 22458, 5173, 284, 1599, 20, 15, 24, 3062, 34014, 792, 2075, 317, 262, 421, 320, 20819, 5173]]","[-0.2089991271495819, -1.5497195136049413e-06, -9.536738616588991e-07, -0.013691678643226624, -0.00010609064338495955, -2.3841855067985307e-07, 0.0, -1.5497195136049413e-06, -4.768370445162873e-07, 0.0, 0.0, -0.00017772526189219207, -0.1643892526626587, 0.0, 0.0, -1.1920928244535389e-07, -4.410734163684538e-06, 0.0, -0.0003651905863080174, -5.960462772236497e-07, -1.1920928244535389e-07]",9.58515167236328,False,2.0,-0.38773907851454226,-0.01846376564354963,21.0,-0.2226933091861838,-0.05567332729654595,4.0,0.007867504931898577,1,12,16,2,0.75,-14.22570243164066,-1.031004014865824,True,13,0.6190476190476191,28.0,0.0,11.0,2.1082753913461136
~/anvil/data/cve-targets/php_repo_ext_intl_msgformat_msgformat_parse.c,83,57,115,if(pattern && pattern_len) {,```c,"```c
	if( zend_parse_parameters( ZEND",4.953125,"[[73594, 66, 198, 743, 7, 78568, 21039, 18263, 7, 92370]]","[-0.023044632747769356, -1.2874520507466514e-05, -5.483612312673358e-06, -0.9031925201416016, -0.12718117237091064, -0.03185040503740311, -3.40932747349143e-05, -0.00034505134681239724, -0.0004627825692296028, -4.529942543740617e-06]",5.04891300201416,False,1.0,-1.0861335455638255,-0.10861335455638255,10.0,-0.023062990880589496,-0.0076876636268631655,3.0,0.00011791825939448711,0,13,7,2,1.8571428571428572,-644.2952293974193,-1.1548137388835062,True,7,0.7,28.0,0.0,12.0,2.1230241736703652
~/anvil/data/cve-targets/libtiff_repo_libtiff_tif_predict.c,4,-151,154,*,```,```,38.28125,[[73594]],[-3.683499380713329e-05],31.0703125,False,0.0,-3.683499380713329e-05,-3.683499380713329e-05,1.0,-3.683499380713329e-05,-3.683499380713329e-05,1.0,0.0,0,2,1,1,2.0,-1039263.1040048292,-1.6596320505708029,True,1,1.0,3.0,0.0,1.0,2.439232754529308
~/anvil/data/cve-targets/libtiff_repo_libtiff_tif_pixarlog.c,731,684,813,},```c,"```c
",0.092529296875,"[[73594, 66, 198]]","[-0.12099356204271317, -5.960462772236497e-07, -5.960462772236497e-07]",10.02634048461914,False,1.0,-0.12099475413526761,-0.04033158471175587,3.0,-0.12099475413526761,-0.04033158471175587,3.0,0.003253177293469934,1,2,2,2,1.0,-2.2942142625015554,-1.0196948122691136,True,1,0.3333333333333333,4.0,0.0,2.0,1.985987068499485
~/anvil/data/cve-targets/poppler_repo_poppler_GfxState.cc,2623,2566,2644,"GfxSeparationColorSpace *cs = (GfxSeparationColorSpace *)GfxSeparationColorSpace::parse(res, obj3.getArray(), out, state, recursion);",```cpp,"```cpp
auto cs = GfxSeparationColorSpace::parse(res, &obj3, out, state, recursion + 1);
```",1.1064453125,"[[73594, 10821, 198, 3902, 10532, 284, 479, 8298, 14492, 367, 1636, 9914, 486, 6400, 4590, 11, 609, 2295, 18, 11, 700, 11, 1584, 11, 50262, 488, 220, 16, 317, 73594, 151645]]","[-0.042729467153549194, -2.3841855067985307e-07, -3.3378546504536644e-06, -0.2168981283903122, -4.0531076592742465e-06, 0.0, -0.00018165845540352166, -5.960462772236497e-07, -0.0011605439940467477, 0.0, -6.318072337307967e-06, -6.770858453819528e-05, -2.3841855067985307e-07, -0.00308585399761796, -0.37686312198638916, -2.3841855067985307e-07, -0.00029976642690598965, -5.006777428206988e-06, -3.814689989667386e-06, -7.629365427419543e-06, -0.0005676327273249626, -5.006777428206988e-06, -9.77468371274881e-05, -3.802703940891661e-05, -0.0002343380037928, -0.00027891082572750747, 0.0, -8.940656698541716e-06, -6.9141146923357155e-06, -6.317892984952778e-05, -0.0003474347176961601]",14.447733879089355,False,2.0,-0.642965850787931,-0.020740833896384873,31.0,-0.04273304342675033,-0.014244347808916777,3.0,0.00040570101364006,0,40,31,2,1.2903225806451613,-77.67609492148034,-1.0953034585752213,True,38,1.2258064516129032,130.0,0.043165467625899234,39.0,2.379977720101487
~/anvil/data/cve-targets/sqlite3_repo_ext_misc_zipfile.c,1493,1401,1575,zPath = (const char*)sqlite3_value_text(apVal[2]);,```c,"```c
      zPath = (const char*)sqlite3_value_text(apVal[1]);
```",0.1827392578125,"[[73594, 66, 198, 414, 1147, 1820, 284, 320, 1024, 1161, 3764, 37042, 18, 3142, 4326, 34420, 2208, 58, 16, 2558, 73594, 151645]]","[-0.04779871553182602, -3.576278118089249e-07, -8.344646857949556e-07, -0.035675372928380966, -0.00018261195509694517, 0.0, 0.0, -1.8000440832111053e-05, -7.390703103737906e-05, 0.0, -0.004710410721600056, -1.3351351299206726e-05, 0.0, -2.8132995794294402e-05, -1.549708758830093e-05, -0.0005209281225688756, -1.0728830375228426e-06, -9.536738616588991e-07, -0.0429144911468029, -0.0003323002893012017, -0.10193337500095367, -5.006664650863968e-05]",17.171295166015625,False,2.0,-0.23427037989898736,-0.010648653631772153,22.0,-0.08347528055270459,-0.020868820138176147,4.0,0.00045385470626438184,1,26,27,2,0.9629629629629629,-8.756568728013901,-1.1724792080407842,True,16,0.7272727272727273,49.0,0.03703703703703709,25.0,2.131110850432446
~/anvil/data/cve-targets/libsndfile_repo_src_common.c,178,84,318,"log_putchar (psf, lead_char) ;","log_putchar (psf, lead_char) ;","log_putchar (psf, lead_char) ;",0.2098388671875,"[[839, 57969, 320, 1690, 69, 11, 2990, 9232, 8, 2587, 151645]]","[-0.018252387642860413, -0.0002388668799540028, 0.0, -3.3378546504536644e-06, 0.0, 0.0, -0.059178028255701065, -6.0794889577664435e-05, 0.0, -0.020219286903738976, -9.894321920000948e-06]",8.853928565979004,True,0.0,-0.09796259674840258,-0.008905690613491142,11.0,-0.09795270242648257,-0.01632545040441376,6.0,0.0003284595819074614,0,11,11,11,1.0,-12.853481036625354,-1.0500246885881543,False,10,0.9090909090909091,0.0,1.0,0.0,1.0655253009559544
~/anvil/data/cve-targets/libpng_repo_png.c,4019,4006,4022,"(void)png_safe_execute(image, png_image_free_function, image);",png_image_free(image->opaque);,png_image_free(image->opaque);,1.7841796875,"[[14066, 4954, 8905, 10075, 405, 95480, 1215, 151645]]","[-0.15657946467399597, -0.061718616634607315, -0.0020394970197230577, -0.15302368998527527, -0.0033887361641973257, -0.6275151371955872, -3.7431014789035544e-05, -0.0005458295345306396]",8.350284576416016,False,0.0,-1.0048484022227058,-0.12560605027783822,8.0,-1.0043025726881751,-0.14347179609831073,7.0,0.04306348057934701,1,18,12,12,1.5,-12.43575208522121,-1.063329237853912,True,14,1.75,43.0,0.4565217391304348,11.0,2.1748794072679978
~/anvil/data/cve-targets/sqlite3_repo_src_pragma.c,1588,1460,1707,"sqlite3VdbeChangeP5(v, OPFLAG_TYPEOFARG);",```c,"```c
sqlite3VdbeAddOp1(v, OP_NotNull, 3); VdbeCoverage(v);
",0.490234375,"[[73594, 66, 198, 37042, 18, 53, 83406, 2212, 7125, 16, 3747, 11, 13134, 60816, 3280, 11, 220, 18, 1215, 647, 83406, 66312, 3747, 317]]","[-0.006782130803912878, -4.3987260141875595e-05, -2.264974000354414e-06, -0.46614861488342285, -2.3841855067985307e-07, -0.0437263660132885, -2.3841855067985307e-07, -0.07328999042510986, -5.566918844124302e-05, -0.19670535624027252, -9.536738616588991e-07, 0.0, -1.6689286894688848e-06, -0.38649728894233704, -0.005676578264683485, -4.768370445162873e-07, -3.85038583772257e-05, -0.00028880240279249847, -0.000745018885936588, -9.536738616588991e-07, -1.9073468138230965e-06, -0.00045622908510267735, -5.960462772236497e-07, -1.1920928244535389e-07]",8.269185066223145,False,2.0,-1.1804639537807518,-0.04918599807419799,24.0,-0.006828383038055108,-0.0022761276793517027,3.0,1.0152322204137684e-05,1,11,22,2,0.5,-215.38087667368063,-1.0654873118580461,True,15,0.625,41.0,0.0,10.0,2.0596972504908724
~/anvil/data/cve-targets/poppler_repo_poppler_GfxState.cc,4624,4513,4911,case 1:,```cpp,"```cpp
    if (nP",7.84765625,"[[73594, 10821, 198, 262, 421, 320, 86749]]","[-0.2673683762550354, -2.3841855067985307e-07, 0.0, -0.1179530918598175, -0.24738183617591858, -0.0008641323074698448, -0.007137869950383902]",9.92340087890625,False,1.0,-0.6407055449671759,-0.09152936356673942,7.0,-0.3853217065334036,-0.12844056884446786,3.0,0.012070144029786992,0,5,5,2,1.0,-61.09951334381692,-1.0223223663592924,True,4,0.5714285714285714,7.0,0.15384615384615385,4.0,2.220425870696027
~/anvil/data/cve-targets/php_repo_ext_phar_phar.c,945,632,1125,"PHAR_GET_32(buffer, len);",```c,"```c
PHAR_GET_32(buffer, len);
```",0.6982421875,"[[73594, 66, 198, 10842, 934, 12702, 62, 18, 17, 12584, 11, 2422, 317, 73594, 151645]]","[-0.004256831482052803, -3.6954811548639555e-06, -1.4305104514278355e-06, -0.5011477470397949, 0.0, -1.823885577323381e-05, -1.0609570381348021e-05, -5.8412379075889476e-06, 0.0, -5.960462772236497e-07, 0.0, -7.581423415103927e-05, -2.3841855067985307e-07, -9.047575440490618e-05, -5.876845170860179e-05]",11.623549461364746,False,2.0,-0.5056702870826086,-0.03371135247217391,15.0,-0.004261957473659095,-0.0014206524912196983,3.0,4.021956489036925e-06,1,11,14,2,0.7857142857142857,-491.4940084330726,-1.0206369013814982,True,10,0.6666666666666666,25.0,0.0,10.0,2.103281149820792
~/anvil/data/cve-targets/libxml2_repo_valid.c,1210,1186,1278,},```c,"```c
",5.33203125,"[[73594, 66, 198]]","[-0.1633511334657669, -3.576278118089249e-07, -1.6689286894688848e-06]",7.7940192222595215,False,1.0,-0.16335316002226818,-0.05445105334075606,3.0,-0.16335316002226818,-0.05445105334075606,3.0,0.0059296137259034765,1,2,2,2,1.0,-97.92338114438327,-1.078219867518533,True,1,0.3333333333333333,4.0,0.0,2.0,2.073073676895608
~/anvil/data/cve-targets/openssl_repo_crypto_x509_x509_vfy.c,1029,1021,1047,return 0;,return 0;,return 0;,0.0002446174621582,"[[689, 220, 15, 26, 151645]]","[-0.3791682720184326, -1.1920928244535389e-07, -1.9073468138230965e-06, -4.768370445162873e-07, -6.3774932641536e-05]",11.74565887451172,True,0.0,-0.37923455034421494,-0.07584691006884299,5.0,-0.3791707754115734,-0.09479269385289335,4.0,0.02695648981944255,0,5,5,5,1.0,-0.0025805518570641774,-1.0237573963072715,False,4,0.8,0.0,1.0,0.0,1.014211599410505
~/anvil/data/cve-targets/openssl_repo_ssl_t1_lib.c,1141,1129,1192,if (clu->amask & s->s3.tmp.new_cipher->algorithm_auth) {,if (s->s3.tmp.new_cipher->algorithm_mkey == clu->mask) {,if (s->s3.tmp.new_cipher->algorithm_mkey == clu->mask) {,0.253173828125,"[[333, 320, 82, 405, 82, 18, 44731, 4618, 76692, 405, 19688, 717, 792, 621, 1185, 84, 405, 11258, 8, 314, 151645]]","[-0.03442293405532837, -3.40932747349143e-05, -0.4588854908943176, -3.576278118089249e-07, -0.01844971999526024, -8.344646857949556e-07, -0.0051502650603652, -9.941560711013153e-05, -1.3351351299206726e-05, -1.597391747054644e-05, -0.11640699952840805, -0.034827347844839096, -2.2291887944447808e-05, -0.02476748451590538, -0.016145436093211174, 0.0, 0.0, -0.3830703794956207, -0.49901247024536133, -0.004152129869908094, -4.851700214203447e-05]",27.23526763916016,False,0.0,-1.5955254927317242,-0.0759774044157964,21.0,-1.5954769757295821,-0.08863760976275456,18.0,0.024813083044798682,0,28,28,28,1.0,-2.8562799561341894,-1.5079027829915685,True,20,0.9523809523809523,29.0,0.7142857142857143,11.0,1.8703632654398485
~/anvil/data/cve-targets/poppler_repo_poppler_GfxState.cc,2401,2386,2402,"alt->getGray(&color2, gray);",```cpp,"```cpp
    alt->getGray(&color2, gray);
```",0.150634765625,"[[73594, 10821, 198, 262, 4797, 405, 455, 28174, 2099, 3423, 17, 11, 17545, 317, 73594, 151645]]","[-0.28812375664711, -3.576278118089249e-07, -2.3841855067985307e-07, -0.001073975581675768, -0.004012273158878088, -2.3841855067985307e-07, -4.9232225137529895e-05, -0.0003228858404327184, -2.50339189733495e-06, 0.0, 0.0, 0.0, -5.960462772236497e-07, 0.0, -0.06953687220811844, -0.00015829740732442588]",6.421998023986816,False,2.0,-0.3632812269717647,-0.022705076685735293,16.0,-0.28919832827514824,-0.07229958206878706,4.0,0.015526883574723184,1,16,16,2,1.0,-2.083480447807893,-1.115844972058835,True,10,0.625,27.0,0.05882352941176472,15.0,2.064809508922054
~/anvil/data/cve-targets/libxml2_repo_valid.c,1214,1186,1278,if (size - len < xmlStrlen(content->name) + 10) {,```c,"```c
            if (size - len < xmlStrlen(content->name) + 10) {
                strcat(buf, "" ..."");
",0.77734375,"[[73594, 66, 198, 310, 421, 320, 2141, 481, 2422, 366, 8396, 2580, 2892, 15063, 405, 606, 8, 488, 220, 16, 15, 8, 341, 394, 33512, 10731, 11, 330, 2503, 797]]","[-0.42723360657691956, -9.536738616588991e-07, -8.344646857949556e-07, -0.27724698185920715, -0.4644771218299866, -4.541770613286644e-05, -0.35225456953048706, 0.0, -4.6491513785440475e-06, -4.136476854910143e-05, -5.8053239627042785e-05, -3.4570634852570947e-06, -1.1920928244535389e-07, -0.0006622266955673695, 0.0, -5.960462772236497e-07, -3.242440288886428e-05, -3.576278118089249e-07, 0.0, -0.0007686044555157423, -1.1920928244535389e-07, 0.0, 0.0, -2.622600959512056e-06, -3.242440288886428e-05, -1.3589766240329482e-05, 0.0, -2.3841855067985307e-07, -1.4305012882687151e-05, 0.0]",3.3844313621521,False,3.0,-1.5228946377124686,-0.05076315459041562,30.0,-0.7044823765746742,-0.17612059414366854,4.0,0.03383014720357305,1,27,39,2,0.6923076923076923,-4.41370161041979,-1.2038817249017177,True,19,0.6333333333333333,48.0,0.037735849056603765,26.0,2.1312957056260697
~/anvil/data/cve-targets/poppler_repo_poppler_FileSpec.cc,85,79,91,int c;,int c;,int c;,0.000762939453125,"[[396, 272, 26, 151645]]","[-0.41485604643821716, -0.007911890745162964, -2.3841855067985307e-07, -0.000125281119835563]",9.822232246398926,True,0.0,-0.42289345672176637,-0.10572336418044159,4.0,-0.4227681756019308,-0.1409227252006436,3.0,0.03753016461588003,1,5,5,5,1.0,-0.005413885177417188,-1.0249113128760725,False,3,0.75,0.0,1.0,0.0,1.0132436058167003
~/anvil/data/cve-targets/openssl_repo_crypto_asn1_a_d2i_fp.c,99,89,226,uint32_t eos = 0;,uint32_t eos = 0;,uint32_t eos = 0;,0.162841796875,"[[2496, 18, 17, 528, 61794, 284, 220, 15, 26, 151645]]","[-0.22272108495235443, -1.1920928244535389e-07, 0.0, 0.0, -1.5497195136049413e-06, 0.0, -4.768360213347478e-06, -0.00011085849109804258, -2.0265558760002023e-06, -4.851700214203447e-05]",10.82164478302002,True,0.0,-0.2228889242904799,-0.02228889242904799,10.0,-0.22284040728833787,-0.03714006788138965,6.0,0.004898572825809116,0,8,8,8,1.0,-4.384531482146205,-1.000379300508172,False,9,0.9,0.0,1.0,0.0,1.072435596650152
~/anvil/data/cve-targets/libsndfile_repo_src_common.c,1264,1258,1275,BUF_UNION	ubuf ;,sf_count_t,"sf_count_t
psf_decode_frame_count (SF_PRIVATE",3.484375,"[[17246, 3180, 528, 198, 1690, 69, 15227, 8929, 3180, 320, 28667, 30470]]","[-0.2779856324195862, -0.011709176003932953, 0.0, -0.08595306426286697, -0.0002449450839776546, 0.0, -0.009829452261328697, -0.001740013831295073, -3.933898824470816e-06, -3.2186455882765586e-06, -3.576278118089249e-07, -0.0012454380048438907]",3.111642360687256,False,1.0,-0.388715232040056,-0.032392936003338,12.0,-0.3756478726863861,-0.1252159575621287,3.0,0.012380803706783267,0,5,5,2,1.0,-27.826924521749948,-1.2121199264478868,True,7,0.5833333333333334,14.0,0.15384615384615385,4.0,1.945002494840612
~/anvil/data/cve-targets/lua_repo_ldebug.c,114,103,121,L->oldpc = L->ci->u.l.savedpc;,settraps(L->ci);  /* to trace inside 'luaV_execute' */,    settraps(L->ci);  /* to trace inside 'luaV_execute' */,0.88671875,"[[262, 738, 376, 2625, 4957, 405, 5855, 1215, 220, 1391, 311, 11655, 4766, 364, 27623, 53, 44329, 6, 639, 151645]]","[-0.47470879554748535, -0.1904500424861908, -0.4856029748916626, -2.7418097943154862e-06, -1.8000440832111053e-05, -1.8358061424805783e-05, -4.887569048150908e-06, -2.9802276912960224e-06, -7.152531907195225e-06, -4.529942543740617e-06, -0.023213183507323265, -0.005331820342689753, -0.0001842805795604363, -1.6689286894688848e-06, -7.152555099310121e-07, -1.1920922133867862e-06, -4.8993817472364753e-05, 0.0, -0.002556153805926442, -0.0001006075763143599]",10.791306495666504,False,0.0,-1.1822590794142798,-0.05911295397071399,20.0,-1.1821584718379654,-0.06567547065766474,18.0,0.02233953679333136,1,22,13,13,1.6923076923076923,-13.5015210568044,-1.000379300508172,True,14,0.7,44.0,0.2857142857142857,17.0,2.250435945429284
~/anvil/data/cve-targets/libsndfile_repo_src_alaw.c,338,332,352,"int			bufferlen, readcount ;","sf_count_t readcount, bufferlen ;","sf_count_t readcount, bufferlen ;",0.430419921875,"[[17246, 3180, 528, 1349, 1830, 11, 4147, 2892, 2587, 151645]]","[-0.23698583245277405, -0.00021860594279132783, 0.0, -0.47764861583709717, -1.1920928244535389e-07, -0.8245265483856201, -6.48477507638745e-05, 0.0, -2.2411095415009186e-05, -7.73638384998776e-05]",5.658706188201904,False,0.0,-1.5395443445122439,-0.1539544344512244,10.0,-1.539466980673744,-0.21992385438196344,7.0,0.0778695372069631,0,7,7,7,1.0,-1.9571315857689875,-1.137342312976223,True,8,0.8,26.0,0.4590163934426229,3.0,1.9515595937135453
~/anvil/data/cve-targets/libxml2_repo_valid.c,4300,4193,4382,},```c,"```c
",4.80078125,"[[73594, 66, 198]]","[-0.003716468345373869, 0.0, -5.960462772236497e-07]",10.357746124267578,False,1.0,-0.0037170643916510926,-0.0012390214638836976,3.0,-0.0037170643916510926,-0.0018585321958255463,2.0,3.0688715845145477e-06,1,2,2,2,1.0,-2583.1036238075653,-1.0112813982692308,True,1,0.3333333333333333,4.0,0.0,2.0,2.1161346833128416
~/anvil/data/cve-targets/libxml2_repo_HTMLparser.c,2461,2438,2471,in++;,```c,"```c
	in",0.133056640625,"[[73594, 66, 198, 17430]]","[-0.09266763925552368, -1.1920928244535389e-07, -1.0728830375228426e-06, -0.04559099301695824]",3.899668693542481,False,1.0,-0.1382598243648019,-0.03456495609120047,4.0,-0.09266883134784365,-0.030889610449281218,3.0,0.0019082624217440442,1,6,3,2,2.0,-4.3074884626165995,-1.1884740503685756,True,2,0.5,5.0,0.0,5.0,1.8889349122331014
~/anvil/data/cve-targets/sqlite3_repo_src_vdbemem.c,1078,1001,1083,#endif,, ,14.9453125,[[220]],[-0.1699860394001007],19.94464874267578,False,0.0,-0.1699860394001007,-0.1699860394001007,1.0,-0.1699860394001007,-0.1699860394001007,1.0,0.0,0,2,-1,-1,-2.0,-87.92082310255383,-1.256656129298835,True,1,1.0,6.0,0.0,2.0,2.1724163979783238
~/anvil/data/cve-targets/libsndfile_repo_src_wavlike.c,712,679,743,if ((psf->cart_16k = cart_var_alloc ()) == NULL),"psf->cart_16k = calloc (1, sizeof (SF_CART_INFO_16K)) ;","	psf->cart_16k = calloc (1, sizeof (SF_CART_INFO_16K)) ;",2.244140625,"[[35009, 69, 405, 11452, 62, 16, 21, 74, 284, 46013, 320, 16, 11, 3935, 320, 28667, 65172, 9068, 62, 16, 21, 42, 593, 2587, 151645]]","[-0.8909138441085815, 0.0, -5.8412379075889476e-06, -3.3854863431770355e-05, 0.0, 0.0, 0.0, 0.0, -5.960462772236497e-07, -0.2877397835254669, -0.0001003691868390888, -3.755022044060752e-05, -4.410734163684538e-06, -0.0006881968001835048, -0.00015054999676067382, -4.541770613286644e-05, -0.011487293988466263, -2.9802276912960224e-06, -2.3841855067985307e-07, 0.0, 0.0, 0.0, -3.099436753473128e-06, -0.5306189656257629, -0.00010978573118336499]",5.626340866088867,False,0.0,-1.7219427778545935,-0.06887771111418374,25.0,-1.7218329921234101,-0.10761456200771313,16.0,0.043111711698592035,0,26,22,22,1.1818181818181819,-20.853503309702216,-1.1382629466413656,True,18,0.72,37.0,0.5436893203883495,23.0,2.214064412869896
~/anvil/data/cve-targets/php_repo_ext_exif_exif.c,3657,3617,3700,marker = c;,marker = c;,marker = c;,0.0068435668945312,"[[27742, 284, 272, 26, 151645]]","[-0.14579856395721436, 0.0, -0.02318732626736164, -4.005352093372494e-05, -6.222531374078244e-05]",11.919041633605955,True,0.0,-0.1690881690592505,-0.0338176338118501,5.0,-0.16902594374550972,-0.05634198124850324,3.0,0.003663108135233622,1,7,7,7,1.0,-0.12146478953849361,-1.028204574695405,False,4,0.8,0.0,1.0,0.0,1.0333284366781008
~/anvil/data/cve-targets/openssl_repo_crypto_pkcs7_pk7_doit.c,185,159,299,break;,os = PKCS,os = PKCS,3.59765625,"[[436, 284, 24826, 6412]]","[-0.05087433382868767, 0.0, -0.0033702023793011904, 0.0]",9.055601119995115,False,0.0,-0.05424453620798886,-0.013561134051997215,4.0,-0.05424453620798886,-0.02712226810399443,2.0,0.00046598466987131214,0,4,5,5,0.8,-132.6458479138091,-1.0447439829236855,True,2,0.5,9.0,0.0,5.0,2.078969760574631
~/anvil/data/cve-targets/libtiff_repo_libtiff_tif_ojpeg.c,735,727,747,(void)s;,if (sp->libjpeg,	if (sp->libjpeg,2.16015625,"[[743, 320, 2154, 405, 2740, 30921]]","[-1.706041693687439, -1.1920928244535389e-07, -0.028973666951060295, -0.011645432561635971, -0.0006171943969093263, -2.9802276912960224e-06]",0.7386680841445923,False,0.0,-1.7472810870340183,-0.29121351450566973,6.0,-1.7472810870340183,-0.29121351450566973,6.0,0.4004536441382333,1,9,7,7,1.2857142857142858,-7.417774733658328,-1.2862039282683155,True,3,0.5,13.0,0.17391304347826086,9.0,1.8928485794643608
~/anvil/data/cve-targets/libsndfile_repo_src_sd2.c,225,141,230,"psf_fwrite (psf->header.ptr, psf->header.indx, 1, psf) ;","psf_use_rsrc (psf, SF_FALSE) ;","psf_use_rsrc (psf, SF_FALSE) ;
if (psf->error)
	return psf->error ;
return 0 ;
} /* sd2_write_rsrc",1.01953125,"[[1690, 69, 15951, 1710, 3548, 320, 1690, 69, 11, 23463, 18125, 8, 4386, 333, 320, 1690, 69, 405, 841, 340, 853, 4726, 69, 405, 841, 4386, 689, 220, 15, 4386, 92, 1391, 20585, 17, 9165, 1710, 3548]]","[-0.09068601578474045, 0.0, -0.009706798009574413, -1.0251946150674485e-05, -8.344646857949556e-07, 0.0, -1.1920928244535389e-07, 0.0, 0.0, -2.3841830625315197e-06, -7.283422019099817e-05, 0.0, -0.0001113352773245424, -2.3007127310847864e-05, 0.0, -1.1920928244535389e-07, 0.0, -1.1920928244535389e-07, -1.0609570381348021e-05, -5.960462772236497e-07, -0.00013624693383462727, -1.0728830375228426e-06, 0.0, 0.0, 0.0, -3.576278118089249e-07, -1.1920928244535389e-07, 0.0, 0.0, -0.21494121849536896, -3.6954811548639555e-06, -4.6491513785440475e-06, -6.6756979322235566e-06, 0.0, -2.038458114839159e-05, -1.311301275563892e-06, -2.622600959512056e-06]",13.61973762512207,False,4.0,-0.3157433782207306,-0.008533604816776503,37.0,-0.10059057309501185,-0.012573821636876481,8.0,0.0005799884507886144,0,27,38,11,0.7105263157894737,-81.08364182691447,-1.0728638299147384,True,25,0.6756756756756757,42.0,0.39534883720930236,18.0,2.2490674206134282
~/anvil/data/cve-targets/poppler_repo_fofi_FoFiType1C.cc,1230,1075,1380,case 0x000b: // return,```cpp,"```cpp
                for (k = 0; k < nOps - 6",2.03515625,"[[73594, 10821, 198, 394, 369, 320, 74, 284, 220, 15, 26, 595, 366, 308, 38904, 481, 220, 21]]","[-0.3746994733810425, -0.0007813499541953206, -4.768370445162873e-07, -4.100715523236431e-05, -0.5944002866744995, 0.0, 0.0, 0.0, 0.0, 0.0, 0.0, -3.576278118089249e-07, 0.0, -5.960462772236497e-07, -9.179073458653875e-06, -4.768370445162873e-07, 0.0, -4.529942543740617e-06]",15.67721939086914,False,1.0,-0.9699377335291501,-0.05388542964050834,18.0,-0.3755223073275147,-0.09388057683187867,4.0,0.02628651417911263,0,6,19,2,0.3157894736842105,-21.67813959691106,-1.1294926999094752,True,11,0.6111111111111112,22.0,0.0714285714285714,5.0,1.9887925647414262
~/anvil/data/cve-targets/libxml2_repo_HTMLparser.c,4240,4227,4303,return;,```c,"```c
",12.453125,"[[73594, 66, 198]]","[-0.4763834476470947, 0.0, -4.768370445162873e-07]",20.320314407348636,False,1.0,-0.47638392448413924,-0.1587946414947131,3.0,-0.47638392448413924,-0.23819196224206962,2.0,0.05043132489668541,0,4,2,2,2.0,-52.28188593259139,-1.2685137875827424,True,2,0.6666666666666666,7.0,0.0,3.0,2.119955379290315
~/anvil/data/cve-targets/libtiff_repo_libtiff_tif_predict.c,544,533,566,uint8_t *tmp;,```c,"```c
REPEAT4(stride,",3.404296875,"[[73594, 66, 198, 787, 47017, 19, 4199, 577, 11]]","[-0.519375741481781, 0.0, -7.152555099310121e-07, -0.22428978979587555, -3.099436753473128e-06, -8.583032467868179e-06, -0.0011539950501173735, -1.0728830375228426e-06, 0.0]",11.614116668701172,False,1.0,-0.7448329969355427,-0.08275922188172696,9.0,-0.5193764567372909,-0.25968822836864547,2.0,0.05994461985642235,1,7,6,2,1.1666666666666667,-13.109169007720151,-1.0203962433516915,True,6,0.6666666666666666,13.0,0.0,6.0,2.1287200895114395
~/anvil/data/cve-targets/libpng_repo_pngrtran.c,1694,1673,1848,info_ptr->num_trans = 0;,```c,"```c
#endif
```",0.48095703125,"[[73594, 66, 198, 2663, 198, 73594, 151645]]","[-0.29897695779800415, -7.986990567587782e-06, -2.3841855067985307e-07, -1.3469336032867432, -0.06453891098499298, -0.00011062010162277147, -0.00010001159535022452]",6.735959529876709,False,2.0,-1.7106683291758316,-0.24438118988226165,7.0,-0.2989851832071224,-0.09966172773570747,3.0,0.019863280477399856,1,10,3,2,3.3333333333333335,-4.825894976710097,-1.1071209452607063,True,9,1.2857142857142858,24.0,0.0,9.0,2.0126772656122216
~/anvil/data/cve-targets/libsndfile_repo_src_common.c,1453,1438,1462,#if CPU_CLIPS_NEGATIVE == 0,#if CPU_CLIPS_POSITIVE == 0,"#if CPU_CLIPS_POSITIVE == 0
		if (",0.91796875,"[[2653, 13940, 6843, 25944, 18313, 44350, 621, 220, 15, 198, 197, 743, 320]]","[-0.0011260127648711205, -1.6689286894688848e-06, -0.0001896439935080707, -4.768370445162873e-07, -0.00339978514239192, -3.576278118089249e-07, -0.003399547655135393, 0.0, -0.05194180831313133, -0.0005258131423033774, -0.035035595297813416, -0.00018761781393550336, 0.0]",21.576221466064453,False,1.0,-0.09580832751663593,-0.0073698713474335325,13.0,-0.09562070970270042,-0.009562070970270042,10.0,0.0002835390258007582,0,6,9,6,0.6666666666666666,-96.00103919476302,-1.3089740280486684,True,9,0.6923076923076923,4.0,0.8518518518518519,1.0,1.8069402055318338
~/anvil/data/cve-targets/libpng_repo_pngset.c,474,444,497,return;,png_error(png_ptr,png_error(png_ptr,0.560546875,"[[14066, 4096, 95350, 4348]]","[-0.5197949409484863, -0.011907449923455715, -2.3841830625315197e-06, -3.2186455882765586e-06]",5.803277492523193,False,0.0,-0.5317079937005929,-0.1329269984251482,4.0,-0.5317079937005929,-0.1329269984251482,4.0,0.049912555093521646,1,4,4,4,1.0,-4.2169527758926,-1.1332390560668453,True,2,0.5,14.0,0.25,4.0,1.9243581924818167
~/anvil/data/cve-targets/poppler_repo_poppler_SplashOutputDev.cc,2214,2203,2320,if (t3GlyphStack->haveDx) {,if (t3GlyphStack->d0Called) {,if (t3GlyphStack->d0Called) {,0.244873046875,"[[333, 320, 83, 18, 82039, 4336, 405, 67, 15, 20960, 8, 314, 151645]]","[-0.23256689310073853, -0.0007427555974572897, -0.0025908732786774635, 0.0, -0.008788831532001495, -7.152555099310121e-07, -0.0018892312655225396, -0.791548490524292, -0.3031320869922638, -0.10432770103216171, -0.002640810562297702, -0.004695223644375801, -5.674201020156033e-05]",19.068965911865234,False,0.0,-1.4529803547954998,-0.11176771959965383,13.0,-1.4529236127852982,-0.13208396479866347,11.0,0.050634267889419826,1,13,13,13,1.0,-1.8539195673620317,-1.2294442731167696,True,12,0.9230769230769231,7.0,0.8214285714285714,1.0,1.9365515877245456
~/anvil/data/cve-targets/openssl_repo_crypto_pkcs7_pk7_doit.c,331,307,546,const char *propq;,libctx = p7->ctx->libctx,libctx = p7->ctx->libctx,4.3203125,"[[2740, 3773, 284, 281, 22, 405, 3773, 405, 2740, 3773]]","[-0.47489386796951294, 0.0, 0.0, -0.3381044864654541, -0.0002840353990904987, -0.0020180828869342804, -0.4774544835090637, -0.008503655903041363, -0.0002686616498976946, -0.00032944019767455757]",9.601324081420898,False,0.0,-1.3018567139806692,-0.13018567139806692,10.0,-1.3018567139806692,-0.16273208924758364,8.0,0.039839516926065556,1,9,13,13,0.6923076923076923,-26.548620619176074,-1.0305872536551994,True,6,0.6,22.0,0.23809523809523814,13.0,2.1667073554709875
~/anvil/data/cve-targets/lua_repo_lstate.h,162,7,312,} transferinfo;,#define obj2gco(o),#define obj2gco(o),8.375,"[[1441, 2839, 17, 70, 1015, 10108, 8]]","[-0.0020478246733546257, -0.07917603105306625, -0.0013450870756059885, -0.06581906974315643, -1.5735502529423684e-05, -0.5664054751396179, -2.0146166207268834e-05]",18.078561782836918,False,0.0,-0.7148293693535379,-0.1021184813362197,7.0,-0.7148293693535379,-0.1021184813362197,7.0,0.03691783856985768,0,5,8,8,0.625,-82.01257882425567,-1.1993768779918574,True,4,0.5714285714285714,16.0,0.24242424242424243,8.0,2.0835969725930132
~/anvil/data/cve-targets/lua_repo_ldo.c,371,348,395,if (hastocloseCfunc(wanted)) {  /* to-be-closed variables? */,```c,"```c
  /* generic case */
  firstresult = L->top - nres;  /* index of first result */
  if (nres > wanted",2.93359375,"[[73594, 66, 198, 220, 1391, 13954, 1142, 735, 220, 1156, 1382, 284, 444, 405, 3481, 481, 308, 416, 26, 220, 1391, 1922, 315, 1156, 1102, 735, 220, 421, 320, 77, 416, 861, 4829]]","[-0.04359935224056244, -6.437280717364047e-06, -1.311301275563892e-06, -0.039066724479198456, -0.42799443006515503, -0.008190259337425232, -2.145764938177308e-06, -5.602820692729438e-06, 0.0, -1.9073468138230965e-06, -5.960462772236497e-07, 0.0, -1.9073468138230965e-06, 0.0, 0.0, 0.0, -1.1920928244535389e-07, 0.0, -1.1920928244535389e-07, 0.0, -1.1920928244535389e-07, -1.1920928244535389e-07, 0.0, -1.1920928244535389e-07, -1.1920928244535389e-07, -1.0728830375228426e-06, 0.0, 0.0, 0.0, -1.4305104514278355e-06, -3.4570634852570947e-06, -9.536738616588991e-07, -3.8265450712060556e-05]",8.743233680725098,False,3.0,-0.5189165688671125,-0.01572474451112462,33.0,-0.08267382530175382,-0.020668456325438456,4.0,0.0004295930432455268,0,16,22,2,0.7272727272727273,-141.93579354977626,-1.0529345220876036,True,21,0.6363636363636364,60.0,0.03076923076923077,15.0,2.191019499530544
~/anvil/data/cve-targets/sqlite3_repo_src_expr.c,5070,5063,5075,"Expr *pCopy = sqlite3ExprDup(db, pExpr, 0);","Expr *pCopy = sqlite3ExprDup(db, pExpr, 0);","  Expr *pCopy = sqlite3ExprDup(db, pExpr, 0);",0.0009074211120605,"[[220, 28819, 353, 79, 12106, 284, 22003, 18, 16041, 85713, 9791, 11, 281, 16041, 11, 220, 15, 1215, 151645]]","[-0.002300237538293004, -7.629103492945433e-05, -1.1920928244535389e-07, -8.344646857949556e-07, -3.576278118089249e-07, 0.0, -4.434487345861271e-05, -2.3841855067985307e-07, -0.0002037079248111695, -0.05605575069785118, -1.07287787614041e-05, -8.344646857949556e-07, 0.0, -8.344646857949556e-07, -2.861018856492592e-06, -0.02330053597688675, -8.344646857949556e-07, -3.6954811548639555e-06, -7.176141662057489e-05]",41.30677032470703,True,0.0,-0.08207396785601162,-0.004319682518737454,19.0,-0.08200220643939105,-0.00512513790246194,16.0,0.00018427372336352003,0,19,19,19,1.0,-0.17705301385638933,-2.143644391190667,False,17,0.8947368421052632,0.0,1.0,0.0,0.22073229781827425
~/anvil/data/cve-targets/libtiff_repo_libtiff_tif_predict.c,334,326,336,"TIFFSwabArrayOfLong(wp, wc);",while (wc-- > 0) {,"while (wc-- > 0) {
	uint32_t w =",1.9130859375,"[[3472, 320, 24028, 313, 861, 220, 15, 8, 341, 8254, 18, 17, 528, 289, 284]]","[-0.09236866980791092, -0.0006079017766751349, -1.8358061424805783e-05, -0.1798158586025238, -0.0018068907083943486, 0.0, 0.0, -1.847726889536716e-05, -1.0967194612021558e-05, -0.6821394562721252, -4.768370445162873e-07, 0.0, -1.1920928244535389e-07, -0.6885084509849548, -0.00019929806876461953]",17.947277069091797,False,1.0,-1.645494924792608,-0.10969966165284054,15.0,-0.2746471234204364,-0.03923530334577663,7.0,0.0036097913811861193,0,11,15,15,0.7333333333333333,-48.759300282201814,-1.1954468346999385,True,10,0.6666666666666666,26.0,0.21739130434782605,13.0,1.986320697915836
~/anvil/data/cve-targets/openssl_repo_ssl_statem_extensions_srvr.c,335,180,485,},,   ,29.015625,[[262]],[-0.00042358008795417845],18.064838409423828,False,0.0,-0.00042358008795417845,-0.00042358008795417845,1.0,-0.00042358008795417845,-0.00042358008795417845,1.0,0.0,0,2,-1,-1,-2.0,-68500.91830364514,-1.198965461152237,True,1,1.0,1.0,0.0,2.0,2.5890397184391345
~/anvil/data/cve-targets/lua_repo_ldebug.c,788,747,794,L->hookcount = 1;  /* undo decrement to zero */,ci->u.l.savedpc--;  /* undo increment (resume will increment it again) */,"    ci->u.l.savedpc--;  /* undo increment (resume will increment it again) */
    ci->call",3.314453125,"[[262, 11825, 405, 84, 918, 81346, 3992, 53254, 220, 1391, 28721, 16252, 320, 41395, 686, 16252, 432, 1549, 8, 735, 262, 11825, 405, 6659]]","[-0.18082848191261292, -1.6689286894688848e-06, 0.0, -1.1920922133867862e-06, -6.318072337307967e-06, -0.06235432252287865, 0.0, -1.1920928244535389e-07, 0.0, -1.6689286894688848e-06, -2.1457441107486375e-05, -2.50339189733495e-06, 0.0, -0.0001382732152706012, -4.768370445162873e-07, -0.00022063204960431904, -5.245195097813848e-06, -1.9192511899746023e-05, 0.0, -0.1493573784828186, 0.0, -7.152555099310121e-07, 0.0, 0.0]",15.67938232421875,False,1.0,-0.392959646046954,-0.01637331858528975,24.0,-0.39295893079144406,-0.02619726205276294,15.0,0.002454358067563281,0,11,22,16,0.5,-126.51906593614562,-1.1295537769965005,True,15,0.625,47.0,0.4666666666666667,11.0,2.078977162714142
~/anvil/data/cve-targets/libtiff_repo_libtiff_tif_dirread.c,2080,2074,2081,"return TIFFReadDirEntryLong8ArrayWithLimit(tif, direntry, value, ~((uint64_t)0));",```,"```
	*value=(uint64_t*)_TIFFmalloc(direntry->count*sizeof(uint64_t));
	if(*value==NULL)
		return(TIFFReadDirEntryErrAllocFailed);
",1.271484375,"[[13874, 3989, 197, 9, 957, 4539, 2496, 21, 19, 528, 3764, 62, 26614, 1748, 16166, 1500, 46335, 1539, 405, 1830, 32811, 8488, 21, 19, 528, 1106, 743, 4071, 957, 418, 4576, 340, 197, 853, 4140, 29035, 4418, 6184, 5874, 7747, 25154, 9408, 317]]","[-0.5728291273117065, -1.1920928244535389e-07, -0.022528432309627533, -0.007856066338717937, -3.576278118089249e-07, -0.41886433959007263, -2.3841855067985307e-07, -3.576278118089249e-07, -1.1920928244535389e-07, 0.0, -0.00024768622824922204, -0.061429984867572784, -2.861018856492592e-06, -2.1457441107486375e-05, -0.017224133014678955, -0.00044204952428117394, -9.321732068201527e-05, -3.814689989667386e-06, 0.0, -0.019398733973503113, -0.00043752157944254577, -2.9802276912960224e-06, 0.0, 0.0, -8.380061626667157e-05, 0.0, -3.814689989667386e-06, -0.006847013719379902, -2.3841855067985307e-07, -0.0009288049186579883, -0.33256858587265015, -0.05644272267818451, -3.099436753473128e-06, -0.012021001428365707, -1.0132738680113107e-05, -4.768370445162873e-07, -2.3841830625315197e-06, -3.671578815556131e-05, -7.033323527139146e-06, -0.0002592465898487717, -0.6971246600151062, -0.42575177550315857, -2.7418097943154862e-06]",4.25342321395874,False,4.0,-2.653477846096095,-0.06170878711851384,43.0,-0.5953576788306165,-0.1984525596102055,3.0,0.07016349470383616,0,26,51,1,0.5098039215686274,-6.4069940820990725,-1.1780096895671972,True,28,0.6511627906976745,81.0,0.0,25.0,2.1548472554770193
~/anvil/data/cve-targets/lua_repo_lstate.c,220,200,221,L->errfunc = 0;,L->top = 0;,L->top = 0;,0.268798828125,"[[43, 405, 3481, 284, 220, 15, 26, 151645]]","[-0.09582927823066711, -5.960462772236497e-07, -0.6078039407730103, -1.6689160474925302e-05, -0.18128076195716858, 0.0, -0.029421962797641754, -0.00012420836719684303]",13.54591178894043,False,0.0,-0.9144774373324367,-0.11430967966655459,8.0,-0.9143532289652399,-0.15239220482753998,6.0,0.041843243007864614,1,10,10,10,1.0,-1.763862058621671,-1.070885529363656,True,8,1.0,7.0,0.6153846153846154,1.0,2.0379573951204732
~/anvil/data/cve-targets/php_repo_ext_intl_locale_locale_methods.c,408,384,489,},```c,"```c
",0.6298828125,"[[73594, 66, 198]]","[-0.04491889104247093, -0.00030620177858509123, -2.264974000354414e-06]",4.552825450897217,False,1.0,-0.04522735779505638,-0.01507578593168546,3.0,-0.04522735779505638,-0.01507578593168546,3.0,0.00044532085759022515,1,2,2,2,1.0,-41.7810928965333,-1.1692251386036305,True,1,0.3333333333333333,4.0,0.0,2.0,1.8728320082685965
~/anvil/data/cve-targets/libxml2_repo_parser.c,3215,3152,3216,"return(xmlDictLookup(ctxt->dict, (end - len), len));",return(end);,return(end);,1.498046875,"[[689, 15076, 1215, 151645]]","[-0.0005471401382237673, -0.1930939257144928, -0.024407492950558662, -2.074220174108632e-05]",12.56521224975586,False,0.0,-0.2180693010050163,-0.05451732525125408,4.0,-0.21804855880327523,-0.07268285293442507,3.0,0.007344299296744899,1,26,8,8,3.25,-20.61073299298732,-1.0449493499140186,True,16,4.0,40.0,0.375,18.0,2.2739481318539845
~/anvil/data/cve-targets/libxml2_repo_xmlmemory.c,142,129,178,TEST_POINT,#define TEST_POINT xml,#define TEST_POINT xml,0.09808349609375,"[[1441, 13602, 27407, 8396]]","[-0.6382855176925659, -0.4885273575782776, -4.029192859889008e-05, -0.3958591818809509]",7.84265661239624,False,0.0,-1.5227123490803933,-0.38067808727009833,4.0,-1.5227123490803933,-0.38067808727009833,4.0,0.05577716254772352,1,2,5,5,0.4,-0.25765469401488794,-1.0769096192594216,True,2,0.5,12.0,0.625,3.0,1.9374646479288848
~/anvil/data/cve-targets/php_repo_ext_intl_msgformat_msgformat_parse.c,80,57,115,},```c,"```c
",10.453125,"[[73594, 66, 198]]","[-0.3685101270675659, -2.098061486321967e-05, -3.2186455882765586e-06]",4.5008544921875,False,1.0,-0.3685343263280174,-0.12284477544267247,3.0,-0.3685343263280174,-0.12284477544267247,3.0,0.030175732547072526,1,2,2,2,1.0,-85.09214138193546,-1.1707452697081888,True,1,0.3333333333333333,4.0,0.0,2.0,2.1281461241845605
~/anvil/data/cve-targets/libtiff_repo_libtiff_tif_dirwrite.c,1999,1971,2023,"if (!_TIFFmemcmp(tif->tif_dir.td_transferfunction[0],tif->tif_dir.td_transferfunction[2],m*sizeof(uint16_t)))",if (n > 3),if (n > 3),0.374267578125,"[[333, 320, 77, 861, 220, 18, 8, 151645]]","[-0.3877619504928589, -6.6756979322235566e-06, -0.0002325502864550799, -0.04105779156088829, 0.0, -0.1648360937833786, -0.17573079466819763, -0.27354612946510315]",9.138407707214355,False,0.0,-1.0431719859548139,-0.13039649824435173,8.0,-0.7696258564897107,-0.12827097608161844,6.0,0.01792566688645761,1,50,12,12,4.166666666666667,-2.9177884939992556,-1.042583427953989,True,35,4.375,102.0,0.11764705882352944,41.0,2.5193320136423103
~/anvil/data/cve-targets/libxml2_repo_xmlregexp.c,1804,1763,1821,#endif,```,```,6.93359375,[[73594]],[-0.11539536714553833],8.193174362182617,False,0.0,-0.11539536714553833,-0.11539536714553833,1.0,-0.11539536714553833,-0.11539536714553833,1.0,0.0,0,2,1,1,2.0,-60.08554694622402,-1.0675139478415585,True,1,1.0,6.0,0.0,1.0,2.124016980228274
~/anvil/data/cve-targets/lua_repo_ldebug.c,438,356,568,},```c,"```c
",5.14453125,"[[73594, 66, 198]]","[-0.14386063814163208, -0.00017295771976932883, -1.1920922133867862e-06]",14.570151329040527,False,1.0,-0.1440347879536148,-0.04801159598453827,3.0,-0.1440347879536148,-0.04801159598453827,3.0,0.004593524358454642,0,2,2,2,1.0,-107.15184830882842,-1.0986606996740338,True,1,0.3333333333333333,4.0,0.0,2.0,2.0507885330581948
~/anvil/data/cve-targets/libxml2_repo_xmlmemory.c,898,874,902,"xmlGenericError(xmlGenericErrorContext,","xmlGenericError(xmlGenericErrorContext,","xmlGenericError(xmlGenericErrorContext,",3.814697265625e-06,"[[6455, 19964, 1454, 29932, 19964, 1454, 1972, 11, 151645]]","[-0.011521940119564533, -6.305972783593461e-05, 0.0, -1.847726889536716e-05, -2.1219027985353023e-05, -3.576278118089249e-07, 0.0, -5.960462772236497e-07, -0.0005915798828937113]",6.508073806762695,True,0.0,-0.012217229701263932,-0.0013574699668071036,9.0,-0.01162564981837022,-0.0019376083030617035,6.0,1.448317575943342e-05,0,5,5,5,1.0,-0.0019687659572872507,-1.1134463730148905,False,8,0.8888888888888888,0.0,1.0,0.0,0.9379149326941219
~/anvil/data/cve-targets/openssl_repo_crypto_asn1_a_d2i_fp.c,169,89,226,size_t chunk_max = want;,```c,"```c
            if (want > INT_MAX /* BIO",5.04296875,"[[73594, 66, 198, 310, 421, 320, 52657, 861, 9221, 6806, 1391, 72066]]","[-0.005388971883803606, -2.3841855067985307e-07, -1.1920928244535389e-07, -0.46778157353401184, -0.8143472075462341, -0.007589671760797501, -0.4783557951450348, -4.0411134250462055e-05, -0.14392463862895966, -1.311301275563892e-06, -0.008164010010659695, -7.152555099310121e-07]",12.23418426513672,False,1.0,-1.9255946638283703,-0.16046622198569752,12.0,-0.47317090304564857,-0.11829272576141214,4.0,0.04071899142093324,1,8,13,2,0.6153846153846154,-42.631266779423974,-1.0363373473050228,True,7,0.5833333333333334,23.0,0.0714285714285714,7.0,2.169330181579081
~/anvil/data/cve-targets/lua_repo_lstate.h,267,112,417,const Instruction *oldpc;,```c,"```c
  StkId stack_last;",3.62890625,"[[73594, 66, 198, 220, 794, 74, 764, 5611, 12195, 26]]","[-0.21748094260692596, -1.0728830375228426e-06, -4.410734163684538e-06, -0.00035386974923312664, -0.0025724435690790415, 0.0, -1.0728830375228426e-06, -7.92710343375802e-05, -0.0001070442158379592, -2.3841855067985307e-07]",23.6209774017334,False,1.0,-0.22060036609420308,-0.022060036609420308,10.0,-0.2178402959733603,-0.054460073993340075,4.0,0.00885862175104045,1,9,6,2,1.5,-66.63425118452426,-1.3776271243409708,True,6,0.6,24.0,0.06896551724137934,8.0,1.8534504068690132
~/anvil/data/cve-targets/sqlite3_repo_src_shell.c.in,9328,9173,9478,"utf8_printf(p->out, ""%12.12s: %s\n"",""stats"", zOut);","{ ""fault_install"",      SQLITE_TESTCTRL_FAULT_INSTALL, ""CALLBACK""       },","      { ""fault_install"",      SQLITE_TESTCTRL_FAULT_INSTALL, ""CALLBACK""       },
      { ""optimizations"",      SQLITE_TESTCTRL_OPTIMIZATIONS, ""BOOLEAN""",1.5166015625,"[[414, 314, 330, 59572, 34245, 497, 414, 55252, 11641, 34440, 94664, 58486, 11, 330, 25427, 15839, 1, 981, 1153, 414, 314, 330, 19133, 8040, 497, 414, 55252, 11641, 34440, 28264, 1791, 2843, 21792, 11, 330, 72110, 1]]","[-0.1427413374185562, -2.3841855067985307e-07, 0.0, -0.49767255783081055, -0.2202647477388382, -1.5020257706055418e-05, -0.0031404008623212576, -3.576278118089249e-07, -2.682172998902388e-05, -0.00010406429646536708, -0.00015579440514557064, -0.0011154150124639273, -0.00022098960471339524, -0.025370631366968155, -0.8741259574890137, -7.712543447269127e-05, -0.08575417101383209, -0.007878301665186882, -0.04427690431475639, -3.576278118089249e-07, -1.1920928244535389e-07, 0.0, -1.0431396961212158, -0.0028257938101887703, -0.0002466136065777391, -1.1920922133867862e-06, -1.0728830375228426e-06, -0.00010251473577227443, -0.0789470300078392, -0.00018702188390307128, -3.325883881188929e-05, -0.005999532528221607, -4.887569048150908e-06, -5.4596363042946905e-05, -9.667406266089529e-05, -0.2104714810848236, -0.004847678355872631]",22.56624794006348,False,1.0,-3.2499003572679257,-0.08783514479102501,37.0,-1.9029411941154137,-0.10015479969028493,19.0,0.04548188546199936,0,25,31,15,0.8064516129032258,-15.142574965851699,-1.341776265607999,True,24,0.6486486486486487,65.0,0.20799999999999996,20.0,2.010585127884594
~/anvil/data/cve-targets/openssl_repo_crypto_x509_x509_vfy.c,963,948,997,if (crl_score < best_score),if (crl_score < best_score) {,if (crl_score < best_score) {,0.0048942565917968,"[[333, 320, 66, 2381, 10405, 366, 1850, 10405, 8, 314, 151645]]","[-2.098061486321967e-05, 0.0, -8.344646857949556e-07, -3.576278118089249e-07, -5.483612312673358e-06, -0.00014280252798926085, -0.016860945150256157, -9.536738616588991e-07, -0.000513064325787127, -0.31637150049209595, -0.00013553177996072918]",32.464481353759766,False,0.0,-0.3340524542696244,-0.030368404933602215,11.0,-0.33391692248966365,-0.03710188027662929,9.0,0.008922545078203772,1,12,13,13,0.9230769230769231,-0.1319139772783894,-1.7184971224646572,True,9,0.8181818181818182,2.0,0.9642857142857143,3.0,1.502925677519228
~/anvil/data/cve-targets/libpng_repo_pngrutil.c,2655,2647,3067,png_uint_32 row_width = png_ptr->width;,```c,"```c
   unsigned int row_width = png_ptr->row_info.width;
```",0.402099609375,"[[73594, 66, 198, 256, 3774, 526, 2802, 7927, 284, 36151, 4348, 405, 651, 3109, 5441, 280, 73594, 151645]]","[-0.41375023126602173, -0.00016044282529037446, -3.6954811548639555e-06, -0.176431342959404, -0.6458653211593628, 0.0, -3.218599158572033e-05, -7.033323527139146e-06, -8.344646857949556e-07, -0.0003700763627421111, -0.00011252723925281316, 0.0, -0.17904314398765564, -0.5708652138710022, -0.00011443436960689723, -4.875540980719961e-05, -4.291525328881107e-06, -4.31528314948082e-05]",3.5437936782836914,False,2.0,-1.986852683067923,-0.11038070461488461,18.0,-0.590345712531871,-0.14758642813296774,4.0,0.028797570832627867,1,11,17,2,0.6470588235294118,-2.724502614920181,-1.199094932162335,True,13,0.7222222222222222,39.0,0.0,10.0,1.943746923103433
~/anvil/data/cve-targets/poppler_repo_poppler_FileSpec.cc,121,88,122,desc = obj1.getString()->copy();,desc = obj1.getString()->copy();,desc = obj1.getString()->copy();,0.000417947769165,"[[8614, 284, 2839, 16, 7109, 2759, 8560, 2129, 151645]]","[-0.013763757422566414, 0.0, -7.271740287251305e-06, 0.0, -0.0002836778585333377, -1.1920928244535389e-07, -2.622600959512056e-06, -2.9802276912960224e-06, -4.494089080253616e-05]",16.073884963989258,True,0.0,-0.014105369950122792,-0.0015672633277914213,9.0,-0.014060429059320256,-0.0023434048432200427,6.0,2.0601200250045307e-05,1,21,21,21,1.0,-0.17835064665595862,-1.1407491926809874,False,8,0.8888888888888888,0.0,1.0,0.0,1.0965198703239531
~/anvil/data/cve-targets/openssl_repo_crypto_asn1_a_type.c,70,54,98,case V_ASN1_NEG_INTEGER:,},},0.6513671875,"[[92, 151645]]","[-1.0047879219055176, -0.00018714107864070684]",9.255816459655762,False,0.0,-1.0049750629841583,-0.5024875314920791,2.0,-1.0047879219055176,-1.0047879219055176,1.0,0.0,1,5,2,2,2.5,-0.6482633531907139,-1.0395277042668931,True,8,4.0,24.0,0.0,4.0,2.0178061283841733
~/anvil/data/cve-targets/libxml2_repo_xzlib.c,534,470,573,},```c,"```c
",1.390625,"[[73594, 66, 198]]","[-0.015605946071445942, -2.3841855067985307e-07, -2.3841830625315197e-06]",10.57570457458496,False,1.0,-0.015608568673059153,-0.005202856224353051,3.0,-0.015608568673059153,-0.005202856224353051,3.0,5.411213995072781e-05,1,2,2,2,1.0,-267.2810740936661,-1.0057859509461566,True,1,0.3333333333333333,4.0,0.0,2.0,2.0317275310060063
~/anvil/data/cve-targets/libpng_repo_pngrutil.c,3050,2647,3067,bytes_to_copy = row_width;,row_width = bytes_to_copy;,                  row_width = bytes_to_copy;,1.3046875,"[[1698, 2802, 7927, 284, 5820, 2346, 16096, 26, 151645]]","[-0.5147626399993896, -0.6329584717750549, -3.0874729418428615e-05, -0.0465240515768528, -0.23911957442760468, 0.0, -4.362964682513848e-05, -0.11419885605573654, -0.5011576414108276]",6.6398024559021,False,0.0,-2.04879573962171,-0.22764397106907885,9.0,-1.5476380982108822,-0.22109115688726888,7.0,0.054825385247815994,1,7,7,7,1.0,-5.901129282458099,-1.109785584542254,True,7,0.7777777777777778,23.0,0.5384615384615384,2.0,1.9978376448174953
~/anvil/data/cve-targets/libsndfile_repo_src_common.c,611,470,684,"if (psf->header.indx + (sf_count_t) size > psf->header.len && psf_bump_header_allocation (psf, size))",```c,"```c
size += (size & 1) ;
if (psf->header.indx + (sf_count_t) size >= psf->header.len && psf_bump_header_allocation (psf, 16))
    return count ;
",0.3583984375,"[[73594, 66, 198, 2141, 1421, 320, 2141, 609, 220, 16, 8, 4386, 333, 320, 1690, 69, 405, 2708, 28473, 87, 488, 320, 17246, 3180, 528, 8, 1379, 2604, 4726, 69, 405, 2708, 19406, 1009, 4726, 69, 880, 1510, 8757, 81267, 320, 1690, 69, 11, 220, 16, 21, 1171, 262, 470, 1760, 4386]]","[-0.11643999814987183, -0.00027616979787126184, -2.145764938177308e-06, -0.5149160027503967, -0.06314273923635483, -0.0002181292074965313, -3.576278118089249e-07, -0.0001134808044298552, 0.0, -1.1920928244535389e-07, -2.7418097943154862e-06, -1.0847986231965479e-05, -0.693270206451416, -3.576278118089249e-07, -1.07287787614041e-05, 0.0, -1.1920928244535389e-07, -0.05510999634861946, -0.00011050090688513592, 0.0, 0.0, -0.0003800861886702478, -5.125986263010418e-06, -1.0728830375228426e-06, -1.5497195136049413e-06, -1.0728830375228426e-06, -0.03258373215794563, -0.31143122911453247, -4.768370445162873e-07, 0.0, 0.0, 0.0, -7.1403817855753e-05, 0.0, -1.1920928244535389e-07, 0.0, 0.0, 0.0, -7.629365427419543e-06, -0.00035851728171110153, -8.702239938429557e-06, -2.3841855067985307e-07, 0.0, 0.0, -0.16388535499572754, -6.079655122448457e-06, 0.0, -4.0531076592742465e-06, -0.003850666107609868, -0.13590392470359802, 0.0, -1.311301275563892e-06]",6.195695877075195,False,4.0,-2.092126987641059,-0.0402332113007896,52.0,-0.11671831371268127,-0.03890610457089375,3.0,0.0030057648416199193,1,42,57,2,0.7368421052631579,-9.211881822990918,-1.1221758165385725,True,34,0.6538461538461539,100.0,0.01904761904761909,41.0,2.3603062684013096
~/anvil/data/cve-targets/libtiff_repo_libtiff_tif_predict.c,419,408,430,assert(rowsize > 0);,assert(sp->decodepfunc != NULL);,"assert(sp->decodepfunc != NULL);
while (occ",1.7900390625,"[[2207, 22580, 405, 18196, 79, 2830, 961, 1770, 317, 3472, 320, 13983]]","[-0.16781239211559296, -3.4927710657939315e-05, 0.0, -0.00015424491721205413, 0.0, 0.0, 0.0, -6.6756979322235566e-06, -0.004446262959390879, -4.494089080253616e-05, 0.0, -8.344646857949556e-07]",8.55718994140625,False,1.0,-0.17250027875627438,-0.014375023229689532,12.0,-0.17245450340078605,-0.03449090068015721,5.0,0.002764031896019532,1,12,19,16,0.631578947368421,-51.89887846361224,-1.0578432255515993,True,7,0.5833333333333334,20.0,0.5,7.0,2.1115171094372553
~/anvil/data/cve-targets/php_repo_ext_exif_exif.c,4354,4297,4370,exif_scan_thumbnail(&ImageInfo);,```c,"```c
		zend_argument_value_error(1, """,4.8984375,"[[73594, 66, 198, 197, 20832, 408, 9025, 3142, 4096, 7, 16, 11, 330]]","[-0.4011819064617157, -0.00022516099852509797, -5.006777428206988e-06, -0.336330771446228, -0.0526852086186409, -1.1920928244535389e-07, -0.0032245328184217215, -0.0006762839620932937, -9.536738616588991e-07, -2.3841855067985307e-07, -0.028130367398262024, 0.0, -1.4305104514278355e-06]",12.049010276794434,False,1.0,-0.8224619802934612,-0.0632663061764201,13.0,-0.737742845683897,-0.18443571142097426,4.0,0.03449980850674279,1,11,7,2,1.5714285714285714,-26.559051185154285,-1.0315508670021107,True,8,0.6153846153846154,31.0,0.05555555555555558,10.0,2.2037170102090076
~/anvil/data/cve-targets/libxml2_repo_xmlmemory.c,415,405,446,TEST_POINT,```c,"```c
   ",1.9384765625,"[[73594, 66, 198, 262]]","[-0.1772291511297226, 0.0, -1.0728830375228426e-06, -0.0010130041046068072]",4.404634475708008,False,1.0,-0.17824322811736693,-0.04456080702934173,4.0,-0.17824322811736693,-0.059414409372455644,3.0,0.005867134024051039,1,2,2,2,1.0,-32.62637099273552,-1.1735648878735059,True,2,0.5,10.0,0.0,2.0,1.9033242475253445
~/anvil/data/cve-targets/lua_repo_ldebug.c,723,718,739,"static int changedline (const Proto *p, int oldpc, int newpc) {",```c,"```c
  if (newpc - oldpc < MAXIWTHABS / 2) {  /* not too far apart?",1.6044921875,"[[73594, 66, 198, 220, 421, 320, 931, 3992, 481, 2310, 3992, 366, 8334, 81296, 3617, 57479, 608, 220, 17, 8, 314, 220, 1391, 537, 2238, 3041, 10747, 30]]","[-0.002418571151793003, -1.9073468138230965e-06, -4.768370445162873e-07, -0.0707857757806778, -0.00863910373300314, -1.1920928244535389e-07, -2.610649426060263e-05, 0.0, -6.556489552167477e-06, -7.152555099310121e-07, 0.0, -2.3841855067985307e-07, -7.092700980138034e-05, -0.054819900542497635, -1.1920928244535389e-07, -3.576272320060525e-06, -2.3841855067985307e-07, 0.0, 0.0, 0.0, 0.0, 0.0, -1.1920928244535389e-07, 0.0, 0.0, -2.50339189733495e-06, 0.0, 0.0]",19.788089752197266,False,1.0,-0.13677695477012008,-0.004884891241790003,28.0,-0.07320673111632914,-0.018301682779082284,4.0,0.0009191672932423484,1,28,26,2,1.0769230769230769,-87.66910709073362,-1.2517472218609127,True,19,0.6785714285714286,62.0,0.02985074626865669,27.0,2.123551596372296
~/anvil/data/cve-targets/libpng_repo_pngrutil.c,1712,1691,1740,},#else,"#else
  ",8.0859375,"[[9939, 198, 256]]","[-0.6027452945709229, -9.536697689327411e-06, -0.0101087037473917]",8.667335510253906,False,1.0,-0.6128635350160039,-0.20428784500533462,3.0,-0.6128635350160039,-0.20428784500533462,3.0,0.07940116841967294,1,2,3,2,0.6666666666666666,-39.58109940309395,-1.054934313840613,True,1,0.3333333333333333,5.0,0.0,1.0,2.164819390007692
~/anvil/data/cve-targets/php_repo_ext_phar_util.c,1445,1252,1478,PHP_MD5_CTX   context;,PHP_MD5_CTX context;,PHP_MD5_CTX context;,0.0002710819244384,"[[15158, 46497, 20, 44233, 2266, 26, 151645]]","[-0.14051121473312378, -0.00040928093949332833, 0.0, -0.0007668177131563425, -0.39848679304122925, -2.3841855067985307e-07, -0.00011383838864276186]",18.80344581604004,False,0.0,-0.5402881832341961,-0.07718402617631373,7.0,-0.5401743448455534,-0.10803486896911067,5.0,0.02165074901269842,1,5,5,5,1.0,-0.0025092076940076424,-1.221310245800433,True,7,1.0,2.0,0.9523809523809523,0.0,1.8461717823869541
~/anvil/data/cve-targets/libtiff_repo_libtiff_tif_predict.c,177,101,179,},if (!TI,if (!TI,6.46484375,"[[333, 1505, 26614]]","[-0.8611695766448975, -0.20886361598968506, -0.5179057717323303]",5.600664615631104,False,0.0,-1.5879389643669128,-0.5293129881223043,3.0,-1.5879389643669128,-0.5293129881223043,3.0,0.07098224001060376,0,2,6,6,0.3333333333333333,-12.21365032612088,-1.1389938393111785,True,1,0.3333333333333333,7.0,0.0,5.0,2.050970542598919
~/anvil/data/cve-targets/lua_repo_ldebug.c,94,88,97,for (; ci != NULL; ci = ci->previous),```c,"```c
    if (isLua(ci))
      ci->u.l.trap = ",3.009765625,"[[73594, 66, 198, 262, 421, 320, 285, 58020, 77434, 1171, 414, 11825, 405, 84, 918, 5427, 391, 284, 220]]","[-0.11905982345342636, 0.0, -1.6689160474925302e-05, -0.2534463405609131, -0.1792740374803543, -2.861018856492592e-06, -0.0002628219372127205, -0.0014650813536718488, -0.00014768941036891192, -0.0019208805169910192, -1.1920928244535389e-07, -1.6212332411669195e-05, 0.0, -1.1920928244535389e-07, -1.1920928244535389e-07, -1.1920858014491387e-05, -1.4305104514278355e-06, 0.0, 0.0]",14.596869468688965,False,2.0,-0.5556261462209946,-0.02924348138005235,19.0,-0.3725228531748144,-0.12417428439160479,3.0,0.010929242587157849,0,21,26,2,0.8076923076923077,-24.238236119067864,-1.0993947990688702,True,12,0.631578947368421,36.0,0.04878048780487809,20.0,2.2103078825732543
~/anvil/data/cve-targets/libsndfile_repo_src_paf.c,155,118,206,} ;,psf->dataoffset =,psf->dataoffset =,2.341796875,"[[1690, 69, 405, 691, 3176, 284]]","[-0.01703382469713688, 0.0, -0.0901942178606987, -0.007528149988502264, -2.9801878554280847e-05, -9.65590606938349e-06]",7.120123863220215,False,0.0,-0.11479565033096151,-0.019132608388493583,6.0,-0.11479565033096151,-0.022959130066192303,5.0,0.0010475803200781857,1,4,6,6,0.6666666666666666,-101.99850204465432,-1.0965389325018073,True,2,0.3333333333333333,16.0,0.09999999999999998,7.0,2.0021063137605033
~/anvil/data/cve-targets/lua_repo_ldebug.c,166,156,182,"return findvararg(ci, -n, pos);","name = luaG_varname(L, ci, -n);  /* try to find","name = luaG_varname(L, ci, -n);  /* try to find",1.5146484375,"[[606, 284, 20357, 38, 4612, 606, 4957, 11, 11825, 11, 481, 77, 1215, 220, 1391, 1430, 311, 1477]]","[-0.5566264390945435, 0.0, -0.5524098873138428, -0.4516177177429199, -0.4615252614021301, -0.6428593397140503, -0.7731260061264038, -0.03518740460276604, -0.0018868515035137534, -0.11355282366275787, -0.07897303253412247, -0.00016723664884921163, -0.057248082011938095, -0.5554336309432983, -5.757642793469131e-05, -0.5142886638641357, -0.008601875975728035, -0.09166323393583298]",17.859725952148438,False,0.0,-4.895225063504768,-0.2719569479724871,18.0,-4.895225063504768,-0.28795441550028045,17.0,0.07315449170199638,1,16,24,24,0.6666666666666666,-5.260028518293462,-1.1928331285139957,True,11,0.6111111111111112,33.0,0.3846153846153846,16.0,2.0349539616307957
~/anvil/data/cve-targets/libpng_repo_pngrutil.c,2634,2602,2642,limit = limit < idat_limit? idat_limit : limit;,png_alloc_size_t idat_limit = PNG_UINT_31_MAX;,png_alloc_size_t idat_limit = PNG_UINT_31_MAX;,1.7138671875,"[[14066, 14802, 2368, 528, 877, 266, 14763, 284, 41639, 27241, 62, 18, 16, 6806, 26, 151645]]","[-0.524196982383728, -0.9635932445526123, -1.4305104514278355e-06, 0.0, -0.27220970392227173, 0.0, -0.0011537569807842374, -0.00040558696491643786, -0.0018625784432515502, -0.006885018199682236, 0.0, 0.0, -1.8358061424805783e-05, -1.4066597032069694e-05, -0.19090566039085388, -0.004890860058367252]",2.61130166053772,False,0.0,-1.966137247065376,-0.122883577941586,16.0,-1.9612463870070087,-0.17829512609154624,11.0,0.07049715916867405,0,15,8,8,1.875,-9.6125296583823,-1.2273769723475776,True,14,0.875,34.0,0.4086021505376344,12.0,1.9994110543281465
~/anvil/data/cve-targets/openssl_repo_crypto_bn_bn_local.h,579,424,729,(c)=h&BN_MASK2; \,```,"```
        (r)=l&BN_MASK2; \
```",1.890625,"[[13874, 3989, 286, 320, 81, 11730, 75, 5, 15594, 11720, 17, 26, 3044, 73594, 151645]]","[-0.8126870393753052, -2.825220326485578e-05, -0.1848607063293457, -6.067568756407127e-05, -0.3446347117424011, -0.0003081085451412946, -0.00021741411183029413, -0.006129277404397726, -8.702239938429557e-06, -3.421248038648628e-05, 0.0, -2.610649426060263e-05, -1.311301275563892e-06, -0.14017274975776672, -7.116541382856667e-05]",7.000274658203125,False,2.0,-1.4892404330867066,-0.09928269553911377,15.0,-0.9975759979079157,-0.3325253326359719,3.0,0.12097147165912636,0,13,13,1,1.0,-5.685657044570914,-1.0998293424361494,True,9,0.6,17.0,0.0,13.0,2.0897944692680395
~/anvil/data/cve-targets/libxml2_repo_xmlmemory.c,985,830,1135,"xmlGcMemGet(xmlFreeFunc *freeFunc, xmlMallocFunc *mallocFunc,",```c,"```c
int
xmlGcMemGet(xmlFreeFunc *freeFunc, xmlMallocFunc *mallocFunc,
            xmlMallocFunc",0.58837890625,"[[73594, 66, 198, 396, 198, 6455, 38, 66, 18816, 1949, 29932, 10940, 9626, 353, 10593, 9626, 11, 8396, 53681, 9626, 353, 16166, 9626, 345, 310, 8396, 53681, 9626]]","[-0.3699888586997986, -3.576278118089249e-07, -4.768370445162873e-07, -0.0026255918201059103, -1.311301275563892e-06, -6.079655122448457e-06, -2.3841830625315197e-06, 0.0, -4.0531076592742465e-06, -2.3841855067985307e-07, -3.4570634852570947e-06, -1.4305104514278355e-06, -3.576278118089249e-07, 0.0, -5.960462772236497e-07, -4.768370445162873e-07, 0.0, -1.0847986231965479e-05, -1.0728830375228426e-06, -3.576278118089249e-07, -1.1920928244535389e-07, -1.4305104514278355e-06, -7.152555099310121e-07, -0.0013905627420172095, -0.033098917454481125, -9.536738616588991e-07, -1.0490362910786644e-05, -2.50339189733495e-06]",4.603240489959717,False,3.0,-0.40715364083299477,-0.014541201458321242,28.0,-0.3699896931646549,-0.12332989772155163,3.0,0.030420321515436544,0,15,19,2,0.7894736842105263,-4.770772676536341,-1.1677524036225957,True,19,0.6785714285714286,60.0,0.03076923076923077,14.0,2.020727820961468
~/anvil/data/cve-targets/lua_repo_ldo.c,446,291,596,"** to be executed, if it was a Lua function. Otherwise (a C function)","luaD_poscall(L, ci, n);  /* finish 'luaD_call' */","    luaD_poscall(L, ci, n);  /* finish 'luaD_call' */
  }
}",4.0,"[[262, 20357, 35, 6479, 6659, 4957, 11, 11825, 11, 308, 1215, 220, 1391, 6248, 364, 27623, 35, 13429, 6, 735, 220, 456, 92, 151645]]","[-0.5340893268585205, -0.0849723294377327, -8.022463589441031e-05, -0.0017824966926127672, 0.0, -3.576278118089249e-07, 0.0, -0.0022643182892352343, -0.0008644896443001926, -3.135155202471651e-05, -0.5304363965988159, -7.807903602952138e-05, -9.536738616588991e-07, -0.3039591908454895, -0.07748711854219437, -0.00011383838864276186, -7.390948667307384e-06, -0.0004766043566633016, -7.426462980220094e-05, -0.012346506118774414, -0.11330708116292953, -5.245195097813848e-06, -3.576278118089249e-07, -1.7762025890988298e-05]",14.778986930847168,False,2.0,-1.6623956838888034,-0.06926648682870014,24.0,-1.6623723190400028,-0.08749327994947383,19.0,0.026363609227568398,0,24,16,14,1.5,-45.717796867484516,-1.104411685954275,True,18,0.75,56.0,0.288135593220339,26.0,2.265998723690849
~/anvil/data/cve-targets/php_repo_ext_phar_phar.c,77,69,145,"char *key, *lasts, *end;","char *key, *lasts, *end;","char *key, *lasts, *end;",0.2125244140625,"[[1762, 353, 792, 11, 353, 4259, 82, 11, 353, 408, 26, 151645]]","[-0.15691791474819183, -2.3841855067985307e-07, -0.0005788319394923747, -6.007967749610543e-05, 0.0, -7.30726242181845e-05, 0.0, -0.0008560330606997013, 0.0, -7.152555099310121e-07, -1.645074735279195e-05, -8.308542601298541e-05]",15.952028274536133,True,0.0,-0.1585864218975246,-0.013215535158127048,12.0,-0.1585033364715116,-0.01981291705893895,8.0,0.0020309429061056367,0,15,15,15,1.0,-10.726558508789386,-1.1372792827583618,False,11,0.9166666666666666,0.0,1.0,0.0,1.0368303342210152
~/anvil/data/cve-targets/libxml2_repo_xmlregexp.c,4850,4774,4859,NEXTL(len);,```c,"```c
    NEXTL(len",0.032470703125,"[[73594, 66, 198, 262, 45011, 43, 6901]]","[-0.07514756917953491, 0.0, -4.768370445162873e-07, -0.5732501745223999, -0.00967173371464014, -6.794906312279636e-06, -4.6491513785440475e-06]",14.212687492370604,False,1.0,-0.6580813983113103,-0.09401162833018718,7.0,-0.6483982205389793,-0.21613274017965978,3.0,0.0572894641610634,1,9,5,2,1.8,-0.15023500418311828,-1.0888861535875125,True,4,0.5714285714285714,11.0,0.0,8.0,2.0051087708987394
~/anvil/data/cve-targets/libtiff_repo_libtiff_tif_predict.c,26,-129,176,*,```,```,34.53125,[[73594]],[-0.40628501772880554],9.759706497192385,False,0.0,-0.40628501772880554,-0.40628501772880554,1.0,-0.40628501772880554,-0.40628501772880554,1.0,0.0,0,2,1,1,2.0,-84.99267384516143,-1.02651464936499,True,1,1.0,3.0,0.0,1.0,2.8798098120514997
~/anvil/data/cve-targets/php_repo_ext_standard_dns.c,738,725,945,#if defined(HAVE_DNS_SEARCH),```c,"```c
#if defined(HAVE_DNS_SEARCH)
	",1.2529296875,"[[73594, 66, 198, 2653, 4512, 10896, 9493, 1557, 2448, 33708, 340, 197]]","[-0.004835459403693676, -2.9802276912960224e-06, -6.079655122448457e-06, -0.10732468962669373, -0.0015606615925207734, -0.0003135904553346336, -2.0265558760002023e-06, -2.5510462364763953e-05, -1.645074735279195e-05, -0.012275266461074352, -0.0007908792467787862, -0.24982833862304688]",12.507328033447266,False,2.0,-0.3769819330575501,-0.031415161088129175,12.0,-0.0048445192865074205,-0.0016148397621691402,3.0,5.186197038761882e-06,0,7,9,2,0.7777777777777778,-775.8848381445581,-1.0434382916529545,True,8,0.6666666666666666,28.0,0.0,6.0,2.0529213012832996
~/anvil/data/cve-targets/poppler_repo_poppler_GfxState.cc,3934,3805,4010,double b;,```cpp,"```cpp
b = x",7.78515625,"[[73594, 10821, 198, 65, 284, 856]]","[-0.3563246726989746, -7.152555099310121e-07, -5.960462772236497e-07, -0.013747178949415684, 0.0, -0.4192379117012024]",9.778571128845217,False,1.0,-0.7893110746513798,-0.13155184577522996,6.0,-0.35632598400076176,-0.11877532800025392,3.0,0.02821484558339818,0,5,6,2,0.8333333333333334,-65.54523048745743,-1.0260306429878236,True,3,0.5,9.0,0.0,4.0,2.215638918889474
~/anvil/data/cve-targets/libsndfile_repo_src_ulaw.c,810,804,816,{,for (int,	for (int,13.2890625,"[[2023, 320, 396]]","[-0.37617865204811096, 0.0, -2.3841855067985307e-07]",6.81627082824707,False,0.0,-0.37617889046666164,-0.1253929634888872,3.0,-0.37617889046666164,-0.18808944523333082,2.0,0.03144673079307146,1,2,4,4,0.5,-70.65288795718709,-1.1049003172614873,True,1,0.3333333333333333,8.0,0.0,3.0,2.258236161755911
~/anvil/data/cve-targets/libtiff_repo_libtiff_tif_dirwrite.c,3257,3122,3530,else,```c,"```c
",0.68505859375,"[[73594, 66, 198]]","[-0.46124905347824097, -2.2291887944447808e-05, -2.9802276912960224e-06]",9.598519325256348,False,1.0,-0.4612743255938767,-0.15375810853129224,3.0,-0.4612743255938767,-0.15375810853129224,3.0,0.04727534067434042,0,2,2,2,1.0,-4.455430678054807,-1.0306595198376025,True,1,0.3333333333333333,4.0,0.0,2.0,1.992138691281756
~/anvil/data/cve-targets/libsndfile_repo_src_common.c,591,470,684,int padding = size & 1 ;,```c,"```c
size += (size & 1) ;
```",4.03515625,"[[73594, 66, 198, 2141, 1421, 320, 2141, 609, 220, 16, 8, 4386, 73594]]","[-0.011490711010992527, -4.088794958079234e-05, -2.622600959512056e-06, -0.027856916189193726, -0.0906137228012085, -1.311301275563892e-06, -3.576278118089249e-07, -0.00023684080224484205, 0.0, 0.0, -3.3378546504536644e-06, -1.2874520507466514e-05, -0.08880399167537689]",11.08631706237793,False,2.0,-0.21906357433380208,-0.016851044179523236,13.0,-0.011534221561532831,-0.003844740520510944,3.0,2.923067641014177e-05,1,11,14,2,0.7857142857142857,-1049.5262888283944,-1.0070205650023045,True,8,0.6153846153846154,24.0,0.0,10.0,2.202031718709981
~/anvil/data/cve-targets/libsndfile_repo_src_flac.c,8,-147,158,** (at your option) any later version.,pflac->rbuffer [i] = malloc (sizeof (int,pflac->rbuffer [i] = malloc (sizeof (int,5.46484375,"[[79, 1489, 580, 405, 81, 7573, 508, 72, 60, 284, 15731, 320, 10318, 320, 396]]","[-0.002100881887599826, -3.576278118089249e-07, 0.0, 0.0, -1.1920928244535389e-07, -1.1920922133867862e-06, -1.1920928244535389e-07, 0.0, 0.0, 0.0, -0.30729517340660095, -1.2755313036905136e-05, -0.09970293939113617, -4.649054244509898e-05, -9.059865078597795e-06]",11.4443359375,False,0.0,-0.40916908854448764,-0.027277939236299176,15.0,-0.40916908854448764,-0.040916908854448764,10.0,0.006214275086664655,0,16,16,16,1.0,-133.55954550329687,-1.016074331549342,True,10,0.6666666666666666,35.0,0.33333333333333337,19.0,2.2884956131217056
~/anvil/data/cve-targets/openssl_repo_crypto_asn1_tasn_enc.c,524,454,567,case V_ASN1_NEG_ENUMERATED:,```c,"```c
        return ossl_i2c_ASN1_INTEGER((ASN",0.6376953125,"[[73594, 66, 198, 286, 470, 297, 24635, 5318, 17, 66, 1566, 18966, 16, 25757, 1188, 68134]]","[-0.06723981350660324, -1.0371154530730564e-05, -9.536738616588991e-07, -1.27907133102417, -0.18163849413394928, -0.00394958071410656, -4.768360213347478e-06, -6.9141146923357155e-06, 0.0, -1.6689286894688848e-06, -3.0278701160568744e-05, -5.8412379075889476e-06, 0.0, -0.018656374886631966, -7.510157047363464e-06, -7.593343616463244e-05]",24.91617584228516,False,1.0,-1.5506998340297287,-0.09691873962685804,16.0,-1.3463224693591656,-0.3365806173397914,4.0,0.29684965365036864,1,5,7,2,0.7142857142857143,-1.8946287446380832,-1.422964690067472,True,10,0.625,27.0,0.06451612903225812,4.0,1.69129349762059
~/anvil/data/cve-targets/lua_repo_lvm.c,1678,1669,1682,L->oldpc = pc + 1;,updatebase(ci);  /* function has new base after adjustment */,updatebase(ci);  /* function has new base after adjustment */,3.59375,"[[2386, 3152, 77434, 1215, 220, 1391, 729, 702, 501, 2331, 1283, 27075, 639, 151645]]","[-0.47880685329437256, -0.001039322349242866, -4.303362584323622e-05, -2.861018856492592e-06, -4.768360213347478e-06, -8.940656698541716e-06, -3.886147169396281e-05, -2.3841855067985307e-07, -1.1920928244535389e-07, -1.4305104514278355e-06, -3.4570634852570947e-06, -3.933898824470816e-06, -0.00037317464011721313, -8.582700684200972e-05]",5.422984600067139,False,0.0,-0.4804128215244745,-0.03431520153746247,14.0,-0.4803269945176325,-0.03694823034751019,13.0,0.0162699994829893,1,13,10,10,1.3,-97.26446885817279,-1.1440645039982438,True,10,0.7142857142857143,55.0,0.17721518987341767,11.0,2.09665737886082
~/anvil/data/cve-targets/libsndfile_repo_src_double64.c,109,70,214,psf->read_float		= host_read_d2f ;,psf->read_double	= host_read_d ;,"					psf->read_double	= host_read_d ;
					break ;",0.75439453125,"[[464, 35009, 69, 405, 878, 24598, 197, 28, 3468, 6443, 814, 4386, 464, 3388, 2587, 151645]]","[-0.9242677688598633, -0.0085443165153265, 0.0, 0.0, -0.004433208145201206, -0.03444493189454079, -2.6940935640595853e-05, 0.0, -1.2874520507466514e-05, -3.4570634852570947e-06, -2.0265558760002023e-06, -0.004258730448782444, -7.962863310240209e-05, -1.811964830267243e-05, -0.00046492734691128135, -2.5748875486897305e-05]",4.530229568481445,False,1.0,-0.9765826794430268,-0.061036417465189174,16.0,-0.9760738835723259,-0.0976073883572326,10.0,0.06017553795026357,0,10,13,10,0.7692307692307693,-7.728867086259871,-1.1698858170374504,True,14,0.875,8.0,0.8181818181818181,2.0,1.9664316704081868
~/anvil/data/cve-targets/openssl_repo_crypto_x509_v3_addr.c,1020,865,1170,},``,``,16.125,[[13874]],[-1.006585955619812],11.059992790222168,False,0.0,-1.006585955619812,-1.006585955619812,1.0,-1.006585955619812,-1.006585955619812,1.0,0.0,0,2,1,1,2.0,-16.019496308262045,-1.0063580559415868,True,1,1.0,2.0,0.0,1.0,2.416138870308742
~/anvil/data/cve-targets/libxml2_repo_xmlmemory.c,289,257,325,xmlMutexUnlock(xmlMemMutex);,```c,"```c
    xmlMutexUnlock(xmlMemMutex);
```",0.01544189453125,"[[73594, 66, 198, 262, 8396, 38099, 49679, 29932, 18816, 38099, 317, 73594]]","[-0.054491229355335236, -5.960462772236497e-07, -5.8412379075889476e-06, -0.001887565478682518, -0.5157502293586731, -0.00023231192608363926, -0.0019901248160749674, -4.8874615458771586e-05, -4.768370445162873e-07, -9.7508447652217e-05, 0.0, -0.00015877417172305286]",8.368637084960938,False,2.0,-0.5746635322909128,-0.0478886276909094,12.0,-0.056385232118202566,-0.014096308029550642,4.0,0.0005445083535778745,1,9,11,2,0.8181818181818182,-1.0954566613384549,-1.0628414807839464,True,7,0.5833333333333334,27.0,0.0625,8.0,2.026817806246439
~/anvil/data/cve-targets/libsndfile_repo_src_double64.c,76,70,214,if (psf->sf.channels < 1),if (psf->sf.channels <= 0),if (psf->sf.channels <= 0),1.28125,"[[333, 320, 1690, 69, 405, 17246, 39895, 2651, 220, 15, 8, 151645]]","[-0.10568109154701233, -3.576278118089249e-07, -1.0728830375228426e-06, 0.0, 0.0, -6.854299135738984e-05, -0.00012540031457319856, -0.0023853916209191084, 0.0, -1.1920928244535389e-07, -0.0038950780872255564, -0.00013851160474587232]",15.647747039794922,False,0.0,-0.11229556588596523,-0.009357963823830437,12.0,-0.11215705428121936,-0.01401963178515242,8.0,0.0009132555624298921,1,18,18,18,1.0,-91.3897040688983,-1.1286607862930509,True,11,0.9166666666666666,2.0,0.9411764705882353,2.0,2.106169956977547
~/anvil/data/cve-targets/openssl_repo_crypto_pkcs7_pk7_doit.c,1023,868,1173,void *value),```c,"```c
                         value)
{
",1.4921875,"[[73594, 66, 198, 5108, 897, 340, 515]]","[-0.3890954852104187, -3.576278118089249e-07, -1.1920928244535389e-07, -0.5181576013565063, -0.2390897274017334, -0.021742084994912148, -0.1683744639158249]",5.627190113067627,False,3.0,-1.3364598397164897,-0.1909228342452128,7.0,-0.9072535634040193,-0.22681339085100483,4.0,0.05352633484436968,0,6,5,2,1.2,-6.578921528404059,-1.1382387802386955,True,4,0.5714285714285714,12.0,0.0,5.0,1.9671693836996411
~/anvil/data/cve-targets/libpng_repo_pngset.c,683,602,757,else,```c,"```c
",0.0897216796875,"[[73594, 66, 198]]","[-0.6057834029197693, -1.1086402082582936e-05, -5.960462772236497e-07]",5.940379619598389,False,1.0,-0.6057950853681291,-0.2019316951227097,3.0,-0.6057950853681291,-0.2019316951227097,3.0,0.08154810096364205,0,2,2,2,1.0,-0.4443169737815453,-1.1293614680558088,True,1,0.3333333333333333,4.0,0.0,2.0,1.8926301287073697
~/anvil/data/cve-targets/openssl_repo_crypto_x509_x509_obj.c,147,17,173,*(p++) = 'x';,```c,"```c
        *(p++) = hex[(n >>",1.787109375,"[[73594, 66, 198, 286, 12861, 79, 2457, 284, 12371, 9697, 77, 3578]]","[-0.0008398343343287706, -3.576278118089249e-07, -3.576278118089249e-07, -0.18481919169425964, -0.68462735414505, 0.0, -3.576278118089249e-07, 0.0, -0.8742527961730957, -0.0006227937992662191, 0.0, -1.1920928244535389e-07]",18.11408233642578,False,1.0,-1.7451631622387183,-0.1454302635198932,12.0,-0.18565974128421203,-0.04641493532105301,4.0,0.006385363514263567,0,17,15,2,1.1333333333333333,-38.50289486861352,-1.200442414294027,True,7,0.5833333333333334,13.0,0.0,16.0,2.04696240765523
~/anvil/data/cve-targets/openssl_repo_crypto_asn1_tasn_enc.c,20,-135,170,"unsigned char **out,","ASN1_put_object(out, ndef","        ASN1_put_object(out, ndef",4.68359375,"[[286, 54855, 16, 15557, 5314, 9828, 11, 220, 5037]]","[-0.128190815448761, -0.18824629485607147, -1.1920928244535389e-07, -0.006557493936270475, -0.00200571003369987, -0.01655355840921402, -4.5536911784438416e-05, -3.397406908334233e-05, -3.6954811548639555e-06]",7.661018371582031,False,0.0,-0.3416371983553219,-0.03795968870614688,9.0,-0.3416371983553219,-0.03795968870614688,9.0,0.004358017569937599,0,10,6,6,1.6666666666666667,-123.38335507060091,-1.0818109383934786,True,5,0.5555555555555556,21.0,0.3111111111111111,8.0,2.1439893892433233
~/anvil/data/cve-targets/poppler_repo_poppler_JPEG2000Stream.cc,215,202,276,if (oLen.isInt()) bufSize = oLen.getInt();,```cpp,"```cpp
bool JPXStream::isInitialized() const {
    return priv->inited;
}
```",1.88671875,"[[73594, 10821, 198, 2641, 48780, 55, 3027, 486, 285, 22495, 368, 733, 341, 262, 470, 6095, 405, 258, 1608, 280, 532, 73594]]","[-0.17538775503635406, -3.576278118089249e-07, -7.152555099310121e-07, -0.5639496445655823, -0.08821118623018265, -8.344646857949556e-07, -8.344646857949556e-07, -0.0008915264043025672, -0.32666900753974915, -0.9782745838165283, -2.3841855067985307e-07, -1.7165990357170813e-05, -2.3841830625315197e-06, 0.0, -1.1920928244535389e-07, -2.0146166207268834e-05, -3.576278118089249e-07, 0.0, -1.1920928244535389e-07, 0.0, -1.0728830375228426e-06, -0.0002944036095868796]",16.41490936279297,False,4.0,-2.133722452702571,-0.09698738421375323,22.0,-0.1753888279196758,-0.058462942639891935,3.0,0.006835705876995248,1,27,24,2,1.125,-32.27204558657651,-1.1505163517043993,True,14,0.6363636363636364,42.0,0.0,26.0,2.2056684403062428
~/anvil/data/cve-targets/php_repo_ext_standard_dns.c,272,117,422,# define PHP_DNS_NS     0x00000002,cp += dlen;,"cp += dlen;
return cp;
}
switch (type) {
	case DNS_T_A:
		if (class == C_IN)",1.630859375,"[[4672, 1421, 294, 2892, 280, 689, 12490, 280, 532, 17338, 320, 1313, 8, 341, 2722, 27598, 1139, 1566, 510, 197, 743, 320, 1040, 621, 356, 2158, 8]]","[-0.20811282098293304, 0.0, -1.6689286894688848e-06, -3.6954811548639555e-06, -0.0023750450927764177, -0.0010649253381416202, -3.361645576660521e-05, -4.053033626405522e-05, -0.11779692023992538, -0.7300580143928528, -0.0005368936690501869, -0.0006663962849415839, -4.6491513785440475e-06, -6.568216485902667e-05, -0.06526429206132889, -0.032689765095710754, -4.887569048150908e-06, -0.025855395942926407, -0.1983242630958557, -0.0031953013967722654, -0.061969853937625885, -0.028569774702191353, -0.930735170841217, -0.43918800354003906, -0.0569421648979187, -7.903263758635148e-05, -0.46122443675994873]",6.469921112060547,False,5.0,-3.364803200996903,-0.12462234077766307,27.0,-0.2104932304855538,-0.05262330762138845,4.0,0.006891021419412014,0,5,28,7,0.17857142857142858,-30.991198552809067,-1.1145089041530838,True,18,0.6666666666666666,32.0,0.1777777777777778,6.0,1.9796130758809736
~/anvil/data/cve-targets/libtiff_repo_libtiff_tif_lzw.c,704,542,732,} while (codep);,```,"```
assert(occ >= len);
op += len;
",1.6005859375,"[[13874, 3989, 2207, 7, 13983, 2604, 2422, 317, 453, 1421, 2422, 280]]","[-0.30782264471054077, -3.576278118089249e-07, -0.010947523638606071, -1.311301275563892e-06, -6.198863957251888e-06, 0.0, -5.960462772236497e-07, 0.0, -1.9550132492440753e-05, 0.0, 0.0, 0.0]",12.934240341186523,False,3.0,-0.31879818232096113,-0.026566515193413427,12.0,-0.3078230023383526,-0.1539115011691763,2.0,0.023688640106210503,1,10,18,1,0.5555555555555556,-10.399391373232527,-1.0546343482821772,True,6,0.5,16.0,0.0,9.0,2.0865703612571536
~/anvil/data/cve-targets/libxml2_repo_parser.c,13525,13370,13675,*,calling,calling,3.93359375,[[73726]],[-0.04439881071448326],8.547351837158203,False,0.0,-0.04439881071448326,-0.04439881071448326,1.0,-0.04439881071448326,-0.04439881071448326,1.0,0.0,0,2,2,2,1.0,-88.59682695772815,-1.0581034368483875,True,1,1.0,7.0,0.0,1.0,2.053654308027554
~/anvil/data/cve-targets/libpng_repo_pngrutil.c,823,760,919,max_palette_length = PNG_MAX_PALETTE_LENGTH;,max_palette_length = PNG_MAX_PALETTE_LENGTH;,max_palette_length = PNG_MAX_PALETTE_LENGTH;,0.041046142578125,"[[2810, 66252, 5118, 284, 41639, 6806, 26191, 85448, 15023, 26, 151645]]","[-0.0017613149248063564, -3.302042750874534e-05, -5.960462772236497e-07, 0.0, -0.04183756187558174, -3.576214658096433e-05, -0.0006602014764212072, -2.3841855067985307e-07, -9.572047565598041e-05, -0.0004413345886860043, -4.458328112377785e-05]",15.910524368286133,True,0.0,-0.04491033366119268,-0.004082757605562971,11.0,-0.0448657503800689,-0.004985083375563211,9.0,0.00015528324325507858,1,7,7,7,1.0,-8.233792593987987,-1.1360998564308817,False,10,0.9090909090909091,0.0,1.0,0.0,0.9424450429980115
~/anvil/data/cve-targets/php_repo_ext_phar_zip.c,390,165,664,if (read != entry.uncompressed_filesize) {,```c,"```c
		}
	}
```",0.0150146484375,"[[73594, 66, 198, 197, 197, 532, 197, 532, 73594, 151645]]","[-0.003432693425565958, -4.768370445162873e-07, -4.768370445162873e-07, -1.4642291069030762, -1.025290846824646, -0.6332619190216064, -0.16410784423351288, -0.18586793541908264, -0.7891863584518433, -0.00013743886665906757]",11.279498100280762,False,3.0,-4.2655150968200815,-0.42655150968200817,10.0,-2.492953600827377,-0.49859072016547545,5.0,0.39044729005871026,1,16,4,2,4.0,-0.030114175475461805,-1.0118957599150051,True,11,1.1,41.0,0.04347826086956519,15.0,2.1496870600866873
~/anvil/data/cve-targets/openssl_repo_crypto_x509_x509_vfy.c,45,-110,195,static int check_name_constraints(X509_STORE_CTX *ctx);,|| (ok = check_id(ctx)) <= 0,"|| (ok = check_id(ctx)) <= 0
|| (ok = check_trust(ctx,",2.740234375,"[[8484, 320, 562, 284, 1779, 842, 7502, 593, 2651, 220, 15, 198, 8484, 320, 562, 284, 1779, 3547, 590, 7502, 11]]","[-0.0002598424907773733, 0.0, 0.0, 0.0, -7.152555099310121e-07, -0.4227457046508789, -1.1920928244535389e-07, 0.0, -5.960462772236497e-07, 0.0, 0.0, -0.0004651656490750611, -0.0007948100101202726, 0.0, -1.1920928244535389e-07, 0.0, -1.4305104514278355e-06, -0.06789965182542801, -1.0728830375228426e-06, -1.1920928244535389e-07, 0.0]",28.19928550720215,False,1.0,-0.49216934694940306,-0.023436635569019194,21.0,-0.42347214330180094,-0.07057869055030015,6.0,0.013647513334955438,0,16,25,17,0.64,-38.82523681913714,-1.5446853716960118,True,14,0.6666666666666666,44.0,0.3373493975903614,18.0,1.7676800919638773
~/anvil/data/cve-targets/php_repo_ext_exif_exif.c,1993,1981,2001,for (i=0; i<ImageInfo->file.count; i++) {,for (i = 0; i < ImageInfo->file.count; i++) {,	for (i = 0; i < ImageInfo->file.count; i++) {,1.2734375,"[[2023, 320, 72, 284, 220, 15, 26, 600, 366, 4654, 1731, 405, 1192, 6501, 26, 600, 2457, 314, 151645]]","[-0.0008858094224706292, -5.960462772236497e-07, 0.0, 0.0, 0.0, 0.0, 0.0, 0.0, 0.0, -5.006777428206988e-06, 0.0, 0.0, -3.576278118089249e-07, -0.00013076403411105275, 0.0, -3.4570634852570947e-06, 0.0, -6.294052582234144e-05, -3.6954195820726454e-05]",41.90611267089844,False,0.0,-0.0011258856932272465,-5.9257141748802446e-05,19.0,-0.00108893149740652,-0.00015556164248664572,7.0,4.110446478753461e-08,0,27,27,27,1.0,-8186.063605681708,-2.1760056506336554,True,16,0.8421052631578947,4.0,0.9534883720930233,0.0,1.3173561685513944
~/anvil/data/cve-targets/php_repo_ext_phar_phar.c,1074,632,1125,if (mydata->ext) {,```c,"```c
MAPPHAR_FAIL(""internal corruption of phar",1.462890625,"[[73594, 66, 198, 17617, 10842, 934, 11878, 445, 10481, 21252, 315, 1319, 277]]","[-0.005445883143693209, -4.768370445162873e-07, -1.1920922133867862e-06, -0.3017033636569977, -1.1444026313256472e-05, 0.0, -0.6086925864219666, -2.8490614567999728e-05, -0.5347781181335449, -0.00029416524921543896, -2.3841855067985307e-07, -1.7404405298293568e-05, 0.0]",16.41501235961914,False,1.0,-1.450973362999406,-0.11161333561533891,13.0,-0.005447552072951112,-0.001815850690983704,3.0,6.5885678891270835e-06,0,13,6,2,2.1666666666666665,-805.622748755574,-1.1505193141965304,True,8,0.6153846153846154,18.0,0.0,12.0,2.035503582182897
~/anvil/data/cve-targets/libxml2_repo_HTMLparser.c,2761,2727,2765,"ret = xmlStrndup(q, CUR_PTR - q);",```c,"```c
        ret = xmlStrndup(q, len);
```",1.716796875,"[[73594, 66, 198, 286, 2112, 284, 8396, 2580, 303, 454, 10583, 11, 2422, 317, 73594, 151645]]","[-0.26695525646209717, 0.0, -1.3589766240329482e-05, -0.5184122323989868, -0.0009283285471610725, 0.0, -0.001999404514208436, -0.005020393058657646, -0.0002661589242052287, -1.1920928244535389e-07, -0.003210867755115032, -0.0015929164364933968, -0.0007491880678571761, -5.722029527532868e-06, -0.008685785345733166, -0.0001232548092957586]",11.42552661895752,False,2.0,-0.8079632173248612,-0.050497701082803825,16.0,-0.7853810786273243,-0.26179369287577475,3.0,0.04645262304296802,1,17,15,2,1.1333333333333333,-6.557823666953838,-1.0155966522243025,True,13,0.8125,33.0,0.0,16.0,2.202357400496015
~/anvil/data/cve-targets/libxml2_repo_parser.c,2591,2479,2636,"xmlLoadEntityContent(ctxt, ent);",```c,"```c
                    ent->content = xmlStrdup(BAD_CAST """");
",4.83984375,"[[73594, 66, 198, 503, 1197, 405, 1796, 284, 8396, 2580, 21912, 5349, 1808, 25753, 14498]]","[-0.03952690586447716, -2.622600959512056e-06, -8.821448318485636e-06, -0.39065128564834595, -0.975821316242218, 0.0, -0.002734614070504904, -0.06990177184343338, -0.24230670928955078, -0.5191704034805298, -0.01635139435529709, -0.3012278079986572, -0.00016032364510465413, -0.0008873577462509274, -0.15569645166397095]",10.763794898986816,False,2.0,-2.714447785897619,-0.1809631857265079,15.0,-0.4301896355621011,-0.10754740889052528,4.0,0.026976255678589366,1,11,19,2,0.5789473684210527,-45.00195588093226,-1.001067587975686,True,9,0.6,31.0,0.05555555555555558,10.0,2.2281157920580044
~/anvil/data/cve-targets/poppler_repo_splash_Splash.cc,5090,5076,5179,},```cpp,"```cpp
",3.376953125,"[[73594, 10821, 198]]","[-0.02579057216644287, -8.344646857949556e-07, -2.3841855067985307e-07]",7.420890808105469,False,1.0,-0.025791645049679346,-0.008597215016559781,3.0,-0.025791645049679346,-0.008597215016559781,3.0,0.0001478057651009298,1,2,2,2,1.0,-392.7961692821898,-1.0883247863812127,True,1,0.3333333333333333,6.0,0.0,2.0,2.0134068967827377
~/anvil/data/cve-targets/php_repo_ext_exif_exif.c,2970,2908,2994,},```c,"```c
",0.2308349609375,"[[73594, 66, 198]]","[-0.03314758837223053, -7.152555099310121e-07, -3.4570634852570947e-06]",8.08541488647461,False,1.0,-0.03315176069122572,-0.01105058689707524,3.0,-0.03315176069122572,-0.01105058689707524,3.0,0.00024413873834942603,1,2,2,2,1.0,-20.888932242919616,-1.0703936936819307,True,1,0.3333333333333333,4.0,0.0,2.0,1.9464749555258374
~/anvil/data/cve-targets/poppler_repo_poppler_Parser.cc,266,188,287,length += 5000;,length += 5000;,length += 5000;,0.25390625,"[[4129, 1421, 220, 20, 15, 15, 15, 26, 151645]]","[-0.09912897646427155, -0.00024279984063468874, -3.576278118089249e-07, -2.3841855067985307e-07, -0.04587079584598541, -7.152555099310121e-07, 0.0, -0.00017927470616996288, -0.2948528826236725]",21.758621215820312,True,0.0,-0.4402760407826065,-0.048919560086956276,9.0,-0.14542315815893403,-0.020774736879847717,7.0,0.0011609110140203248,1,7,7,7,1.0,-12.221875611156293,-1.3149565712407387,False,8,0.8888888888888888,0.0,1.0,0.0,0.7958680888246885
~/anvil/data/cve-targets/openssl_repo_crypto_pkcs7_pk7_doit.c,793,784,824,X509 *x509;,X509 *x509;,X509 *x509;,0.0079269409179687,"[[55, 20, 15, 24, 353, 87, 20, 15, 24, 26, 151645]]","[-0.2874743938446045, 0.0, 0.0, 0.0, -5.8412379075889476e-06, 0.0, 0.0, 0.0, 0.0, -0.005399524699896574, -6.651657167822123e-05]",23.37176513671875,True,0.0,-0.2929462763540869,-0.02663147966855335,11.0,-0.29287975978240866,-0.09762658659413621,3.0,0.00740928266484075,1,7,7,7,1.0,-0.08119653871463758,-1.369070766983332,False,10,0.9090909090909091,0.0,1.0,0.0,0.7434124088735385
~/anvil/data/cve-targets/libxml2_repo_xmlmemory.c,199,186,235,TEST_POINT,```c,"```c
   ",0.086181640625,"[[73594, 66, 198, 262]]","[-0.9532251954078674, -1.1920928244535389e-07, -2.50339189733495e-06, -0.583659291267395]",6.754485607147217,False,1.0,-1.5368871092764422,-0.38422177731911056,4.0,-1.5368871092764422,-0.38422177731911056,4.0,0.16469773619609535,1,2,2,2,1.0,-0.2243018113817711,-1.1066082987819812,True,2,0.5,10.0,0.0,2.0,1.9118917366317283
~/anvil/data/cve-targets/sqlite3_repo_src_select.c,2823,2535,2855,if( !pKeyInfo ){,```c,"```c
  if( db->mallocFailed ){
   ",3.037109375,"[[73594, 66, 198, 220, 421, 7, 2927, 405, 16166, 9408, 10959, 262]]","[-0.6361600160598755, -2.3841855067985307e-07, -4.768370445162873e-07, -0.5443286895751953, -0.46176677942276, -6.437280717364047e-06, -0.08189727365970612, -7.152555099310121e-07, -4.708655978902243e-05, -3.516612196108326e-05, -0.023952171206474304, -0.004820985719561577]",13.119413375854492,False,2.0,-1.7530160361171454,-0.14608466967642877,12.0,-1.180489420890666,-0.2951223552226665,4.0,0.0881511175298849,0,12,12,2,1.0,-10.291017678781179,-1.0595279125630868,True,7,0.5833333333333334,16.0,0.0,11.0,2.142660629329076
~/anvil/data/cve-targets/libxml2_repo_valid.c,501,437,514,case XML_ENTITY_DECL:,#endif /* DEBUG_VALID_ALGO */,#endif /* DEBUG_VALID_ALGO */,3.052734375,"[[2663, 1391, 12657, 27335, 8912, 15513, 639]]","[-0.5102577209472656, -0.00917043536901474, -0.019790571182966232, -0.0012267453130334616, -3.194758028257638e-05, -0.00011896379146492109, -1.0728830375228426e-06]",16.601539611816406,False,0.0,-0.5405974570670651,-0.07722820815243787,7.0,-0.5405974570670651,-0.07722820815243787,7.0,0.03129869321658497,0,5,3,3,1.6666666666666667,-39.52874795404189,-1.1558969229910643,True,5,0.7142857142857143,25.0,0.24,5.0,1.9815508555552084
~/anvil/data/cve-targets/libxml2_repo_HTMLparser.c,3862,3808,3891,},```c,"```c
",3.892578125,"[[73594, 66, 198]]","[-0.6859493851661682, 0.0, -3.814689989667386e-06]",6.16009521484375,False,1.0,-0.6859531998561579,-0.22865106661871928,3.0,-0.6859531998561579,-0.34297659992807894,2.0,0.10456087607558734,0,2,2,2,1.0,-11.349398547353553,-1.1231750161799485,True,1,0.3333333333333333,4.0,0.0,2.0,1.997232317276728
~/anvil/data/cve-targets/libsndfile_repo_src_ulaw.c,830,823,835,if (ptr [i] >= 0),if (normfact * ptr [i] >= 0),"	if (normfact * ptr [i] >= 0)
		{
",0.286376953125,"[[743, 320, 20011, 33110, 353, 10087, 508, 72, 60, 2604, 220, 15, 340, 197, 197, 515]]","[-0.7560819387435913, -2.5748875486897305e-05, -0.2935440242290497, -3.814689989667386e-06, -1.4543427823809907e-05, -9.775113539944869e-06, -1.1920928244535389e-07, 0.0, 0.0, -0.0008323303773067892, 0.0, 0.0, -0.3822627663612366, -0.0034230705350637436, -0.9861676692962646, -0.7781292796134949]",14.479169845581056,False,2.0,-3.2004950804721304,-0.20003094252950815,16.0,-2.4223658008586355,-0.2202150728053305,11.0,0.09235343287057587,1,17,21,20,0.8095238095238095,-1.300442106331915,-1.0961645949846406,True,10,0.625,11.0,0.7555555555555555,3.0,2.0964593972405807
~/anvil/data/cve-targets/libtiff_repo_libtiff_tif_predict.c,511,502,521,tmsize_t wc = cc/4;,`tmsize_t wc = cc / sizeof(uint32_t);`,`tmsize_t wc = cc / sizeof(uint32_t);`,0.63232421875,"[[79115, 1011, 551, 528, 26548, 284, 12527, 608, 3935, 8488, 18, 17, 528, 1215, 63]]","[-1.180553674697876, -6.258291978156194e-05, -1.1920928244535389e-07, 0.0, -1.4305104514278355e-06, -1.2874520507466514e-05, -0.0032408118713647127, -0.0006350646144710481, -0.28821536898612976, -8.34461570775602e-06, 0.0, -1.7881377516459906e-06, 0.0, -1.1920928244535389e-07, -1.1920928244535389e-07]",2.6453287601470947,False,0.0,-1.4727322985018887,-0.09818215323345925,15.0,-1.4727322985018887,-0.12272769154182406,12.0,0.08881266399233574,1,11,16,16,0.6875,-5.152253829646195,-1.226333314356287,True,10,0.6666666666666666,20.0,0.631578947368421,10.0,1.9265917028310062
~/anvil/data/cve-targets/openssl_repo_crypto_asn1_tasn_dec.c,815,760,890,case V_ASN1_NEG_INTEGER:,```c,"```c
    }
```",0.1419677734375,"[[73594, 66, 198, 262, 456, 73594, 151645]]","[-0.11946157366037369, -5.960462772236497e-07, -7.152555099310121e-07, -0.423563688993454, -0.3424481749534607, -0.2881752550601959, -0.00014733182615600526]",11.110074996948242,False,2.0,-1.1737973357954274,-0.16768533368506106,7.0,-0.5430265739556148,-0.1357566434889037,4.0,0.02998945030263249,1,5,3,2,1.6666666666666667,-1.0457519410392904,-1.007618860880502,True,8,1.1428571428571428,24.0,0.0714285714285714,4.0,2.031641361576121
~/anvil/data/cve-targets/libxml2_repo_HTMLparser.c,1844,1672,1941,"{ 968,	""psi"",	""greek small letter psi, U+03C8 ISOgrk3"" },","{ 0,	NULL,	NULL }","{ 0,	NULL,	NULL }",0.6826171875,"[[90, 220, 15, 11, 31190, 11, 31190, 335, 151645]]","[-0.02011168748140335, -7.1403817855753e-05, -2.7179348762729205e-05, -2.264974000354414e-06, -0.505052924156189, -1.7881377516459906e-06, -0.02797817625105381, -0.004986350424587727, -0.018288323655724525]",14.112593650817873,False,0.0,-0.5765200982473289,-0.06405778869414765,9.0,-0.5582317745916043,-0.06977897182395054,8.0,0.027167218098005864,0,15,15,15,1.0,-9.78256299365108,-1.0861647899511546,True,29,3.2222222222222223,48.0,0.2432432432432432,16.0,2.0925888284790815
~/anvil/data/cve-targets/lua_repo_liolib.c,171,162,172,return 0;,```c,"```c
  return 0",9.429454803466796e-05,"[[73594, 66, 198, 220, 470, 220, 15]]","[-0.5069183111190796, -3.576278118089249e-07, -1.311301275563892e-06, -0.031122663989663124, -0.0017215682892128825, -0.00441967835649848, -3.814689989667386e-06]",13.606561660766602,False,1.0,-0.5441877053735311,-0.0777411007676473,7.0,-0.5380426440378301,-0.13451066100945752,4.0,0.04639058066566902,0,5,4,2,1.25,-0.000701019140988669,-1.072510487723704,True,4,0.5714285714285714,9.0,0.0,4.0,1.972737786013822
~/anvil/data/cve-targets/sqlite3_repo_ext_rtree_rtree.c,3385,3358,3390,"*pzErr = sqlite3_mprintf(""%s"", sqlite3_errmsg(db));","*pzErr = sqlite3_mprintf(""%s"", sqlite3_errmsg(db));","      *pzErr = sqlite3_mprintf(""%s"", sqlite3_errmsg(db));",0.0016994476318359,"[[414, 353, 66565, 7747, 284, 22003, 18, 717, 2517, 4430, 82, 497, 22003, 18, 9266, 3236, 9791, 5905, 151645]]","[-0.006761765107512474, 0.0, -3.3854863431770355e-05, -1.9073468138230965e-06, 0.0, -1.2278481335670222e-05, -1.4424220353248529e-05, -1.1920928244535389e-07, -3.4450891689630225e-05, -1.3947389561508317e-05, 0.0, 0.0, -9.536738616588991e-07, -2.3841830625315197e-06, -1.3470558769768104e-05, -2.3841855067985307e-07, -1.2397689715726301e-05, -0.004024384077638388, -0.00029774048016406596]",29.103515625,True,0.0,-0.011224316591743388,-0.0005907535048285993,19.0,-0.010926576111579323,-0.0007804697222556659,14.0,3.0715324989870726e-06,1,24,24,24,1.0,-2.17746772664577,-1.5800018211130675,False,17,0.8947368421052632,0.0,1.0,0.0,0.7570114013337311
~/anvil/data/cve-targets/libsndfile_repo_src_common.c,1260,1105,1410,} /* psf_strlcpy_crlf */,void,"void
psf_d2s_clip_array (const double *src, short",3.552734375,"[[1004, 198, 1690, 69, 814, 17, 82, 44728, 3858, 320, 1024, 1990, 353, 3548, 11, 2805]]","[-0.09488659352064133, -1.6689286894688848e-06, -1.4305104514278355e-06, 0.0, -0.0013249675976112485, 0.0, -9.667406266089529e-05, -6.913899414939806e-05, -1.7881377516459906e-06, 0.0, -1.1920928244535389e-07, -1.311301275563892e-06, 0.0, -2.3841855067985307e-07, 0.0, -5.6980417866725475e-05]",25.13412857055664,False,1.0,-0.09644091109893083,-0.006027556943683177,16.0,-0.0948882624493308,-0.0474441312246654,2.0,0.0022507872287050976,0,3,15,2,0.2,-74.8824835294485,-1.4307393280372929,True,11,0.6875,24.0,0.0,2.0,1.7381009998386479
~/anvil/data/cve-targets/openssl_repo_crypto_pkcs7_pk7_doit.c,739,587,741,EVP_MD_CTX_free(ctx_tmp);,```c,"```c
    EVP_MD_CTX_free(ctx_tmp);
```",1.3076171875,"[[73594, 66, 198, 262, 72758, 46497, 44233, 8905, 7502, 16125, 317, 73594]]","[-0.20292967557907104, -1.0728830375228426e-06, -4.768370445162873e-07, -0.2769224941730499, -7.962863310240209e-05, -0.00023529145983047783, -3.576278118089249e-07, -5.8412379075889476e-06, -9.179073458653875e-06, -2.50339189733495e-06, 0.0, -0.38902145624160767]",12.575010299682615,False,2.0,-0.8692079771378189,-0.07243399809481825,12.0,-0.479853719472203,-0.11996342986805075,4.0,0.015075405747050354,0,9,11,2,0.8181818181818182,-10.90013172296144,-1.0452053429131758,True,8,0.6666666666666666,24.0,0.06896551724137934,8.0,2.0755740733287165
~/anvil/data/cve-targets/lua_repo_ldebug.c,155,146,160,*pos = ci->func - nextra + (n - 1);,```c,"```c
  *pos = ci->u.l.base + n - 1;
  return ""vararg"";
}
",1.6767578125,"[[73594, 66, 198, 220, 353, 966, 284, 11825, 405, 84, 918, 8928, 488, 308, 481, 220, 16, 280, 220, 470, 330, 947, 858, 876, 532]]","[-0.4157642722129822, -5.960462772236497e-07, -4.768370445162873e-07, -0.00033825874561443925, -0.6983321905136108, 0.0, -2.3841855067985307e-07, -0.0052910298109054565, -1.7881377516459906e-06, -0.29673218727111816, -1.6093124941107817e-05, -0.001207337831147015, -0.0055709583684802055, -0.5052475929260254, -0.024744924157857895, -0.5484583973884583, 0.0, -0.32389238476753235, -0.00044919890933670104, -0.046960797160863876, -0.3685854971408844, -0.0944075956940651, -0.0004499138449318707, -0.33646437525749207, -0.22351236641407013]",3.341856002807617,False,4.0,-3.8964284709799415,-0.15585713883919766,25.0,-0.41610360384191836,-0.10402590096047959,4.0,0.032393623046448584,1,24,33,2,0.7272727272727273,-16.118656959645232,-1.2051637995166693,True,16,0.64,34.0,0.05128205128205132,23.0,2.1196091496272573
~/anvil/data/cve-targets/poppler_repo_poppler_SplashOutputDev.cc,3329,3315,3489,GfxRGB rgb;,```cpp,"```cpp
GfxRGB rgb;
```",1.5908203125,"[[73594, 10821, 198, 38, 8298, 18184, 17993, 280, 73594]]","[-0.01516655832529068, -5.960462772236497e-07, -1.1920922133867862e-06, -1.309017539024353, -0.0002379134384682402, -0.00022504181833937764, -2.0265558760002023e-06, -4.6491513785440475e-06, -0.005089660175144672]",5.281381607055664,False,2.0,-1.3297451766273412,-0.14774946406970457,9.0,-0.01516834646378129,-0.005056115487927097,3.0,5.111052724301007e-05,0,5,6,2,0.8333333333333334,-314.6329066846935,-1.1481217551966003,True,5,0.5555555555555556,11.0,0.0,4.0,1.9499757167898977
~/anvil/data/cve-targets/sqlite3_repo_src_select.c,3867,3780,4171,|| IsVirtual(pSubSrc->a[0].pTab)     /* (3c) */,```c,"```c
     || isAgg                             /* (3b) */
```",0.62841796875,"[[73594, 66, 198, 257, 1369, 374, 9042, 70, 6526, 1391, 320, 18, 65, 8, 735, 73594, 151645]]","[-0.12933719158172607, -2.861018856492592e-06, -4.172316494077677e-06, -0.4816291332244873, -8.821448318485636e-06, -0.5052411556243896, -0.09362956136465073, 0.0, -8.642300235806033e-05, -3.576278118089249e-07, 0.0, 0.0, -0.0002475670480635017, 0.0, -9.536738616588991e-07, -9.179073458653875e-06, -4.589452510117553e-05]",7.699643611907959,False,2.0,-1.2102432715295777,-0.07119078067821046,17.0,-0.610973358141564,-0.152743339535391,4.0,0.03884315500817944,1,20,6,2,3.3333333333333335,-4.114208650023618,-1.0807668124077585,True,21,1.2352941176470589,46.0,0.039215686274509776,19.0,2.1525827697400914
~/anvil/data/cve-targets/libpng_repo_png.c,2261,2226,2361,*/,```c,"```c
",14.25,"[[73594, 66, 198]]","[-1.122483730316162, -3.8265450712060556e-05, -1.1920922133867862e-06]",4.500564098358154,False,1.0,-1.1225231878590876,-0.3741743959530292,3.0,-1.1225231878590876,-0.3741743959530292,3.0,0.27998343017656985,1,3,2,2,1.5,-38.08384580592422,-1.1707537691690926,True,1,0.3333333333333333,4.0,0.0,2.0,2.2386862090751025
~/anvil/data/cve-targets/sqlite3_repo_src_select.c,2804,2535,2855,},/* Compute,  /* Compute,9.625,"[[220, 1391, 22603]]","[-0.3353116512298584, -0.0038161089178174734, -0.0028250806499272585]",21.00331115722656,False,0.0,-0.34195284079760313,-0.11398428026586771,3.0,-0.34195284079760313,-0.11398428026586771,3.0,0.024493066258420598,1,2,5,5,0.4,-84.44146839853478,-1.2903595338430618,True,1,0.3333333333333333,10.0,0.0,4.0,2.0047683330106665
~/anvil/data/cve-targets/poppler_repo_poppler_Parser.cc,270,188,287,"str = baseStr->makeSubStream(pos, true, length, std::move(dict));",// handle decryption,"// handle decryption
if (fileKey) {
    str = new DecryptStream(baseStr, fileKey, encAlgorithm, keyLength, { obj",0.95361328125,"[[322, 3705, 89374, 198, 333, 320, 1192, 1592, 8, 341, 262, 607, 284, 501, 89146, 3027, 12663, 2580, 11, 1034, 1592, 11, 3209, 27847, 11, 1376, 4373, 11, 314, 2839]]","[-0.5158231854438782, -0.1054626926779747, -0.005868230015039444, -4.768370445162873e-07, 0.0, 0.0, -1.1920928244535389e-07, 0.0, -1.4305104514278355e-06, -1.0728830375228426e-06, -4.0531076592742465e-06, -1.0371154530730564e-05, 0.0, -5.364403477869928e-06, -0.0017752378480508924, -3.576278118089249e-07, -0.6356146335601807, -1.1920928244535389e-07, -1.5497195136049413e-06, -6.878139538457617e-05, 0.0, 0.0, -4.446407547220588e-05, -8.940656698541716e-06, 0.0, -1.311301275563892e-06, -4.6491513785440475e-06, 0.0, -4.7444173105759546e-05, -1.2636104656849056e-05]",6.44879674911499,False,2.0,-1.2647571210651876,-0.042158570702172916,30.0,-0.6271545849739368,-0.1567886462434842,4.0,0.04472491398715937,0,29,23,2,1.2608695652173914,-6.082157758853856,-1.1150976418631984,True,19,0.6333333333333333,57.0,0.21176470588235297,28.0,2.234148234804586
~/anvil/data/cve-targets/lua_repo_ldebug.c,778,747,794,if (npci == 0 ||,```,"```
if (pc <= L->oldpc ||
```",2.041015625,"[[13874, 3989, 333, 320, 3992, 2651, 444, 405, 813, 3992, 8244, 73594, 151645]]","[-0.6432258486747742, -9.536738616588991e-07, -0.5294182300567627, -0.06234849989414215, -0.023217609152197838, -0.016581345349550247, -0.0011891205795109272, 0.0, -9.536738616588991e-07, 0.0, -0.0006423317245207727, -1.1801649634435307e-05, -9.560128091834486e-05]",9.52943992614746,False,2.0,-1.276732295709735,-0.09821017659305653,13.0,-0.6432268023486358,-0.3216134011743179,2.0,0.10343456638723374,1,8,11,1,0.7272727272727273,-6.346177172803031,-1.0324409911898738,True,8,0.6153846153846154,16.0,0.0,7.0,2.094226091480955
~/anvil/data/cve-targets/libsndfile_repo_src_alaw.c,253,98,274,"0xa9, 0xa9, 0xa9, 0xa9, 0xa9, 0xa9, 0xa9, 0xa9, 0xa9, 0xa9, 0xa9, 0xa9,",```c,"```c
```",0.14111328125,"[[73594, 66, 198, 73594, 151645]]","[-0.00378855736926198, -7.033323527139146e-06, -1.311301275563892e-06, -0.29326942563056946, -0.029642565175890923]",12.349126815795898,False,1.0,-0.32670889280052506,-0.06534177856010501,5.0,-0.003796901994064683,-0.001265633998021561,3.0,3.1825766254986682e-06,0,25,2,2,12.5,-111.49612089323476,-1.0393196115672132,True,59,11.8,71.0,0.0,24.0,2.2319267791954087
~/anvil/data/cve-targets/openssl_repo_crypto_evp_encode.c,247,239,250,ctx->length = 0;,```c,"```c
ctx->length = 0;
```",0.0134124755859375,"[[73594, 66, 198, 3773, 405, 4129, 284, 220, 15, 280, 73594, 151645]]","[-0.3425765633583069, -3.576278118089249e-07, -1.5497195136049413e-06, -0.009085266850888729, 0.0, -0.007677334360778332, -3.576278118089249e-07, -1.7881377516459906e-06, -1.1920928244535389e-07, -4.768370445162873e-07, -5.960462772236497e-07, -0.0001323135511483997]",16.644311904907227,False,2.0,-0.3594767233266154,-0.029956393610551284,12.0,-0.3425784707056323,-0.1141928235685441,3.0,0.02607956630041589,0,10,10,2,1.0,-0.1174546277672754,-1.1571335931127633,True,7,0.5833333333333334,16.0,0.09999999999999998,9.0,1.9579225778242473
~/anvil/data/cve-targets/poppler_repo_fofi_FoFiType1C.cc,1222,1211,1225,if(ok) {,error = true;,"                    error = true;
                    break",8.90625,"[[503, 1465, 284, 830, 280, 503, 1438]]","[-5.6980417866725475e-05, -0.438693106174469, -0.1009189561009407, -0.45409291982650757, -0.05409344658255577, -2.777537883957848e-05, -0.002172730630263686]",20.28447723388672,False,1.0,-1.050055915111443,-0.1500079878730633,7.0,-1.0478831844811793,-0.17464719741352988,6.0,0.03812548342284787,1,10,10,7,1.0,-50.995665157521934,-1.2673777978258933,True,4,0.5714285714285714,11.0,0.19047619047619047,9.0,2.096450416477038
~/anvil/data/cve-targets/libpng_repo_pngrutil.c,128,-27,278,*/,png,png,15.6328125,[[14066]],[-1.1020292043685913],1.710371017456055,False,0.0,-1.1020292043685913,-1.1020292043685913,1.0,-1.1020292043685913,-1.1020292043685913,1.0,0.0,0,3,2,2,1.5,-14.185479330338469,-1.255335183671337,True,1,1.0,3.0,0.0,2.0,2.202862828970938
~/anvil/data/cve-targets/sqlite3_repo_src_expr.c,3680,3626,3723,"sqlite3ExprCompare(0,pFarg->a[0].pExpr, pFarg->a[1].pExpr,-1),",```c,"```c
         sqlite3ExprCompare(pParse, pFarg->a[0].pExpr, pFarg->a[1].pExpr, -1),
```",0.74755859375,"[[73594, 66, 198, 260, 22003, 18, 16041, 27374, 1295, 14463, 11, 281, 37, 858, 405, 64, 58, 15, 936, 79, 16041, 11, 281, 37, 858, 405, 64, 58, 16, 936, 79, 16041, 11, 481, 16, 1326, 73594, 151645]]","[-0.6316842436790466, -8.344646857949556e-07, -1.5497195136049413e-06, -0.004215521737933159, -1.645074735279195e-05, 0.0, -1.1086402082582936e-05, -0.00022420754248742014, -1.3828182090946939e-05, -0.0004102342063561082, -0.07789786905050278, 0.0, 0.0, 0.0, 0.0, 0.0, 0.0, -1.2040065485052764e-05, 0.0, 0.0, -7.510157047363464e-06, -5.960462772236497e-07, 0.0, 0.0, 0.0, 0.0, 0.0, 0.0, -5.960462772236497e-07, 0.0, 0.0, -1.8358061424805783e-05, -0.0001289761275984347, -0.000504723924677819, -3.576278118089249e-07, -0.06516489386558533, -0.00030119650182314217, -3.158996332786046e-05]",11.34512996673584,False,2.0,-0.7806466641193879,-0.02054333326629968,38.0,-0.6359021496011792,-0.1589755374002948,4.0,0.074487467093035,0,36,37,2,0.972972972972973,-4.70234984560973,-1.013557437964634,True,30,0.7894736842105263,62.0,0.0,35.0,2.394682189489226
~/anvil/data/cve-targets/php_repo_ext_phar_phar.c,986,632,1125,if (entry.filename_len + 20 > endbuffer - buffer) {,```c,"```c
		}
```",0.93896484375,"[[73594, 66, 198, 197, 197, 532, 73594, 151645]]","[-0.001703955582343042, -2.9802276912960224e-06, -1.1920922133867862e-06, -0.5200214385986328, -0.8957017660140991, -0.21568775177001953, -0.4083981215953827, -0.00011419598013162613]",10.019092559814451,False,2.0,-2.0416314018605135,-0.2552039252325642,8.0,-1.4174313325149797,-0.2834862665029959,5.0,0.13417690744777178,1,22,3,2,7.333333333333333,-3.3122057563239204,-1.019879595792898,True,16,2.0,51.0,0.0,21.0,2.23521358744012
~/anvil/data/cve-targets/openssl_repo_ssl_statem_extensions_srvr.c,289,256,335,},```c,"```c
",2.7890625,"[[73594, 66, 198]]","[-0.6386045813560486, -1.1920922133867862e-06, -4.768370445162873e-07]",4.888177871704102,False,1.0,-0.6386062502853065,-0.21286875009510217,3.0,-0.6386062502853065,-0.21286875009510217,3.0,0.09062549900980978,1,2,2,2,1.0,-13.102263712987211,-1.1594635534035211,True,1,0.3333333333333333,4.0,0.0,2.0,1.9375383781078008
~/anvil/data/cve-targets/php_repo_ext_phar_util.c,399,288,436,return FAILURE;,```c,"```c
return FAILURE;
",0.067138671875,"[[73594, 66, 198, 689, 64024, 280]]","[-0.34927886724472046, -1.1920928244535389e-07, -8.344646857949556e-07, -0.0047189537435770035, -2.9205850296420977e-05, 0.0]",19.7287654876709,False,2.0,-0.3540279805125621,-0.05900466341876035,6.0,-0.3492798209186887,-0.11642660697289624,3.0,0.02711008755693395,0,5,6,2,0.8333333333333334,-0.5766608992618816,-1.2498921232726996,True,3,0.5,15.0,0.0,4.0,1.8236064854470184
~/anvil/data/cve-targets/php_repo_ext_phar_phar.c,167,159,201,"pefree(phar->alias, phar->is_persistent);",```c,"```c
	phar->is_persistent = 0;
```",0.0068893432617187,"[[73594, 66, 198, 197, 759, 277, 405, 285, 620, 13931, 284, 220, 15, 280, 73594, 151645]]","[-0.11684279888868332, -1.9550132492440753e-05, -3.4570634852570947e-06, -0.8323923349380493, -0.08158210664987564, -4.207999518257566e-05, -2.062299427052494e-05, -0.010026919655501842, -0.03408932685852051, -6.031808152329177e-05, 0.0, 0.0, 0.0, 0.0, -0.0024148847442120314, -0.0001586549769854173]",4.664411544799805,False,2.0,-1.0776530549787822,-0.06735331593617389,16.0,-0.9492581410227103,-0.23731453525567758,4.0,0.12031412118386126,0,17,10,2,1.7,-0.029030431087148832,-1.1659679522719701,True,14,0.875,41.0,0.0,16.0,2.029783034391474
~/anvil/data/cve-targets/libsndfile_repo_src_alaw.c,307,301,313,{,for (int,	for (int,14.96875,"[[2023, 320, 396]]","[-0.8487129211425781, 0.0, -3.576278118089249e-07]",5.015508651733398,False,0.0,-0.8487132787703899,-0.2829044262567966,3.0,-0.8487132787703899,-0.42435663938519497,2.0,0.16006962644247805,1,2,4,4,0.5,-35.273985630781276,-1.1557785367490756,True,1,0.3333333333333333,8.0,0.0,3.0,2.2588361722615624
~/anvil/data/cve-targets/sqlite3_repo_src_expr.c,5439,5367,5449,|| (pRight->op==TK_COLUMN && IsVirtual(pRight->y.pTab)),```c,"```c
      if( (pRight->op==TK_NULL) || (pLeft->op==TK_NULL) ){
        return WRC",0.66064453125,"[[73594, 66, 198, 414, 421, 7, 320, 79, 5979, 405, 453, 418, 15778, 18119, 8, 1369, 320, 79, 5415, 405, 453, 418, 15778, 18119, 8, 10959, 286, 470, 467, 7380]]","[-0.10352951288223267, -1.1920928244535389e-07, -3.576278118089249e-07, -0.01373318675905466, -0.01578291319310665, -3.576278118089249e-07, -0.11159567534923553, -3.576278118089249e-07, -0.379369854927063, 0.0, -3.0517112463712692e-05, -0.04823638126254082, -1.680836794548668e-05, -0.37213948369026184, -0.15583936870098114, -0.049126118421554565, -0.00019131260341964662, -5.9960475482512265e-05, -0.010863212868571281, -1.1920928244535389e-07, -2.3364747903542593e-05, -0.00010609064338495955, -1.5735502529423684e-05, -0.01526130735874176, -8.940656698541716e-06, -0.005804587155580521, -0.00011169286881340668, -3.099436753473128e-06, 0.0, 0.0]",10.14360809326172,False,2.0,-1.2818504362863195,-0.042728347876210646,30.0,-0.11726317647838158,-0.029315794119595395,4.0,0.0018673243292208867,1,26,32,2,0.8125,-22.53544722530334,-1.0167097607258095,True,19,0.6333333333333333,55.0,0.0,25.0,2.2760940190550123
~/anvil/data/cve-targets/libpng_repo_pngset.c,456,444,497,if (num_palette < 0 || num_palette > PNG_MAX_PALETTE_LENGTH),if (num_palette > max_palette_length),if (num_palette > max_palette_length),1.83984375,"[[333, 320, 2413, 66252, 861, 1932, 66252, 5118, 8, 151645]]","[-0.09285559505224228, -9.965400386136025e-05, -3.0397906812140718e-05, -1.0847986231965479e-05, -1.4185804502631072e-05, -3.909988299710676e-05, -2.4676019165781327e-05, -5.960462772236497e-07, -0.06645295768976212, -0.0007558587822131813]",3.360150098800659,False,0.0,-0.16028386917406579,-0.01602838691740658,10.0,-0.1595280103918526,-0.01772533448798362,9.0,0.0011344981206395913,1,18,12,12,1.5,-103.7974065452626,-1.2046127409843534,True,17,1.7,33.0,0.5773195876288659,7.0,2.056156271851331
~/anvil/data/cve-targets/libpng_repo_pngrutil.c,2895,2647,3067,bytes_to_copy = row_width;,{,"{
   bytes_to_copy = 1;
}",0.0074501037597656,"[[515, 256, 5820, 2346, 16096, 284, 220, 16, 280, 92, 151645]]","[-0.8461101055145264, -0.05937284231185913, -0.05429591238498688, 0.0, -0.0001560327800689265, -0.0012240068754181266, -1.135636568069458, -0.001958001870661974, -0.3267095983028412, -0.00030787018476985395, -2.8132995794294402e-05]",6.427061557769775,False,2.0,-2.4257990712903847,-0.22052718829912588,11.0,-0.9054829478263855,-0.45274147391319275,2.0,0.15473888032790573,1,7,10,2,0.7,-0.016455536302808563,-1.1157037280311333,True,7,0.6363636363636364,26.0,0.0,6.0,1.9589165910834647
~/anvil/data/cve-targets/php_repo_ext_phar_phar.c,2336,2181,2486,},```c,"```c
",8.2109375,"[[73594, 66, 198]]","[-0.21893224120140076, -2.5629668016335927e-05, -1.6689286894688848e-06]",5.717104434967041,False,1.0,-0.21895953979810656,-0.07298651326603552,3.0,-0.21895953979810656,-0.07298651326603552,3.0,0.010650077846977997,0,2,2,2,1.0,-112.49938012617714,-1.13568305456698,True,1,0.3333333333333333,4.0,0.0,2.0,2.0993989776342437
~/anvil/data/cve-targets/sqlite3_repo_ext_misc_zipfile.c,1634,1592,1635,return a-aBuf;,return (int)(a - aBuf);,return (int)(a - aBuf);,2.228515625,"[[689, 320, 396, 2376, 64, 481, 264, 15064, 1215]]","[-0.0004188137245364487, -0.678411066532135, -0.0004557524516712874, -4.4225667807040736e-05, 0.0, -5.364403477869928e-06, -1.1920928244535389e-07, -0.00012146688823122531, -2.0265558760002023e-06]",19.78509521484375,False,0.0,-0.6794588354330173,-0.07549542615922415,9.0,-0.6794588354330173,-0.08493235442912717,8.0,0.045438437856983205,0,8,16,16,0.5,-26.238712443319958,-1.2516535152732293,True,5,0.5555555555555556,9.0,0.7567567567567568,8.0,1.9126595980925807
~/anvil/data/cve-targets/libxml2_repo_HTMLparser.c,544,389,694,*,```,```,26.359375,[[73594]],[-0.5963371396064758],17.603364944458008,False,0.0,-0.5963371396064758,-0.5963371396064758,1.0,-0.5963371396064758,-0.5963371396064758,1.0,0.0,0,2,1,1,2.0,-44.20213541855637,-1.185212676861033,True,1,1.0,3.0,0.0,1.0,2.531350221335778
~/anvil/data/cve-targets/openssl_repo_crypto_asn1_a_type.c,23,-132,173,"void ASN1_TYPE_set(ASN1_TYPE *a, int type, void *value)",```c,"```c
void ASN1_TYPE_set(ASN1_TYPE *a, int type, void *value)
```",0.40576171875,"[[73594, 66, 198, 1004, 54855, 16, 4189, 2602, 7, 68134, 16, 4189, 353, 64, 11, 526, 943, 11, 737, 353, 957, 340, 73594, 151645]]","[-0.01414264552295208, -1.1920928244535389e-07, -7.152555099310121e-07, -0.025282297283411026, -7.271740287251305e-06, 0.0, -7.319182623177767e-05, -0.000795882020611316, -5.602820692729438e-06, -2.658331868587993e-05, 0.0, -8.22540732769994e-06, 0.0, 0.0, 0.0, 0.0, -3.576278118089249e-07, 0.0, -5.149708886165172e-05, -2.0265558760002023e-06, -2.622600959512056e-06, -1.5497195136049413e-06, -0.013676510192453861, -6.472854875028133e-05]",10.976085662841797,False,2.0,-0.05414182673921886,-0.0022559094474674524,24.0,-0.014143479987744456,-0.004714493329248152,3.0,4.444502695303394e-05,0,24,23,2,1.0434782608695652,-86.06687726816854,-1.0042492531698899,True,19,0.7916666666666666,55.0,0.0,23.0,2.2573076200581372
~/anvil/data/cve-targets/sqlite3_repo_src_sqliteInt.h,3863,3708,4013,# define SQLITE_CORRUPT_PGNO(P) sqlite3CorruptError(__LINE__),};,};,0.533203125,"[[11061, 151645]]","[-0.42861872911453247, -0.00013064485392533243]",5.791883945465088,False,0.0,-0.4287493739684578,-0.2143746869842289,2.0,-0.42861872911453247,-0.42861872911453247,1.0,0.0,0,9,4,4,2.25,-1.2440033269230315,-1.1335618923556277,True,18,9.0,61.0,0.0,9.0,1.9801874806464814
~/anvil/data/cve-targets/php_repo_ext_iconv_iconv.c,162,146,183,},```c,"```c
",3.091796875,"[[73594, 66, 198]]","[-0.053531792014837265, -1.4662635294371285e-05, -1.4305104514278355e-06]",8.02242660522461,False,1.0,-0.053547885160583064,-0.017849295053527687,3.0,-0.053547885160583064,-0.017849295053527687,3.0,0.000636620323878455,0,2,2,2,1.0,-173.21674977796647,-1.0720805779832814,True,1,0.3333333333333333,4.0,0.0,2.0,2.0197754094353604
~/anvil/data/cve-targets/libtiff_repo_libtiff_tif_dirwrite.c,2004,1971,2023,"if (!_TIFFmemcmp(tif->tif_dir.td_transferfunction[0],tif->tif_dir.td_transferfunction[1],m*sizeof(uint16_t)))","if (n>1 && !_TIFFmemcmp(tif->tif_dir.td_transferfunction[0],tif->tif_dir.td_transferfunction[1],m*sizeof(uint16_t)))","	if (n>1 && !_TIFFmemcmp(tif->tif_dir.td_transferfunction[0],tif->tif_dir.td_transferfunction[1],m*sizeof(uint16_t)))",0.0179443359375,"[[743, 320, 77, 29, 16, 1009, 45134, 26614, 1748, 61534, 1155, 333, 405, 84340, 4334, 734, 67, 35403, 1688, 58, 15, 1125, 84340, 405, 84340, 4334, 734, 67, 35403, 1688, 58, 16, 1125, 76, 32811, 8488, 16, 21, 528, 7705, 151645]]","[-0.5872365236282349, -0.08398088067770004, -0.00039426659350283444, -0.09550341218709946, -0.23110339045524597, -0.007001508492976427, -0.0030667202081531286, -2.4437606043647975e-05, -3.4450891689630225e-05, -0.00020001317898277193, -2.264974000354414e-06, 0.0, 0.0, -5.960462772236497e-07, -3.814689989667386e-06, -1.5497195136049413e-06, 0.0, -2.5510462364763953e-05, -5.960462772236497e-07, 0.0, -0.001566136721521616, 0.0, -0.35207274556159973, 0.0, -3.576278118089249e-07, -1.1920922133867862e-06, -1.1920928244535389e-07, 0.0, -4.95898348162882e-05, -5.960462772236497e-07, 0.0, 0.0, 0.0, 0.0, -4.0531076592742465e-06, -5.245195097813848e-06, 0.0, -1.1920928244535389e-07, 0.0, -0.04492037370800972, -0.008894230239093304]",10.41809368133545,False,0.0,-1.4160946944107167,-0.03453889498562723,41.0,-1.4072004641716234,-0.05211853571006012,27.0,0.012273950259905464,1,50,56,56,0.8928571428571429,-0.34429854356089123,-1.0097568395534897,True,35,0.8536585365853658,7.0,0.9688888888888889,6.0,2.5379466149706653
~/anvil/data/cve-targets/libtiff_repo_libtiff_tif_predict.c,319,311,328,tmsize_t wc = cc / 2;,`tmsize_t wc = cc / 2;`,`tmsize_t wc = cc / 2;`,0.2454833984375,"[[79115, 1011, 551, 528, 26548, 284, 12527, 608, 220, 17, 26, 63, 151645]]","[-1.050978422164917, -2.0861407392658293e-05, -1.1920928244535389e-07, 0.0, -1.1920928244535389e-07, -4.291525328881107e-06, -0.0010149095905944705, -0.0002299282787134871, -0.02548440732061863, 0.0, -9.536738616588991e-07, -4.291525328881107e-06, -7.30726242181845e-05]",1.2187302112579346,False,0.0,-1.0778113765295387,-0.08290856742534913,13.0,-1.0777383039053205,-0.10777383039053205,10.0,0.08403440510656747,1,11,11,11,1.0,-2.2777644401053574,-1.2708597446211005,True,11,0.8461538461538461,2.0,0.9545454545454546,4.0,1.8786118280906674
~/anvil/data/cve-targets/libsndfile_repo_src_wavlike.c,416,409,457,int format = 0 ;,```c,"```c
psf->sf.format =",1.40234375,"[[73594, 66, 198, 1690, 69, 405, 17246, 8021, 284]]","[-0.5601000189781189, -5.960462772236497e-07, -5.8412379075889476e-06, -1.2519468069076538, 0.0, -0.33182212710380554, -0.21407142281532288, -0.08058387786149979, -0.49168625473976135]",2.332778215408325,False,1.0,-2.930216945690347,-0.3255796606322608,9.0,-0.5601064562623037,-0.18670215208743457,3.0,0.06971298350384195,0,8,8,2,1.0,-7.511127934632847,-1.2359531275205011,True,6,0.6666666666666666,16.0,0.0,7.0,1.9044328775052535
~/anvil/data/cve-targets/libxml2_repo_xmlstring.c,636,628,685,goto error;,return -1;,return -1;,0.0024547576904296,"[[689, 481, 16, 26, 151645]]","[-0.5759837627410889, -0.343274861574173, 0.0, -1.1920922133867862e-06, -2.8371408916427754e-05]",11.156766891479492,False,0.0,-0.9192881878163917,-0.18385763756327833,5.0,-0.9192598164074752,-0.30641993880249174,3.0,0.05958381825404885,0,5,5,5,1.0,-0.0080110899441562,-1.0087957384694206,True,3,0.6,9.0,0.2857142857142857,3.0,2.026995875447641
~/anvil/data/cve-targets/libtiff_repo_libtiff_tif_pixarlog.c,1152,1136,1165,*/,```c,"```c
",22.0625,"[[73594, 66, 198]]","[-0.05876614898443222, -9.536738616588991e-07, -7.271740287251305e-06]",4.731705188751221,False,1.0,-0.05877437439858113,-0.019591458132860378,3.0,-0.05877437439858113,-0.019591458132860378,3.0,0.000767328208311107,1,3,2,2,1.5,-1126.1285326687855,-1.1640080455440711,True,1,0.3333333333333333,4.0,0.0,2.0,2.4485058342500605
~/anvil/data/cve-targets/libxml2_repo_xmlstring.c,439,430,455,len = xmlStrlen(str2);,len = xmlStrlen(str2);,len = xmlStrlen(str2);,0.001138687133789,"[[2892, 284, 8396, 2580, 2892, 4199, 17, 1215, 151645]]","[-0.14706027507781982, -1.1920928244535389e-07, -0.0019507441902533174, -3.58813522325363e-05, -7.986990567587782e-06, -6.556489552167477e-06, 0.0, -1.7881377516459906e-06, -5.602679812000133e-05]",15.940792083740234,True,0.0,-0.14911937824557953,-0.016568819805064392,9.0,-0.14906335144745952,-0.021294764492494216,7.0,0.002356630745403612,1,12,12,12,1.0,-0.05347263334094886,-1.1369598604488549,False,8,0.8888888888888888,0.0,1.0,0.0,0.9974892159353448
~/anvil/data/cve-targets/libtiff_repo_libtiff_tif_dirread.c,2124,2078,2230,},```c,"```c
}
",2.73828125,"[[73594, 66, 198, 532]]","[-0.030248792842030525, -3.218599158572033e-05, -6.794906312279636e-06, -0.47424817085266113]",17.469518661499023,False,2.0,-0.5045359445925897,-0.12613398614814741,4.0,-0.030287773739928525,-0.010095924579976176,3.0,0.00020306915704506063,0,2,3,2,0.6666666666666666,-271.2263971772323,-1.1812533969586771,True,1,0.25,4.0,0.0,2.0,1.9176771798878556
~/anvil/data/cve-targets/sqlite3_repo_src_resolve.c,188,173,190,result = ((Bitmask)1)<<n;,result = MASKBIT(n);,  result = MASKBIT(n);,0.53857421875,"[[220, 1102, 284, 55094, 20917, 1445, 1215, 151645]]","[-0.07198608666658401, -7.510157047363464e-06, -7.152555099310121e-07, -0.2881874740123749, -0.00234650238417089, -0.00016509123088326305, -0.00012909532233607024, -7.343022298300639e-05]",29.561410903930664,False,0.0,-0.3628959052518894,-0.04536198815648618,8.0,-0.3628224750289064,-0.05183178214698663,7.0,0.009919118774077593,1,18,12,12,1.5,-10.390810356909778,-1.5981926253731684,True,10,1.25,14.0,0.5333333333333333,10.0,1.6873807803567282
~/anvil/data/cve-targets/openssl_repo_crypto_asn1_a_int.c,158,85,161,},```c,"```c
",10.203125,"[[73594, 66, 198]]","[-0.01897960901260376, -2.7418097943154862e-06, -1.7881377516459906e-06]",12.546340942382812,False,1.0,-0.01898413896014972,-0.006328046320049907,3.0,-0.01898413896014972,-0.006328046320049907,3.0,8.003101943339197e-05,1,2,2,2,1.0,-1612.3657261597812,-1.0444564771782845,True,1,0.3333333333333333,4.0,0.0,2.0,2.22903807196126
~/anvil/data/cve-targets/libsndfile_repo_src_alaw.c,327,320,332,if (ptr [i] >= 0),if (ptr [i] >= 0),"	if (ptr [i] >= 0)
	{",0.50732421875,"[[743, 320, 3505, 508, 72, 60, 2604, 220, 15, 340, 197, 90, 151645]]","[-0.7850701212882996, -8.940656698541716e-06, -0.739529013633728, -3.576278118089249e-07, 0.0, 0.0, -2.729855441430118e-05, 0.0, 0.0, -0.11429126560688019, -0.00042691652197390795, -0.4236840307712555, -0.02616678923368454]",20.386388778686523,True,1.0,-2.0892047338947464,-0.16070805645344202,13.0,-1.6393539138898063,-0.23419341626997234,7.0,0.0847258596451572,1,17,18,17,0.9444444444444444,-2.166261660255937,-1.2706109254704248,False,10,0.7692307692307693,0.0,1.0,0.0,0.9538452182293187
~/anvil/data/cve-targets/openssl_repo_crypto_bn_bn_gf2m.c,812,790,817,"ret = BN_GF2m_mod_exp_arr(r, a, b, arr, ctx);",bn_check_top(r);,bn_check_top(r);,1.07421875,"[[11081, 7200, 10426, 2601, 1215, 151645]]","[-0.040028564631938934, -0.00015245705435518175, -0.0002205128694185987, -7.152555099310121e-07, -0.0041547417640686035, -0.00014709345123264939]",15.237258911132812,False,0.0,-0.0447040850265239,-0.007450680837753983,6.0,-0.04455699157529125,-0.00891139831505825,5.0,0.00024451092711237713,0,20,9,9,2.2222222222222223,-120.5443536492823,-1.1171374683858468,True,19,3.1666666666666665,38.0,0.2622950819672131,12.0,2.133290920233527
~/anvil/data/cve-targets/openssl_repo_crypto_asn1_tasn_enc.c,523,454,567,case V_ASN1_NEG_INTEGER:,```c,"```c
        tbool = (ASN1_BOOLEAN *)*",0.48779296875,"[[73594, 66, 198, 286, 259, 2641, 284, 320, 68134, 16, 37809, 2586, 9]]","[-0.08247517049312592, -7.033323527139146e-06, -9.536738616588991e-07, -0.6591562628746033, -0.2607877850532532, -1.1920928244535389e-07, 0.0, -0.0004745787591673434, -0.00024470672360621393, -1.1920928244535389e-07, -0.0003493413969408721, -0.24974662065505981, -0.002387413289397955]",13.061070442199709,False,1.0,-1.2556301046611082,-0.09658693112777755,13.0,-0.741639420365118,-0.1854098550912795,4.0,0.07594546880629585,1,5,11,2,0.45454545454545453,-2.630890189250478,-1.0579836398866427,True,8,0.6153846153846154,24.0,0.0714285714285714,4.0,1.9978343582132783
~/anvil/data/cve-targets/php_repo_ext_phar_util.c,1391,1252,1478,PHP_SHA256_CTX context;,PHP_SHA256_CTX context;,PHP_SHA256_CTX context;,0.0318603515625,"[[15158, 38096, 17, 20, 21, 44233, 2266, 26, 151645]]","[-0.715749979019165, -0.001561851822771132, -2.992108420585282e-05, 0.0, 0.0, -0.11810129880905151, -0.00028272447525523603, -1.1920922133867862e-06, -0.0005376085755415261]",10.142606735229492,True,0.0,-0.8362645758782037,-0.0929182862086893,9.0,-0.8357269673026622,-0.13928782788377703,6.0,0.05486794049658057,1,5,5,5,1.0,-0.2287375145880267,-1.0167352133065313,False,8,0.8888888888888888,0.0,1.0,0.0,1.0210106217429031
~/anvil/data/cve-targets/sqlite3_repo_src_whereexpr.c,933,919,942,if( pIdx->aiColumn[i]!=XN_EXPR ) continue;,```c,"```c
      if( sqlite3ExprCompareSkip(pExpr, pIdx->aColExpr->a[i].",0.74267578125,"[[73594, 66, 198, 414, 421, 7, 22003, 18, 16041, 27374, 35134, 1295, 16041, 11, 281, 11420, 405, 64, 6127, 16041, 405, 64, 989, 936]]","[-0.004858830012381077, 0.0, -2.3841830625315197e-06, -0.5078629851341248, -0.05233060568571091, 0.0, -0.0028376809787005186, -3.576278118089249e-07, -8.713819261174649e-05, -0.00030882356804795563, -0.0021870045457035303, -3.40932747349143e-05, -6.329813186312094e-05, 0.0, -5.8412379075889476e-06, -1.1920928244535389e-07, 0.0, -1.311301275563892e-06, -1.6331539882230572e-05, -8.940656698541716e-06, -4.768370445162873e-07, -1.1920928244535389e-07, -2.622600959512056e-06, -9.536738616588991e-07]",10.947263717651367,False,1.0,-0.5706099176009474,-0.023775413233372806,24.0,-0.5127241993295684,-0.17090806644318945,3.0,0.048056723439895255,0,21,21,2,1.0,-4.345469448610657,-1.0035259033822257,True,15,0.625,41.0,0.04347826086956519,20.0,2.232633020652463
~/anvil/data/cve-targets/libxml2_repo_parser.c,7503,7419,7540,return;,return;,return;,0.5068359375,"[[689, 26, 151645]]","[-0.2487858533859253, -0.0277630053460598, -5.1020273531321436e-05]",4.385912895202637,True,0.0,-0.2765998790055164,-0.09219995966850547,3.0,-0.2765488587319851,-0.13827442936599255,2.0,0.012212774838913368,1,4,4,4,1.0,-3.6654350325212923,-1.1741142911728677,False,2,0.6666666666666666,0.0,1.0,0.0,0.88818623110357
~/anvil/data/cve-targets/php_repo_ext_intl_locale_locale_methods.c,967,951,983,while( (*str)!='\0' ){,while( *str ){,	while( *str ){,2.689453125,"[[5217, 7, 353, 495, 40023, 151645]]","[-0.012727107852697372, -0.13820643723011017, -2.50339189733495e-06, 0.0, -0.2095452845096588, -6.711257447022945e-05]",26.56371688842773,False,0.0,-0.3605484455588339,-0.06009140759313899,6.0,-0.3604813329843637,-0.09012033324609092,4.0,0.007436573309319733,0,21,12,12,1.75,-29.84291145102549,-1.4827982783703648,True,10,1.6666666666666667,8.0,0.7777777777777778,9.0,1.8758135483179954
~/anvil/data/cve-targets/lua_repo_ldebug.c,237,210,238,"luaO_chunkid(ar->short_src, ar->source, ar->srclen);",ar->nups = cl->l.nupvalues;,ar->nups = cl->l.nupvalues;,1.458984375,"[[277, 405, 77, 8602, 284, 1185, 405, 75, 1253, 454, 3661, 26, 151645]]","[-0.0007559779332950711, 0.0, -0.41986826062202454, -0.0005418977816589177, 0.0, -0.0021422787103801966, -1.7881377516459906e-06, -0.027499310672283173, -7.629103492945433e-05, -0.0010625437134876847, -0.008969727903604507, -1.7881377516459906e-06, -0.012018410488963127]",12.03888702392578,False,0.0,-0.47293827513612996,-0.036379867318163846,13.0,-0.46091986464716683,-0.04609198646471668,10.0,0.013285723910121434,0,22,16,16,1.375,-31.65375343752757,-1.0312898337779821,True,19,1.4615384615384615,41.0,0.3291139240506329,15.0,2.239092104672006
~/anvil/data/cve-targets/lua_repo_ldebug.c,318,273,330,ar->ftransfer = ci->u2.transferinfo.ftransfer;,ar->ftransfer = ci->u2.transferinfo.ftransfer;,ar->ftransfer = ci->u2.transferinfo.ftransfer;,0.0065879821777343,"[[277, 405, 69, 24188, 284, 11825, 405, 84, 17, 49428, 2733, 833, 24188, 26, 151645]]","[-0.06030469760298729, 0.0, -2.9444261599564925e-05, -4.2199197196168825e-05, 0.0, -0.024509048089385033, 0.0, -0.00021395778458099812, -4.768370445162873e-07, -0.012038551270961761, -1.1920922133867862e-06, -0.023102527484297752, -0.004542033653706312, -0.0010088359704241157, -0.001116367639042437]",7.565471172332764,True,0.0,-0.12690933188343934,-0.008460622125562622,15.0,-0.1257929642443969,-0.0114357240222179,11.0,0.00027195880807484634,0,19,19,19,1.0,-0.5760878948228234,-1.084398127278482,False,14,0.9333333333333333,0.0,1.0,0.0,1.1218865762992696
~/anvil/data/cve-targets/libsndfile_repo_src_ulaw.c,207,52,357,"0xaa, 0xaa, 0xaa, 0xaa, 0xaa, 0xaa, 0xaa, 0xaa, 0xaa, 0xaa, 0xaa, 0xaa,","0x96, 0x96, 0x96, 0x96, 0x96, 0x96, 0x96, 0x96, 0x96, 0x96, 0x96, 0x96,","0x96, 0x96, 0x96, 0x96, 0x96, 0x96, 0x96, 0x96, 0x96, 0x96, 0x96, 0x96, ",0.6298828125,"[[15, 87, 24, 21, 11, 220, 15, 87, 24, 21, 11, 220, 15, 87, 24, 21, 11, 220, 15, 87, 24, 21, 11, 220, 15, 87, 24, 21, 11, 220, 15, 87, 24, 21, 11, 220, 15, 87, 24, 21, 11, 220, 15, 87, 24, 21, 11, 220, 15, 87, 24, 21, 11, 220, 15, 87, 24, 21, 11, 220, 15, 87, 24, 21, 11, 220, 15, 87, 24, 21, 11, 220]]","[-0.0012425805907696486, -2.9802276912960224e-06, -1.0847986231965479e-05, -2.9205850296420977e-05, 0.0, 0.0, 0.0, 0.0, 0.0, -1.1920928244535389e-07, 0.0, 0.0, 0.0, 0.0, 0.0, 0.0, 0.0, 0.0, 0.0, 0.0, 0.0, 0.0, 0.0, 0.0, 0.0, 0.0, 0.0, 0.0, 0.0, 0.0, 0.0, 0.0, 0.0, 0.0, 0.0, 0.0, 0.0, 0.0, 0.0, 0.0, 0.0, 0.0, 0.0, 0.0, 0.0, 0.0, 0.0, -5.722029527532868e-06, 0.0, 0.0, 0.0, 0.0, 0.0, -1.1920928244535389e-07, 0.0, 0.0, 0.0, 0.0, 0.0, -1.311301275563892e-06, 0.0, 0.0, 0.0, 0.0, 0.0, -3.576278118089249e-07, 0.0, 0.0, 0.0, 0.0, -0.07239189743995667, -0.0060808174312114716]",37.405235290527344,False,0.0,-0.07976595890333726,-0.0011078605403241288,72.0,-0.07976595890333726,-0.007251450809394297,11.0,7.209359191587596e-05,0,25,25,25,1.0,-86.86300563247056,-1.9444302261087822,True,47,0.6527777777777778,24.0,0.6619718309859155,12.0,1.4747981350217958
~/anvil/data/cve-targets/libtiff_repo_libtiff_tif_jbig.c,100,39,108,"decodedSize, (unsigned long)size);","TIFFWarningExt(tif->tif_clientdata, ""JB","	    TIFFWarningExt(tif->tif_clientdata, ""JB",0.81787109375,"[[2760, 74121, 12087, 6756, 1155, 333, 405, 84340, 8179, 691, 11, 330, 46107]]","[-1.6992883682250977, -3.290122185717337e-05, -0.00029690624796785414, -3.3378546504536644e-06, -1.1920928244535389e-07, 0.0, 0.0, -2.3841855067985307e-07, -3.3378546504536644e-06, 0.0, 0.0, 0.0, -2.8729025871143676e-05]",0.40439572930336,False,0.0,-1.6996539380579279,-0.1307426106198406,13.0,-1.6996539380579279,-0.21245674225724098,8.0,0.20502798888128076,1,14,10,10,1.4,-3.8495887918667604,-1.2969975258668076,True,8,0.6153846153846154,35.0,0.1643835616438356,14.0,1.905421837708566
~/anvil/data/cve-targets/sqlite3_repo_src_shell.c.in,3423,3268,3573,sqlite3_finalize(pStmt);,"appendText(&sSelect, "","", 0","        appendText(&sSelect, "","", 0",5.55859375,"[[286, 8737, 1178, 2099, 82, 3379, 11, 82978, 220, 15]]","[-0.020674442872405052, -0.00014375607133843005, -1.4305104514278355e-06, 0.0, 0.0, -1.1920928244535389e-07, 0.0, -0.002824010793119669, 0.0, 0.0]",18.513431549072266,False,0.0,-0.023643759456597024,-0.0023643759456597026,10.0,-0.023643759456597024,-0.004728751891319405,5.0,3.795255567884721e-05,1,9,13,13,0.6923076923076923,-1175.488559719942,-1.2124873341865445,True,6,0.6,25.0,0.23529411764705888,14.0,2.0443281955362966
~/anvil/data/cve-targets/php_repo_ext_iconv_iconv.c,1138,968,1463,--str_left;,```c,"```c
++p1;
```",1.4296875,"[[73594, 66, 198, 1027, 79, 16, 280, 73594, 151645]]","[-0.020299308001995087, -7.629365427419543e-06, -5.2927523938706145e-05, -0.8904843330383301, -0.3699955344200134, 0.0, -9.417489309271332e-06, -0.29049044847488403, -0.00017486473370809108]",9.36970043182373,False,2.0,-1.5715144630476061,-0.17461271811640067,9.0,-0.020359864891361212,-0.0067866216304537375,3.0,9.129668847501375e-05,1,6,7,2,0.8571428571428571,-210.66262094007655,-1.0365722748602686,True,4,0.4444444444444444,11.0,0.0,5.0,2.0520153173721445
~/anvil/data/cve-targets/poppler_repo_poppler_GfxState.cc,2408,2399,2421,int i;,int i;,int i;,0.475341796875,"[[396, 600, 26, 151645]]","[-0.00013696208770852536, -1.6689286894688848e-06, -2.7418097943154862e-06, -8.964136941358447e-05]",27.71554374694824,True,0.0,-0.0002310141956058942,-5.775354890147355e-05,4.0,-0.00014137282619230973,-4.712427539743658e-05,3.0,4.035608106065397e-09,1,5,5,5,1.0,-10086.983680195903,-1.5261171552542498,False,3,0.75,0.0,1.0,0.0,0.5993098663077273
~/anvil/data/cve-targets/libxml2_repo_HTMLparser.c,6620,6607,6631,htmlCtxtReset(ctxt);,xmlInitParser();,xmlInitParser();,1.3564453125,"[[6455, 3803, 6570, 2129, 151645]]","[-0.12117627263069153, -0.02212694101035595, -1.8358061424805783e-05, -0.0021422787103801966, -0.0006739014061167836]",10.967010498046877,False,0.0,-0.14613775181896926,-0.029227550363793854,5.0,-0.14546385041285248,-0.03636596260321312,4.0,0.00247198682950041,0,9,8,8,1.125,-37.29985996246256,-1.004021435827674,True,7,1.4,13.0,0.4444444444444444,2.0,2.1118810432763504
~/anvil/data/cve-targets/openssl_repo_crypto_rsa_rsa_ameth.c,832,677,982,};,const,const,12.8515625,[[1024]],[-0.015796056017279625],11.834274291992188,False,0.0,-0.015796056017279625,-0.015796056017279625,1.0,-0.015796056017279625,-0.015796056017279625,1.0,0.0,0,4,3,3,1.3333333333333333,-813.5931200763922,-1.0260279276564919,True,1,1.0,5.0,0.0,4.0,2.3366245373784875
~/anvil/data/cve-targets/libsndfile_repo_src_alaw.c,257,98,274,"0xa9, 0xa9, 0xa9, 0xa9, 0xa9, 0xa9, 0xa9, 0xa9, 0xa8, 0xa8, 0xa8, 0xa8,",```c,"```c
```",0.309326171875,"[[73594, 66, 198, 73594, 151645]]","[-0.0041276742704212666, -6.794906312279636e-06, -1.1920922133867862e-06, -0.1563270539045334, -0.044938381761312485]",12.60018539428711,False,1.0,-0.2054010969347928,-0.041080219386958564,5.0,-0.004135661268946933,-0.0013785537563156443,3.0,3.7788370324591514e-06,0,25,2,2,12.5,-224.3845555226751,-1.0458633785525466,True,59,11.8,71.0,0.0,24.0,2.2307547158072776
~/anvil/data/cve-targets/sqlite3_repo_src_expr.c,97,90,105,"Expr *pNew = sqlite3ExprAlloc(pParse->db, TK_COLLATE, pCollName, 1);","Expr *pNew = sqlite3ExprAlloc(pParse->db, TK_COLLATE, pCollName, dequote);","    Expr *pNew = sqlite3ExprAlloc(pParse->db, TK_COLLATE, pCollName, dequote);",0.26953125,"[[262, 28819, 353, 79, 3564, 284, 22003, 18, 16041, 25154, 1295, 14463, 405, 1999, 11, 44299, 74317, 2336, 11, 281, 15265, 675, 11, 409, 2949, 1215, 151645]]","[-0.0030794364865869284, -0.027040868997573853, -2.264974000354414e-06, 0.0, -2.861018856492592e-06, -9.536738616588991e-07, -1.9788545614574105e-05, -4.768370445162873e-07, -0.21618907153606415, -0.11661293357610703, -2.264974000354414e-06, -2.5152843591058627e-05, -1.0251946150674485e-05, -3.516612196108326e-05, 0.0, -8.976056415122002e-05, -0.004403655882924795, -1.4543427823809907e-05, 0.0, -0.00011693747364915907, -2.264974000354414e-06, 0.0, -1.1920928244535389e-07, -0.00292932684533298, -6.437280717364047e-06, -0.0026110862381756306, -4.970903682988137e-05]",21.390871047973636,False,0.0,-0.37324533246430036,-0.013823901202381495,27.0,-0.3731956234274705,-0.016963437428521386,22.0,0.0021444256922030563,1,24,24,24,1.0,-15.88895240930503,-1.3029225872558674,True,25,0.9259259259259259,7.0,0.9436619718309859,1.0,1.9996943022231872
~/anvil/data/cve-targets/php_repo_ext_phar_phar.c,2801,2646,2951,cleanup:,PHAR_SET,PHAR_SET,12.46875,"[[10842, 934, 8481]]","[-0.3313613533973694, 0.0, -8.225102646974847e-05]",15.253528594970703,False,0.0,-0.33144360442383913,-0.11048120147461304,3.0,-0.33144360442383913,-0.16572180221191957,2.0,0.024394021884248523,0,6,2,2,3.0,-75.23904419079014,-1.1175919476428564,True,2,0.6666666666666666,8.0,0.0,5.0,2.2714665019514833
~/anvil/data/cve-targets/libtiff_repo_libtiff_tif_dirread.c,4239,4220,4241,m=o->tdir_tag+1;,m = o->tdir_tag;,	m = o->tdir_tag;,3.00390625,"[[2109, 284, 297, 405, 1296, 404, 9372, 26, 151645]]","[-0.37785330414772034, -4.6967357775429264e-05, -1.311301275563892e-06, 0.0, -1.490105023549404e-05, 0.0, -1.7404405298293568e-05, -5.245195097813848e-06, -6.711257447022945e-05]",5.947585105895996,False,0.0,-0.37800624603187316,-0.042000694003541464,9.0,-0.37793913345740293,-0.06298985557623382,6.0,0.015614796705081497,0,13,10,10,1.3,-47.688730550659955,-1.129158046413679,True,9,1.0,4.0,0.875,3.0,2.0939288027012664
~/anvil/data/cve-targets/php_repo_ext_phar_phar.c,174,159,201,if (phar->signature) {,```c,"```c
	if (phar->signature) {
```",1.11328125,"[[73594, 66, 198, 743, 320, 759, 277, 405, 34140, 8, 341, 73594]]","[-0.0010268182959407568, -9.846202738117427e-05, -5.245195097813848e-06, -0.3252376317977905, 0.0, -2.3841855067985307e-07, -1.1920928244535389e-07, 0.0, -0.21420970559120178, -0.07717044651508331, 0.0, -0.015943661332130432]",14.26134204864502,False,2.0,-0.6336923283824589,-0.05280769403187158,12.0,-0.001130525518419745,-0.0003768418394732483,3.0,2.1268292661785354e-07,0,13,12,2,1.0833333333333333,-2954.240037560986,-1.090211441256058,True,8,0.6666666666666666,22.0,0.0,12.0,2.0776694326094565
~/anvil/data/cve-targets/poppler_repo_poppler_Annot.cc,5212,5190,5241,if (path->getCoordsLength() != 0) {,```cpp,"```cpp
        annotUnlocker();
```",2.470703125,"[[73594, 10821, 198, 286, 36042, 49679, 261, 543, 73594, 151645]]","[-0.19428236782550812, -4.768370445162873e-07, -3.576278118089249e-07, -0.5579575300216675, -0.7866516709327698, -0.046956587582826614, -3.099436753473128e-06, -8.34461570775602e-06, -0.006459665950387716, -0.00032109825406223536]",6.616049766540527,False,2.0,-1.5926411990845395,-0.15926411990845396,10.0,-0.7522407323120319,-0.18806018307800798,4.0,0.05189892847969644,1,20,9,2,2.2222222222222223,-13.137832179899263,-1.1104447900528693,True,13,1.3,34.0,0.04878048780487809,19.0,2.1754633756253234
~/anvil/data/cve-targets/poppler_repo_poppler_Stream.cc,4046,3993,4088,if (i + repeat > numLitCodes + numDistCodes) {,if (repeat == 0) {,"if (repeat == 0) {
    len = 0;
}",0.2203369140625,"[[333, 320, 30624, 621, 220, 15, 8, 341, 262, 2422, 284, 220, 15, 280, 92, 151645]]","[-0.4351271986961365, -0.015398895367980003, -0.6157490611076355, -0.625216007232666, -0.017356647178530693, -3.313963316031732e-05, -6.318072337307967e-06, -0.2976039946079254, -0.0006382812280207872, -0.07796282321214676, -3.099436753473128e-06, -0.6079068779945374, -6.079655122448457e-06, -1.1920928244535389e-07, -1.1920858014491387e-05, -0.026602068915963173]",7.653797626495361,False,2.0,-2.7196225324062127,-0.1699764082753883,16.0,-2.0071295431243925,-0.22301439368048806,9.0,0.06676286535882942,0,19,19,13,1.0,-0.9879941398678326,-1.082006243046465,True,15,0.9375,31.0,0.46875,8.0,2.129504783739871
~/anvil/data/cve-targets/poppler_repo_fofi_FoFiTrueType.cc,1313,1022,1326,} else if (needVerticalMetrics && i == t42VmtxTable) {,```cpp,"```cpp
else if (needVerticalMetrics && i == t42VmtxTable) {
    dumpString(vmtxTab, v",0.0075263977050781,"[[73594, 10821, 198, 1503, 421, 320, 17046, 18612, 27328, 1009, 600, 621, 259, 19, 17, 53, 90310, 2556, 8, 341, 262, 10276, 703, 3747, 90310, 8582, 11, 348]]","[-0.008805257268249989, -0.006898159626871347, -8.344646857949556e-07, -0.6351191997528076, -2.264974000354414e-06, -3.576278118089249e-07, -0.00015198028995655477, -7.950943836476654e-05, -0.0011868583969771862, 0.0, 0.0, 0.0, 0.0, 0.0, 0.0, 0.0, -0.00015531764074694365, 0.0, -2.50339189733495e-06, -1.1920928244535389e-07, -0.017316343262791634, -0.00012838016846217215, 0.0, 0.0, -0.00011121608258690685, 0.0, 0.0, -0.32629308104515076]",9.834949493408203,False,2.0,-0.9962513826406436,-0.03558040652288013,28.0,-0.01570425135980713,-0.005234750453269044,3.0,1.4303108523399011e-05,1,15,21,2,0.7142857142857143,-1.4377758352125358,-1.024585513411509,True,18,0.6428571428571429,53.0,0.033333333333333326,14.0,2.1273337759675957
~/anvil/data/cve-targets/poppler_repo_poppler_Parser.cc,245,188,287,},```cpp,"```cpp
",2.37890625,"[[73594, 10821, 198]]","[-0.07391218841075897, -2.3841855067985307e-07, -5.483612312673358e-06]",7.067233562469482,False,1.0,-0.07391791044162233,-0.024639303480540775,3.0,-0.07391791044162233,-0.024639303480540775,3.0,0.0012139085992586046,1,2,2,2,1.0,-96.54924912462617,-1.0979897983476798,True,1,0.3333333333333333,6.0,0.0,2.0,1.979114307257533
~/anvil/data/cve-targets/lua_repo_ldebug.c,776,747,794,const Proto *p = ci_func(ci)->p;,"int npci = pcRel(pc, p);","int npci = pcRel(pc, p);
if (npci == 0 ||
",2.03125,"[[396, 2595, 5855, 284, 13312, 6740, 47080, 11, 281, 317, 333, 320, 45383, 72, 621, 220, 15, 8244]]","[-0.06594395637512207, -0.0004220310365781188, 0.0, 0.0, -7.950943836476654e-05, -5.757642793469131e-05, -0.0004663571889977902, 0.0, -0.06841399520635605, -0.002378731733188033, -3.576278118089249e-07, 0.0, -7.867782187531702e-06, 0.0, -1.1920928244535389e-07, -4.6491513785440475e-06, 0.0, -0.10846121609210968]",21.39977264404297,False,2.0,-0.24623636726931153,-0.013679798181628419,18.0,-0.13776215740654152,-0.019680308200934502,7.0,0.0007137302521846722,1,20,22,15,0.9090909090909091,-103.21230639586975,-1.3032125717857692,True,11,0.6111111111111112,23.0,0.4285714285714286,13.0,2.0000135032962114
~/anvil/data/cve-targets/openssl_repo_ssl_statem_statem.c,581,479,620,if (SSL_IS_DTLS(s)) {,```c,"```c
                if (SSL_IS_DTLS(s)) {
                    dt",0.828125,"[[73594, 66, 198, 394, 421, 320, 22594, 12766, 1557, 45439, 1141, 593, 341, 503, 7594]]","[-0.0012223399244248867, -3.576278118089249e-07, -9.536738616588991e-07, -0.814125657081604, -0.9946637153625488, -2.3841855067985307e-07, -0.0062813954427838326, -0.0006000387365929782, -3.2305197237292305e-05, -7.271740287251305e-06, 0.0, -8.344646857949556e-07, -1.1920928244535389e-07, -0.00015162272029556334, -6.6756979322235566e-06]",18.129409790039062,False,2.0,-1.8170935252978992,-0.12113956835319328,15.0,-0.8153493083077024,-0.2038373270769256,4.0,0.12415086399875488,0,15,17,2,0.8823529411764706,-4.062675918466475,-1.2009024955723409,True,9,0.6,21.0,0.0,14.0,1.9987927633904352
~/anvil/data/cve-targets/openssl_repo_crypto_x509_v3_addr.c,1169,1014,1319,#undef validation_err,```,"```
```",5.859375,"[[13874, 3989, 73594, 151645]]","[-0.008978352881968021, -2.3841855067985307e-07, -0.3883472979068756, -0.0009482178138568997]",13.360773086547852,False,1.0,-0.3982741070212512,-0.0995685267553128,4.0,-0.008978591300518701,-0.004489295650259351,2.0,2.0151634829555915e-05,0,4,1,1,4.0,-1305.1880420621214,-1.0659404233901393,True,3,0.75,21.0,0.0,3.0,2.1200214833744266
~/anvil/data/cve-targets/libsndfile_repo_src_ulaw.c,808,653,958,"i2ulaw_array (const int *ptr, int count, unsigned char *buffer)",normfact = (psf->norm_float == SF_TRUE) ? 1.0 / ((float) 0x800,normfact = (psf->norm_float == SF_TRUE) ? 1.0 / ((float) 0x800,1.8955078125,"[[20011, 33110, 284, 320, 1690, 69, 405, 20011, 17586, 621, 23463, 14044, 8, 937, 220, 16, 13, 15, 608, 1781, 3649, 8, 220, 15, 87, 23, 15, 15]]","[-0.8064162731170654, -2.0265558760002023e-06, 0.0, -6.627816765103489e-05, -1.5258672647178173e-05, 0.0, 0.0, -6.05564855504781e-05, -0.00011062010162277147, -0.0010108605492860079, -2.145764938177308e-06, -0.00016330339713022113, -1.311301275563892e-06, 0.0, -0.01880589686334133, -0.05356975644826889, -9.298280929215252e-06, -6.794906312279636e-06, -0.0015334049239754677, -0.011939962394535542, -3.576278118089249e-07, -1.2993727978027891e-05, -0.011310623958706856, -5.4596363042946905e-05, -0.0001445904199499637, -0.0722573846578598, 0.0, -1.7881377516459906e-06]",13.044918060302734,False,0.0,-0.9774960828235066,-0.03491057438655381,28.0,-0.9774960828235066,-0.04249982968797855,23.0,0.02231788226865422,0,25,23,23,1.0869565217391304,-44.60036255242126,-1.057556502238772,True,19,0.6785714285714286,59.0,0.24,28.0,2.262243374170157
