file,masked_line_no,cntx_start,cntx_end,masked_line,prediction,whole_prediction,loss,generated_tokens,log_prob_scores,first_token_var,exact_match,num_generated_lines,log_seq_prob,normalized_seq_prob,generated_token_length,log_seq_prob_first_line,normalized_log_seq_prob_first_line,first_line_length,seq_prob_first_line_var,vul_label,mask_ast_complexity,pred_ast_complexity,first_line_pred_ast_complexity,mask_pred_ast_ratio,loss_to_pred_ratio,scaled_first_token_var,neg_exact_match,masked_line_token_length,length_ratio,lev_dist,lev_ratio,ast_dist,new_score
~/anvil/data/cve-targets/openssl_repo_crypto_pkcs7_pk7_doit.c,331,307,546,const char *propq;,OSSL_LIB_CTX *libctx;,"    OSSL_LIB_CTX *libctx;
   ",1.8326927423477173,"[[262, 506, 22594, 26207, 44233, 353, 2740, 3773, 280, 262]]","[-0.025467440485954285, -1.662958025932312, -0.004970218520611525, -1.5615133047103882, -0.0017287085065618157, -0.018778521567583084, -0.20623621344566345, -0.006757857743650675, -0.6338387727737427, -0.0206089336425066]",8.941144943237305,False,1.0,-4.142857997328974,-0.4142857997328974,10.0,-4.142857997328974,-0.4142857997328974,10.0,0.3933210235494292,1,9,7,7,1.2857142857142858,-4.423740189814157,-1.0653379515287973,True,6,0.6,18.0,0.15384615384615385,4.0,2.0344410091648206
~/anvil/data/cve-targets/lua_repo_ldo.c,330,309,331,L->oldpc = ci->previous->u.l.savedpc;,ci->previous->u.l.oldpc = ci->func;  /* set 'oldpc' */,"    ci->previous->u.l.oldpc = ci->func;  /* set 'oldpc' */
",1.0388822555541992,"[[262, 11825, 405, 19702, 405, 84, 918, 46061, 3992, 284, 11825, 405, 2830, 26, 220, 1391, 738, 364, 813, 3992, 6, 735]]","[-0.08369597047567368, -1.1283279657363892, -0.012212736532092094, -0.5496320128440857, -0.49614131450653076, -1.5342426300048828, -0.7779715657234192, -1.2622363567352295, -0.011573907919228077, -0.25820913910865784, -0.48617398738861084, -0.012152912095189095, -1.0513269901275635, -0.6457313299179077, -0.17851227521896362, -0.002870251191779971, -1.6120870113372803, -0.8854907751083374, -0.011983545497059822, -0.016522955149412155, -0.014125015586614609, -0.35494887828826904]",6.379340171813965,False,1.0,-11.386169526493177,-0.5175531602951444,22.0,-11.386169526493177,-0.5175531602951444,22.0,0.26613349169291983,1,22,23,23,0.9565217391304348,-2.0072957432271443,-1.0007533286917258,True,14,0.6363636363636364,38.0,0.5054945054945055,12.0,2.3424527226957714
~/anvil/data/cve-targets/libxml2_repo_HTMLparser.c,3862,3808,3891,},},"    }
   ",3.090871810913086,"[[262, 456, 262]]","[-0.022088928148150444, -0.10234325379133224, -0.013536333106458187]",9.73281192779541,True,1.0,-0.13796851504594088,-0.045989505015313625,3.0,-0.13796851504594088,-0.045989505015313625,3.0,0.0016000636475465065,0,2,2,2,1.0,-67.20819912899442,-1.086632808950342,False,1,0.3333333333333333,0.0,1.0,0.0,1.0162635994622669
~/anvil/data/cve-targets/libpng_repo_png.c,2441,2368,2463,goto PNG_FP_End; /* not a part of the number */,goto PNG_FP_End;,            goto PNG_FP_End;,0.2563775777816772,"[[310, 7986, 41639, 70981, 49953, 26, 151643]]","[-0.03045498952269554, -0.0241963230073452, -0.0010418231831863523, -5.6980417866725475e-05, -0.001740013831295073, -0.127742201089859, -0.6442106366157532]",6.607812881469727,False,0.0,-0.8294429676680011,-0.11849185252400016,7.0,-0.1852323310522479,-0.03087205517537465,6.0,0.002019441986520523,0,6,5,5,1.2,-8.304519291808564,-1.0049710877198925,True,13,1.8571428571428572,31.0,0.5079365079365079,1.0,2.054530437110209
~/anvil/data/cve-targets/php_repo_ext_phar_phar.c,901,632,1125,"PHAR_GET_32(buffer, manifest_flags);",if (alias) {,"	if (alias) {
		if (alias_len) {
			/* if we have",1.1034612655639648,"[[743, 320, 14956, 8, 341, 197, 743, 320, 14956, 6043, 8, 341, 298, 197, 1057, 421, 582, 614]]","[-0.642964780330658, -0.22400806844234467, -1.644106149673462, -1.0001190900802612, -0.00956712570041418, -0.0023292573168873787, -1.2093921899795532, -0.31587591767311096, -1.408875823020935, -0.060333315283060074, -0.7702174186706543, -0.006557375658303499, -0.004157828167080879, -1.2266653776168823, -0.6402739882469177, -2.033846378326416, -1.0230023860931396, -0.32104402780532837]",2.0659725666046143,False,2.0,-12.54333649808541,-0.6968520276714116,18.0,-3.5230944715440273,-0.5871824119240046,6.0,0.3497173992177424,1,11,18,10,0.6111111111111112,-1.8792478166167879,-1.1147021455753823,True,11,0.6111111111111112,30.0,0.29166666666666663,10.0,1.781522621634225
~/anvil/data/cve-targets/sqlite3_repo_src_build.c,3400,3379,3404,p->nKeyCol = nCol - 1;,p->nExtra = nExtra;,    p->nExtra = nExtra;,1.374972939491272,"[[262, 281, 405, 77, 11612, 284, 308, 11612, 26, 151643]]","[-0.05488027259707451, -0.34569451212882996, -0.015569092705845833, -0.3385009765625, -0.39048197865486145, -0.12345843017101288, -0.1435413807630539, -0.003803164465352893, -0.500522255897522, -0.3451119363307953]",7.934722900390625,False,0.0,-2.2615640002768487,-0.22615640002768486,10.0,-1.9164520639460534,-0.21293911821622816,9.0,0.029790390616887867,0,13,10,10,1.3,-6.457117654141224,-1.0388678590484428,True,12,1.2,13.0,0.4390243902439024,5.0,2.130414836001738
~/anvil/data/cve-targets/poppler_repo_fofi_FoFiType1C.cc,769,741,1040,if (charset[i] >= nCIDs) {,if (codeMap[i] >= 0 && codeMap[i] < nGlyph,            if (codeMap[i] >= 0 && codeMap[i] < nGlyph,1.020177960395813,"[[310, 421, 320, 1851, 2227, 989, 60, 2604, 220, 15, 1009, 2038, 2227, 989, 60, 366, 308, 82039]]","[-0.030921461060643196, -0.16687346994876862, -0.030303727835416794, -1.3331791162490845, -0.012095792219042778, -0.678406834602356, -0.026504207402467728, -0.18966665863990784, -0.01735629513859749, -0.0024559118319302797, -0.1019851565361023, -0.01122658047825098, -1.6093124941107817e-05, -0.000248043768806383, -0.0003300360403954983, -0.010299744084477425, -0.36122527718544006, -0.047784850001335144]",11.040972709655762,False,0.0,-3.020879256147964,-0.16782662534155357,18.0,-3.020879256147964,-0.16782662534155357,18.0,0.10782608207287522,0,18,23,23,0.782608695652174,-6.0787610924046795,-1.1227575621713886,True,11,0.6111111111111112,29.0,0.4117647058823529,15.0,1.8201811224573128
~/anvil/data/cve-targets/php_repo_ext_phar_phar.c,2299,2285,2321,"written = php_stream_write(newfile, ZSTR_VAL(newstub), phar->halt_offset);",if (newstub) {,"			if (newstub) {
				spprintf(error, 0, ""unable to create stub in new phar \""%s\"""", phar->fname",0.7734304070472717,"[[298, 743, 320, 931, 59398, 8, 341, 571, 1903, 602, 1586, 69, 6390, 11, 220, 15, 11, 330, 45928, 311, 1855, 13633, 304, 501, 1319, 277, 32328, 82, 55853, 1319, 277, 405, 23993]]","[-0.23656868934631348, -0.8478457927703857, -0.2750571668148041, -1.2063716650009155, -0.014040384441614151, -0.32517942786216736, -0.03648773953318596, -0.0015357855008915067, -0.8849565982818604, -0.027940385043621063, -0.00013469743134919554, -0.00011789103882620111, -0.07420465350151062, -0.00258516613394022, -0.011970588006079197, -0.0013713965890929103, -0.009226541966199875, -0.040026504546403885, -0.1363082230091095, -0.0025101364590227604, -0.22517910599708557, -0.099821075797081, -0.5473020076751709, -0.12367208302021027, -0.007457631640136242, -7.86750388215296e-05, -0.011212434619665146, -0.00040391870425082743, -0.03281182795763016, -0.014188013039529324, -3.9219088648678735e-05, -0.00019834458362311125, -0.00159172632265836]",8.503862380981445,False,1.0,-5.198395496761805,-0.15752713626550924,33.0,-2.943086651270278,-0.3678858314087847,8.0,0.16629361238668294,0,24,25,10,0.96,-2.102365301989184,-1.0537550367401616,True,20,0.6060606060606061,61.0,0.2954545454545454,20.0,2.1285427274377535
~/anvil/data/cve-targets/libsndfile_repo_src_alaw.c,163,98,274,"0xb3, 0xb3, 0xb3, 0xb3, 0xb3, 0xb3, 0xb3, 0xb3, 0xb3, 0xb3, 0xb3, 0xb3,","0xb3, 0xb3, 0xb3, 0xb3, 0xb3, 0xb3, 0xb3, 0xb3, 0xb3, 0xb3, 0xb3, 0xb3,","	0xb3, 0xb3, 0xb3, 0xb3, 0xb3, 0xb3, 0xb3, 0xb3, 0xb3, 0xb3, 0xb3, 0xb3,
	0xb3, 0xb3, 0xb3, 0xb3, 0xb3, 0xb3,",0.1236690282821655,"[[197, 15, 7929, 18, 11, 220, 15, 7929, 18, 11, 220, 15, 7929, 18, 11, 220, 15, 7929, 18, 11, 220, 15, 7929, 18, 11, 220, 15, 7929, 18, 11, 220, 15, 7929, 18, 11, 220, 15, 7929, 18, 11, 220, 15, 7929, 18, 11, 220, 15, 7929, 18, 11, 220, 15, 7929, 18, 11, 220, 15, 7929, 18, 345, 197, 15, 7929, 18, 11, 220, 15, 7929, 18, 11, 220, 15, 7929, 18, 11, 220, 15, 7929, 18, 11, 220, 15, 7929, 18, 11, 220, 15, 7929, 18, 11]]","[-0.0029295645654201508, -0.0009110590908676386, -0.10969974845647812, -1.573603630065918, -0.00016902448260225356, -0.00017927470616996288, -2.6225699912174605e-05, -0.0007033258443698287, -0.0005644158809445798, -0.00012683063687290996, -7.784063927829266e-05, -2.407998726994265e-05, -0.0006560318870469928, -0.0003980797773692757, -0.0001820160250645131, -9.333651541965082e-05, -2.2053474822314456e-05, -0.00017331528943032026, -0.00020549570035655051, -0.0005858612130396068, -0.0002522150462027639, -3.838465272565372e-05, -0.0014077048981562257, -0.0037111237179487944, -0.00023135847004596144, -5.721882189391181e-05, -1.2993727978027891e-05, -6.341733387671411e-05, -0.0001554368354845792, -0.000554288737475872, -0.00016234986833296716, -2.3483953555114567e-05, -9.30981186684221e-05, -0.00020823694649152458, -0.0005413020844571292, -0.0001551984460093081, -3.45700973412022e-05, -0.00014256415306590497, -0.00031144535751082003, -0.0013298486592248082, -0.0002488780301064253, -5.018585216021165e-05, -0.0007292948430404067, -0.005763341672718525, -0.0012871085200458765, -0.00014065706636756659, -3.0397906812140718e-05, -0.00048351517762057483, -0.002434863243252039, -0.0005018643569201231, -8.368142152903602e-05, -2.4199192921514623e-05, -0.00020346954988781363, -0.0005497612874023616, -0.0013450870756059885, -0.00026675479602999985, -2.8490614567999728e-05, -0.0001380348257953301, -0.00025006983196362853, -0.014423632994294167, -0.00034767304896377027, -0.00012838016846217215, -0.0009713222389109433, -0.0038056583143770695, -0.00029523781267926097, -9.703165414975956e-05, -2.1457441107486375e-05, -7.188061863416806e-05, -0.00031251792097464204, -0.0002329078270122409, -8.83301836438477e-05, -2.1576648578047752e-05, -8.892617915989831e-05, -0.00019369633810129017, -0.0003250309091527015, -8.21318244561553e-05, -1.811964830267243e-05, -7.30726242181845e-05, -0.00013755806139670312, -0.0003771070914808661, -0.0002445875434204936, -6.437094270950183e-05, -0.0018358058296144009, -0.038089267909526825, -0.00022349244682118297, -6.23445157543756e-05, -1.3828182090946939e-05, -4.7205765440594405e-05, -0.000144709600135684, -0.0003023882454726845]",8.671701431274414,True,1.0,-1.778518355658889,-0.019761315062876546,90.0,-1.7301484111731043,-0.028363088707755807,61.0,0.03999134914130679,0,25,37,25,0.6756756756756757,-4.360210185724538,-1.0581858571631766,False,59,0.6555555555555556,0.0,1.0,0.0,1.048188979715614
~/anvil/data/cve-targets/php_repo_ext_phar_util.c,1445,1252,1478,PHP_MD5_CTX   context;,PHP_MD5_CTX context;,			PHP_MD5_CTX context;,0.0882955715060234,"[[298, 10025, 6610, 46497, 20, 44233, 2266, 26, 151643]]","[-0.04122871160507202, -0.024058660492300987, -0.0008453133050352335, -0.005113024730235338, -0.0018267625709995627, -0.0032387918327003717, -0.6495594382286072, -0.6947199702262878, -0.65972501039505]",8.350001335144043,False,0.0,-2.0803156833862886,-0.23114618704292095,9.0,-1.4205906729912385,-0.17757383412390482,8.0,0.08182785981439569,1,5,5,5,1.0,-0.49723300700042233,-1.0497095260093634,True,7,0.7777777777777778,2.0,0.9523809523809523,0.0,1.8498398310494117
~/anvil/data/cve-targets/libsndfile_repo_src_ulaw.c,830,823,835,if (ptr [i] >= 0),if (normfact == 1.0),		if (normfact == 1.0),0.5252055525779724,"[[197, 743, 320, 20011, 33110, 621, 220, 16, 13, 15, 8, 151662]]","[-0.04894065111875534, -0.02332499250769615, -0.0802290216088295, -1.2599384784698486, -0.0043434808030724525, -1.376050353050232, -0.08821991831064224, -0.4533100426197052, -0.31373143196105957, -0.014747651293873787, -0.698719322681427, -0.9223958253860474]",6.542535305023193,False,0.0,-5.283951169811189,-0.44032926415093243,12.0,-4.361555344425142,-0.39650503131137654,11.0,0.23282745952965744,1,17,12,12,1.4166666666666667,-1.3245873598146778,-1.0033323732997745,True,10,0.8333333333333334,10.0,0.5405405405405406,8.0,2.21672039417493
~/anvil/data/cve-targets/libxml2_repo_parser.c,11751,11731,11756,},},"	}
       ",2.323634386062622,"[[197, 532, 286]]","[-0.6042941808700562, -0.2202029675245285, -0.5752070546150208]",7.457639217376709,True,1.0,-1.3997042030096054,-0.46656806766986847,3.0,-1.3997042030096054,-0.46656806766986847,3.0,0.030488891437107757,1,2,2,2,1.0,-4.980268790505324,-1.026550785886268,False,1,0.3333333333333333,0.0,1.0,0.0,1.1620760293058336
~/anvil/data/cve-targets/libsndfile_repo_src_common.c,356,201,506,**		1	- single byte value,**		f   - float data,"**		f   - float data
**		d   -",0.9878122806549072,"[[334, 197, 1166, 256, 481, 2224, 821, 198, 334, 197, 2698, 256, 481]]","[-0.13205459713935852, -0.09838799387216568, -2.3383710384368896, -0.2252078354358673, -0.001086479052901268, -1.0333421230316162, -1.0002567768096924, -0.47427284717559814, -0.06399304419755936, -0.01964680664241314, -0.29315319657325745, -0.1386994570493698, -0.0003240775258745998]",9.726388931274414,False,1.0,-5.8187962729425635,-0.44759971330327414,13.0,-5.302979690954089,-0.6628724613692611,8.0,0.5404828216202495,0,11,16,9,0.6875,-1.4901996058403675,-1.0864583369898397,True,9,0.6923076923076923,16.0,0.4444444444444444,5.0,1.8781525411461313
~/anvil/data/cve-targets/libsndfile_repo_src_ulaw.c,808,653,958,"i2ulaw_array (const int *ptr, int count, unsigned char *buffer)","i2ulaw_array (const int *ptr, int count, unsigned char *buffer)","i2ulaw_array (const int *ptr, int count, unsigned char *buffer)",0.0664219632744789,"[[72, 17, 360, 672, 3858, 320, 1024, 526, 353, 3505, 11, 526, 1760, 11, 3774, 1161, 353, 7573, 8, 151662]]","[-0.6794664263725281, -9.810443589231e-05, -0.007518802769482136, -8.34461570775602e-06, -0.0008448368753306568, -0.018651576712727547, -0.07568561285734177, -0.009854004718363285, -0.0011794761521741748, -0.00019059749320149422, -0.00011634149996098131, -0.000644237850792706, -0.0005590544897131622, -0.0011064843274652958, -0.0027954806573688984, -0.00014232576359063387, -0.0007921895012259483, -8.856858039507642e-05, -0.4525917172431946, -0.1781483292579651]",5.686806201934815,True,0.0,-1.4304825121744216,-0.07152412560872108,20.0,-1.2523341829164565,-0.0659123254166556,19.0,0.031063791723198543,0,25,25,25,1.0,-1.0077320570106074,-1.0182305788816823,False,19,0.95,0.0,1.0,0.0,1.1970781737161769
~/anvil/data/cve-targets/lua_repo_ldebug.c,784,747,794,L->oldpc = pc;,},"  }
  if (mask & LUA_MASKCOUNT) {
",0.3037528693675995,"[[220, 456, 220, 421, 320, 11258, 609, 70505, 11720, 38143, 8, 341]]","[-0.6529226899147034, -0.48724663257598877, -0.012489321641623974, -0.43118220567703247, -0.1343405395746231, -0.8708798289299011, -0.0024170251563191414, -0.06424259394407272, -0.0033034298103302717, -0.09974642097949982, -0.04038114845752716, -0.5020323991775513]",6.398611068725586,False,2.0,-3.301184235839173,-0.2750986863199311,12.0,-1.1526586441323161,-0.38421954804410535,3.0,0.07366643993983689,1,10,11,2,0.9090909090909091,-0.7905710964313848,-1.000271309457057,True,7,0.5833333333333334,14.0,0.0,9.0,2.123700450327169
~/anvil/data/cve-targets/libpng_repo_png.c,4019,4006,4022,"(void)png_safe_execute(image, png_image_free_function, image);","png_safe_execute(image->opaque->error_buf, image->opaque->error, 0);","      png_safe_execute(image->opaque->error_buf, image->opaque->error, 0);
      image->opaque",1.3271807432174685,"[[414, 36151, 34067, 44329, 10075, 405, 95480, 405, 841, 10363, 11, 2168, 405, 95480, 405, 841, 11, 220, 15, 317, 414, 2168, 405, 95480]]","[-0.13144226372241974, -1.126685619354248, -0.3613743782043457, -0.025796497240662575, -1.2012605667114258, -0.2024148404598236, -0.19142280519008636, -0.1927553117275238, -0.8563410639762878, -0.9585882425308228, -0.5294537544250488, -1.57427978515625, -0.39538395404815674, -0.03866402059793472, -0.4448244571685791, -0.4801532030105591, -2.1312496662139893, -1.2224537134170532, -0.2852407395839691, -0.8816173076629639, -0.3903549909591675, -0.8725892901420593, -0.0020214139949530363, -0.0015938685974106193]",2.7770836353302,False,1.0,-14.49796175409574,-0.6040817397539892,24.0,-13.621757181361318,-0.6486551038743484,21.0,0.2945077894780536,1,18,31,25,0.5806451612903226,-2.046049950567502,-1.0950603309341238,True,14,0.5833333333333334,44.0,0.5692307692307692,19.0,1.9631308496336322
~/anvil/data/cve-targets/php_repo_ext_exif_exif.c,3994,3941,4007,} else {,} else {,"				} else {
					ex",0.56842041015625,"[[571, 197, 92, 770, 341, 464, 8122]]","[-0.01404391136020422, -0.00010775939153973013, -0.002753992099314928, -0.00045217780279926956, -0.22612866759300232, -0.0020124914590269327, -0.004857880994677544]",7.977473735809326,True,1.0,-0.25035688070056494,-0.035765268671509275,7.0,-0.2454989997058874,-0.04091649995098123,6.0,0.0068830494359092475,0,4,5,4,0.8,-13.89220512109366,-1.0399787643158989,False,3,0.42857142857142855,0.0,1.0,0.0,0.9313691389905908
~/anvil/data/cve-targets/php_repo_ext_phar_util.c,379,288,436,},},"		}
	",2.9319827556610107,"[[197, 197, 532, 197]]","[-0.10126083344221115, -0.0009757286752574146, -0.05068851262331009, -0.0010518262861296535]",15.568099975585938,True,1.0,-0.1539769010269083,-0.03849422525672708,4.0,-0.1539769010269083,-0.03849422525672708,4.0,0.0017244796434740068,0,2,2,2,1.0,-76.16682076615194,-1.257299227257633,False,1,0.25,0.0,1.0,0.0,0.3340514508292368
~/anvil/data/cve-targets/libsndfile_repo_src_ulaw.c,829,823,835,{,{	if,	{	if,0.3529110550880432,"[[197, 90, 743]]","[-0.02408682182431221, -0.3692110776901245, -1.299122929573059]",4.722916603088379,False,0.0,-1.6924208290874958,-0.5641402763624986,3.0,-1.6924208290874958,-0.5641402763624986,3.0,0.28995154225803926,1,2,3,3,0.6666666666666666,-0.6255732304092285,-1.0430651460221383,True,1,0.3333333333333333,3.0,0.4,1.0,1.8719312057805118
~/anvil/data/cve-targets/sqlite3_repo_src_expr.c,5070,5063,5075,"Expr *pCopy = sqlite3ExprDup(db, pExpr, 0);","Expr *pCopy = sqlite3ExprDup(db, pExpr);","  Expr *pCopy = sqlite3ExprDup(db, pExpr);",0.2107672989368438,"[[220, 28819, 353, 79, 12106, 284, 22003, 18, 16041, 85713, 9791, 11, 281, 16041, 1215, 151643]]","[-0.2116898149251938, -0.13189516961574554, -0.11733280122280121, -0.011231648735702038, -0.00965520553290844, -0.40219846367836, -0.10307066142559052, -0.0018650771817192435, -0.2411099672317505, -0.23682290315628052, -0.24509719014167786, -0.10695724189281464, -0.027441205456852913, -0.0074113658629357815, -0.6259189248085022, -0.023914577439427376]",8.277083396911621,False,0.0,-2.5036122183082625,-0.1564757636442664,16.0,-2.479697640868835,-0.16531317605792234,15.0,0.02779821736342227,0,19,17,17,1.1176470588235294,-1.2749576528793765,-1.047797702756936,True,17,1.0625,3.0,0.963855421686747,2.0,2.0304072194890206
~/anvil/data/cve-targets/libtiff_repo_libtiff_tif_pixarlog.c,213,160,226,},},"	    }
	",2.3109326362609863,"[[2760, 456, 197]]","[-0.04034966230392456, -0.1891142725944519, -0.011453117243945599]",8.840971946716309,True,1.0,-0.24091705214232206,-0.08030568404744069,3.0,-0.24091705214232206,-0.08030568404744069,3.0,0.006058822856863623,0,2,2,2,1.0,-28.77670072389645,-1.062673337078794,False,1,0.3333333333333333,0.0,1.0,0.0,1.020080687739486
~/anvil/data/cve-targets/openssl_repo_ssl_t1_lib.c,1141,1129,1192,if (clu->amask & s->s3.tmp.new_cipher->algorithm_auth) {,if (clu != NULL) {,"                if (clu != NULL) {
                    if (clu->privatekey != NULL) {
                        idx = i;
                        break;
                    }
",1.5465589761734009,"[[394, 421, 320, 564, 84, 961, 1770, 8, 341, 503, 421, 320, 564, 84, 405, 1996, 792, 961, 1770, 8, 341, 664, 7187, 284, 600, 280, 664, 1438, 280, 503, 456]]","[-0.07731246203184128, -0.03572633117437363, -0.032383859157562256, -0.07347886264324188, -3.2066785934148356e-05, -0.5070055723190308, -0.0021488212514668703, -0.804042637348175, -0.20851315557956696, -0.005353519227355719, -1.0004041194915771, -0.15498030185699463, -0.7249278426170349, -3.766942609217949e-05, -0.009033051319420338, -1.7434799671173096, -0.04942944273352623, -0.4245111048221588, -0.008202319033443928, -0.5015252828598022, -0.23693230748176575, -0.003711242461577058, -0.6783385872840881, -0.00301276333630085, -0.36120036244392395, -0.02142125926911831, -0.012843272648751736, -0.007731158286333084, -0.004293153528124094, -0.00013636612857226282, -0.0136167723685503]",9.115625381469728,False,5.0,-7.705765634033014,-0.2485730849688069,31.0,-1.7459972875185485,-0.17459972875185487,10.0,0.06559010200269469,0,28,39,14,0.717948717948718,-8.857739855778389,-1.0699951172646118,True,20,0.6451612903225806,45.0,0.32432432432432434,17.0,2.199432800628494
~/anvil/data/cve-targets/sqlite3_repo_src_resolve.c,301,220,632,if( zTab ){,if( pTab->zName==,        if( pTab->zName==,1.0984199047088623,"[[286, 421, 7, 281, 8582, 405, 89, 675, 418]]","[-0.08455418050289154, -0.48970741033554077, -0.0013185387942939997, -1.146795392036438, -1.0452314615249634, -0.3123759925365448, -0.8705816864967346, -0.11959940940141678, -0.7010764479637146]",6.24930477142334,False,0.0,-4.7712405195925385,-0.530137835510282,9.0,-4.7712405195925385,-0.530137835510282,9.0,0.16516681016886253,0,10,8,8,1.25,-2.071951540020875,-1.0040119565288037,True,5,0.5555555555555556,10.0,0.5,8.0,2.2002354636359907
~/anvil/data/cve-targets/lua_repo_ldebug.c,355,326,359,"if (strchr(what, 'L'))",if (cl) {,  if (cl) {,0.6995517611503601,"[[220, 421, 320, 564, 8, 314, 151662]]","[-0.052862633019685745, -0.3811476528644562, -0.08308850228786469, -0.5678517818450928, -0.6285738945007324, -0.8504735231399536, -1.0463536977767944]",6.949478149414063,False,0.0,-3.61035168543458,-0.5157645264906543,7.0,-2.5639979876577854,-0.42733299794296425,6.0,0.08335945737255325,0,19,10,10,1.9,-1.6370178865609828,-1.0135919463040444,True,10,1.4285714285714286,16.0,0.3870967741935484,14.0,2.2195158692420094
~/anvil/data/cve-targets/libsndfile_repo_src_alaw.c,327,320,332,if (ptr [i] >= 0),if (psf_lrint (normfact * ptr [i]) <,		if (psf_lrint (normfact * ptr [i]) <,0.5322257280349731,"[[197, 743, 320, 1690, 69, 907, 1586, 320, 20011, 33110, 353, 10087, 508, 72, 2467, 366]]","[-0.0441909097135067, -0.020507682114839554, -0.08658546954393387, -1.391265869140625, -0.009098143316805363, -0.500001847743988, -0.0088453134521842, -0.46465834975242615, -0.03175894543528557, -0.000521523819770664, -0.33072981238365173, -0.011896494776010513, -0.0019823915790766478, -0.0005009111482650042, -0.035955894738435745, -1.105916142463684]",6.487672805786133,False,0.0,-4.044415701122489,-0.25277598132015555,16.0,-4.044415701122489,-0.25277598132015555,16.0,0.17025690130068294,1,17,18,18,0.9444444444444444,-2.1055233383146406,-1.0019571835555683,True,10,0.625,26.0,0.4528301886792453,11.0,2.2228754314089465
~/anvil/data/cve-targets/php_repo_ext_standard_http_fopen_wrapper.c,625,564,637,if (tmp_line[tmp_line_len - 1] == '\r') {,} else {,"			} else {
				if (tmp_line_len > 0) {",0.2558165788650512,"[[298, 197, 92, 770, 341, 571, 743, 320, 5173, 6528, 6043, 861, 220, 15, 8, 314, 151662]]","[-0.3547731637954712, -0.0003685271949507296, -0.6997246742248535, -0.003958248998969793, -0.23129117488861084, -0.0004633783537428826, -0.7764270901679993, -0.1747707575559616, -0.1695028692483902, -0.00046266341814771295, -0.36553242802619934, -0.8292875289916992, -0.026169229298830032, -0.8336362242698669, -0.140910342335701, -0.08334199339151382, -0.530268132686615]",10.80121612548828,False,1.0,-5.220888426847523,-0.30711108393220726,17.0,-1.290579167456599,-0.21509652790943315,6.0,0.06523185756744136,1,24,13,4,1.8461538461538463,-1.1893105916277893,-1.1160479776487888,True,16,0.9411764705882353,35.0,0.24489795918367352,22.0,1.8268527351603265
~/anvil/data/cve-targets/libtiff_repo_libtiff_tif_jbig.c,71,39,108,{,{,	{,0.1165012195706367,"[[197, 90, 151664]]","[-0.04277321323752403, -0.11659012734889984, -0.6400855779647827]",4.07656192779541,True,0.0,-0.7994489185512066,-0.2664829728504022,3.0,-0.15936334058642387,-0.07968167029321194,2.0,0.0013622342022315582,0,2,2,2,1.0,-1.462083050492497,-1.0600568101643968,False,1,0.3333333333333333,0.0,1.0,0.0,0.7787245533162761
~/anvil/data/cve-targets/libxml2_repo_parser.c,9750,9665,9759,"int m_tmp = xmlSwitchToEncoding(ctxt, handler);",xmlFree((xmlChar *) encoding);,		xmlFree((xmlChar *) encoding);,3.371788501739502,"[[197, 48460, 10940, 1188, 6455, 4768, 2586, 11170, 1215, 151643]]","[-0.22493666410446167, -0.9954934120178223, -0.5257782936096191, -0.07566782087087631, -0.008381430059671402, -0.0010371787939220667, -0.005083018448203802, -0.5883325338363647, -0.5797324180603027, -0.9264321327209473]",5.101388931274414,False,0.0,-3.9308749025221914,-0.3930874902522191,10.0,-3.004442769801244,-0.3338269744223605,9.0,0.11145889309049295,1,15,16,16,0.9375,-10.100407576631268,-1.0332424073823283,True,13,1.3,34.0,0.36363636363636365,14.0,2.4039130551277075
~/anvil/data/cve-targets/poppler_repo_poppler_FileSpec.cc,118,88,122,},embFile,        embFile,1.0902774333953855,"[[286, 7967, 1703]]","[-0.6908193826675415, -0.8951302170753479, -0.018552349880337715]",9.255035400390623,False,0.0,-1.6045019496232271,-0.5348339832077423,3.0,-1.6045019496232271,-0.5348339832077423,3.0,0.14023051529834205,1,2,2,2,1.0,-2.0385343258412503,-1.0737308244092767,True,1,0.3333333333333333,7.0,0.0,1.0,1.837142868537824
~/anvil/data/cve-targets/poppler_repo_poppler_JPEG2000Stream.cc,256,202,276,const int componentPixels = priv->image->comps[component].w * priv->image->comps[component].h;,if (priv->image->comps[component].data == nullptr) {,"            if (priv->image->comps[component].data == nullptr) {
                close();
                break;
            }
            if (priv->image->comps[component].prec > 8)
",0.7637911438941956,"[[310, 421, 320, 11887, 405, 1805, 405, 874, 1690, 58, 8571, 936, 691, 621, 6827, 8, 341, 394, 3265, 543, 394, 1438, 280, 310, 456, 310, 421, 320, 11887, 405, 1805, 405, 874, 1690, 58, 8571, 936, 10645, 861, 220, 23, 340]]","[-0.031065231189131737, -0.8822153806686401, -0.12397457659244537, -0.3042827546596527, -8.999896090244874e-05, -0.16684935986995697, -0.001046586548909545, -0.11801274120807648, -0.00010525626566959545, -0.001029200037010014, -0.011887541972100735, -0.0046304380521178246, -0.7124536633491516, -0.7587969303131104, -0.07993423938751221, -0.47900819778442383, -0.23948845267295837, -0.0013528252020478249, -0.07118962705135345, -0.0012223399244248867, -0.0023651740048080683, -0.013474234379827976, -0.0008936702506616712, -0.00031680811662226915, -0.6387578845024109, -0.0937441885471344, -1.1390619277954102, -0.08762872964143753, -0.47777214646339417, -8.177422569133341e-05, -0.24881987273693085, -0.000856747676152736, -0.15538063645362854, -0.00015233787416946143, -0.000621840707026422, -0.019055752083659172, -0.003086566925048828, -1.0852477550506592, -0.8890096545219421, -0.028430046513676643, -0.06997635960578918, -0.6060003042221069]",6.888193607330322,False,5.0,-9.549369754007785,-0.22736594652399486,42.0,-3.9162233747338178,-0.21756796526298988,18.0,0.08075947218058574,1,41,63,28,0.6507936507936508,-3.5105864182300315,-1.0120401973781428,True,27,0.6428571428571429,59.0,0.4931506849315068,28.0,2.4829165676669387
~/anvil/data/cve-targets/libtiff_repo_libtiff_tif_predict.c,319,311,328,tmsize_t wc = cc / 2;,uint16_t* wp0 = (uint16_t*) cp0,	uint16_t* wp0 = (uint16_t*) cp0,0.6598454713821411,"[[8254, 16, 21, 528, 9, 12609, 15, 284, 320, 2496, 16, 21, 528, 3764, 12490, 15]]","[-1.3460373878479004, -0.25636306405067444, -6.246371776796877e-05, -0.0008010039455257356, -0.43480026721954346, -0.6704826354980469, -1.0953954458236694, -0.07053329795598984, -0.30806875228881836, -0.015627775341272354, -0.0005610798834823072, -9.250213042832911e-05, -4.053033626405522e-05, -0.0646854117512703, -0.9340362548828125, -0.004709817469120026]",1.9376733303070068,False,0.0,-5.202297690142586,-0.32514360563391165,16.0,-5.202297690142586,-0.32514360563391165,16.0,0.18758067947486007,1,11,17,17,0.6470588235294118,-2.029397041641593,-1.118283271551197,True,11,0.6875,23.0,0.34615384615384615,13.0,1.7167404605872736
~/anvil/data/cve-targets/openssl_repo_crypto_asn1_tasn_enc.c,523,454,567,case V_ASN1_NEG_INTEGER:,break;,"        break;
    case V_ASN1_OCTET_STRING",0.8892801403999329,"[[286, 1438, 280, 262, 1142, 647, 1566, 18966, 16, 2232, 1162, 1348, 12283]]","[-0.11397454887628555, -0.5726439952850342, -0.11668168008327484, -0.00600782735273242, -0.02302517741918564, -0.0001760566228767857, -0.00023064337437972426, -0.0001081169830285944, -6.532455881824717e-05, -2.2602639198303223, -0.006322619505226612, -0.0033620046451687813, -0.0500207357108593]",9.563366889953612,False,1.0,-3.152882650247193,-0.24252943463439947,13.0,-0.809308051597327,-0.20232701289933175,4.0,0.04770429274726239,1,5,8,4,0.625,-4.395261550381294,-1.082039431446257,True,8,0.6153846153846154,23.0,0.06666666666666665,4.0,1.8158688222542487
~/anvil/data/cve-targets/openssl_repo_ssl_statem_statem.c,454,444,456,return 0;,return 0;,"        return 0;
    memcpy",0.5922777056694031,"[[286, 470, 220, 15, 280, 262, 19797]]","[-0.04430028423666954, -0.4058341979980469, -0.23720034956932068, -0.025386670604348183, -0.327364057302475, -0.01156012061983347, -0.8476222157478333]",4.947222232818604,True,1.0,-1.899267896078527,-0.2713239851540753,7.0,-1.0516456803306937,-0.1752742800551156,6.0,0.024424470539599643,1,5,8,5,0.625,-3.3791478446418908,-1.0372323807221815,False,4,0.5714285714285714,0.0,1.0,0.0,0.9561525677212146
~/anvil/data/cve-targets/sqlite3_repo_src_select.c,5799,5644,5949,** Deallocate a single AggInfo object,** Return true if the pThis entry of pTabList is,** Return true if the pThis entry of pTabList is,2.324926853179932,"[[334, 3411, 830, 421, 279, 281, 1986, 4343, 315, 281, 8582, 852, 374]]","[-0.16761784255504608, -2.5805463790893555, -1.1648690700531006, -0.052131474018096924, -0.5093958377838135, -1.338184118270874, -1.8282383680343628, -0.3788812756538391, -0.06601203233003616, -0.06287052482366562, -0.031803060322999954, -0.0056174276396632195, -0.10325721651315689]",5.893229961395264,False,0.0,-8.28942462708801,-0.6376480482375393,13.0,-8.28942462708801,-0.6376480482375393,13.0,0.6398046385993763,0,8,12,12,0.6666666666666666,-3.6460973410112922,-1.0129894396070473,True,9,0.6923076923076923,36.0,0.3529411764705882,9.0,2.2831681489823223
~/anvil/data/cve-targets/sqlite3_repo_src_pragma.c,1587,1460,1707,"sqlite3ExprCodeGetColumnOfTable(v, pTab, iDataCur, j, 3);",if( pTab->aCol[j].notNull==0 ) continue;,"          if( pTab->aCol[j].notNull==0 ) continue;
          if( pTab->aCol[j].notNull==1 && pTab",2.191647291183472,"[[688, 421, 7, 281, 8582, 405, 64, 6127, 3809, 936, 1921, 3280, 418, 15, 873, 3060, 280, 688, 421, 7, 281, 8582, 405, 64, 6127, 3809, 936, 1921, 3280, 418, 16, 1009, 281, 8582]]","[-0.03136703744530678, -0.5565366148948669, -0.0016381428577005863, -0.768775224685669, -0.8608466982841492, -0.0037791754584759474, -0.15269629657268524, -0.0023072545882314444, -0.016429027542471886, -0.0021531034726649523, -0.18097461760044098, -0.0021721357479691505, -0.9447234869003296, -0.4223448634147644, -0.5083675384521484, -0.07328799366950989, -0.5776118040084839, -0.004686087369918823, -0.932836651802063, -0.0027136902790516615, -1.086791753768921, -0.7596721053123474, -0.010135727934539318, -0.41182610392570496, -0.0041315918788313866, -0.007221903186291456, -0.002133595058694482, -1.430570363998413, -0.0547441765666008, -0.5284453630447388, -0.3277328908443451, -0.7180776000022888, -0.6665655970573425, -0.6950218081474304]",8.217058181762695,False,1.0,-12.749318025773391,-0.3749799419345115,34.0,-5.110697102965787,-0.28392761683143264,18.0,0.10646858040822794,1,17,44,24,0.38636363636363635,-7.719035279631321,-1.0462265248669023,True,22,0.6470588235294118,47.0,0.28865979381443296,21.0,2.2408506121972773
~/anvil/data/cve-targets/libpng_repo_pngrutil.c,2634,2602,2642,limit = limit < idat_limit? idat_limit : limit;,if (length > idat_limit),"      if (length > idat_limit)
      {
         png_debug2(0,"" length = %lu",0.6416731476783752,"[[414, 421, 320, 4129, 861, 877, 266, 14763, 340, 414, 341, 260, 36151, 15446, 17, 7, 15, 1335, 3084, 284, 1018, 9835]]","[-0.12326475232839584, -0.7593092918395996, -0.04325087368488312, -0.6589116454124451, -0.2544640004634857, -0.11101612448692322, -6.9141146923357155e-06, -7.497983460780233e-05, -0.11633197218179703, -0.29216712713241577, -0.03911212086677551, -0.036361414939165115, -0.040112171322107315, -0.29168620705604553, -0.20203767716884613, -0.017456460744142532, -0.05539335310459137, -0.06062742695212364, -0.38832327723503113, -0.04667424410581589, -0.002086130902171135, -0.023691078647971153]",4.653472423553467,False,2.0,-3.562359244524032,-0.16192542020563783,22.0,-2.3587976814792455,-0.23587976814792455,10.0,0.0647358615186263,0,15,16,12,0.9375,-2.7203399117976503,-1.044877588943724,True,14,0.6363636363636364,31.0,0.45070422535211263,14.0,2.04570620886455
~/anvil/data/cve-targets/libxml2_repo_valid.c,1207,1186,1278,if (size - len < xmlStrlen(content->prefix) + 10) {,"strcat(buf, (char *) content->prefix);","		strcat(buf, (char *) content->prefix);
		strcat(buf, "":"");
	    }
	    strcat(buf, (char *) content->name);
",0.317946583032608,"[[197, 51117, 10731, 11, 320, 1762, 2586, 2213, 405, 11849, 317, 197, 51117, 10731, 11, 13022, 797, 2760, 456, 2760, 33512, 10731, 11, 320, 1762, 2586, 2213, 405, 606, 317]]","[-0.26015201210975647, -0.5467829704284668, -0.002256349427625537, -0.001973587553948164, -0.25724199414253235, -0.0042646657675504684, -0.006801311857998371, -0.011446517892181873, -2.9682672902708873e-05, -0.009370867162942886, -0.14987747371196747, -0.17232638597488403, -0.06583592295646667, -0.0002809368306770921, -0.000609927112236619, -0.22645503282546997, -0.05673786625266075, -0.3355923295021057, -0.07358253002166748, -0.2959562838077545, -0.6406318545341492, -0.0010993395699188113, -0.002275855513289571, -0.1586027890443802, -0.006889635231345892, -0.0054356870241463184, -0.019791271537542343, -0.0006902219611220062, -0.2911998927593231, -0.03258684650063515]",4.066145896911621,False,4.0,-3.6367780416876485,-0.12122593472292162,30.0,-1.4225238187027571,-0.1185436515585631,12.0,0.02638707253492692,1,27,55,21,0.4909090909090909,-2.682105526971519,-1.0603328857198118,True,19,0.6333333333333333,32.0,0.4719101123595506,24.0,2.0848319717244963
~/anvil/data/cve-targets/libtiff_repo_libtiff_tif_dir.c,248,243,249,{,{,"		{
",2.5701563358306885,"[[197, 197, 515]]","[-1.2655097246170044, -0.3773652911186218, -0.17141227424144745]",2.347916603088379,True,1.0,-1.8142872899770737,-0.6047624299923579,3.0,-1.8142872899770737,-0.6047624299923579,3.0,0.22536293453702969,1,2,2,2,1.0,-4.249861116311684,-1.1068726808173515,False,1,0.3333333333333333,0.0,1.0,0.0,0.8778309274502036
~/anvil/data/cve-targets/libsndfile_repo_src_ulaw.c,555,400,705,"0x8a, 0x8a, 0x8a, 0x8a, 0x8a, 0x8a, 0x8a, 0x8a, 0x8a, 0x8a, 0x8a, 0x8a,","0x8a, 0x8a, 0x8a, 0x8a, 0x8a, 0x8a, 0x8a, 0x8a, 0x8a, 0x8a, 0x8a, 0x8a,","	0x8a, 0x8a, 0x8a, 0x8a, 0x8a, 0x8a, 0x8a, 0x8a, 0x8a, 0x8a, 0x8a, 0x8a,
	0x8a, 0x8a, 0x8a, 0x8a, 0x8a, 0x8a,",0.0975193679332733,"[[197, 15, 87, 23, 64, 11, 220, 15, 87, 23, 64, 11, 220, 15, 87, 23, 64, 11, 220, 15, 87, 23, 64, 11, 220, 15, 87, 23, 64, 11, 220, 15, 87, 23, 64, 11, 220, 15, 87, 23, 64, 11, 220, 15, 87, 23, 64, 11, 220, 15, 87, 23, 64, 11, 220, 15, 87, 23, 64, 11, 220, 15, 87, 23, 64, 11, 220, 15, 87, 23, 64, 345, 197, 15, 87, 23, 64, 11, 220, 15, 87, 23, 64, 11, 220, 15, 87, 23, 64, 11, 220, 15, 87, 23, 64, 11, 220, 15, 87, 23, 64, 11, 220, 15, 87, 23, 64, 11]]","[-0.0035137124359607697, -0.0005834784242324531, -0.0012938946019858122, -0.014460409991443157, -0.2148466855287552, -2.4437606043647975e-05, -2.098061486321967e-05, -6.6756979322235566e-06, -0.00012468514614738524, -0.00018439977429807186, -0.0009126074146479368, -1.156323378381785e-05, -9.059865078597795e-06, -5.125986263010418e-06, -3.790783375734463e-05, -5.98412734689191e-05, -0.0003564914222806692, -2.4437606043647975e-05, -9.65590606938349e-06, -6.198863957251888e-06, -7.83174327807501e-05, -8.070142939686775e-05, -0.0006140968762338161, -2.9682672902708873e-05, -8.821448318485636e-06, -5.364403477869928e-06, -5.1020273531321436e-05, -7.629103492945433e-05, -0.00035553809721022844, -1.7523612768854946e-05, -4.291525328881107e-06, -3.933898824470816e-06, -2.098061486321967e-05, -3.2305197237292305e-05, -0.00017867876158561558, -2.5033637939486653e-05, -7.033323527139146e-06, -6.556489552167477e-06, -2.4199192921514623e-05, -4.303362584323622e-05, -0.0002615109842736274, -3.0397906812140718e-05, -1.1444026313256472e-05, -8.22540732769994e-06, -0.00013636612857226282, -0.00025018901214934886, -0.0011781663633883, -3.0040289857424796e-05, -1.1205610462639015e-05, -7.271740287251305e-06, -7.021180499577895e-05, -0.00017927470616996288, -0.0008278042078018188, -1.6927575416048057e-05, -1.0490362910786644e-05, -6.794906312279636e-06, -4.446407547220588e-05, -0.00012444675667211413, -0.0005429700831882656, -1.9550132492440753e-05, -7.986990567587782e-06, -5.960446742392378e-06, -4.768258077092469e-05, -9.989239333663136e-05, -0.0004316828562878072, -0.00012468514614738524, -2.13382354559144e-05, -8.4638240878121e-06, -5.745722592109814e-05, -0.00012981049076188356, -0.0008962904685176909, -0.0033610539976507425, -0.0002982171718031168, -5.757642793469131e-05, -0.00011085849109804258, -0.00027891082572750747, -0.0008563903393223882, -1.823885577323381e-05, -4.6491513785440475e-06, -4.887569048150908e-06, -3.480850500636734e-05, -4.60137271147687e-05, -0.00020382710499688983, -2.1219027985353023e-05, -4.768360213347478e-06, -6.437280717364047e-06, -3.504691630951129e-05, -3.6000557884108275e-05, -0.00014649749209638685, -4.351044481154531e-05, -1.3232143828645349e-05, -7.629365427419543e-06, -0.00013636612857226282, -0.00024923557066358626, -0.0009893052047118545, -2.5033637939486653e-05, -9.179073458653875e-06, -7.152531907195225e-06, -6.723177648382261e-05, -8.177422569133341e-05, -0.00029130507027730346, -1.6212332411669195e-05, -5.245195097813848e-06, -4.410734163684538e-06, -2.52720492426306e-05, -2.1219027985353023e-05, -0.00011205045302631333, -3.242440288886428e-05]",7.212499618530273,True,1.0,-0.2514178466863086,-0.002327943024873228,108.0,-0.24741392668511253,-0.0033892318723988016,73.0,0.0006241177750493568,0,25,37,25,0.6756756756756757,-28.773294836346466,-1.0202788181661175,False,71,0.6574074074074074,0.0,1.0,0.0,1.1926737677400987
~/anvil/data/cve-targets/libtiff_repo_libtiff_tif_predict.c,606,576,615,assert(rowsize > 0);,cc -= rowsize;,        cc -= rowsize;,1.426636815071106,"[[286, 12527, 5982, 6978, 551, 26, 151643]]","[-1.6692934036254883, -0.8395768404006958, -0.25226831436157227, -0.19676625728607178, -1.1086402082582936e-05, -0.38427022099494934, -0.8596593141555786]",0.4437500238418579,False,0.0,-4.201845437226439,-0.6002636338894912,7.0,-3.34218612307086,-0.55703102051181,6.0,0.3132913761256375,1,12,7,7,1.7142857142857142,-2.5611442855736954,-1.1608387437320329,True,7,1.0,12.0,0.47058823529411764,8.0,1.650429823853414
~/anvil/data/cve-targets/sqlite3_repo_src_where.c,2686,2336,2707,&& pProbe->aiRowLogEst[saved_nEq+1]>=42  /* TUNING: Minimum for skip-scan */,){,"  ){
    LogEst nIter;
    pNew->u.btree.nEq++;
    pNew->nSkip++;
    pNew->aLTerm[pNew->nLTerm++] = 0;
    p",0.958465576171875,"[[220, 10959, 262, 2835, 13782, 308, 8537, 280, 262, 281, 3564, 405, 84, 948, 9344, 1253, 27312, 3507, 262, 281, 3564, 405, 77, 35134, 3507, 262, 281, 3564, 405, 64, 43, 17249, 11407, 3564, 405, 77, 43, 17249, 15624, 284, 220, 15, 280, 262, 281]]","[-0.6735355854034424, -0.4085707664489746, -0.010548077523708344, -0.49542534351348877, -0.0003053675754927099, -0.20310015976428986, -0.12601707875728607, -0.10233453661203384, -0.001733230659738183, -0.32285210490226746, -0.004426087252795696, -1.4305012882687151e-05, -0.2439671903848648, -0.0001245659514097497, -1.0967194612021558e-05, -0.00032395837479270995, -0.029617799445986748, -0.08443104475736618, -0.0008765193051658571, -0.06484999507665634, -0.001023364719003439, -2.622600959512056e-06, -0.1489580273628235, -0.026445463299751282, -0.03590644523501396, -0.0010783816687762737, -0.06851007044315338, -0.0008783058729022741, -2.7418097943154862e-06, -0.20334434509277344, -0.0004287039046175778, -9.775113539944869e-06, -0.0022961937356740236, -1.2397689715726301e-05, -2.3841830625315197e-06, -0.0001461399078834802, -9.190614218823612e-05, -1.7523612768854946e-05, -0.003394082421436906, -0.00027307120035402477, -0.05675994232296944, -0.02344493940472603, -0.002825674833729863, -0.0009146321099251509, -0.06764455139636993]",4.177952289581299,False,5.0,-3.417476370001168,-0.0759439193333593,45.0,-1.0926544293761253,-0.3642181431253751,3.0,0.07424231686527262,1,18,49,3,0.3673469387755102,-2.6315701023217333,-1.0573732241358091,True,29,0.6444444444444445,76.0,0.0,18.0,2.0674934910626863
~/anvil/data/cve-targets/sqlite3_repo_ext_misc_zipfile.c,223,218,234,struct ZipfileLFH {,typedef struct ZipfileLFH {,"
typedef struct ZipfileLFH {
 ",0.6164348721504211,"[[198, 5286, 2036, 29232, 1192, 22609, 39, 341, 220]]","[-0.9067004919052124, -0.7825711965560913, -0.013185450807213783, -0.11404560506343842, -0.1070956289768219, -1.3748325109481812, -0.0476742647588253, -1.4115753173828125, -0.0411369614303112]",4.108334064483643,False,2.0,-4.798817427828908,-0.5332019364254342,9.0,-4.798817427828908,-0.5332019364254342,9.0,0.3096787599381766,0,4,5,5,0.8,-1.156100212769251,-1.0592151377335473,True,6,0.6666666666666666,8.0,0.8260869565217391,1.0,1.8620312108190245
~/anvil/data/cve-targets/php_repo_ext_standard_dns.c,272,117,422,# define PHP_DNS_NS     0x00000002,# define PHP_DNS_NS      0x00000002,# define PHP_DNS_NS      0x00000002,0.0583148710429668,"[[2, 6979, 13119, 1557, 2448, 33777, 414, 220, 15, 87, 15, 15, 15, 15, 15, 15, 15, 17, 151662]]","[-0.8104954361915588, -0.0005925330333411694, -0.0031197231728583574, -0.00016926287207752466, -4.470248313737102e-05, -0.04408848285675049, -0.40701061487197876, -0.001510551548562944, -8.77341881277971e-05, -0.0001510267611593008, -0.0028406528290361166, -0.007300840690732002, -0.0032093231566250324, -0.007238827180117369, -0.010261043906211853, -0.006591483019292355, -0.02353157289326191, -0.012410322204232216, -0.5075422525405884]",4.508507251739502,False,0.0,-1.8481963863996498,-0.0972734940210342,19.0,-1.3406541338590614,-0.0744807852143923,18.0,0.040313572265120445,0,5,5,5,1.0,-0.7829518831616495,-1.048671230595553,True,18,0.9473684210526315,1.0,0.9855072463768116,0.0,1.8504429230739579
~/anvil/data/cve-targets/libxml2_repo_parser.c,2591,2479,2636,"xmlLoadEntityContent(ctxt, ent);",if (ent->content != NULL) {,"		    if (ent->content != NULL) {
			m_tmp = xml",3.137223243713379,"[[6449, 421, 320, 306, 405, 1796, 961, 1770, 8, 341, 298, 2109, 16125, 284, 8396]]","[-0.2578900158405304, -1.0059301853179932, -0.27617934346199036, -1.0251386165618896, -0.010534511879086494, -1.419898509979248, -0.2872747778892517, -0.0061305807903409, -0.2430921047925949, -0.024632925167679787, -0.22768159210681915, -1.1781903505325317, -0.0015374518698081374, -0.22750310599803925, -0.6504461765289307]",2.9973955154418945,False,1.0,-6.842060248716734,-0.45613734991444893,15.0,-4.784383163787425,-0.43494392398067494,11.0,0.21227047456853956,1,11,18,17,0.6111111111111112,-7.212937279364706,-1.0890455402538655,True,9,0.6,24.0,0.3389830508474576,15.0,2.1144623064919865
~/anvil/data/cve-targets/sqlite3_repo_src_select.c,2804,2535,2855,},/* If,  /* If,4.711390018463135,"[[220, 1391, 1416]]","[-0.2967628538608551, -1.4546388387680054, -2.2030293941497803]",3.59375,False,0.0,-3.9544310867786407,-1.3181436955928802,3.0,-3.9544310867786407,-1.3181436955928802,3.0,0.614957482492717,1,2,5,5,0.4,-3.5742613147681337,-1.0729295445503164,True,1,0.3333333333333333,5.0,0.0,4.0,2.2553293342607086
~/anvil/data/cve-targets/php_repo_ext_phar_util.c,254,206,284,return ret;,return ret;,				return ret;,0.2108823210000991,"[[571, 853, 2112, 26, 151664]]","[-0.041009966284036636, -0.12807545065879822, -0.01280725933611393, -0.47568479180336, -0.7646082043647766]",9.614973068237305,True,0.0,-1.4221856724470854,-0.2844371344894171,5.0,-0.6575774680823088,-0.1643943670205772,4.0,0.034105788452098884,0,5,5,5,1.0,-1.2827831319409078,-1.0834363303554024,False,3,0.6,0.0,1.0,0.0,0.7326728542629354
~/anvil/data/cve-targets/poppler_repo_utils_HtmlOutputDev.cc,1169,1146,1175,fclose(f1);,// close the image file,"    // close the image file
",0.7766998410224915,"[[262, 442, 3265, 279, 2168, 1034, 198]]","[-0.08786983042955399, -0.9716240167617798, -0.5233983397483826, -0.2754656970500946, -0.7769209146499634, -0.08552996069192886, -0.0642637237906456]",6.206422805786133,False,1.0,-2.785072483122349,-0.397867497588907,7.0,-2.785072483122349,-0.397867497588907,7.0,0.11550899969699979,0,9,2,2,4.5,-1.9521570516046767,-1.005088883840642,True,4,0.5714285714285714,17.0,0.3529411764705882,8.0,2.147804834422727
~/anvil/data/cve-targets/php_repo_ext_phar_phar.c,717,632,1125,"PHAR_GET_32(buffer, manifest_flags);",/* extract compression flags */,"	/* extract compression flags */
	PHAR_GET_32(buffer, manifest_flags);",0.2964120209217071,"[[197, 1057, 8649, 25111, 8042, 735, 10025, 39, 934, 12702, 62, 18, 17, 12584, 11, 14455, 14130, 1215]]","[-0.6198142766952515, -0.3635423481464386, -1.5897328853607178, -1.0039348602294922, -0.9318821430206299, -0.581274151802063, -0.9861396551132202, -0.0007750368095003068, -0.00015555603022221476, -0.002698116237297654, -0.0030699288472533226, -0.02881268598139286, -6.5205356804654e-05, -0.0023749261163175106, -0.0018856617389246821, -0.1616729348897934, -0.007270307745784521, -0.5313175916671753]",3.030555009841919,False,1.0,-6.8164182717882795,-0.37868990398823776,18.0,-5.090180665254593,-0.8483634442090988,6.0,0.15657156568073138,1,11,12,2,0.9166666666666666,-0.3493927313169914,-1.0881431093701086,True,11,0.6111111111111112,30.0,0.32835820895522383,10.0,1.7923461636162787
~/anvil/data/cve-targets/php_repo_ext_exif_exif.c,2939,2908,2994,if (maker_note->offset >= value_len) {,if (i==sizeof(maker_note_array)/sizeof(maker_note_type)),	if (i==sizeof(maker_note_array)/sizeof(maker_note_type)),0.9001802802085876,"[[743, 320, 72, 418, 10318, 1255, 4407, 27207, 3858, 5620, 10318, 1255, 4407, 27207, 1819, 593]]","[-0.4325791597366333, -0.7206975221633911, -0.6109349727630615, -1.0537970066070557, -0.020305614918470383, -0.00038187362952157855, -2.8609820219571702e-05, -9.393251093570143e-05, -0.00011193125828867778, -0.008486044593155384, -0.00045253525604493916, -0.00016616393986623734, -1.9430925021879375e-05, -7.879423355916515e-05, -0.000125281119835563, -0.1835969239473343]",2.4828128814697266,False,0.0,-3.031855797422395,-0.18949098733889969,16.0,-3.031855797422395,-0.18949098733889969,16.0,0.10312140972238223,1,16,25,25,0.64,-4.750517651790155,-1.1031461429182838,True,11,0.6875,38.0,0.46808510638297873,19.0,1.85999988612105
~/anvil/data/cve-targets/poppler_repo_fofi_FoFiTrueType.cc,552,492,590,"cmapLen = getU16BE(pos + 8, &ok);","cmapLen = getU16BE(pos + 10, &ok);","        cmapLen = getU16BE(pos + 10, &ok);",0.2183441370725631,"[[286, 40778, 11271, 284, 633, 52, 16, 21, 11594, 12259, 488, 220, 16, 15, 11, 609, 562, 1215, 151662]]","[-0.0025289240293204784, -0.4253394603729248, -0.0022003266494721174, -0.0009457168052904308, -0.05272218957543373, -0.0013516347389668226, -0.16150882840156555, -0.00011157367407577112, -0.001843778183683753, -0.04705099016427994, -0.0007715824176557362, -0.004559715278446674, -0.6029379963874817, -0.8432758450508118, -0.3525530695915222, -0.00096703483723104, -0.0003150205302517861, -0.6972220540046692, -0.28541073203086853]",10.274306297302246,False,0.0,-3.483616472723952,-0.18334823540652379,19.0,-3.1982057406930835,-0.17767809670517132,18.0,0.07382452794281326,0,19,19,19,1.0,-1.22887480855263,-1.1014429666821144,True,17,0.8947368421052632,2.0,0.9552238805970149,1.0,1.8225619493520326
~/anvil/data/cve-targets/php_repo_ext_standard_dns.c,502,391,729,cp += n;,cp += n;,"			cp += n;
			break",0.8163045048713684,"[[298, 52018, 1421, 308, 280, 298, 3388]]","[-0.004208399448543787, -0.7325601577758789, -0.08953303098678589, -0.03221280500292778, -0.10536206513643265, -0.004365913104265928, -0.7472279667854309]",9.941189765930176,True,1.0,-1.7154703382402658,-0.24506719117718084,7.0,-0.9682423714548349,-0.1613737285758058,6.0,0.06676454469177955,1,7,10,7,0.7,-5.058472107421791,-1.0923083341753357,False,4,0.5714285714285714,0.0,1.0,0.0,0.7902788039053675
~/anvil/data/cve-targets/libtiff_repo_libtiff_tif_predict.c,4,-151,154,*,*, *,0.4250143766403198,[[353]],[-0.4250143766403198],5.988237380981445,True,0.0,-0.4250143766403198,-0.4250143766403198,1.0,-0.4250143766403198,-0.4250143766403198,1.0,0.0,0,2,2,2,1.0,-1.0,-1.0105862569210393,False,1,1.0,0.0,1.0,0.0,1.0065593017873
~/anvil/data/cve-targets/libxml2_repo_xmlregexp.c,4850,4774,4859,NEXTL(len);,if ((end == '-') &&,    if ((end == '-') &&,0.75655198097229,"[[262, 421, 1781, 408, 621, 69163, 1009]]","[-0.17055633664131165, -1.0442461967468262, -0.5422232151031494, -0.5243254899978638, -0.5662632584571838, -0.7685018181800842, -0.14802835881710052]",3.712499856948853,False,0.0,-3.7641446739435196,-0.5377349534205028,7.0,-3.7641446739435196,-0.5377349534205028,7.0,0.08535888205352662,1,9,14,14,0.6428571428571429,-1.4069235711011605,-1.0697490122349524,True,4,0.5714285714285714,17.0,0.2666666666666667,13.0,1.8939268892365275
~/anvil/data/cve-targets/php_repo_ext_standard_http_fopen_wrapper.c,623,564,637,if (tmp_line[tmp_line_len - 1] == '\n') {,if (reqok) {,"			if (reqok) {
				/* get response body */
				if (response_code >= 200 &&",0.6648571491241455,"[[298, 743, 320, 2958, 562, 8, 341, 571, 197, 1057, 633, 2033, 2487, 735, 571, 743, 320, 2322, 4136, 2604, 220, 17, 15, 15, 1009]]","[-0.41060885787010193, -0.8466634750366211, -0.31740865111351013, -1.5389153957366943, -0.038475342094898224, -0.40029868483543396, -0.10749589651823044, -0.006596219725906849, -0.9508600234985352, -0.28013384342193604, -2.837033271789551, -1.0732882022857666, -0.41510307788848877, -0.19490157067775726, -0.004465607926249504, -1.3236298561096191, -0.588705837726593, -2.0642566680908203, -0.6115123629570007, -0.8282546401023865, -0.00982461217790842, -0.6476247906684875, -0.0009062950266525149, -0.006599772721529007, -0.2614502012729645]",7.993749141693115,False,2.0,-15.765013157273643,-0.6306005262909458,25.0,-4.617322546429932,-0.5130358384922147,9.0,0.2292276253515307,1,24,15,10,1.6,-1.295927300280085,-1.040402002327184,True,16,0.64,33.0,0.30188679245283023,15.0,2.1680492379719016
~/anvil/data/cve-targets/openssl_repo_crypto_asn1_tasn_enc.c,524,454,567,case V_ASN1_NEG_ENUMERATED:,return ossl_i2c_ASN1_NEG_INTEGER((ASN1_NEG,        return ossl_i2c_ASN1_NEG_INTEGER((ASN1_NEG,0.8556163907051086,"[[286, 470, 297, 24635, 5318, 17, 66, 1566, 18966, 16, 62368, 25757, 1188, 68134, 16, 62368]]","[-0.026526961475610733, -0.4365001320838928, -0.009296108968555927, -0.0014253228437155485, -0.0005395148764364421, -1.6331539882230572e-05, -0.00032050241134129465, -0.017169997096061707, -8.785339014139026e-05, -0.00012063252506777644, -0.13646726310253143, -0.004011442419141531, -0.08966316282749176, -0.003142302157357335, -1.4185804502631072e-05, -0.010634655132889748]",7.322221755981445,False,0.0,-0.7359363686546203,-0.04599602304091377,16.0,-0.7359363686546203,-0.04599602304091377,16.0,0.011535714477429472,1,5,6,6,0.8333333333333334,-18.601964564284877,-1.023081339459823,True,10,0.625,27.0,0.49275362318840576,6.0,2.0413941250199192
~/anvil/data/cve-targets/openssl_repo_crypto_asn1_tasn_dec.c,815,760,890,case V_ASN1_NEG_INTEGER:,case V_ASN1_INTEGER:,"    case V_ASN1_INTEGER:
        if (!ossl",0.792009174823761,"[[262, 1142, 647, 1566, 18966, 16, 25757, 510, 286, 421, 1505, 436, 3226]]","[-0.013474822975695133, -0.0037074419669806957, -5.4834770708112046e-05, -7.390703103737906e-05, -0.0001227780303452164, -4.6132929128361866e-05, -1.3584295511245728, -0.021285779774188995, -0.22789129614830017, -0.07115654647350311, -0.5455753803253174, -0.021759815514087677, -0.0006887924391776323]",8.59444522857666,False,1.0,-2.2642670795030426,-0.17417439073100327,13.0,-1.6250865447509568,-0.18056517163899521,9.0,0.178275520380004,1,5,10,5,0.5,-4.386278747084342,-1.056144044055165,True,8,0.6153846153846154,4.0,0.9090909090909091,1.0,1.9054684837936617
~/anvil/data/cve-targets/libsndfile_repo_src_alaw.c,307,301,313,{,{	if,	{	if,0.5212935209274292,"[[197, 90, 743]]","[-0.021929865702986717, -0.4503399133682251, -1.2234394550323486]",4.810589790344238,False,0.0,-1.6957092341035604,-0.5652364113678535,3.0,-1.6957092341035604,-0.5652364113678535,3.0,0.24720481816802464,1,2,3,3,0.6666666666666666,-0.9222575022474508,-1.0407814285495975,True,1,0.3333333333333333,3.0,0.4,1.0,1.9001170923013913
~/anvil/data/cve-targets/libpng_repo_pngrutil.c,128,-27,278,*/,*/," */
",5.7660722732543945,[[735]],[-0.6410720944404602],10.910634994506836,True,1.0,-0.6410720944404602,-0.6410720944404602,1.0,-0.6410720944404602,-0.6410720944404602,1.0,0.0,0,3,3,3,1.0,-8.994420944632024,-1.1191050747309184,False,1,1.0,0.0,1.0,0.0,1.2079338112177334
~/anvil/data/cve-targets/libtiff_repo_libtiff_tif_dirread.c,2080,2074,2081,"return TIFFReadDirEntryLong8ArrayWithLimit(tif, direntry, value, ~((uint64_t)0));",uint64_t* data;,"	uint64_t* data;
	if (tif->dirEntryLong8Array == NULL)
	{
		return(TIFFReadDirEntryErrNotInitialized);
	}
	if (tif->dirEntryLong",1.1597347259521484,"[[8254, 21, 19, 528, 9, 821, 280, 743, 320, 83, 333, 405, 3741, 5874, 6583, 23, 1857, 621, 1770, 340, 197, 515, 197, 853, 4140, 29035, 4418, 6184, 5874, 7747, 2623, 22495, 317, 197, 532, 743, 320, 83, 333, 405, 3741, 5874, 6583]]","[-1.3404422998428345, -0.3320643901824951, -0.0003946240758523345, -0.0028701324481517076, -0.8808832764625549, -0.663586437702179, -0.7866775989532471, -1.3785386085510254, -1.4694645404815674, -1.2243832349777222, -0.6176232695579529, -0.7745477557182312, -2.7257378101348877, -1.937526822090149, -1.585884690284729, -0.4596741795539856, -0.7498610615730286, -1.827419400215149, -0.1807374507188797, -0.7357658743858337, -0.009644933976233006, -0.5635337233543396, -0.011575911194086075, -0.8569581508636475, -0.07892973721027374, -0.0018140303436666727, -0.023825882002711296, -0.0026125130243599415, -0.02108725719153881, -0.020573431625962257, -1.557268500328064, -1.614628791809082, -0.12381070107221603, -0.0008474572678096592, -0.13675031065940857, -0.8193554282188416, -0.34442245960235596, -0.5954601764678955, -0.019619453698396683, -0.012730049900710583, -0.3782542049884796, -0.04904508218169212, -0.049915388226509094]",1.1717010736465454,False,5.0,-26.966747033118736,-0.6271336519329939,43.0,-4.006918759667315,-0.5724169656667593,7.0,0.20694234078431312,0,26,36,7,0.7222222222222222,-2.026031364394089,-1.139903970592865,True,28,0.6511627906976745,71.0,0.20833333333333337,24.0,1.8603765715148488
~/anvil/data/cve-targets/poppler_repo_fofi_FoFiTrueType.cc,1313,1022,1326,} else if (needVerticalMetrics && i == t42VmtxTable) {,} else if (needVerticalMetrics && i == t42VmtxTable) {,                } else if (needVerticalMetrics && i == t42VmtxTable) {,0.0428098961710929,"[[394, 335, 770, 421, 320, 17046, 18612, 27328, 1009, 600, 621, 259, 19, 17, 53, 90310, 2556, 8, 314, 151662]]","[-0.00761037552729249, -0.00534320343285799, -0.0005013877525925636, -0.020962705835700035, -0.007668935228139162, -0.018198776990175247, -0.3565104007720947, -2.4437606043647975e-05, -0.0016933638835325837, -0.002876432379707694, -0.0002162222663173452, -6.460934673668817e-05, -1.3828182090946939e-05, -8.821448318485636e-06, -0.000914393924176693, -0.004332323558628559, -2.0861407392658293e-05, -0.0038589786272495985, -0.3134555220603943, -0.9128847122192383]",12.857813835144045,True,0.0,-1.6571602924486797,-0.08285801462243399,20.0,-0.7442755802294414,-0.039172398959444285,19.0,0.010376885408003432,1,15,15,15,1.0,-1.0928586787705947,-1.1749302645328776,False,18,0.9,0.0,1.0,0.0,0.47107510752301796
~/anvil/data/cve-targets/poppler_repo_poppler_GfxState.cc,2408,2399,2421,int i;,int i;,"    int i;
    for",2.104478597640991,"[[262, 526, 600, 280, 262, 369]]","[-0.26677998900413513, -1.5585789680480957, -0.06195293739438057, -0.3391566872596741, -0.008393369615077972, -1.621188998222351]",7.794444561004639,True,1.0,-3.8560509495437145,-0.6426751582572857,6.0,-2.2348619513213634,-0.4469723902642727,5.0,0.3240708495000742,1,5,6,5,0.8333333333333334,-4.708296627442059,-1.0352309735264231,False,3,0.5,0.0,1.0,0.0,1.1372748888510358
~/anvil/data/cve-targets/openssl_repo_crypto_asn1_a_type.c,71,54,98,case V_ASN1_NEG_ENUMERATED:,"result = ASN1_INTEGER_cmp(a->value.integer, b->value.integer","        result = ASN1_INTEGER_cmp(a->value.integer, b->value.integer",0.7703748941421509,"[[286, 1102, 284, 54855, 16, 25757, 35193, 2877, 405, 957, 27593, 11, 293, 405, 957, 27593]]","[-0.171702578663826, -0.11554820090532303, -0.005235176533460617, -1.011971354484558, -0.004687985870987177, -0.7236533761024475, -0.028864458203315735, -0.44248080253601074, -0.0006158839096315205, -0.0037276323419064283, -0.6327856779098511, -0.16276203095912933, -0.0025505651719868183, -8.105902816168964e-05, -7.319182623177767e-05, -0.0006735440110787749]",7.716840267181396,False,0.0,-3.3074135184579063,-0.20671334490361915,16.0,-3.3074135184579063,-0.20671334490361915,16.0,0.09565682013604923,1,5,20,20,0.25,-3.726778716204031,-1.0332244613641826,True,10,0.625,49.0,0.27586206896551724,20.0,1.9921602295581238
~/anvil/data/cve-targets/sqlite3_repo_src_resolve.c,184,173,190,assert( pExTab!=0 );,if( n>=BMS ) n = BMS-,  if( n>=BMS ) n = BMS-,0.7730399966239929,"[[220, 421, 7, 308, 9922, 33, 4826, 873, 308, 284, 425, 4826, 12]]","[-0.1502963751554489, -0.5310162305831909, -0.03089129365980625, -0.8223875761032104, -1.2404661178588867, -0.5377119779586792, -0.0030688594561070204, -0.34541192650794983, -0.08191210776567459, -0.013890501111745834, -0.006185080390423536, -3.909988299710676e-05, -0.0309799425303936]",4.315972805023193,False,0.0,-3.794257088964514,-0.2918659299203472,13.0,-3.794257088964514,-0.2918659299203472,13.0,0.140733707071434,1,12,13,13,0.9230769230769231,-2.648613343924597,-1.0537310315304993,True,8,0.6153846153846154,20.0,0.24390243902439024,11.0,1.992227735731711
~/anvil/data/cve-targets/openssl_repo_crypto_pkcs7_pk7_doit.c,605,587,741,return 0;,goto err;,"        goto err;
    }
   ",1.9304348230361936,"[[286, 7986, 1848, 280, 262, 456, 262]]","[-0.002828290220350027, -0.18491511046886444, -0.0027440059930086136, -0.027378341183066368, -0.003509673522785306, -0.07275763899087906, -0.0029534550849348307]",9.28819465637207,False,2.0,-0.29708651546388865,-0.04244093078055552,7.0,-0.22137542138807476,-0.04427508427761495,5.0,0.005033920561879186,0,5,6,5,0.8333333333333334,-43.60092938348629,-1.074621296332156,True,4,0.5714285714285714,7.0,0.33333333333333337,3.0,1.9640720807431302
~/anvil/data/cve-targets/libxml2_repo_HTMLparser.c,2809,2772,2812,NEXT;,NEXT;,"        NEXT;
   ",1.387614607810974,"[[286, 45011, 280, 262]]","[-0.18949614465236664, -0.8321272134780884, -0.22287239134311676, -0.6407456398010254]",5.81319522857666,True,1.0,-1.8852413892745972,-0.4713103473186493,4.0,-1.8852413892745972,-0.4713103473186493,4.0,0.07500944800936005,1,4,4,4,1.0,-2.9441632582550077,-1.0150183271772721,False,2,0.5,0.0,1.0,0.0,1.1223808115144738
~/anvil/data/cve-targets/php_repo_ext_exif_exif.c,1920,1911,1921,return info->offset_base + offset;,return (char *)exif_offset_info_try_get_raw(info,	return (char *)exif_offset_info_try_get_raw(info,0.7310268878936768,"[[853, 320, 1762, 2586, 327, 333, 6917, 3109, 53283, 3062, 16067, 14208]]","[-0.2590104937553406, -1.1571323871612549, -0.12130468338727951, -0.5626294016838074, -1.4534436464309692, -0.003031660569831729, -0.1643732786178589, -0.07940651476383209, -0.9740715026855469, -0.16653987765312195, -1.9915045499801636, -0.32942894101142883]",3.030555248260498,False,0.0,-7.2618769377004355,-0.6051564114750363,12.0,-7.2618769377004355,-0.6051564114750363,12.0,0.37831110796156847,1,11,11,11,1.0,-1.207996600600889,-1.0881431028842703,True,8,0.6666666666666666,33.0,0.46341463414634143,12.0,1.8421637924151004
~/anvil/data/cve-targets/lua_repo_lstate.h,267,112,417,const Instruction *oldpc;,CallInfo *cihead;  /* first,  CallInfo *cihead;  /* first,2.313771247863769,"[[220, 7143, 1731, 353, 5855, 1983, 26, 220, 1391, 1156]]","[-0.00646227179095149, -0.9065715074539185, -0.005378300789743662, -0.08111296594142914, -0.8740392327308655, -2.0865542888641357, -0.13205334544181824, -0.03256203606724739, -0.0002711643755901605, -1.6295748949050903]",6.914062976837158,False,0.0,-5.75458000836079,-0.575458000836079,10.0,-5.75458000836079,-0.575458000836079,10.0,0.5308668955784959,1,9,13,13,0.6923076923076923,-4.020747377744521,-1.0126949301199057,True,6,0.6,24.0,0.2692307692307693,11.0,2.294398904150642
~/anvil/data/cve-targets/sqlite3_repo_ext_misc_zipfile.c,1873,1762,1918,nName++;,zName = sqlite3,      zName = sqlite3,2.103413820266724,"[[414, 1147, 675, 284, 22003, 18]]","[-0.6086055040359497, -1.0318806171417236, -0.3150253891944885, -0.15774385631084442, -0.5346646308898926, -0.0001820160250645131]",10.122220993041992,False,0.0,-2.6481020135979634,-0.4413503355996606,6.0,-2.6481020135979634,-0.4413503355996606,6.0,0.11273799597790873,1,6,7,7,0.8571428571428571,-4.765859795730813,-1.0972630857305499,True,3,0.5,11.0,0.34782608695652173,5.0,1.9071726061001502
~/anvil/data/cve-targets/poppler_repo_poppler_JPEG2000Stream.cc,280,273,351,jpxData.data = buf;,JPXImage *image = nullptr;,    JPXImage *image = nullptr;,0.8275190591812134,"[[262, 48780, 55, 1906, 353, 1805, 284, 6827, 26, 151662]]","[-0.06978660076856613, -1.165649175643921, -0.05849217623472214, -0.4382389783859253, -0.4897768795490265, -0.00837977509945631, -0.8239049911499023, -0.11692553013563156, -0.7139127254486084, -0.9859224557876587]",7.760589599609375,False,0.0,-4.870989288203418,-0.48709892882034184,10.0,-3.8850668324157596,-0.4316740924906399,9.0,0.14712380155591298,0,10,11,11,0.9090909090909091,-1.9169995919992735,-1.0343551515990772,True,7,0.7,19.0,0.3111111111111111,9.0,2.0511294497581467
~/anvil/data/cve-targets/libxml2_repo_HTMLparser.c,2762,2727,2765,NEXT;,NEXT;,"        NEXT;
       ",1.3600090742111206,"[[286, 45011, 280, 286]]","[-0.32182881236076355, -0.9667690992355347, -0.25783771276474, -0.585035502910614]",5.986111164093018,True,1.0,-2.131471127271652,-0.532867781817913,4.0,-2.131471127271652,-0.532867781817913,4.0,0.07779270247342057,1,4,4,4,1.0,-2.5522448919155165,-1.0106399764879366,False,2,0.5,0.0,1.0,0.0,1.1362510687520002
~/anvil/data/cve-targets/libxml2_repo_valid.c,1214,1186,1278,if (size - len < xmlStrlen(content->name) + 10) {,if (content->c1->type == XML_ELEMENT_CONTENT_OR) {,"	    if (content->c1->type == XML_ELEMENT_CONTENT_OR) {
		if (content->c1->ocur != XML_ELEMENT_CONTENT",0.2607867419719696,"[[2760, 421, 320, 1796, 405, 66, 16, 405, 1313, 621, 11874, 27156, 25560, 19834, 8, 341, 197, 743, 320, 1796, 405, 66, 16, 405, 509, 324, 961, 11874, 27156, 25560]]","[-0.33735474944114685, -0.7202448844909668, -0.19902166724205017, -0.04112495109438896, -0.0002631794777698815, -1.0502731800079346, -0.13528873026371002, -0.2045624554157257, -0.1639518439769745, -0.1450117826461792, -0.0033945576287806034, -0.0007591941393911839, -0.0003036991402041167, -1.0491368770599365, -0.26582494378089905, -0.07344618439674377, -1.0604482889175415, -0.6731588244438171, -0.3013301193714142, -0.25121232867240906, -0.0011940023396164179, -0.10798995941877365, -0.20259056985378265, -0.00549034308642149, -0.6053999662399292, -0.001508409040980041, -0.49481356143951416, -0.007885516621172428, -0.00020108585886191577, -4.994744449504651e-05]",4.671701908111572,False,1.0,-8.10323580295153,-0.27010786009838433,30.0,-5.450411169120343,-0.3206124217129614,17.0,0.14346069185179577,1,27,28,19,0.9642857142857143,-0.8134018656502565,-1.0444015079390365,True,19,0.6333333333333333,42.0,0.38383838383838387,15.0,2.1402631050751526
~/anvil/data/cve-targets/libsndfile_repo_src_common.c,178,84,318,"log_putchar (psf, lead_char) ;","log_putchar (psf, lead_char) ;","							log_putchar (psf, lead_char) ;
						} ;
				",0.0933452993631362,"[[1662, 6725, 57969, 320, 1690, 69, 11, 2990, 9232, 8, 4386, 1144, 197, 92, 4386, 464]]","[-0.28351089358329773, -0.0015728019643574953, -1.0490362910786644e-05, -0.00019333878299221396, -6.544376083184034e-05, -1.311301275563892e-06, -0.0002411313180346042, -0.06538835912942886, -2.3603161025675945e-05, -0.0013509204145520926, -0.6140667200088501, -0.24183039367198944, -0.03969281539320946, -0.004356774035841227, -0.03936681151390076, -0.01141057163476944]",12.298829078674316,True,2.0,-1.3030823800372673,-0.0814426487523292,16.0,-1.2479482228527559,-0.09599601714251968,13.0,0.03092275384491159,0,11,14,11,0.7857142857142857,-0.9723872108626328,-1.1586252553326577,False,10,0.625,0.0,1.0,0.0,0.49484989252018735
~/anvil/data/cve-targets/libpng_repo_pngrutil.c,2895,2647,3067,bytes_to_copy = row_width;,bytes_to_copy = row_width; /* just copy the,               bytes_to_copy = row_width; /* just copy the,0.33927121758461,"[[2290, 5820, 2346, 16096, 284, 2802, 7927, 26, 1391, 1101, 2975, 279]]","[-0.13991108536720276, -1.3311797380447388, -0.00012706902634818107, -0.09496497362852097, -0.02307119220495224, -0.10177694261074066, -7.176141662057489e-05, -0.7242358922958374, -0.10154660046100616, -3.5072824954986572, -1.5001966953277588, -1.0589438676834106]",5.697222232818604,False,0.0,-8.583308313565794,-0.7152756927971495,12.0,-8.583308313565794,-0.7152756927971495,12.0,0.9899920068620239,1,7,13,13,0.5384615384615384,-0.47432230816883986,-1.0179654653721504,True,7,0.5833333333333334,17.0,0.7536231884057971,7.0,2.0248394441480273
~/anvil/data/cve-targets/sqlite3_repo_src_pragma.c,602,591,634,** the locking-mode of the main database).,** the default locking mode). */,"      ** the default locking mode). */
      zRet = ""exclusive"";
",1.2716786861419678,"[[414, 3070, 279, 1638, 37855, 3856, 568, 735, 414, 1147, 12020, 284, 330, 89122, 876]]","[-0.07418429106473923, -0.0012274596374481916, -0.3974689245223999, -1.587789535522461, -1.5145702362060547, -0.04902476444840431, -1.791311264038086, -1.5578759908676147, -0.008607903495430946, -0.8437150716781616, -0.00465867854654789, -0.012554777786135674, -0.22542338073253632, -1.1474614143371582, -0.1528250128030777]",8.371702194213867,False,2.0,-9.368698705686256,-0.6245799137124171,15.0,-6.982060369802639,-0.7757844855336266,9.0,0.5777957811495614,0,16,25,13,0.64,-1.6392164445867183,-1.0502791704797756,True,9,0.6,30.0,0.5405405405405406,13.0,2.10826850398475
~/anvil/data/cve-targets/openssl_repo_crypto_mdc2_mdc2dgst.c,96,66,102,"l2c(tin0, p);","l2c(ttin1, p);","        l2c(ttin1, p);
        p = c->",0.3459998369216919,"[[286, 326, 17, 66, 47152, 258, 16, 11, 281, 317, 286, 281, 284, 272, 405]]","[-0.002516795415431261, -0.18423070013523102, -0.0018083186587318778, -0.004645389039069414, -0.21713033318519592, -0.0001911934232339263, -0.31491488218307495, -0.012555013410747051, -0.008679995313286781, -0.2541497051715851, -0.0014701997861266136, -0.44032731652259827, -0.004192491993308067, -0.009216384030878544, -0.0004677870310842991]",10.259373664855955,False,1.0,-1.456496505299583,-0.09709976701997221,15.0,-1.002292525721714,-0.09111750233833762,11.0,0.013980904472913315,0,11,15,11,0.7333333333333333,-3.7972928146880593,-1.1010318573491455,True,9,0.6,2.0,0.8888888888888888,1.0,1.747884829617824
~/anvil/data/cve-targets/libsndfile_repo_src_alaw.c,338,332,352,"int			bufferlen, readcount ;",sf_count_t	readcount = 0 ;,"	sf_count_t	readcount = 0 ;
	sf_count_t",1.047260880470276,"[[53024, 3180, 528, 37043, 1830, 284, 220, 15, 4386, 53024, 3180, 528]]","[-1.4434751272201538, -0.24442251026630402, -0.0005870526074431837, -0.45657193660736084, -0.0006824786541983485, -1.1517229080200195, -0.039911165833473206, -0.0050974879413843155, -0.8081485033035278, -0.4711330533027649, -0.10701882839202881, -7.354942499659956e-05]",1.0583767890930176,False,1.0,-4.728844601573655,-0.39407038346447126,12.0,-4.150619170453865,-0.4611799078282072,9.0,0.2687586588294236,0,7,11,8,0.6363636363636364,-2.2708293719950787,-1.143138019681611,True,8,0.6666666666666666,20.0,0.5185185185185186,5.0,1.6189927167967981
~/anvil/data/cve-targets/libsndfile_repo_src_double64.c,109,70,214,psf->read_float		= host_read_d2f ;,psf->read_float		= host_read_d2f ;,					psf->read_float		= host_read_d2f ;,0.0642101094126701,"[[464, 35009, 69, 405, 878, 17586, 197, 197, 28, 3468, 6443, 814, 17, 69, 2587, 151643]]","[-0.001456510741263628, -0.0007465674425475299, -3.933898824470816e-06, -2.2291887944447808e-05, -0.0002273062855238095, -0.001057304092682898, -0.0010332489619031549, -0.000942858459893614, -1.966933996300213e-05, -0.002463046694174409, -0.0001289761275984347, -0.0001370812824461609, -0.0009783487766981125, -0.00010942813969450071, -0.7007414698600769, -0.9462595582008362]",10.79171085357666,True,0.0,-1.6563276001920713,-0.10352047501200445,16.0,-0.7100680419912351,-0.04733786946608234,15.0,0.030495891753012275,0,10,10,10,1.0,-1.356421616284965,-1.1157828006699286,False,14,0.875,0.0,1.0,0.0,0.6468306948289432
~/anvil/data/cve-targets/php_repo_ext_phar_phar.c,77,69,145,"char *key, *lasts, *end;","HashTable *key, *lasts, *key2, *lasts","	HashTable *key, *lasts, *key2, *lasts",0.5183603167533875,"[[197, 81519, 353, 792, 11, 353, 4259, 82, 11, 353, 792, 17, 11, 353, 4259, 82]]","[-1.2829623222351074, -0.696850597858429, -0.4984285831451416, -0.46162015199661255, -0.7502543926239014, -0.03139730542898178, -0.35221365094184875, -0.006640983745455742, -0.7143617868423462, -0.03670506551861763, -1.6745182275772095, -1.100963830947876, -0.6884645223617554, -0.014949551783502102, -0.22620777785778046, -0.08179644495248795]",0.7493053674697876,False,0.0,-8.618335195817053,-0.5386459497385658,16.0,-8.618335195817053,-0.5386459497385658,16.0,0.2311695081395608,0,15,19,19,0.7894736842105263,-0.9623395794676928,-1.1520050145712948,True,11,0.6875,18.0,0.6229508196721312,7.0,1.614778555272755
~/anvil/data/cve-targets/php_repo_ext_exif_exif.c,3710,3696,3931,if (ImageInfo->FileSize >= dir_offset+2) {,if (ImageInfo->file.list[sn].size) {,"	if (ImageInfo->file.list[sn].size) {
		if (ImageInfo->",0.7673225998878479,"[[743, 320, 1906, 1731, 405, 1192, 6420, 58, 9613, 936, 2141, 8, 341, 197, 743, 320, 1906, 1731, 405]]","[-1.3525159358978271, -0.19257184863090515, -0.6307374238967896, -0.00023529145983047783, -0.06145733594894409, -1.2822645902633667, -0.5677136778831482, -1.1438568830490112, -0.046473756432533264, -0.06907572597265244, -0.6124666929244995, -1.259232997894287, -0.3219086527824402, -0.1942569464445114, -0.8476203680038452, -0.5175186395645142, -0.46663200855255127, -0.00019572250312194228, -0.0007925468380562961]",1.4159724712371826,False,1.0,-9.567527044942835,-0.5035540549969914,19.0,-7.7347677594807465,-0.5524834113914819,14.0,0.24133174445220332,1,19,25,24,0.76,-1.3888608853526898,-1.1329640341097398,True,13,0.6842105263157895,20.0,0.6153846153846154,12.0,1.762851701216062
~/anvil/data/cve-targets/lua_repo_liolib.c,171,162,172,return 0;,return 0;,  return 0;,0.1755382567644119,"[[220, 470, 220, 15, 26, 151643]]","[-0.027755584567785263, -0.3445042073726654, -0.08186641335487366, -0.0904194563627243, -0.09361469000577927, -0.1327623873949051]",5.441146373748779,True,0.0,-0.770922739058733,-0.1284871231764555,6.0,-0.6381603516638279,-0.12763207033276558,5.0,0.012329058478885524,0,5,5,5,1.0,-1.3753459949896927,-1.0245032797749085,False,4,0.6666666666666666,0.0,1.0,0.0,0.9579081246660411
~/anvil/data/cve-targets/sqlite3_repo_src_vdbe.c,639,484,789,** Execute as much of a VDBE program as we can.,** Return the register of pOp->p1 after first preparing it to be,"** Return the register of pOp->p1 after first preparing it to be
** overwritten with an",1.777421236038208,"[[334, 3411, 279, 4161, 315, 281, 7125, 405, 79, 16, 1283, 1156, 20045, 432, 311, 387, 198, 334, 59173, 448, 458]]","[-0.3377056121826172, -1.6674761772155762, -0.5977280139923096, -0.6039239764213562, -0.09784116595983505, -0.06483569741249084, -0.020731192082166672, -0.013530923053622246, -0.013865106739103794, -0.6468228697776794, -0.07440176606178284, -0.061383794993162155, -0.01658158004283905, -0.019590230658650398, -0.010604813694953918, -0.0060585420578718185, -0.03901845961809158, -0.00021443451987579465, -0.0029859028290957212, -0.01238524354994297, -0.10049232095479965]",3.246701717376709,False,1.0,-4.408177823817823,-0.20991322970561063,21.0,-4.292099921964109,-0.25247646599788875,17.0,0.1751450607626032,0,14,24,18,0.5833333333333334,-7.039948175023453,-1.0822790037179335,True,14,0.6666666666666666,46.0,0.39639639639639634,17.0,2.019012379451936
~/anvil/data/cve-targets/sqlite3_repo_src_sqliteInt.h,3863,3708,4013,# define SQLITE_CORRUPT_PGNO(P) sqlite3CorruptError(__LINE__),"# define SQLITE_CORRUPT_PGNO(P) sqlite3CorruptPgnoError(__LINE__,(P))","# define SQLITE_CORRUPT_PGNO(P) sqlite3CorruptPgnoError(__LINE__,(P))
#endif
/*
**",0.7475833892822266,"[[2, 6979, 55252, 47696, 36003, 2828, 85644, 8996, 5304, 8, 22003, 18, 10580, 6585, 82540, 2152, 1454, 5513, 8265, 10445, 7, 47, 1171, 2663, 198, 3284, 334]]","[-0.23891814053058624, -0.04123248532414436, -0.006468312349170446, -0.08259317278862, -0.00038521020906046033, -0.00013934595335740596, -0.10198473185300827, -0.000262106885202229, -0.10761044174432755, -0.057019636034965515, -0.9970704913139343, -0.0033079448621720076, -0.1899666041135788, -0.0006713996990583837, -0.025719471275806427, -0.00013934595335740596, -0.004759411793202162, -0.14439721405506134, -0.0004067785630468279, -0.027419980615377426, -0.2660525441169739, -0.014907155185937881, -0.05064805597066879, -0.1201958879828453, -0.09584866464138031, -1.2502373456954956, -0.0038725160993635654]",3.048785448074341,False,3.0,-3.832234395609703,-0.1419346072448038,27.0,-2.362079981190618,-0.1026991296169834,23.0,0.04236524736790388,0,9,15,9,0.6,-7.279354674867648,-1.0876472892228382,True,18,0.6666666666666666,8.0,0.9384615384615385,1.0,1.8232633303636314
~/anvil/data/cve-targets/poppler_repo_splash_Splash.cc,2717,2504,2757,xa = 0;,xa = 0;,"                xa = 0;
            if (",0.8708915710449219,"[[394, 71800, 284, 220, 15, 280, 310, 421, 320]]","[-0.35761013627052307, -0.3011467456817627, -0.013741417787969112, -0.5383621454238892, -0.0068687982857227325, -0.05563851818442345, -0.08166418224573135, -0.19982606172561646, -0.0020452074240893126]",10.2958345413208,True,1.0,-1.5569032130297273,-0.17298924589219192,9.0,-1.3550319438800216,-0.1935759919828602,7.0,0.036586744176978346,0,7,9,7,0.7777777777777778,-4.498964784445135,-1.1020359295599014,False,5,0.5555555555555556,0.0,1.0,0.0,0.7586893761406424
~/anvil/data/cve-targets/libsndfile_repo_src_common.c,478,470,684,unsigned int 	data ;,unsigned int 	data ;,	unsigned int 	data ;,0.3609156012535095,"[[9955, 526, 220, 8924, 2587, 151643]]","[-0.45317623019218445, -0.6987345218658447, -1.188536286354065, -0.06648318469524384, -0.2202606350183487, -0.26742440462112427]",1.8175348043441768,True,0.0,-2.894615262746811,-0.4824358771244685,6.0,-2.6271908581256866,-0.5254381716251373,5.0,0.1557451063641348,0,7,7,7,1.0,-0.6868850052085617,-1.1216470431008125,False,5,0.8333333333333334,0.0,1.0,0.0,0.6239339815349255
~/anvil/data/cve-targets/php_repo_ext_phar_phar.c,2801,2646,2951,cleanup:,},"}
/* }}}",5.564086437225342,"[[532, 1057, 97901]]","[-0.2515784502029419, -0.37194153666496277, -0.055904366075992584]",2.8487844467163086,False,1.0,-0.6794243529438972,-0.22647478431463242,3.0,-0.2515784502029419,-0.2515784502029419,1.0,0.0,0,6,7,2,0.8571428571428571,-22.116705277168755,-1.0930991713123293,True,2,0.6666666666666666,8.0,0.0,5.0,2.3200514468200084
~/anvil/data/cve-targets/libsndfile_repo_src_double64.c,76,70,214,if (psf->sf.channels < 1),if (double64_caps != double64_get_capability (psf)),	if (double64_caps != double64_get_capability (psf)),0.72700434923172,"[[743, 320, 4331, 21, 19, 52955, 961, 1990, 21, 19, 3062, 89686, 320, 1690, 69, 593]]","[-0.9906001091003418, -0.110800601541996, -0.6624188423156738, -0.0001932195882545784, -4.0649541915627196e-05, -0.00630615372210741, -1.162361979484558, -1.3695957660675049, -0.0008647278300486505, -4.2676016164477915e-05, -0.04057988524436951, -0.007661482319235802, -0.03159633278846741, -0.0032841814681887627, -8.344646857949556e-07, -0.08602503687143326]",1.4286458492279053,False,0.0,-4.472372478364946,-0.2795232798978091,16.0,-4.472372478364946,-0.2795232798978091,16.0,0.21370407402548558,1,18,17,17,1.0588235294117647,-2.6008722761750125,-1.13260512893315,True,11,0.6875,41.0,0.2894736842105263,11.0,1.748262963529205
~/anvil/data/cve-targets/libpng_repo_pngset.c,1095,940,1245,},#endif,#endif,8.741799354553223,[[2663]],[-0.2417995035648346],3.642534971237183,False,0.0,-0.2417995035648346,-0.2417995035648346,1.0,-0.2417995035648346,-0.2417995035648346,1.0,0.0,0,2,2,2,1.0,-36.15309057989547,-1.0716217712841785,True,1,1.0,6.0,0.0,1.0,2.7224018992268335
~/anvil/data/cve-targets/libsndfile_repo_src_paf.c,102,78,118,switch (subformat),if (psf->file.mode,	if (psf->file.mode,0.6847192645072937,"[[743, 320, 1690, 69, 405, 1192, 22981]]","[-0.9784228801727295, -0.7300387620925903, -0.6968184113502502, -7.116541382856667e-05, -0.001851512468419969, -0.2502121329307556, -0.27079010009765625]",1.292360782623291,False,0.0,-2.9282049645262305,-0.41831499493231866,7.0,-2.9282049645262305,-0.41831499493231866,7.0,0.12669265757755444,0,6,10,10,0.6,-1.636850872673302,-1.136470639471598,True,5,0.7142857142857143,16.0,0.33333333333333337,9.0,1.5920131482173563
~/anvil/data/cve-targets/sqlite3_repo_src_window.c,870,847,878,pSub->flags &= ~(EP_IntValue|EP_IsTrue|EP_IsFalse);,pList->a[nInit+i].sortFlags = pAppend->a[i].sortFlags;,          pList->a[nInit+i].sortFlags = pAppend->a[i].sortFlags;,1.927457332611084,"[[688, 281, 852, 405, 64, 7669, 3803, 21212, 936, 6860, 9195, 284, 281, 23877, 405, 64, 989, 936, 6860, 9195, 26, 151643]]","[-0.39758533239364624, -0.4567940831184387, -0.5585795640945435, -0.14657504856586456, -0.14122319221496582, -0.11410962790250778, -0.00018594920402392745, -0.037561144679784775, -0.02828334830701351, -0.6894814372062683, -0.009154725819826126, -0.15085935592651367, -0.17828547954559326, -0.2638682425022125, -7.164221460698172e-05, -0.003010624088346958, -0.0012154342839494348, -0.0003311085747554898, -0.002245525596663356, -0.0005104430601932108, -0.3545835316181183, -0.6339278221130371]",8.571224212646484,False,0.0,-4.1684426630308735,-0.18947466650140335,22.0,-3.5345148409178364,-0.16831023051989696,21.0,0.041233129741924515,1,21,32,32,0.65625,-11.451813277525204,-1.0555311035443569,True,18,0.8181818181818182,47.0,0.34285714285714286,28.0,2.2198218061439223
~/anvil/data/cve-targets/lua_repo_ldebug.c,155,146,160,*pos = ci->func - nextra + (n - 1);,*pos = ci->u.l.varargs[n-1];,"      *pos = ci->u.l.varargs[n-1];
      return s2v(*pos)->name;
   ",1.4758409261703491,"[[414, 353, 966, 284, 11825, 405, 84, 918, 19526, 2116, 7669, 12, 16, 935, 414, 470, 274, 17, 85, 4071, 966, 3997, 606, 280, 262]]","[-0.005921203177422285, -0.7045415043830872, -0.0029290891252458096, -0.017412647604942322, -1.692136526107788, -0.01801474206149578, -0.33961695432662964, -0.08460555225610733, -1.5269930362701416, -0.5699611902236938, -0.6565995216369629, -1.0092675685882568, -0.004461216740310192, -0.994041919708252, -0.036350611597299576, -0.09235530346632004, -2.031445264816284, -0.05617702007293701, -0.11921421438455582, -0.7101075053215027, -0.011674772016704082, -0.8308441638946533, -0.5594847202301025, -0.30890482664108276, -0.002819731365889311]",7.180946350097656,False,2.0,-12.385880806017667,-0.4954352322407067,25.0,-7.662853283807635,-0.5108568855871757,15.0,0.3109347062158864,1,24,40,26,0.6,-2.888951813723773,-1.01947430723406,True,16,0.64,17.0,0.5714285714285714,11.0,2.3424298945026973
~/anvil/data/cve-targets/openssl_repo_crypto_pkcs7_pk7_doit.c,178,159,299,const char *propq;,int i;,"    int i;
    EVP_CIPHER_CTX *ctx",2.0267879962921143,"[[262, 526, 600, 280, 262, 72758, 80973, 44233, 353, 3773]]","[-0.15981736779212952, -1.576996088027954, -0.6419943571090698, -0.7832767963409424, -0.4792042374610901, -1.8781261444091797, -0.22701141238212585, -0.22746208310127258, -0.02922782674431801, -0.0740303099155426]",8.354166984558105,False,1.0,-6.077146623283625,-0.6077146623283625,10.0,-3.641288846731186,-0.7282577693462372,5.0,0.22319547101687442,1,9,9,5,1.0,-2.7830640215642024,-1.049818849748618,True,6,0.6,14.0,0.33333333333333337,6.0,2.117068172662365
~/anvil/data/cve-targets/sqlite3_repo_src_where.c,2442,2336,2707,"** However, the nIn multiplier should only be applied once, not once","** The following loop checks that pTerm is the first such term in use,","        ** The following loop checks that pTerm is the first such term in use,
        ** and sets nIn back",2.737063407897949,"[[286, 3070, 576, 2701, 6337, 12341, 429, 281, 17249, 374, 279, 1156, 1741, 4647, 304, 990, 345, 286, 3070, 323, 7289, 308, 641, 1182]]","[-0.0022448119707405567, -0.1748138964176178, -1.6227655410766602, -2.707777738571167, -0.6343754529953003, -1.16447114944458, -0.1520499885082245, -0.16941864788532257, -0.00749300979077816, -0.0879024788737297, -0.06328295916318893, -0.11862488090991974, -0.07388085126876831, -0.021524401381611824, -0.09312064200639725, -0.5509373545646667, -0.23568794131278992, -0.0001397035230183974, -0.00026174934464506805, -0.0405421108007431, -0.06062899902462959, -0.12593446671962738, -0.09878582507371902, -0.2817845344543457]",8.733030319213867,False,1.0,-8.488449135082192,-0.35368538062842464,24.0,-7.880511449664482,-0.43780619164802675,18.0,0.4864242877221679,0,18,27,17,0.6666666666666666,-6.251769527504547,-1.0598095356213566,True,15,0.625,56.0,0.37681159420289856,18.0,2.2618859721290643
~/anvil/data/cve-targets/poppler_repo_poppler_GfxState.cc,3934,3805,4010,double b;,// The circles are tangent,        // The circles are tangent,2.937979459762573,"[[286, 442, 576, 25362, 525, 68660]]","[-0.018597284331917763, -0.7472993731498718, -2.0422005653381348, -1.3517435789108276, -0.30024951696395874, -1.3564422130584717]",7.921701431274414,False,0.0,-5.816532531753182,-0.9694220886255304,6.0,-5.816532531753182,-0.9694220886255304,6.0,0.47466769976705075,0,5,2,2,2.5,-3.0306504197032584,-1.0385297244454845,True,3,0.5,23.0,0.17142857142857137,4.0,2.2199804718563616
~/anvil/data/cve-targets/libsndfile_repo_src_common.c,1058,903,1208,"psf_memset (void *s, int c, sf_count_t len)","psf_memset (void * s, int c, size_t len)","psf_memset (void * s, int c, size_t len)",0.6146372556686401,"[[1690, 69, 12976, 746, 320, 1004, 353, 274, 11, 526, 272, 11, 1379, 528, 2422, 8, 151662]]","[-0.03475607931613922, -0.0002942844294011593, -0.3767494559288025, -0.8070665597915649, -0.019253628328442574, -0.1488310545682907, -0.0062674167566001415, -0.7444920539855957, -0.0009298768127337098, -0.036613818258047104, -0.003990307915955782, -0.0038425910752266645, -0.11875933408737183, -8.880697714630514e-05, -0.11462850123643875, -0.6338058114051819, -0.006829964462667704]",4.833506107330322,False,0.0,-3.0571995453356067,-0.17983526737268274,17.0,-3.050369580872939,-0.19064809880455869,16.0,0.07625699940379542,0,19,19,19,1.0,-3.2239359297190284,-1.0401853273931934,True,17,1.0,8.0,0.8674698795180723,1.0,2.1063176169285622
~/anvil/data/cve-targets/libpng_repo_png.c,2391,2368,2463,default:  goto PNG_FP_End;,case 101: type = PNG_FP_SAW,      case 101: type = PNG_FP_SAW,0.5088956356048584,"[[414, 1142, 220, 16, 15, 16, 25, 943, 284, 41639, 70981, 1098, 14419]]","[-0.025280438363552094, -0.2881060838699341, -0.025927532464265823, -0.8796772360801697, -0.19612078368663788, -0.5584402084350586, -0.0457635298371315, -0.3687605559825897, -0.00159172632265836, -0.004362352658063173, -5.1973900554003194e-05, -0.016922716051340103, -0.00020883286197204143]",5.573784828186035,False,0.0,-2.411213970513927,-0.18547799773184054,13.0,-2.411213970513927,-0.18547799773184054,13.0,0.06920206294131463,0,8,11,11,0.7272727272727273,-2.743698130387449,-1.0211116927784543,True,8,0.6153846153846154,18.0,0.4528301886792453,8.0,2.0434054301494236
~/anvil/data/cve-targets/sqlite3_repo_ext_rtree_rtree.c,3385,3358,3390,"*pzErr = sqlite3_mprintf(""%s"", sqlite3_errmsg(db));","*pzErr = sqlite3_mprintf(""%s"", sqlite3_errmsg(db));","      *pzErr = sqlite3_mprintf(""%s"", sqlite3_errmsg(db));",0.018367975950241,"[[414, 353, 66565, 7747, 284, 22003, 18, 717, 2517, 4430, 82, 497, 22003, 18, 9266, 3236, 9791, 5905, 151643]]","[-0.0074358596466481686, -0.0715167447924614, -9.452849917579442e-05, -4.0649541915627196e-05, -0.0033462028950452805, -0.00596398301422596, -5.0424259825376794e-05, -0.13479839265346527, -5.221230458118953e-05, -0.031454604119062424, -0.0016294547822326422, -0.0064141834154725075, -0.009138897061347961, -7.056941103655845e-05, -0.001365087111480534, -0.0002775999018922448, -0.0007559779332950711, -0.05754726380109787, -0.2197016477584839]",8.35069465637207,True,0.0,-0.5516542829027458,-0.029034435942249776,19.0,-0.3319526351442619,-0.018441813063570105,18.0,0.001205357224821222,1,24,24,24,1.0,-0.995996211810922,-1.0497277208144895,False,17,0.8947368421052632,0.0,1.0,0.0,1.0576627023029561
~/anvil/data/cve-targets/libtiff_repo_libtiff_tif_dir.c,113,82,118,},},	},0.5850687623023987,"[[197, 92, 151643]]","[-0.022167399525642395, -0.5342909693717957, -0.19257116317749023]",4.202083587646484,True,0.0,-0.7490295320749283,-0.24967651069164276,3.0,-0.556458368897438,-0.278229184448719,2.0,0.06556763769799195,1,2,2,2,1.0,-2.1028303104207025,-1.0567355218015198,False,1,0.3333333333333333,0.0,1.0,0.0,0.8453558698536916
~/anvil/data/cve-targets/openssl_repo_crypto_x509_v3_addr.c,1169,1014,1319,#undef validation_err,/*,"/*
 * RFC ",2.278083562850952,"[[3284, 353, 39233, 220]]","[-0.7765636444091797, -0.0028794039972126484, -0.7237380146980286, -0.00586645258590579]",2.402951717376709,False,1.0,-1.5090475156903267,-0.3772618789225817,4.0,-0.7765636444091797,-0.7765636444091797,1.0,0.0,0,4,6,3,0.6666666666666666,-2.9335439268266925,-1.1053508064018018,True,3,0.75,21.0,0.0,3.0,1.873000490087615
~/anvil/data/cve-targets/sqlite3_repo_src_pragma.c,513,505,526,if( !zRight ){,if( pBt->pDb ){,"    if( pBt->pDb ){
",1.8834308385849,"[[262, 421, 7, 281, 33, 83, 405, 79, 7994, 10959]]","[-0.2522529363632202, -0.44937893748283386, -0.024630947038531303, -0.8064150810241699, -0.3173433840274811, -0.0003570872650016099, -0.29238802194595337, -1.2835386991500854, -1.0233129262924194, -1.1698440313339233]",5.025173664093018,False,1.0,-5.61946205192362,-0.5619462051923619,10.0,-5.61946205192362,-0.5619462051923619,10.0,0.20080232657667887,0,12,13,13,0.9230769230769231,-3.351621242713394,-1.0352130053102833,True,6,0.6,8.0,0.5517241379310345,4.0,2.1915527155200523
~/anvil/data/cve-targets/libsndfile_repo_src_common.c,594,470,684,return count ;,break ;,						break ;,4.359751224517822,"[[1144, 3388, 2587, 151643]]","[-0.047479093074798584, -0.053353920578956604, -0.5331215858459473, -0.7362709641456604]",7.07504415512085,False,0.0,-1.3702255636453629,-0.3425563909113407,4.0,-0.6339545994997025,-0.21131819983323416,3.0,0.051784461890990875,1,5,4,4,1.25,-20.631215048956523,-1.0167787629378617,True,3,0.75,11.0,0.38095238095238093,3.0,2.4675755483390054
~/anvil/data/cve-targets/openssl_repo_crypto_rsa_rsa_ameth.c,545,534,551,"int magma_int = ossl_rsa_pss_to_ctx(ctx, NULL, sigalg, pkey);",/* Check the signature */,"
    /* Check the signature */
    if (magma_int) {
        /* Carry on */
        return 2;
    }
    return -1;
}

",2.7046215534210205,"[[198, 262, 1391, 4248, 279, 11957, 735, 262, 421, 320, 76, 5716, 4042, 8, 341, 286, 1391, 62742, 389, 735, 286, 470, 220, 17, 280, 262, 456, 262, 470, 481, 16, 280, 630]]","[-0.24354614317417145, -0.009662289172410965, -0.5034831762313843, -2.140977144241333, -1.6321301460266113, -1.4435617923736572, -1.1477417945861816, -0.006304021459072828, -0.5019814968109131, -0.6181342601776123, -1.7150245904922485, -0.014720281586050987, -0.5318697690963745, -0.3356487452983856, -0.03822902962565422, -0.0057852682657539845, -0.6076462864875793, -0.667987048625946, -0.00500817596912384, -0.06400758028030396, -0.021229997277259827, -0.08787409216165543, -0.04722577705979347, -0.7146542072296143, -0.012196484953165054, -0.0004379982128739357, -0.5937235355377197, -0.007787936367094517, -0.21012835204601288, -0.06733956933021545, -0.005301701836287975, -0.03670540824532509, -0.1649230271577835]",9.55625057220459,False,9.0,-14.20297712739557,-0.43039324628471426,33.0,-7.127406507264823,-0.8909258134081028,8.0,0.5764708142900155,1,20,21,2,0.9523809523809523,-3.035742721467343,-1.081846945158906,True,21,0.6363636363636364,53.0,0.2093023255813954,19.0,2.195155245246432
~/anvil/data/cve-targets/openssl_repo_crypto_x509_x509_obj.c,80,17,173,? (int)sizeof(ebcdic_buf) : num);,? 0 : (unsigned char *)q);,"                    ? 0 : (unsigned char *)q);
            if (q != ebcdic_buf)",0.806523859500885,"[[503, 937, 220, 15, 549, 320, 3626, 1161, 2586, 80, 317, 310, 421, 320, 80, 961, 24463, 4385, 292, 10363, 8]]","[-2.131303310394287, -0.7626621723175049, -1.5266304016113281, -0.4914928078651428, -0.2446558028459549, -1.555883765220642, -0.9433143138885498, -0.6825370788574219, -0.8382953405380249, -0.7220969796180725, -1.453745722770691, -0.5240583419799805, -1.6391962766647339, -0.24801889061927795, -1.735076904296875, -1.175197720527649, -0.07328777015209198, -2.5152843591058627e-05, -1.1801649634435307e-05, -0.00015233787416946143, -0.6104860901832581]",0.1465277820825576,False,1.0,-17.35812898271888,-0.8265775706056611,21.0,-11.8766760379076,-0.9897230031589667,12.0,0.28251332393871514,1,20,30,19,0.6666666666666666,-0.8148985695256629,-1.1694965473876433,True,13,0.6190476190476191,25.0,0.4067796610169492,15.0,1.636574353526204
~/anvil/data/cve-targets/sqlite3_repo_src_expr.c,5439,5367,5449,|| (pRight->op==TK_COLUMN && IsVirtual(pRight->y.pTab)),&& pRight->op==TK_COLUMN && IsVirtual(pRight->y.pTab),"        && pRight->op==TK_COLUMN && IsVirtual(pRight->y.pTab)
        && pWalker->u.iCur==pLeft",0.1175333559513092,"[[286, 1009, 281, 5979, 405, 453, 418, 15778, 36183, 1009, 2160, 33026, 1295, 5979, 405, 88, 556, 8582, 340, 286, 1009, 281, 84892, 405, 84, 8607, 16704, 418, 79, 5415]]","[-0.8486965894699097, -0.58198082447052, -0.8539121150970459, -0.2176435887813568, -0.03555791825056076, -0.13130876421928406, -0.09629470854997635, -0.002754824236035347, -0.2515532374382019, -0.7428905367851257, -0.26118794083595276, -0.006645009852945805, -0.009208706207573414, -0.005597156938165426, -0.0002810560108628124, -0.06240808591246605, -0.0003680505615193397, -0.0029087637085467577, -0.5290176868438721, -0.617755651473999, -0.16345186531543732, -0.4947583079338074, -0.4611784815788269, -0.00482537504285574, -0.3317563533782959, -0.015325290150940418, -0.019131889566779137, -0.2265700399875641, -0.034030914306640625, -0.7683557868003845]",2.4472219944000244,False,1.0,-7.777355519705452,-0.25924518399018176,30.0,-5.25797121564392,-0.262898560782196,20.0,0.09149628866605856,1,26,33,21,0.7878787878787878,-0.44706732361567497,-1.1041281284700584,True,19,0.6333333333333333,4.0,0.9444444444444444,19.0,1.8801050317432855
~/anvil/data/cve-targets/php_repo_ext_intl_locale_locale_methods.c,408,384,489,},},"	}
	if",1.4248236417770386,"[[197, 532, 743]]","[-0.012729932554066181, -0.8482282161712646, -0.949687123298645]",8.549479484558105,True,1.0,-1.8106452720239758,-0.6035484240079919,3.0,-0.8609581487253308,-0.4304790743626654,2.0,0.17451434548182115,1,2,3,2,0.6666666666666666,-3.3098557552106898,-1.0549574535608854,False,1,0.3333333333333333,0.0,1.0,0.0,0.948530332292836
~/anvil/data/cve-targets/php_repo_ext_exif_exif.c,1993,1981,2001,for (i=0; i<ImageInfo->file.count; i++) {,for (i = 0; i < ImageInfo->file.count; i++) {,		for (i = 0; i < ImageInfo->file.count; i++) {,0.1677021980285644,"[[197, 2023, 320, 72, 284, 220, 15, 26, 600, 366, 4654, 1731, 405, 1192, 6501, 26, 600, 2457, 314, 151664]]","[-0.011691031977534294, -0.0301754642277956, -0.03876413777470589, -0.0026742194313555956, -0.14301703870296478, -0.03208894282579422, -0.00488504720851779, -0.02412790060043335, -0.005079697351902723, -0.02833213470876217, -0.01438203640282154, -8.391981828026474e-05, -9.619726915843785e-05, -0.0008282806375063956, -0.002314509591087699, -0.004886351991444826, -0.1277531087398529, -0.07187116146087646, -0.06282104551792145, -0.6814464926719666]",7.776952743530273,False,0.0,-1.287318718910683,-0.06436593594553415,20.0,-0.6058722262387164,-0.03188801190730086,19.0,0.0016749830057172141,0,27,27,27,1.0,-5.259098576483172,-1.0347783707133897,True,16,0.8,4.0,0.9534883720930233,0.0,2.167033362740251
~/anvil/data/cve-targets/libtiff_repo_libtiff_tif_predict.c,177,101,179,},if (,		if (,6.6627278327941895,"[[197, 743, 320]]","[-0.2798764407634735, -0.8499115109443665, -0.9269478917121887]",4.784028053283691,False,0.0,-2.0567358434200287,-0.6855786144733429,3.0,-2.0567358434200287,-0.6855786144733429,3.0,0.08328622753675734,0,2,3,3,0.6666666666666666,-9.718400912946292,-1.0414727821346605,True,1,0.3333333333333333,4.0,0.0,2.0,2.601387426437402
~/anvil/data/cve-targets/libxml2_repo_xmlmemory.c,898,874,902,"xmlGenericError(xmlGenericErrorContext,","xmlGenericError(xmlGenericErrorContext,","     xmlGenericError(xmlGenericErrorContext,",0.0827579796314239,"[[257, 8396, 19964, 1454, 29932, 19964, 1454, 1972, 11, 151643]]","[-0.23131434619426727, -0.1384766399860382, -0.1166878268122673, -0.03148094192147255, -0.06770393252372742, -0.009081841446459293, -0.0045730057172477245, -0.002871915465220809, -0.2791893184185028, -0.08313260227441788]",2.6779518127441406,True,0.0,-0.9645123707596213,-0.09645123707596212,10.0,-0.8813797684852034,-0.09793108538724482,9.0,0.009290762884819559,0,5,5,5,1.0,-0.8450634372546516,-1.097777579777415,False,8,0.8,0.0,1.0,0.0,0.6621901728615627
~/anvil/data/cve-targets/php_repo_ext_phar_phar.c,701,632,1125,"PHAR_GET_32(buffer, manifest_count);",/* read in the manifest */,"	/* read in the manifest */
	buffer = (char *)emalloc(manifest_len);
",0.2935665845870971,"[[197, 1057, 1349, 304, 279, 14455, 735, 31122, 284, 320, 1762, 2586, 336, 4742, 60671, 6962, 6043, 317]]","[-1.2987697124481201, -0.6387143731117249, -2.1124918460845947, -0.4451189637184143, -1.167809247970581, -0.7942427396774292, -0.6363138556480408, -1.1920230388641357, -0.042598217725753784, -0.6485755443572998, -0.0036060088314116, -0.012163274921476841, -0.2315051257610321, -0.0005824061809107661, -0.05791093781590462, -0.00012563870404846966, -0.016984717920422554, -0.22624409198760986]",1.6104170083999634,False,2.0,-9.525779741728911,-0.5292099856516062,18.0,-7.093460738658905,-1.0133515340941293,7.0,0.28097678264812165,1,11,20,2,0.55,-0.28969866301088365,-1.1274699319747032,True,11,0.6111111111111112,26.0,0.32258064516129037,10.0,1.6390139712299183
~/anvil/data/cve-targets/openssl_repo_crypto_bn_bn_gf2m.c,812,790,817,"ret = BN_GF2m_mod_exp_arr(r, a, b, arr, ctx);","ret = BN_GF2m_mod_exp_arr(r, a, b, arr, max, ctx);","    ret = BN_GF2m_mod_exp_arr(r, a, b, arr, max, ctx);
    OPENSSL_free(arr);
    return",0.3523961007595062,"[[262, 2112, 284, 45316, 79365, 17, 76, 7480, 14214, 11210, 2601, 11, 264, 11, 293, 11, 2890, 11, 1932, 11, 5635, 317, 262, 29841, 22594, 8905, 10939, 317, 262, 470]]","[-0.321894109249115, -0.24760083854198456, -0.00897433515638113, -0.052223801612854004, -0.112625852227211, -0.0004314445541240275, -0.010372421704232693, -0.3601582944393158, -0.15020939707756042, -0.08193275332450867, -0.5490080118179321, -0.005369171034544706, -0.5268685221672058, -0.007477982901036739, -0.1575734168291092, -0.0014116332167759538, -0.11610390245914459, -0.01381725538522005, -0.29548630118370056, -0.02396439202129841, -0.11551421880722046, -0.26863548159599304, -0.42019087076187134, -0.18024161458015442, -0.00018666432879399508, -0.041111335158348083, -0.0019397982396185398, -0.5321181416511536, -0.03127969428896904, -0.12943385541439056]",8.34240436553955,False,2.0,-4.7641555117297685,-0.15880518372432562,30.0,-3.8478444080683403,-0.16729758295949307,23.0,0.02883998881467583,0,20,33,22,0.6060606060606061,-2.1064028214013715,-1.049510179656249,True,19,0.6333333333333333,5.0,0.9473684210526316,2.0,2.051342405862469
~/anvil/data/cve-targets/libtiff_repo_libtiff_tif_predict.c,437,429,475,unsigned char* cp = (unsigned char*) cp0;,if (cc > stride) {,"	if (cc > stride) {
		cc -= stride;
		/*
		 * Pipeline",0.7597846388816833,"[[743, 320, 638, 861, 19228, 8, 341, 197, 63517, 5982, 19228, 280, 197, 197, 3284, 298, 353, 40907]]","[-1.4636785984039307, -0.07326140999794006, -0.0826202854514122, -0.33368223905563354, -0.124876469373703, -0.05452531948685646, -0.02798628993332386, -0.0023456697817891836, -0.05888933688402176, -0.005327670369297266, -0.001141492510214448, -0.011363309808075428, -0.002197353169322014, -0.3735962212085724, -0.02989620715379715, -0.0011809049174189568, -0.00017998983094003052, -0.1484318971633911]",1.1335070133209229,False,3.0,-2.7951806644996395,-0.15528781469442443,18.0,-2.162976281484589,-0.2703720351855736,8.0,0.21255497502825813,1,21,20,13,1.05,-2.8101450594185695,-1.140992929432579,True,12,0.6666666666666666,32.0,0.3728813559322034,20.0,1.7534774928189871
~/anvil/data/cve-targets/php_repo_ext_phar_phar.c,698,632,1125,"if (manifest_len < 10 || manifest_len != php_stream_read(fp, buffer, manifest_len)) {","if (zend_hash_find(&mydata->manifest, buffer, 4, (void**)&entry) == FAILURE) {","	if (zend_hash_find(&mydata->manifest, buffer, 4, (void**)&entry) == FAILURE) {
		efree(savebuf);
		",0.9148916602134703,"[[743, 320, 85348, 8950, 21814, 2099, 2408, 691, 405, 42315, 11, 4147, 11, 220, 19, 11, 320, 1004, 63698, 4085, 8, 621, 64024, 8, 341, 197, 197, 823, 765, 33546, 5909, 317, 197, 197]]","[-1.2302790880203247, -0.5161834359169006, -1.455572247505188, -0.17553338408470154, -1.6300616264343262, -0.7057715058326721, -0.3996615707874298, -0.00010144196130568162, -0.00047958316281437874, -0.012866809964179993, -0.007645393256098032, -0.7463284134864807, -0.06058153882622719, -1.3823214769363403, -0.6679525971412659, -0.16342584788799286, -0.7982761859893799, -0.08191517740488052, -1.2204854488372803, -1.1280958652496338, -0.988456130027771, -0.5710287094116211, -0.26362934708595276, -0.08536666631698608, -0.38905662298202515, -0.00640577357262373, -0.5203824043273926, -0.43122977018356323, -3.528532761265524e-05, -0.0758255198597908, -3.0040289857424796e-05, -0.001928376266732812, -0.0011730464175343513, -0.16702982783317566]",0.9932289123535156,False,2.0,-15.885116158588062,-0.4672092987820018,34.0,-15.207864292409795,-0.5632542330522147,27.0,0.2530154520818564,1,28,48,40,0.5833333333333334,-1.62429611093337,-1.1450013620497588,True,23,0.6764705882352942,65.0,0.4049079754601227,31.0,1.8352067249119497
~/anvil/data/cve-targets/libxml2_repo_valid.c,694,599,739,if ((ocur == XML_ELEMENT_CONTENT_PLUS) ||,if (ocur != XML_ELEMENT_CONTENT_ONCE) {,"	    if (ocur != XML_ELEMENT_CONTENT_ONCE) {
		ctxt->state =",0.7187800407409668,"[[2760, 421, 320, 509, 324, 961, 11874, 27156, 25560, 98814, 8, 341, 197, 197, 77492, 405, 2454, 284]]","[-0.002812836552038789, -0.09580068290233612, -0.37240928411483765, -0.04185105115175247, -0.00019095504831057042, -0.2587386667728424, -0.04536818712949753, -0.00010132275929208845, -2.753696753643453e-05, -0.0833485797047615, -0.08142486959695816, -0.2272365391254425, -0.011958691291511059, -0.06137740612030029, -0.013234979473054409, -3.85038583772257e-05, -0.0004228651523590088, -0.002702158410102129]",9.557119369506836,False,1.0,-1.2990451161313104,-0.07216917311840614,18.0,-1.2826466092374176,-0.09161761494552982,14.0,0.012160035629373336,0,11,15,13,0.7333333333333333,-7.845434976323157,-1.0818704430567763,True,11,0.6111111111111112,8.0,0.825,8.0,1.8651645867214908
~/anvil/data/cve-targets/libxml2_repo_valid.c,1210,1186,1278,},},"            }
	   ",1.4083499908447266,"[[310, 456, 2760]]","[-0.08109130710363388, -0.25392603874206543, -0.9001137018203735]",4.554860591888428,True,1.0,-1.2351310476660728,-0.41171034922202426,3.0,-1.2351310476660728,-0.41171034922202426,3.0,0.12424755815807516,1,2,2,2,1.0,-3.42073011646652,-1.0474566990949612,False,1,0.3333333333333333,0.0,1.0,0.0,0.9758246897582294
~/anvil/data/cve-targets/php_repo_ext_standard_dns.c,738,725,945,#if defined(HAVE_DNS_SEARCH),#if defined(HAVE_DNS_SEARCH),#if defined(HAVE_DNS_SEARCH),0.0998965501785278,"[[2653, 4512, 10896, 9493, 1557, 2448, 33708, 8, 151643]]","[-0.5754827857017517, -0.029087034985423088, -0.01143921073526144, -0.0005744237569160759, -0.05151278153061867, -0.0004190520558040589, -0.012067290022969246, -0.11408229917287827, -0.55070960521698]",1.6703121662139893,True,0.0,-1.3453744831786025,-0.14948605368651138,9.0,-0.7946648779616226,-0.09933310974520282,8.0,0.03362940961921062,0,7,7,7,1.0,-1.0056722318949871,-1.1257829455812074,False,8,0.8888888888888888,0.0,1.0,0.0,0.5779234904410033
~/anvil/data/cve-targets/libtiff_repo_libtiff_tif_pixarlog.c,1152,1136,1165,*/,* This,	 * This,1.872990369796753,"[[197, 353, 1096]]","[-0.1639554798603058, -0.5860094428062439, -1.989359736442566]",3.746701240539551,False,0.0,-2.7393246591091156,-0.9131082197030386,3.0,-2.7393246591091156,-0.9131082197030386,3.0,0.6088469215817951,1,3,3,3,1.0,-2.0512249582047213,-1.068834730753969,True,1,0.3333333333333333,5.0,0.25,3.0,1.9572736279113718
~/anvil/data/cve-targets/libxml2_repo_HTMLparser.c,2792,2772,2812,*/,*/,"     */
   ",1.858100414276123,"[[257, 735, 262]]","[-0.05156226083636284, -0.352209210395813, -0.015858128666877747]",5.38003396987915,True,1.0,-0.4196295998990536,-0.13987653329968452,3.0,-0.4196295998990536,-0.13987653329968452,3.0,0.022755047057067056,1,3,3,3,1.0,-13.283860919652302,-1.026069722538728,False,1,0.3333333333333333,0.0,1.0,0.0,1.1219496071518364
~/anvil/data/cve-targets/libsndfile_repo_src_wavlike.c,416,409,457,int format = 0 ;,int format ;,"	int format ;
	int blockwidth ;
	int by",0.8856767416000366,"[[2084, 3561, 4386, 2084, 2504, 3098, 4386, 2084, 553]]","[-1.7353589534759521, -0.22240743041038513, -0.9391292333602905, -1.2339917421340942, -1.4354971647262573, -0.5817528963088989, -0.4307163655757904, -0.6545969247817993, -0.5193536281585693]",0.7006944417953491,False,2.0,-7.752804338932037,-0.8614227043257819,9.0,-2.896895617246628,-0.9656318724155426,3.0,0.38185491346284967,0,8,13,5,0.6153846153846154,-0.9171991593281847,-1.153405866361162,True,6,0.6666666666666666,4.0,0.8571428571428572,3.0,1.5718864466838673
~/anvil/data/cve-targets/libsndfile_repo_src_common.c,596,470,684,"header_put_be_int (psf, size) ;","header_put_be_int (psf, size) ;","						header_put_be_int (psf, size) ;",0.0897107198834419,"[[1144, 20883, 15557, 21263, 4042, 320, 1690, 69, 11, 1379, 8, 2587, 151662]]","[-0.08453018963336945, -0.03709063678979874, -0.00023588736075907946, -0.052813444286584854, -0.3559461236000061, -0.0012154342839494348, -0.00022384998737834394, -4.768370445162873e-07, -0.0008704449282959104, -0.08704441040754318, -0.0031798535492271185, -0.5403080582618713, -0.6228029727935791]",6.331640243530273,True,0.0,-1.7862617827194072,-0.13740475251687748,13.0,-1.163458809925828,-0.09695490082715234,12.0,0.027060576412386825,1,11,11,11,1.0,-0.9252829833055566,-1.0019474370864854,False,11,0.8461538461538461,0.0,1.0,0.0,1.1040083781469554
~/anvil/data/cve-targets/libsndfile_repo_src_ulaw.c,729,574,879,"0x82, 0x82, 0x82, 0x82, 0x82, 0x82, 0x82, 0x82, 0x82, 0x82, 0x82, 0x82,","0x82, 0x82, 0x82, 0x82, 0x82, 0x82, 0x82, 0x82, 0x82, 0x82, 0x82, 0x82,","	0x82, 0x82, 0x82, 0x82, 0x82, 0x82, 0x82, 0x82, 0x82, 0x82, 0x82, 0x82,
	0x82, 0x82, 0x82, 0x82, 0x82, 0x82,",0.0868648141622543,"[[197, 15, 87, 23, 17, 11, 220, 15, 87, 23, 17, 11, 220, 15, 87, 23, 17, 11, 220, 15, 87, 23, 17, 11, 220, 15, 87, 23, 17, 11, 220, 15, 87, 23, 17, 11, 220, 15, 87, 23, 17, 11, 220, 15, 87, 23, 17, 11, 220, 15, 87, 23, 17, 11, 220, 15, 87, 23, 17, 11, 220, 15, 87, 23, 17, 11, 220, 15, 87, 23, 17, 345, 197, 15, 87, 23, 17, 11, 220, 15, 87, 23, 17, 11, 220, 15, 87, 23, 17, 11, 220, 15, 87, 23, 17, 11, 220, 15, 87, 23, 17, 11, 220, 15, 87, 23, 17, 11]]","[-0.030836043879389763, -0.0008062449633143842, -0.0010035961167886853, -0.03483068570494652, -0.10151978582143784, -0.00013159839727450162, -0.00012694983161054552, -9.775113539944869e-06, -0.00012838016846217215, -0.002063408959656954, -0.0026165556628257036, -5.6503606174374e-05, -2.634490556374658e-05, -1.0132738680113107e-05, -6.639736966462806e-05, -0.0005287918029353023, -0.0018242637161165476, -7.70062324590981e-05, -2.4318398573086597e-05, -1.1444026313256472e-05, -5.94836674281396e-05, -0.00016509123088326305, -0.0012346034636721015, -7.86750388215296e-05, -2.3245540432981215e-05, -1.3112935448589269e-05, -9.965400386136025e-05, -0.00010418349120300263, -0.0006517431465908885, -0.00010501786891836673, -1.1444026313256472e-05, -1.0132738680113107e-05, -4.9232225137529895e-05, -4.625213477993384e-05, -0.0003513672563713044, -0.0001731960946926847, -2.1934269170742482e-05, -9.65590606938349e-06, -5.149708886165172e-05, -5.0424259825376794e-05, -0.0007564543629996479, -0.00030357998912222683, -2.312633478140924e-05, -1.156323378381785e-05, -8.570780482841656e-05, -0.00015615197480656207, -0.002927187131717801, -0.0004555141495075077, -2.3245540432981215e-05, -7.867782187531702e-06, -5.3881147323409095e-05, -0.00014506718434859067, -0.0013761583250015974, -0.001090289675630629, -4.6967357775429264e-05, -1.1444026313256472e-05, -5.2689116273541003e-05, -0.00010346830822527409, -0.0009014118695631623, -0.006769224535673857, -8.237022848334163e-05, -1.3470558769768104e-05, -5.400034933700226e-05, -9.583967766957358e-05, -0.0007681279676035047, -0.029819265007972717, -0.00013517419574782252, -1.168244216387393e-05, -4.625213477993384e-05, -0.0001248043408850208, -0.0009709649602882564, -0.0068917665630578995, -0.00027092601521871984, -0.0004024887748528272, -0.00018273114983458072, -0.0004247716860845685, -0.0014278227463364601, -9.321732068201527e-05, -1.6927575416048057e-05, -1.3947389561508317e-05, -6.8662193370983e-05, -9.047575440490618e-05, -0.0006847421173006296, -8.689979586051777e-05, -1.0371154530730564e-05, -1.0490362910786644e-05, -7.974783511599526e-05, -0.00012206286191940308, -0.0023425775580108166, -0.00015817821258679032, -2.2053474822314456e-05, -1.1920858014491387e-05, -8.165503095369786e-05, -0.00017915551143232733, -0.00356704811565578, -9.762764238985255e-05, -1.3112935448589269e-05, -8.4638240878121e-06, -5.113947918289341e-05, -9.417090768693015e-05, -0.0008186326595023274, -7.426462980220094e-05, -1.0371154530730564e-05, -8.22540732769994e-06, -3.2066785934148356e-05, -3.9934315282152966e-05, -0.0005197366117499769, -8.987976616481319e-05]",6.93680477142334,True,1.0,-0.24652939169391175,-0.0022826795527214052,108.0,-0.23459381809516344,-0.0032136139465090883,73.0,0.0001744192409918269,0,25,37,25,0.6756756756756757,-27.03025802356084,-1.013270856326317,False,71,0.6574074074074074,0.0,1.0,0.0,1.2187178647734696
~/anvil/data/cve-targets/sqlite3_repo_src_expr.c,97,90,105,"Expr *pNew = sqlite3ExprAlloc(pParse->db, TK_COLLATE, pCollName, 1);","Expr *pNew = sqlite3ExprDup(pParse, pExpr);","    Expr *pNew = sqlite3ExprDup(pParse, pExpr);
    if( pNew ){
      pNew->pLeft = pExpr;
      pNew->flags |= EP",0.8160986304283142,"[[262, 28819, 353, 79, 3564, 284, 22003, 18, 16041, 85713, 1295, 14463, 11, 281, 16041, 317, 262, 421, 7, 281, 3564, 10959, 414, 281, 3564, 405, 79, 5415, 284, 281, 16041, 280, 414, 281, 3564, 405, 11161, 8662, 19072]]","[-0.037627849727869034, -0.3783688545227051, -0.06984373927116394, -0.009651427157223225, -0.04131244495511055, -0.2565906047821045, -0.517074704170227, -0.007275159936398268, -0.3339391350746155, -1.5343962907791138, -0.2355811446905136, -0.3798440992832184, -0.1791255623102188, -0.22912301123142242, -0.3213909864425659, -0.859955906867981, -0.05761580169200897, -1.0156124830245972, -0.006194913759827614, -0.5135614275932312, -0.14134366810321808, -0.38231977820396423, -0.0029273061081767082, -0.6436527371406555, -0.035058729350566864, -0.0018970841774716973, -0.5456017255783081, -0.738495409488678, -0.018720023334026337, -0.28258463740348816, -0.425512433052063, -0.33522433042526245, -0.005673496052622795, -0.0993715301156044, -0.04237440228462219, -0.00036554806865751743, -0.2708534896373749, -0.15018610656261444, -0.011525004170835018]",7.059721946716309,False,3.0,-11.117772986530326,-0.28507110221872634,39.0,-5.44871672289446,-0.3205127484055565,17.0,0.13732459844992784,1,24,39,17,0.6153846153846154,-2.5462282997731958,-1.0163893551222933,True,25,0.6410256410256411,31.0,0.6666666666666667,9.0,2.278809525354574
~/anvil/data/cve-targets/sqlite3_repo_src_resolve.c,875,717,1141,pNC->nNcErr++;,pNC->nNcErr++;,"              pNC->nNcErr++;
            }else{
",0.2496064454317093,"[[1060, 281, 9949, 405, 77, 45, 66, 7747, 3507, 310, 335, 1503, 515]]","[-0.32223621010780334, -0.598063051700592, -0.41817694902420044, -0.00021562635083682835, -0.006043730769306421, -0.005434026941657066, -0.00029059001826681197, -0.00262880208902061, -0.48218321800231934, -0.2964755594730377, -0.7005646824836731, -0.07274255901575089, -0.3433433771133423]",4.116145610809326,True,2.0,-3.248398383089807,-0.24987679869921592,13.0,-2.1317477644770406,-0.21317477644770405,10.0,0.05024242064300107,0,9,14,9,0.6428571428571429,-1.1709004676401884,-1.059008305227294,False,8,0.6153846153846154,0.0,1.0,0.0,0.8776064985317004
~/anvil/data/cve-targets/php_repo_ext_phar_util.c,399,288,436,return FAILURE;,return FAILURE;,"					return FAILURE;
				",0.6404174566268921,"[[464, 853, 64024, 280, 571, 197]]","[-0.1023821011185646, -0.010267061181366444, -0.00033396866638213396, -0.16049502789974213, -0.003431149059906602, -0.00033790123416110873]",11.65542697906494,True,1.0,-0.277247209160123,-0.04620786819335384,6.0,-0.277247209160123,-0.04620786819335384,6.0,0.003924526192272036,0,5,5,5,1.0,-13.859489339501806,-1.140137791796543,False,3,0.5,0.0,1.0,0.0,0.5613039046052453
~/anvil/data/cve-targets/libtiff_repo_libtiff_tif_jbig.c,100,39,108,"decodedSize, (unsigned long)size);","decodedSize, size);","	                   decodedSize, size);
	}
	else
	{
",0.8769102692604065,"[[197, 4293, 29213, 1695, 11, 1379, 317, 197, 532, 2466, 198, 197, 515]]","[-0.8254349231719971, -0.5598965287208557, -0.14473435282707214, -7.986990567587782e-06, -0.01361347921192646, -0.08987370133399963, -0.23652879893779755, -0.1349000632762909, -0.3440258502960205, -0.4280659258365631, -0.10893192142248154, -0.023481037467718124, -0.009766887873411179]",1.8522573709487915,False,4.0,-2.9192614573667015,-0.2245585736435924,13.0,-2.004989834470507,-0.2506237293088134,8.0,0.07446043093538252,1,14,12,7,1.1666666666666667,-3.498911582230491,-1.120673803974908,True,8,0.6153846153846154,15.0,0.7169811320754718,11.0,1.766411687169699
~/anvil/data/cve-targets/libtiff_repo_libtiff_tif_read.c,439,414,449,stripsperplane=((td->td_imagelength+rowsperstrip-1)/rowsperstrip);,stripsperplane=td->td_stripsizeperplane;,"	stripsperplane=td->td_stripsizeperplane;
	if (stripsperplane>td->td_imagelength)
		stripsperplane=",0.455153614282608,"[[18388, 75716, 712, 19025, 28, 1296, 405, 1296, 66130, 2141, 712, 19025, 280, 743, 320, 29872, 1690, 712, 19025, 29, 1296, 405, 1296, 88609, 301, 996, 340, 197, 18388, 75716, 712, 19025, 28]]","[-1.005837321281433, -0.007039033342152834, -0.009040257893502712, -0.00018690270371735096, -0.17745916545391083, -0.0619177520275116, -0.00021610308613162488, -0.003325648372992873, -0.8035085797309875, -0.6824037432670593, -1.3112562894821167, -0.3188558518886566, -0.6748177409172058, -0.3554930090904236, -0.18186989426612854, -0.12533237040042877, -0.00041869457345455885, -0.00076908094342798, -7.962863310240209e-05, -0.4793241024017334, -0.0795544907450676, -0.00011121608258690685, -0.0005640584276989102, -0.41523727774620056, -0.16292054951190948, -0.0002588890492916107, -0.1255708485841751, -0.002541171619668603, -0.047272853553295135, -0.0001408954558428377, -9.715084888739511e-05, -4.494089080253616e-05, -0.005423475056886673]",4.38906192779541,False,2.0,-7.0388889873283915,-0.21329966628267852,33.0,-5.055864389447379,-0.38891264534210607,13.0,0.18989454637751596,1,25,23,10,1.0869565217391304,-1.170323515405968,-1.0518073826200482,True,22,0.6666666666666666,35.0,0.6226415094339622,16.0,2.111001575931704
~/anvil/data/cve-targets/libsndfile_repo_src_alaw.c,308,301,313,if (ptr [i] >= 0),if (ptr [i] < 0),		if (ptr [i] < 0),0.3888347446918487,"[[197, 743, 320, 3505, 508, 72, 60, 366, 220, 15, 8, 151664]]","[-0.03077189065515995, -0.021000295877456665, -0.14327707886695862, -0.3950503468513489, -0.005666028708219528, -0.0026082326658070087, -0.008250322192907333, -1.2183829545974731, -0.20293395221233368, -0.12933875620365143, -0.7236461043357849, -1.0436254739761353]",6.236806392669678,False,0.0,-3.9245514371432364,-0.3270459530952697,12.0,-2.880925963167101,-0.2619023602879183,11.0,0.13541800870503137,1,17,17,17,1.0,-1.4846553664670652,-1.0043257185878616,True,10,0.8333333333333334,2.0,0.9090909090909091,1.0,2.197224192780751
~/anvil/data/cve-targets/libtiff_repo_libtiff_tif_dirread.c,4239,4220,4241,m=o->tdir_tag+1;,m=o->tdir_tag;,		m=o->tdir_tag;,0.740392804145813,"[[197, 2109, 85876, 405, 1296, 404, 9372, 26, 151643]]","[-0.026238787919282913, -0.5425479412078857, -0.39662477374076843, -0.0002441108226776123, -0.0021190824918448925, -0.0027895369566977024, -0.02290937304496765, -0.4526480436325073, -0.5396153926849365]",7.25624942779541,False,0.0,-1.9857370425015688,-0.22063744916684097,9.0,-1.4461216498166323,-0.18076520622707903,8.0,0.04954711222269256,0,13,10,10,1.3,-4.095881168722947,-1.0213953537498464,True,9,1.0,2.0,0.9333333333333333,3.0,2.125655288728633
~/anvil/data/cve-targets/libtiff_repo_libtiff_tif_ojpeg.c,735,727,747,(void)s;,if (sp->libjpeg,	if (sp->libjpeg,1.8394689559936523,"[[743, 320, 2154, 405, 2740, 30921]]","[-0.9996780157089233, -0.12279293686151505, -0.3741619288921356, -0.015352173708379269, -0.3325689435005188, -0.002831618534401059]",1.0779515504837036,False,0.0,-1.8473856172058731,-0.3078976028676455,6.0,-1.8473856172058731,-0.3078976028676455,6.0,0.11607859930656395,1,9,7,7,1.2857142857142858,-5.974288006342083,-1.1425787401905074,True,3,0.5,13.0,0.17391304347826086,9.0,1.7347025597270647
~/anvil/data/cve-targets/poppler_repo_poppler_GfxState.cc,519,511,523,*out++ = 0;,*out++ = 0;,"        *out++ = 0;
        *out++",0.1467223316431045,"[[286, 353, 411, 1027, 284, 220, 15, 280, 286, 353, 411, 1027]]","[-0.019742067903280258, -0.02184227854013443, -0.00010024998482549563, -0.0005884823040105402, -0.000493762141559273, -0.48198631405830383, -0.02904106304049492, -0.5284252166748047, -0.010329948738217354, -0.009121295996010303, -2.8371408916427754e-05, -0.00026055757189169526]",7.877778053283691,True,1.0,-1.1019596083624492,-0.09182996736353743,12.0,-1.0925493833856308,-0.12139437593173676,9.0,0.04230357685661494,0,11,18,11,0.6111111111111112,-1.2086419203275967,-1.03738995699943,False,6,0.5,0.0,1.0,0.0,0.972649659209892
~/anvil/data/cve-targets/libpng_repo_pngset.c,1031,950,1034,++np;,++(info_ptr->,      ++(info_ptr->,2.0252621173858643,"[[414, 3443, 7, 2733, 4348, 405]]","[-0.11737541854381561, -0.9589470624923706, -0.42382338643074036, -0.13463158905506134, -2.6702524337451905e-05, -8.797258487902582e-05]",4.2006940841674805,False,0.0,-1.6348921316312044,-0.27248202193853405,6.0,-1.6348921316312044,-0.27248202193853405,6.0,0.11427161332868735,0,6,5,5,1.2,-7.432644924525402,-1.0567722308812066,True,3,0.5,9.0,0.4444444444444444,5.0,2.055749341186237
~/anvil/data/cve-targets/libxml2_repo_xmlmemory.c,768,733,772,},},	},0.2138720005750656,"[[197, 92, 151643]]","[-0.0963621586561203, -0.21366819739341736, -0.39609840512275696]",5.341839790344238,True,0.0,-0.7061287611722946,-0.2353762537240982,3.0,-0.31003035604953766,-0.15501517802476883,2.0,0.0034401766810590595,0,2,2,2,1.0,-1.379684256085507,-1.0270499377256375,False,1,0.3333333333333333,0.0,1.0,0.0,0.918303111291641
~/anvil/data/cve-targets/libsndfile_repo_src_wavlike.c,286,95,384,buffer [--bit] = 0 ;,if (bit > 0),"					if (bit > 0)
						psf_log_printf",0.766097366809845,"[[464, 743, 320, 4489, 861, 220, 15, 340, 1144, 35009, 69, 5224, 21823]]","[-0.11880040913820267, -1.49281644821167, -0.034955479204654694, -0.4119247496128082, -1.2652536630630493, -0.3596266210079193, -0.26052314043045044, -0.18319402635097504, -0.3536889851093292, -1.2288439273834229, -0.000277123210253194, -0.09974189102649689, -0.000612071540672332]",10.859548568725586,False,1.0,-5.810258535289904,-0.44694296425306956,13.0,-4.480783522129059,-0.49786483579211765,9.0,0.23771335691978143,1,14,13,12,1.0769230769230769,-1.5387657688074343,-1.1176767100920832,True,8,0.6153846153846154,12.0,0.5,15.0,1.7653703674590595
~/anvil/data/cve-targets/poppler_repo_poppler_Parser.cc,322,305,331,},} else,    } else,0.21699820458889,"[[262, 335, 770]]","[-0.14275766909122467, -0.19386450946331024, -0.07036586850881577]",7.405555725097656,False,0.0,-0.4069880470633507,-0.13566268235445023,3.0,-0.4069880470633507,-0.13566268235445023,3.0,0.0025671551379986926,0,2,3,3,0.6666666666666666,-1.5995423415109238,-1.0252149969836144,True,1,0.3333333333333333,5.0,0.2857142857142857,1.0,1.9258005232544573
~/anvil/data/cve-targets/openssl_repo_crypto_rsa_rsa_ameth.c,546,534,551,if (magma_int) {,if (magma_int == 0) {,"    if (magma_int == 0) {
       ",0.621480405330658,"[[262, 421, 320, 76, 5716, 4042, 621, 220, 15, 8, 341, 286]]","[-0.44443726539611816, -0.1733306646347046, -0.05900430679321289, -0.046778228133916855, -0.0009893052047118545, -0.0005312938592396677, -0.9970698356628418, -0.5915697813034058, -0.6328278183937073, -0.037174489349126816, -0.48218411207199097, -0.002636411227285862]",9.53541660308838,False,1.0,-3.4685335120302625,-0.2890444593358552,12.0,-3.4685335120302625,-0.2890444593358552,12.0,0.1007619252231718,1,10,13,13,0.7692307692307693,-2.1501204581421463,-1.0812836127311733,True,7,0.5833333333333334,5.0,0.8648648648648649,3.0,1.8449311462237539
~/anvil/data/cve-targets/php_repo_ext_exif_exif.c,1560,1516,1562,return 0;,return 0;,"	return 0;
}
/*",0.5774383544921875,"[[853, 220, 15, 280, 532, 1057]]","[-0.4988388121128082, -0.46739304065704346, -0.036477625370025635, -0.8211044073104858, -0.21868282556533813, -0.01951073668897152]",3.2979161739349365,True,2.0,-2.062007447704673,-0.3436679079507788,6.0,-1.8238138854503632,-0.4559534713625908,4.0,0.07781630189792671,0,5,8,5,0.625,-1.2664414041339485,-1.0808941821676588,False,4,0.6666666666666666,0.0,1.0,0.0,0.7845797864857142
~/anvil/data/cve-targets/sqlite3_repo_src_printf.c,522,385,861,idx = precision;,if( precision>0 ){,"        if( precision>0 ){
",3.316953182220459,"[[286, 421, 7, 16052, 29, 15, 10959]]","[-0.48454177379608154, -1.0598015785217285, -0.0006750926841050386, -1.5228031873703003, -1.0108517408370972, -0.4998842775821686, -0.8384447693824768]",4.693750381469727,False,1.0,-5.417002420173958,-0.7738574885962797,7.0,-5.417002420173958,-0.7738574885962797,7.0,0.20851391360602306,1,7,13,13,0.5384615384615384,-4.286258427552555,-1.0438259801019107,True,4,0.5714285714285714,9.0,0.6470588235294117,12.0,2.265541737765303
~/anvil/data/cve-targets/poppler_repo_fofi_FoFiType1C.cc,1222,1211,1225,if(ok) {,if (ok) {,"                    if (ok) {
                       ",1.944219946861267,"[[503, 421, 320, 562, 8, 341, 664]]","[-0.18028372526168823, -0.2870320677757263, -0.33073022961616516, -0.1574883759021759, -0.26385706663131714, -0.4261200428009033, -0.005660101771354675]",9.396917343139648,False,1.0,-1.6511716097593307,-0.23588165853704726,7.0,-1.6511716097593307,-0.23588165853704726,7.0,0.01583206917896849,1,10,10,10,1.0,-8.242353216097598,-1.0775461623875127,True,4,0.5714285714285714,1.0,0.9411764705882353,0.0,2.01109081278274
~/anvil/data/cve-targets/libsndfile_repo_src_common.c,617,470,684,"memcpy (&(psf->header.ptr [psf->header.indx]), strptr, size + 1) ;","memcpy (&(psf->header.ptr [psf->header.indx]), strptr, size) ;","					memcpy (&(psf->header.ptr [psf->header.indx]), strptr, size) ;",0.2754116058349609,"[[464, 25497, 15899, 7, 1690, 69, 405, 2708, 38740, 508, 1690, 69, 405, 2708, 28473, 87, 9719, 607, 3505, 11, 1379, 8, 2587, 151643]]","[-0.05325593054294586, -0.25563982129096985, -0.00501849502325058, -0.004958119709044695, -0.0001554368354845792, -6.318072337307967e-06, -2.884823152271565e-05, -3.3854863431770355e-05, -0.00022802136663813144, -0.0030600647442042828, -0.00010609064338495955, -3.576272320060525e-06, -2.8371408916427754e-05, -6.6756979322235566e-06, -2.2053474822314456e-05, -5.722029527532868e-06, -0.009158151224255562, -0.0014756753807887435, -5.400034933700226e-05, -0.0011648305226117373, -0.01153089664876461, -0.015011558309197426, -0.3119677007198334, -1.1000640392303467]",8.422917366027832,False,0.0,-1.7729842525918684,-0.07387434385799452,24.0,-0.6729202133615217,-0.02925740058093573,23.0,0.006362121870689794,1,38,35,35,1.0857142857142856,-9.41339969943948,-1.051624787450218,True,25,1.0416666666666667,4.0,0.96875,3.0,2.2388363827394078
~/anvil/data/cve-targets/openssl_repo_ssl_statem_extensions_srvr.c,284,256,335,if (PACKET_remaining(&responder_id_list) > 0 && s->ext.ocsp.ids == NULL) {,"if (!PACKET_get_length_prefixed_2(&responder_id_list, &responder_id)) {","    if (!PACKET_get_length_prefixed_2(&responder_id_list, &responder_id)) {
        SSLfatal(s, SSL_AD_DECODE_ERROR, SSL_R_BAD_EXTENSION);
",0.5392566919326782,"[[262, 421, 1505, 17279, 1348, 3062, 5118, 43331, 3286, 62, 17, 2099, 416, 20328, 842, 2019, 11, 609, 416, 20328, 842, 593, 341, 286, 25316, 74394, 1141, 11, 25316, 22510, 2881, 14866, 5414, 11, 25316, 2568, 30666, 37012, 317]]","[-0.07233456522226334, -0.19208785891532898, -0.3229478895664215, -0.3285054862499237, -4.5060096454108134e-05, -0.1805545538663864, -0.6100849509239197, -0.019633831456303596, -2.682172998902388e-05, -0.0354999341070652, -0.04841062054038048, -0.3333674669265747, -0.007538443431258202, -2.3841574147809297e-05, -4.60137271147687e-05, -0.0001597276859683916, -0.130547434091568, -0.013217568397521973, -0.309993714094162, -0.0002544794406276196, -0.002197947818785906, -0.6178447604179382, -0.0021452526561915874, -0.001057304092682898, -0.03360415995121002, -0.0002273062855238095, -0.0007900454220362008, -0.0002131234941771254, -0.0002348147245356813, -0.00033706706017255783, -0.006190530024468899, -5.340433563105762e-05, -6.985420623095706e-05, -0.003247347194701433, -0.0006416169344447553, -8.308542601298541e-05, -0.0022320852149277925, -0.0006270825979299843, -0.0008314966107718647]",8.167534828186035,False,2.0,-3.2779085465117532,-0.08404893709004495,39.0,-3.228525527028978,-0.13452189695954075,24.0,0.034794737325096005,1,36,35,23,1.0285714285714285,-4.008690808864127,-1.0449320102382746,True,25,0.6410256410256411,45.0,0.5931034482758621,25.0,2.2723913828400937
~/anvil/data/cve-targets/libtiff_repo_libtiff_tif_next.c,34,26,38,case 1:	op[0] |= (v) << 4; break;	\,case 1:	op[0] |= (v) << 4; break;	\,	case 1:	op[0] |= (v) << 4; break;	\,0.1533665508031845,"[[2722, 220, 16, 25, 39703, 58, 15, 60, 8662, 320, 85, 8, 1115, 220, 19, 26, 1438, 26, 197, 59, 151643]]","[-0.014088930562138557, -0.00031144535751082003, -0.009315005503594875, -0.0008244690834544599, -0.03633704409003258, -0.0016230279579758644, -0.3959614038467407, -0.00047017011092975736, -0.31314364075660706, -0.06510670483112335, -0.3594599664211273, -0.06098683923482895, -0.11758486181497574, -0.0028807115741074085, -0.958568811416626, -0.0017688118387013674, -0.0878201499581337, -0.0015672078588977456, -0.041583843529224396, -0.18626797199249268, -0.516351044178009]",8.612672805786133,True,0.0,-3.1720220619172323,-0.1510486696151063,21.0,-2.6556710177392233,-0.13278355088696117,20.0,0.05089127859701946,0,25,25,25,1.0,-1.1550116695835742,-1.0566254274051707,False,20,0.9523809523809523,0.0,1.0,0.0,1.0576641012797554
~/anvil/data/cve-targets/openssl_repo_crypto_x509_x509_vfy.c,963,948,997,if (crl_score < best_score),if (crl_score < best_score) {,        if (crl_score < best_score) {,0.3197150826454162,"[[286, 421, 320, 66, 2381, 10405, 366, 1850, 10405, 8, 314, 151662]]","[-0.030706806108355522, -0.20911122858524323, -0.05943866819143295, -0.3634396493434906, -0.004357723519206047, -0.19745594263076782, -1.2099895477294922, -0.4294984042644501, -0.00011407678539399058, -0.4748457372188568, -0.4124375283718109, -0.5982798933982849]",8.685588836669922,False,0.0,-3.989675206146785,-0.3324729338455654,12.0,-3.3913953127485,-0.3083086647953182,11.0,0.11071180118901745,1,12,13,13,0.9230769230769231,-1.0369967475862885,-1.0585533073456617,True,9,0.75,2.0,0.9642857142857143,3.0,1.9215038173824206
~/anvil/data/cve-targets/libxml2_repo_valid.c,4300,4193,4382,},},"    }
   ",1.9201749563217163,"[[262, 456, 262]]","[-0.05051126703619957, -0.19075515866279602, -0.06545490771532059]",8.882811546325684,True,1.0,-0.3067213334143162,-0.10224044447143872,3.0,-0.3067213334143162,-0.10224044447143872,3.0,0.003954646046979948,1,2,2,2,1.0,-18.78097230747197,-1.063785464287834,False,1,0.3333333333333333,0.0,1.0,0.0,0.9709633283683263
~/anvil/data/cve-targets/sqlite3_repo_src_select.c,1067,942,1302,#endif,#endif,#endif,0.9053818583488464,[[2663]],[-0.9053818583488464],8.071006774902344,True,0.0,-0.9053818583488464,-0.9053818583488464,1.0,-0.9053818583488464,-0.9053818583488464,1.0,0.0,0,2,2,2,1.0,-1.0,-1.0424134190752563,False,1,1.0,0.0,1.0,0.0,0.9377936390664076
~/anvil/data/cve-targets/poppler_repo_poppler_GfxState.cc,4327,4304,4344,return false;,return false;,"            return false;
        }
",0.2320965975522995,"[[310, 470, 895, 280, 286, 456]]","[-0.006075841374695301, -0.0016069606645032763, -0.0007815881981514394, -0.6334576606750488, -0.003865747479721904, -0.08313940465450287]",14.25156307220459,True,2.0,-0.7289272030466236,-0.12148786717443727,6.0,-0.6457877983921207,-0.12915755967842416,5.0,0.0635830569624306,0,5,6,5,0.8333333333333334,-1.7970035832991305,-1.2165908080416565,False,3,0.5,0.0,1.0,0.0,0.21705000250937428
~/anvil/data/cve-targets/sqlite3_repo_src_vdbemem.c,1155,1144,1179,if( pVal->flags & (MEM_Blob|MEM_Str) ){,if( pVal->flags & MEM_Str ){,"  if( pVal->flags & MEM_Str ){
    return pVal->z;
  }else if( pVal",0.654475748538971,"[[220, 421, 7, 281, 2208, 405, 11161, 609, 24478, 46171, 10959, 262, 470, 281, 2208, 405, 89, 280, 220, 335, 1503, 421, 7, 281, 2208]]","[-0.21544213593006134, -0.27157607674598694, -0.0173498522490263, -0.889108419418335, -0.0021354984492063522, -0.0075806803070008755, -0.7754371762275696, -0.21183179318904877, -0.5110092163085938, -0.9959096312522888, -0.5365399122238159, -0.01738007925450802, -1.1739003658294678, -0.3159816265106201, -0.0003746046277228743, -0.001157448161393404, -0.047425661236047745, -0.3998282849788666, -0.0013297295663505793, -0.39675864577293396, -0.09726051241159439, -0.5532464981079102, -0.015886522829532623, -0.5084754228591919, -0.0005869334563612938]",5.259722709655762,False,2.0,-7.963512727903435,-0.3185405091161374,25.0,-4.451300471555442,-0.37094170596295345,12.0,0.12059931623853765,1,22,27,16,0.8148148148148148,-1.7643628042308472,-1.0291605620283768,True,16,0.64,11.0,0.835820895522388,6.0,2.187868261986108
~/anvil/data/cve-targets/openssl_repo_ssl_record_rec_layer_s3.c,1302,1129,1598,if (!peek) {,if (SSL3_RECORD_get_length(rr,            if (SSL3_RECORD_get_length(rr,2.2227940559387207,"[[310, 421, 320, 22594, 18, 38243, 3062, 5118, 80818]]","[-0.04198914393782616, -1.2499524354934692, -0.129015251994133, -0.5009584426879883, -0.02899624966084957, -0.15371127426624298, -0.055269282311201096, -0.0552777424454689, -0.00033790123416110873]",12.500001907348633,False,0.0,-2.2155077240313403,-0.24616752489237115,9.0,-2.2155077240313403,-0.24616752489237115,9.0,0.14632675531474432,1,12,6,6,2.0,-9.029599078556629,-1.164467031100807,True,5,0.5555555555555556,23.0,0.29268292682926833,9.0,1.727572801340603
~/anvil/data/cve-targets/openssl_repo_crypto_bn_bn_local.h,579,424,729,(c)=h&BN_MASK2; \,(c)=(r); \,"        (c)=(r); \
        l=(l+(c))&BN",0.4664739668369293,"[[286, 320, 66, 73173, 81, 1215, 3044, 286, 326, 4539, 75, 13362, 66, 593, 5, 15594]]","[-0.0059635089710354805, -0.3774077892303467, -0.04063357040286064, -0.5404712557792664, -0.024352464824914932, -0.011490121483802795, -0.1071687713265419, -0.0019982149824500084, -0.2804313600063324, -0.3294218182563782, -0.005565505009144545, -0.04896925762295723, -0.0014724613865837455, -0.000936189026106149, -0.0055187963880598545, -0.00018380382971372455]",7.678646564483643,False,1.0,-1.7819848885264946,-0.11137405553290591,16.0,-1.1094856970012188,-0.13868571212515235,8.0,0.03682210725531497,0,13,31,13,0.41935483870967744,-3.363532981796822,-1.03223836552481,True,9,0.5625,10.0,0.5185185185185186,4.0,2.052071296503435
~/anvil/data/cve-targets/libsndfile_repo_src_flac.c,339,331,397,{	case FLAC__METADATA_TYPE_STREAMINFO :,{	case FLAC__METADATA_TYPE_STREAMINFO :,"	{	case FLAC__METADATA_TYPE_STREAMINFO :
			psf_log_printf",0.4333534240722656,"[[197, 90, 2722, 89099, 563, 44875, 39119, 4189, 23584, 6637, 6260, 298, 35009, 69, 5224, 21823]]","[-0.02916576899588108, -0.0253154244273901, -0.18598315119743347, -0.007178822532296181, -0.0001299296854995191, -0.0011379201896488667, -6.878139538457617e-05, -0.0002469711471349001, -1.1662704944610596, -0.13652518391609192, -0.07007572054862976, -0.015554186888039112, -0.1385686993598938, -2.3364747903542593e-05, -0.36208999156951904, -0.0027592226397246122]",8.664755821228027,True,1.0,-2.14109363370153,-0.13381835210634563,16.0,-1.637652355384489,-0.13647102961537408,12.0,0.09971838221913398,1,8,6,8,1.3333333333333333,-3.1754243028254137,-1.0580021294568895,False,10,0.625,0.0,1.0,0.0,0.8912194620808904
~/anvil/data/cve-targets/libsndfile_repo_src_alaw.c,257,98,274,"0xa9, 0xa9, 0xa9, 0xa9, 0xa9, 0xa9, 0xa9, 0xa9, 0xa8, 0xa8, 0xa8, 0xa8,","0xa9, 0xa9, 0xa9, 0xa9, 0xa9, 0xa9, 0xa9, 0xa9, 0xa9, 0xa9, 0xa9, 0xa9,","	0xa9, 0xa9, 0xa9, 0xa9, 0xa9, 0xa9, 0xa9, 0xa9, 0xa9, 0xa9, 0xa9, 0xa9,
	0xa9, 0xa9, 0xa9, 0xa9, 0xa9, 0xa9,",0.2389860153198242,"[[197, 15, 9591, 24, 11, 220, 15, 9591, 24, 11, 220, 15, 9591, 24, 11, 220, 15, 9591, 24, 11, 220, 15, 9591, 24, 11, 220, 15, 9591, 24, 11, 220, 15, 9591, 24, 11, 220, 15, 9591, 24, 11, 220, 15, 9591, 24, 11, 220, 15, 9591, 24, 11, 220, 15, 9591, 24, 11, 220, 15, 9591, 24, 345, 197, 15, 9591, 24, 11, 220, 15, 9591, 24, 11, 220, 15, 9591, 24, 11, 220, 15, 9591, 24, 11, 220, 15, 9591, 24, 11, 220, 15, 9591, 24, 11]]","[-0.0006348263123072684, -0.00022373080719262362, -0.1475180983543396, -0.0632113367319107, -0.00013267113536130637, -4.029192859889008e-05, -5.960446742392378e-06, -0.00030489088385365903, -6.508615479106084e-05, -6.12716976320371e-05, -2.682172998902388e-05, -6.6756979322235566e-06, -0.0003163314249832183, -3.0636318115284666e-05, -6.90197994117625e-05, -2.1457441107486375e-05, -5.722029527532868e-06, -6.723177648382261e-05, -2.3364747903542593e-05, -0.0002215855201939121, -3.635817120084539e-05, -6.556489552167477e-06, -0.0019243309507146478, -0.0006168370018713176, -6.4490144723095e-05, -1.9788545614574105e-05, -3.6954811548639555e-06, -2.884823152271565e-05, -1.4781842764932662e-05, -0.00010001159535022452, -3.4689302992774174e-05, -5.602820692729438e-06, -5.340433563105762e-05, -2.1457441107486375e-05, -0.0001389883691444993, -5.2689116273541003e-05, -9.179073458653875e-06, -0.0001248043408850208, -3.909988299710676e-05, -0.0003277718205936253, -6.151010165922344e-05, -1.2278481335670222e-05, -0.0021527467761188745, -0.0009564354550093412, -0.00020740265608765185, -3.6000557884108275e-05, -5.245195097813848e-06, -0.0013660395052284002, -0.0002388668799540028, -7.724463648628443e-05, -1.597391747054644e-05, -5.483612312673358e-06, -0.00021717573690693825, -4.207999518257566e-05, -0.00018916724366135895, -4.088794958079234e-05, -5.245195097813848e-06, -0.00017355366435367614, -1.9192511899746023e-05, -0.006205813027918339, -0.0001677133986959234, -4.5536911784438416e-05, -0.004833560902625322, -0.0004552758182398975, -0.00012861855793744326, -1.9907753085135482e-05, -7.152531907195225e-06, -0.00014184899919200689, -6.472854875028133e-05, -0.00010883215873036534, -1.9788545614574105e-05, -8.4638240878121e-06, -0.0001230164198204875, -3.361645576660521e-05, -0.0002012050390476361, -1.9907753085135482e-05, -5.602820692729438e-06, -5.1973900554003194e-05, -2.729855441430118e-05, -0.0005006728461012244, -5.2569914259947836e-05, -1.966933996300213e-05, -0.013487172313034534, -0.0038811846170574427, -0.00010072677832795307, -2.074220174108632e-05, -4.410734163684538e-06, -7.819823804311454e-05, -2.276871418871451e-05, -0.00016592556494288146]",11.30486011505127,False,1.0,-0.25343682915172394,-0.002815964768352488,90.0,-0.22880645239456499,-0.003750925449091229,61.0,0.0004090196167143092,0,25,37,25,0.6756756756756757,-63.71388036457123,-1.1301890882940469,True,59,0.6555555555555556,4.0,0.9436619718309859,4.0,1.7812693727704225
~/anvil/data/cve-targets/libpng_repo_pngrutil.c,823,760,919,max_palette_length = PNG_MAX_PALETTE_LENGTH;,max_palette_length = (1 << png_ptr->bit_depth);,"      max_palette_length = (1 << png_ptr->bit_depth);
   /*",0.5511303544044495,"[[414, 1932, 66252, 5118, 284, 320, 16, 1115, 36151, 4348, 405, 4489, 19061, 317, 256, 1391]]","[-0.3917918801307678, -0.0741090178489685, -0.0001995364436879754, -8.583032467868179e-06, -0.011634591966867447, -0.7201001048088074, -0.2277633398771286, -0.014163566753268242, -0.1977866142988205, -0.0012479382567107677, -2.6940935640595853e-05, -0.05056362971663475, -0.0006018257699906826, -0.43755632638931274, -0.20361872017383575, -1.0228464603424072]",5.708507537841797,False,1.0,-3.354019076745317,-0.2096261922965823,16.0,-2.3311726164029096,-0.15541150776019397,15.0,0.0428035033708277,1,7,18,16,0.3888888888888889,-3.5462647673096717,-1.0176783046132696,True,10,0.625,23.0,0.5274725274725275,10.0,2.050240972172733
~/anvil/data/cve-targets/lua_repo_ldebug.c,154,146,160,if (n <= nextra) {,if (nextra > 0) {,    if (nextra > 0) {,0.4979424178600311,"[[262, 421, 320, 77, 15460, 861, 220, 15, 8, 314, 151643]]","[-0.05462577939033508, -0.10610808432102203, -0.12249092757701874, -0.45904862880706787, -1.0003950595855713, -1.0680890083312988, -0.22626852989196777, -0.10782012343406677, -0.26909464597702026, -0.4334242641925812, -0.4397602677345276]",7.679862022399902,False,0.0,-4.287125319242477,-0.38973866538567975,11.0,-3.84736505150795,-0.384736505150795,10.0,0.12244463412066735,1,13,13,13,1.0,-1.2942427120734639,-1.0322697320586876,True,8,0.7272727272727273,9.0,0.7428571428571429,3.0,2.0555563230973215
~/anvil/data/cve-targets/sqlite3_repo_ext_misc_zipfile.c,1493,1401,1575,zPath = (const char*)sqlite3_value_text(apVal[2]);,"/* Check that ""sz"" and ""rawdata"" are both NULL: */","      /* Check that ""sz"" and ""rawdata"" are both NULL: */
      if( sqlite3_value_type(ap",0.3484776616096496,"[[414, 1391, 4248, 429, 330, 14357, 1, 323, 330, 1041, 691, 1, 525, 2176, 1770, 25, 735, 414, 421, 7, 22003, 18, 3142, 1819, 34420]]","[-0.003375429892912507, -0.921128511428833, -1.43113374710083, -0.23959314823150635, -0.9534717798233032, -1.7847721576690674, -0.07206861674785614, -0.7516723275184631, -0.014776664786040783, -0.4371834397315979, -0.0038450846914201975, -0.009348546154797077, -0.10218504816293716, -0.2039603888988495, -0.41598039865493774, -0.16855667531490326, -0.07248758524656296, -0.002422971185296774, -0.07443606853485107, -0.0018861376447603106, -0.39593467116355896, -0.00014172980445437133, -0.0015977962175384164, -0.002281683497130871, -0.0006995138246566057]",7.51475715637207,False,1.0,-8.064940121927066,-0.3225976048770826,25.0,-7.587962521240115,-0.4215534734022286,18.0,0.2705685551631359,1,26,7,2,3.7142857142857144,-0.826651145339151,-1.0280176946011395,True,16,0.64,46.0,0.21999999999999997,25.0,2.202694337081786
~/anvil/data/cve-targets/libpng_repo_pngrtran.c,3987,3829,4027,else if (row_info->bit_depth == 16),else if (row_info->bit_depth == 16),      else if (row_info->bit_depth == 16),0.0575384907424449,"[[414, 770, 421, 320, 651, 3109, 405, 4489, 19061, 621, 220, 16, 21, 8, 151664]]","[-0.01811741665005684, -0.07500921934843063, -0.056826844811439514, -0.0035596834495663643, -0.0009291622554883361, -3.0397906812140718e-05, -2.9801878554280847e-05, -0.0003847335756290704, -3.480850500636734e-05, -0.014065186493098736, -0.00043871314846910536, -0.007137988694012165, -0.0022818022407591343, -0.579819917678833, -0.6023472547531128]",8.78281307220459,True,0.0,-1.3610129313892685,-0.09073419542595124,15.0,-0.7586656766361557,-0.05419040547401112,14.0,0.021752179681599267,0,16,16,16,1.0,-1.0617837279338955,-1.0611293626670182,False,13,0.8666666666666667,0.0,1.0,0.0,0.9268839739091213
~/anvil/data/cve-targets/libpng_repo_png.c,2261,2226,2361,*/,*/,"       */
     ",2.276745080947876,"[[981, 735, 414]]","[-0.030060485005378723, -0.5268033146858215, -0.023482436314225197]",8.063194274902344,True,1.0,-0.5803462360054255,-0.1934487453351418,3.0,-0.5803462360054255,-0.1934487453351418,3.0,0.0555698462409191,1,3,3,3,1.0,-11.769241909548242,-1.0422098425855069,False,1,0.3333333333333333,0.0,1.0,0.0,1.1071414290088584
~/anvil/data/cve-targets/libtiff_repo_libtiff_tif_dirread.c,5768,5720,5775,"uint64_t nstrips64 = TIFFhowmany_64(bytecount, stripbytes);","/* If we are going to allocate a lot of memory, make sure that the */","	/* If we are going to allocate a lot of memory, make sure that the */
	/* file is as big as needed */
	allocChoppedUpStripArrays",1.8995540142059328,"[[197, 1057, 1416, 582, 525, 2087, 311, 22089, 264, 2696, 315, 4938, 11, 1281, 2704, 429, 279, 735, 197, 1057, 1034, 374, 438, 2409, 438, 4362, 735, 197, 4742, 1143, 17573, 2324, 5901, 22182]]","[-1.4632713794708252, -0.787022054195404, -2.830566883087158, -0.9139809608459473, -0.5744190216064453, -0.26166871190071106, -0.004902129527181387, -0.07909969985485077, -0.04948129504919052, -0.01040639914572239, -0.0026632812805473804, -0.0036770368460565805, -0.009057624265551567, -0.02270359732210636, -0.0010621865512803197, -0.012660486623644829, -0.013892029412090778, -0.07387642562389374, -0.189506396651268, -0.004269057419151068, -0.01935991644859314, -0.0042341588996350765, -0.009960471652448177, -0.0006887924391776323, -0.0009039129945449531, -0.003309964668005705, -0.07072724401950836, -1.1505961418151855, -0.08215184509754181, -0.13423047959804535, -0.004395466763526201, -0.013189921155571938, -0.04274134710431099, -0.0686631128191948]",1.4375001192092896,False,2.0,-8.913339432154316,-0.26215704212218577,34.0,-7.303917599259876,-0.3844167157505198,19.0,0.4868366857718806,1,15,6,2,2.5,-4.941392859301968,-1.132354446889408,True,22,0.6470588235294118,58.0,0.265625,14.0,1.8495505315971232
~/anvil/data/cve-targets/openssl_repo_crypto_pkcs7_pk7_doit.c,739,587,741,EVP_MD_CTX_free(ctx_tmp);,if (ctx_tmp != NULL),"    if (ctx_tmp != NULL)
        EVP_MD_CTX",0.9967411756515504,"[[262, 421, 320, 3773, 16125, 961, 1770, 340, 286, 72758, 46497, 44233]]","[-0.06155295670032501, -0.6028010845184326, -0.05650322511792183, -1.078145980834961, -0.0016494491137564182, -0.568968653678894, -0.03318460285663605, -0.45770618319511414, -0.0038421161007136106, -0.076317697763443, -0.000692961853928864, -0.0003401654539629817]",7.862152099609375,False,1.0,-2.9417050771880895,-0.24514208976567411,12.0,-2.8643542521167547,-0.3182615835685283,9.0,0.12838603818266742,0,9,14,13,0.6428571428571429,-3.1318300012069518,-1.0369847809601012,True,8,0.6666666666666666,23.0,0.4444444444444444,10.0,2.0489319401253603
~/anvil/data/cve-targets/lua_repo_ldebug.c,723,718,739,"static int changedline (const Proto *p, int oldpc, int newpc) {","/* If the line information is too far apart, compute the line difference","
/* If the line information is too far apart, compute the line difference
   explicitly.  */
static int
luaG_getfun",1.596420407295227,"[[198, 1057, 1416, 279, 1555, 1995, 374, 2238, 3041, 10747, 11, 12564, 279, 1555, 6672, 198, 256, 20975, 13, 220, 735, 1978, 526, 198, 27623, 38, 3062, 11894]]","[-0.8430357575416565, -1.2680219411849976, -2.7749407291412354, -1.4706865549087524, -1.8995320796966553, -1.9664005041122437, -1.7337019443511963, -1.247475266456604, -0.20036886632442474, -0.07871831208467484, -0.39588308334350586, -2.1298727989196777, -0.7661906480789185, -0.6792460083961487, -0.579025149345398, -0.189139723777771, -0.43770524859428406, -0.959274411201477, -0.7282715439796448, -1.2495288848876953, -1.7280685901641846, -0.9861394166946411, -0.2998802065849304, -0.4134696125984192, -0.1932310163974762, -0.06241010129451752, -0.7969602942466736, -0.07719847559928894]",1.2605905532836914,False,4.0,-26.154377169907093,-0.9340848989252534,28.0,-18.659944616258144,-1.0976438009563614,17.0,0.5933635488372079,1,28,8,17,3.5,-1.4544066170685688,-1.1373736463546673,True,19,0.6785714285714286,57.0,0.4,27.0,1.9430033645005682
~/anvil/data/cve-targets/libtiff_repo_libtiff_tif_predict.c,419,408,430,assert(rowsize > 0);,assert(sp->decodepfunc != NULL);,"		assert(sp->decodepfunc != NULL);
		while",0.7097607254981995,"[[197, 6948, 22580, 405, 18196, 79, 2830, 961, 1770, 317, 197, 5217]]","[-0.07226192951202393, -0.6457961201667786, -0.45081645250320435, -0.0030822886619716883, -1.9648411273956299, -0.24311715364456177, -0.02381831593811512, -0.07581458240747452, -0.000812915270216763, -0.4858471751213074, -0.007008611224591732, -0.21304741501808167]",3.958507537841797,False,1.0,-4.186264086863957,-0.34885534057199646,12.0,-3.9732166718458757,-0.3612015156223523,11.0,0.30477332129824597,1,12,17,16,0.7058823529411765,-1.9649993003912998,-1.063190040536062,True,7,0.5833333333333334,20.0,0.5,7.0,1.9481728827782356
~/anvil/data/cve-targets/libtiff_repo_libtiff_tif_predict.c,261,254,304,unsigned char* cp = (unsigned char*) cp0;,uint8_t* cp = cp0;,"	uint8_t* cp = cp0;
	uint8_t* cp0 = cp;
",0.4417661428451538,"[[8254, 23, 528, 9, 12490, 284, 12490, 15, 280, 8254, 23, 528, 9, 12490, 15, 284, 12490, 280]]","[-1.680467963218689, -0.0670580118894577, -0.0007453762227669358, -0.22482052445411682, -0.02423856034874916, -0.27230367064476013, -0.4222301244735718, -0.00039915222441777587, -0.625851035118103, -1.6587066650390625, -0.27399951219558716, -0.0007585985003970563, -0.4161037802696228, -0.845935583114624, -1.0114718675613403, -1.59262216091156, -0.2315729260444641, -0.7814183831214905]",1.018055438995361,False,2.0,-10.13070389535278,-0.5628168830751545,18.0,-3.3181144185946323,-0.368679379843848,9.0,0.25559984026825894,1,21,19,10,1.105263157894737,-1.1982393564626839,-1.1442909223739375,True,12,0.6666666666666666,27.0,0.47457627118644063,12.0,1.7041934510828254
~/anvil/data/cve-targets/lua_repo_ldebug.c,776,747,794,const Proto *p = ci_func(ci)->p;,"int npci = pcRel(pc, p);","    int npci = pcRel(pc, p);
    if (npci == ",3.506835699081421,"[[262, 526, 2595, 5855, 284, 13312, 6740, 47080, 11, 281, 317, 262, 421, 320, 45383, 72, 621, 220]]","[-0.01543915830552578, -0.849526047706604, -1.1565662622451782, -0.06374052166938782, -0.04599751904606819, -0.09319829195737839, -0.5905190110206604, -0.39308175444602966, -0.03543630987405777, -0.8119230270385742, -0.13054679334163666, -0.0016856284346431494, -0.36822593212127686, -0.03886046260595322, -0.12026046961545944, -7.056941103655845e-05, -0.19763176143169403, -0.04323249310255051]",7.491146564483643,False,1.0,-4.955942013373715,-0.2753301118540953,18.0,-4.187660325085744,-0.3489716937571454,12.0,0.14948450265068444,1,20,19,15,1.0526315789473684,-10.04905487125807,-1.027411070996999,True,11,0.6111111111111112,23.0,0.4285714285714286,13.0,2.4988985432312005
~/anvil/data/cve-targets/libpng_repo_pngrutil.c,2626,2602,2642,size_t row_factor = (png_uint_32)row_factor_l;,size_t row_factor = png_ptr->interlaced? 6: 0;,      size_t row_factor = png_ptr->interlaced? 6: 0;,0.9894184470176696,"[[414, 1379, 528, 2802, 18588, 284, 36151, 4348, 405, 2245, 75, 4435, 30, 220, 21, 25, 220, 15, 26, 151643]]","[-0.11080316454172134, -0.6190352439880371, -4.708655978902243e-05, -0.1788577437400818, -0.0015000768471509218, -0.15819886326789856, -0.9649206399917603, -0.04347049817442894, -0.0006025406182743609, -1.4303897619247437, -0.001768454909324646, -0.0015531631652265787, -0.1534213274717331, -0.07881185412406921, -1.0645445585250854, -0.14377309381961823, -0.050792984664440155, -0.10936372727155685, -0.36201778054237366, -0.8119794726371765]",3.926389455795288,False,0.0,-6.28585203678449,-0.31429260183922453,20.0,-5.473872564147314,-0.28809855600775336,19.0,0.1675653250051551,1,13,16,16,0.8125,-3.4343054707675873,-1.0640440739879569,True,15,0.75,21.0,0.6739130434782609,10.0,1.9882694782618
~/anvil/data/cve-targets/lua_repo_ldebug.c,754,747,794,lu_byte mask = L->hookmask;,int mask = L->hookmask;,  int mask = L->hookmask;,1.1694608926773071,"[[220, 526, 6911, 284, 444, 405, 20873, 11258, 26, 151643]]","[-0.03013937547802925, -0.7529701590538025, -0.22555705904960632, -0.13718067109584808, -1.2854230403900146, -0.006101197097450495, -0.6302448511123657, -0.14093995094299316, -0.49218234419822693, -0.9638901948928833]",5.881943702697754,False,0.0,-4.66462884331122,-0.46646288433112204,10.0,-3.700738648418337,-0.411193183157593,9.0,0.1586126867054577,1,11,11,11,1.0,-2.844066829359625,-1.0132753014558669,True,9,0.9,6.0,0.84,1.0,2.1837019240711313
~/anvil/data/cve-targets/libsndfile_repo_src_common.c,583,470,684,"double64_le_write (doubledata, psf->header.ptr + psf->header.indx) ;","double64_le_write (doubledata, psf->header.ptr + psf->header.indx) ;","						double64_le_write (doubledata, psf->header.ptr + psf->header.indx) ;
					psf->header.indx += 8 ;
				",0.1780418306589126,"[[1144, 8646, 21, 19, 11751, 9165, 320, 4331, 691, 11, 4726, 69, 405, 2708, 38740, 488, 4726, 69, 405, 2708, 28473, 87, 8, 4386, 464, 35009, 69, 405, 2708, 28473, 87, 1421, 220, 23, 4386, 464]]","[-0.010104573331773281, -0.9247413873672485, -0.03892845660448074, -0.00011622230522334576, -0.03401489555835724, -0.00032669928623363376, -0.0007975496700964868, -0.0005745429079979658, -0.0002330270071979612, -0.00036614391137845814, -0.001686461502686143, -4.529942543740617e-06, -0.00010585224663373083, -3.7431014789035544e-05, -0.00033945043105632067, -0.0005421360838226974, -0.0006543640629388392, -6.794906312279636e-06, -6.723177648382261e-05, -1.6689160474925302e-05, -3.3378044463461265e-05, -1.2993727978027891e-05, -0.0008254220010712743, -0.04600309953093529, -0.0022883438505232334, -0.0727219432592392, -1.5139465176616795e-05, -0.0002094287920044735, -9.63164638960734e-05, -0.0007200032705441117, -5.602820692729438e-06, -0.0007440659101121128, -0.001369729870930314, -0.04728638380765915, -0.07869550585746765, -0.0010439666220918298]",9.228124618530272,True,2.0,-1.2657357623725147,-0.03515932673256986,36.0,-1.0628276762327005,-0.04251310704930802,25.0,0.03259456980085441,0,26,38,26,0.6842105263157895,-4.187927983066826,-1.0730086939503947,False,23,0.6388888888888888,0.0,1.0,0.0,1.0081149397939027
~/anvil/data/cve-targets/libxml2_repo_xzlib.c,534,470,573,},},"        }
       ",1.6181669235229492,"[[286, 456, 286]]","[-0.08651134371757507, -0.2430296540260315, -0.07030164450407028]",6.864583969116211,True,1.0,-0.39984264224767685,-0.13328088074922562,3.0,-0.39984264224767685,-0.13328088074922562,3.0,0.00606618900931392,1,2,2,2,1.0,-12.141028138669101,-1.0114430260600087,False,1,0.3333333333333333,0.0,1.0,0.0,1.1399906978119008
~/anvil/data/cve-targets/openssl_repo_ssl_statem_extensions_srvr.c,289,256,335,},},"        }
       ",1.6090950965881348,"[[286, 456, 286]]","[-0.06296981871128082, -0.2331819236278534, -0.5310390591621399]",10.073090553283691,True,1.0,-0.8271908015012741,-0.27573026716709137,3.0,-0.8271908015012741,-0.27573026716709137,3.0,0.037419983078340525,1,2,2,2,1.0,-5.835757942427953,-1.095916187622772,False,1,0.3333333333333333,0.0,1.0,0.0,0.8102971991735068
~/anvil/data/cve-targets/libsndfile_repo_src_sd2.c,351,276,385,rsrc.type_offset = rsrc.map_offset + 30 ;,"rsrc.type_offset = rsrc.map_offset + read_rsrc_short (&rsrc, rsrc.map","	rsrc.type_offset = rsrc.map_offset + read_rsrc_short (&rsrc, rsrc.map",0.4677325487136841,"[[7000, 3548, 4852, 6917, 284, 435, 3548, 4770, 6917, 488, 1349, 1710, 3548, 16673, 15899, 81, 3548, 11, 435, 3548, 4770]]","[-0.38998764753341675, -0.0007370378007180989, -1.0234568119049072, -0.1439523994922638, -0.005013513378798962, -0.06540913134813309, -0.0003411188081372529, -0.09675332903862, -0.00031549722189083695, -0.007198350969702005, -0.10470309853553772, -7.235741941258311e-05, -2.3603161025675945e-05, -0.1017242893576622, -0.0007115454645827413, -1.4424220353248529e-05, -5.781483559985645e-05, -0.0009192770230583847, -0.0032865579705685377, -0.00021991695393808186, -0.008160935714840889]",5.58055591583252,False,0.0,-1.953058658153168,-0.09300279324538895,21.0,-1.953058658153168,-0.09300279324538895,21.0,0.05113063080675434,1,16,21,21,0.7619047619047619,-5.029231191794061,-1.0209388564882715,True,14,0.6666666666666666,31.0,0.6909090909090909,13.0,2.130268655816517
~/anvil/data/cve-targets/openssl_repo_crypto_bn_bn_gf2m.c,598,495,643,if (ubits <= BN_BITS2 && udp[0] == 1),if (ubits == 0) {,            if (ubits == 0) {,1.6970081329345703,"[[310, 421, 320, 81402, 621, 220, 15, 8, 314, 151662]]","[-0.00873955525457859, -0.23344747722148895, -0.36403441429138184, -0.5172629356384277, -0.6267468929290771, -0.41785934567451477, -0.31856676936149597, -0.25509563088417053, -0.7416561841964722, -0.8312605023384094]",7.837499141693115,False,0.0,-4.314669707790017,-0.4314669707790017,10.0,-3.4834092054516077,-0.38704546727240086,9.0,0.04338321375046107,1,23,13,13,1.7692307692307692,-4.384518813496977,-1.0363458593175603,True,16,1.6,23.0,0.5185185185185186,15.0,2.2907765532831807
~/anvil/data/cve-targets/libxml2_repo_parser.c,7863,7814,7865,*/,*/,"     */
   ",4.548778533935547,"[[257, 735, 262]]","[-0.021626248955726624, -0.17550748586654663, -0.017479421570897102]",9.87586784362793,True,1.0,-0.21461315639317036,-0.07153771879772346,3.0,-0.21461315639317036,-0.07153771879772346,3.0,0.005407722261732604,1,3,3,3,1.0,-63.58573645320519,-1.0905259978884652,False,1,0.3333333333333333,0.0,1.0,0.0,1.179592423074492
~/anvil/data/cve-targets/openssl_repo_crypto_pkcs7_pk7_doit.c,601,587,741,const PKCS7_CTX *p7_ctx;,PKCS7_CTX *p7_ctx = p7->ctx;,"    PKCS7_CTX *p7_ctx = p7->ctx;
   ",1.9087159633636477,"[[262, 24826, 6412, 22, 44233, 353, 79, 22, 15147, 284, 281, 22, 405, 3773, 280, 262]]","[-0.23872718214988708, -1.341904878616333, -0.0009637002367526293, -0.0030273818410933018, -1.128485918045044, -0.05208021402359009, -0.03789336234331131, -0.0006820021662861109, -0.0009578645695000887, -0.4167531430721283, -1.17108154296875, -0.0002559096028562635, -0.0455513559281826, -0.5425862073898315, -0.23290212452411652, -0.03614988178014755]",9.12847137451172,False,1.0,-5.25000266925781,-0.32812516682861315,16.0,-5.25000266925781,-0.32812516682861315,16.0,0.206863858021183,1,9,13,13,0.6923076923076923,-5.81703616888555,-1.0703388011944588,True,10,0.625,16.0,0.6923076923076923,8.0,2.023698703445416
~/anvil/data/cve-targets/poppler_repo_poppler_GfxState.cc,3568,3519,3593,},},"        }
       ",0.9030541181564332,"[[286, 456, 286]]","[-0.06399751454591751, -0.5274866819381714, -0.01937558501958847]",10.850000381469728,True,1.0,-0.6108597815036774,-0.20361992716789246,3.0,-0.6108597815036774,-0.20361992716789246,3.0,0.05277669018849144,0,2,2,2,1.0,-4.434998728841654,-1.1174099472691306,False,1,0.3333333333333333,0.0,1.0,0.0,0.6457432340452598
~/anvil/data/cve-targets/php_repo_ext_exif_exif.c,1917,1911,1921,if ((offset + length) > (info->valid_end - info->valid_start)) {,if (offset + length > info->valid_end) {,	if (offset + length > info->valid_end) {,0.4643251597881317,"[[743, 320, 3176, 488, 3084, 861, 3546, 405, 1891, 6213, 8, 314, 151643]]","[-0.2052878439426422, -0.3615788519382477, -0.6835872530937195, -0.7285473346710205, -0.010784320533275604, -0.1007014587521553, -0.12220802903175354, -0.00033301531220786273, -0.029828637838363647, -0.4892411530017853, -0.15798014402389526, -0.053998805582523346, -0.45428141951560974]",3.53975772857666,False,0.0,-3.3983582672371995,-0.2614121744028615,13.0,-2.9440768477215897,-0.24533973731013248,12.0,0.0618306937505305,1,31,19,19,1.631578947368421,-1.8925803250583133,-1.0743787699971363,True,19,1.4615384615384615,24.0,0.7692307692307692,12.0,2.092417809349074
~/anvil/data/cve-targets/openssl_repo_crypto_asn1_a_int.c,158,85,161,},},"    }
   ",1.7136412858963013,"[[262, 456, 262]]","[-0.6295309066772461, -0.1922374814748764, -0.010897645726799965]",9.302776336669922,True,1.0,-0.8326660338789225,-0.2775553446263075,3.0,-0.8326660338789225,-0.2775553446263075,3.0,0.06742408747872695,1,2,2,2,1.0,-6.174052559512044,-1.075013112349125,False,1,0.3333333333333333,0.0,1.0,0.0,0.9036068647445391
~/anvil/data/cve-targets/libsndfile_repo_src_common.c,620,470,684,psf->header.ptr [psf->header.indx] = 0 ;,psf->header.ptr [psf->header.indx - 1] = 0 ;,					psf->header.ptr [psf->header.indx - 1] = 0 ;,0.251651406288147,"[[464, 35009, 69, 405, 2708, 38740, 508, 1690, 69, 405, 2708, 28473, 87, 481, 220, 16, 60, 284, 220, 15, 2587, 151664]]","[-0.013727894984185696, -0.7515848278999329, -6.997340824455023e-05, -0.0011526852613314986, -0.0014799605123698711, -0.2607930898666382, -0.003291904693469405, -0.0012881800066679716, -4.6491513785440475e-06, -0.0001699779968475923, -3.659658250398934e-05, -9.095255518332124e-05, -2.0861407392658293e-05, -0.08162979036569595, -0.006885254755616188, -0.015711331740021706, -0.003669197903946042, -0.002169043058529496, -0.0651165321469307, -0.007458459585905075, -0.21236446499824524, -0.7564402222633362]",6.910807132720947,False,0.0,-2.1851558511443727,-0.09932526596110786,22.0,-1.4287156288810365,-0.06803407756576364,21.0,0.028203154942477212,1,24,27,27,0.8888888888888888,-3.6989023044355043,-1.0126125040537879,True,17,0.7727272727272727,4.0,0.9523809523809523,3.0,2.2288042476748933
~/anvil/data/cve-targets/lua_repo_ldebug.c,237,210,238,"luaO_chunkid(ar->short_src, ar->source, ar->srclen);",ar->name = getstr(cl->l.name);,"  ar->name = getstr(cl->l.name);
  ar->nups = cl->l.nups;
  ar->nparams =",1.975808024406433,"[[220, 796, 405, 606, 284, 633, 495, 9849, 405, 75, 2644, 317, 220, 796, 405, 77, 8602, 284, 1185, 405, 75, 1253, 8602, 280, 220, 796, 405, 77, 3519, 284]]","[-0.8526740074157715, -1.1099467277526855, -0.0004462200158741325, -1.120718240737915, -0.028273265808820724, -1.9150986671447754, -0.14754854142665863, -0.9151650667190552, -0.03764759749174118, -0.8568271994590759, -0.8616610765457153, -0.3497799336910248, -0.13403792679309845, -0.18273457884788513, -0.00015400654228869826, -1.7580416202545166, -0.5432443022727966, -0.021422425284981728, -0.4060589075088501, -0.0012035276740789413, -0.4216683804988861, -0.11860688030719757, -0.7342187166213989, -0.12449604272842407, -0.06333555281162262, -0.07577800005674362, -7.30726242181845e-05, -0.28737834095954895, -0.42701926827430725, -0.0017363247461616993]",4.6465277671813965,False,2.0,-13.496994419016119,-0.44989981396720397,30.0,-8.329824471002212,-0.6407557285386317,13.0,0.3095156655357864,0,22,41,21,0.5365853658536586,-3.0835588921111143,-1.0450590125874815,True,19,0.6333333333333333,41.0,0.3414634146341463,18.0,2.277470636319974
~/anvil/data/cve-targets/openssl_repo_ssl_statem_extensions_srvr.c,335,180,485,},},"}
",6.434852600097656,[[532]],[-0.18485277891159058],4.675172805786133,True,1.0,-0.18485277891159058,-0.18485277891159058,1.0,-0.18485277891159058,-0.18485277891159058,1.0,0.0,0,2,2,2,1.0,-34.81068901417625,-1.0443108866016804,False,1,1.0,0.0,1.0,0.0,1.5642252851693588
~/anvil/data/cve-targets/openssl_repo_crypto_asn1_tasn_dec.c,652,638,761,"ERR_raise(ERR_LIB_ASN1, ASN1_R_ILLEGAL_NULL);",return 0;,"        return 0;
    }
    if (in == NULL) {
        *pval = NULL;
        return",0.8746387362480164,"[[286, 470, 220, 15, 280, 262, 456, 262, 421, 320, 258, 621, 1770, 8, 341, 286, 353, 79, 831, 284, 1770, 280, 286, 470]]","[-0.007144261617213488, -1.7797986268997192, -0.3514709174633026, -0.06446816027164459, -0.5249137282371521, -0.002181889722123742, -0.13026826083660126, -0.0035438849590718746, -0.4037703573703766, -0.37592223286628723, -0.8313356637954712, -0.7387428283691406, -0.019124990329146385, -0.41516274213790894, -0.40801802277565, -0.0025704221334308386, -1.589064359664917, -0.03352024033665657, -0.0003184764937032014, -0.0015145984943956137, -0.2177429348230362, -0.4759824872016907, -0.02039181999862194, -0.12569890916347504]",6.475868225097656,False,4.0,-8.522670815960737,-0.35511128399836406,24.0,-2.7299775842111558,-0.4549962640351926,6.0,0.38813862055302956,0,11,26,5,0.4230769230769231,-1.9222987206338153,-1.0016615350723017,True,15,0.625,41.0,0.14814814814814814,9.0,2.1950928636204856
~/anvil/data/cve-targets/poppler_repo_poppler_FileSpec.cc,124,119,129,{,{,"{
",1.6578069925308228,[[515]],[-0.28280702233314514],4.804861068725586,True,1.0,-0.28280702233314514,-0.28280702233314514,1.0,-0.28280702233314514,-0.28280702233314514,1.0,0.0,0,2,2,2,1.0,-5.861972516997598,-1.0409304979008034,False,1,1.0,0.0,1.0,0.0,1.0298096472572797
~/anvil/data/cve-targets/libxml2_repo_parser.c,12664,12587,12769,xmlFree((xmlChar *) ctxt->encoding);,xmlDictFree(ctxt->encoding);,"	    xmlDictFree(ctxt->encoding);
        ctxt->encoding = xmlStr",1.2320539951324463,"[[2760, 8396, 13448, 10940, 40583, 2252, 405, 17159, 317, 286, 59162, 405, 17159, 284, 8396, 2580]]","[-0.08772210031747818, -0.29895636439323425, -1.0425914525985718, -0.4287773668766022, -0.18456844985485077, -0.0015849421033635736, -6.568216485902667e-05, -0.1311342716217041, -0.3520601689815521, -0.6925223469734192, -1.145713210105896, -0.0001565095444675535, -0.025883276015520096, -0.022366758435964584, -0.7206593751907349, -0.3917445242404938]",5.577082633972168,False,1.0,-5.526506799418712,-0.3454066749636695,16.0,-3.219983145885635,-0.32199831458856354,10.0,0.09858856859658942,0,19,21,12,0.9047619047619048,-3.826274670743899,-1.0210275105474917,True,10,0.625,16.0,0.75,8.0,2.2516247699275524
~/anvil/data/cve-targets/poppler_repo_poppler_GfxState.cc,2623,2566,2644,"GfxSeparationColorSpace *cs = (GfxSeparationColorSpace *)GfxSeparationColorSpace::parse(res, obj3.getArray(), out, state, recursion);","GfxColorant *cs = GfxColorant::parse(res, &obj3, out, state, recursion + 1);","                    GfxColorant *cs = GfxColorant::parse(res, &obj3, out, state, recursion + 1);",0.5321063995361328,"[[503, 479, 8298, 1636, 517, 353, 4837, 284, 479, 8298, 1636, 517, 486, 6400, 4590, 11, 609, 2295, 18, 11, 700, 11, 1584, 11, 50262, 488, 220, 16, 1215, 151662]]","[-0.029127212241292, -1.0784884691238403, -0.00010227633902104571, -0.1723044067621231, -0.6828173398971558, -0.329403817653656, -0.03687649965286255, -0.04100435972213745, -0.6405836939811707, -0.0007850425899960101, -0.13584940135478973, -0.044199008494615555, -0.03667806088924408, -0.1336430460214615, -0.5676516890525818, -0.005929617211222649, -0.602429211139679, -0.14860616624355316, -0.00449005514383316, -0.20132142305374146, -0.09172805398702621, -0.012453649193048477, -0.04849216341972351, -0.15399307012557983, -0.03770476579666138, -0.13083425164222717, -0.0039702411741018295, -0.14789490401744843, -0.057606011629104614, -0.5500282049179077]",10.783377647399902,False,0.0,-6.126996112470806,-0.20423320374902687,30.0,-5.576967907552898,-0.19230923819147924,29.0,0.06810765133977763,0,40,31,31,1.2903225806451613,-2.7669310353479895,-1.1155503736783832,True,38,1.2666666666666666,70.0,0.6507177033492824,20.0,2.0422765497652913
~/anvil/data/cve-targets/php_repo_ext_phar_phar.c,846,632,1125,efree(savebuf);,efree(savebuf);,					efree(savebuf);,0.0868212953209877,"[[464, 197, 823, 765, 33546, 5909, 1215, 151662]]","[-0.015231603756546974, -0.005938860587775707, -0.0021759422961622477, -1.1324817933200393e-05, -0.001420323271304369, -0.00012957210128661245, -0.4301092028617859, -0.744126558303833]",11.343098640441896,True,0.0,-1.199143387996628,-0.1498929234995785,8.0,-0.455016829692795,-0.06500240424182786,7.0,0.022241539894886364,0,9,9,9,1.0,-1.3356628317621486,-1.1312700239827858,False,5,0.625,0.0,1.0,0.0,0.5778038352844493
~/anvil/data/cve-targets/php_repo_ext_iconv_iconv.c,1138,968,1463,--str_left;,++p1;,"								++p1;
								++",0.8188411593437195,"[[2683, 197, 1027, 79, 16, 280, 2683, 197, 1027]]","[-0.862226128578186, -0.5431513786315918, -1.2783782482147217, -0.23969079554080963, -0.0010794533882290125, -0.20383040606975555, -0.26893121004104614, -0.8921024799346924, -1.313963532447815]",8.066014289855957,False,1.0,-5.603353632846847,-0.6225948480940942,9.0,-4.289390100399032,-0.536173762549879,8.0,0.16750129260133095,1,6,7,6,0.8571428571428571,-1.5271936385875364,-1.0422833213591394,True,4,0.4444444444444444,10.0,0.125,2.0,1.9738346437095022
~/anvil/data/cve-targets/poppler_repo_splash_Splash.cc,5090,5076,5179,},},"    }
   ",2.256757974624634,"[[262, 456, 262]]","[-0.007995622232556343, -0.13176843523979187, -0.0825711116194725]",9.445138931274414,True,1.0,-0.22233516909182072,-0.07411172303060691,3.0,-0.22233516909182072,-0.07411172303060691,3.0,0.0025890655009360637,1,2,2,2,1.0,-30.450755728518555,-1.078845970396144,False,1,0.3333333333333333,0.0,1.0,0.0,0.9509492336493105
~/anvil/data/cve-targets/poppler_repo_poppler_Stream.cc,4046,3993,4088,if (i + repeat > numLitCodes + numDistCodes) {,if (i + repeat > numLitCodes + numDistCodes) {,            if (i + repeat > numLitCodes + numDistCodes) {,0.0621423870325088,"[[310, 421, 320, 72, 488, 13153, 861, 1629, 68954, 20871, 488, 1629, 23356, 20871, 8, 314, 151662]]","[-0.1317857801914215, -0.5637890696525574, -0.03424888849258423, -0.07084130495786667, -0.007117393426597118, -0.003237484721466899, -0.0028766700997948647, -0.0020425901748239994, -0.0007407305529341102, -2.539125671319198e-05, -0.025400731712579727, -0.0003040566807612777, -6.782778655178845e-05, -3.45700973412022e-05, -0.004720377270132303, -0.2262496054172516, -0.3714688718318939]",15.277301788330078,True,0.0,-1.4449513443232718,-0.08499713790136892,17.0,-1.0734824724913778,-0.06709265453071112,16.0,0.02008280573493934,0,19,19,19,1.0,-0.9262174446244876,-1.2481918640255087,False,15,0.8823529411764706,0.0,1.0,0.0,0.23371200777330936
~/anvil/data/cve-targets/openssl_repo_crypto_x509_v3_addr.c,77,68,78,: 0);,: 0);,"            : 0);
}",0.4229191243648529,"[[310, 549, 220, 15, 317, 92, 151643]]","[-0.11626055091619492, -0.002171779051423073, -0.2492867410182953, -0.029042452573776245, -0.4882422983646393, -0.7608922123908997, -0.21457047760486603]",3.8395838737487793,True,1.0,-1.8604665119200945,-0.2657809302742992,7.0,-0.8850038219243288,-0.17700076438486576,5.0,0.03164855291417193,1,6,7,6,0.8571428571428571,-2.3893632653770287,-1.066355705491355,False,4,0.5714285714285714,0.0,1.0,0.0,0.8347955043920915
~/anvil/data/cve-targets/libtiff_repo_libtiff_tif_dirread.c,5771,5720,5775,nstrips = (uint32_t)nstrips64;,nstrips = (uint32_t) nstrips64;,"        nstrips = (uint32_t) nstrips64;
        if (nstrips >",0.2666007578372955,"[[286, 308, 29872, 1690, 284, 320, 2496, 18, 17, 528, 8, 308, 29872, 1690, 21, 19, 280, 286, 421, 320, 77, 29872, 1690, 861]]","[-1.0876649618148804, -0.3303966224193573, -6.09140915912576e-05, -7.617183291586116e-05, -0.03239770978689194, -0.6468955278396606, -0.15912602841854095, -0.027375325560569763, -6.568216485902667e-05, -0.0008855711785145104, -0.6408200860023499, -0.32207873463630676, -2.7656173188006505e-05, -4.339123915997334e-05, -0.00016616393986623734, -1.3828182090946939e-05, -0.2987077534198761, -0.4890661835670471, -1.1639539003372192, -0.3259762227535248, -0.7010011076927185, -0.0003461238811723888, -0.00013290952483657748, -0.7298243045806885]",1.8175349235534668,False,1.0,-6.957102881037827,-0.2898792867099094,24.0,-4.035868312267667,-0.2242149062370926,18.0,0.09309261529206507,1,12,16,12,0.75,-1.1890411851359366,-1.1216470397580438,True,15,0.625,1.0,0.9836065573770492,0.0,1.6699413646798962
~/anvil/data/cve-targets/openssl_repo_crypto_x509_x509_vfy.c,966,948,997,if (crl_score == best_score) {,if (crl->notBefore <= x->notBefore) {,"        if (crl->notBefore <= x->notBefore) {
           ",0.4033237397670746,"[[286, 421, 320, 66, 2381, 405, 1921, 10227, 2651, 856, 405, 1921, 10227, 8, 341, 310]]","[-0.10447472333908081, -0.15132774412631989, -0.1660170704126358, -0.3571270704269409, -0.006912603043019772, -0.9743145704269409, -2.1635711193084717, -0.21885743737220764, -0.6816649436950684, -0.9684045314788818, -0.01781299151480198, -0.15439748764038086, -0.022223014384508133, -1.273694634437561, -0.3774082064628601, -0.005654411856085062]",9.402952194213867,False,1.0,-7.643862559925765,-0.4777414099953603,16.0,-7.643862559925765,-0.4777414099953603,16.0,0.33795582194036305,1,13,19,19,0.6842105263157895,-0.844230228589545,-1.077708745417149,True,10,0.625,17.0,0.5970149253731343,9.0,1.8679243892273116
~/anvil/data/cve-targets/libsndfile_repo_src_flac.c,8,-147,158,** (at your option) any later version.,** (at your option) any later version.,"** (at your option) any later version.
**
** This program is",0.5467238426208496,"[[334, 320, 266, 697, 2999, 8, 894, 2937, 2319, 624, 1019, 334, 1096, 2025, 374]]","[-1.2684335708618164, -0.3858756422996521, -0.0056028468534350395, -0.0012436520773917437, -0.0007600279641337693, -0.0018165291985496879, -0.002103260951116681, -0.0031576319597661495, -0.00016234986833296716, -0.06394775211811066, -0.18820995092391968, -0.0033214897848665714, -0.010731014423072338, -0.004758462775498629, -0.0009567927336320281]",3.113888740539551,True,2.0,-1.9410809747932944,-0.12940539831955297,15.0,-1.7331032641523052,-0.17331032641523053,10.0,0.1461599594276739,0,16,24,16,0.6666666666666666,-3.1545947314816405,-1.085878493554343,False,10,0.6666666666666666,0.0,1.0,0.0,0.8866670432614018
~/anvil/data/cve-targets/php_repo_ext_phar_zip.c,390,165,664,if (read != entry.uncompressed_filesize) {,if (read != entry.uncompressed_filesize) {,"			if (read != entry.uncompressed_filesize) {
				pefree(entry.filename",0.7720077037811279,"[[298, 743, 320, 878, 961, 4343, 6307, 45703, 2458, 2141, 8, 341, 571, 197, 375, 10593, 18238, 30882]]","[-0.020496703684329987, -0.1111135184764862, -0.16107593476772308, -0.16990306973457336, -0.6822144389152527, -0.9266374111175537, -0.5696020722389221, -0.0002613918040879071, -2.0503786799963564e-05, -3.504691630951129e-05, -0.08245585113763809, -0.003885578364133835, -0.0014980534324422479, -0.6171389222145081, -0.0770420953631401, -9.893881360767409e-05, -0.049838725477457047, -0.0026976405642926693]",10.562543869018556,True,1.0,-3.4760158968092583,-0.193111994267181,18.0,-3.3463384965907608,-0.23902417832791148,14.0,0.09313712934032667,1,16,19,16,0.8421052631578947,-3.2298310119992517,-1.109408563168841,False,11,0.6111111111111112,0.0,1.0,0.0,0.8209433943386572
~/anvil/data/cve-targets/libxml2_repo_HTMLparser.c,694,539,844,"static const char* const object_attrs[] = { ATTRS, ""declare"", ""classid"", ""codebase"", ""data"", ""type"", ""codetype"", ""archive"", ""standby"", ""height"", ""width"", ""usemap"", ""name"", ""tabindex"", NULL } ;","static const char* const form_attrs[] = { ATTRS, ""method"", ""enctype"", ""accept"", ""name"", ""onsubmit"", ""onreset"", ""accept-charset"", NULL } ;","static const char* const form_attrs[] = { ATTRS, ""method"", ""enctype"", ""accept"", ""name"", ""onsubmit"", ""onreset"", ""accept-charset"", NULL } ;
static const char* const form_depr[] = { ""action"", ""method"", ""enctype"", ""accept"", ""name"", ""onsubmit"", ""onreset"", ""accept-charset"", NULL } ;
static const char* const form",0.9661434888839722,"[[1978, 733, 1161, 9, 733, 1352, 39578, 1294, 284, 314, 37918, 50, 11, 330, 4393, 497, 330, 268, 17211, 497, 330, 10330, 497, 330, 606, 497, 330, 263, 5955, 497, 330, 263, 9716, 497, 330, 10330, 12, 25327, 497, 1770, 335, 4386, 1978, 733, 1161, 9, 733, 1352, 2259, 649, 1294, 284, 314, 330, 1311, 497, 330, 4393, 497, 330, 268, 17211, 497, 330, 10330, 497, 330, 606, 497, 330, 263, 5955, 497, 330, 263, 9716, 497, 330, 10330, 12, 25327, 497, 1770, 335, 4386, 1978, 733, 1161, 9, 733, 1352]]","[-0.05762593075633049, -0.00014327930693980306, -0.0006526962388306856, -0.00024828212917782366, -0.00016234986833296716, -2.4419422149658203, -1.4105193614959717, -0.939984917640686, -0.006398311350494623, -0.0047570387832820415, -0.0792112722992897, -1.5139465176616795e-05, -0.021533850580453873, -0.13775159418582916, -0.48340487480163574, -0.003562177997082472, -0.01666259579360485, -0.12479176372289658, -2.7656173188006505e-05, -0.016986241564154625, -0.04946427419781685, -0.45553702116012573, -0.027762657031416893, -0.01540018618106842, -0.058210935443639755, -0.0100160613656044, -0.006461205892264843, -0.06868837773799896, -0.006520306225866079, -0.004387989174574614, -0.0009298768127337098, -0.003634159453213215, -0.00048423008411191404, -0.004843407776206732, -0.025948092341423035, -0.07485028356313705, -0.0007323920144699514, -0.0003133521240670234, -0.018264561891555786, -0.1269690990447998, -0.04963228851556778, -0.12015190720558167, -0.008764371275901794, -7.593343616463244e-05, -0.00016962042718660086, -0.00020895205670967698, -0.0001072826053132303, -1.0494234561920166, -0.7096390724182129, -0.00013541258522309363, -0.00608531991019845, -0.0013953244779258966, -0.002066978020593524, -0.02262505143880844, -0.9001573920249939, -0.018984990194439888, -0.03392478823661804, -1.2837239503860474, -0.01802890934050083, -0.06639182567596436, -0.16046486794948578, -4.8636207793606445e-05, -0.054833102971315384, -0.14707189798355103, -0.8797534704208374, -0.5771974325180054, -0.08220114558935165, -0.1480633169412613, -0.025244753807783127, -0.025335414335131645, -0.11099574714899063, -0.11800489574670792, -0.007205097004771233, -0.003175456775352359, -0.002899730112403631, -0.0022465961519628763, -0.04312049224972725, -0.1161743775010109, -0.15005992352962494, -0.013906489126384258, -0.0004866131057497114, -0.07547350227832794, -0.5381813049316406, -0.06472507864236832, -0.05977526679635048, -0.014942740090191364, -7.426462980220094e-05, -0.0004167880106251687, -0.00028010259848088026, -0.00018714107864070684, -1.1935845613479614]",5.708332538604736,False,2.0,-15.613623052640833,-0.17157827530374542,91.0,-6.875584214356422,-0.1637043860561053,42.0,0.19639365559944819,0,90,134,60,0.6716417910447762,-5.9017568933849605,-1.017682756946181,True,61,0.6703296703296703,93.0,0.6382978723404256,38.0,3.040976228624603
~/anvil/data/cve-targets/libsndfile_repo_src_ulaw.c,810,804,816,{,{	if,	{	if,0.43406543135643,"[[197, 90, 743]]","[-0.026051001623272896, -0.39584094285964966, -1.0987540483474731]",4.625000476837158,False,0.0,-1.5206459928303957,-0.5068819976101319,3.0,-1.5206459928303957,-0.5068819976101319,3.0,0.19794702899528008,1,2,3,3,0.6666666666666666,-0.8563441459806811,-1.0456215961799276,True,1,0.3333333333333333,3.0,0.4,1.0,1.8712873062870052
~/anvil/data/cve-targets/php_repo_ext_exif_exif.c,2223,2210,2256,if ((f=image_info->info_list[section_index].list[i].name) != NULL) {,if ((f=image_info->info_list[section_index].list[i].value.s) != NULL) {,			if ((f=image_info->info_list[section_index].list[i].value.s) != NULL) {,0.4190131723880768,"[[298, 743, 1781, 69, 74655, 3109, 405, 2733, 2019, 89397, 3560, 936, 1607, 989, 936, 957, 514, 8, 961, 1770, 8, 314, 151662]]","[-0.02599618025124073, -0.7153152823448181, -0.4245891571044922, -0.0014393694000318646, -0.053500037640333176, -0.00011777184408856556, -2.2411095415009186e-05, -0.0022465961519628763, -8.77341881277971e-05, -0.00010942813969450071, -1.1205610462639015e-05, -0.0001255195093108341, -0.0012857988476753235, -0.01036026980727911, -0.005450981669127941, -0.049940336495637894, -0.37638846039772034, -0.012993666343390942, -0.002766355639323592, -0.0013906818348914385, -0.004031389020383358, -0.028681796044111252, -0.32012516260147095]",5.6335062980651855,False,0.0,-2.0369755919809904,-0.08856415617308654,23.0,-1.7168504293795195,-0.07803865588088725,22.0,0.03212885279793647,0,39,42,42,0.9285714285714286,-5.369302785373818,-1.0195882730421852,True,20,0.8695652173913043,5.0,0.9496402877697842,4.0,2.3913024654433257
~/anvil/data/cve-targets/lua_repo_ldebug.c,593,584,599,if (c->upvals[i]->v == o) {,if (o == c->upvalues[i]) {,    if (o == c->upvalues[i]) {,0.8792790770530701,"[[262, 421, 320, 78, 621, 272, 405, 454, 3661, 989, 2467, 314, 151643]]","[-0.0030381970573216677, -0.1117633730173111, -0.08991314470767975, -1.6640894412994385, -0.01696830987930298, -0.35913053154945374, -0.002379088429734111, -0.41525599360466003, -0.3371036648750305, -0.026251910254359245, -0.5491431951522827, -0.2406107634305954, -0.06530807167291641]",7.9104156494140625,False,0.0,-3.880955684930086,-0.2985350526869297,13.0,-3.8156476132571697,-0.3179706344380975,12.0,0.1960000105406556,0,24,21,21,1.1428571428571428,-2.7652839030462357,-1.03823675027982,True,13,1.0,15.0,0.7169811320754718,8.0,2.201051479639951
~/anvil/data/cve-targets/openssl_repo_crypto_asn1_a_d2i_fp.c,99,89,226,uint32_t eos = 0;,BUF_MEM *b;,    BUF_MEM *b;,1.219304442405701,"[[262, 73178, 13209, 353, 65, 26, 151643]]","[-0.09997878968715668, -1.2732423543930054, -0.029585277661681175, -0.09069113433361053, -0.17045803368091583, -0.3757241368293762, -0.41032543778419495]",5.84999942779541,False,0.0,-2.4500051643699408,-0.3500007377671344,7.0,-2.039679726585746,-0.3399466210976243,6.0,0.1861807264961636,0,8,7,7,1.1428571428571428,-3.5867526450734943,-1.0140848332812182,True,9,1.2857142857142858,14.0,0.2142857142857143,5.0,2.1521747303246435
~/anvil/data/cve-targets/libxml2_repo_valid.c,1629,1585,1639,"xmlBufferWriteCHAR(buf, elem->name);","xmlBufferWriteCHAR(buf, elem->name);","	    xmlBufferWriteCHAR(buf, elem->name);",0.061173427850008,"[[2760, 8396, 4095, 7985, 15237, 10731, 11, 11750, 405, 606, 1215, 151662]]","[-0.023102061823010445, -0.00865919515490532, -0.0032594669610261917, -0.0002470903273206204, -0.01124119758605957, -0.0003587556129787117, -0.00017474555352237076, -0.002817115979269147, -3.2305197237292305e-05, -0.002439501229673624, -0.6348607540130615, -0.697714626789093]",9.327951431274414,True,0.0,-1.3849068162271578,-0.11540890135226316,12.0,-0.6871921894380648,-0.06247201722164226,11.0,0.03280706171906073,0,14,14,14,1.0,-0.9792132633235286,-1.0756899142287875,False,10,0.8333333333333334,0.0,1.0,0.0,0.8479236659764342
~/anvil/data/cve-targets/libtiff_repo_libtiff_tif_dirwrite.c,1999,1971,2023,"if (!_TIFFmemcmp(tif->tif_dir.td_transferfunction[0],tif->tif_dir.td_transferfunction[2],m*sizeof(uint16_t)))","if (!_TIFFmemcmp(tif->tif_dir.td_transferfunction[0],tif->tif_dir.td_transferfunction[1],m*sizeof(uint16_t)))","		if (!_TIFFmemcmp(tif->tif_dir.td_transferfunction[0],tif->tif_dir.td_transferfunction[1],m*sizeof(uint16_t)))
			n=2;
		else if (!_TIFFmemcmp(tif->tif_dir.t",0.1221829131245613,"[[197, 743, 24076, 26614, 1748, 61534, 1155, 333, 405, 84340, 4334, 734, 67, 35403, 1688, 58, 15, 1125, 84340, 405, 84340, 4334, 734, 67, 35403, 1688, 58, 16, 1125, 76, 32811, 8488, 16, 21, 528, 5929, 298, 9038, 28, 17, 280, 197, 2466, 421, 24076, 26614, 1748, 61534, 1155, 333, 405, 84340, 4334, 734]]","[-0.004484477452933788, -0.05441141501069069, -0.3355422019958496, -0.00014745102089364082, -0.0001294529065489769, -0.013864988461136818, -0.009757679887115955, -4.279521817807108e-05, -2.6464111215318553e-05, -2.2649508537142538e-05, -0.00023529145983047783, -0.0004332319076638669, -2.682172998902388e-05, -0.0026788560207933187, -2.6464111215318553e-05, -0.0703936442732811, -0.03051985614001751, -0.008675149641931057, -0.007173614576458931, -2.0146166207268834e-05, -1.4781842764932662e-05, -0.00010609064338495955, -0.00012694983161054552, -1.0251946150674485e-05, -0.00037293630884960294, -1.3589766240329482e-05, -0.0023084438871592283, -0.06009356305003166, -0.00929681770503521, -0.08281738311052322, -0.011544330045580864, -0.006688232533633709, -0.011814621277153492, -1.537788011773955e-05, -6.401333666872233e-05, -0.7077442407608032, -0.060996148735284805, -0.033108606934547424, -0.005771401338279247, -0.9053926467895508, -0.20388533174991608, -0.0029479877557605505, -0.3392355144023895, -1.1405946016311646, -0.19098928570747375, -3.2782016205601394e-05, -4.470248313737102e-05, -0.0013150862650945783, -0.001953361788764596, -4.684815212385729e-05, -1.4781842764932662e-05, -6.437280717364047e-06, -7.354942499659956e-05, -0.00011753345461329445]",6.580034732818604,False,2.0,-4.318170883278981,-0.07996612746812927,54.0,-1.4926404242614808,-0.04034163308814813,37.0,0.015599027144272184,1,50,67,50,0.746268656716418,-3.028705180516282,-1.0042734240888624,True,35,0.6481481481481481,1.0,0.9908256880733946,1.0,2.5418627620632894
~/anvil/data/cve-targets/sqlite3_repo_src_whereexpr.c,1369,985,1371,*/,*/,"  */
 ",5.2191667556762695,"[[220, 735, 220]]","[-0.000914393924176693, -0.4492689371109009, -0.029297057539224625]",9.261980056762695,True,1.0,-0.4794803885743022,-0.15982679619143406,3.0,-0.4794803885743022,-0.15982679619143406,3.0,0.04202263906900308,1,3,3,3,1.0,-32.6551421917071,-1.0739172578830543,False,1,0.3333333333333333,0.0,1.0,0.0,1.3210539073334626
~/anvil/data/cve-targets/libxml2_repo_HTMLparser.c,1844,1672,1941,"{ 968,	""psi"",	""greek small letter psi, U+03C8 ISOgrk3"" },","{ 968,	""chi"",	""greek small letter chi, U+03C8 ISOgrk3"" },","{ 968,	""chi"",	""greek small letter chi, U+03C8 ISOgrk3"" },",0.2618716955184936,"[[90, 220, 24, 21, 23, 11, 197, 1, 14604, 497, 197, 59719, 10726, 2613, 6524, 25798, 11, 547, 10, 15, 18, 34, 23, 21940, 901, 74, 18, 1, 2470, 151643]]","[-0.0036202622577548027, -0.0008507922757416964, -0.00422074506059289, -0.03192707523703575, -0.12177877873182297, -0.0008395960903726518, -0.0006766413571313024, -0.028854381293058395, -0.1876785010099411, -0.09304363280534744, -0.008567600511014462, -0.001642546383664012, -1.5735502529423684e-05, -0.015665916725993156, -0.0006796196103096008, -0.023704349994659424, -0.015901656821370125, -0.0013525871327146888, -0.0003095386200584471, -8.237022848334163e-05, -0.0006852186052128673, -0.023996978998184204, -0.6608166098594666, -0.08840391039848328, -0.0009067714563570917, -6.532455881824717e-05, -0.0002090712368953973, -0.0018160531762987375, -0.08909660577774048, -0.6824301481246948]",8.99305534362793,False,0.0,-2.0898390198417474,-0.06966130066139158,30.0,-1.4074088717170525,-0.0485313404040363,29.0,0.015394583010369365,0,15,15,15,1.0,-5.395929585672726,-1.0667214020183724,True,29,0.9666666666666667,4.0,0.9298245614035088,2.0,1.9171854275325806
~/anvil/data/cve-targets/php_repo_ext_phar_phar.c,949,632,1125,"PHAR_GET_32(buffer, len);",efree(savebuf);,"			efree(savebuf);
			php_stream_close(fp);
			if (error",0.8233923316001892,"[[298, 197, 823, 765, 33546, 5909, 317, 298, 197, 1208, 12673, 12704, 17815, 317, 298, 743, 320, 841]]","[-0.11784989386796951, -1.1289477348327637, -0.8449481129646301, -0.0008406681008636951, -0.9266403317451477, -0.005043877754360437, -0.00855566281825304, -0.049435343593358994, -0.6258214116096497, -0.329253226518631, -0.0007406114018522203, -0.009703846648335457, -0.0006305375136435032, -0.0028023754712194204, -0.0034773615188896656, -0.07757967710494995, -0.003761598840355873, -0.5702055096626282]",9.727821350097656,False,2.0,-4.706237781967502,-0.26145765455375014,18.0,-3.708083037286997,-0.41200922636522186,9.0,0.19193804657939478,1,11,20,9,0.55,-1.9984803225505938,-1.0864972442707939,True,10,0.5555555555555556,20.0,0.30000000000000004,4.0,1.8591545782326602
~/anvil/data/cve-targets/openssl_repo_crypto_x509_x509_req.c,39,16,51,pktmp = X509_get0_pubkey(x);,"if (!X509_REQ_set_pubkey(ret, pkey))","    if (!X509_REQ_set_pubkey(ret, pkey))
        goto err;
   ",0.874101996421814,"[[262, 421, 1505, 55, 20, 15, 24, 30756, 2602, 34014, 792, 16057, 11, 281, 792, 1171, 286, 7986, 1848, 280, 262]]","[-0.06062854826450348, -0.3702724277973175, -0.2713181972503662, -0.02546720765531063, -0.00011526874004630372, -6.318072337307967e-06, -4.434487345861271e-05, -0.0347292535007, -0.07020097225904465, -0.19166573882102966, -0.0025412903632968664, -0.10581783205270767, -0.006671772804111242, -0.24564935266971588, -0.00014804698002990335, -0.23677238821983337, -0.003630239749327302, -0.004073774442076683, -0.0014915067004039884, -0.42235976457595825, -0.03393711894750595]",7.848089218139648,False,2.0,-2.0875413647390815,-0.09940673165424198,21.0,-1.6256792000731366,-0.09562818823959628,17.0,0.013536194078762569,1,12,20,18,0.6,-9.140631151891666,-1.0366202701882392,True,13,0.6190476190476191,23.0,0.53125,13.0,2.070383544523738
~/anvil/data/cve-targets/libsndfile_repo_src_ulaw.c,811,804,816,if (ptr [i] >= 0),if (ptr [i] < 0),		if (ptr [i] < 0),0.3882299661636352,"[[197, 743, 320, 3505, 508, 72, 60, 366, 220, 15, 8, 151664]]","[-0.03143969923257828, -0.021176312118768692, -0.16186651587486267, -0.3025682270526886, -0.005294112488627434, -0.0020103498827666044, -0.008791076950728893, -1.0922863483428955, -0.1520613431930542, -0.12033213675022125, -0.8414551019668579, -1.003880500793457]",6.067535400390625,False,0.0,-3.743161724647507,-0.3119301437206256,12.0,-2.73928122385405,-0.24902556580491364,11.0,0.12508019254504898,1,17,17,17,1.0,-1.5589964223503627,-1.0085848042515417,True,10,0.8333333333333334,2.0,0.9090909090909091,1.0,2.180584352507451
~/anvil/data/cve-targets/sqlite3_repo_ext_fts5_fts5_hash.c,411,393,430,"if(pTerm==0 || 0==memcmp(fts5EntryKey(pIter), pTerm, nTerm)) {",if( pIter->pHashNext ){,"      if( pIter->pHashNext ){
        Fts5HashEntry *pEntry = pIter;
        pEntry->pHashNext = 0;
        for(i=0",1.3635250329971311,"[[414, 421, 7, 281, 8537, 405, 79, 6370, 5847, 10959, 286, 434, 2576, 20, 6370, 5874, 353, 79, 5874, 284, 281, 8537, 280, 286, 281, 5874, 405, 79, 6370, 5847, 284, 220, 15, 280, 286, 369, 1956, 28, 15]]","[-0.008141781203448772, -0.27989715337753296, -0.11008082330226898, -0.5805608034133911, -0.3553994297981262, -0.017883367836475372, -0.8453229069709778, -0.5129751563072205, -1.0603886842727661, -0.7619370818138123, -0.00890947226434946, -1.4162555932998657, -0.0010561132803559303, -0.0003232433518860489, -0.0028140253853052855, -0.007285100873559713, -0.32548967003822327, -0.1485835611820221, -1.1165165901184082, -0.2463635355234146, -0.09435141086578369, -0.03971504420042038, -0.14893151819705963, -0.001624099095351994, -0.3582453727722168, -0.042847566306591034, -0.0026367679238319397, -0.03986683487892151, -0.7080616354942322, -0.03651877120137215, -0.012257250025868416, -0.07933802157640457, -0.00017355366435367614, -0.02319221757352352, -0.011276795528829098, -0.0703170895576477, -0.004042668268084526, -0.03199184685945511, -0.0022156708873808384]",6.774999618530273,False,3.0,-9.51378822849074,-0.24394328791001896,39.0,-4.5414966605603695,-0.4128633327782154,11.0,0.1238140406150749,1,33,34,13,0.9705882352941176,-3.302606273659081,-1.0091803241232273,True,25,0.6410256410256411,49.0,0.3294117647058824,23.0,2.4718785033396946
~/anvil/data/cve-targets/libsndfile_repo_src_flac.c,137,129,257,"unsigned i = 0, j, offset, channels, len ;",int channels = 0 ;,"	int channels = 0 ;
	int i, j, offset, len ;
	int32_t *buffer",1.509040355682373,"[[2084, 11744, 284, 220, 15, 4386, 2084, 600, 11, 502, 11, 4347, 11, 2422, 4386, 2084, 18, 17, 528, 353, 7573]]","[-0.5715936422348022, -1.3154016733169556, -0.9275869727134705, -0.5225919485092163, -0.04693179205060005, -0.36041146516799927, -0.3597221374511719, -0.8034605383872986, -0.8752937316894531, -0.07911699265241623, -0.18012364208698273, -0.4403758943080902, -0.8057485222816467, -0.4234503507614136, -0.5065951347351074, -0.7660499215126038, -0.8355116248130798, -1.3112935448589269e-05, -0.00018630675913300365, -0.7325457334518433, -0.9556365013122559]",1.96875,False,2.0,-11.508347639130989,-0.5480165542443328,21.0,-3.744517493993044,-0.6240862489988407,6.0,0.16428632179927685,1,17,24,8,0.7083333333333334,-2.4179996885096826,-1.1174147959651628,True,14,0.6666666666666666,27.0,0.5,11.0,1.88563991243229
~/anvil/data/cve-targets/lua_repo_ldebug.c,788,747,794,L->hookcount = 1;  /* undo decrement to zero */,"luaD_hook(L, LUA_HOOKYIELD, -1, 0, 0);  /* call yield","      luaD_hook(L, LUA_HOOKYIELD, -1, 0, 0);  /* call yield",2.352334976196289,"[[414, 20357, 35, 32005, 4957, 11, 70505, 82251, 56, 10364, 11, 481, 16, 11, 220, 15, 11, 220, 15, 1215, 220, 1391, 1618, 7540]]","[-0.01297530997544527, -0.3895474374294281, -0.08451715111732483, -0.41668155789375305, -0.003939962945878506, -0.0005534547381103039, -0.0015644703526049852, -0.0025609098374843597, -0.08198624104261398, -0.0013902055798098445, -0.006177498027682304, -0.7100199460983276, -0.015060879290103912, -0.0019211184699088335, -0.018158741295337677, -0.011811322532594204, -0.0009940688032656908, -0.01147385872900486, -0.004330068361014128, -0.016562117263674736, -0.10545293241739273, -0.019748028367757797, -0.315914511680603, -0.4297957420349121]",9.20642375946045,False,0.0,-2.663137534284033,-0.11096406392850137,24.0,-2.663137534284033,-0.11096406392850137,24.0,0.035218616281134894,0,11,22,22,0.5,-21.199070157632235,-1.0724267215697239,True,15,0.625,46.0,0.31999999999999995,20.0,2.089152355993611
~/anvil/data/cve-targets/libpng_repo_pngrutil.c,1633,1594,1691,"if (png_crc_finish(png_ptr, 0) != 0)",if (png_ptr->color_type == PNG_COLOR_TYPE_PALETTE),"   if (png_ptr->color_type == PNG_COLOR_TYPE_PALETTE)
   {
      background.index = buf[0",0.9618968963623048,"[[256, 421, 320, 14066, 4348, 405, 3423, 1819, 621, 41639, 14471, 4189, 26191, 85448, 340, 256, 341, 414, 4004, 5154, 284, 6607, 58, 15]]","[-0.0917971208691597, -0.33797746896743774, -0.30160656571388245, -1.0344901084899902, -0.025780580937862396, -0.006003205664455891, -0.37895098328590393, -0.0021228890400379896, -0.16472820937633514, -0.0021764179691672325, -0.0025148927234113216, -0.0050346264615654945, -0.30361106991767883, -3.2066785934148356e-05, -0.2489299178123474, -0.43612053990364075, -0.18112978339195251, -0.03479096665978432, -1.2526854276657104, -0.6731415390968323, -0.040083885192871094, -0.18075436353683472, -0.0012343652779236436, -0.06191663071513176]",6.181249618530273,False,2.0,-5.767613625455851,-0.2403172343939938,24.0,-3.3418766639188107,-0.20886729149492567,16.0,0.06885067461976746,0,19,21,15,0.9047619047619048,-4.605301718032158,-1.0057216151851092,True,15,0.625,37.0,0.37209302325581395,9.0,2.280207634771963
~/anvil/data/cve-targets/libpng_repo_pngrtran.c,1694,1673,1848,info_ptr->num_trans = 0;,info_ptr->num_trans = 0;,         info_ptr->num_trans = 0;,0.232058584690094,"[[260, 3546, 4348, 405, 2413, 7965, 284, 220, 15, 26, 151643]]","[-0.6572318077087402, -0.35032233595848083, -1.8954096958623268e-05, -4.827859811484814e-05, -1.083614706993103, -0.0006566275842487812, -0.0072343298234045506, -0.27208638191223145, -0.12136687338352203, -0.28626418113708496, -0.36635687947273254]",4.086806297302246,True,0.0,-3.145201356668622,-0.2859273960607838,11.0,-2.7788444771958893,-0.2778844477195889,10.0,0.11274634264599695,1,10,10,10,1.0,-0.8350902203935592,-1.0597853545854823,False,9,0.8181818181818182,0.0,1.0,0.0,0.8839355064787706
~/anvil/data/cve-targets/php_repo_ext_phar_phar.c,945,632,1125,"PHAR_GET_32(buffer, len);",if (manifest_count > 0) {,"	if (manifest_count > 0) {
		mydata->is_temporary",0.7764499187469482,"[[743, 320, 42315, 3180, 861, 220, 15, 8, 341, 197, 13624, 691, 405, 285, 11771, 7592]]","[-0.47613370418548584, -0.33008891344070435, -0.7302016615867615, -0.6121962070465088, -1.05690598487854, -0.31838783621788025, -0.6987612843513489, -0.4137437641620636, -0.01913680136203766, -0.004639219027012587, -1.4346556663513184, -0.0003023882454726845, -0.001128989621065557, -1.371689796447754, -0.7864457368850708, -0.003974634688347578]",3.673784971237183,False,1.0,-8.258392588497372,-0.5161495367810858,16.0,-4.6601953762583435,-0.46601953762583437,10.0,0.09501586125885625,1,11,14,13,0.7857142857142857,-1.6661316877455843,-1.0707848937232256,True,10,0.625,24.0,0.19999999999999996,11.0,1.914904727865199
~/anvil/data/cve-targets/openssl_repo_crypto_bn_bn_local.h,611,456,761,"return ((((((bits+BN_BITS2-1))/BN_BITS2)) <= (a)->dmax)?(a):bn_expand2((a),(bits+BN_BITS2-1)/BN_BITS2));",BN_CTX *ctx;,"    BN_CTX *ctx;
    BN_CTX_start(ctx);
    BN_CTX_set_flags(ctx, BN_CTX_get_flags(ctx) | BN_CTX_nothrow);
    BN_CTX_start(ctx);
    BN_CTX_set_flags(ctx, BN_CTX_get_flags(ctx) | BN_CTX_nothrow);
    BN_CTX_start(ctx);
    BN_CTX_set",2.111360549926758,"[[262, 45316, 44233, 353, 3773, 280, 262, 45316, 44233, 4906, 7502, 317, 262, 45316, 44233, 2602, 14130, 7502, 11, 45316, 44233, 3062, 14130, 7502, 8, 760, 45316, 44233, 6536, 7119, 317, 262, 45316, 44233, 4906, 7502, 317, 262, 45316, 44233, 2602, 14130, 7502, 11, 45316, 44233, 3062, 14130, 7502, 8, 760, 45316, 44233, 6536, 7119, 317, 262, 45316, 44233, 4906, 7502, 317, 262, 45316, 44233, 2602]]","[-0.398533433675766, -1.398651361465454, -0.5779033303260803, -0.019421299919486046, -1.2281363010406494, -1.2594671249389648, -0.016102856025099754, -1.3188031911849976, -0.6266971826553345, -0.24078357219696045, -0.08015783876180649, -0.09052443504333496, -0.014219863340258598, -0.6460673809051514, -0.2784372866153717, -1.3429250717163086, -1.0017610788345337, -0.0019583588000386953, -0.04273586347699165, -0.3080939054489136, -0.389347642660141, -0.085721455514431, -0.10057005286216736, -0.01959315314888954, -0.20871461927890778, -0.19207565486431122, -0.3507765531539917, -0.881786048412323, -1.9299604892730713, -2.3543388843536377, -0.11811168491840363, -0.014796985313296318, -0.7615966796875, -0.12122960388660431, -0.8082549571990967, -0.2108425796031952, -0.04807199537754059, -0.009434755891561508, -0.1386818140745163, -0.033715736120939255, -0.052647773176431656, -0.04460632801055908, -0.000945121340919286, -0.0072382353246212006, -0.03641774132847786, -0.0024249928537756205, -0.013438361696898937, -0.000243634101934731, -0.00012373158824630082, -0.02813720703125, -0.08294741064310074, -0.005706329829990864, -0.0022794236429035664, -0.26046398282051086, -0.02687307819724083, -0.05739070475101471, -0.01493040844798088, -0.4018583297729492, -0.07960744202136993, -0.31563833355903625, -0.0047486149705946445, -0.01767432875931263, -0.0017983231227844954, -0.017933718860149384, -0.0013313962845131755, -0.0017610769718885422]",1.8534719944000244,False,6.0,-21.148168111074483,-0.3204267895617346,66.0,-4.8982157073915005,-0.6997451010559287,7.0,0.3023910063320993,1,71,70,7,1.0142857142857142,-3.017328090958657,-1.1206397745744847,True,43,0.6515151515151515,97.0,0.12068965517241381,69.0,2.555769862417439
~/anvil/data/cve-targets/poppler_repo_poppler_GfxState.cc,2420,2399,2421,"alt->getRGB(&color2, rgb);","rgb->getGray(&color2, rgb->gray);","        rgb->getGray(&color2, rgb->gray);",0.3813981115818023,"[[286, 17993, 405, 455, 28174, 2099, 3423, 17, 11, 17993, 405, 11650, 1215, 151664]]","[-0.12114089727401733, -0.27524998784065247, -0.015781622380018234, -0.4421272277832031, -0.6926447153091431, -0.0318550243973732, -0.002645090688019991, -0.001128632458858192, -0.006673193536698818, -0.6256862878799438, -0.8975369930267334, -0.6346033811569214, -0.5274462699890137, -0.6042191386222839]",8.13906192779541,False,0.0,-4.878738462342881,-0.3484813187387772,14.0,-4.274519323720597,-0.3288091787477382,13.0,0.09534332918642321,1,16,19,19,0.8421052631578947,-1.1599375450355365,-1.044188468778382,True,10,0.7142857142857143,13.0,0.711864406779661,5.0,2.029917004583734
~/anvil/data/cve-targets/sqlite3_repo_src_pragma.c,1588,1460,1707,"sqlite3VdbeChangeP5(v, OPFLAG_TYPEOFARG);","sqlite3VdbeAddOp2(v, OP_Integer, 0, 8+j); /* index entries counter","          sqlite3VdbeAddOp2(v, OP_Integer, 0, 8+j); /* index entries counter",0.5658276677131653,"[[688, 22003, 18, 53, 83406, 2212, 7125, 17, 3747, 11, 13134, 80318, 11, 220, 15, 11, 220, 23, 28735, 1215, 1391, 1922, 10695, 5546]]","[-0.028646234422922134, -1.127814769744873, -0.003632734064012766, -0.3167307674884796, -0.00019739109848160297, -0.31367483735084534, -0.00390909006819129, -0.8496262431144714, -0.02119942009449005, -0.0005677518784068525, -0.0023660066071897745, -1.2288779020309448, -0.00532695883885026, -0.4144287705421448, -0.3947792053222656, -0.0030999958980828524, -0.11679719388484955, -1.4474518299102783, -0.041777998208999634, -0.12730754911899567, -0.43274348974227905, -0.9338128566741943, -0.37311458587646484, -0.051899254322052]",7.269139766693115,False,0.0,-8.239782836302766,-0.34332428484594857,24.0,-8.239782836302766,-0.34332428484594857,24.0,0.1887750506298224,1,11,24,24,0.4583333333333333,-1.6480851856053678,-1.021724560098224,True,15,0.625,49.0,0.3738317757009346,16.0,2.081637718251143
~/anvil/data/cve-targets/openssl_repo_crypto_x509_x509_obj.c,87,17,173,if (q[j] != 0),*(p++) = q[j];,                *(p++) = q[j];,0.5458089709281921,"[[394, 12861, 79, 2457, 284, 2804, 3809, 5265, 151662]]","[-0.33670201897621155, -0.8226000070571899, -0.1616094410419464, -0.030224967747926712, -0.008178080432116985, -0.9813318252563477, -0.02012220211327076, -0.5152798891067505, -0.8779566287994385]",6.68819522857666,False,0.0,-3.754005060531199,-0.41711167339235544,9.0,-2.8760484317317605,-0.35950605396647006,8.0,0.12651383224879015,0,17,19,19,0.8947368421052632,-1.518219136802347,-1.0069926666504558,True,9,1.0,13.0,0.3571428571428571,17.0,2.204841215448737
~/anvil/data/cve-targets/php_repo_ext_phar_zip.c,144,136,159,do {,for (end,	for (end,1.552021026611328,"[[2023, 320, 408]]","[-1.2394112348556519, -0.7738680839538574, -0.8382464051246643]",1.3453127145767212,False,0.0,-2.8515257239341736,-0.9505085746447245,3.0,-2.8515257239341736,-0.9505085746447245,3.0,0.042423134911270526,0,3,4,4,0.75,-1.6328322205735315,-1.1349671769325254,True,2,0.6666666666666666,6.0,0.33333333333333337,3.0,1.663185866411854
~/anvil/data/cve-targets/libpng_repo_png.h,2655,2500,2805,*/,*/,"    */
#define",6.0964555740356445,"[[262, 735, 1441]]","[-0.0321694053709507, -0.22142985463142395, -0.7667324542999268]",5.757118225097656,True,1.0,-1.0203317143023014,-0.34011057143410045,3.0,-0.25359926000237465,-0.12679963000118732,2.0,0.008954879413569043,1,3,4,3,0.75,-48.07944292880475,-1.0164423047556035,False,1,0.3333333333333333,0.0,1.0,0.0,1.6452265435416662
~/anvil/data/cve-targets/poppler_repo_poppler_Annot.cc,5212,5190,5241,if (path->getCoordsLength() != 0) {,if (path->getCoordsLength() > 1) {,            if (path->getCoordsLength() > 1) {,0.7392237186431885,"[[310, 421, 320, 2343, 405, 455, 34344, 4373, 368, 861, 220, 16, 8, 314, 151664]]","[-0.003722406690940261, -0.06136137247085571, -0.31876233220100403, -0.10636792331933975, -0.2599053978919983, -1.182612419128418, -2.1144464015960693, -0.08245410025119781, -0.17757625877857208, -0.353900283575058, -0.03055616281926632, -0.699519693851471, -0.10012062638998032, -0.22854125499725342, -0.7006297707557678]",8.20486068725586,False,0.0,-6.420476404717192,-0.4280317603144795,15.0,-5.719846633961424,-0.40856047385438743,14.0,0.31663571864091955,1,20,20,20,1.0,-1.809337334248958,-1.0459075399473348,True,13,0.8666666666666667,3.0,0.927536231884058,2.0,2.1096989405387863
~/anvil/data/cve-targets/poppler_repo_poppler_Parser.cc,167,68,191,shift();,shift();,"            shift();
           ",0.9701752662658693,"[[310, 6407, 543, 310]]","[-0.044862017035484314, -1.0771057605743408, -0.6076586246490479, -0.009737138636410236]",8.102256774902344,True,1.0,-1.7393635408952832,-0.4348408852238208,4.0,-1.7393635408952832,-0.4348408852238208,4.0,0.1937917135412935,1,8,8,8,1.0,-2.2311040641141684,-1.0432281227610982,False,2,0.5,0.0,1.0,0.0,1.0102326739834901
~/anvil/data/cve-targets/libxml2_repo_valid.c,5242,5203,5259,(cont->c1->type == XML_ELEMENT_CONTENT_ELEMENT)){,(cont->c1->type == XML_ELEMENT_CONTENT_ELEMENT)){,"	       (cont->c1->type == XML_ELEMENT_CONTENT_ELEMENT)){
		if ((cont->c1",0.1076892167329788,"[[20295, 320, 772, 405, 66, 16, 405, 1313, 621, 11874, 27156, 25560, 27156, 6557, 197, 743, 1781, 772, 405, 66, 16]]","[-0.23225358128547668, -0.003463699948042631, -0.0013453251449391246, -2.8729025871143676e-05, -0.001490316353738308, -0.0053148637525737286, -0.0052032764069736, -0.18507927656173706, -0.006357564125210047, -0.0003406421164982021, -0.00023624490131624043, -0.00012170527770649642, -0.06666698306798935, -0.7209976315498352, -0.13101445138454437, -0.007094311993569136, -0.006794089451432228, -0.0007826602668501437, -1.9550132492440753e-05, -0.011638598516583443, -0.0019502682844176888]",3.2944440841674805,True,1.0,-1.3881937695477973,-0.06610446521656177,21.0,-1.3599142909024522,-0.09066095272683014,15.0,0.03376425022171856,0,16,23,16,0.6956521739130435,-1.18782357226552,-1.0809880102805853,False,12,0.5714285714285714,0.0,1.0,0.0,0.8553698770039981
~/anvil/data/cve-targets/poppler_repo_poppler_XRef.cc,1491,1486,1515,{,{,"{
",1.1668375730514526,[[515]],[-0.41683754324913025],8.001561164855957,True,1.0,-0.41683754324913025,-0.41683754324913025,1.0,-0.41683754324913025,-0.41683754324913025,1.0,0.0,1,2,2,2,1.0,-2.799262187269134,-1.040605213283668,False,1,1.0,0.0,1.0,0.0,0.9747979808142782
~/anvil/data/cve-targets/libpng_repo_pngset.c,473,444,497,"png_chunk_report(png_ptr, ""Invalid palette"", PNG_CHUNK_ERROR);","png_warning(png_ptr, ""Invalid palette length"");","      png_warning(png_ptr, ""Invalid palette length"");
      return;
   }
   if (num_palette >",2.977125644683838,"[[414, 36151, 38395, 95350, 4348, 11, 330, 7928, 26308, 3084, 797, 414, 470, 280, 256, 456, 256, 421, 320, 2413, 66252, 861]]","[-0.08316276967525482, -0.4557102620601654, -1.3611276149749756, -0.006609838921576738, -6.031808152329177e-05, -0.14334958791732788, -0.019946584478020668, -0.6970444917678833, -0.08011140674352646, -0.6667723059654236, -0.4469190835952759, -0.057148221880197525, -0.2695119082927704, -0.018901823088526726, -0.0024737492203712463, -0.03436926007270813, -0.03140481188893318, -0.4175485372543335, -0.15120795369148254, -0.39046892523765564, -4.172238186583854e-05, -0.8177096247673035]",3.2328121662139893,False,3.0,-6.151600801957102,-0.2796182182707774,22.0,-4.017962486061151,-0.3348302071717626,12.0,0.15689904013150183,1,16,22,14,0.7272727272727273,-8.891448802755779,-1.0826548782131191,True,14,0.6363636363636364,28.0,0.6238532110091743,4.0,2.177793035605916
~/anvil/data/cve-targets/libxml2_repo_valid.c,1262,1186,1278,},case XML_ELEMENT,	case XML_ELEMENT,1.7312911748886108,"[[2722, 11874, 27156]]","[-0.4546702206134796, -0.0012429377529770136, -0.0006951061659492552]",4.1152777671813965,False,0.0,-0.4566082645324059,-0.15220275484413529,3.0,-0.4566082645324059,-0.15220275484413529,3.0,0.045743333944372695,1,2,5,5,0.4,-11.374900386405992,-1.0590312818167846,True,1,0.3333333333333333,16.0,0.0,4.0,1.9678093346749224
~/anvil/data/cve-targets/libsndfile_repo_src_ulaw.c,207,52,357,"0xaa, 0xaa, 0xaa, 0xaa, 0xaa, 0xaa, 0xaa, 0xaa, 0xaa, 0xaa, 0xaa, 0xaa,","0xab, 0xab, 0xab, 0xab, 0xab, 0xab, 0xab, 0xab, 0xab, 0xab, 0xab, 0xab,","	0xab, 0xab, 0xab, 0xab, 0xab, 0xab, 0xab, 0xab, 0xab, 0xab, 0xab, 0xab,
	0xab, 0xab, 0xab, 0xab, 0xab, 0xab,",0.1567316204309463,"[[197, 15, 52616, 11, 220, 15, 52616, 11, 220, 15, 52616, 11, 220, 15, 52616, 11, 220, 15, 52616, 11, 220, 15, 52616, 11, 220, 15, 52616, 11, 220, 15, 52616, 11, 220, 15, 52616, 11, 220, 15, 52616, 11, 220, 15, 52616, 11, 220, 15, 52616, 345, 197, 15, 52616, 11, 220, 15, 52616, 11, 220, 15, 52616, 11, 220, 15, 52616, 11, 220, 15, 52616, 11, 220, 15, 52616, 11]]","[-0.0018122454639524221, -0.00018189683032687753, -0.4754682183265686, -0.00013636612857226282, -7.64102369430475e-05, -2.729855441430118e-05, -0.001896846224553883, -8.749579137656838e-05, -2.9444261599564925e-05, -1.8715683836489916e-05, -0.0016185053391382098, -0.0001731960946926847, -3.4927710657939315e-05, -2.169585604860913e-05, -0.002703822683542967, -0.00030286493711173534, -3.0874729418428615e-05, -1.3708974620385561e-05, -0.0011512563796713948, -0.00016604475968051702, -2.7894584491150454e-05, -1.3351351299206726e-05, -0.0004117832868359983, -0.0003545847721397877, -3.8980677345534787e-05, -1.3232143828645349e-05, -0.0011254174169152975, -0.0002008474839385599, -5.745722592109814e-05, -2.52720492426306e-05, -0.013122154399752617, -0.0003003622987307608, -4.8874615458771586e-05, -1.6569954823353328e-05, -0.004526369273662567, -0.00020859450160060078, -3.075552376685664e-05, -1.6093124941107817e-05, -0.0029010374564677477, -0.0002643712505232543, -3.9219088648678735e-05, -2.3603161025675945e-05, -0.0024378362577408552, -0.003515850519761443, -0.00013028726971242577, -2.5033637939486653e-05, -0.009102750569581985, -0.05551312491297722, -0.0008255410939455032, -0.00015937011630740017, -0.004114259034395218, -0.00015376816736534238, -2.586808113846928e-05, -1.8954096958623268e-05, -0.0011555430246517062, -8.189342770492658e-05, -2.169585604860913e-05, -1.5735502529423684e-05, -0.0008293526479974389, -0.0001380348257953301, -2.777537883957848e-05, -1.823885577323381e-05, -0.007584939710795879, -0.00010299152199877426, -2.3245540432981215e-05, -1.6212332411669195e-05, -0.0012161486083641648, -5.6265202147187665e-05, -2.3245540432981215e-05, -6.437280717364047e-06, -0.00023278864682652056, -0.00010108436981681734]",8.66736125946045,False,1.0,-0.5973929326391954,-0.008297124064433269,72.0,-0.5812690848697457,-0.01186263438509685,49.0,0.004542438468621301,0,25,37,25,0.6756756756756757,-13.212210318801517,-1.058071045681279,True,47,0.6527777777777778,12.0,0.8309859154929577,12.0,2.052425458548803
~/anvil/data/cve-targets/sqlite3_repo_src_sqliteInt.h,2107,1952,2257,((X)->op==TK_COLUMN && (X)->y.pTab==0),((X)->pVtab->pMod->pModule->pModule->pModule->pModule->pModule->p,     ((X)->pVtab->pMod->pModule->pModule->pModule->pModule->pModule->p,1.6284844875335691,"[[257, 1781, 55, 3997, 79, 53, 6192, 405, 79, 4459, 405, 79, 3332, 405, 79, 3332, 405, 79, 3332, 405, 79, 3332, 405, 79, 3332, 405, 79]]","[-1.1854482889175415, -0.9587591886520386, -0.06168656423687935, -0.17668361961841583, -1.1021761894226074, -1.0216628313064575, -0.03650371730327606, -0.6760289669036865, -1.0706875324249268, -0.5683650374412537, -0.6942638158798218, -1.9801936149597168, -1.2715283632278442, -1.1218948364257812, -1.9830106496810913, -1.0119762420654297, -1.3460121154785156, -2.052672863006592, -0.40139323472976685, -0.5205097198486328, -1.6840623617172241, -0.17208844423294067, -0.3311232328414917, -1.1853408813476562, -0.1207243949174881, -0.43291330337524414, -0.8671784400939941]",1.7472223043441772,False,0.0,-24.034888450056314,-0.8901810537057894,27.0,-24.034888450056314,-0.8901810537057894,27.0,0.3398927849994943,1,31,30,30,1.0333333333333334,-1.8293856971615505,-1.1236204222008583,True,17,0.6296296296296297,53.0,0.23300970873786409,27.0,2.034278287771284
~/anvil/data/cve-targets/poppler_repo_poppler_FileSpec.cc,237,195,266,name->del(0);,"name->setChar(0, '\\');","            name->setChar(0, '\\');
",0.7573390007019043,"[[310, 829, 405, 746, 4768, 7, 15, 11, 28078, 1157]]","[-0.0182830560952425, -0.28094759583473206, -0.011724846437573433, -0.16619466245174408, -0.012895289808511734, -0.021656230092048645, -0.3169732391834259, -0.002317126141861081, -0.5919163227081299, -0.5267848968505859]",7.278471946716309,False,1.0,-1.9496932656038553,-0.19496932656038551,10.0,-1.9496932656038553,-0.19496932656038551,10.0,0.04558735214740624,0,12,17,17,0.7058823529411765,-3.8844007622262713,-1.0219629608453502,True,6,0.6,12.0,0.6111111111111112,6.0,2.114025757221078
~/anvil/data/cve-targets/lua_repo_lstate.c,220,200,221,L->errfunc = 0;,L->t = NULL;,"  L->t = NULL;
  L->t2 =",1.382060170173645,"[[220, 444, 405, 83, 284, 1770, 280, 220, 444, 405, 83, 17, 284]]","[-0.4148194491863251, -0.6027497053146362, -0.006397956050932407, -3.4597384929656982, -2.6015419960021973, -0.700073778629303, -0.3635563552379608, -0.17901882529258728, -0.3530843257904053, -0.00301549700088799, -1.9132429361343384, -3.2221932411193848, -0.10247506946325302]",3.7786455154418954,False,1.0,-13.92190762818791,-1.07091597139907,13.0,-8.32789655867964,-1.040987069834955,8.0,1.4072907669315309,1,10,16,11,0.625,-1.3276439354744012,-1.0679814927385787,True,8,0.6153846153846154,11.0,0.5185185185185186,3.0,1.9838659818241653
~/anvil/data/cve-targets/sqlite3_repo_src_window.c,1445,1290,1595,** eDelete:,** regArgStart:,"** regArgStart:
**",1.554301381111145,"[[334, 1217, 2735, 3479, 510, 334]]","[-0.8909527659416199, -1.2108482122421265, -1.7494635581970215, -2.0194573402404785, -0.505691409111023, -0.0008328068652190268]",10.46180534362793,False,1.0,-6.377246092597488,-1.062874348766248,6.0,-6.376413285732269,-1.275282657146454,5.0,0.30455508757912014,0,5,9,5,0.5555555555555556,-1.2187897109720112,-1.1066180739481482,True,4,0.6666666666666666,9.0,0.46153846153846156,1.0,1.7964703364412635
~/anvil/data/cve-targets/openssl_repo_crypto_asn1_a_d2i_fp.c,169,89,226,size_t chunk_max = want;,want = HEADER_SIZE;,"                want = HEADER_SIZE;
            }
            if (len",1.9523440599441528,"[[394, 1366, 284, 39665, 4098, 280, 310, 456, 310, 421, 320, 2892]]","[-0.17272333800792694, -1.1192266941070557, -0.42878466844558716, -0.653399646282196, -6.603976362384856e-05, -0.3027878999710083, -0.20419076085090637, -0.3251194953918457, -0.08814100176095963, -0.8476554751396179, -0.11382339149713516, -1.3346836566925049]",8.231769561767578,False,2.0,-5.590602067910368,-0.4658835056591973,12.0,-2.8811790474283043,-0.41159700677547206,7.0,0.12011126365591145,1,8,11,7,0.7272727272727273,-4.74333881881013,-1.0466113815341853,True,7,0.5833333333333334,21.0,0.2325581395348837,5.0,2.1096504870742314
~/anvil/data/cve-targets/libxml2_repo_valid.c,1205,1186,1278,case XML_ELEMENT_CONTENT_ELEMENT: {,case XML_ELEMENT_CONTENT_ELEMENT:,"        case XML_ELEMENT_CONTENT_ELEMENT:
	    if (",1.40700364112854,"[[286, 1142, 11874, 27156, 25560, 27156, 510, 2760, 421, 320]]","[-0.7222877144813538, -0.019147444516420364, -0.001110175740905106, -0.0013084192760288715, -0.0004259632551111281, -0.8219957947731018, -0.12270320951938629, -0.5591573715209961, -0.27443429827690125, -0.2659286558628082]",4.294444561004639,False,1.0,-2.788499047223013,-0.2788499047223013,10.0,-2.2481360930833034,-0.2810170116354129,8.0,0.11171186709592348,1,6,7,5,0.8571428571428571,-5.006827284014978,-1.0542983086422248,True,7,0.7,2.0,0.9705882352941176,2.0,1.9945067529625793
~/anvil/data/cve-targets/libsndfile_repo_src_common.c,630,470,684,"if (psf->header.indx + (sf_count_t) size > psf->header.len && psf_bump_header_allocation (psf, size))",size = (size > 254) ? 254 : size ;,"					size = (size > 254) ? 254 : size ;
					size = (size > 254) ? 254 : size ;
					size = (size > 254) ? 2",0.0872481763362884,"[[464, 13832, 284, 320, 2141, 861, 220, 17, 20, 19, 8, 937, 220, 17, 20, 19, 549, 1379, 4386, 464, 13832, 284, 320, 2141, 861, 220, 17, 20, 19, 8, 937, 220, 17, 20, 19, 549, 1379, 4386, 464, 13832, 284, 320, 2141, 861, 220, 17, 20, 19, 8, 937, 220, 17]]","[-0.04142910987138748, -0.8808326721191406, -0.10700597614049911, -0.05982186645269394, -0.012609634548425674, -0.5188249945640564, -0.020589079707860947, -0.5099400877952576, -0.01889725960791111, -0.23695383965969086, -0.003185200970619917, -0.0010594476480036974, -0.014739781618118286, -0.0048569319769740105, -0.002272168407216668, -0.026596728712320328, -0.003203381784260273, -0.006663483567535877, -0.5288853049278259, -0.019380612298846245, -0.9782290458679199, -0.2649654746055603, -0.1068507581949234, -0.04921872541308403, -0.6471578478813171, -0.13739390671253204, -1.304297685623169, -0.14196041226387024, -0.5409901142120361, -0.006524096243083477, -0.0017497718799859285, -0.12144014239311218, -0.04671395197510719, -0.00863473117351532, -0.032588232308626175, -0.0064658247865736485, -0.005877592600882053, -0.5761284828186035, -0.018973995000123978, -0.6581809520721436, -0.10446076095104218, -0.05240911245346069, -0.01476668007671833, -0.23242594301700592, -0.0077348253689706326, -0.10535874217748642, -0.005828764755278826, -0.01447368785738945, -0.0006015875260345638, -0.0002719986077863723, -0.006424369756132364, -0.003586885053664446]",6.686848163604736,False,2.0,-9.220432664005784,-0.177316012769342,52.0,-3.017747562378645,-0.15088737811893224,20.0,0.06023457497424293,1,42,46,18,0.9130434782608695,-0.5782337623198526,-1.0069587551077666,True,34,0.6538461538461539,81.0,0.2962962962962963,39.0,2.436501663135132
~/anvil/data/cve-targets/openssl_repo_crypto_pkcs7_pk7_doit.c,793,784,824,X509 *x509;,X509 *x509;,"    X509 *x509;
    X509",0.1347948014736175,"[[262, 1599, 20, 15, 24, 353, 87, 20, 15, 24, 280, 262, 1599, 20, 15, 24]]","[-0.0698699802160263, -0.11098625510931015, -0.0004508670826908201, -2.7418097943154862e-06, -0.0004396664153318852, -0.035793617367744446, -0.004947918001562357, -0.0029118540696799755, -9.142934868577868e-05, -0.0005384425749070942, -0.8521367311477661, -0.3726212680339813, -1.9291132688522339, -0.001459367573261261, -5.006777428206988e-06, -0.00020346954988781363]",8.608332633972168,True,1.0,-3.3815718839302917,-0.21134824274564323,16.0,-1.4507907711774806,-0.12089923093145671,12.0,0.05900822759575761,1,7,10,7,0.7,-1.1149351442114535,-1.056510785227419,False,10,0.625,0.0,1.0,0.0,0.8514358953934429
~/anvil/data/cve-targets/libpng_repo_pngrutil.c,2365,2347,2397,limit = PNG_USER_CHUNK_MALLOC_MAX;,limit = PNG_USER_CHUNK_MALLOC_MAX;,      limit = PNG_USER_CHUNK_MALLOC_MAX;,0.1284193992614746,"[[414, 3930, 284, 41639, 9107, 70508, 86753, 6806, 26, 151643]]","[-0.1739806979894638, -0.028956180438399315, -0.005588858854025602, -0.03876734897494316, -0.15208151936531067, -0.00021228920377325267, -0.0016916978638619184, -0.00010013079008786008, -0.7418941855430603, -0.7369300127029419]",5.373090744018555,True,0.0,-1.8802029217258678,-0.18802029217258678,10.0,-1.1432729090229259,-0.12703032322476954,9.0,0.051216694132290935,0,7,7,7,1.0,-1.010934995687976,-1.0262478438432943,False,8,0.8,0.0,1.0,0.0,0.9684469622461025
~/anvil/data/cve-targets/poppler_repo_fofi_FoFiType1C.cc,1230,1075,1380,case 0x000b: // return,case 0x000b: // endchar,"            case 0x000b: // endchar
                if (first",0.6080948114395142,"[[310, 1142, 220, 15, 87, 15, 15, 15, 65, 25, 442, 835, 1762, 198, 394, 421, 320, 3896]]","[-0.12073728442192078, -0.029187189415097237, -0.00021681819634977728, -5.9602869441732764e-05, -0.00026174934464506805, -0.0005617947317659855, -0.0006512666586786509, -0.023998143151402473, -0.2990972697734833, -0.0029498895164579153, -0.002518341178074479, -2.0224790573120117, -0.35512015223503113, -0.2717907428741455, -0.005003431346267462, -0.23488588631153107, -0.00876389816403389, -0.23790743947029114]",10.39513874053955,False,1.0,-3.6161899569706293,-0.20089944205392385,18.0,-3.134632733024773,-0.2089755155349849,15.0,0.2493897323262215,0,6,9,6,0.6666666666666666,-2.9098854470236355,-1.1047752483635918,True,11,0.6111111111111112,7.0,0.8,1.0,1.706545066838443
~/anvil/data/cve-targets/libsndfile_repo_src_wavlike.c,712,679,743,if ((psf->cart_16k = cart_var_alloc ()) == NULL),c = (SF_CART_INFO_16K *) malloc (chunksize) ;,"	c = (SF_CART_INFO_16K *) malloc (chunksize) ;
	if (c == NULL)",1.6868191957473757,"[[1444, 284, 320, 28667, 65172, 9068, 62, 16, 21, 42, 2586, 15731, 320, 25979, 2141, 8, 4386, 743, 320, 66, 621, 1770, 8, 151662]]","[-0.5907729864120483, -0.00309892650693655, -1.1050969362258911, -0.009790615178644657, -0.00024685196694917977, -0.0005086558521725237, -0.00022516099852509797, -0.0003079893649555743, -7.629103492945433e-05, -9.905801562126726e-05, -0.0858880802989006, -0.732789933681488, -0.037494320422410965, -0.31366437673568726, -3.218599158572033e-05, -0.06929175555706024, -0.05299130082130432, -0.06022826209664345, -0.39428144693374634, -0.06476642191410065, -0.007066377438604832, -0.01738441362977028, -0.06430284678936005, -0.646617591381073]",2.917360782623291,False,1.0,-4.2570227852484095,-0.1773759493853504,24.0,-3.002375425065111,-0.17661031912147712,17.0,0.09952152113284919,0,26,31,19,0.8387096774193549,-9.551079484699521,-1.0912267584123558,True,18,0.75,39.0,0.34408602150537637,23.0,2.1101783986508424
~/anvil/data/cve-targets/openssl_repo_crypto_x509_x509_obj.c,147,17,173,*(p++) = 'x';,*(p++) = 'x';,                *(p++) = 'x';,0.0320517234504222,"[[394, 12861, 79, 2457, 284, 364, 87, 6967, 151662]]","[-0.0031635735649615526, -0.004225374665111303, -8.391981828026474e-05, -0.0006090931710787117, -0.00012063252506777644, -0.15797199308872223, -0.011832056567072868, -0.05376272648572922, -0.419993132352829]",10.650001525878906,True,0.0,-0.6517625022388529,-0.07241805580431698,9.0,-0.23176936988602392,-0.02897117123575299,8.0,0.0026624004247541274,0,17,17,17,1.0,-1.1063316422246516,-1.1118368737167295,False,7,0.7777777777777778,0.0,1.0,0.0,0.7380421373527212
~/anvil/data/cve-targets/php_repo_ext_phar_util.c,1475,1252,1478,},},"	}
	return",4.314198017120361,"[[197, 532, 853]]","[-0.015379643999040127, -0.06513071805238724, -1.0193898677825928]",5.362673282623291,True,1.0,-1.0999002298340201,-0.36663340994467336,3.0,-0.08051036205142736,-0.04025518102571368,2.0,0.000618792342365407,0,2,3,2,0.6666666666666666,-107.1712486987599,-1.026515151082449,False,1,0.3333333333333333,0.0,1.0,0.0,1.3903824521983186
~/anvil/data/cve-targets/php_repo_ext_phar_phar.c,174,159,201,if (phar->signature) {,if (phar->signature) {,	if (phar->signature) {,0.1275013238191604,"[[743, 320, 759, 277, 405, 34140, 8, 314, 151643]]","[-0.08584070950746536, -0.007735180202871561, -0.08992883563041687, -3.421248038648628e-05, -0.0030209640972316265, -0.7451305389404297, -0.03623277693986893, -0.038651060312986374, -0.3797420263290405]",4.229861736297607,True,0.0,-1.3863163044406974,-0.15403514493785528,9.0,-1.006574278111657,-0.1258217847639571,8.0,0.05586275622177203,0,13,13,13,1.0,-1.013348555326521,-1.056001922646094,False,8,0.8888888888888888,0.0,1.0,0.0,0.9207614957860116
~/anvil/data/cve-targets/openssl_repo_crypto_asn1_tasn_dec.c,701,638,761,*/,*/,"         */
       ",4.927922248840332,"[[260, 735, 286]]","[-0.017872126772999763, -0.30415549874305725, -0.002605617046356201]",9.15781307220459,True,1.0,-0.3246332425624132,-0.10821108085413773,3.0,-0.3246332425624132,-0.10821108085413773,3.0,0.019235951837452712,0,3,3,3,1.0,-45.539904138679525,-1.0711242281695905,False,1,0.3333333333333333,0.0,1.0,0.0,1.2985367293373244
~/anvil/data/cve-targets/php_repo_ext_intl_msgformat_msgformat_parse.c,80,57,115,},},"	}
	if",2.46363377571106,"[[197, 532, 743]]","[-0.017850464209914207, -0.6218317747116089, -0.7525368928909302]",8.428863525390625,True,1.0,-1.3922191318124533,-0.46407304393748444,3.0,-0.6396822389215231,-0.31984111946076155,2.0,0.09119835585883614,1,2,3,2,0.6666666666666666,-7.702679942668539,-1.051781127284601,False,1,0.3333333333333333,0.0,1.0,0.0,1.0799615475563755
~/anvil/data/cve-targets/openssl_repo_crypto_asn1_a_type.c,70,54,98,case V_ASN1_NEG_INTEGER:,case V_ASN1_OBJECTIDENTIFIER:,"    case V_ASN1_OBJECTIDENTIFIER:
        result =",1.1627968549728394,"[[262, 1142, 647, 1566, 18966, 16, 13442, 19811, 26965, 510, 286, 1102, 284]]","[-0.013547858223319054, -0.014446428045630455, -0.0004576589271891862, -0.001320800743997097, -0.00012909532233607024, -0.0001110968878492713, -1.4220993518829346, -1.2831496000289917, -0.20904353260993958, -0.03814297169446945, -0.28710874915122986, -0.10504122078418732, -0.006403641309589148]",6.654340744018555,False,1.0,-3.3810020056116628,-0.2600770773547433,13.0,-3.2695571435178863,-0.29723246759253513,11.0,0.25681824275935006,1,5,7,5,0.7142857142857143,-3.912078866723517,-1.0061407467755825,True,8,0.6153846153846154,10.0,0.7169811320754718,1.0,2.142514140316939
~/anvil/data/cve-targets/libxml2_repo_valid.c,540,530,558,switch (state->cont->type) {,"xmlGenericError(xmlGenericErrorContext, ""%s,"", state->","	xmlGenericError(xmlGenericErrorContext, ""%s,"", state->",1.0233055353164673,"[[48460, 19964, 1454, 29932, 19964, 1454, 1972, 11, 5962, 82, 57955, 1584, 405]]","[-1.1351840496063232, -0.08192089200019836, -0.002444971352815628, -0.0027916766703128815, -5.94836674281396e-05, -4.565611743601039e-05, -0.00016032364510465413, -0.015733394771814346, -0.2053830772638321, -0.01918814145028591, -0.566901683807373, -0.06352798640727997, -0.00032419670606032014]",2.198611259460449,False,0.0,-2.0936655334662646,-0.16105119488202035,13.0,-2.0936655334662646,-0.16105119488202035,13.0,0.10203012984788519,0,16,12,12,1.3333333333333333,-6.353914580181165,-1.1110119513506305,True,9,0.6923076923076923,45.0,0.24390243902439024,15.0,1.8435101488085355
~/anvil/data/cve-targets/sqlite3_repo_src_vdbemem.c,1078,1001,1083,#endif,#endif,#endif,0.320326030254364,[[2663]],[-0.320326030254364],7.2848968505859375,True,0.0,-0.320326030254364,-0.320326030254364,1.0,-0.320326030254364,-0.320326030254364,1.0,0.0,0,2,2,2,1.0,-1.0,-1.0221271243737273,False,1,1.0,0.0,1.0,0.0,0.9496582088905262
~/anvil/data/cve-targets/libsndfile_repo_src_wavlike.c,273,95,384,for (bit = k = 0 ; bit < ARRAY_LEN (channel_mask_bits) ; bit++),for (k = 0 ; k < wav_fmt->ext.channelmask ; k++),"					for (k = 0 ; k < wav_fmt->ext.channelmask ; k++)
					{	bit = 0 ;
						for (bit = ",0.8521775007247925,"[[464, 2023, 320, 74, 284, 220, 15, 2587, 595, 366, 53807, 38128, 405, 427, 16195, 11258, 2587, 595, 3485, 464, 197, 90, 79980, 284, 220, 15, 4386, 1144, 2023, 320, 4489, 284, 220]]","[-0.017455171793699265, -1.1333955526351929, -0.017183473333716393, -0.30953651666641235, -0.004551527090370655, -0.026081081479787827, -0.05145186558365822, -0.24261736869812012, -0.045390401035547256, -0.011757481843233109, -0.6643741726875305, -0.04849500209093094, -6.186770770000294e-05, -0.04663248732686043, -0.8847845792770386, -0.00519260298460722, -0.15568961203098297, -0.02010234072804451, -0.49521714448928833, -0.15058693289756775, -0.008657422848045826, -0.005883399397134781, -1.197975516319275, -0.042534127831459045, -0.532569169998169, -0.4531463086605072, -0.19145017862319946, -0.21185234189033508, -1.4266867637634277, -0.06848257035017014, -0.33459991216659546, -0.10510561615228653, -0.05364726483821869]",8.497612953186035,False,2.0,-8.963147775219113,-0.27161053864300344,33.0,-4.339214605228335,-0.20662926691563502,21.0,0.09858211299972246,1,28,34,26,0.8235294117647058,-4.12418585927002,-1.0535904154499534,True,21,0.6363636363636364,32.0,0.6126126126126126,13.0,2.183664115947018
~/anvil/data/cve-targets/php_repo_ext_exif_exif.c,3630,3617,3700,if (!data) {,if (ImageInfo->Thumbnail,"
	if (ImageInfo->Thumbnail",1.3070369958877563,"[[198, 743, 320, 1906, 1731, 405, 45970]]","[-1.2803354263305664, -0.34434786438941956, -0.7050834894180298, -0.7437058091163635, -0.00013052565918769687, -0.01583278365433216, -0.03360508009791374]",1.406944751739502,False,1.0,-3.123040978665813,-0.4461487112379733,7.0,-3.123040978665813,-0.4461487112379733,7.0,0.2023020858426294,1,12,7,7,1.7142857142857142,-2.9295993980594286,-1.1332197650045117,True,5,0.7142857142857143,19.0,0.33333333333333337,10.0,1.7441758996206769
~/anvil/data/cve-targets/poppler_repo_poppler_GfxState.cc,2395,2386,2402,int i;,int i;,"    int i;
    G",1.750820517539978,"[[262, 526, 600, 280, 262, 479]]","[-0.19258098304271698, -1.0120189189910889, -0.16261006891727448, -0.4628216326236725, -0.013993129134178162, -1.6332087516784668]",7.41475772857666,True,1.0,-3.4772334843873978,-0.5795389140645663,6.0,-1.844024732708931,-0.3688049465417862,5.0,0.12440519805156613,1,5,8,5,0.625,-4.747280463445756,-1.0254508749136677,False,3,0.5,0.0,1.0,0.0,1.1347876585739063
~/anvil/data/cve-targets/sqlite3_repo_ext_fts5_fts5_hash.c,144,138,166,int nNew = pHash->nSlot*2;,int nNew = pHash->nSlot * 2;,  int nNew = pHash->nSlot * 2;,0.3177737593650818,"[[220, 526, 308, 3564, 284, 281, 6370, 405, 77, 19877, 353, 220, 17, 26, 151643]]","[-0.013487289659678936, -0.3582994341850281, -0.03454339876770973, -0.1596519500017166, -0.3039439022541046, -0.4518652558326721, -6.305972783593461e-05, -0.0008038626983761787, -0.012405142188072205, -0.010973699390888214, -0.40405115485191345, -0.057503484189510345, -0.00591184152290225, -0.6588844060897827, -0.2863430380821228]",5.270138263702393,False,0.0,-2.758730919442314,-0.1839153946294876,15.0,-2.4723878813601914,-0.1765991343828708,14.0,0.04401339179922078,0,14,14,14,1.0,-1.79940723081995,-1.0288926149786914,True,12,0.8,2.0,0.962962962962963,0.0,2.059407285122057
~/anvil/data/cve-targets/libsndfile_repo_src_common.c,591,470,684,int padding = size & 1 ;,if (psf->header.indx + (sf_count,					if (psf->header.indx + (sf_count,2.442228317260742,"[[464, 743, 320, 1690, 69, 405, 2708, 28473, 87, 488, 320, 17246, 3180]]","[-0.02935517206788063, -0.5685811042785645, -0.07301409542560577, -0.13518086075782776, -3.6000557884108275e-05, -0.0020787552930414677, -0.009510803036391735, -0.0008261366747319698, -1.3589766240329482e-05, -0.0019776327535510063, -0.0515853576362133, -0.007887645624577999, -4.5298504119273275e-05]",6.15433931350708,False,0.0,-0.8800924523766298,-0.06769941941358691,13.0,-0.8800924523766298,-0.06769941941358691,13.0,0.02238400086148812,1,11,13,13,0.8461538461538461,-36.07458289030171,-1.0063984497182041,True,8,0.6153846153846154,25.0,0.3571428571428571,14.0,2.3563477939606474
~/anvil/data/cve-targets/php_repo_ext_standard_http_fopen_wrapper.c,695,634,719,) {,&& !strnc,				&& !strnc,1.4833767414093018,"[[571, 197, 7672, 753, 495, 1016]]","[-0.7771432995796204, -0.0004707658663392067, -0.19221967458724976, -0.8644460439682007, -0.17781388759613037, -0.010236854664981365]",7.262195110321045,False,0.0,-2.0223305262625217,-0.3370550877104203,6.0,-2.0223305262625217,-0.3370550877104203,6.0,0.12304217913988458,0,3,5,5,0.6,-4.400991990614127,-1.0215471873466602,True,2,0.3333333333333333,8.0,0.16666666666666663,5.0,2.0965925162153547
~/anvil/data/cve-targets/poppler_repo_fofi_FoFiType1C.cc,1459,1449,1462,if(ok) {,if (ok) {,"                    if (ok) {
                       ",1.780351161956787,"[[503, 421, 320, 562, 8, 341, 664]]","[-0.34609854221343994, -0.19953903555870056, -0.32414084672927856, -0.10390843451023102, -0.200108140707016, -0.38094502687454224, -0.005478487350046635]",9.850866317749023,False,1.0,-1.560218513943255,-0.22288835913475072,7.0,-1.560218513943255,-0.22288835913475072,7.0,0.01612887567879189,1,10,10,10,1.0,-7.987636361396727,-1.0898445905145047,True,4,0.5714285714285714,1.0,0.9411764705882353,0.0,1.9444587924876844
~/anvil/data/cve-targets/libtiff_repo_libtiff_tif_jbig.c,98,39,108,"TIFFWarningExt(tif->tif_clientdata, ""JBIG"",","TIFFWarningExt(tif->tif_clientdata, ""JBIG"",","	    TIFFWarningExt(tif->tif_clientdata, ""JBIG"",
	                   ""Only decoded %lu",0.0946342572569847,"[[2760, 74121, 12087, 6756, 1155, 333, 405, 84340, 8179, 691, 11, 330, 46107, 1914, 756, 197, 4293, 330, 7308, 29213, 1018, 9835]]","[-0.11195044964551926, -0.07512832432985306, -0.0815822184085846, -0.004582973662763834, -0.007000324781984091, -2.5629668016335927e-05, -8.904537389753386e-05, -2.777537883957848e-05, -0.00012563870404846966, -1.549708758830093e-05, -0.059446755796670914, -0.018838418647646904, -0.0027422227431088686, -3.123234637314454e-05, -0.43270251154899597, -0.7736089825630188, -0.008930975571274757, -0.017309080809354782, -0.5533081293106079, -0.0396181158721447, -0.4004213809967041, -0.02673497051000595]",3.9437506198883057,True,1.0,-2.614220653757002,-0.11882821153440917,22.0,-1.5768289762581844,-0.09275464566224614,17.0,0.0393131208557659,1,13,15,13,0.8666666666666667,-1.0202643391208988,-1.0635823481021733,False,15,0.6818181818181818,0.0,1.0,0.0,0.8875015026517112
~/anvil/data/cve-targets/openssl_repo_crypto_asn1_a_type.c,66,54,98,break;,break;,        break;,0.3130844235420227,"[[286, 1438, 26, 151662]]","[-0.01011141762137413, -0.03944944217801094, -0.5833836793899536, -0.2340312898159027]",7.322221755981445,True,0.0,-0.8669758290052414,-0.21674395725131035,4.0,-0.6329445391893387,-0.21098151306311289,3.0,0.06948514002327628,1,4,4,4,1.0,-1.48394245067513,-1.023081339459823,False,2,0.5,0.0,1.0,0.0,0.9678429186596826
~/anvil/data/cve-targets/lua_repo_lvm.c,1678,1669,1682,L->oldpc = pc + 1;,"luaD_hookcall(L, ci);  /* re-throw */","          luaD_hookcall(L, ci);  /* re-throw */
         ",3.099941730499268,"[[688, 20357, 35, 32005, 6659, 4957, 11, 11825, 1215, 220, 1391, 312, 12, 7119, 735, 688]]","[-0.12030919641256332, -1.0912666320800781, -0.33076927065849304, -1.4791646003723145, -0.21433275938034058, -0.019273623824119568, -0.0029982635751366615, -0.19120188057422638, -0.5367129445075989, -0.9223199486732483, -0.008206221275031567, -2.757941961288452, -2.1559524536132812, -1.1257297992706299, -2.2652528285980225, -0.31662917137145996]",8.701780319213867,False,1.0,-13.538061555474997,-0.8461288472171873,16.0,-13.538061555474997,-0.8461288472171873,16.0,0.7514171984535045,1,13,12,12,1.0833333333333333,-3.663675740041947,-1.0589818827656459,True,10,0.625,31.0,0.2545454545454545,12.0,2.2498827025325308
~/anvil/data/cve-targets/lua_repo_ldebug.c,318,273,330,ar->ftransfer = ci->u2.transferinfo.ftransfer;,ar->ftransfer = ci->u2.transferinfo.ftransfer;,          ar->ftransfer = ci->u2.transferinfo.ftransfer;,0.2209735214710235,"[[688, 796, 405, 69, 24188, 284, 11825, 405, 84, 17, 49428, 2733, 833, 24188, 26, 151662]]","[-0.32128801941871643, -0.35958316922187805, -7.068861305015162e-05, -0.17710912227630615, -0.004035069607198238, -0.01316909771412611, -0.5301047563552856, -0.001981677720323205, -0.21879929304122925, -0.3480457663536072, -0.1222556084394455, -0.009048409759998322, -0.6886900067329407, -0.04573187232017517, -0.6421960592269897, -0.22400206327438354]",9.447916030883787,True,0.0,-3.7061106800756534,-0.23163191750472834,16.0,-3.48210861680127,-0.23214057445341799,15.0,0.053973205793166126,0,19,19,19,1.0,-0.9518952987486671,-1.0789208745643921,False,14,0.875,0.0,1.0,0.0,0.9104884227836794
~/anvil/data/cve-targets/openssl_repo_crypto_asn1_tasn_enc.c,20,-135,170,"unsigned char **out,",STACK_OF(const_ASN1_VALUE),                        STACK_OF(const_ASN1_VALUE),0.674680769443512,"[[664, 69967, 14234, 2741, 1566, 18966, 16, 7476, 8]]","[-1.8947067260742188, -0.8498522043228149, -0.004990976769477129, -0.45055443048477173, -0.008833379484713078, -0.00010084597306558862, -7.56950321374461e-05, -0.012035135179758072, -0.008087978698313236]",0.1946179419755935,False,0.0,-3.22923737201927,-0.35880415244658553,9.0,-3.22923737201927,-0.35880415244658553,9.0,0.37297900863961975,0,10,9,9,1.1111111111111112,-1.8803594240564157,-1.1680913603538083,True,5,0.5555555555555556,25.0,0.13043478260869568,11.0,1.5132925737257223
~/anvil/data/cve-targets/lua_repo_lvm.c,884,783,922,}},}},"  }}
/*
",2.288458585739136,"[[220, 8096, 3284]]","[-0.06061362475156784, -0.30940747261047363, -0.25514495372772217]",4.281250953674316,True,2.0,-0.6251660510897636,-0.2083886836965879,3.0,-0.3700210973620415,-0.18501054868102074,2.0,0.01547459468311009,0,3,5,3,0.6,-12.369341110839574,-1.0546461159468152,False,1,0.3333333333333333,0.0,1.0,0.0,1.0600991734229022
~/anvil/data/cve-targets/lua_repo_ldebug.c,94,88,97,for (; ci != NULL; ci = ci->previous),if (isLua(ci)),"    if (isLua(ci))
      ci->u.l.trap = 0;",1.5173968076705933,"[[262, 421, 320, 285, 58020, 77434, 1171, 414, 11825, 405, 84, 918, 5427, 391, 284, 220, 15, 26, 151643]]","[-0.6386203169822693, -1.3640943765640259, -0.15630777180194855, -0.9242806434631348, -1.1032832860946655, -0.018912583589553833, -0.383222758769989, -0.007417045533657074, -0.054502177983522415, -0.0010507544502615929, -0.04824592173099518, -0.0996670052409172, -0.32368195056915283, -0.06401932239532471, -0.11967175453901291, -0.14718735218048096, -0.45722952485084534, -0.4890606105327606, -0.1523830145597458]",3.441145420074463,False,1.0,-6.5528381718322635,-0.3448862195701191,19.0,-4.596138782799244,-0.5745173478499055,8.0,0.23390764144951745,0,21,27,14,0.7777777777777778,-2.641167953151204,-1.0770307118482134,True,12,0.631578947368421,30.0,0.3137254901960784,17.0,2.089171760036959
~/anvil/data/cve-targets/libtiff_repo_libtiff_tif_predict.c,40,-115,190,"static int swabHorDiff16(TIFF* tif, uint8_t* cp0, tmsize_t cc);","static int swabHorDiff8(TIFF* tif, uint8_t* cp0, tmsize_t cc);","static int swabHorDiff8(TIFF* tif, uint8_t* cp0, tmsize_t cc);
static int swabHorDiff16(TIFF* tif,",0.2508301436901092,"[[1978, 526, 2021, 370, 39601, 21751, 23, 4140, 29035, 9, 259, 333, 11, 2622, 23, 528, 9, 12490, 15, 11, 259, 1011, 551, 528, 12527, 317, 1978, 526, 2021, 370, 39601, 21751, 16, 21, 4140, 29035, 9, 259, 333, 11]]","[-0.13811807334423065, -0.012094732373952866, -0.6449316143989563, -0.0004768426588270813, -0.006767448503524065, -0.5339763760566711, -0.034441590309143066, -0.0006759266252629459, -9.83428253675811e-05, -0.00022790218645241112, -0.00011097769311163574, -1.1801649634435307e-05, -0.0001481661747675389, -0.00017617580306250602, -6.544376083184034e-05, -0.0004580163804348558, -0.00028081765049137175, -0.0029269494116306305, -0.0005902693956159055, -0.00029059001826681197, -7.939023635117337e-05, -0.00013183678674977273, -7.271740287251305e-06, -2.634490556374658e-05, -0.00024530262453481555, -0.04504288733005524, -0.0018943476025015116, -0.00023040501400828362, -0.009563111700117588, -6.508615479106084e-05, -0.0006982034537941217, -0.00586194870993495, -0.001862459466792643, -3.838465272565372e-05, -0.00019834458362311125, -0.0001436368766007945, -0.00019810620869975537, -6.305972783593461e-05, -1.3232143828645349e-05, -7.593343616463244e-05]",3.605729103088379,False,1.0,-1.4433073505751963,-0.03608268376437991,40.0,-1.4224010908437776,-0.054707734263222216,26.0,0.02483635281584058,0,26,37,26,0.7027027027027027,-4.58491193371779,-1.0726082743188146,True,27,0.675,2.0,0.976,1.0,2.018016162955207
~/anvil/data/cve-targets/php_repo_ext_phar_phar.c,167,159,201,"pefree(phar->alias, phar->is_persistent);","pefree(phar->alias, phar->is_persistent);","		pefree(phar->alias, phar->is_persistent);",0.0531019866466522,"[[197, 197, 375, 10593, 57807, 277, 405, 14956, 11, 1319, 277, 405, 285, 620, 13931, 1215, 151643]]","[-0.009169609285891056, -0.19949303567409515, -0.5843678712844849, -0.006749924272298813, -0.055224839597940445, -2.169585604860913e-05, -0.012652600184082985, -0.007468635682016611, -0.02051667496562004, -0.004485308192670345, -2.0265558760002023e-06, -0.00015948931104503572, -0.0006886732880957425, -0.00011634149996098131, -3.3378546504536644e-06, -0.05573582649230957, -0.12098099291324615]",6.302951812744141,True,0.0,-1.0778368829103329,-0.06340216958296076,17.0,-0.9568558899970867,-0.05980349312481792,16.0,0.020687706161832416,0,17,17,17,1.0,-0.8879412200190585,-1.0026663023371254,False,14,0.8235294117647058,0.0,1.0,0.0,1.1651970936240672
~/anvil/data/cve-targets/lua_repo_ldebug.c,396,356,568,},},"}
",4.888905048370361,[[532]],[-0.13890521228313446],9.57209300994873,True,1.0,-0.13890521228313446,-0.13890521228313446,1.0,-0.13890521228313446,-0.13890521228313446,1.0,0.0,0,2,2,2,1.0,-35.195979819714516,-1.0822755073436094,False,1,1.0,0.0,1.0,0.0,1.23931527924948
~/anvil/data/cve-targets/libxml2_repo_valid.c,713,599,739,"xmlValidBuildAContentModel(content, ctxt, name);","ctxt->state = xmlAutomataNewEpsilon(ctxt->am, oldend,","	    ctxt->state = xmlAutomataNewEpsilon(ctxt->am, oldend,",0.3277255594730377,"[[2760, 59162, 405, 2454, 284, 8396, 41072, 459, 3564, 36, 59892, 40583, 2252, 405, 309, 11, 2310, 408, 11]]","[-0.01587056554853916, -0.7707192301750183, -2.47952248173533e-05, -0.0013658013194799423, -0.0010303908493369818, -0.5866630673408508, -0.0004731489170808345, -9.059865078597795e-06, -0.001629216712899506, -0.10157309472560883, -0.00034683887497521937, -0.000228140561375767, -7.199982064776123e-05, -1.3589766240329482e-05, -1.6212332411669195e-05, -0.12733472883701324, -0.39959290623664856, -0.2532547116279602, -0.01879969611763954]",8.31267261505127,False,0.0,-2.2790171948536226,-0.11994827341334856,19.0,-2.2790171948536226,-0.11994827341334856,19.0,0.0481985506627399,0,13,15,15,0.8666666666666667,-2.732224067483463,-1.0487303751341588,True,12,0.631578947368421,44.0,0.3366336633663366,16.0,1.972003026915836
~/anvil/data/cve-targets/sqlite3_repo_src_expr.c,3680,3626,3723,"sqlite3ExprCompare(0,pFarg->a[0].pExpr, pFarg->a[1].pExpr,-1),","sqlite3ExprCompare(pParse,pFarg->a[0].pExpr, pFarg->a[1].pExpr,-1),","         sqlite3ExprCompare(pParse,pFarg->a[0].pExpr, pFarg->a[1].pExpr,-1),",0.3435136973857879,"[[260, 22003, 18, 16041, 27374, 1295, 14463, 7237, 37, 858, 405, 64, 58, 15, 936, 79, 16041, 11, 281, 37, 858, 405, 64, 58, 16, 936, 79, 16041, 4999, 16, 701, 151643]]","[-0.46230384707450867, -0.010710729286074638, -5.221230458118953e-05, -0.011430135928094387, -0.007988644763827324, -0.020163442939519882, -0.02775917947292328, -0.3009074926376343, -0.00013553177996072918, -3.313963316031732e-05, -0.0007285801111720502, -0.00014530557382386178, -9.536288416711614e-05, -0.001980012049898505, -0.00030310326837934554, -0.00020489977032411844, -7.629103492945433e-05, -0.2971121370792389, -0.022563863545656204, -0.00020680672605521977, -2.8132995794294402e-05, -0.00024172721896320581, -0.00018809456378221512, -0.0001726001501083374, -0.002643782878294587, -0.00013672371278516948, -0.0003022690652869642, -5.6622808187967166e-05, -0.46731722354888916, -0.006764251738786697, -0.3655768632888794, -0.8810703754425049]",3.720312356948853,False,0.0,-2.8893993852761923,-0.09029373078988101,32.0,-2.0083290098336875,-0.06478480676882863,31.0,0.019887791315261225,0,36,36,36,1.0,-5.302380519734303,-1.0695400972835152,True,30,0.9375,6.0,0.9457364341085271,1.0,2.154213487475359
~/anvil/data/cve-targets/libsndfile_repo_src_wav.c,902,828,934,"psf_binheader_writef (psf, ""44"", BHW4 (psf->instrument->loop_count), BHW4 (0)) ;","psf_binheader_writef (psf, ""44"", BHW4 (0), BHW4 (0)) ; /* SMTPE format */","		psf_binheader_writef (psf, ""44"", BHW4 (0), BHW4 (0)) ; /* SMTPE format */
		psf_binheader_writef (psf, ""44"", BHW",0.3189089894294739,"[[197, 35009, 69, 21816, 2708, 9165, 69, 320, 1690, 69, 11, 330, 19, 19, 497, 425, 38252, 19, 320, 15, 701, 425, 38252, 19, 320, 15, 593, 2587, 1391, 328, 8505, 1740, 3561, 735, 197, 35009, 69, 21816, 2708, 9165, 69, 320, 1690, 69, 11, 330, 19, 19, 497, 425, 38252]]","[-0.01200404018163681, -0.7172096967697144, -0.00014733182615600526, -0.04159047454595566, -0.00011467275908216834, -0.0005429700831882656, -0.00098525604698807, -0.0006687788409180939, -5.2689116273541003e-05, -1.7881377516459906e-06, -0.0004836343287024647, -0.002266340423375368, -0.35312822461128235, -0.49319860339164734, -0.09261862933635712, -0.005983416922390461, -0.00016485285595990717, -0.019208723679184914, -0.01439061388373375, -0.24367928504943848, -0.04651506245136261, -0.0017700018361210823, -0.00013040646445006132, -0.04338660463690758, -0.013680625706911087, -0.1426982432603836, -0.008072606287896633, -0.08367382735013962, -0.14327304065227509, -0.7138299345970154, -0.04222264885902405, -0.004889554809778929, -0.16609662771224976, -0.3787793517112732, -0.00968861673027277, -0.7666382193565369, -0.00015948931104503572, -0.05541139841079712, -0.000408327643526718, -0.0007906410028226674, -0.0020786363165825605, -0.0010609956225380301, -5.686121585313231e-05, -1.6689286894688848e-06, -0.0003829461056739092, -0.002983050188049674, -0.30566853284835815, -0.31740492582321167, -0.06640275567770004, -0.0064099193550646305, -0.00014447122521232814]",6.630034446716309,False,1.0,-5.32315001488746,-0.10437549048798941,51.0,-3.797147175855798,-0.10848991931016566,35.0,0.03644402930101475,1,34,39,29,0.8717948717948718,-2.93952646897758,-1.0055295435924922,True,33,0.6470588235294118,40.0,0.6928104575163399,8.0,2.377707156261835
~/anvil/data/cve-targets/sqlite3_repo_src_build.c,2315,2288,2556,if( db->init.busy ){,if( p->tnum==1 ){,"  if( p->tnum==1 ){
    iDb",0.8775877952575684,"[[220, 421, 7, 281, 405, 1517, 372, 418, 16, 10959, 262, 600, 7994]]","[-0.056744061410427094, -0.16194620728492737, -0.0019155264599248767, -0.5900914669036865, -0.1678207516670227, -0.6040780544281006, -0.0002824861148837954, -0.22042369842529297, -0.6320199370384216, -0.6859430074691772, -0.026136595755815506, -1.4219225645065308, -0.013320501893758774]",8.992362022399902,False,1.0,-4.58264485935797,-0.35251114302753617,13.0,-3.1474017929576803,-0.28612743572342547,11.0,0.07176463509167454,1,16,14,16,1.1428571428571428,-3.067122147999314,-1.0667029126638008,True,8,0.6153846153846154,10.0,0.5945945945945945,5.0,1.9991972791457835
~/anvil/data/cve-targets/php_repo_ext_phar_phar.c,2336,2181,2486,},},"	}
	",3.051196575164795,"[[197, 532, 197]]","[-0.017936060205101967, -0.9601605534553528, -0.8138604760169983]",12.005252838134766,True,1.0,-1.791957089677453,-0.5973190298924843,3.0,-1.791957089677453,-0.5973190298924843,3.0,0.17140959822496324,0,2,2,2,1.0,-5.108152297967138,-1.1501527637264015,False,1,0.3333333333333333,0.0,1.0,0.0,0.7645833258211197
~/anvil/data/cve-targets/libtiff_repo_libtiff_tif_predict.c,343,335,352,tmsize_t wc = cc / 4;,uint32_t* wp0 = (uint32_t*) (cp,	uint32_t* wp0 = (uint32_t*) (cp,0.7313822507858276,"[[8254, 18, 17, 528, 9, 12609, 15, 284, 320, 2496, 18, 17, 528, 3764, 320, 4672]]","[-1.062286376953125, -0.1426226794719696, -8.83301836438477e-05, -0.00016378014697693288, -0.712280809879303, -0.8011747002601624, -1.1241836547851562, -0.05766464024782181, -0.35114842653274536, -0.012836681678891182, -0.0007895689341239631, -4.875540980719961e-05, -4.053033626405522e-05, -0.08073970675468445, -1.2136728763580322, -0.5431714653968811]",1.802777647972107,False,0.0,-6.102912983329588,-0.38143206145809927,16.0,-6.102912983329588,-0.38143206145809927,16.0,0.19595703124392932,1,11,14,14,0.7857142857142857,-1.917464011782268,-1.122060927463304,True,11,0.6875,23.0,0.34615384615384615,15.0,1.7102428895956563
~/anvil/data/cve-targets/poppler_repo_fofi_FoFiTrueType.cc,1311,1022,1326,} else if (needVerticalMetrics && i == t42VheaTable) {,},"                }
            }
        }
    }
    // end the sfnts array
    (*outputFunc)(outputStream, ""]\n"",",0.1795633882284164,"[[394, 456, 310, 456, 286, 456, 262, 456, 262, 442, 835, 279, 13124, 65677, 1334, 198, 262, 4609, 3006, 9626, 2376, 3006, 3027, 11, 330, 17960, 77, 497]]","[-0.05615357682108879, -0.349298357963562, -0.22588114440441132, -0.09053053706884384, -0.20177680253982544, -0.001692292862571776, -0.20178908109664917, -0.0028460018802434206, -0.0005969410995021462, -0.45008373260498047, -0.9557218551635742, -0.059816475957632065, -0.365142285823822, -0.020400580018758774, -0.05372104048728943, -0.03710304573178291, -0.00013624693383462727, -0.16592083871364594, -9.30981186684221e-05, -1.6569954823353328e-05, -0.0001456631434848532, -0.00013147920253686607, -5.030505417380482e-05, -9.345571743324399e-05, -0.3844476640224457, -0.8319429159164429, -0.00036840804386883974, -0.009897325187921524]",12.797048568725586,False,5.0,-4.465797721533818,-0.15949277576906493,28.0,-0.6313330791890621,-0.21044435972968736,3.0,0.014441457612391649,1,15,21,2,0.7142857142857143,-0.8532582600886186,-1.173146745812064,True,18,0.6428571428571429,53.0,0.036363636363636376,13.0,1.4936894448196307
~/anvil/data/cve-targets/poppler_repo_poppler_JPEG2000Stream.cc,31,25,39,opj_image_t *image;,int width;,"    int width;
    int height;",1.8639183044433596,"[[262, 526, 2374, 280, 262, 526, 2608, 26, 151643]]","[-0.060842037200927734, -1.5025426149368286, -2.511657238006592, -0.6420828700065613, -0.00458107516169548, -0.010409939102828503, -0.029033074155449867, -0.6372411251068115, -0.02919529378414154]",4.326562881469727,False,1.0,-5.427585267461836,-0.6030650297179818,9.0,-4.721705835312605,-0.944341167062521,5.0,0.9046296687166684,0,7,9,5,0.7777777777777778,-1.9737763950726477,-1.053452091152678,True,7,0.7777777777777778,14.0,0.3448275862068966,4.0,2.061536418017924
~/anvil/data/cve-targets/sqlite3_repo_src_select.c,2823,2535,2855,if( !pKeyInfo ){,if( p->pEList->nExpr==,    if( p->pEList->nExpr==,1.4920090436935425,"[[262, 421, 7, 281, 405, 79, 36, 852, 405, 77, 16041, 418]]","[-0.048339974135160446, -1.2446064949035645, -0.006247751414775848, -0.7739327549934387, -0.6508089900016785, -0.4653128981590271, -0.5825866460800171, -0.0015047191409394145, -0.9979918599128723, -0.07659687101840973, -0.036703456193208694, -0.8488384485244751]",9.522396087646484,False,0.0,-5.733470864477567,-0.47778923870646395,12.0,-5.733470864477567,-0.47778923870646395,12.0,0.17618407766194288,0,12,11,11,1.0909090909090908,-3.1227347182052747,-1.0809316982612123,True,7,0.5833333333333334,16.0,0.3157894736842105,11.0,1.9688116808960392
~/anvil/data/cve-targets/openssl_repo_crypto_asn1_a_type.c,23,-132,173,"void ASN1_TYPE_set(ASN1_TYPE *a, int type, void *value)","int ASN1_TYPE_set(ASN1_TYPE *a, int type, const void *value)","int ASN1_TYPE_set(ASN1_TYPE *a, int type, const void *value)",0.2281923294067382,"[[396, 54855, 16, 4189, 2602, 7, 68134, 16, 4189, 353, 64, 11, 526, 943, 11, 733, 737, 353, 957, 8, 151643]]","[-0.8658854961395264, -0.0046617635525763035, -4.6132929128361866e-05, -0.009599241428077221, -0.12647277116775513, -0.3104708194732666, -0.00027044929447583854, -2.539125671319198e-05, -0.0009394046501256526, -0.004210298415273428, -0.00087878224439919, -0.0006490031373687088, -0.01585918292403221, -0.002256468404084444, -0.0032730125822126865, -0.1711018979549408, -0.042923398315906525, -0.0013383012264966965, -0.0016179102240130305, -0.5919605493545532, -0.21347640454769135]",2.8383677005767822,False,0.0,-2.367916679222617,-0.1127579371058389,21.0,-2.1544402746749256,-0.10772201373374628,20.0,0.050600279566697194,0,24,26,26,0.9230769230769231,-2.118344445089518,-1.0933838717957007,True,19,0.9047619047619048,10.0,0.9043478260869565,3.0,1.911863917159113
~/anvil/data/cve-targets/poppler_repo_utils_HtmlOutputDev.cc,1250,1172,1284,unsigned char zero[1];,GfxRGB rgb;,"            GfxRGB rgb;
            GooString",1.258624792098999,"[[310, 479, 8298, 18184, 17993, 280, 310, 479, 2624, 703]]","[-0.005573447793722153, -1.0190677642822266, -0.5337777137756348, -1.05056893825531, -0.758826494216919, -0.08022506535053253, -0.009977703914046288, -1.4232791662216187, -0.4542234539985657, -0.3873541057109833]",8.813194274902344,False,1.0,-5.722873853519559,-0.5722873853519559,10.0,-3.4580171275883913,-0.4940024467983416,7.0,0.18588975074030187,1,11,8,5,1.375,-2.547810846396043,-1.0619356284762131,True,6,0.6,19.0,0.18181818181818177,8.0,2.0046030820962297
~/anvil/data/cve-targets/libxml2_repo_xmlstring.c,649,628,685,goto error;,goto error;,"                goto error;
            if",0.4690257608890533,"[[394, 7986, 1465, 280, 310, 421]]","[-0.02386324666440487, -0.0001787979417713359, -8.272782724816352e-05, -0.2818324565887451, -0.0068259392865002155, -0.03269818797707558]",6.513887882232666,True,1.0,-0.3454813562857453,-0.057580226047624215,6.0,-0.3127831683086697,-0.06255663366173395,5.0,0.012095791662502317,0,5,6,5,0.8333333333333334,-7.497618292973421,-1.002614058386432,False,3,0.5,0.0,1.0,0.0,1.076711861495665
~/anvil/data/cve-targets/openssl_repo_crypto_asn1_a_type.c,125,-30,275,},},"}
",2.370782852172852,[[532]],[-0.24578315019607544],6.58402681350708,True,1.0,-0.24578315019607544,-0.24578315019607544,1.0,-0.24578315019607544,-0.24578315019607544,1.0,0.0,0,2,2,2,1.0,-9.645831499358444,-1.0043736576040891,False,1,1.0,0.0,1.0,0.0,1.2537633636779038
~/anvil/data/cve-targets/libsndfile_repo_src_alaw.c,326,320,332,{,{,	{	,0.3346978425979614,"[[197, 90, 197]]","[-0.024870632216334343, -0.34802255034446716, -1.3339537382125854]",4.754340171813965,True,0.0,-1.706846920773387,-0.568948973591129,3.0,-1.706846920773387,-0.568948973591129,3.0,0.31002067197841354,1,2,2,2,1.0,-0.5882739193383089,-1.0422460470693846,False,1,0.3333333333333333,0.0,1.0,0.0,0.8730303308371504
~/anvil/data/cve-targets/libpng_repo_pngrutil.c,3050,2647,3067,bytes_to_copy = row_width;,break; /* May need to restore part of the last,                     break; /* May need to restore part of the last,1.354623556137085,"[[3824, 1438, 26, 1391, 3217, 1184, 311, 14952, 949, 315, 279, 1537]]","[-0.12498325109481812, -0.4171037971973419, -0.3147730529308319, -0.631053626537323, -1.592758297920227, -0.03373740240931511, -0.004670306574553251, -0.0324203297495842, -0.07176920026540756, -0.0019668058957904577, -0.015023889020085335, -0.006757620722055435]",4.82469654083252,False,0.0,-3.2470175803173333,-0.2705847983597778,12.0,-3.2470175803173333,-0.2705847983597778,12.0,0.19606914286983945,1,7,15,15,0.4666666666666667,-5.00628107842162,-1.040414442167583,True,7,0.5833333333333334,37.0,0.33333333333333337,16.0,2.0538832961272
~/anvil/data/cve-targets/libtiff_repo_libtiff_tif_predict.c,511,502,521,tmsize_t wc = cc/4;,uint32_t *wp0 = (uint32_t*) cp,	uint32_t *wp0 = (uint32_t*) cp,0.8939894437789917,"[[8254, 18, 17, 528, 353, 8421, 15, 284, 320, 2496, 18, 17, 528, 3764, 12490]]","[-1.074269413948059, -0.09254691004753113, -8.463501580990851e-05, -0.0001433984871255234, -0.8344656229019165, -0.8611665964126587, -0.6213399767875671, -0.0812334343791008, -0.4770272374153137, -0.01946631260216236, -0.0008791395812295377, -7.211902266135439e-05, -6.544376083184034e-05, -0.06426350027322769, -1.0123049020767212]",2.2562503814697266,False,0.0,-5.1393286427119165,-0.34262190951412774,15.0,-5.1393286427119165,-0.34262190951412774,15.0,0.16594679174729882,1,11,17,17,0.6470588235294118,-2.609259416733619,-1.1094121604238136,True,10,0.6666666666666666,23.0,0.36734693877551017,13.0,1.7780933386460331
~/anvil/data/cve-targets/libtiff_repo_libtiff_tif_predict.c,334,326,336,"TIFFSwabArrayOfLong(wp, wc);",for (tmsize_t i = 0; i < wc;,	for (tmsize_t i = 0; i < wc;,3.561558723449707,"[[2023, 320, 83, 1011, 551, 528, 600, 284, 220, 15, 26, 600, 366, 26548, 26]]","[-1.3005203008651733, -0.1877317577600479, -0.16426707804203033, -0.005528873298317194, -0.0006576997111551464, -0.00029797881143167615, -0.2071722447872162, -0.04642937332391739, -0.03429150953888893, -0.013940935023128986, -0.02171933837234974, -0.004299207124859095, -0.015970760956406593, -0.018723415210843086, -0.042297497391700745]",2.015450954437256,False,0.0,-2.0638479702174664,-0.13758986468116444,15.0,-2.0638479702174664,-0.13758986468116444,15.0,0.10126517808272133,0,11,15,15,0.7333333333333333,-25.88532761263244,-1.1161109488127539,True,10,0.6666666666666666,25.0,0.25,15.0,2.0578002033447387
~/anvil/data/cve-targets/lua_repo_lstate.h,162,7,312,} transferinfo;,unsigned short ntransfer;,      unsigned short ntransfer; ,0.7251449227333069,"[[414, 3774, 2805, 308, 24188, 26, 220]]","[-0.09992054104804993, -1.0774614810943604, -0.14145398139953613, -1.1834927797317505, -1.1713660955429077, -0.3718518018722534, -0.034092094749212265]",5.083507537841797,False,0.0,-4.07963877543807,-0.5828055393482957,7.0,-4.07963877543807,-0.5828055393482957,7.0,0.2464957475283451,0,5,7,7,0.7142857142857143,-1.2442313495238528,-1.033704405989312,True,4,0.5714285714285714,19.0,0.5,6.0,1.9851084711812363
~/anvil/data/cve-targets/poppler_repo_poppler_XRef.cc,1483,1472,1489,gen = -1;,"name = ""Dummy"";","        name = ""Dummy"";",3.100437641143799,"[[286, 829, 284, 330, 43344, 5123, 151643]]","[-0.2970389723777771, -2.162076473236084, -0.1051296517252922, -1.478873610496521, -0.9989327788352966, -1.5499162673950195, -0.4872683584690094]",7.674304485321045,False,0.0,-7.079236112535,-1.011319444647857,7.0,-6.5919677540659904,-1.0986612923443317,6.0,0.5197822579200233,0,7,10,10,0.7,-2.822014084548352,-1.0321263200888524,True,5,0.7142857142857143,11.0,0.41666666666666663,5.0,2.2862427306317086
~/anvil/data/cve-targets/libsndfile_repo_src_common.c,1260,1105,1410,} /* psf_strlcpy_crlf */,return ;,"	return ;
} /* psf_strlcpy_crlf */
void
ps",0.8593021035194397,"[[853, 4386, 92, 1391, 4726, 69, 2895, 75, 7641, 666, 2381, 69, 735, 1004, 198, 1690]]","[-0.2962021231651306, -0.017973294481635094, -0.00626481045037508, -0.0010991015005856752, -0.20796991884708405, -7.962863310240209e-05, -0.01224135234951973, -0.0015869655180722475, -0.00031406714697368443, -0.01794062741100788, -0.00011920218821614981, -2.8609820219571702e-05, -0.01810840144753456, -1.020956039428711, -0.010960139334201813, -0.29718518257141113]",3.718055725097656,False,3.0,-1.9090294642937806,-0.11931434151836129,16.0,-0.3141754176467657,-0.15708770882338285,2.0,0.019352820277647474,0,3,10,4,0.3,-5.470205848412824,-1.0696004379418238,True,11,0.6875,21.0,0.1875,4.0,1.8381008214637533
~/anvil/data/cve-targets/php_repo_ext_exif_exif.c,133,118,137,exif_globals->decode_jis_be     = NULL;,exif_globals->decode_jis_motorola = NULL;,	exif_globals->decode_jis_motorola = NULL;,0.0912930965423584,"[[8122, 333, 58775, 405, 18196, 5374, 285, 59789, 7924, 284, 1770, 26, 151643]]","[-0.007704897318035364, -0.00032872517476789653, -4.9828242481453344e-05, -7.867782187531702e-06, -0.032447103410959244, -0.008744282647967339, -8.11782301752828e-05, -0.602877676486969, -0.0007265550084412098, -0.02205651067197323, -0.0015111466636881232, -0.11443204432725906, -0.6133390665054321]",6.427083969116211,False,0.0,-1.4043068824703369,-0.10802360634387206,13.0,-0.7909678159649047,-0.06591398466374206,12.0,0.027174867152502672,0,11,11,11,1.0,-1.3850337983371361,-1.0004406469068015,True,12,0.9230769230769231,8.0,0.825,1.0,2.110052117596769
~/anvil/data/cve-targets/php_repo_ext_exif_exif.c,2659,2639,2730,switch(ImageInfo->Thumbnail.filetype) {,if (ImageInfo->Thumbnail.filetype == IMAGE_FILETYPE_J,	if (ImageInfo->Thumbnail.filetype == IMAGE_FILETYPE_J,0.5540292859077454,"[[743, 320, 1906, 1731, 405, 45970, 9715, 1313, 621, 33669, 8087, 9502, 10598]]","[-1.4835517406463623, -0.21610091626644135, -0.10132493078708649, -6.997340824455023e-05, -0.000993354362435639, -0.3793191909790039, -0.8255925178527832, -0.007532527670264244, -0.7516728639602661, -0.22701407968997955, -0.00989602692425251, -0.006474115885794163, -1.0409866571426392]",1.1189236640930176,False,0.0,-5.050528895575553,-0.388502222736581,13.0,-5.050528895575553,-0.388502222736581,13.0,0.21704882694818992,0,16,13,13,1.2307692307692308,-1.4260646490133413,-1.1414089927318374,True,9,0.6923076923076923,24.0,0.6956521739130435,8.0,1.671455915610075
~/anvil/data/cve-targets/sqlite3_repo_src_expr.c,5730,5707,5837,"assert( !ExprHasProperty(pExpr, EP_TokenOnly|EP_Reduced) );",if( pExpr->iTable==pItem->iCursor ){,"          if( pExpr->iTable==pItem->iCursor ){
            /* If we reach this point, it means that pExpr refers to",0.4121590554714203,"[[688, 421, 7, 281, 16041, 405, 72, 2556, 418, 79, 1234, 405, 72, 14543, 10959, 310, 1391, 1416, 582, 5545, 419, 1459, 11, 432, 3363, 429, 281, 16041, 19257, 311]]","[-0.18687039613723755, -0.5253633260726929, -0.0017251383978873491, -0.4291059076786041, -0.4101356267929077, -0.005892524495720863, -0.37503060698509216, -0.08711783587932587, -0.09438253939151764, -0.0840352401137352, -0.10658043622970581, -0.0006055190460756421, -0.01470136921852827, -0.06666464358568192, -0.30825549364089966, -0.002952028764411807, -0.4788537323474884, -0.26865971088409424, -0.06451231241226196, -0.03163132816553116, -0.0143352672457695, -0.004361284431070089, -0.02147108130156994, -0.07162705808877945, -0.0037701495457440615, -0.011209487915039062, -0.02249416522681713, -0.004342887084931135, -0.02129383198916912, -0.0017463208641856909]",6.881943702697754,False,1.0,-3.7197272499324754,-0.12399090833108252,30.0,-2.6994186324300244,-0.16871366452687653,16.0,0.030196053359011897,0,21,32,19,0.65625,-2.442950051658455,-1.0118820808631803,True,19,0.6333333333333333,47.0,0.27368421052631575,21.0,2.2159532863784466
~/anvil/data/cve-targets/php_repo_ext_phar_phar.c,938,632,1125,if (manifest_count > ((manifest_len - 10 - tmp_len) / (5 * 4 + 1))) {,if (manifest_count > 5) {,	if (manifest_count > 5) {,1.4272154569625854,"[[743, 320, 42315, 3180, 861, 220, 20, 8, 314, 151643]]","[-0.8603477478027344, -0.24009519815444946, -0.40627509355545044, -0.4865407943725586, -1.0162529945373535, -0.4478161633014679, -0.9857352375984192, -0.5194842219352722, -0.5772268772125244, -0.06663442403078079]",3.494618654251098,False,0.0,-5.606408752501011,-0.5606408752501011,10.0,-5.53977432847023,-0.6155304809411367,9.0,0.066418171014356,1,37,13,13,2.8461538461538463,-2.3186755183600245,-1.0755918659225574,True,27,2.7,44.0,0.5319148936170213,24.0,2.266250944752879
~/anvil/data/cve-targets/sqlite3_repo_src_shell.c.in,9328,9173,9478,"utf8_printf(p->out, ""%12.12s: %s\n"",""stats"", zOut);","utf8_printf(p->out, ""%12.12s: %s\n"", ""stats"", zOut);","    utf8_printf(p->out, ""%12.12s: %s\n"", ""stats"", zOut);
    utf8_printf(p->out, ""%12",0.4859823286533355,"[[262, 10644, 23, 21823, 1295, 405, 411, 11, 5962, 16, 17, 13, 16, 17, 82, 25, 1018, 82, 1699, 497, 330, 16260, 497, 1147, 2662, 317, 262, 10644, 23, 21823, 1295, 405, 411, 11, 5962, 16, 17]]","[-0.05504918470978737, -0.9815419912338257, -4.303362584323622e-05, -0.00028320116689428687, -0.00305031961761415, -2.4199192921514623e-05, -0.00024148885859176517, -0.33033621311187744, -0.008563581854104996, -0.01243269257247448, -0.0008725888328626752, -0.0028015433344990015, -0.0002512616047170013, -0.00014828535495325923, -0.00024351492174901068, -0.019360383972525597, -0.7101767659187317, -0.04728831723332405, -0.042069729417562485, -0.44973239302635193, -0.0860203355550766, -2.45495867729187, -0.39512839913368225, -0.7110285758972168, -0.0014991246862336993, -0.05455116927623749, -0.12553952634334564, -0.4686863422393799, -1.9073304429184645e-05, -0.0001401803019689396, -0.0018857807153835893, -9.775113539944869e-06, -0.00013398226292338222, -0.1937340945005417, -0.004543695133179426, -0.002127052517607808, -0.0005194983095861971]",5.986978530883789,False,1.0,-7.165035972143414,-0.19364962086874093,37.0,-6.493236497744874,-0.24049024065721755,27.0,0.25703341794072687,0,25,34,25,0.7352941176470589,-2.0207985460251163,-1.0106180618367122,True,24,0.6486486486486487,1.0,0.9902912621359223,0.0,2.274787630942814
~/anvil/data/cve-targets/poppler_repo_poppler_Stream.cc,1341,1334,1352,return pred->lookChar();,return pred->lookChar();,        return pred->lookChar();,0.497268795967102,"[[286, 470, 4162, 405, 7201, 4768, 2129, 151662]]","[-0.00506985280662775, -0.4959135353565216, -0.179115891456604, -0.9642953872680664, -0.9953885078430176, -0.11616482585668564, -0.28980985283851624, -0.8290799260139465]",6.452083587646484,True,0.0,-3.8748377794399858,-0.4843547224299982,8.0,-3.045757853426039,-0.43510826477514847,7.0,0.13870741700301567,0,12,12,12,1.0,-1.1428622166579077,-1.001066108203486,False,6,0.75,0.0,1.0,0.0,1.16551716401883
~/anvil/data/cve-targets/libsndfile_repo_src_common.c,1264,1258,1275,BUF_UNION	ubuf ;,/* If we're reading from a pipe or the,"
	/* If we're reading from a pipe or the",2.620708703994751,"[[198, 197, 1057, 1416, 582, 2299, 5290, 504, 264, 13647, 476, 279]]","[-1.0745651721954346, -0.5054594874382019, -0.07251186668872833, -1.332397222518921, -0.5624765157699585, -0.23691989481449127, -0.4765782058238983, -0.09581703692674637, -0.22286608815193176, -0.24370096623897552, -0.446086585521698, -0.08012163639068604]",1.4208333492279053,False,1.0,-5.3495006784796715,-0.4457917232066393,12.0,-5.3495006784796715,-0.4457917232066393,12.0,0.1441039614288855,0,5,35,35,0.14285714285714285,-5.878773803029908,-1.1328263624765298,True,7,0.5833333333333334,36.0,0.11111111111111116,36.0,1.8167402679619786
~/anvil/data/cve-targets/openssl_repo_crypto_pkcs7_pk7_doit.c,75,45,86,if (*pbio == NULL),"if (BIO_push(*pbio, btmp","    if (BIO_push(*pbio, btmp",0.473575085401535,"[[262, 421, 320, 33, 3810, 14218, 4071, 16650, 815, 11, 293, 5173]]","[-0.12658926844596863, -0.5363718271255493, -0.694780707359314, -1.2748891115188599, -0.00022587609419133514, -0.7703510522842407, -0.529882550239563, -0.0010456338059157133, -6.9141146923357155e-06, -0.0016262413701042533, -0.09794493764638901, -0.0008768765837885439]",6.111284732818604,False,0.0,-4.034590996588577,-0.3362159163823814,12.0,-4.034590996588577,-0.3362159163823814,12.0,0.16159186485561597,0,15,10,10,1.5,-1.4085445165627843,-1.0074822844956657,True,7,0.5833333333333334,17.0,0.47619047619047616,11.0,2.171929233589976
~/anvil/data/cve-targets/sqlite3_repo_src_whereexpr.c,933,919,942,if( pIdx->aiColumn[i]!=XN_EXPR ) continue;,if( pIdx->aColExpr->a[i].pExpr==0 ) continue;,      if( pIdx->aColExpr->a[i].pExpr==0 ) continue;,0.8332245945930481,"[[414, 421, 7, 281, 11420, 405, 64, 6127, 16041, 405, 64, 989, 936, 79, 16041, 418, 15, 873, 3060, 26, 151643]]","[-0.017010267823934555, -0.4289749562740326, -0.06651898473501205, -0.9324342012405396, -0.05131541192531586, -0.006248106714338064, -0.3493688106536865, -0.24375468492507935, -0.23493818938732147, -0.2552904188632965, -0.5059161186218262, -0.024775857105851173, -0.006129751447588205, -0.9358835220336914, -0.3002459704875946, -0.4422692656517029, -0.16844426095485687, -0.3065672516822815, -0.03446704521775246, -0.09068721532821655, -0.26982322335243225]",4.632812023162842,False,0.0,-5.671063514426351,-0.27005064354411196,21.0,-5.401240291073918,-0.27006201455369594,20.0,0.07270065313372896,0,21,27,27,0.7777777777777778,-3.0853083724863484,-1.0454174180789677,True,15,0.7142857142857143,17.0,0.6896551724137931,9.0,2.1337442819891894
~/anvil/data/cve-targets/libtiff_repo_libtiff_tif_print.c,262,208,627,break;,break;,"				break;
		",1.0716195106506348,"[[571, 3388, 280, 298]]","[-0.5086655020713806, -0.017769427970051765, -0.1130732074379921, -0.01082087866961956]",6.26406192779541,True,1.0,-0.650329016149044,-0.162582254037261,4.0,-0.650329016149044,-0.162582254037261,4.0,0.041556757478016126,0,4,4,4,1.0,-6.591245256109183,-1.0036416158116546,False,2,0.5,0.0,1.0,0.0,1.1304225159718104
~/anvil/data/cve-targets/libtiff_repo_libtiff_tif_dirread.c,5739,5720,5775,return;,return;,"		return;
	",1.6740379333496094,"[[197, 853, 280, 197]]","[-0.411086767911911, -1.1344380378723145, -0.40536171197891235, -1.0832056999206543]",2.9472222328186035,True,1.0,-3.034092217683792,-0.758523054420948,4.0,-3.034092217683792,-0.758523054420948,4.0,0.12304145051264487,0,4,4,4,1.0,-2.2069704059655244,-1.0904124220785214,False,2,0.5,0.0,1.0,0.0,0.8618816298392374
~/anvil/data/cve-targets/lua_repo_ldebug.c,166,156,182,"return findvararg(ci, -n, pos);","name = luaF_getlocalname(ci_func(ci)->p, n, currentpc","      name = luaF_getlocalname(ci_func(ci)->p, n, currentpc",1.84256374835968,"[[414, 829, 284, 20357, 37, 3062, 2438, 606, 77434, 9596, 77434, 3997, 79, 11, 308, 11, 1482, 3992]]","[-0.01413465291261673, -0.9272185564041138, -0.0028431490063667297, -0.12612763047218323, -0.356130987405777, -0.1229681521654129, -0.327043741941452, -0.02768624573945999, -0.21773017942905426, -0.35035625100135803, -0.07861153781414032, -0.06174159049987793, -0.040689654648303986, -0.01039318647235632, -0.5965883731842041, -0.06848391145467758, -0.49934908747673035, -0.014359356835484505]",6.798610210418701,False,0.0,-3.8424562448635697,-0.21346979138130942,18.0,-3.8424562448635697,-0.21346979138130942,18.0,0.060963965927970896,1,16,18,18,0.8888888888888888,-8.631496458758463,-1.0097761835827261,True,11,0.6111111111111112,42.0,0.33333333333333337,18.0,2.3312880920450194
~/anvil/data/cve-targets/php_repo_ext_phar_phar.c,1755,1667,1791,"pos = memchr(pos + 1, '.', filename_len - (pos - filename) + 1);",pos++;,"		pos++;
	}
	if (pos == filename) {",0.7181840538978577,"[[197, 28164, 3507, 197, 532, 743, 320, 966, 621, 3899, 8, 314, 151643]]","[-0.009932970628142357, -0.7107893228530884, -0.660317063331604, -0.062206581234931946, -0.6067380905151367, -0.39837026596069336, -0.9090192914009094, -0.6966235041618347, -0.8779858946800232, -0.07122215628623962, -0.8711165189743042, -0.2832214832305908, -0.48299428820610046]",7.003644943237305,False,2.0,-6.640537431463599,-0.510810571651046,13.0,-1.4432459380477667,-0.36081148451194167,4.0,0.10611717471010466,1,34,19,6,1.7894736842105263,-1.9904689421660804,-1.0149654517233722,True,22,1.6923076923076923,58.0,0.17142857142857137,30.0,2.3867623373008304
~/anvil/data/cve-targets/openssl_repo_crypto_x509_v3_addr.c,74,68,78,return ((f != NULL &&,return (f->addressFamily != NULL &&,    return (f->addressFamily != NULL &&,0.785560131072998,"[[262, 470, 320, 69, 405, 4995, 15192, 961, 1770, 1009]]","[-0.23003901541233063, -0.2212917059659958, -0.8624356985092163, -0.3179338276386261, -0.532228946685791, -0.618597149848938, -0.030753163620829582, -0.5472692251205444, -0.006105462554842234, -0.32083889842033386]",3.153472661972046,False,0.0,-3.687493093777448,-0.3687493093777448,10.0,-3.687493093777448,-0.3687493093777448,10.0,0.06563590116364139,1,10,12,12,0.8333333333333334,-2.130336548693775,-1.0848044418573677,True,6,0.6,16.0,0.7142857142857143,4.0,1.8500405011908652
~/anvil/data/cve-targets/openssl_repo_crypto_bn_bn_gf2m.c,599,495,643,break;,break;,"                break;
           ",1.001337647438049,"[[394, 1438, 280, 310]]","[-0.035595882683992386, -0.7784569263458252, -0.39601385593414307, -0.016392556950449944]",6.787500381469727,True,1.0,-1.2264592219144106,-0.30661480547860265,4.0,-1.2264592219144106,-0.30661480547860265,4.0,0.09707684682507967,1,4,4,4,1.0,-3.2657837441184108,-1.0094957615106357,False,2,0.5,0.0,1.0,0.0,1.099590174847
~/anvil/data/cve-targets/lua_repo_ldebug.c,114,103,121,L->oldpc = L->ci->u.l.savedpc;,return;  /* no need to do anything if we're already hooked */,"    return;  /* no need to do anything if we're already hooked */
  if (L->hook",2.7837204933166504,"[[262, 470, 26, 220, 1391, 902, 1184, 311, 653, 4113, 421, 582, 2299, 2669, 42670, 735, 220, 421, 320, 43, 405, 20873]]","[-0.15870624780654907, -0.8849313855171204, -0.46136805415153503, -1.0438553094863892, -0.024348625913262367, -1.8558363914489746, -1.2319891452789307, -0.26137834787368774, -2.0462043285369873, -0.21190953254699707, -1.3649004697799683, -1.7972972393035889, -0.8118835687637329, -1.5248969793319702, -0.9210888743400574, -0.7741683721542358, -0.06402166932821274, -1.5908894538879395, -0.20642872154712677, -1.0734295845031738, -0.018002565950155258, -0.2541828155517578]",4.986111640930176,False,1.0,-18.581717683002353,-0.8446235310455615,22.0,-15.4387845415622,-0.9081637965624824,17.0,0.40482777906495965,1,22,11,5,2.0,-3.0652185253953013,-1.0362244369467768,True,14,0.6363636363636364,52.0,0.19780219780219777,21.0,2.4044494165422545
~/anvil/data/cve-targets/libsndfile_repo_src_sd2.c,225,141,230,"psf_fwrite (psf->header.ptr, psf->header.indx, 1, psf) ;",psf->header.len = rsrc.map_length ;,"	psf->header.len = rsrc.map_length ;
	psf->header.ptr = rsrc.rsrc_data ;
	psf->header.len = rsrc.map_length ;
	psf->",1.3195875883102417,"[[35009, 69, 405, 2708, 19406, 284, 435, 3548, 4770, 5118, 4386, 35009, 69, 405, 2708, 38740, 284, 435, 3548, 1746, 3548, 1769, 4386, 35009, 69, 405, 2708, 19406, 284, 435, 3548, 4770, 5118, 4386, 35009, 69, 405]]","[-1.1265369653701782, -0.0009378563845530152, -0.4925220012664795, -0.17774821817874908, -0.4010002911090851, -0.026736248284578323, -0.3165105879306793, -0.0013463966315612197, -0.15876981616020203, -0.15931116044521332, -0.6718065142631531, -0.8742212653160095, -0.0004866131057497114, -0.3298078775405884, -0.18940283358097076, -1.1472183465957642, -0.02621486596763134, -1.166174054145813, -0.0016513533191755414, -0.26628273725509644, -7.331102824537084e-05, -0.003692477010190487, -0.14301519095897675, -0.7236619591712952, -0.0005141366855241358, -0.19299368560314178, -0.2301926165819168, -2.1089940071105957, -0.7864181399345398, -0.3950805366039276, -0.002274665981531143, -0.6934993863105774, -0.030313096940517426, -0.41715264320373535, -0.7895249128341675, -0.00030214988510124385, -0.2362176477909088]",4.050173282623291,False,3.0,-14.288606566486123,-0.3861785558509763,37.0,-3.533226056024432,-0.3212023687294938,11.0,0.10654426406689671,0,27,48,16,0.5625,-4.108274772473909,-1.0607563774725857,True,25,0.6756756756756757,39.0,0.41758241758241754,16.0,2.1979971337282844
~/anvil/data/cve-targets/openssl_repo_crypto_bn_bn_gf2m.c,246,227,255,for (i = 0; i < bt->top; i++) {,for (i = 0; i < at->top; i++) {,    for (i = 0; i < at->top; i++) {,0.2160479724407196,"[[262, 369, 320, 72, 284, 220, 15, 26, 600, 366, 518, 405, 3481, 26, 600, 2457, 314, 151643]]","[-0.13068677484989166, -0.07772284746170044, -0.002802256727591157, -0.0010424185311421752, -0.008694413118064404, -0.09541922062635422, -0.005810631439089775, -0.0025398635771125555, -0.004528979770839214, -0.017091834917664528, -0.07025886327028275, -2.2649508537142538e-05, -0.0006164796068333089, -0.004115208517760038, -0.003788794856518507, -0.00888324249535799, -0.026856714859604836, -0.14490164816379547]",9.162500381469728,False,0.0,-0.6057828422981402,-0.03365460234989667,18.0,-0.4608811941343447,-0.027110658478490864,17.0,0.0015256159728125461,0,24,24,24,1.0,-7.969115638121751,-1.0712497527870761,True,16,0.8888888888888888,1.0,0.967741935483871,1.0,1.996587495734337
~/anvil/data/cve-targets/libtiff_repo_libtiff_tif_print.c,518,208,627,for (i = 1; i < td->td_samplesperpixel; i++),if (i < 2),"				if (i < 2)
					fprintf(fd, "" %5""PRIu16,
					    td->td_transferfunction[i",0.6292681694030762,"[[571, 743, 320, 72, 366, 220, 17, 340, 464, 16167, 17609, 11, 330, 1018, 20, 1, 57342, 84, 16, 21, 345, 30417, 17941, 405, 1296, 35403, 1688, 989]]","[-0.22858886420726776, -1.0220990180969238, -0.5595169067382812, -0.954210638999939, -1.1052544116973877, -0.16635537147521973, -0.40674889087677, -0.6016549468040466, -0.017621975392103195, -0.39278632402420044, -0.005439599510282278, -0.008357786573469639, -0.2915398180484772, -0.9321776032447815, -0.15944024920463562, -0.17627494037151337, -0.0019036282319575548, -0.0036468682810664177, -0.021452296525239944, -3.659658250398934e-05, -0.23791664838790894, -0.058933842927217484, -0.007491944823414087, -1.2516897186287679e-05, -1.764281842042692e-05, -0.12970352172851562, -0.00041797960875555873, -0.6409122347831726]",5.777082443237305,False,2.0,-8.130513066860658,-0.29037546667359493,28.0,-5.062051024287939,-0.5624501138097711,9.0,0.13893005587494123,1,23,26,12,0.8846153846153846,-1.1187981901909685,-1.0159351194381485,True,18,0.6428571428571429,37.0,0.2962962962962963,16.0,2.2477977634189092
~/anvil/data/cve-targets/php_repo_ext_exif_exif.c,2970,2908,2994,},},"	}
	if",2.602125644683838,"[[197, 532, 743]]","[-0.02267143316566944, -0.10009409487247467, -1.3358759880065918]",6.917361259460449,True,1.0,-1.458641516044736,-0.48621383868157864,3.0,-0.12276552803814411,-0.061382764019072056,2.0,0.0014985671364416012,1,2,3,2,0.6666666666666666,-42.39179656157776,-1.0127784374150095,False,1,0.3333333333333333,0.0,1.0,0.0,1.2475810932179892
~/anvil/data/cve-targets/libxml2_repo_parser.c,4712,4564,4724,"""Double hyphen within comment\n"", NULL);","""Comment: <!--%.50s\n"",","		                      ""Comment: <!--%.50s\n"",
				      ctxt->input->",1.5297683477401731,"[[298, 2549, 330, 10677, 25, 366, 2495, 14360, 20, 15, 82, 1699, 756, 43211, 59162, 405, 1355, 405]]","[-0.874467134475708, -0.46633660793304443, -0.09510958194732666, -1.655779480934143, -2.566772937774658, -1.1809653043746948, -0.16192927956581116, -0.37453514337539673, -0.049230072647333145, -0.002441522665321827, -0.0050689042545855045, -0.16059808433055878, -0.4899454712867737, -0.054681651294231415, -1.2360045909881592, -0.0009704885887913406, -0.05931262671947479, -0.0028782153967767954]",0.9659722447395324,False,1.0,-9.43702709855279,-0.5242792832529327,18.0,-8.137861176859587,-0.5812757983471134,14.0,0.5302325748316361,1,11,12,7,0.9166666666666666,-2.6317427150590915,-1.145781850977223,True,10,0.5555555555555556,31.0,0.3492063492063492,6.0,1.7094683773647081
~/anvil/data/cve-targets/libtiff_repo_libtiff_tif_next.c,118,39,140,while (n-- > 0 && npixels < imagewidth),if (op_offset + npixels > scanline),"				if (op_offset + npixels > scanline)
					goto bad;
				/*
				 * If",1.1298565864562988,"[[571, 743, 320, 453, 6917, 488, 2595, 10274, 861, 8569, 1056, 340, 464, 11701, 3873, 280, 571, 197, 3284, 464, 353, 1416]]","[-0.31174784898757935, -0.1568528115749359, -0.28617024421691895, -0.7530326843261719, -0.2582082152366638, -0.3757224977016449, -1.0339126586914062, -8.34430247778073e-05, -0.9806904196739197, -0.90771484375, -8.583032467868179e-06, -0.624366283416748, -0.14652244746685028, -0.7476288080215454, -0.2655123472213745, -0.12316305190324783, -0.06632042676210403, -0.8753746151924133, -0.33960267901420593, -0.00605759397149086, -0.00018845213344320655, -2.2402725219726562]",5.495833396911621,False,3.0,-10.499153477292566,-0.4772342489678439,22.0,-5.835032981100085,-0.44884869085385265,13.0,0.12503927187287606,1,20,22,15,0.9090909090909091,-2.5172326654377737,-1.0231035609588395,True,14,0.6363636363636364,24.0,0.45945945945945943,12.0,2.243196918098365
~/anvil/data/cve-targets/libpng_repo_pngrutil.c,2620,2602,2642,size_t row_factor_l =,png_alloc_size_t row_factor_l = png,      png_alloc_size_t row_factor_l = png,0.3854289948940277,"[[414, 36151, 14802, 2368, 528, 2802, 18588, 907, 284, 36151]]","[-0.05878772959113121, -1.0526158809661865, -0.9500683546066284, -0.0006037319544702768, -0.0001461399078834802, -0.3055152893066406, -0.0022845377679914236, -0.04644189402461052, -0.23484130203723907, -0.9066554307937622]",4.884722232818604,False,0.0,-3.5579602909565438,-0.3557960290956544,10.0,-3.5579602909565438,-0.3557960290956544,10.0,0.17208544790483307,1,4,8,8,0.5,-1.0832863870732143,-1.0388543231295806,True,6,0.6,14.0,0.75,5.0,1.9147685831866208
~/anvil/data/cve-targets/libsndfile_repo_src_common.c,616,470,684,"header_put_le_int (psf, size) ;","header_put_le_int (psf, size) ;","						header_put_le_int (psf, size) ;
					else
						header_put",0.1214134916663169,"[[1144, 20883, 15557, 11751, 4042, 320, 1690, 69, 11, 1379, 8, 4386, 464, 2466, 198, 1144, 20883, 15557]]","[-0.013369199819862843, -0.0013171101454645395, -2.6225699912174605e-05, -0.003965373151004314, -0.0004037995240651071, -0.0004880429187323898, -0.00029976642690598965, -4.768360213347478e-06, -0.00020549570035655051, -0.0005727558163926005, -0.00359543738886714, -0.3250633478164673, -0.039627622812986374, -0.6382419466972351, -0.2932031750679016, -0.12785948812961578, -0.47396373748779297, -0.0013187768636271358]",8.489408493041992,True,2.0,-1.9235260698274033,-0.10686255943485573,18.0,-0.38893894558123066,-0.029918380429325434,13.0,0.007370006843928472,0,11,15,11,0.7333333333333333,-4.058157223888686,-1.053374334096804,False,11,0.6111111111111112,0.0,1.0,0.0,0.9075593764985249
~/anvil/data/cve-targets/openssl_repo_ssl_statem_extensions_srvr.c,627,570,758,EVP_MD_CTX_free(hctx);,"if (!EVP_DigestSignUpdate(hctx,","    if (!EVP_DigestSignUpdate(hctx,",0.6910358667373657,"[[262, 421, 1505, 36, 13378, 1557, 15153, 7264, 4289, 3203, 3773, 11]]","[-0.025340761989355087, -0.8618502020835876, -0.5947319269180298, -0.2545076310634613, -0.00041106835124082863, -0.04776030033826828, -6.806619057897478e-05, -0.3034369945526123, -1.462876558303833, -0.5852715969085693, -0.0009750141180120409, -0.00698967045173049]",9.014063835144045,False,0.0,-4.144219791269279,-0.34535164927243994,12.0,-4.144219791269279,-0.34535164927243994,12.0,0.1923042239202171,0,9,8,8,1.125,-2.000962984231251,-1.067281804358697,True,8,0.6666666666666666,22.0,0.4528301886792453,9.0,1.896016111483133
~/anvil/data/cve-targets/libtiff_repo_libtiff_tif_lzw.c,704,542,732,} while (codep);,} while (--len);,"			} while (--len);
			sp->dec_restart",1.81884765625,"[[298, 197, 92, 1393, 57619, 2892, 317, 298, 41378, 405, 8169, 69392]]","[-0.35130614042282104, -0.00013398226292338222, -0.0010027624666690826, -0.2858920991420746, -0.07635635137557983, -0.47264474630355835, -0.4027692675590515, -0.28335753083229065, -1.629621982574463, -0.00019703354337252676, -0.2777452766895294, -0.47770100831985474]",14.94483470916748,False,1.0,-4.258728181492188,-0.354894015124349,12.0,-1.8734628803649684,-0.23418286004562106,8.0,0.029769543299306242,1,10,16,12,0.625,-7.766783853846824,-1.2378602922661746,True,6,0.5,4.0,0.75,3.0,1.3729974162831677
~/anvil/data/cve-targets/php_repo_ext_phar_phar.c,905,632,1125,if (manifest_len < 10 + tmp_len),if (buffer + tmp_len > endbuffer) {,"	if (buffer + tmp_len > endbuffer) {
		MAPPHAR_FAIL(""",1.1587051153182983,"[[743, 320, 7573, 488, 4174, 6043, 861, 835, 7573, 8, 341, 197, 9209, 2537, 10842, 934, 11878, 445]]","[-1.0645544528961182, -0.436796098947525, -2.082322359085083, -0.1520768105983734, -0.3095686137676239, -0.0001438752660760656, -0.029482731595635414, -0.008647376671433449, -0.0015476880362257361, -0.0195228960365057, -0.18065057694911957, -0.0013773487880825996, -0.026937713846564293, -5.876845170860179e-05, -0.00024959311122074723, -6.139089964563027e-05, -0.008724665269255638, -0.0015592334093526006]",1.6659727096557615,False,1.0,-4.3242821936255496,-0.24023789964586387,18.0,-4.286690828637802,-0.3572242357198168,12.0,0.356812312203522,1,15,16,16,0.9375,-3.2436352281179217,-1.1259050843609453,True,12,0.6666666666666666,24.0,0.5074626865671642,8.0,1.7897230106857875
~/anvil/data/cve-targets/poppler_repo_poppler_SplashOutputDev.cc,2214,2203,2320,if (t3GlyphStack->haveDx) {,if (t3GlyphStack == nullptr) {,    if (t3GlyphStack == nullptr) {,0.5603850483894348,"[[262, 421, 320, 83, 18, 82039, 4336, 621, 6827, 8, 314, 151643]]","[-0.0035780949983745813, -0.08317571133375168, -0.2224278450012207, -1.1243891716003418, -0.0008537700050510466, -0.542301595211029, -0.0006800960982218385, -0.6749172210693359, -0.017529206350445747, -0.23922552168369293, -0.5242425799369812, -0.8118194937705994]",7.96683931350708,False,0.0,-4.245140307059046,-0.3537616922549205,12.0,-3.4333208132884465,-0.3121200739353133,11.0,0.12100178944671297,1,13,14,14,0.9285714285714286,-1.7954149546484288,-1.0397023117323185,True,12,1.0,11.0,0.6666666666666667,4.0,2.0337963893897744
~/anvil/data/cve-targets/poppler_repo_utils_ImageOutputDev.cc,326,312,464,unsigned char zero[1];,unsigned char zero[256];,"    unsigned char zero[256];
   ",1.2266052961349487,"[[262, 3774, 1161, 7168, 58, 17, 20, 21, 935, 262]]","[-0.0276922769844532, -1.0127665996551514, -0.6996548175811768, -0.6967277526855469, -0.10240878164768219, -1.4977980852127075, -0.35991817712783813, -0.07517886161804199, -0.6250641942024231, -0.03749753534793854]",7.618749618530273,False,1.0,-5.13470708206296,-0.5134707082062959,10.0,-5.13470708206296,-0.5134707082062959,10.0,0.21460787209674131,1,11,11,11,1.0,-2.388851547968221,-1.0306938240900823,True,6,0.6,3.0,0.9130434782608696,1.0,2.122483093862552
~/anvil/data/cve-targets/libtiff_repo_libtiff_tif_dirread.c,5699,5652,5716,newoffsets[i] = offset;,newoffsets[i] = offset;,        newoffsets[i] = offset;,0.1885386258363723,"[[286, 501, 3176, 82, 989, 60, 284, 4347, 26, 151664]]","[-0.014501181431114674, -0.5841724872589111, -0.0006051616510376334, -1.5735502529423684e-05, -0.002486353972926736, -0.0007312007946893573, -0.003304499201476574, -0.13236866891384125, -0.8097625374794006, -0.7259374260902405]",7.324479103088379,True,0.0,-2.273885252296168,-0.22738852522961678,10.0,-1.5479478262059274,-0.1719942029117697,9.0,0.0831649512249832,1,12,12,12,1.0,-1.0961917474223803,-1.0231390773315328,False,8,0.8,0.0,1.0,0.0,1.0442513469112602
~/anvil/data/cve-targets/libxml2_repo_parser.c,3215,3152,3216,"return(xmlDictLookup(ctxt->dict, (end - len), len));",if (count > 0) {,"    if (count > 0) {
        if (ctxt->instate == XML_PARSER_EOF)
            return(NULL);
",2.8392348289489746,"[[262, 421, 320, 1830, 861, 220, 15, 8, 341, 286, 421, 320, 77492, 405, 258, 2454, 621, 11874, 78544, 89287, 340, 310, 470, 11014, 317]]","[-0.10251972079277039, -1.4113789796829224, -0.30879461765289307, -1.0514575242996216, -0.6050654649734497, -0.5853304862976074, -0.12078619748353958, -0.22747252881526947, -0.08810868859291077, -0.9915961027145386, -1.9018421173095703, -0.5235937237739563, -0.9961944818496704, -0.0012217445764690638, -0.2018217146396637, -0.00274269818328321, -0.1085374727845192, -0.0019677577074617147, -0.00536051532253623, -0.08285996317863464, -0.3658333718776703, -0.05734466761350632, -0.026520460844039917, -0.027375441044569016, -0.025455934926867485]",5.256943702697754,False,3.0,-9.82118237693794,-0.39284729507751764,25.0,-5.492510311305523,-0.5492510311305523,10.0,0.19527260306454716,1,26,33,13,0.7878787878787878,-5.169284476544046,-1.0292320656212801,True,16,0.64,43.0,0.2647058823529411,23.0,2.483471991970946
~/anvil/data/cve-targets/libtiff_repo_libtiff_tif_predict.c,483,474,493,tmsize_t wc = cc/2;,tmsize_t wc = cc;,"	tmsize_t wc = cc;
	uint16_t *wp0",0.8080500364303589,"[[3244, 1011, 551, 528, 26548, 284, 12527, 280, 8254, 16, 21, 528, 353, 8421, 15]]","[-1.0714619159698486, -0.02262796461582184, -0.0008114859228953719, -0.00045885046711191535, -0.10841351002454758, -0.1764221489429474, -0.43390098214149475, -0.9736073017120361, -1.6760296821594238, -0.23126091063022614, -5.8887653722194955e-05, -0.00035124807618558407, -0.44469815492630005, -0.353547602891922, -0.9292206168174744]",2.33142352104187,False,1.0,-6.422871262951958,-0.4281914175301305,15.0,-2.7877041597967036,-0.34846301997458795,8.0,0.16952390311686788,1,11,14,8,0.7857142857142857,-2.3188975303298665,-1.107329168470482,True,10,0.6666666666666666,2.0,0.9444444444444444,3.0,1.7763467056126638
~/anvil/data/cve-targets/libxml2_repo_xmlmemory.c,943,788,1093,"xmlMallocFunc mallocAtomicFunc, xmlReallocFunc reallocFunc,","xmlReallocFunc reallocFunc, xmlStrdupFunc strdupFunc) {","            xmlReallocFunc reallocFunc, xmlStrdupFunc strdupFunc) {
#ifdef DEBUG_MEMORY
     xml",0.1481985747814178,"[[310, 8396, 693, 4742, 9626, 66015, 9626, 11, 8396, 2580, 21912, 9626, 48819, 9626, 8, 341, 5753, 12657, 30048, 198, 257, 8396]]","[-0.9262961149215698, -0.005226164124906063, -0.5346658229827881, -8.225102646974847e-05, -0.0002543602604418993, -0.2901667654514313, -7.390703103737906e-05, -0.022014765068888664, -0.03488076478242874, -0.23879477381706238, -2.038458114839159e-05, -9.775113539944869e-06, -0.1600518375635147, -6.23445157543756e-05, -0.02840629406273365, -0.035542502999305725, -0.018858423456549644, -0.011816387996077538, -0.0001597276859683916, -0.00020466140995267779, -0.0016684910515323281, -0.00038842763751745224]",1.5765621662139893,False,2.0,-2.309644947540619,-0.10498386125184632,22.0,-2.276548828303021,-0.1422843017689388,16.0,0.061913128724981004,0,9,11,8,0.8181818181818182,-1.0415665884356196,-1.1284245938322068,True,14,0.6363636363636364,27.0,0.6491228070175439,8.0,1.595909698273853
~/anvil/data/cve-targets/libxml2_repo_parser.c,4965,4831,4974,"target, buf);","target, buf);","		                                     target, buf);
		if (",0.7209511995315552,"[[298, 10589, 2169, 11, 6607, 317, 197, 743, 320]]","[-0.8418278694152832, -0.4110296964645386, -0.05111222714185715, -0.01825355924665928, -0.3360050618648529, -0.09615222364664078, -0.08530602604150772, -0.2802964448928833, -0.012325075455009937]",0.7805555462837219,True,1.0,-2.132308184169233,-0.2369231315743592,9.0,-1.8396866638213396,-0.26281238054590567,7.0,0.07521350907158972,0,7,9,7,0.7777777777777778,-2.7432162747965596,-1.151105356980314,False,4,0.4444444444444444,0.0,1.0,0.0,0.5505916187385257
~/anvil/data/cve-targets/openssl_repo_ssl_record_rec_layer_s3.c,798,589,1025,|| (eivlen > 0,|| !WPACKET_put_bytes_u16(thispkt,                    || !WPACKET_put_bytes_u16(thispkt,0.8727182745933533,"[[503, 1369, 753, 54, 17279, 1348, 15557, 12524, 7300, 16, 21, 1394, 46775]]","[-0.7306966185569763, -0.046674586832523346, -0.06209735572338104, -0.07548179477453232, -0.00013052565918769687, -0.00010227633902104571, -0.5229862928390503, -0.10057274997234344, -0.11199254542589188, -0.516331136226654, -0.0021256250329315662, -0.04524309188127518, -0.00012492353562265635]",1.7534725666046145,False,0.0,-2.214559522799391,-0.17035073252303007,13.0,-2.214559522799391,-0.17035073252303007,13.0,0.056401463321748786,0,7,6,6,1.1666666666666667,-5.123067342697624,-1.1234448628593663,True,8,0.6153846153846154,29.0,0.21276595744680848,5.0,1.6756045673096218
~/anvil/data/cve-targets/poppler_repo_poppler_GfxState.cc,2427,2418,2434,int i;,int i;,"    int i;
    G",1.758454203605652,"[[262, 526, 600, 280, 262, 479]]","[-0.19522514939308167, -1.1621394157409668, -0.09160971641540527, -0.46597063541412354, -0.011434614658355713, -1.853023886680603]",7.938368797302246,True,1.0,-3.779403418302536,-0.6299005697170893,6.0,-1.926379531621933,-0.3852759063243866,5.0,0.17442899684525143,1,5,8,5,0.625,-4.56414266955252,-1.0389625534919267,False,3,0.5,0.0,1.0,0.0,1.083093753354432
~/anvil/data/cve-targets/php_repo_ext_exif_exif.c,3657,3617,3700,marker = c;,if (c == 0x0,		if (c == 0x0,1.0638179779052734,"[[197, 743, 320, 66, 621, 220, 15, 87, 15]]","[-0.30941104888916016, -0.5038167834281921, -0.139687180519104, -0.9952589273452759, -0.5495285391807556, -0.14293748140335083, -0.00396691681817174, -0.7409334182739258, -0.12395910173654556]",7.590277671813965,False,0.0,-3.5094993975944817,-0.389944377510498,9.0,-3.5094993975944817,-0.389944377510498,9.0,0.09754294399372715,1,7,7,7,1.0,-2.728127495251893,-1.0299604386414314,True,4,0.4444444444444444,10.0,0.26086956521739135,7.0,2.0612224290077856
~/anvil/data/cve-targets/libxml2_repo_parser.c,7503,7419,7540,return;,return;,"		return;
	   ",1.0572402477264404,"[[197, 853, 280, 2760]]","[-0.965764582157135, -0.7563477754592896, -0.3691157400608063, -0.32465294003486633]",2.970312118530273,True,1.0,-2.415881037712097,-0.6039702594280243,4.0,-2.415881037712097,-0.6039702594280243,4.0,0.0718222123827652,1,4,4,4,1.0,-1.7504839538418244,-1.089783166258947,False,2,0.5,0.0,1.0,0.0,0.7936295735968593
~/anvil/data/cve-targets/openssl_repo_crypto_asn1_a_type.c,110,95,119,if (rt == NULL) {,if (rt == NULL) {,"        if (rt == NULL) {
            ASN1_O",0.3425939083099365,"[[286, 421, 320, 3342, 621, 1770, 8, 341, 310, 54855, 16, 2232]]","[-0.3601621985435486, -0.40069323778152466, -0.2848477363586426, -0.12463454902172089, -0.032606691122055054, -0.002991964342072606, -0.3638644218444824, -0.40734392404556274, -0.0018454440869390965, -0.09332187473773956, -0.0005180685548111796, -0.4470886290073395]",10.876258850097656,True,1.0,-2.519918739446439,-0.20999322828720324,12.0,-1.9789901671465486,-0.21988779634961653,9.0,0.027910004521347634,0,14,12,14,1.1666666666666667,-1.558039663853014,-1.118143724942377,False,7,0.5833333333333334,0.0,1.0,0.0,0.7150094248522685
~/anvil/data/cve-targets/sqlite3_repo_src_select.c,6330,6175,6480,"&& sqlite3ExprListCompare(sSort.pOrderBy, pEList, -1)==0",&& p->selFlags & SF_Aggregate,"    && p->selFlags & SF_Aggregate
    && p->pEList->nExpr==1
    && p->p",1.521457314491272,"[[262, 1009, 281, 405, 9507, 9195, 609, 23463, 1566, 70, 14240, 198, 262, 1009, 281, 405, 79, 36, 852, 405, 77, 16041, 418, 16, 198, 262, 1009, 281, 405, 79]]","[-1.2316032648086548, -0.12822720408439636, -0.886921763420105, -0.6910117268562317, -1.0724434852600098, -0.020133301615715027, -0.0892438068985939, -0.09952154755592346, -0.4460090398788452, -0.0035038527566939592, -0.00011586471373448148, -0.45927488803863525, -0.36968711018562317, -0.10396978259086609, -0.751570463180542, -0.47373706102371216, -0.8710975646972656, -0.4965527057647705, -0.0006198153714649379, -0.46185898780822754, -0.016321957111358643, -0.12329741567373276, -0.37529852986335754, -0.2101825475692749, -0.28416410088539124, -0.05136331543326378, -0.10115697979927063, -0.472770631313324, -0.4982145428657532, -0.11348162591457367]",1.521527886390686,False,2.0,-10.903354882939311,-0.3634451627646437,30.0,-5.497696856073162,-0.422899758159474,13.0,0.16826071374301874,1,16,28,9,0.5714285714285714,-3.5976783744518857,-1.1299782132376008,True,19,0.6333333333333333,47.0,0.2588235294117647,17.0,1.8268199840423833
~/anvil/data/cve-targets/libsndfile_repo_src_paf.c,155,118,206,} ;,},"		}
	psf->",2.009349584579468,"[[197, 197, 532, 35009, 69, 405]]","[-0.0012300790986046195, -0.15237309038639069, -0.28298714756965637, -0.47268983721733093, -3.540453326422721e-05, -0.7072181105613708]",11.97291660308838,False,1.0,-1.6165336693666177,-0.2694222782277696,6.0,-0.4365903170546517,-0.1455301056848839,3.0,0.013254587492046018,1,4,4,2,1.0,-13.807105925768443,-1.1492233491964237,True,2,0.3333333333333333,2.0,0.5,2.0,1.6715051943900763
~/anvil/data/cve-targets/poppler_repo_poppler_JBIG2Stream.cc,720,673,858,for (yy = y0; yy < y1; ++yy) {,if (oneByte) {,"    if (oneByte) {
        // one byte per line -- need to mask both left and right side
        if",0.3328128755092621,"[[262, 421, 320, 603, 7153, 8, 341, 286, 442, 825, 4922, 817, 1555, 1177, 1184, 311, 6911, 2176, 2115, 323, 1290, 3108, 198, 286, 421]]","[-0.13638967275619507, -0.6484696865081787, -0.11081863194704056, -1.3172056674957275, -0.0003333727945573628, -0.12317116558551788, -0.03871012479066849, -0.0026314177084714174, -1.212942361831665, -1.090667486190796, -0.10041793435811996, -0.06465926766395569, -0.18273696303367615, -0.35129567980766296, -0.41496121883392334, -0.016226721927523613, -0.0847550630569458, -0.3620053231716156, -0.18067555129528046, -0.058092162013053894, -0.0030206074006855488, -0.01896650902926922, -0.06606113165616989, -0.003972853533923626, -0.11956735700368881]",6.927257537841797,False,2.0,-6.7087539313943125,-0.2683501572557725,25.0,-2.377729739586357,-0.29721621744829463,8.0,0.1870504278499302,1,21,9,10,2.3333333333333335,-1.1197668766750928,-1.0130290368476351,True,16,0.64,24.0,0.31818181818181823,16.0,2.202395874417275
~/anvil/data/cve-targets/lua_repo_ldebug.c,113,103,121,if (isLua(L->ci)),if (L->hookmask & mask) {  /*,  if (L->hookmask & mask) {  /*,2.0295088291168213,"[[220, 421, 320, 43, 405, 20873, 11258, 609, 6911, 8, 314, 220, 1391]]","[-0.21631333231925964, -0.535510241985321, -0.11159258335828781, -1.1052385568618774, -0.09101922810077667, -0.5147756338119507, -1.1162995100021362, -1.0463582277297974, -0.07292366772890091, -0.2385893315076828, -0.6357540488243103, -0.17834483087062836, -0.006676627788692713]",5.984200954437256,False,0.0,-5.869395820889622,-0.4514919862222786,13.0,-5.869395820889622,-0.4514919862222786,13.0,0.15616374300337513,1,17,15,15,1.1333333333333333,-4.495115951222339,-1.0106882409964089,True,8,0.6153846153846154,23.0,0.34782608695652173,12.0,2.3605317782189306
~/anvil/data/cve-targets/sqlite3_repo_src_printf.c,63,-92,213,"static const char aPrefix[] = ""-x0\000X0"";","static const char aPrefix[] = ""0123456789abcdef"";","static const char aPrefix[] = ""0123456789abcdef"";
static const char aHex",2.1258602142333984,"[[1978, 733, 1161, 264, 14335, 1294, 284, 330, 15, 16, 17, 18, 19, 20, 21, 22, 23, 24, 41202, 876, 1978, 733, 1161, 264, 20335]]","[-1.0811021327972412, -0.05851859971880913, -0.32768502831459045, -0.072716623544693, -0.2568430006504059, -0.0027285509277135134, -0.07526665180921555, -0.1316826343536377, -0.25277838110923767, -0.7572671175003052, -0.006661470513790846, -0.0007281036232598126, -0.0005838358192704618, -0.0017571499338373542, -0.000519617460668087, -0.0008231588872149587, -0.0005153281381353736, -0.0005925330333411694, -0.4681466519832611, -0.6071345210075378, -1.064728021621704, -0.1067865863442421, -0.6649661064147949, -0.4648831784725189, -1.9870527982711792]",2.282812595367432,False,1.0,-8.392467782250606,-0.3356987112900242,25.0,-4.104051091126166,-0.20520255455630831,20.0,0.08784323659319679,0,20,26,18,0.7692307692307693,-10.359813594084935,-1.108675693900496,True,17,0.68,16.0,0.7472527472527473,3.0,2.0244342143273353
~/anvil/data/cve-targets/poppler_repo_poppler_GfxState.cc,4279,4099,4307,if (typeA == 5 && nVerticesA > 0) {,if (nVerticesA == 0) {,"    if (nVerticesA == 0) {
        error(errSyntaxWarning, -1, ""Missing or invalid vertices",1.088456392288208,"[[262, 421, 320, 77, 31222, 32, 621, 220, 15, 8, 341, 286, 1465, 3964, 33890, 12087, 11, 481, 16, 11, 330, 25080, 476, 8318, 17228]]","[-0.008105125278234482, -0.12398942559957504, -0.17168882489204407, -1.349358320236206, -0.5030877590179443, -0.00022837892174720764, -1.452470064163208, -0.32525503635406494, -0.03925403207540512, -0.2840363383293152, -0.06581929326057434, -0.0014322272036224604, -0.7159861922264099, -0.005281542893499136, -0.30103498697280884, -0.03832941874861717, -0.0006332775810733438, -0.02114001289010048, -0.001790826441720128, -0.0038834409788250923, -0.0046099103055894375, -0.7151749134063721, -0.7628068327903748, -0.02505991980433464, -0.9086862802505493]",8.520139694213867,False,1.0,-7.829142380622216,-0.31316569522488863,25.0,-4.324724825331941,-0.36039373544432846,12.0,0.23851579064082906,1,19,18,13,1.0555555555555556,-3.020186771410588,-1.054183931520008,True,16,0.64,16.0,0.7017543859649122,7.0,2.106165638149119
~/anvil/data/cve-targets/libtiff_repo_libtiff_tif_read.c,89,46,147,uint8_t* new_rawdata;,tif->tif_rawdatasize = (tmsize,                tif->tif_rawdatasize = (tmsize,0.3925085961818695,"[[394, 259, 333, 405, 84340, 16067, 27240, 551, 284, 320, 83, 1011, 551]]","[-0.06401372700929642, -1.1612985134124756, -0.10961588472127914, -0.013912955299019814, -0.0007933806627988815, -0.07655281573534012, -0.1635947972536087, -1.1920922133867862e-06, -0.1245744526386261, -0.452231228351593, -0.012517930008471012, -0.000364713923772797, -2.062299427052494e-05]",4.601388931274414,False,0.0,-2.1794922141027655,-0.16765324723867428,13.0,-2.1794922141027655,-0.16765324723867428,13.0,0.09633347622168477,0,7,8,8,0.875,-2.3411929243642207,-1.0462389969333152,True,8,0.6153846153846154,24.0,0.3921568627450981,9.0,1.920939971253966
~/anvil/data/cve-targets/openssl_repo_crypto_mdc2_mdc2dgst.c,45,36,69,if (i + len < MDC2_BLOCK) {,if (c->num < MDC2_BLOCK) {,        if (c->num < MDC2_BLOCK) {,0.7511234879493713,"[[286, 421, 320, 66, 405, 2413, 366, 386, 5626, 17, 18756, 8, 314, 151643]]","[-0.015469208359718323, -0.5056774616241455, -0.09943629056215286, -0.7741994857788086, -0.0013948483392596245, -0.07806304842233658, -1.4760311841964722, -0.6576640009880066, -0.00018559163436293602, -0.0004773192631546408, -0.020082009956240654, -0.19133618474006653, -0.09999939799308777, -0.8420801162719727]",6.023610591888428,False,0.0,-4.762096148129785,-0.34014972486641326,14.0,-3.9200160318578128,-0.3015396947582933,13.0,0.1805753629390291,1,16,16,16,1.0,-2.4909605634225147,-1.0096929599438909,True,12,0.8571428571428571,7.0,0.7924528301886793,4.0,2.2065058597316236
~/anvil/data/cve-targets/poppler_repo_poppler_Parser.cc,266,188,287,length += 5000;,length += 5000;,            length += 5000;,0.4272545278072357,"[[310, 3084, 1421, 220, 20, 15, 15, 15, 26, 151643]]","[-0.0036227568052709103, -0.5259130001068115, -0.65510094165802, -0.08986672759056091, -0.0941285714507103, -0.6591131091117859, -0.01625487208366394, -0.016775023192167282, -0.9817978143692017, -1.032773494720459]",10.25434112548828,True,0.0,-4.075346311088651,-0.4075346311088651,10.0,-3.0425728163681924,-0.3380636462631325,9.0,0.12144560770564558,1,7,7,7,1.0,-1.2638286681516808,-1.1008933414087354,False,8,0.8,0.0,1.0,0.0,0.7122829936200384
~/anvil/data/cve-targets/libxml2_repo_HTMLparser.c,544,389,694,*,*, *,0.1322345733642578,[[353]],[-0.13223467767238617],5.267361164093018,True,0.0,-0.13223467767238617,-0.13223467767238617,1.0,-0.13223467767238617,-0.13223467767238617,1.0,0.0,0,2,2,2,1.0,-0.9999992111893022,-1.0289640508904494,False,1,1.0,0.0,1.0,0.0,0.9014983426113633
~/anvil/data/cve-targets/openssl_repo_crypto_x509_x509_vfy.c,1029,1021,1047,return 0;,return 0;,        return 0;,0.2354219406843185,"[[286, 470, 220, 15, 26, 151662]]","[-0.007572635542601347, -0.0020778034813702106, -0.0018153393175452948, -0.0025680442340672016, -0.6414901614189148, -0.7744431495666504]",7.646702289581299,True,0.0,-1.4299671335611492,-0.23832785559352487,6.0,-0.6555239839944988,-0.13110479679889978,5.0,0.06512776817265112,0,5,5,5,1.0,-1.7956775528620028,-1.0314143419512227,False,4,0.6666666666666666,0.0,1.0,0.0,0.9378839029922671
~/anvil/data/cve-targets/libxml2_repo_parser.c,13525,13370,13675,*,*," *
",1.35574209690094,[[1213]],[-0.3557416796684265],9.048654556274414,True,1.0,-0.3557416796684265,-0.3557416796684265,1.0,-0.3557416796684265,-0.3557416796684265,1.0,0.0,0,2,2,2,1.0,-3.811029672330148,-1.0682051547246447,False,1,1.0,0.0,1.0,0.0,0.8890700037960424
~/anvil/data/cve-targets/openssl_repo_ssl_statem_statem_dtls.c,385,375,412,if ((frag_off + frag_len) > msg_len) {,if (frag_off > s->d1->r_msg_hdr.frag_off) {,"    if (frag_off > s->d1->r_msg_hdr.frag_off) {
        /*
",0.4820436239242553,"[[262, 421, 320, 33198, 13651, 861, 274, 405, 67, 16, 405, 81, 6483, 28238, 833, 4101, 13651, 8, 341, 286, 9049]]","[-0.39681684970855713, -0.20127950608730316, -0.17128893733024597, -0.2511940598487854, -0.43577858805656433, -1.2520076036453247, -0.6123183965682983, -0.0005397531786002219, -0.6375328898429871, -0.017153358086943626, -0.0021972341928631067, -0.29565030336380005, -0.034450918436050415, -0.002968787681311369, -0.17821237444877625, -0.0002002515539061278, -0.05978391319513321, -1.1952011585235596, -0.43959376215934753, -0.0072198910638689995, -0.9531219005584717]",9.16128635406494,False,2.0,-7.144510437530698,-0.3402147827395571,21.0,-6.191388536972227,-0.30956942684861133,20.0,0.13292986927275624,1,19,21,22,0.9047619047619048,-1.5571422179231833,-1.071217240116538,True,13,0.6190476190476191,24.0,0.5679012345679013,13.0,1.9703854833249468
~/anvil/data/cve-targets/libxml2_repo_valid.c,6151,6120,6153,ctxt->finishDtd = save;,ctxt->valid = save;,    ctxt->valid = save;,0.5649883151054382,"[[262, 59162, 405, 1891, 284, 3581, 26, 151643]]","[-0.11769381165504456, -0.16500459611415863, -0.0025844527408480644, -0.1650763601064682, -0.05564641207456589, -1.1934149265289307, -0.36188197135925293, -0.2882292866706848]",4.333332538604736,False,0.0,-2.3495318172499537,-0.2936914771562442,8.0,-2.061302530579269,-0.2944717900827527,7.0,0.145662008464937,0,10,10,10,1.0,-1.9186500511531674,-1.053273818502031,True,8,1.0,7.0,0.7619047619047619,1.0,1.9474314449032828
~/anvil/data/cve-targets/libpng_repo_pngrutil.c,1712,1691,1740,},},"   }
  ",2.844306468963623,"[[256, 456, 256]]","[-0.013359436765313148, -0.10203586518764496, -0.20795269310474396]",9.322223663330078,True,1.0,-0.32334799505770206,-0.10778266501923402,3.0,-0.32334799505770206,-0.10778266501923402,3.0,0.00632760208961608,1,2,2,2,1.0,-26.389275756505477,-1.075535892701326,False,1,0.3333333333333333,0.0,1.0,0.0,1.0311750908522235
~/anvil/data/cve-targets/libpng_repo_png.h,2652,2497,2802,#define PNG_IMAGE_FLAG_INVALID 0x08,#define PNG_IMAGE_FLAG_16BIT_sRGB_ALPHA 0x0,#define PNG_IMAGE_FLAG_16BIT_sRGB_ALPHA 0x0,0.923071026802063,"[[1441, 41639, 19121, 11890, 62, 16, 21, 20917, 643, 18184, 39497, 220, 15, 87, 15]]","[-0.25580790638923645, -0.0007124984404072165, -0.001956217223778367, -0.01589755155146122, -2.1155612468719482, -0.6223896145820618, -0.1374802440404892, -0.013493052683770657, -0.9237640500068665, -0.04590313509106636, -1.3187255859375, -0.0756927952170372, -0.02473992295563221, -0.0006409021443687379, -0.060609251260757446]",3.528472900390625,False,0.0,-5.6133739743963815,-0.37422493162642545,15.0,-5.6133739743963815,-0.37422493162642545,15.0,0.3634387336936396,1,5,5,5,1.0,-2.4666208710100848,-1.074681917252838,True,10,0.6666666666666666,14.0,0.7692307692307692,2.0,1.848367443182735
~/anvil/data/cve-targets/libpng_repo_pngrutil.c,1766,1740,1781,num > (unsigned int) PNG_MAX_PALETTE_LENGTH),num != (unsigned int) png_ptr->num_palette),"      num != (unsigned int) png_ptr->num_palette)
   {
      png_crc_finish",0.5451521277427673,"[[414, 1629, 961, 320, 3626, 526, 8, 36151, 4348, 405, 2413, 66252, 340, 256, 341, 414, 36151, 59084, 42980]]","[-0.8951860666275024, -0.8926160335540771, -0.4478612542152405, -0.30819690227508545, -0.07088284194469452, -0.004504889715462923, -0.0020552005153149366, -0.310212641954422, -0.020719632506370544, -0.00011324241495458409, -0.32391953468322754, -0.5868073105812073, -2.102871894836426, -0.13302092254161835, -0.43377190828323364, -0.00684180436655879, -0.012781602330505848, -0.04776143655180931, -0.001383777242153883]",3.6777775287628174,False,2.0,-6.601508897139865,-0.34744783669157187,19.0,-6.098968368365604,-0.43564059774040026,14.0,0.3019621311614439,0,13,18,16,0.7222222222222222,-1.2513804511571838,-1.0706780197999237,True,12,0.631578947368421,23.0,0.5287356321839081,5.0,1.9115353647941347
~/anvil/data/cve-targets/lua_repo_ldebug.c,778,747,794,if (npci == 0 ||,if (L->oldpc <= pc && pc <= L,    if (L->oldpc <= pc && pc <= L,1.295074462890625,"[[262, 421, 320, 43, 405, 813, 3992, 2651, 13312, 1009, 13312, 2651, 444]]","[-0.005728850606828928, -0.3206215798854828, -0.2246541678905487, -1.8499629497528076, -0.018749037757515907, -1.0981814861297607, -0.0036024453584104776, -1.0551539659500122, -0.697223424911499, -0.9172985553741455, -1.3786733150482178, -0.4573728144168854, -0.09317374974489212]",8.002778053283691,False,0.0,-8.120396342827007,-0.6246458725251544,13.0,-8.120396342827007,-0.6246458725251544,13.0,0.3283982179962,1,8,16,16,0.5,-2.0732938771455225,-1.0406368712762657,True,8,0.6153846153846154,20.0,0.4444444444444444,12.0,2.057555745975078
~/anvil/data/cve-targets/poppler_repo_poppler_Stream.cc,520,507,538,if (nBits <= 0 || nVals > INT_MAX / nBits - 7 || width > INT_MAX / nComps) {,if (nBits == 8) {,"    if (nBits == 8) {
        imgLineSize = (nVals + 7) & ~7;
    } else {
        if (nBits == 1) {
            imgLineSize = (",1.1737726926803589,"[[262, 421, 320, 77, 19920, 621, 220, 23, 8, 341, 286, 4964, 2460, 1695, 284, 320, 77, 52452, 488, 220, 22, 8, 609, 3968, 22, 280, 262, 335, 770, 341, 286, 421, 320, 77, 19920, 621, 220, 16, 8, 341, 310, 4964, 2460, 1695, 284, 320]]","[-0.21585482358932495, -0.2785632610321045, -0.06103450432419777, -1.1135534048080444, -0.14905764162540436, -0.13270924985408783, -0.009379842318594456, -0.12091254442930222, -0.05459677055478096, -0.08599430322647095, -0.006399377249181271, -0.36441802978515625, -0.01670972630381584, -0.5812838673591614, -0.0013409203384071589, -0.57746821641922, -0.16642381250858307, -0.011613618582487106, -0.07703050971031189, -0.001665039686486125, -0.013319090008735657, -0.001416156766936183, -0.04053512588143349, -0.0014097285456955433, -0.001465795561671257, -0.1149551048874855, -0.18103669583797455, -0.004201989155262709, -0.0015382850542664528, -0.1020202562212944, -0.0012907992349937558, -0.43960559368133545, -0.00499856797978282, -0.06561490148305893, -0.0013979434734210372, -0.007573108654469252, -0.00032574593205936253, -0.004104880150407553, -0.007746299263089895, -0.08062523603439331, -0.0015869655180722475, -0.01153089664876461, -6.115249561844394e-05, -0.000300600629998371, -0.00019000156316906214, -0.03389747813344002]",7.691145896911621,False,4.0,-5.148757862501952,-0.11192951875004244,46.0,-2.2280557230114937,-0.20255052027377216,11.0,0.08923435230763828,1,34,44,13,0.7727272727272727,-5.794962615222412,-1.0325609731888306,True,30,0.6521739130434783,61.0,0.32258064516129037,23.0,2.3705264258550525
~/anvil/data/cve-targets/php_repo_ext_exif_exif.c,4354,4297,4370,exif_scan_thumbnail(&ImageInfo);,exif_discard_imageinfo(&ImageInfo);,			exif_discard_imageinfo(&ImageInfo);,2.09268856048584,"[[298, 8122, 333, 37745, 567, 4954, 2733, 2099, 1906, 1731, 1215, 151643]]","[-0.096378393471241, -1.0421288013458252, -0.008015490137040615, -0.3160906732082367, -2.610649426060263e-05, -0.01770009659230709, -0.00013124081306159496, -0.0004817279113922268, -0.0002693767019081861, -1.1801649634435307e-05, -0.2828800678253174, -0.5624598264694214]",7.625173568725586,False,0.0,-2.3265736026196464,-0.1938811335516372,12.0,-1.764113776150225,-0.16037397965002045,11.0,0.0902468724654655,1,11,11,11,1.0,-13.048803584301233,-1.030859365527415,True,8,0.6666666666666666,13.0,0.7462686567164178,1.0,2.2211135776817774
~/anvil/data/cve-targets/libpng_repo_pngset.c,456,444,497,if (num_palette < 0 || num_palette > PNG_MAX_PALETTE_LENGTH),if (num_palette > max_palette_length),   if (num_palette > max_palette_length),0.3981776535511017,"[[256, 421, 320, 2413, 66252, 861, 1932, 66252, 5118, 8, 151662]]","[-0.0634729415178299, -0.06753190606832504, -0.20793874561786652, -0.552862286567688, -6.0437283536884934e-05, -0.7913368940353394, -0.46845555305480957, -8.487341256113723e-05, -2.1219027985353023e-05, -0.6864520907402039, -0.6832488179206848]",4.33836841583252,False,0.0,-3.5214657652468304,-0.3201332513860755,11.0,-2.8382169473261456,-0.28382169473261454,10.0,0.08688182277085876,1,18,12,12,1.5,-1.4029147910141988,-1.0531412229079649,True,17,1.5454545454545454,33.0,0.5773195876288659,7.0,2.019735792047761
~/anvil/data/cve-targets/libsndfile_repo_src_common.c,599,470,684,"memcpy (&(psf->header.ptr [psf->header.indx]), strptr, size) ;","memcpy (&(psf->header.ptr [psf->header.indx]), strptr, size) ;","					memcpy (&(psf->header.ptr [psf->header.indx]), strptr, size) ;",0.0291676223278045,"[[464, 25497, 15899, 7, 1690, 69, 405, 2708, 38740, 508, 1690, 69, 405, 2708, 28473, 87, 9719, 607, 3505, 11, 1379, 8, 2587, 151643]]","[-0.02898617461323738, -0.32980796694755554, -0.034557562321424484, -0.007021987345069647, -0.00018594920402392745, -5.8412379075889476e-06, -2.4914430468925275e-05, -4.3748852476710454e-05, -0.00042274597217328846, -0.00392310181632638, -0.00015364897262770683, -2.9802276912960224e-06, -2.109982233378105e-05, -1.0251946150674485e-05, -3.85038583772257e-05, -5.722029527532868e-06, -0.00783560425043106, -0.0072576445527374744, -2.8729025871143676e-05, -0.0011944787111133337, -0.009818828664720058, -0.10245753079652786, -0.1442025899887085, -0.8132058382034302]",7.238715171813965,True,0.0,-1.4912134437909117,-0.062133893491287985,24.0,-0.6780076055874815,-0.029478591547281805,23.0,0.005321295194604698,1,35,35,35,1.0,-0.9894510150195429,-1.0209477166795289,False,22,0.9166666666666666,0.0,1.0,0.0,1.2958728970339208
~/anvil/data/cve-targets/sqlite3_repo_ext_misc_zipfile.c,1509,1401,1575,nPath++;,zFree = sqlite3,          zFree = sqlite3,1.837623953819275,"[[688, 1147, 10940, 284, 22003, 18]]","[-0.1670200526714325, -1.2174793481826782, -0.15306808054447174, -0.03353476524353027, -0.16738322377204895, -0.00022098960471339524]",8.81462574005127,False,0.0,-1.738706460018875,-0.28978441000314586,6.0,-1.738706460018875,-0.28978441000314586,6.0,0.17647887429311596,1,6,7,7,0.8571428571428571,-6.341348569439349,-1.0619736322522868,True,3,0.5,15.0,0.08695652173913049,5.0,2.014004653361999
~/anvil/data/cve-targets/libpng_repo_pngrutil.c,1901,1856,1957,*/,* The,    * The,1.27298104763031,"[[262, 353, 576]]","[-0.07793701440095901, -0.708880603313446, -1.9397320747375488]",7.300173282623291,False,0.0,-2.726549692451954,-0.9088498974839846,3.0,-2.726549692451954,-0.9088498974839846,3.0,0.5977073337544861,0,3,3,3,1.0,-1.4006504827192787,-1.0225175603135586,True,1,0.3333333333333333,4.0,0.2857142857142857,3.0,2.068700610416576
~/anvil/data/cve-targets/sqlite3_repo_src_expr.c,5438,5367,5449,if( (pLeft->op==TK_COLUMN && IsVirtual(pLeft->y.pTab)),if( pWalker->u.iCur==pExpr->iTable,"      if( pWalker->u.iCur==pExpr->iTable
      && pWalker->eCode==0
      && pLeft->",0.2520590722560882,"[[414, 421, 7, 281, 84892, 405, 84, 8607, 16704, 418, 79, 16041, 405, 72, 2556, 198, 414, 1009, 281, 84892, 405, 68, 2078, 418, 15, 198, 414, 1009, 281, 5415, 405]]","[-0.033586177974939346, -0.2867638170719147, -0.11716528981924057, -0.5078195333480835, -0.6355459690093994, -0.005321030039340258, -0.6764816641807556, -0.02570936270058155, -0.01670960895717144, -0.4717138707637787, -0.0512731708586216, -0.870643675327301, -0.001508409040980041, -0.7395151853561401, -0.2175481766462326, -0.8384023904800415, -1.0599565505981445, -0.5559210777282715, -1.004692554473877, -0.6694062352180481, -0.0016544476384297013, -0.9559652209281921, -0.023525284603238106, -0.33195677399635315, -0.10571809113025665, -0.09075918048620224, -0.020147789269685745, -0.09063974767923355, -0.8928921222686768, -1.2152597904205322, -0.05766182765364647]",7.145139217376709,False,2.0,-12.57186402566731,-0.40554400082797776,31.0,-6.5556638821726665,-0.3856272871866274,17.0,0.12313197730646618,1,27,28,16,0.9642857142857143,-0.6536339118919824,-1.0185621042915054,True,20,0.6451612903225806,41.0,0.36363636363636365,19.0,2.2397942044048276
~/anvil/data/cve-targets/libsndfile_repo_src_common.c,598,470,684,"header_put_le_int (psf, size) ;","header_put_le_int (psf, size) ;","						header_put_le_int (psf, size) ;
					memcpy (&(psf",0.085108034312725,"[[1144, 20883, 15557, 11751, 4042, 320, 1690, 69, 11, 1379, 8, 4386, 464, 25497, 15899, 7, 1690, 69]]","[-0.016898103058338165, -0.0010601620888337493, -3.111314072157256e-05, -0.0036151548847556114, -0.0011548285838216543, -0.0009142747730948031, -0.0004009396652691066, -2.861018856492592e-06, -0.0005749003030359745, -0.002627018606290221, -0.004343955311924219, -0.6001527905464172, -0.16063188016414642, -0.9527878761291504, -0.010059020482003689, -0.0033559452276676893, -0.00026079590315930545, -3.0040289857424796e-05]",8.875041961669922,True,1.0,-1.7589016601773437,-0.09771675889874132,18.0,-0.7924079821455052,-0.060954460165038866,13.0,0.026001026481550307,1,11,16,11,0.6875,-1.3962560587410418,-1.0635788550738219,False,11,0.6111111111111112,0.0,1.0,0.0,0.8636958794453351
~/anvil/data/cve-targets/poppler_repo_poppler_GfxState.cc,4624,4513,4911,case 1:,case 1:,            case 1:,0.2045754194259643,"[[310, 1142, 220, 16, 25, 151662]]","[-0.0069793714210391045, -0.0921069085597992, -0.00013314791431184858, -0.008504010736942291, -0.5234242677688599, -0.6374432444572449]",14.92361068725586,True,0.0,-1.2685909508581972,-0.21143182514303285,6.0,-0.6311477064009523,-0.12622954128019045,5.0,0.04058164175743754,0,5,5,5,1.0,-1.620661988875253,-1.2372036571378948,False,4,0.6666666666666666,0.0,1.0,0.0,0.1336984686688553
~/anvil/data/cve-targets/sqlite3_repo_src_shell.c.in,3423,3268,3573,sqlite3_finalize(pStmt);,azCol[0] = 0;,"  azCol[0] = 0;
",0.878622829914093,"[[220, 12376, 6127, 58, 15, 60, 284, 220, 15, 280]]","[-0.007531344424933195, -1.4381886720657349, -0.0011859057703986764, -0.5884093642234802, -0.28689607977867126, -0.005948222242295742, -0.004235583357512951, -0.6088099479675293, -0.001675750594586134, -0.06424605846405029]",6.832639217376709,False,1.0,-3.0071269288891926,-0.3007126928889193,10.0,-3.0071269288891926,-0.3007126928889193,10.0,0.19675317262594094,1,9,12,12,0.75,-2.9218016089485417,-1.0106355911101326,True,6,0.6,22.0,0.16216216216216217,9.0,2.1379075532653213
~/anvil/data/cve-targets/lua_repo_lstate.h,278,123,428,l_uint32 nCcalls;  /* number of nested (non-yieldable | C)  calls */,volatile l_signalT hookmask;  /* mask of hooks that are active */,"  volatile l_signalT hookmask;  /* mask of hooks that are active */
  volatile l_signalT hookcount;  /* number of active hooks */
  volatile l_signalT",2.733156442642212,"[[220, 17072, 326, 21137, 51, 9704, 11258, 26, 220, 1391, 6911, 315, 29677, 429, 525, 4541, 735, 220, 17072, 326, 21137, 51, 9704, 1830, 26, 220, 1391, 1372, 315, 4541, 29677, 735, 220, 17072, 326, 21137, 51]]","[-0.010808849707245827, -1.5636589527130127, -0.38426005840301514, -0.0215961504727602, -0.0029538117814809084, -1.9386037588119507, -1.2417914867401123, -0.468089759349823, -0.07895342260599136, -0.001210433547385037, -2.0434510707855225, -0.9222012758255005, -1.7827802896499634, -1.748433232307434, -1.1081287860870361, -1.9865734577178955, -0.28503456711769104, -0.02586480602622032, -0.7850512862205505, -0.15812884271144867, -0.025542162358760834, -0.005083492491394281, -0.7190303206443787, -1.5126101970672607, -0.1637086719274521, -0.051562484353780746, -0.0002932118659373373, -0.7982240319252014, -0.004643846768885851, -1.1319481134414673, -0.09654347598552704, -0.17628273367881775, -0.034534186124801636, -0.40040603280067444, -0.04175695776939392, -0.004837001673877239, -0.0018115314887836576]",6.554904460906982,False,2.0,-21.726392750948435,-0.5871998040796874,37.0,-15.61439416965004,-0.8674663427583356,18.0,0.6162054678976072,1,6,18,8,0.3333333333333333,-3.15073485612298,-1.0036426806385148,True,24,0.6486486486486487,54.0,0.42105263157894735,5.0,2.3435988366593827
~/anvil/data/cve-targets/libsndfile_repo_src_wavlike.c,388,382,391,"psf_binheader_writef (psf, ""422b"", BHW4 (subformat->esf_field1),",/* write the GUID */,"	/* write the GUID */
	psf->guid = (char *) malloc (16) ;
	psf->guid[0] = 0x00 ;
	psf->guid[1] =",2.216204881668091,"[[197, 1057, 3270, 279, 30221, 735, 35009, 69, 405, 23448, 284, 320, 1762, 2586, 15731, 320, 16, 21, 8, 4386, 35009, 69, 405, 23448, 58, 15, 60, 284, 220, 15, 87, 15, 15, 4386, 35009, 69, 405, 23448, 58, 16, 60, 284]]","[-1.4339791536331177, -1.002371072769165, -3.194509983062744, -1.679854393005371, -1.1741952896118164, -1.0862982273101807, -1.5481970310211182, -0.009240715764462948, -0.10543522983789444, -1.0398833751678467, -1.0071823596954346, -1.604529857635498, -2.3996191024780273, -0.480401873588562, -1.8893383741378784, -0.14870183169841766, -1.812294363975525, -1.0619676113128662, -0.2672514021396637, -0.2710777819156647, -1.3348371982574463, -0.0025450955145061016, -0.04198103025555611, -0.1708785444498062, -1.3117337226867676, -0.1326209306716919, -0.01835293136537075, -0.013929649256169796, -1.3112707138061523, -0.0821646898984909, -0.4155663549900055, -1.4106298685073853, -0.6550881862640381, -0.33785009384155273, -0.04800598323345184, -5.98412734689191e-05, -0.0005564333405345678, -0.002297026105225086, -0.011039843782782555, -0.02024860866367817, -0.010267887264490128, -0.0013260389678180218]",1.0694444179534912,False,3.0,-30.549579702157644,-0.7273709452894677,42.0,-9.571208119392395,-1.595201353232066,6.0,0.5631038444748451,0,20,47,2,0.425531914893617,-1.3892947602995689,-1.1428217677521626,True,28,0.6666666666666666,56.0,0.19047619047619047,20.0,1.9019402765439897
~/anvil/data/cve-targets/openssl_repo_crypto_evp_encode.c,247,239,250,ctx->length = 0;,ctx->flags = 0;,    ctx->flags = 0;,1.0173219442367554,"[[262, 5635, 405, 11161, 284, 220, 15, 26, 151643]]","[-0.0048182569444179535, -0.007336697541177273, -6.222531374078244e-05, -0.8759069442749023, -0.03424761816859245, -0.07588507980108261, -0.007342851255089045, -0.2967473566532135, -0.06321995705366135]",7.075043678283691,False,0.0,-1.3655669870058773,-0.15172966522287526,9.0,-1.302347029952216,-0.162793378744027,8.0,0.08129011302005903,0,10,10,10,1.0,-6.249160451644484,-1.0167787508169144,True,7,0.7777777777777778,5.0,0.7741935483870968,1.0,2.1412687867031055
~/anvil/data/cve-targets/poppler_repo_poppler_FileSpec.cc,120,88,122,if (obj1.isString()),if (obj1.isString()) {,"    if (obj1.isString()) {
        desc =",0.1237157210707664,"[[262, 421, 320, 2295, 16, 2079, 703, 2140, 341, 286, 6560, 284]]","[-0.008149584755301476, -0.009891541674733162, -0.14496175944805145, -0.006051077041774988, -0.00014172980445437133, -0.013210391625761986, -0.6888556480407715, -0.05558304116129875, -0.6832970380783081, -0.0024296308401972055, -0.1422426402568817, -0.005151213612407446]",12.239583969116213,False,1.0,-1.7599652963399421,-0.14666377469499517,12.0,-1.612571442470653,-0.1612571442470653,10.0,0.07058629780461007,1,16,16,17,1.0,-0.7671952870579121,-1.1569104535616541,True,7,0.5833333333333334,2.0,0.9523809523809523,3.0,1.5618209308452837
~/anvil/data/cve-targets/poppler_repo_poppler_Annot.cc,5094,5076,5097,if (obj1.isArray()) {,if (obj1.isName()) {,"    if (obj1.isName()) {
        Goo",0.7037798166275024,"[[262, 421, 320, 2295, 16, 2079, 675, 2140, 341, 286, 479, 2624]]","[-0.006358037702739239, -0.0427778959274292, -0.1172986626625061, -0.013408251106739044, -0.00021765247220173478, -0.038178082555532455, -0.6504600048065186, -0.054765619337558746, -0.03606157377362251, -0.0019432486733421683, -0.37169963121414185, -0.00045170116936787963]",12.25347137451172,False,1.0,-1.3336203614016995,-0.1111350301168083,12.0,-0.9614690290181898,-0.09614690290181897,10.0,0.03522261787004183,0,17,15,17,1.1333333333333333,-7.319838657165813,-1.157312185407154,True,7,0.5833333333333334,5.0,0.8292682926829268,1.0,1.638111257434412
~/anvil/data/cve-targets/poppler_repo_poppler_Stream.cc,573,564,616,"int readChars = str->doGetChars(inputLineSize, inputLine);",unsigned char *imgLine = new unsigned char[nVals * nBits];,"    unsigned char *imgLine = new unsigned char[nVals * nBits];
    int readChars = 0;
   ",2.4923672676086426,"[[262, 3774, 1161, 353, 1892, 2460, 284, 501, 3774, 1161, 7669, 52452, 353, 308, 19920, 935, 262, 526, 1349, 32516, 284, 220, 15, 280, 262]]","[-0.3617199957370758, -0.9735180139541626, -0.11214909702539444, -0.024395044893026352, -0.10705439001321793, -0.000556314189452678, -0.03979478031396866, -0.882415771484375, -0.04263203218579292, -0.0018455630633980036, -0.37652474641799927, -0.07302539795637131, -0.8625186681747437, -0.2933769226074219, -0.047284677624702454, -0.6422081589698792, -0.010664613917469978, -1.074493169784546, -0.24643881618976593, -0.006638023070991039, -0.1459732949733734, -0.057719215750694275, -0.004121382255107164, -0.703911542892456, -0.06320440024137497]",7.834027767181396,False,2.0,-7.154184033686761,-0.28616736134747045,25.0,-4.851684188528452,-0.2853931875604972,17.0,0.11132527218386162,1,18,30,23,0.6,-8.733100074718198,-1.036255924605046,True,16,0.64,50.0,0.3448275862068966,19.0,2.325476085000712
~/anvil/data/cve-targets/libxml2_repo_xmlregexp.c,1804,1763,1821,#endif,#endif,#endif,0.4069050848484039,[[2663]],[-0.40690508484840393],3.260807991027832,True,0.0,-0.40690508484840393,-0.40690508484840393,1.0,-0.40690508484840393,-0.40690508484840393,1.0,0.0,0,2,2,2,1.0,-0.9999999999999999,-1.0818973979150042,False,1,1.0,0.0,1.0,0.0,0.7270384114066807
~/anvil/data/cve-targets/openssl_repo_crypto_evp_encode.c,151,139,193,if ((ctx->num + inl) < ctx->length) {,if (ctx->num == 0) {,    if (ctx->num == 0) {,0.7009992599487305,"[[262, 421, 320, 3773, 405, 2413, 621, 220, 15, 8, 314, 151643]]","[-0.12318675965070724, -0.21660922467708588, -0.24146181344985962, -0.36991944909095764, -0.0015413797227665782, -0.2820480167865753, -0.5909875631332397, -0.06687919050455093, -0.001359730027616024, -0.20558886229991913, -0.3932027518749237, -0.9123393297195435]",7.9416656494140625,False,0.0,-3.4051240709377453,-0.2837603392448121,12.0,-2.492784741218202,-0.22661679465620016,11.0,0.029318315553716588,1,25,16,16,1.5625,-3.093324398185999,-1.0390481896682153,True,15,1.25,20.0,0.5964912280701755,11.0,2.188822834712392
~/anvil/data/cve-targets/poppler_repo_poppler_GfxState.cc,2433,2418,2434,"alt->getCMYK(&color2, cmyk);",cmyk->c[0] = color2.c[0];,"        cmyk->c[0] = color2.c[0];
        cmyk->c",0.2492331266403198,"[[286, 272, 2408, 74, 405, 66, 58, 15, 60, 284, 1894, 17, 520, 58, 15, 935, 286, 272, 2408, 74, 405, 66]]","[-0.2637164294719696, -1.117588996887207, -0.007524245418608189, -0.0006865289760753512, -0.014736609533429146, -0.671525239944458, -0.17589807510375977, -0.00984940119087696, -0.004927752539515495, -0.01894884556531906, -1.1974222660064697, -0.08156727999448776, -0.09000281244516373, -0.0026454473845660686, -0.02441156469285488, -0.2095557302236557, -0.023111263290047646, -0.1139000952243805, -0.0012667496921494603, -1.3947389561508317e-05, -0.00014900050882715732, -0.0248885378241539]",6.516665458679199,False,1.0,-4.054336819307537,-0.18428803724125167,22.0,-3.914118488668464,-0.2302422640393214,17.0,0.14080125721935255,1,16,29,23,0.5517241379310345,-1.082482087640326,-1.0026836817335447,True,14,0.6363636363636364,19.0,0.37735849056603776,19.0,2.176247315753801
~/anvil/data/cve-targets/lua_repo_ldebug.c,80,74,81,"return luaG_getfuncline(ci_func(ci)->p, currentpc(ci));",int baseline = 0;,"  int baseline = 0;
  if (ci->lineinfo) {
    baseline = ci->lineinfo[ci",3.81915020942688,"[[220, 526, 25869, 284, 220, 15, 280, 220, 421, 320, 5855, 405, 1056, 2733, 8, 341, 262, 25869, 284, 11825, 405, 1056, 2733, 58, 5855]]","[-0.11078427731990814, -1.092414140701294, -1.843916416168213, -0.30117031931877136, -0.4596795439720154, -0.06934113800525665, -0.41828569769859314, -0.016203733161091805, -1.3608423471450806, -0.22162644565105438, -0.1457701325416565, -0.3965335190296173, -2.2930564880371094, -0.4560225009918213, -1.3606593608856201, -0.2642272114753723, -0.01207412127405405, -0.6096261739730835, -0.29332542419433594, -0.16925489902496338, -0.0027777680661529303, -0.09628193825483322, -0.007029208354651928, -0.24132809042930603, -0.26720961928367615]",3.6043405532836914,False,2.0,-12.509440514957532,-0.5003776205983013,25.0,-4.311795266345143,-0.5389744082931429,8.0,0.3454705977541035,0,25,25,8,1.0,-7.085958351012617,-1.0726455092153373,True,16,0.64,45.0,0.2777777777777778,23.0,2.4155253160969417
~/anvil/data/cve-targets/openssl_repo_ssl_statem_statem_clnt.c,2623,2608,2643,"ckey = ssl_generate_pkey(s, skey);",/* Generate encoding of server key */,"    /* Generate encoding of server key */
    ret = tls_construct_cke_ecdhe_server",1.8650832176208496,"[[262, 1391, 19813, 11170, 315, 3538, 1376, 735, 262, 2112, 284, 55026, 64803, 62, 60273, 36844, 67, 383, 12015]]","[-0.22246335446834564, -0.8505840301513672, -1.0394752025604248, -0.2623059153556824, -0.008136224001646042, -0.25320732593536377, -0.05666758120059967, -0.6560468077659607, -0.0038218090776354074, -1.4067564010620117, -0.010065983049571514, -0.2482941895723343, -0.14607466757297516, -0.31994372606277466, -0.0021692810114473104, -0.7537614703178406, -1.5281656980514526, -0.03549429774284363, -1.0247910022735596]",6.698611736297607,False,1.0,-8.828224967233837,-0.46464341932809666,19.0,-3.3527082505170256,-0.37252313894633615,9.0,0.13012646755073223,1,14,8,2,1.75,-5.006623811063517,-1.0072549344700858,True,12,0.631578947368421,31.0,0.3943661971830986,13.0,2.3209513492333267
~/anvil/data/cve-targets/openssl_repo_crypto_asn1_a_int.c,177,164,213,if (pneg),if (neg),    if (neg),1.3745543956756592,"[[262, 421, 320, 28775, 8, 151662]]","[-0.04202309250831604, -0.5591948628425598, -0.10591959208250046, -0.6730128526687622, -0.8161944150924683, -1.1764862537384033]",6.299304962158203,False,0.0,-3.37283106893301,-0.562138511488835,6.0,-2.196344815194607,-0.4392689630389214,5.0,0.09600346171188603,0,9,9,9,1.0,-3.129186241992396,-1.0027577208592375,True,5,0.8333333333333334,1.0,0.9411764705882353,1.0,2.2254034278705457
~/anvil/data/cve-targets/sqlite3_repo_ext_rtree_rtree.c,578,567,580,pNode->pNext = 0;,pNode->pNext = 0;,"    pNode->pNext = 0;
  }
}
/*
",0.3428237438201904,"[[262, 64566, 405, 89281, 284, 220, 15, 280, 220, 456, 532, 3284]]","[-0.38793739676475525, -0.6921942234039307, -0.004467506892979145, -0.45516437292099, -0.06479088962078094, -0.5745404362678528, -0.0012877037515863776, -0.6547589898109436, -0.48650676012039185, -0.3278108835220337, -0.5845740437507629, -0.10624498128890991]",4.825693607330322,True,4.0,-4.340278188115917,-0.3616898490096598,12.0,-3.3216482795542106,-0.36907203106157893,9.0,0.06784330528402858,0,10,14,10,0.7142857142857143,-0.9288803132388835,-1.0403885084312021,False,8,0.6666666666666666,0.0,1.0,0.0,0.972097842563468
~/anvil/data/cve-targets/libsndfile_repo_src_alaw.c,253,98,274,"0xa9, 0xa9, 0xa9, 0xa9, 0xa9, 0xa9, 0xa9, 0xa9, 0xa9, 0xa9, 0xa9, 0xa9,","0xa9, 0xa9, 0xa9, 0xa9, 0xa9, 0xa9, 0xa9, 0xa9, 0xa9, 0xa9, 0xa9, 0xa9,","	0xa9, 0xa9, 0xa9, 0xa9, 0xa9, 0xa9, 0xa9, 0xa9, 0xa9, 0xa9, 0xa9, 0xa9,
	0xa9, 0xa9, 0xa9, 0xa9, 0xa9, 0xa9,",0.0385639891028404,"[[197, 15, 9591, 24, 11, 220, 15, 9591, 24, 11, 220, 15, 9591, 24, 11, 220, 15, 9591, 24, 11, 220, 15, 9591, 24, 11, 220, 15, 9591, 24, 11, 220, 15, 9591, 24, 11, 220, 15, 9591, 24, 11, 220, 15, 9591, 24, 11, 220, 15, 9591, 24, 11, 220, 15, 9591, 24, 11, 220, 15, 9591, 24, 345, 197, 15, 9591, 24, 11, 220, 15, 9591, 24, 11, 220, 15, 9591, 24, 11, 220, 15, 9591, 24, 11, 220, 15, 9591, 24, 11, 220, 15, 9591, 24, 11]]","[-0.002610967494547367, -0.0008203001925721765, -0.12159185111522675, -0.009852943010628223, -0.0017653609393164515, -0.004376595374196768, -0.00010871296399272978, -0.0021401375997811556, -0.0004337085410952568, -0.0005833592731505632, -0.0005359405186027288, -3.349725011503324e-05, -0.000985494232736528, -0.00014518637908622622, -0.0006063529872335494, -0.00024077377747744322, -1.3232143828645349e-05, -0.00042060110718011856, -7.557583012385294e-05, -0.0005135409301146865, -0.00031025364296510816, -2.825220326485578e-05, -0.0017287085065618157, -0.0008708022069185972, -0.0004817279113922268, -9.476689592702314e-05, -1.1324817933200393e-05, -9.941560711013153e-05, -5.793403761344962e-05, -0.0004489606071729213, -0.0001262346631847322, -1.07287787614041e-05, -0.00015221867943182588, -9.178694017464295e-05, -0.0004312062228564173, -0.00017617580306250602, -1.847726889536716e-05, -0.00029845553217455745, -0.00018463814922142774, -0.0005625095800496638, -0.0003081085451412946, -3.158996332786046e-05, -0.0019365858752280474, -0.0010114560136571527, -0.0005112771177664399, -0.00023421882360707968, -1.8000440832111053e-05, -0.00101062236353755, -0.00034350217902101576, -0.00040451448876410723, -0.00012361239350866526, -1.0967194612021558e-05, -0.0003387354372534901, -8.487341256113723e-05, -0.0005458295345306396, -0.000816012208815664, -1.8954096958623268e-05, -0.0004698126285802573, -6.437094270950183e-05, -0.2021275758743286, -0.0008702066843397915, -0.00018082413589581847, -0.002155958442017436, -0.000508417550008744, -0.0003678122302517295, -0.0001380348257953301, -1.5735502529423684e-05, -0.00014208737411536276, -0.00017641419253777713, -0.0002675890573300421, -0.00010907054820563644, -1.847726889536716e-05, -0.0001551984460093081, -0.00012468514614738524, -0.0003408804477658123, -0.00011860620725201443, -1.2874520507466514e-05, -0.00012981049076188356, -0.00010954733443213627, -0.00031513971043750644, -0.00019226610311307013, -2.1934269170742482e-05, -0.0025367720518261194, -0.00159708212595433, -0.00035232058144174516, -6.186770770000294e-05, -1.3708974620385561e-05, -7.950943836476654e-05, -9.119095193454996e-05, -0.000226472009671852]",7.91336727142334,True,1.0,-0.37587982357945293,-0.004176442484216144,90.0,-0.3653195359347592,-0.005988844851389495,61.0,0.0008786882760252957,0,25,37,25,0.6756756756756757,-6.439303414896952,-1.0383133651675869,False,59,0.6555555555555556,0.0,1.0,0.0,1.1157503119094985
~/anvil/data/cve-targets/libsndfile_repo_src_file_io.c,303,297,328,ssize_t	count ;,sf_count_t count = 0,	sf_count_t count = 0,2.408390760421753,"[[53024, 3180, 528, 1760, 284, 220, 15]]","[-1.3582916259765625, -0.029566297307610512, -0.00031573555315844715, -0.06824276596307755, -0.7924061417579651, -0.09212984889745712, -0.010838921181857586]",1.3105902671813965,False,0.0,-2.351791336637689,-0.33597019094824127,7.0,-2.351791336637689,-0.33597019094824127,7.0,0.24240979746502597,1,5,8,8,0.625,-7.16846561185776,-1.1359528256247298,True,4,0.5714285714285714,11.0,0.5142857142857142,5.0,1.7802394801215764
~/anvil/data/cve-targets/openssl_repo_ssl_statem_statem_clnt.c,2575,2558,2611,"ckey = ssl_generate_pkey(s, skey);",if (s->s3.peer_tmp == NULL) {,"    if (s->s3.peer_tmp == NULL) {
        SSLfatal(s, SSL",2.0899550914764404,"[[262, 421, 320, 82, 405, 82, 18, 72864, 16125, 621, 1770, 8, 341, 286, 25316, 74394, 1141, 11, 25316]]","[-0.17301276326179504, -0.8155518174171448, -0.49447908997535706, -1.014841079711914, -0.32284829020500183, -0.7764653563499451, -0.04164273291826248, -1.6962337493896484, -0.6500962376594543, -0.9559924602508545, -0.21331095695495605, -0.19180548191070557, -0.08996261656284332, -0.011667231097817421, -1.2673892974853516, -0.009930255822837353, -0.0024668520782142878, -0.0014117523096501827, -0.002738299546763301]",7.731943607330322,False,1.0,-8.731846320908517,-0.45957085899518507,19.0,-7.4479098636657,-0.5319935616904071,14.0,0.21574068565529186,1,14,22,20,0.6363636363636364,-3.9285345575153534,-1.0336146635387533,True,12,0.631578947368421,27.0,0.31746031746031744,20.0,2.244171324233619
~/anvil/data/cve-targets/libxml2_repo_xmlstring.c,445,430,455,size = xmlStrlen(str1);,size = xmlStrlen(str1) + len +,    size = xmlStrlen(str1) + len + ,0.4876653552055359,"[[262, 1379, 284, 8396, 2580, 2892, 4199, 16, 8, 488, 2422, 488, 220]]","[-0.3591372072696686, -0.10446365922689438, -0.002696927171200514, -0.2895008623600006, -0.017708176746964455, -0.015421081334352493, -0.013968207873404026, -0.22545649111270905, -0.07952795922756195, -0.02165914699435234, -0.2792036533355713, -0.7680908441543579, -0.003999450244009495]",7.45902681350708,False,0.0,-2.180833667051047,-0.16775643592700362,13.0,-2.180833667051047,-0.16775643592700362,13.0,0.04493588416018563,1,12,13,13,0.9230769230769231,-2.906984477291442,-1.0265863974513982,True,8,0.6153846153846154,8.0,0.8301886792452831,6.0,2.0651264218478587
~/anvil/data/cve-targets/php_repo_ext_intl_locale_locale_methods.c,967,951,983,while( (*str)!='\0' ){,while( *str ){,"		while( *str ){
			if( *str == '-' ){
				",0.9851405024528505,"[[197, 5217, 7, 353, 495, 10959, 298, 743, 7, 353, 495, 621, 20672, 10959, 571, 197]]","[-0.125650554895401, -0.23212382197380066, -0.24329690635204315, -0.2565504014492035, -0.06422068178653717, -0.7082119584083557, -0.10591541230678558, -0.5162767767906189, -0.03406063839793205, -0.3582608699798584, -0.01620631292462349, -0.11220802366733551, -0.35185056924819946, -0.16956767439842224, -0.009492972865700722, -0.42502281069755554]",5.162500381469727,False,2.0,-3.728916386142373,-0.23305727413389832,16.0,-1.7359697371721268,-0.24799567673887526,7.0,0.04015351179930041,0,21,23,12,0.9130434782608695,-3.9724099847520526,-1.0316650390819868,True,10,0.625,8.0,0.7777777777777778,9.0,2.2046629890937
~/anvil/data/cve-targets/openssl_repo_ssl_statem_statem.c,581,479,620,if (SSL_IS_DTLS(s)) {,st->read_state = READ_STATE_HEADER;,"                st->read_state = READ_STATE_HEADER;
                break;
            case",0.5163894295692444,"[[394, 357, 405, 878, 4387, 284, 18666, 10832, 20330, 280, 394, 1438, 280, 310, 1142]]","[-0.0273195318877697, -1.3497270345687866, -0.0031193667091429234, -0.00722876749932766, -0.0007911174325272441, -0.07793161273002625, -0.006580469198524952, -0.0002759314374998212, -0.25600266456604004, -0.006058660335838795, -0.0015650654677301645, -0.2446262091398239, -0.0038870032876729965, -0.0004687402688432485, -0.16294030845165253]",9.077083587646484,False,2.0,-2.148522482981207,-0.14323483219874714,15.0,-1.7366002218332142,-0.1578727474393831,11.0,0.1472821294431284,0,15,14,10,1.0714285714285714,-3.2709219161940384,-1.068964625526803,True,9,0.6,32.0,0.1785714285714286,15.0,1.9376319011951217
~/anvil/data/cve-targets/libxml2_repo_HTMLparser.c,2744,2727,2765,NEXT;,NEXT;,    NEXT;,0.8604481220245361,"[[262, 45011, 26, 151662]]","[-0.10584656894207001, -1.0540218353271484, -0.6637024879455566, -0.8584851026535034]",5.378645896911621,True,0.0,-2.6820559948682785,-0.6705139987170696,4.0,-1.823570892214775,-0.6078569640715917,3.0,0.1513987505657812,1,4,4,4,1.0,-1.4155437428256477,-1.0261053296476568,False,2,0.5,0.0,1.0,0.0,1.018819103728441
~/anvil/data/cve-targets/openssl_repo_crypto_pkcs7_pk7_doit.c,185,159,299,break;,break;,"        break;
   ",0.5206502676010132,"[[286, 1438, 280, 262]]","[-0.023893160745501518, -0.2733819782733917, -0.6331467628479004, -0.011041965335607529]",9.0145845413208,True,1.0,-0.9414638672024012,-0.2353659668006003,4.0,-0.9414638672024012,-0.2353659668006003,4.0,0.06367919604160166,0,4,4,4,1.0,-2.212088156492493,-1.0672956979548245,False,2,0.5,0.0,1.0,0.0,0.8196134747755993
~/anvil/data/cve-targets/lua_repo_ldebug.c,764,747,794,resethookcount(L);  /* reset count */,L->hookcount = 1;  /* undo decrement to zero */,"    L->hookcount = 1;  /* undo decrement to zero */
  if",2.3820338249206543,"[[262, 444, 405, 20873, 1830, 284, 220, 16, 26, 220, 1391, 28721, 60832, 311, 7168, 735, 220, 421]]","[-0.01794132962822914, -1.2228379249572754, -0.0014736517332494259, -0.06948071718215942, -0.008126054890453815, -0.46318674087524414, -0.08768868446350098, -0.5274965763092041, -0.053631674498319626, -0.12278714030981064, -0.0021416840609163046, -0.44113385677337646, -0.0688348338007927, -0.04742611572146416, -0.0055499752052128315, -0.40869641304016113, -0.027502790093421936, -0.2904498875141144]",8.664756774902344,False,1.0,-3.8663860510569066,-0.21479922505871704,18.0,-3.575936163542792,-0.21034918609075248,17.0,0.09624723732728363,0,10,12,11,0.8333333333333334,-11.324188456298357,-1.058002154681626,True,11,0.6111111111111112,25.0,0.5714285714285714,9.0,2.1373135646344523
~/anvil/data/cve-targets/poppler_repo_poppler_XRef.cc,672,596,676,trailerDict = xrefStr->getDictObject()->copy();,return true;,        return true;,1.5465469360351562,"[[286, 470, 830, 26, 151643]]","[-0.006639562547206879, -1.112369179725647, -1.0311188697814941, -0.5254279375076294, -0.620529294013977]",8.225868225097656,False,0.0,-3.2960848435759544,-0.6592169687151909,5.0,-2.6755555495619774,-0.6688888873904943,4.0,0.19676013555733513,0,21,5,5,4.2,-2.31211336470042,-1.0464569827708288,True,14,2.8,39.0,0.27118644067796616,19.0,2.2114640898533127
~/anvil/data/cve-targets/sqlite3_repo_src_select.c,2116,2093,2124,"sqlite3ColumnsFromExprList(pParse, pSelect->pEList, &pTab->nCol, &pTab->aCol);",pTab->nCol = pSelect->nCol;,"  pTab->nCol = pSelect->nCol;
  pTab->aCol = sqlite3DbMallocZero(db, sizeof(ExprCell) * pSelect->nCol);
  if( pTab->a",1.0602742433547974,"[[220, 281, 8582, 405, 77, 6127, 284, 281, 3379, 405, 77, 6127, 280, 220, 281, 8582, 405, 64, 6127, 284, 22003, 18, 7994, 53681, 17999, 9791, 11, 3935, 7, 16041, 3599, 8, 353, 281, 3379, 405, 77, 6127, 317, 220, 421, 7, 281, 8582, 405, 64]]","[-0.0440828911960125, -0.2739538252353668, -0.011197935789823532, -0.0004655231023207307, -1.1643022298812866, -1.1525683403015137, -0.1504344344139099, -0.7254992723464966, -0.025120139122009277, -0.0006422125734388828, -0.511016845703125, -0.841332733631134, -0.23054833710193634, -0.00511693861335516, -0.385720819234848, -0.03576819971203804, -0.0003570872650016099, -1.439698576927185, -0.32447293400764465, -0.22227151691913605, -0.9065898060798645, -0.0019966682884842157, -0.16284935176372528, -0.08702998608350754, -0.7043938040733337, -0.14570067822933197, -0.014053079299628735, -0.35693052411079407, -1.9901924133300781, -1.1261341571807861, -0.8046308755874634, -0.8922103643417358, -0.057941313832998276, -0.07527384161949158, -0.43025705218315125, -0.0001284993631998077, -0.0007258402765728533, -0.0031477685552090406, -0.6301671266555786, -0.0027938163839280605, -0.1745508313179016, -0.004706495441496372, -0.07593734562397003, -0.010781136341392994, -0.006887977942824364, -0.004743750672787428]",6.566665649414063,False,2.0,-16.21532529765682,-0.3525070716881917,46.0,-5.136281659011729,-0.36687726135798066,14.0,0.17489406958696793,0,28,46,13,0.6086956521739131,-2.889997159895484,-1.003937824795983,True,30,0.6521739130434783,60.0,0.34285714285714286,19.0,2.400696901760584
~/anvil/data/cve-targets/lua_repo_liolib.c,213,205,217,LStream *p = newprefile(L);,LStream *p = tolstream(L);,  LStream *p = tolstream(L);,2.22229552268982,"[[220, 444, 3027, 353, 79, 284, 38574, 4027, 4957, 1215, 151643]]","[-0.17788353562355042, -1.0599710941314697, -0.010016179643571377, -0.03457288071513176, -0.00456683523952961, -0.14465977251529694, -0.34659960865974426, -0.0031293490901589394, -0.013480467721819878, -0.33014753460884094, -0.03734331578016281]",4.681423664093018,False,0.0,-2.1623705737292767,-0.19657914306629787,11.0,-2.125027257949114,-0.2125027257949114,10.0,0.09551703008085154,1,15,15,15,1.0,-10.45772713915482,-1.0441477033679414,True,10,0.9090909090909091,9.0,0.7169811320754718,1.0,2.2297243051714686
~/anvil/data/cve-targets/libpng_repo_pngset.c,474,444,497,return;,return;,"      return;
  ",2.0909292697906494,"[[414, 470, 280, 256]]","[-0.12228260934352875, -0.27688708901405334, -0.02438724972307682, -0.010432353243231773]",3.4043407440185547,True,1.0,-0.4339893013238907,-0.10849732533097267,4.0,-0.4339893013238907,-0.10849732533097267,4.0,0.011309097534471485,1,4,4,4,1.0,-19.271712582888465,-1.0780221620646118,False,2,0.5,0.0,1.0,0.0,0.9578735707106433
~/anvil/data/cve-targets/openssl_repo_crypto_rsa_rsa_ameth.c,832,677,982,};,};,"};
",4.804550647735596,[[2440]],[-0.4295503795146942],3.849999666213989,True,1.0,-0.4295503795146942,-0.4295503795146942,1.0,-0.4295503795146942,-0.4295503795146942,1.0,0.0,0,4,4,4,1.0,-11.185069032330444,-1.0660780681475235,False,1,1.0,0.0,1.0,0.0,1.315391662770699
~/anvil/data/cve-targets/php_repo_ext_phar_phar.c,986,632,1125,if (entry.filename_len + 20 > endbuffer - buffer) {,"PHAR_GET_32(buffer, entry.filename_len);","		PHAR_GET_32(buffer, entry.filename_len);
		if (entry.filename_len == 0) {
",1.5109938383102417,"[[197, 10025, 39, 934, 12702, 62, 18, 17, 12584, 11, 4343, 30882, 6043, 317, 197, 743, 320, 4085, 30882, 6043, 621, 220, 15, 8, 341]]","[-0.005354349501430988, -1.0273873805999756, -0.0006338732782751322, -3.3854863431770355e-05, -0.0015813715290278196, -0.000456109904916957, -0.008238735608756542, -3.8265450712060556e-05, -0.0011335145682096481, -0.0017137139802798629, -0.15294839441776276, -1.6100175380706787, -0.01931174285709858, -0.0812489241361618, -0.0025321345310658216, -0.6563051342964172, -0.10437452793121338, -0.17586559057235718, -0.5034509897232056, -0.003209085436537862, -0.21841523051261902, -0.005561592988669872, -0.001785709522664547, -0.017862876877188683, -0.1274757832288742]",9.643230438232422,False,2.0,-4.726936424387532,-0.18907745697550127,25.0,-2.912629903297784,-0.19417532688651892,15.0,0.20750655159709686,1,22,29,14,0.7586206896551724,-7.781595440255422,-1.0842019772944969,True,16,0.64,44.0,0.46153846153846156,18.0,2.0719007321311413
~/anvil/data/cve-targets/libxml2_repo_xmlmemory.c,985,830,1135,"xmlGcMemGet(xmlFreeFunc *freeFunc, xmlMallocFunc *mallocFunc,","xmlGcMemGet(xmlFreeFunc *freeFunc, xmlMallocFunc *mallocFunc,","xmlGcMemGet(xmlFreeFunc *freeFunc, xmlMallocFunc *mallocFunc,",0.0176770389080047,"[[6455, 38, 66, 18816, 1949, 29932, 10940, 9626, 353, 10593, 9626, 11, 8396, 53681, 9626, 353, 16166, 9626, 11, 151643]]","[-0.013230038806796074, -0.010894461534917355, -8.797258487902582e-05, -0.0008306628442369401, -0.0006051616510376334, -0.009036595933139324, -0.00012432756193447858, -2.002696055569686e-05, -0.0007739647408016026, -0.00030894274823367596, -4.792098479811102e-05, -0.012967190705239773, -0.0027638589963316917, -6.735097849741578e-05, -5.07818695041351e-05, -0.0005816913326270878, -0.00020275443966966122, -8.237022848334163e-05, -0.25290077924728394, -0.25099292397499084]",5.882118225097656,True,0.0,-0.5565697781239578,-0.02782848890619789,20.0,-0.30557685414896696,-0.01608299232362984,19.0,0.0031367133756373313,0,15,15,15,1.0,-1.0991138062058772,-1.0132708804845771,False,19,0.95,0.0,1.0,0.0,1.0971507783963872
~/anvil/data/cve-targets/libtiff_repo_libtiff_tif_predict.c,544,533,566,uint8_t *tmp;,uint32_t tmp;,"	uint32_t tmp;
",0.596950113773346,"[[8254, 18, 17, 528, 4174, 280, 151664]]","[-1.071763038635254, -0.571122407913208, -5.590759246842936e-05, -0.00013255194062367082, -0.6335551142692566, -1.0892689228057861, -1.286569356918335]",1.0494790077209473,False,1.0,-4.652467300074932,-0.6646381857249902,7.0,-3.3658979431565967,-0.5609829905260995,6.0,0.19575736859175052,1,7,5,5,1.4,-1.064114463102555,-1.1433923327702713,True,6,0.8571428571428571,3.0,0.8461538461538461,3.0,1.5663865376507122
~/anvil/data/cve-targets/libtiff_repo_libtiff_tif_dirread.c,2124,2078,2230,},},"					}
				",3.656480312347412,"[[464, 197, 532, 464]]","[-0.3187848627567291, -0.006337308324873447, -0.034971822053194046, -0.038445860147476196]",11.233332633972168,True,1.0,-0.3985398532822728,-0.0996349633205682,4.0,-0.3985398532822728,-0.0996349633205682,4.0,0.016164139759066703,0,2,2,2,1.0,-36.69876708423081,-1.1281699047053242,False,1,0.25,0.0,1.0,0.0,0.919490924976174
~/anvil/data/cve-targets/libxml2_repo_xmlmemory.c,289,257,325,xmlMutexUnlock(xmlMemMutex);,if (debugMemSize > debugMaxMemSize),    if (debugMemSize > debugMaxMemSize),0.8007193803787231,"[[262, 421, 320, 8349, 18816, 1695, 861, 7390, 5974, 18816, 1695, 8]]","[-0.32356223464012146, -1.0095694065093994, -0.13651739060878754, -1.1972934007644653, -0.09732507914304733, -0.06424471735954285, -0.2856478989124298, -0.00914409477263689, -0.003765517845749855, -0.0006606780225411057, -0.00025245340657420456, -0.0360199473798275]",5.205035209655762,False,0.0,-3.1640028193651233,-0.2636669016137603,12.0,-3.1640028193651233,-0.2636669016137603,12.0,0.1532015482451488,1,9,12,12,0.75,-3.036859672101275,-1.0305685797770856,True,7,0.5833333333333334,30.0,0.25396825396825395,10.0,2.051426050105993
~/anvil/data/cve-targets/php_repo_ext_exif_exif.c,960,873,977,"{ 0x009d, ""InternalNDFilter""},","{ 0x0097, ""TimerRecording2""},","  { 0x0097, ""TimerRecording2""},
  { 0x0098",2.1303606033325195,"[[220, 314, 220, 15, 87, 15, 15, 24, 22, 11, 330, 10105, 52856, 17, 7115, 220, 314, 220, 15, 87, 15, 15, 24, 23]]","[-0.0012382942950353026, -0.001875904854387045, -3.790783375734463e-05, -1.9788545614574105e-05, -0.0008104139124043286, -0.0026478252839297056, -0.00319589558057487, -0.07860074192285538, -0.6716052293777466, -0.00010346830822527409, -0.00020418466010596603, -2.7447824478149414, -2.6503686904907227, -2.3050882816314697, -0.15496346354484558, -0.0003570872650016099, -0.003353687934577465, -6.663577369181439e-05, -1.0371154530730564e-05, -0.0008191090892069042, -0.0022952421568334103, -0.0025925380177795887, -0.05913465842604637, -0.31438151001930237]",10.073784828186035,False,1.0,-8.998553377893586,-0.3749397240788994,24.0,-8.615899625321617,-0.5384937265826011,16.0,0.9820860888624419,0,10,14,10,0.7142857142857143,-3.956147487273907,-1.095935209465455,True,15,0.625,14.0,0.576271186440678,2.0,1.9608821912849277
~/anvil/data/cve-targets/lua_repo_ldebug.c,780,747,794,"changedline(p, pcRel(L->oldpc, p), npci)) {",pc > L->oldpc + p->nup) {  /* not in range? */,        pc > L->oldpc + p->nup) {  /* not in range? */,1.7157050371170044,"[[286, 13312, 861, 444, 405, 813, 3992, 488, 281, 405, 77, 454, 8, 314, 220, 1391, 537, 304, 2088, 30, 639, 151643]]","[-0.07711868733167648, -0.8549983501434326, -1.1354343891143799, -0.3118915855884552, -0.0014962679706513882, -1.00678551197052, -0.0062328241765499115, -0.28112420439720154, -0.7032068967819214, -0.04171488434076309, -1.3242343664169312, -0.966372013092041, -1.9316190481185913, -0.2045210599899292, -0.41370001435279846, -0.0190543495118618, -2.041635751724243, -1.4496047496795654, -1.4876550436019897, -0.5841649770736694, -0.6562992334365845, -0.6991131901741028]",5.156423568725586,False,0.0,-16.19797739898786,-0.7362716999539937,22.0,-15.498864208813757,-0.7380411528006551,21.0,0.3885845348421904,1,23,17,17,1.3529411764705883,-2.324673943460191,-1.031821781869322,True,17,0.7727272727272727,41.0,0.3820224719101124,18.0,2.3105211826752834
~/anvil/data/cve-targets/libtiff_repo_libtiff_tif_dirwrite.c,2004,1971,2023,"if (!_TIFFmemcmp(tif->tif_dir.td_transferfunction[0],tif->tif_dir.td_transferfunction[1],m*sizeof(uint16_t)))","if (!_TIFFmemcmp(tif->tif_dir.td_transferfunction[0],tif->tif_dir.td_transferfunction[1],m*sizeof(uint16_t)))","		if (!_TIFFmemcmp(tif->tif_dir.td_transferfunction[0],tif->tif_dir.td_transferfunction[1],m*sizeof(uint16_t)))",0.0436274819076061,"[[197, 743, 24076, 26614, 1748, 61534, 1155, 333, 405, 84340, 4334, 734, 67, 35403, 1688, 58, 15, 1125, 84340, 405, 84340, 4334, 734, 67, 35403, 1688, 58, 16, 1125, 76, 32811, 8488, 16, 21, 528, 7705, 151662]]","[-0.00438098656013608, -0.07528887689113617, -0.2639385759830475, -0.0001821352052502334, -0.00010752100206445903, -0.017879270017147064, -0.01961185596883297, -7.86750388215296e-05, -2.52720492426306e-05, -1.966933996300213e-05, -0.0002619877050165087, -0.000436091679148376, -2.276871418871451e-05, -0.0027167813386768103, -5.066266385256313e-05, -0.007797753904014826, -0.2726110517978668, -0.009607152082026005, -0.006922665983438492, -2.4318398573086597e-05, -2.3483953555114567e-05, -0.00018559163436293602, -0.00017855956684798002, -1.883488948806189e-05, -0.0006542449118569493, -3.361645576660521e-05, -0.004239144269376993, -0.26490363478660583, -0.0062818690203130245, -0.04669278860092163, -0.0031606026459485292, -0.002685870509594679, -0.003738915082067251, -1.728519782773219e-05, -7.807903602952138e-05, -0.550884485244751, -0.4811270236968994]",6.736284732818604,True,0.0,-2.046868101824657,-0.05532075950877451,37.0,-1.5657410781277576,-0.04349280772577105,36.0,0.012733319170045455,1,50,50,50,1.0,-1.0030964701723601,-1.0082040391361895,False,35,0.9459459459459459,0.0,1.0,0.0,1.517565807705325
~/anvil/data/cve-targets/sqlite3_repo_ext_misc_zipfile.c,380,370,390,pTab->pWriteFd = 0;,pTab->pWriteFd = 0;,    pTab->pWriteFd = 0;,0.0618407651782035,"[[262, 281, 8582, 405, 79, 7985, 74476, 284, 220, 15, 26, 151662]]","[-0.12492970377206802, -0.1252138316631317, -0.0023987111635506153, -0.0001006075763143599, -0.004476645030081272, -0.005279171280562878, -0.0033382424153387547, -0.02164888009428978, -0.29711276292800903, -0.0014569868799299002, -0.3542141020298004, -0.7211669683456421]",4.587673664093018,True,0.0,-1.6613366131787188,-0.13844471776489323,12.0,-0.9401696448330767,-0.08546996771209789,11.0,0.015018991266168137,0,10,10,10,1.0,-0.7235379494527435,-1.0465977946268412,False,10,0.8333333333333334,0.0,1.0,0.0,0.9157322274136891
~/anvil/data/cve-targets/lua_repo_ldo.c,285,255,292,lua_lock(L);,L->allowhook =,    L->allowhook = ,0.6156997084617615,"[[262, 444, 405, 7183, 20873, 284, 220]]","[-0.03646015375852585, -1.234960675239563, -0.00809034425765276, -0.30920928716659546, -3.4927710657939315e-05, -0.0009009354980662465, -0.01164932083338499]",5.604340553283691,False,0.0,-1.6013056444644462,-0.2287579492092066,7.0,-1.6013056444644462,-0.2287579492092066,7.0,0.179422596205188,0,9,6,6,1.5,-2.6914898939694725,-1.0203319704241807,True,4,0.5714285714285714,11.0,0.3076923076923077,8.0,2.0700450620901654
~/anvil/data/cve-targets/php_repo_ext_exif_exif.c,3659,3617,3700,if (pos+length>=ImageInfo->Thumbnail.size) {,if (pos+length>=ImageInfo->Thumbnail.size) {,"		if (pos+length>=ImageInfo->Thumbnail.size) {
			return false;
		}
",0.3158579468727112,"[[197, 743, 320, 966, 10, 4129, 9922, 1906, 1731, 405, 45970, 2486, 8, 341, 298, 853, 895, 280, 197, 197, 532]]","[-0.2774086892604828, -0.17901253700256348, -0.22353562712669373, -0.8445276021957397, -0.5746874809265137, -0.22952696681022644, -0.617656409740448, -0.0015274535398930311, -2.682172998902388e-05, -2.2411095415009186e-05, -0.0006368515896610916, -0.0006093314150348306, -0.5969934463500977, -0.6652968525886536, -0.06271222233772278, -0.840080738067627, -0.004686443600803614, -0.3142528235912323, -0.0039245267398655415, -0.00048720886115916073, -0.0464448519051075]",9.013195037841797,True,3.0,-5.48405729647493,-0.26114558554642525,21.0,-4.274180703709135,-0.28494538024727567,15.0,0.08144619011223676,1,22,26,22,0.8461538461538461,-1.108485937194734,-1.067258623321634,False,13,0.6190476190476191,0.0,1.0,0.0,1.0008289123268161
~/anvil/data/cve-targets/libtiff_repo_libtiff_tif_predict.c,531,376,681,},},"}
",5.23679256439209,[[532]],[-0.11179279536008835],5.781944274902344,True,1.0,-0.11179279536008835,-0.11179279536008835,1.0,-0.11179279536008835,-0.11179279536008835,1.0,0.0,0,2,2,2,1.0,-46.843739326172184,-1.0158116443039091,False,1,1.0,0.0,1.0,0.0,1.5377779482354752
~/anvil/data/cve-targets/lua_repo_ldebug.c,438,356,568,},default:,      default:,0.1840283125638961,"[[414, 1638, 25]]","[-0.4104296863079071, -0.8508514165878296, -0.18594683706760406]",7.608333110809326,False,0.0,-1.4472279399633408,-0.4824093133211136,3.0,-1.4472279399633408,-0.4824093133211136,3.0,0.07627354999697482,0,2,4,4,0.5,-0.38147752848502425,-1.0304254532807673,True,1,0.3333333333333333,8.0,0.0,3.0,1.901749412023014
~/anvil/data/cve-targets/poppler_repo_poppler_SplashOutputDev.cc,3329,3315,3489,GfxRGB rgb;,SplashColorMode colorMode;,"    SplashColorMode colorMode;
    Splash",1.427309274673462,"[[262, 45442, 1636, 3636, 1894, 3636, 280, 262, 45442]]","[-0.01764727383852005, -0.5868905782699585, -0.5908023118972778, -1.5011093616485596, -0.5925887823104858, -0.016196109354496002, -0.14819695055484772, -0.00255437009036541, -0.5637540817260742]",8.27013874053955,False,1.0,-4.019739819690585,-0.44663775774339837,9.0,-3.455985737964511,-0.43199821724556386,8.0,0.22844270334001138,0,5,8,5,0.625,-3.303970288984147,-1.0476158036728986,True,5,0.5555555555555556,23.0,0.16216216216216217,2.0,2.0114697845632774
~/anvil/data/cve-targets/lua_repo_ldo.c,371,348,395,if (hastocloseCfunc(wanted)) {  /* to-be-closed variables? */,if (nres == 0)  /* no results? */,"      if (nres == 0)  /* no results? */
        setnilvalue(s2v(res));  /* adjust with nil */
      else ",2.55286169052124,"[[414, 421, 320, 77, 416, 621, 220, 15, 8, 220, 1391, 902, 3059, 30, 735, 286, 738, 8385, 957, 1141, 17, 85, 4590, 5905, 220, 1391, 7500, 448, 2092, 735, 414, 770, 220]]","[-0.022426676005125046, -1.091996431350708, -0.09876638650894165, -0.3803463876247406, -0.0012850845232605934, -0.9295917749404907, -0.4318394362926483, -0.47666680812835693, -0.10485575348138809, -0.8354671001434326, -0.005350080784410238, -0.20712970197200775, -0.14755965769290924, -0.38139134645462036, -0.1255316287279129, -0.017716843634843826, -0.44932013750076294, -0.01873897761106491, -0.003514662617817521, -0.10164330899715424, -0.0009681067313067615, -0.0003311085747554898, -0.016574077308177948, -0.05140022933483124, -0.021024107933044434, -0.00022432672267314047, -0.043260008096694946, -0.02490725927054882, -0.004129217471927404, -0.03972398117184639, -0.0026071625761687756, -0.02729586884379387, -0.49105992913246155]",8.910762786865234,False,2.0,-6.554643568160827,-0.19862556267154022,33.0,-5.257921098265797,-0.3286200686416123,16.0,0.1145371648048967,0,16,26,13,0.6153846153846154,-7.768429058741842,-1.064529077153721,True,21,0.6363636363636364,41.0,0.44680851063829785,11.0,2.1996826505840223
~/anvil/data/cve-targets/libxml2_repo_valid.c,501,437,514,case XML_ENTITY_DECL:,case XML_ENTITY_DECL:,	case XML_ENTITY_DECL:,0.4002083837985992,"[[2722, 11874, 46599, 22732, 25, 151662]]","[-0.11593098193407059, -0.0007141662063077092, -1.3827757835388184, -0.2500420808792114, -0.35028597712516785, -0.23094046115875244]",4.448610782623291,True,0.0,-2.3306894508423284,-0.38844824180705473,6.0,-2.099748989683576,-0.41994979793671516,5.0,0.24578830283849226,0,5,5,5,1.0,-0.9529910140804713,-1.0502426994692902,False,5,0.8333333333333334,0.0,1.0,0.0,0.8835183674822262
~/anvil/data/cve-targets/php_repo_ext_intl_msgformat_msgformat_parse.c,83,57,115,if(pattern && pattern_len) {,if(slocale_len > 0) {,	if(slocale_len > 0) {,0.7277848124504089,"[[743, 1141, 14484, 6043, 861, 220, 15, 8, 314, 151643]]","[-0.9172043204307556, -1.1968122720718384, -0.6634604930877686, -0.13337589800357819, -1.131181001663208, -0.052758827805519104, -0.015286431647837162, -0.1411636769771576, -0.47744762897491455, -0.9277921915054321]",2.108506917953491,False,0.0,-5.656482742168009,-0.565648274216801,10.0,-4.728690550662577,-0.5254100611847308,9.0,0.19750686600522635,0,13,13,13,1.0,-1.3851748685766496,-1.1135174472489682,True,7,0.7,20.0,0.4897959183673469,3.0,1.7657973098744577
~/anvil/data/cve-targets/poppler_repo_splash_SplashXPathScanner.cc,413,391,477,const int intersectionIndex = splashAASize * y + yy - yMin;,xx = *x0 * splashAASize;,"            xx = *x0 * splashAASize;
            if (yy >= yyMin && yy <= yyMax) {
",1.5518426895141602,"[[310, 20908, 284, 353, 87, 15, 353, 34632, 6029, 1695, 280, 310, 421, 320, 4807, 2604, 13197, 6217, 1009, 13197, 2651, 13197, 5974, 8, 341]]","[-0.005495322402566671, -1.0998783111572266, -0.49710512161254883, -0.9449468851089478, -0.001292585046030581, -0.1146511435508728, -0.04796507582068443, -0.0014891260070726275, -1.680836794548668e-05, -7.152531907195225e-06, -0.2310209721326828, -0.020810119807720184, -1.098425269126892, -0.15853717923164368, -0.21178048849105835, -1.2804564237594604, -0.06052633374929428, -0.005004498641937971, -0.017857490107417107, -0.0035385394003242254, -0.006608654744923115, -0.0009320206008851528, -0.0002811751910485327, -0.029788948595523834, -0.13059252500534058]",8.19461727142334,False,2.0,-5.969008170191955,-0.23876032680767822,25.0,-2.964678623546206,-0.24705655196218382,12.0,0.14055087579976555,1,19,30,12,0.6333333333333333,-6.281325782251247,-1.0456397325932234,True,16,0.64,42.0,0.4337349397590361,14.0,2.1925234577188006
~/anvil/data/cve-targets/poppler_repo_poppler_Parser.cc,245,188,287,},},"    }
   ",1.230689525604248,"[[262, 456, 262]]","[-0.2535109221935272, -0.35570159554481506, -0.01594659313559532]",13.870835304260254,True,1.0,-0.6251591108739376,-0.20838637029131254,3.0,-0.6251591108739376,-0.20838637029131254,3.0,0.02025702286920265,1,2,2,2,1.0,-5.905806238113427,-1.2050659951823073,False,1,0.3333333333333333,0.0,1.0,0.0,0.3422612782868897
~/anvil/data/cve-targets/openssl_repo_crypto_x509_x509_obj.c,79,17,173,"ascii2ebcdic(ebcdic_buf, q, (num > (int)sizeof(ebcdic_buf))",l1 += 3;,"            l1 += 3;
            if (q[j] == '/' || q[j] == '+')
                l1++; /* char needs to be escaped */
            else if ((",1.0914783477783203,"[[310, 326, 16, 1421, 220, 18, 280, 310, 421, 320, 80, 3809, 60, 621, 14853, 1369, 2804, 3809, 60, 621, 13902, 1305, 394, 326, 16, 19581, 1391, 1161, 3880, 311, 387, 27783, 735, 310, 770, 421, 1781]]","[-0.14215517044067383, -2.3966400623321533, -0.7656117081642151, -0.40688103437423706, -0.7096773982048035, -0.628853440284729, -0.46306467056274414, -0.3468843102455139, -1.6718344688415527, -0.32330232858657837, -1.5560868978500366, -0.43309035897254944, -0.09988947212696075, -0.2396877110004425, -0.8907231092453003, -0.01650841534137726, -0.004319623112678528, -0.0002320735511602834, -0.00026294111739844084, -0.00034350217902101576, -0.028950737789273262, -0.317717045545578, -0.0037459221202880144, -0.04005318880081177, -0.01823553256690502, -0.28894123435020447, -0.13370060920715332, -0.038272857666015625, -0.006196572445333004, -0.0021714221220463514, -0.00044907975825481117, -0.0016857474111020565, -0.09875591099262238, -0.2207373082637787, -0.13464993238449097, -0.054471924901008606, -0.10279157012701035]",4.136979103088379,False,3.0,-12.587575292986003,-0.34020473764827036,37.0,-5.85976779460907,-0.7324709743261337,8.0,0.4321939489408028,1,24,48,7,0.5,-1.49013187694225,-1.0584568778079855,True,24,0.6486486486486487,57.0,0.05970149253731338,24.0,2.146705766500829
~/anvil/data/cve-targets/libxml2_repo_xmlregexp.c,4854,4774,4859,} else {,return;,"	return;
    }
    if",0.7634133696556091,"[[853, 280, 262, 456, 262, 421]]","[-0.1497536152601242, -0.04947936534881592, -0.0016092220321297646, -0.13999761641025543, -0.016648409888148308, -0.46234649419784546]",6.177952289581299,False,2.0,-0.8198347231373191,-0.13663912052288651,6.0,-0.2008422026410699,-0.06694740088035663,3.0,0.003810359673480692,1,4,6,4,0.6666666666666666,-11.403181596548077,-1.0058045234771702,True,3,0.5,7.0,0.1333333333333333,4.0,2.0866794070931984
~/anvil/data/cve-targets/libxml2_repo_HTMLparser.c,2500,2468,2509,c = CUR_CHAR(l);,c = CUR_CHAR(l);,"	c = CUR_CHAR(l);
    }
   ",0.8403477668762207,"[[1444, 284, 18548, 20891, 2333, 317, 262, 456, 262]]","[-1.1849887371063232, -0.0050546713173389435, -0.15748043358325958, -0.004190474282950163, -0.028433524072170258, -0.033197175711393356, -0.17400184273719788, -0.04783337563276291, -0.009481990709900856]",1.7875003814697266,True,2.0,-1.6446622251532972,-0.18274024723925525,9.0,-1.5873468588106334,-0.22676383697294764,7.0,0.15732511407695912,1,12,13,12,0.9230769230769231,-3.7058279578170663,-1.1224895599077638,False,6,0.6666666666666666,0.0,1.0,0.0,0.7324290173934688
~/anvil/data/cve-targets/libxml2_repo_xmlmemory.c,199,186,235,TEST_POINT,xmlMutexLock,    xmlMutexLock,0.9778203368186952,"[[262, 8396, 38099, 11989]]","[-0.5073025226593018, -1.0020720958709717, -0.06003563851118088, -0.007217050530016422]",5.080034732818604,False,0.0,-1.5766273075714707,-0.3941568268928677,4.0,-1.5766273075714707,-0.3941568268928677,4.0,0.16093057044612874,1,2,4,4,0.5,-2.4807900564017578,-1.0337941562316595,True,2,0.5,12.0,0.0,3.0,1.9796312236299403
~/anvil/data/cve-targets/libxml2_repo_HTMLparser.c,6620,6607,6631,htmlCtxtReset(ctxt);,if (ctxt->input != NULL),"    if (ctxt->input != NULL)
        xmlFree",1.5709973573684692,"[[262, 421, 320, 77492, 405, 1355, 961, 1770, 340, 286, 8396, 10940]]","[-0.11239118129014969, -0.9097639918327332, -0.10281770676374435, -1.0807634592056274, -0.02954951487481594, -1.6493191719055176, -1.3101261854171753, -0.02817811816930771, -0.5645065903663635, -0.0035532689653337, -0.15662676095962524, -0.3831198811531067]",5.309201717376709,False,1.0,-6.3307158309035,-0.5275596525752917,12.0,-5.790969188790768,-0.5790969188790769,10.0,0.34224228684842517,0,9,17,16,0.5294117647058824,-2.7128401242564966,-1.0278883029821735,True,7,0.5833333333333334,20.0,0.2727272727272727,13.0,2.150146900484692
~/anvil/data/cve-targets/libsndfile_repo_src_aiff.c,1425,1408,1432,{    size_t chanmap_size = psf->sf.channels * sizeof (psf->channel_map [0]) ;,"psf_log_printf (psf, ""  Channel : %s\n"", map_info->channel_map) ;","		psf_log_printf (psf, ""  Channel : %s\n"", map_info->channel_map) ;
	if (map_info->channel_decriptions != NULL)
		psf_log",1.5620211362838743,"[[197, 35009, 69, 5224, 21823, 320, 1690, 69, 11, 330, 220, 13434, 549, 1018, 82, 1699, 497, 2415, 3109, 405, 10119, 5376, 8, 4386, 743, 320, 2186, 3109, 405, 10119, 2259, 24685, 961, 1770, 340, 197, 35009, 69, 5224]]","[-0.018364986404776573, -0.8479255437850952, -0.0011183919850736856, -0.3024800419807434, -0.017965801060199738, -0.008474932983517647, -0.0004913791781291366, -8.22540732769994e-06, -0.020467504858970642, -0.014663073234260082, -0.06008211523294449, -1.182257890701294, -0.5545293092727661, -0.18766111135482788, -0.3406367003917694, -0.33236411213874817, -0.053284525871276855, -0.3427029252052307, -7.676783570786938e-05, -0.0005534547381103039, -0.3013034164905548, -0.365122526884079, -0.14702703058719635, -0.23484790325164795, -0.7353754043579102, -0.10720015317201614, -0.730887770652771, -0.00010978573118336499, -0.008668176829814911, -0.7882871031761169, -0.9796755313873291, -0.2786603271961212, -0.10248539596796036, -0.02437189407646656, -0.06462406367063522, -0.0018789985915645957, -0.05813490226864815, -4.684815212385729e-05, -0.0007862337515689433]",5.598784446716309,False,2.0,-9.215602259816478,-0.23629749384144816,39.0,-5.334409670834248,-0.22226706961809364,24.0,0.0840788090225703,1,33,36,20,0.9166666666666666,-7.027676834754644,-1.0204737070967982,True,25,0.6410256410256411,47.0,0.5070422535211268,28.0,2.4506927104263116
~/anvil/data/cve-targets/libtiff_repo_libtiff_tif_dirread.c,5769,5720,5775,"if ((nstrips64==0)||(nstrips64>0xFFFFFFFF)) /* something is wonky, do nothing. */",if (nstrips64 > td->td_rowsperstrip) {,        if (nstrips64 > td->td_rowsperstrip) {,2.045639753341675,"[[286, 421, 320, 77, 29872, 1690, 21, 19, 861, 17941, 405, 1296, 10949, 712, 13105, 8, 314, 151643]]","[-0.9069533348083496, -0.6989050507545471, -0.2152097374200821, -0.3714836835861206, -0.00010716341057559475, -7.1403817855753e-05, -0.00978152547031641, -1.8954096958623268e-05, -0.4093039035797119, -0.45342373847961426, -8.34430247778073e-05, -0.0020692383404821157, -0.6391465663909912, -0.031114691868424416, -0.0016255272785201669, -0.3370668888092041, -0.5695974826812744, -0.4131401479244232]",2.225867986679077,False,0.0,-5.059102481742229,-0.2810612489856794,18.0,-4.645962333817806,-0.2732919019892827,17.0,0.08508243132254174,1,25,16,16,1.5625,-7.485182467726013,-1.1102551454881864,True,29,1.6111111111111112,60.0,0.3529411764705882,18.0,2.065912090504733
~/anvil/data/cve-targets/php_repo_ext_phar_phar.c,173,159,201,},},"	}
	if",1.9705572128295896,"[[197, 532, 743]]","[-0.003984014969319105, -0.22434455156326294, -0.09047488868236542]",9.202951431274414,True,1.0,-0.31880345521494746,-0.10626781840498249,3.0,-0.22832856653258204,-0.11416428326629102,2.0,0.012139691521992716,0,2,3,2,0.6666666666666666,-17.26071549219309,-1.0723336301720117,False,1,0.3333333333333333,0.0,1.0,0.0,0.9434806468854758
~/anvil/data/cve-targets/poppler_repo_poppler_JPEG2000Stream.cc,215,202,276,if (oLen.isInt()) bufSize = oLen.getInt();,if (priv->image) {,"    if (priv->image) {
        priv->npixels = priv->image->comps[0",0.9464872479438782,"[[262, 421, 320, 11887, 405, 1805, 8, 341, 286, 6095, 405, 6199, 10274, 284, 6095, 405, 1805, 405, 874, 1690, 58, 15]]","[-0.045732785016298294, -0.8660429120063782, -0.11789195984601974, -1.4999428987503052, -0.021349845454096794, -1.2235771417617798, -0.7780174612998962, -0.04829613119363785, -0.0024894457310438156, -1.2392023801803589, -0.00020632999076042324, -1.012812852859497, -0.005022053606808186, -0.0036440177354961634, -0.014295312575995922, -9.894321920000948e-06, -0.0048507628962397575, -0.00010716341057559475, -0.2507174015045166, -0.00016056202002801, -0.0032561400439590216, -0.005642557982355356]",7.513193607330322,False,1.0,-7.143268010187967,-0.3246940004630894,22.0,-4.603340581059456,-0.511482286784384,9.0,0.30739650899785437,1,27,24,13,1.125,-1.8504790339745842,-1.0279775114844658,True,14,0.6363636363636364,34.0,0.30000000000000004,20.0,2.2827609870685315
~/anvil/data/cve-targets/libxml2_repo_HTMLparser.c,2808,2772,2812,"ret = xmlStrndup(q, CUR_PTR - q);",ret = (xmlChar *) malloc(len + 1);,"        ret = (xmlChar *) malloc(len + 1);
        if (ret == NULL) {
",1.1842105388641355,"[[286, 2112, 284, 320, 6455, 4768, 2586, 15731, 6901, 488, 220, 16, 317, 286, 421, 320, 2122, 621, 1770, 8, 341]]","[-0.04840812087059021, -0.7608197927474976, -0.0015486401971429586, -1.3192267417907715, -0.0435105599462986, -0.00041214076918549836, -0.17312675714492798, -1.641466498374939, -0.34119856357574463, -0.5033484101295471, -0.3392728567123413, -0.10469987988471985, -0.18129348754882812, -0.009960589930415154, -0.4436635971069336, -0.37185072898864746, -0.07072324305772781, -0.2751077711582184, -0.013181215152144432, -0.04486042261123657, -0.05114451050758362]",3.4585065841674805,False,2.0,-6.738824528205441,-0.320896406105021,21.0,-5.468293039622949,-0.3905923599730678,14.0,0.2457691037345036,1,17,35,22,0.4857142857142857,-3.0318323147585104,-1.0765633506067,True,13,0.6190476190476191,21.0,0.4477611940298507,13.0,2.007344163486501
~/anvil/data/cve-targets/sqlite3_repo_ext_misc_zipfile.c,1634,1592,1635,return a-aBuf;,return a - aBuf;,  return a - aBuf;,0.9069083333015442,"[[220, 470, 264, 481, 264, 15064, 26, 151643]]","[-0.04094874858856201, -0.7076601386070251, -1.3393478393554688, -0.7466713786125183, -0.06076093018054962, -0.000501983508002013, -0.3808683156967163, -0.11868850886821747]",5.79930591583252,False,0.0,-3.3954478434170596,-0.42443098042713245,8.0,-3.276759334548842,-0.4681084763641203,7.0,0.20981492160392837,0,8,8,8,1.0,-1.9373892571774356,-1.0153708360497349,True,5,0.625,2.0,0.9333333333333333,0.0,2.111363058260619
~/anvil/data/cve-targets/libxml2_repo_xmlstring.c,412,398,421,size = xmlStrlen(cur);,size = cur ? strlen(cur) : 0;,    size = cur ? strlen(cur) : 0;,0.7138727903366089,"[[262, 1379, 284, 2847, 937, 12420, 17591, 8, 549, 220, 15, 26]]","[-0.4712370038032532, -0.13144737482070923, -0.0022184066474437714, -1.039733648300171, -0.35225096344947815, -1.1676899194717407, -0.07133272290229797, -0.005701588466763496, -0.5271397829055786, -0.02370889112353325, -0.04526587948203087, -0.20774012804031372]",4.766666889190674,False,0.0,-4.045466309413314,-0.33712219245110947,12.0,-4.045466309413314,-0.33712219245110947,12.0,0.14774350106317394,1,12,17,17,0.7058823529411765,-2.1175490855296837,-1.041924909742559,True,7,0.5833333333333334,11.0,0.7058823529411764,6.0,2.0313789391714083
~/anvil/data/cve-targets/openssl_repo_ssl_t1_lib.c,1715,1599,1840,if (eticklen < 48) {,if (mlen < mlen + EVP_MAX_MD_SIZE) {,"    if (mlen < mlen + EVP_MAX_MD_SIZE) {
        ret =",1.1330877542495728,"[[262, 421, 320, 1014, 268, 366, 296, 2892, 488, 72758, 6806, 46497, 4098, 8, 341, 286, 2112, 284]]","[-0.04784519225358963, -0.0964469164609909, -0.08819011598825455, -0.7423493266105652, -4.887569048150908e-06, -0.7511608600616455, -0.801199197769165, -0.016575835645198822, -0.43895238637924194, -0.9706518650054932, -0.09807063639163971, -0.7371542453765869, -0.17058619856834412, -0.2448919117450714, -0.07143206149339676, -0.003675849176943302, -0.11980564147233963, -0.0008374521275982261]",8.21267318725586,False,1.0,-5.399830580095113,-0.2999905877830618,18.0,-5.279187486495175,-0.32994921790594844,16.0,0.11356694876210979,1,13,15,16,0.8666666666666667,-3.43412771650381,-1.0461118387141328,True,11,0.6111111111111112,23.0,0.4642857142857143,5.0,2.074505186794434
~/anvil/data/cve-targets/lua_repo_ldo.c,320,309,331,Proto *p = clLvalue(s2v(ci->func))->p;,lua_State *p = ci->func;  /* previous function */,      lua_State *p = ci->func;  /* previous function */,3.589076042175293,"[[414, 20357, 24773, 353, 79, 284, 11825, 405, 2830, 26, 220, 1391, 3681, 729, 639, 151643]]","[-0.00876094400882721, -1.7414624691009521, -1.859485149383545, -0.06706057488918304, -0.29213669896125793, -0.043113067746162415, -1.2784407138824463, -0.005445883143693209, -0.6950377225875854, -0.3946237564086914, -1.0035150051116943, -0.021099628880620003, -2.6751863956451416, -1.044209361076355, -0.7445698380470276, -0.2084224820137024]",7.309896469116211,False,0.0,-12.082569690886885,-0.7551606056804303,16.0,-11.874147208873183,-0.7916098139248788,15.0,0.6176382972081014,1,26,14,14,1.8571428571428572,-4.5338953345971085,-1.0227661437484037,True,16,1.0,36.0,0.367816091954023,15.0,2.594578820742999
~/anvil/data/cve-targets/libtiff_repo_libtiff_tif_dir.c,1330,1306,1374,td->td_sampleformat = SAMPLEFORMAT_UINT;,td->td_spatialresolution = 1;,"	td->td_spatialresolution = 1;
	td->td_spatial",0.7175233960151672,"[[76373, 405, 1296, 643, 32414, 55756, 284, 220, 16, 280, 76373, 405, 1296, 643, 32414]]","[-0.030917761847376823, -1.7762025890988298e-05, -0.000773488252889365, -2.6722161769866943, -1.0629167556762695, -0.1511732041835785, -0.5227905511856079, -0.3516950309276581, -0.7111262083053589, -1.090376615524292, -0.06107185035943985, -3.266281055402942e-05, -0.00103265349753201, -1.722712755203247, -0.0801004022359848]",5.5840277671813965,False,1.0,-8.458953879022374,-0.5639302586014916,15.0,-6.594003554915616,-0.6594003554915616,10.0,0.6037873885092243,0,10,16,10,0.625,-1.0881452975260786,-1.0208502466351796,True,10,0.6666666666666666,28.0,0.49275362318840576,2.0,2.091063789311908
~/anvil/data/cve-targets/php_repo_ext_exif_exif.c,945,873,977,"{ 0x0079, ""IntelligentDRange""},","{ 0x0078, ""ExposureCompensation""},","  { 0x0078, ""ExposureCompensation""},
  { 0x007",2.082854986190796,"[[220, 314, 220, 15, 87, 15, 15, 22, 23, 11, 330, 840, 12044, 13552, 41625, 7115, 220, 314, 220, 15, 87, 15, 15, 22]]","[-0.0015255491016432643, -0.006172403693199158, -2.0861407392658293e-05, -1.1324817933200393e-05, -0.00020323118951637298, -0.001404728856869042, -0.0024813597556203604, -0.23905077576637268, -1.287436842918396, -0.00010883215873036534, -0.0002215855201939121, -3.386580467224121, -0.07969716191291809, -1.036586046218872, -0.025372257456183434, -0.11828380078077316, -0.0006852186052128673, -0.0010021670022979379, -2.8490614567999728e-05, -6.198863957251888e-06, -0.00010585224663373083, -0.00022110878489911556, -0.00030894274823367596, -0.040751345455646515]",8.961112022399902,False,1.0,-6.228266553100184,-0.25951110637917435,24.0,-6.185842447383948,-0.3638730851402322,17.0,0.7075441641048029,0,10,14,10,0.7142857142857143,-5.724124897525986,-1.0658698764604195,True,15,0.625,19.0,0.5538461538461539,2.0,2.0724098984518267
~/anvil/data/cve-targets/php_repo_ext_standard_dns.c,417,391,729,CHECKCP(dlen);,"GETSHORT(n, cp);","	GETSHORT(n, cp);
",0.7704790830612183,"[[197, 3806, 87918, 1445, 11, 12490, 317]]","[-0.752888560295105, -0.10180655121803284, -0.5633310675621033, -0.9876387119293213, -0.006062215194106102, -0.005813239142298698, -0.48116034269332886]",2.314062118530273,False,1.0,-2.898700688034296,-0.4141000982906137,7.0,-2.898700688034296,-0.4141000982906137,7.0,0.12874449354704126,1,9,11,11,0.8181818181818182,-1.860610722484058,-1.1078098924736377,True,5,0.7142857142857143,13.0,0.33333333333333337,4.0,1.7474425549686565
~/anvil/data/cve-targets/libxml2_repo_HTMLparser.c,4240,4227,4303,return;,return;,"	return;
   ",0.9126540422439576,"[[853, 280, 262]]","[-0.5084320306777954, -0.3172554671764374, -0.0041427514515817165]",3.468055486679077,True,1.0,-0.8298302493058145,-0.2766100831019382,3.0,-0.8298302493058145,-0.2766100831019382,3.0,0.043210636480364134,0,4,4,4,1.0,-3.29942434494559,-1.0763063813180413,False,2,0.6666666666666666,0.0,1.0,0.0,0.8294895776836273
~/anvil/data/cve-targets/libxml2_repo_xmlstring.c,439,430,455,len = xmlStrlen(str2);,len = xmlStrlen(str2);,"        len = xmlStrlen(str2);
    }
    if",0.4321167469024658,"[[286, 2422, 284, 8396, 2580, 2892, 4199, 17, 317, 262, 456, 262, 421]]","[-0.017130974680185318, -0.671293318271637, -0.007364979945123196, -1.0946170091629028, -0.06388725340366364, -0.02790769375860691, -0.015474372543394566, -0.47423622012138367, -0.9507670402526855, -0.2857802212238312, -0.2652515172958374, -0.0012515101116150618, -0.11818689107894897]",4.824478626251221,True,2.0,-3.9931490018498152,-0.30716530783460116,13.0,-3.608459083363414,-0.3608459083363414,10.0,0.15626993023697874,1,12,14,12,0.8571428571428571,-1.1975104523000257,-1.0404201102199608,False,8,0.6153846153846154,0.0,1.0,0.0,1.0049373491694704
~/anvil/data/cve-targets/poppler_repo_splash_SplashXPathScanner.cc,283,203,293,"if (!addIntersection(segYMin, segYMax, y, x0, x1, count))","if (!addIntersection(segYMin, segYMax, y, x0, x1, count))","                if (!addIntersection(segYMin, segYMax, y, x0, x1, count))",0.1129033640027046,"[[394, 421, 1505, 718, 72927, 68915, 56, 6217, 11, 4810, 56, 5974, 11, 379, 11, 856, 15, 11, 856, 16, 11, 1760, 593, 151662]]","[-0.010191071778535843, -0.35290953516960144, -0.6574962139129639, -0.06521470844745636, -0.003483776468783617, -0.43143925070762634, -0.23393553495407104, -0.000949885172303766, -0.00054058717796579, -0.0003773453936446458, -0.0007813499541953206, -0.00015841660206206143, -0.0014728185487911105, -0.06680972129106522, -0.011827697977423668, -0.027714191004633904, -0.03334303945302963, -0.002747691236436367, -0.0063432310707867146, -0.0029425201937556267, -0.013152273371815681, -0.23183786869049072, -0.33182093501091003, -0.8951849937438965]",11.090277671813965,True,0.0,-3.3826746573322453,-0.14094477738884356,24.0,-2.4874896635883488,-0.10815172450384125,23.0,0.030592412868262715,0,26,26,26,1.0,-1.0439349397400925,-1.1241423534374597,False,22,0.9166666666666666,0.0,1.0,0.0,0.801706417270084
~/anvil/data/cve-targets/libtiff_repo_libtiff_tif_dirwrite.c,3257,3122,3530,else,else,"        else
",0.1824110001325607,"[[286, 770, 198]]","[-0.37326550483703613, -0.18254618346691132, -0.741654098033905]",9.719443321228027,True,1.0,-1.2974657863378525,-0.4324885954459508,3.0,-1.2974657863378525,-0.4324885954459508,3.0,0.05385396391921132,0,2,2,2,1.0,-0.4217706595117768,-1.0862697004692508,False,1,0.3333333333333333,0.0,1.0,0.0,0.6842948392956199
~/anvil/data/cve-targets/poppler_repo_poppler_GfxState.cc,2401,2386,2402,"alt->getGray(&color2, gray);",gray->c[0] = color2.c[0];,        gray->c[0] = color2.c[0];,0.966417908668518,"[[286, 17545, 405, 66, 58, 15, 60, 284, 1894, 17, 520, 58, 15, 5265, 151643]]","[-0.3713274598121643, -1.2762627601623535, -0.03396350517868996, -0.27082476019859314, -0.07796668261289597, -0.017453297972679138, -0.009738318622112274, -0.005859934259206057, -0.5548434257507324, -0.01602695696055889, -0.12677589058876038, -0.002820919966325164, -0.007800829131156206, -0.4179733097553253, -0.60936439037323]",5.641667366027832,False,0.0,-3.7990024413447827,-0.2532668294229855,15.0,-3.1896380509715527,-0.2278312893551109,14.0,0.11571387471725426,1,16,23,23,0.6956521739130435,-4.241813806189736,-1.0193802710321331,True,10,0.6666666666666666,20.0,0.41509433962264153,19.0,2.1934941972618214
~/anvil/data/cve-targets/lua_repo_ldo.c,329,309,331,if (isLua(ci->previous)),else if (L->hookmask & LUA_MASKCALL),  else if (L->hookmask & LUA_MASKCALL),1.9754369258880613,"[[220, 770, 421, 320, 43, 405, 20873, 11258, 609, 70505, 11720, 25427, 8]]","[-0.3875533938407898, -1.3365674018859863, -1.2444610595703125, -0.09561272710561752, -0.6031122207641602, -0.007247230038046837, -0.26432961225509644, -0.06285294890403748, -0.01275205984711647, -0.08179139345884323, -0.03453453257679939, -0.741736650466919, -0.09741441160440445]",3.1277778148651123,False,0.0,-4.9699656423181295,-0.3823050494090869,13.0,-4.9699656423181295,-0.3823050494090869,13.0,0.19997827940870572,1,17,16,16,1.0625,-5.167174561103528,-1.0855015128294094,True,8,0.6153846153846154,30.0,0.33333333333333337,13.0,2.06326319577779
~/anvil/data/cve-targets/openssl_repo_crypto_x509_x509_vfy.c,45,-110,195,static int check_name_constraints(X509_STORE_CTX *ctx);,static int check_revocation(X509_STORE_CTX *ctx);,"static int check_revocation(X509_STORE_CTX *ctx);
static int check_cert(X50",1.023648977279663,"[[1978, 526, 1779, 38082, 2276, 7644, 20, 15, 24, 40415, 44233, 353, 3773, 317, 1978, 526, 1779, 37097, 7644, 20, 15]]","[-0.061608217656612396, -0.06837436556816101, -0.44426319003105164, -2.2237191200256348, -0.4937117099761963, -0.06783359497785568, -0.00010656742961145937, -9.417489309271332e-06, -5.185469490243122e-05, -0.01875898241996765, -3.9457496313843876e-05, -0.00031716562807559967, -0.0010525407269597054, -0.19734928011894226, -0.020291481167078018, -0.03001895546913147, -0.10827316343784332, -0.6809622049331665, -0.02410125359892845, -2.9682672902708873e-05, -3.933898824470816e-06]",3.743055105209351,False,1.0,-4.440876139417469,-0.2114702923532128,21.0,-3.577195464239594,-0.25551396173139956,14.0,0.3231711613761168,0,16,22,16,0.7272727272727273,-4.006235003141392,-1.068932163096394,True,14,0.6666666666666666,12.0,0.8461538461538461,1.0,2.007266315904885
~/anvil/data/cve-targets/poppler_repo_poppler_JBIG2Stream.cc,3121,2740,3214,buf0 <<= 1;,buf0 <<= 1;,"                            buf0 <<= 1;
                            buf1",0.3654989302158355,"[[999, 6607, 15, 51178, 220, 16, 280, 999, 6607, 16]]","[-0.0012391278287395835, -0.013333911076188087, -0.007472895085811615, -0.0026820660568773746, -0.0002184867626056075, -0.00019870213873218745, -0.20180808007717133, -0.0014706759247928858, -0.0005401106318458915, -0.0005903884884901345]",13.431467056274414,True,1.0,-0.2295544440712547,-0.02295544440712547,10.0,-0.22842394495091867,-0.028552993118864833,8.0,0.00430611627805103,0,7,10,7,0.7,-12.80072210623523,-1.191901733647097,False,6,0.6,0.0,1.0,0.0,0.35112448188801276
~/anvil/data/cve-targets/libpng_repo_pngrutil.c,312,278,370,*/,*/,"    */
  ",5.101330280303955,"[[262, 735, 256]]","[-0.05590053275227547, -0.3682573437690735, -0.3291511535644531]",6.365451335906982,True,1.0,-0.7533090300858021,-0.2511030100286007,3.0,-0.7533090300858021,-0.2511030100286007,3.0,0.01930688591946046,0,3,3,3,1.0,-20.315687493044837,-1.0011008714944354,False,1,0.3333333333333333,0.0,1.0,0.0,1.5908484032267425
~/anvil/data/cve-targets/libtiff_repo_libtiff_tif_luv.c,1444,1428,1453,*/,* for,             * for,5.069183826446533,"[[1797, 353, 369]]","[-0.7868948578834534, -0.14401836693286896, -1.2728992700576782]",1.9749995470047,False,0.0,-2.2038124948740005,-0.7346041649580002,3.0,-2.2038124948740005,-0.7346041649580002,3.0,0.2137625071899595,1,3,3,3,1.0,-6.9005650502081695,-1.1172402261955143,True,1,0.3333333333333333,4.0,0.2857142857142857,3.0,2.135308606163649
~/anvil/data/cve-targets/libxml2_repo_HTMLparser.c,2461,2438,2471,in++;,) {,"	) {
	   ",1.6988987922668457,"[[197, 8, 341, 2760]]","[-0.853653073310852, -1.1821424961090088, -0.4123786687850952, -0.013799031265079975]",3.9078118801116943,False,1.0,-2.461973269470036,-0.615493317367509,4.0,-2.461973269470036,-0.615493317367509,4.0,0.1952757338791195,1,6,3,3,2.0,-2.7602229696548255,-1.0645383727478592,True,2,0.5,5.0,0.0,5.0,1.9881248707499193
~/anvil/data/cve-targets/openssl_repo_crypto_x509_v3_addr.c,1020,865,1170,},},"}
",5.944208145141602,[[532]],[-0.569208025932312],6.2814226150512695,True,1.0,-0.569208025932312,-0.569208025932312,1.0,-0.569208025932312,-0.569208025932312,1.0,0.0,0,2,2,2,1.0,-10.442945064601853,-1.0032061126211977,False,1,1.0,0.0,1.0,0.0,1.6679086886479315
~/anvil/data/cve-targets/libsndfile_repo_src_common.c,1453,1438,1462,#if CPU_CLIPS_NEGATIVE == 0,if (scaled_value <= (0.0 * 0,		if (scaled_value <= (0.0 * 0,0.3404572904109955,"[[197, 743, 320, 73947, 3142, 2651, 320, 15, 13, 15, 353, 220, 15]]","[-0.3202185332775116, -0.19976593554019928, -0.01507579255849123, -0.03674689307808876, -1.8000440832111053e-05, -0.6709981560707092, -0.7678195834159851, -0.7466482520103455, -0.35378146171569824, -0.04353213310241699, -0.03019130975008011, -0.025910688564181328, -0.0041108159348368645]",4.72378396987915,False,0.0,-3.2148175554593763,-0.24729365811225973,13.0,-3.2148175554593763,-0.24729365811225973,13.0,0.0826880889228728,0,6,10,10,0.6,-1.3767328002258912,-1.0430425282656561,True,9,0.6923076923076923,24.0,0.2909090909090909,7.0,1.9160462393323432
~/anvil/data/cve-targets/libxml2_repo_xmlregexp.c,2138,2132,2323,if ((type1 == XML_REGEXP_EPSILON) ||,if ((type1 == XML_REGEXP_EPSILON) ||,    if ((type1 == XML_REGEXP_EPSILON) ||,0.1558560729026794,"[[262, 421, 1781, 1313, 16, 621, 11874, 8064, 32337, 77292, 55016, 8, 1369, 151643]]","[-0.15831170976161957, -0.34952691197395325, -0.25569796562194824, -0.001589822000823915, -0.0013486584648489952, -0.019598528742790222, -0.018542638048529625, -0.0008176797418855131, -0.0002455409849062562, -0.9297634959220886, -7.271740287251305e-06, -0.0012376990634948015, -0.23665685951709747, -0.7083043456077576]",3.3751742839813232,True,0.0,-2.6816491271920313,-0.19154636622800222,14.0,-1.9733447815842737,-0.1517957524295595,13.0,0.06417453229675713,0,11,11,11,1.0,-1.026748577665268,-1.0788085009715285,False,12,0.8571428571428571,0.0,1.0,0.0,0.8125524669859436
~/anvil/data/cve-targets/openssl_repo_crypto_asn1_tasn_dec.c,816,760,890,case V_ASN1_NEG_ENUMERATED:,if (!ossl_c2i_ASN1_NEG_INTEGER((ASN1,        if (!ossl_c2i_ASN1_NEG_INTEGER((ASN1,0.869892418384552,"[[286, 421, 1505, 436, 3226, 666, 17, 72, 1566, 18966, 16, 62368, 25757, 1188, 68134, 16]]","[-0.018621856346726418, -0.10255242884159088, -0.41568055748939514, -0.02108258754014969, -0.0004904259694740176, -0.001149470335803926, -6.317892984952778e-05, -0.00014935807848814875, -0.006302718538790941, -0.00018869050836656243, -5.221230458118953e-05, -0.06170516833662987, -0.0020409247372299433, -0.09576135873794556, -0.001991433557122946, -2.372236667724792e-05]",8.116145133972168,False,0.0,-0.727856092618822,-0.045491005788676375,16.0,-0.727856092618822,-0.045491005788676375,16.0,0.010250932369111782,1,5,8,8,0.625,-19.1222946888786,-1.0435904038200927,True,10,0.625,22.0,0.47619047619047616,8.0,1.9632373716136913
~/anvil/data/cve-targets/libxml2_repo_parser.c,6689,6634,7035,},/*,"    /*
    ",4.170504093170166,"[[262, 9049, 257]]","[-0.35636648535728455, -0.9235320091247559, -0.0012297218199819326]",3.1034722328186035,False,1.0,-1.2811282163020223,-0.4270427387673408,3.0,-1.2811282163020223,-0.4270427387673408,3.0,0.14427115125931086,0,2,3,3,0.6666666666666666,-9.766011020836766,-1.086161306919643,True,1,0.3333333333333333,2.0,0.0,2.0,2.1418505768836935
~/anvil/data/cve-targets/libtiff_repo_libtiff_tif_pixarlog.c,877,866,919,: LogK1*log(v*LogK2) + 0.5 ),: (v>(float)255.2) ? 255			\,"		  : (v>(float)255.2) ? 255			\
		  : (v>(float",3.7819674015045166,"[[7847, 549, 320, 85, 2235, 3649, 8, 17, 20, 20, 13, 17, 8, 937, 220, 17, 20, 20, 298, 197, 5661, 7847, 549, 320, 85, 2235, 3649]]","[-0.40916013717651367, -0.0034696399234235287, -0.39826586842536926, -0.04746147245168686, -0.6728197336196899, -0.07038842886686325, -0.007195273879915476, -0.5693225860595703, -0.8816021084785461, -0.2794172465801239, -0.540363073348999, -0.8855329751968384, -0.19668009877204895, -0.020857054740190506, -0.17860351502895355, -0.3216805160045624, -0.5693820118904114, -0.04697899520397186, -1.4017597436904907, -0.0020744726061820984, -0.017785003408789635, -0.009743276983499527, -0.003871684893965721, -0.33859342336654663, -0.054908934980630875, -0.5840262174606323, -0.02154586836695671]",1.2605899572372437,False,1.0,-8.533489361405373,-0.3160551615335323,27.0,-7.53054323233664,-0.3422974196516655,22.0,0.13318769921000392,0,18,22,16,0.8181818181818182,-11.048775668111043,-1.1373736633028555,True,17,0.6296296296296297,21.0,0.3571428571428571,17.0,2.0798846277238328
~/anvil/data/cve-targets/openssl_repo_ssl_statem_statem_dtls.c,599,560,646,"frag_len, 0, &readbytes);","sizeof(devnull), 0, &readbytes);","                                          sizeof(devnull), 0, &readbytes);
            if (i",0.6322932839393616,"[[10503, 3935, 17622, 2921, 701, 220, 15, 11, 609, 878, 9651, 317, 310, 421, 320, 72]]","[-1.1551810503005981, -0.48292577266693115, -0.04265841841697693, -2.3483953555114567e-05, -1.136995792388916, -0.6744425892829895, -0.06100164353847504, -0.8918578624725342, -0.5915271639823914, -0.029870059341192245, -4.8874615458771586e-05, -0.7088503241539001, -0.014411412179470062, -0.053498003631830215, -0.0049047390930354595, -0.0461612232029438]",1.1112844944000244,False,1.0,-5.894358413221198,-0.3683974008263249,16.0,-5.789794447293389,-0.44536880363795295,13.0,0.18393257236356894,0,11,19,16,0.5789473684210527,-1.4197071702699733,-1.141626998973123,True,10,0.625,13.0,0.7017543859649122,6.0,1.6227605407806767
~/anvil/data/cve-targets/php_repo_ext_phar_phar.c,1300,1190,1319,"mydata->alias = alias ? estrndup(alias, alias_len) : estrndup(mydata->fname, fname_len);","if (NULL == zend_hash_str_add_ptr(&(PHAR_G(phar_alias_map)), alias, alias_len, mydata)) {","		if (NULL == zend_hash_str_add_ptr(&(PHAR_G(phar_alias_map)), alias, alias_len, mydata)) {
			if (options & REPORT_ERRORS) {
				if (error)",0.9023476839065552,"[[197, 743, 320, 4576, 621, 78568, 8950, 2895, 2891, 4348, 29089, 10842, 934, 2646, 57807, 277, 35947, 5376, 5731, 15534, 11, 15534, 6043, 11, 847, 691, 593, 341, 298, 743, 320, 2875, 609, 44076, 66241, 8, 341, 571, 743, 320, 841, 8]]","[-0.04590996727347374, -0.9494872689247131, -0.16951777040958405, -0.8141489028930664, -0.22747081518173218, -0.258451372385025, -0.0020042823161929846, -0.04227715730667114, -0.004280571360141039, -0.13909080624580383, -0.03225759416818619, -0.006704691797494888, -2.4437606043647975e-05, -0.0001072826053132303, -0.007542584091424942, -5.686121585313231e-05, -0.48489969968795776, -0.006657799240201712, -0.004219439346343279, -0.28629443049430847, -0.022122159600257874, -0.02630462683737278, -0.0003399271226953715, -0.010709431953728199, -0.04057084023952484, -6.556489552167477e-06, -0.022571438923478127, -0.0032769334502518177, -0.003580352058634162, -0.08296079933643341, -0.005780290346592665, -0.15368051826953888, -0.00030357998912222683, -0.0019359909929335117, -0.00012790338951162994, -0.0027550619561225176, -0.0006199345225468278, -0.0008218486327677965, -0.017012612894177437, -0.0021742768585681915, -0.0011210116790607572, -0.0013059191405773163]",7.778646469116211,False,2.0,-3.8814857492329793,-0.09241632736268998,42.0,-3.610886001225026,-0.12451331038706986,29.0,0.05541631332465657,0,32,46,35,0.6956521739130435,-7.24699777960654,-1.0348221874061077,True,27,0.6428571428571429,79.0,0.4067796610169492,35.0,2.307889596686224
~/anvil/data/cve-targets/libtiff_repo_libtiff_tif_ojpeg.c,1299,1215,1349,if (OJPEGReadHeaderInfoSecStreamDqt(tif)==0),if (OJPEGReadHeaderInfoSecStreamDqt(tif)==0),				if (OJPEGReadHeaderInfoSecStreamDqt(tif)==0),0.0770322754979133,"[[571, 743, 320, 46, 73603, 4418, 4047, 1731, 8430, 3027, 35, 23044, 1155, 333, 15348, 15, 8, 151664]]","[-0.05793805047869682, -0.09981967508792877, -0.010420556180179119, -0.05164366215467453, -4.5060096454108134e-05, -0.0014319891342893243, -0.033442422747612, -0.0005472592893056571, -0.0005457103834487498, -0.030661487951874733, -0.02716083638370037, -0.3270518183708191, -0.00782436691224575, -0.00010966652916977182, -0.07749483734369278, -0.00034707720624282956, -0.5762468576431274, -0.7744353413581848]",9.539061546325684,True,0.0,-2.0771666752516467,-0.11539814862509148,18.0,-1.3027313338934619,-0.07663125493490952,17.0,0.021420913141007854,0,17,17,17,1.0,-1.0052331201328284,-1.0813821476553287,False,16,0.8888888888888888,0.0,1.0,0.0,0.8616860284505702
~/anvil/data/cve-targets/php_repo_ext_phar_util.c,1418,1252,1478,PHP_SHA1_CTX  context;,PHP_SHA1_CTX   context;,			PHP_SHA1_CTX   context;,0.0439441464841365,"[[298, 10025, 6610, 38096, 16, 44233, 256, 2266, 26, 151643]]","[-0.03644406422972679, -0.017028551548719406, -0.0002874914789572358, -0.18465368449687958, -0.008071069605648518, -0.0021339519880712032, -0.384164035320282, -0.0002411313180346042, -0.0799245536327362, -0.656285285949707]",9.066144943237305,False,0.0,-1.3692338195687626,-0.13692338195687626,10.0,-0.7129485336190555,-0.07921650373545061,9.0,0.014808623491707517,1,5,5,5,1.0,-0.5547347384945344,-1.0686723398956162,True,7,0.7,1.0,0.9777777777777777,0.0,1.770978808121324
~/anvil/data/cve-targets/libpng_repo_pngrutil.c,2655,2647,3067,png_uint_32 row_width = png_ptr->width;,png_bytep end_ptr = 0;,"   png_bytep end_ptr = 0;
   png_byte end_byte = 0;
   unsigned",0.6116946339607239,"[[256, 36151, 19737, 79, 835, 4348, 284, 220, 15, 280, 256, 36151, 19737, 835, 19737, 284, 220, 15, 280, 256, 3774]]","[-0.058719612658023834, -0.5155006647109985, -0.7702856063842773, -0.13471953570842743, -1.18782639503479, -0.08483479171991348, -0.14958344399929047, -0.2294246107339859, -0.0004135706985834986, -0.4542330503463745, -0.012848568148911, -0.0937504842877388, -0.11460565030574799, -0.04840119183063507, -0.013795856386423111, -0.01862758956849575, -0.0040551344864070415, -0.0015572099946439266, -0.029096877202391624, -0.0099160922691226, -0.21653838455677032]",4.274479389190674,False,2.0,-4.148734321031952,-0.19755877719199771,21.0,-3.598389850143576,-0.32712635001305235,11.0,0.12756202958716395,1,11,18,8,0.6111111111111112,-1.86990327723926,-1.054824671164655,True,13,0.6190476190476191,27.0,0.39344262295081966,6.0,1.9581149888621259
~/anvil/data/cve-targets/openssl_repo_crypto_pkcs7_pk7_doit.c,519,307,546,if (PKCS7_is_detached(p7) || (in_bio != NULL)) {,if (out == NULL),"    if (out == NULL)
        out = BIO_new(BIO_s_mem());
    if (out == NULL)
        goto err;
    if",1.0454307794570925,"[[262, 421, 320, 411, 621, 1770, 340, 286, 700, 284, 72066, 5921, 5349, 3810, 643, 12976, 1423, 262, 421, 320, 411, 621, 1770, 340, 286, 7986, 1848, 280, 262, 421]]","[-0.11828242242336273, -1.020632028579712, -0.12717507779598236, -1.3170629739761353, -0.14443673193454742, -0.004457656294107437, -0.49305087327957153, -0.003419506596401334, -0.1569604128599167, -0.0005411829333752394, -0.4489515423774719, -0.010442381724715233, -0.1892063170671463, -0.0010334871476516128, -0.023829955607652664, -0.08535068482160568, -0.00843769870698452, -0.0011840007500723004, -0.2541011571884155, -0.011740044690668583, -0.1092381626367569, -0.008260371163487434, -0.0008085080771706998, -0.2851148843765259, -0.003529155161231756, -0.019341208040714264, -0.00025650550378486514, -0.037042852491140366, -0.011072265915572643, -1.0853973627090454]",4.716145992279053,False,4.0,-5.9803574128309265,-0.19934524709436421,30.0,-3.22851727087982,-0.4035646588599775,8.0,0.22094825911260907,1,25,41,13,0.6097560975609756,-2.5904914033114568,-1.0432417156690834,True,19,0.6333333333333333,35.0,0.40625,16.0,2.2119877486755795
~/anvil/data/cve-targets/php_repo_ext_exif_exif.c,1807,1770,1852,typedef struct {,typedef struct {,"typedef struct {
	int",1.6188856363296509,"[[5286, 2036, 341, 2084]]","[-0.5594157576560974, -0.0036073154769837856, -0.04260987043380737, -1.0962361097335815]",3.673784017562866,True,1.0,-1.7018690533004701,-0.42546726332511753,4.0,-0.6056329435668886,-0.20187764785562953,3.0,0.06417028319537238,0,4,5,4,0.8,-8.019142552559252,-1.0707849192527272,False,3,0.75,0.0,1.0,0.0,0.9319231247391105
~/anvil/data/cve-targets/libsndfile_repo_src_file_io.c,292,268,299,break ;,{	if,		{	if,0.4641509652137756,"[[197, 197, 90, 743]]","[-0.08723998069763184, -0.027548018842935562, -0.02013271674513817, -1.2544291019439697]",7.9715704917907715,False,0.0,-1.3893498182296753,-0.3473374545574188,4.0,-1.3893498182296753,-0.3473374545574188,4.0,0.2749485440770201,0,4,3,3,1.3333333333333333,-1.3363112993535402,-1.039825294430308,True,2,0.5,7.0,0.0,3.0,1.9200143782136945
~/anvil/data/cve-targets/libtiff_repo_libtiff_tif_next.c,123,39,140,break;,goto bad;,"					goto bad;
",1.135094404220581,"[[464, 11701, 3873, 280]]","[-0.6204507350921631, -0.7579792141914368, -0.649213433265686, -0.2944214642047882]",6.619141101837158,False,1.0,-2.322064846754074,-0.5805162116885185,4.0,-2.322064846754074,-0.5805162116885185,4.0,0.029914349051757216,1,4,5,5,0.8,-1.9553190442674953,-1.0052557413743464,True,2,0.5,7.0,0.4,3.0,2.131418345285929
~/anvil/data/cve-targets/libpng_repo_pngset.c,683,602,757,else,else,"         else
",0.0618769638240337,"[[260, 770, 198]]","[-0.08492108434438705, -0.06974568963050842, -0.32820186018943787]",4.5293402671813965,True,1.0,-0.48286863416433334,-0.16095621138811111,3.0,-0.48286863416433334,-0.16095621138811111,3.0,0.014023935622275366,0,2,2,2,1.0,-0.38443352568004213,-1.04812519820315,False,1,0.3333333333333333,0.0,1.0,0.0,0.8188847267244994
~/anvil/data/cve-targets/libxml2_repo_HTMLparser.c,323,168,473,*,*," *
",1.4122055768966677,[[1213]],[-0.5372052192687988],4.495832443237305,True,1.0,-0.5372052192687988,-0.5372052192687988,1.0,-0.5372052192687988,-0.5372052192687988,1.0,0.0,0,2,2,2,1.0,-2.628800924195878,-1.0490035759236787,False,1,1.0,0.0,1.0,0.0,0.970248312976093
~/anvil/data/cve-targets/poppler_repo_poppler_FileSpec.cc,176,166,198,"Object fileName = fileSpec->dictLookup(""UF"");","Object fileName = fileSpec->dictLookup(""F"");","        Object fileName = fileSpec->dictLookup(""F"");",1.064167618751526,"[[286, 3002, 12665, 284, 1034, 8327, 405, 8477, 34247, 445, 37, 5038, 151662]]","[-0.013226626440882683, -0.7196613550186157, -0.21508707106113434, -0.3440377712249756, -0.09108616411685944, -0.00010513706365600228, -0.005388497840613127, -0.12823715806007385, -0.007787581533193588, -0.02162974886596203, -1.3710269927978516, -0.5751253962516785, -0.673520028591156]",6.579165935516357,False,0.0,-4.165919528866652,-0.32045534837435785,13.0,-3.4923995002754964,-0.2910332916896247,12.0,0.158507546423392,0,19,19,19,1.0,-3.6565150762422673,-1.0042516115747073,True,11,0.8461538461538461,1.0,0.9887640449438202,1.0,2.2976496239073807
~/anvil/data/cve-targets/lua_repo_ldo.c,446,291,596,"** to be executed, if it was a Lua function. Otherwise (a C function)","** structure, which is used to call the function. If 'func' is NULL, the","** structure, which is used to call the function. If 'func' is NULL, the
** function to be called is the",2.0069785118103027,"[[334, 5944, 11, 892, 374, 1483, 311, 1618, 279, 729, 13, 1416, 364, 2830, 6, 374, 1770, 11, 279, 198, 334, 729, 311, 387, 2598, 374, 279]]","[-0.8387870788574219, -1.848711609840393, -1.4402387142181396, -1.6890013217926025, -1.6231350898742676, -1.7309348583221436, -0.8632276654243469, -1.8145537376403809, -0.3469218909740448, -0.2784070670604706, -0.8815550208091736, -1.3618953227996826, -1.1034916639328003, -0.7428926825523376, -0.00822395645081997, -0.28589487075805664, -0.9596813917160034, -0.31468456983566284, -1.4528312683105469, -0.011713064275681973, -0.007068507838994265, -1.3669015169143677, -0.9216248989105225, -0.07023163884878159, -0.023958107456564903, -0.14979609847068787, -1.0954382419586182]",1.6682294607162476,False,1.0,-23.231801855843514,-0.860437105771982,27.0,-19.596782845444977,-0.9798391422722489,20.0,0.36635538692836195,0,24,36,27,0.6666666666666666,-2.0482734616583245,-1.125841563965505,True,18,0.6666666666666666,50.0,0.4822695035460993,29.0,1.9894759651877914
~/anvil/data/cve-targets/libtiff_repo_libtiff_tif_predict.c,364,353,388,uint8_t *tmp;,uint8_t *tmp;,	uint8_t *tmp;,0.4944697320461273,"[[8254, 23, 528, 353, 5173, 26, 151643]]","[-0.9420280456542969, -0.6548693180084229, -0.00016425691137555987, -0.12379469722509384, -0.2608235776424408, -0.9776891469955444, -0.1758800894021988]",1.3361107110977173,True,0.0,-3.135249131839373,-0.44789273311991046,7.0,-2.9593690424371744,-0.49322817373952904,6.0,0.14930943918232462,1,7,7,7,1.0,-1.0025172088147056,-1.135228306265554,False,6,0.8571428571428571,0.0,1.0,0.0,0.5864029431765928
~/anvil/data/cve-targets/libsndfile_repo_src_aiff.c,1461,1448,1466,pos = psf_ftell (psf) ;,pos = psf->rchunks.chunks [indx].offset ;,	pos = psf->rchunks.chunks [indx].offset ;,0.8340866565704346,"[[28164, 284, 4726, 69, 405, 49066, 15296, 5329, 15296, 508, 86707, 936, 3176, 2587, 151643]]","[-0.8325811624526978, -0.007120352238416672, -0.3973061442375183, -0.00024625606602057815, -0.8411046266555786, -0.08329176157712936, -7.915183232398704e-05, -0.0068922401405870914, -5.364403477869928e-06, -0.005320792552083731, -0.0004904259694740176, -0.0010762381134554744, -0.08958949148654938, -0.4988027811050415, -0.5825785994529724]",2.777083396911621,False,0.0,-3.3464853882833268,-0.2230990258855551,15.0,-2.7639067888303543,-0.19742191348788246,14.0,0.09119576987738577,0,12,21,21,0.5714285714285714,-4.224893993956907,-1.095060337461192,True,11,0.7333333333333333,28.0,0.40625,15.0,1.838428238832188
~/anvil/data/cve-targets/sqlite3_repo_src_select.c,3867,3780,4171,|| IsVirtual(pSubSrc->a[0].pTab)     /* (3c) */,|| (p->selFlags & SF_Aggregate)!=0 ){ /* (3c) */,"     || (p->selFlags & SF_Aggregate)!=0 ){ /* (3c) */
      return 0;
    }
    if( p->",1.1360855102539062,"[[257, 1369, 320, 79, 405, 9507, 9195, 609, 23463, 1566, 70, 14240, 35200, 15, 40023, 1391, 320, 18, 66, 8, 735, 414, 470, 220, 15, 280, 262, 456, 262, 421, 7, 281, 405]]","[-0.8855940103530884, -0.06278141587972641, -0.9375268220901489, -0.22278499603271484, -0.6048361659049988, -0.08804789185523987, -0.003344777040183544, -0.014488374814391136, -0.20277298986911774, -1.2543882131576538, -0.06652389466762543, -0.0014854359906166792, -0.2110089212656021, -0.0047442251816391945, -1.8248870372772217, -1.255386233329773, -0.15545789897441864, -0.42882147431373596, -0.30817657709121704, -0.03786960244178772, -0.25534775853157043, -0.052022840827703476, -0.38299551606178284, -0.0015806573210284114, -0.010180569253861904, -0.6345633268356323, -0.005014580674469471, -0.051914531737565994, -0.5395925641059875, -0.9602030515670776, -0.003612422849982977, -0.7472528219223022, -0.7808035612106323]",3.28125,False,3.0,-12.996011160430498,-0.3938185200130454,33.0,-8.878297556890175,-0.4035589798586443,22.0,0.24772051012660629,1,20,28,18,0.7142857142857143,-2.815165978097789,-1.0813446352638945,True,21,0.6363636363636364,31.0,0.4631578947368421,17.0,2.017316555369484
~/anvil/data/cve-targets/php_repo_ext_phar_phar.c,1074,632,1125,if (mydata->ext) {,if (mydata->ext) {,"		if (mydata->ext) {
			mydata->",0.4161016345024109,"[[197, 743, 320, 2408, 691, 405, 427, 8, 341, 298, 13624, 691, 405]]","[-0.005523182917386293, -0.4181582033634186, -0.0966435894370079, -0.7381750345230103, -0.00014447122521232814, -0.0003475538978818804, -0.06502237170934677, -0.7737763524055481, -0.28658661246299744, -0.002729264320805669, -0.3051903545856476, -3.266281055402942e-05, -4.60137271147687e-05]",9.097223281860352,True,1.0,-2.6923756673859316,-0.20710582056814858,13.0,-2.387106636262615,-0.23871066362626153,10.0,0.0844398573630215,0,13,12,13,1.0833333333333333,-1.7431212673175018,-1.0695029765603339,False,8,0.6153846153846154,0.0,1.0,0.0,0.9013146453557952
~/anvil/data/cve-targets/php_repo_ext_phar_phar.c,1513,1391,1530,},},			},0.3933292925357818,"[[298, 197, 92, 151662]]","[-0.34338879585266113, -0.0005882440018467605, -0.4354690611362457, -1.1982866525650024]",6.858506202697754,True,0.0,-1.977732753555756,-0.494433188388939,4.0,-0.7794461009907536,-0.2598153669969179,3.0,0.03501247985726675,0,2,2,2,1.0,-1.5138800182686953,-1.0112893548735749,False,1,0.25,0.0,1.0,0.0,1.0001919156325623
~/anvil/data/cve-targets/sqlite3_repo_src_vdbe.c,2055,1933,2062,pIn3->flags = flags3;,if( (flags1 & MEM_Null)!=0 ){,"  if( (flags1 & MEM_Null)!=0 ){
    flags1",0.5854121446609497,"[[220, 421, 7, 320, 11161, 16, 609, 24478, 55534, 35200, 15, 10959, 262, 8042, 16]]","[-0.02520441822707653, -1.0253676176071167, -0.011438031680881977, -0.8766306638717651, -0.5101072192192078, -0.12173307687044144, -0.6786118149757385, -0.5187200307846069, -1.0436863899230957, -0.5238767862319946, -0.007453963626176119, -0.45176810026168823, -0.005483466666191816, -1.2669693231582642, -0.053989656269550323]",7.677257061004639,False,1.0,-7.121040559373796,-0.4747360372915864,15.0,-5.8000815799459815,-0.4461601215343063,13.0,0.1388755428961956,1,10,17,19,0.5882352941176471,-1.312112213542904,-1.0322025086776023,True,9,0.6,22.0,0.31999999999999995,18.0,2.0317531473357455
~/anvil/data/cve-targets/poppler_repo_poppler_FileSpec.cc,132,126,139,if (!ok || !fileSpec.isDict()),if (!fileSpec),    if (!fileSpec),2.213975191116333,"[[262, 421, 1505, 1192, 8327, 8, 151643]]","[-0.024319889023900032, -0.08174591511487961, -0.5362676382064819, -0.6259446144104004, -0.7181359529495239, -0.9898364543914795, -0.8369327783584595]",5.3619794845581055,False,0.0,-3.813183242455125,-0.544740463207875,7.0,-2.9762504640966654,-0.4960417440161109,6.0,0.117635745709799,0,23,11,11,2.090909090909091,-4.463284023621257,-1.0265329560925047,True,10,1.4285714285714286,16.0,0.6363636363636364,12.0,2.388212108496315
~/anvil/data/cve-targets/libxml2_repo_valid.c,1217,1186,1278,},},"        }
	   ",2.022744655609131,"[[286, 456, 2760]]","[-0.7740535736083984, -0.13210390508174896, -0.6641637682914734]",8.528646469116211,True,1.0,-1.5703212469816208,-0.5234404156605402,3.0,-1.5703212469816208,-0.5234404156605402,3.0,0.0785847604747575,1,2,2,2,1.0,-3.8643264736380507,-1.0544081479964293,False,1,0.3333333333333333,0.0,1.0,0.0,1.0192039993419586
~/anvil/data/cve-targets/libxml2_repo_HTMLparser.c,2761,2727,2765,"ret = xmlStrndup(q, CUR_PTR - q);",ret = (xmlChar *) malloc(len + 1);,"        ret = (xmlChar *) malloc(len + 1);
        if (ret == NULL) {
",1.271834135055542,"[[286, 2112, 284, 320, 6455, 4768, 2586, 15731, 6901, 488, 220, 16, 317, 286, 421, 320, 2122, 621, 1770, 8, 341]]","[-0.05140623450279236, -0.6519899964332581, -0.001438060076907277, -1.326633334159851, -0.040222104638814926, -0.00045277358731254935, -0.1596626192331314, -1.5232081413269043, -0.24153774976730347, -0.48315438628196716, -0.30073392391204834, -0.11038094758987427, -0.15169686079025269, -0.011027935892343521, -0.4649695158004761, -0.40690523386001587, -0.07366171479225159, -0.2606630325317383, -0.013068501837551594, -0.03176991641521454, -0.05548606067895889]",3.527951240539551,False,2.0,-6.360069044108968,-0.30286043067185564,21.0,-5.053545068192761,-0.3609675048709115,14.0,0.22345259537571865,1,17,35,22,0.4857142857142857,-3.523403403058048,-1.0746959328044523,True,13,0.6190476190476191,21.0,0.4477611940298507,13.0,2.0246534207741944
~/anvil/data/cve-targets/libsndfile_repo_src_common.c,611,470,684,"if (psf->header.indx + (sf_count_t) size > psf->header.len && psf_bump_header_allocation (psf, size))",size = (size & 1) ? size : size + 1 ;,					size = (size & 1) ? size : size + 1 ;,0.0763759016990661,"[[464, 13832, 284, 320, 2141, 609, 220, 16, 8, 937, 1379, 549, 1379, 488, 220, 16, 2587, 151662]]","[-0.01845955103635788, -0.3820301294326782, -0.03482838347554207, -0.02267562970519066, -0.0026708904188126326, -0.045222584158182144, -0.0016839622985571623, -0.008243583142757416, -0.0011093420907855034, -0.001178999780677259, -0.008578119799494743, -0.030362708494067192, -0.0037539980839937925, -0.0025957482866942883, -0.0014061573892831802, -0.003610522486269474, -0.15571939945220947, -0.6518957614898682]",7.243229389190674,False,0.0,-1.3760254710214213,-0.07644585950119007,18.0,-0.7241297095315531,-0.04259586526656195,17.0,0.00850444269025177,1,42,21,21,2.0,-1.7930355733147114,-1.0210629426794302,True,34,1.8888888888888888,83.0,0.30434782608695654,41.0,2.3803812854682938
~/anvil/data/cve-targets/poppler_repo_poppler_FileSpec.cc,85,79,91,int c;,char c;,    char c;,1.0129834413528442,"[[262, 1161, 272, 26, 151643]]","[-0.0310331042855978, -1.3303645849227905, -0.04145209863781929, -0.7094658613204956, -0.9492101073265076]",5.313368320465088,False,0.0,-3.061525756493211,-0.6123051512986422,5.0,-2.1123156491667032,-0.5280789122916758,4.0,0.290105929202616,1,5,5,5,1.0,-1.9182425538578205,-1.027781238494018,True,3,0.6,4.0,0.46153846153846156,1.0,2.0411467192088013
~/anvil/data/cve-targets/libtiff_repo_libtiff_tif_luv.c,863,851,880,while (upper - lower > 1) {,while (upper - lower > 1) {,	while (upper - lower > 1) {,0.2027892023324966,"[[5217, 320, 13574, 481, 4722, 861, 220, 16, 8, 314, 151643]]","[-0.6785721778869629, -0.014320225454866886, -0.41558703780174255, -0.18749241530895233, -0.001086359960027039, -0.10174582153558731, -0.04580361396074295, -0.06983629614114761, -0.03034050576388836, -0.3496854901313782, -0.06277995556592941]",2.801388740539551,True,0.0,-1.9572498995112255,-0.17793180904647504,11.0,-1.894469943945296,-0.1894469943945296,10.0,0.045015858438226045,0,16,16,16,1.0,-1.0704271291323915,-1.0943951441336812,False,10,0.9090909090909091,0.0,1.0,0.0,0.8141085157286251
~/anvil/data/cve-targets/libtiff_repo_libtiff_tif_predict.c,26,-129,176,*,*, *,0.5455129742622375,[[353]],[-0.5455131530761719],6.986804962158203,True,0.0,-0.5455131530761719,-0.5455131530761719,1.0,-0.5455131530761719,-0.5455131530761719,1.0,0.0,0,2,2,2,1.0,-0.9999996722096739,-1.0145382416822206,False,1,1.0,0.0,1.0,0.0,1.0049957163716268
~/anvil/data/cve-targets/poppler_repo_poppler_Parser.cc,270,188,287,"str = baseStr->makeSubStream(pos, true, length, std::move(dict));","str = new BaseStream(baseStr, objNum, objGen, objLength, objGen, objNum, objGen, objLength,","    str = new BaseStream(baseStr, objNum, objGen, objLength, objGen, objNum, objGen, objLength,",1.8160139322280884,"[[262, 607, 284, 501, 5351, 3027, 12663, 2580, 11, 2839, 4651, 11, 2839, 9967, 11, 2839, 4373, 11, 2839, 9967, 11, 2839, 4651, 11, 2839, 9967, 11, 2839, 4373, 11]]","[-0.0017949911998584867, -0.7382790446281433, -0.01468292623758316, -0.48911505937576294, -0.8534867763519287, -0.008538879454135895, -0.6991231441497803, -0.0020165364257991314, -0.3108636438846588, -1.1484355926513672, -0.04647170752286911, -0.10260772705078125, -0.06580042839050293, -0.0038890219293534756, -0.6711553335189819, -1.5751103162765503, -1.1219844818115234, -1.007648229598999, -0.8614793419837952, -0.7464631199836731, -0.8083221316337585, -0.8598461151123047, -0.912470817565918, -0.33802422881126404, -0.5672963857650757, -0.3652370274066925, -0.35011589527130127, -0.997885525226593, -0.9072098731994629, -0.35411423444747925]",10.2098970413208,False,0.0,-16.929468536865897,-0.5643156178955299,30.0,-16.929468536865897,-0.5643156178955299,30.0,0.1749125954271478,0,29,22,22,1.3181818181818181,-3.2180819999284194,-1.09967081580177,True,19,0.6333333333333333,61.0,0.4487179487179487,24.0,2.1262255314257588
~/anvil/data/cve-targets/poppler_repo_poppler_FileSpec.cc,121,88,122,desc = obj1.getString()->copy();,desc = obj1.getString()->copy();,"        desc = obj1.getString()->copy();
    else if (",0.3595423698425293,"[[286, 6560, 284, 2839, 16, 7109, 2759, 8560, 543, 262, 770, 421, 320]]","[-0.033221159130334854, -0.02802523970603943, -0.006672956980764866, -0.12539787590503693, -0.0004180987598374486, -0.014501298777759075, -0.04533207416534424, -0.012627174146473408, -0.09727251529693604, -0.48594868183135986, -1.0821785926818848, -0.589718759059906, -0.08731743693351746]",8.309894561767578,True,1.0,-2.6086318633751944,-0.20066398949039957,13.0,-0.8494170746998861,-0.08494170746998861,10.0,0.01935402469854363,1,21,24,21,0.875,-4.232813073242752,-1.0486575419418105,False,8,0.6153846153846154,0.0,1.0,0.0,1.0668424773751128
~/anvil/data/cve-targets/libpng_repo_png.c,4005,3952,4008,image->flags |= PNG_IMAGE_FLAG_INVALID;,/* Success. */,"   /* Success. */
   return 1;
}
#endif
/* END",2.554802179336548,"[[256, 1391, 13047, 13, 735, 256, 470, 220, 16, 280, 532, 2663, 198, 1057, 11176]]","[-0.2969530522823334, -0.7998257875442505, -1.3795723915100098, -0.03419232368469238, -0.04331160709261894, -0.003873109817504883, -0.00976369995623827, -0.0054384139366447926, -0.04898855462670326, -0.013070502318441868, -0.29647132754325867, -0.4419316351413727, -0.929368257522583, -1.123331069946289, -1.5750072002410889]",4.040971755981445,False,4.0,-7.00109893316403,-0.466739928877602,15.0,-2.55772827193141,-0.4262880453219016,6.0,0.2573089024797632,1,10,14,2,0.7142857142857143,-5.993135879302803,-1.0610004199927519,True,9,0.6,37.0,0.1132075471698113,9.0,2.1454519525357765
~/anvil/data/cve-targets/libsndfile_repo_src_wavlike.c,287,95,384,buffer [--bit] = 0 ;,"psf_log_printf (psf, buffer) ;","					psf_log_printf (psf, buffer) ;
				",0.9962847828865052,"[[464, 35009, 69, 5224, 21823, 320, 1690, 69, 11, 4147, 8, 4386, 464]]","[-0.012033132836222649, -0.842460036277771, -0.00013147920253686607, -0.07821893692016602, -0.00035637227119877934, -0.00039617318543605506, -0.00016497205069754273, -3.814689989667386e-06, -0.001536261523142457, -0.4783862829208374, -0.03034767508506775, -0.3199083209037781, -0.031213141977787018]",8.277301788330078,False,1.0,-1.7951565998446313,-0.1380889692188178,13.0,-1.7951565998446313,-0.1380889692188178,13.0,0.06163102202318967,1,14,11,11,1.2727272727272727,-7.214803532263159,-1.0478034235232172,True,8,0.6153846153846154,24.0,0.31999999999999995,12.0,2.0636064949565274
~/anvil/data/cve-targets/poppler_repo_poppler_Stream.cc,532,507,538,if (width > INT_MAX / nComps) {,if (nBits == 1) {,"        if (nBits == 1) {
            imgLineSize = -1;
       ",0.5661716461181641,"[[286, 421, 320, 77, 19920, 621, 220, 16, 8, 341, 310, 4964, 2460, 1695, 284, 481, 16, 280, 286]]","[-0.011588873341679573, -0.28236067295074463, -0.052363071590662, -0.75901859998703, -0.38632118701934814, -0.6322687864303589, -0.00958448275923729, -0.43479764461517334, -0.3517601788043976, -0.48091164231300354, -0.007650361862033606, -0.35408109426498413, -0.006947882007807493, -0.5441623330116272, -0.1531965583562851, -0.975765585899353, -0.0018176001030951738, -0.05614974722266197, -0.007994321174919605]",8.45138931274414,False,2.0,-5.508740623714402,-0.2899337170376001,19.0,-3.4086255016736686,-0.30987504560669715,11.0,0.06324395329709649,1,16,19,13,0.8421052631578947,-1.827096612473811,-1.0523735990429952,True,12,0.631578947368421,21.0,0.45833333333333337,6.0,2.019251321045784
~/anvil/data/cve-targets/poppler_repo_poppler_XRef.cc,1493,1486,1515,if ((!xRefStream) && mainXRefEntriesOffset) {,if (complainIfMissing) {,"        if (complainIfMissing) {
            error(errSyntaxError, -1, ""Invalid XRef",2.295570135116577,"[[286, 421, 320, 874, 20772, 2679, 25080, 8, 341, 310, 1465, 3964, 33890, 1454, 11, 481, 16, 11, 330, 7928, 1599, 3945]]","[-0.022122392430901527, -0.23981930315494537, -0.18733221292495728, -0.3874281346797943, -0.0028666851576417685, -0.00012063252506777644, -5.578839045483619e-05, -0.06368940323591232, -0.11668284237384796, -0.00243200920522213, -0.2918764054775238, -0.00997463520616293, -0.1340416818857193, -0.0010300336871296167, -0.004844950046390295, -0.045096445828676224, -0.000892121868673712, -0.017461849376559258, -0.0066266548819839954, -0.5650203227996826, -0.0359354242682457, -0.0013199674431234598]",7.225868225097656,False,1.0,-2.136669896848616,-0.09712135894766437,22.0,-1.0225494040787453,-0.10225494040787453,10.0,0.015632126358134192,1,18,15,10,1.2,-22.449478978326198,-1.0206198678076515,True,14,0.6363636363636364,31.0,0.4347826086956522,9.0,2.3637523500916657
~/anvil/data/cve-targets/php_repo_ext_iconv_iconv.c,162,146,183,},},	},0.7438902854919434,"[[197, 92, 151643]]","[-0.0652518942952156, -0.8001987934112549, -0.4129648208618164]",4.0078125,True,0.0,-1.278415508568287,-0.4261385028560956,3.0,-0.8654506877064705,-0.43272534385323524,2.0,0.1350367361300704,0,2,2,2,1.0,-1.719081851938499,-1.0618803342717207,False,1,0.3333333333333333,0.0,1.0,0.0,0.843544189889622
~/anvil/data/cve-targets/sqlite3_repo_src_vdbe.c,5755,5600,5905,"** seek operation now, without further delay.  If the cursor seek has",** operation.  This is done by setting the P1 cursor to point to the,"** operation.  This is done by setting the P1 cursor to point to the
** P2 row",3.3219313621521,"[[334, 5666, 13, 220, 1096, 374, 2814, 553, 6243, 279, 393, 16, 8128, 311, 1459, 311, 279, 198, 334, 393, 17, 2802]]","[-0.07300412654876709, -1.034735918045044, -0.7419618368148804, -0.23901604115962982, -1.135684847831726, -1.0807454586029053, -1.2033313512802124, -1.0895167589187622, -1.4841539859771729, -0.8241596221923828, -0.7393749952316284, -0.3501262962818146, -0.636672854423523, -0.5438677668571472, -1.0629292726516724, -0.2406444102525711, -0.3465549349784851, -0.8246056437492371, -0.011987196281552315, -2.280479907989502, -0.5842065215110779, -1.5178589820861816]",5.980035305023193,False,1.0,-18.045618729665875,-0.8202553968029943,22.0,-13.651086121797562,-0.7583936734331979,18.0,0.14798634517370718,0,19,25,20,0.76,-4.38022029787503,-1.0107935007992292,True,15,0.6818181818181818,50.0,0.5109489051094891,19.0,2.5309930836792915
~/anvil/data/cve-targets/libxml2_repo_xmlmemory.c,415,405,446,TEST_POINT,if (xml,    if (xml,1.857096791267395,"[[262, 421, 320, 6455]]","[-0.3238597810268402, -1.0553771257400513, -0.3127959072589874, -0.9586067199707031]",5.973785400390625,False,0.0,-2.650639533996582,-0.6626598834991455,4.0,-2.650639533996582,-0.6626598834991455,4.0,0.1197504184191609,1,2,4,4,0.5,-2.802488633325862,-1.0109514472128636,True,2,0.5,10.0,0.0,3.0,2.1692905152749575
~/anvil/data/cve-targets/libtiff_repo_libtiff_tif_predict.c,49,-106,199,PredictorSetup(TIFF* tif),PredictorSetup(TIFF* tif),"PredictorSetup(TIFF* tif)
{
	TIFFPredict",0.4889396131038666,"[[53544, 269, 21821, 4140, 29035, 9, 259, 333, 340, 515, 10261, 29035, 53544]]","[-0.0708528533577919, -7.235741941258311e-05, -0.17367272078990936, -0.351533979177475, -0.00031716562807559967, -0.009790970012545586, -0.0012322221882641315, -8.523101132595912e-05, -0.05892934650182724, -0.015511698089540005, -0.244047611951828, -0.0016544476384297013, -0.019023938104510307]",3.61267352104187,True,2.0,-0.9467245418709354,-0.07282496475930272,13.0,-0.6664868460866273,-0.07405409400962526,9.0,0.01255250690821995,0,11,13,11,0.8461538461538461,-6.602465665710746,-1.07242207447847,False,9,0.6923076923076923,0.0,1.0,0.0,0.8755792809439766
~/anvil/data/cve-targets/openssl_repo_crypto_asn1_a_int.c,130,85,161,if (blen == 0),if (neg) {,"    if (neg) {
        /* Copy all zeros to destination",1.0251108407974243,"[[262, 421, 320, 28775, 8, 341, 286, 1391, 14540, 678, 17516, 311, 9106]]","[-0.07714550942182541, -0.24047721922397614, -0.3405543863773346, -0.7734467387199402, -0.5892574191093445, -0.7532411813735962, -0.0057305097579956055, -1.574702262878418, -2.201798677444458, -2.5248665809631348, -2.066183567047119, -1.028344750404358, -0.486857533454895]",10.885589599609377,False,1.0,-12.662606336176395,-0.9740466412443382,13.0,-2.7798529639840126,-0.3971218519977161,7.0,0.08409527642898787,1,12,14,10,0.8571428571428571,-2.581350876665734,-1.1184045833416372,True,8,0.6153846153846154,8.0,0.5,7.0,1.7695005553515213
~/anvil/data/cve-targets/php_repo_ext_phar_util.c,1364,1252,1478,PHP_SHA512_CTX context;,PHP_SHA512_CTX context;,			PHP_SHA512_CTX context;,0.1384497135877609,"[[298, 10025, 6610, 38096, 20, 16, 17, 44233, 2266, 26, 151643]]","[-0.0880618616938591, -0.368194580078125, -0.004284369759261608, -0.044710639864206314, -0.0491870641708374, -8.785339014139026e-05, -1.4185804502631072e-05, -0.007521524094045162, -0.4406895637512207, -0.286001980304718, -0.294459730386734]",5.586110591888428,True,0.0,-1.5832133532976513,-0.14392848666342284,11.0,-1.2887536229109173,-0.12887536229109173,10.0,0.02577313202319546,1,5,5,5,1.0,-1.0742915567914642,-1.0207970917161995,False,8,0.7272727272727273,0.0,1.0,0.0,0.9680762599552617
~/anvil/data/cve-targets/libxml2_repo_xmlmemory.c,142,129,178,TEST_POINT,xmlMutexLock,    xmlMutexLock,0.9763678908348083,"[[262, 8396, 38099, 11989]]","[-0.5099579691886902, -0.910686731338501, -0.04817117378115654, -0.005617071874439716]",4.9355902671813965,False,0.0,-1.4744329461827874,-0.36860823654569685,4.0,-1.4744329461827874,-0.36860823654569685,4.0,0.13706783456440988,1,2,4,4,0.5,-2.648795642725055,-1.0375340508680242,True,2,0.5,12.0,0.0,3.0,1.9649141988398213
~/anvil/data/cve-targets/php_repo_ext_phar_phar.c,976,632,1125,if (buffer + 4 > endbuffer) {,"PHAR_GET_32(buffer, entry.filename_len);","		PHAR_GET_32(buffer, entry.filename_len);
		if (entry",0.6945703029632568,"[[197, 10025, 39, 934, 12702, 62, 18, 17, 12584, 11, 4343, 30882, 6043, 317, 197, 743, 320, 4085]]","[-0.003218353958800435, -1.1671931743621826, -0.006980200298130512, -0.00013219437096267939, -0.009168663993477821, -0.000846266164444387, -0.009369686245918274, -3.7431014789035544e-05, -0.0013217531377449632, -0.0005614373367279768, -0.47089797258377075, -0.8188832998275757, -0.008010996505618095, -0.6430596113204956, -0.001081715920008719, -0.6148569583892822, -0.08232653141021729, -0.11688894033432007]",7.504339218139648,False,1.0,-3.954835187174467,-0.21971306595413706,18.0,-3.1407627570406476,-0.20938418380270984,15.0,0.13405689085247016,1,16,17,14,0.9411764705882353,-3.317205198353037,-1.0277499838439748,True,11,0.6111111111111112,29.0,0.37681159420289856,14.0,2.1297703054265273
~/anvil/data/cve-targets/openssl_repo_crypto_pkcs7_pk7_doit.c,1023,868,1173,void *value),void *value),"                             void *value)
{",0.175705149769783,"[[6526, 737, 353, 957, 340, 90, 151662]]","[-1.448251724243164, -0.07022353261709213, -0.0027835930231958628, -0.003718368476256728, -0.634675145149231, -0.634686291217804, -0.5919700264930725]",0.7223958969116211,True,1.0,-3.386308681219816,-0.48375838303140234,7.0,-2.1596523635089397,-0.43193047270178797,5.0,0.3144757699178027,0,6,10,6,0.6,-0.40679035371299854,-1.1527802714395163,False,4,0.5714285714285714,0.0,1.0,0.0,0.4702128424417209
~/anvil/data/cve-targets/sqlite3_repo_src_resolve.c,188,173,190,result = ((Bitmask)1)<<n;,result = 0;,"  result = 0;
  for( int i=0; i<n",0.7846218943595886,"[[220, 1102, 284, 220, 15, 280, 220, 369, 7, 526, 600, 28, 15, 26, 600, 15724]]","[-0.3358273506164551, -0.4993574023246765, -0.06190766766667366, -0.7065725922584534, -0.6029923558235168, -0.24463899433612823, -0.022555354982614517, -1.0270740985870361, -0.3439757227897644, -1.082334280014038, -0.20563040673732758, -0.39724138379096985, -0.08218851685523987, -0.10706371068954468, -0.02153303474187851, -0.27030906081199646]",5.597394943237305,False,1.0,-6.011201933026314,-0.3757001208141446,16.0,-2.473851718008518,-0.3534073882869312,7.0,0.059270642889217816,1,18,19,7,0.9473684210526315,-2.2201626801377303,-1.0205091565066642,True,10,0.625,15.0,0.5555555555555556,12.0,2.19099108099497
~/anvil/data/cve-targets/sqlite3_repo_src_select.c,5223,5100,5396,if(,for(i=,  for(i=,0.6186227798461914,"[[220, 369, 1956, 28]]","[-0.0326821506023407, -0.836132824420929, -0.49018847942352295, -0.024969814345240593]",10.770137786865234,False,0.0,-1.3839732687920332,-0.3459933171980083,4.0,-1.3839732687920332,-0.3459933171980083,4.0,0.11556223946184228,1,3,5,5,0.6,-1.787961642889652,-1.1151811914965888,True,2,0.5,5.0,0.4444444444444444,3.0,1.6331752699226902
~/anvil/data/cve-targets/poppler_repo_poppler_SplashOutputDev.cc,1699,1633,1887,doAdjustFontMatrix = true;,if (fileName),"            if (fileName)
                fontFile = fontEngine->",0.888677179813385,"[[310, 421, 320, 20464, 340, 394, 3301, 1703, 284, 3301, 4571, 405]]","[-0.027578983455896378, -1.0622856616973877, -0.730937123298645, -0.6502645015716553, -0.7667269706726074, -0.0012515101116150618, -0.8737499713897705, -0.5261187553405762, -0.22656424343585968, -0.08514061570167542, -0.012740878388285637, -0.00016664070426486433]",9.647396087646484,False,1.0,-4.963525855768239,-0.4136271546473533,12.0,-3.239044750807807,-0.5398407918013012,6.0,0.15427129307917795,0,7,10,9,0.7,-1.6461838255092065,-1.0843148933072873,True,7,0.5833333333333334,24.0,0.15384615384615385,8.0,1.8296740052909934
~/anvil/data/cve-targets/libxml2_repo_xmlstring.c,636,628,685,goto error;,goto error;,        goto error;,0.1883269548416137,"[[286, 7986, 1465, 26, 151662]]","[-0.17809036374092102, -0.08631923794746399, -0.0007745603215880692, -0.5265858173370361, -0.7788556218147278]",3.8855905532836914,True,0.0,-1.570625601161737,-0.3141251202323474,5.0,-0.7917699793470092,-0.1979424948367523,4.0,0.039933871603154945,0,5,5,5,1.0,-0.9514225583391339,-1.0651299234232012,False,3,0.6,0.0,1.0,0.0,0.8013108703419449
~/anvil/data/cve-targets/libtiff_repo_libtiff_tif_pixarlog.c,731,684,813,},},"	}
	up",1.9413117170333865,"[[197, 532, 59810]]","[-0.0032164526637643576, -0.19155481457710266, -1.6370373964309692]",7.590451717376709,True,1.0,-1.8318086636718363,-0.6106028878906121,3.0,-0.19477126724086702,-0.09738563362043351,2.0,0.008867834642049901,1,2,3,2,0.6666666666666666,-19.934272077540392,-1.029964920152285,False,1,0.3333333333333333,0.0,1.0,0.0,1.104969277634646
~/anvil/data/cve-targets/php_repo_ext_phar_util.c,1391,1252,1478,PHP_SHA256_CTX context;,PHP_SHA256_CTX  context;,			PHP_SHA256_CTX  context;,0.1980419605970382,"[[298, 10025, 6610, 38096, 17, 20, 21, 44233, 220, 2266, 26, 151643]]","[-0.08681032061576843, -0.01870633475482464, -0.0002798642381094396, -0.03417746350169182, -0.005458569619804621, -0.01014139223843813, -7.629103492945433e-05, -0.003604345954954624, -0.3119589686393738, -0.0004481264913920313, -0.18078789114952087, -0.5375854969024658]",6.861978530883789,False,0.0,-1.1900350651412737,-0.0991695887617728,12.0,-0.6524495682388078,-0.059313597112618896,11.0,0.00913668242736843,1,5,5,5,1.0,-3.3388964796893936,-1.0113771468973327,True,8,0.6666666666666666,1.0,0.9787234042553191,0.0,2.0115565046181136
~/anvil/data/cve-targets/lua_repo_lstate.h,120,-35,270,TString **hash;,int n;  /* number,  int n;  /* number,2.6153998374938965,"[[220, 526, 308, 26, 220, 1391, 1372]]","[-0.04720303416252136, -1.6486395597457886, -1.1884925365447998, -1.2058236598968506, -0.17275473475456238, -0.012094967998564243, -0.2970815598964691]",3.5258677005767822,False,0.0,-4.572090052999556,-0.6531557218570795,7.0,-4.572090052999556,-0.6531557218570795,7.0,0.38838955621167015,0,9,11,11,0.8181818181818182,-4.004251589586757,-1.074751913560512,True,5,0.7142857142857143,14.0,0.25,12.0,2.08753236005207
