file,masked_line_no,cntx_start,cntx_end,masked_line,prediction,whole_prediction,loss,generated_tokens,log_prob_scores,first_token_var,exact_match,num_generated_lines,log_seq_prob,normalized_seq_prob,generated_token_length,log_seq_prob_first_line,normalized_log_seq_prob_first_line,first_line_length,seq_prob_first_line_var,vul_label,mask_ast_complexity,pred_ast_complexity,first_line_pred_ast_complexity,mask_pred_ast_ratio,loss_to_pred_ratio,scaled_first_token_var,neg_exact_match,masked_line_token_length,length_ratio,lev_dist,lev_ratio,ast_dist,new_score
~/anvil/data/cve-targets/php_repo_ext_exif_exif.c,3710,3696,3931,if (ImageInfo->FileSize >= dir_offset+2) {,if (ImageInfo->FileSize >= dir_offset+2 && ImageInfo->FileSize - dir,"
	if (ImageInfo->FileSize >= dir_offset+2 && ImageInfo->FileSize - dir",0.3382374942302704,"[[198, 743, 320, 1906, 1731, 405, 67649, 2604, 5419, 6917, 10, 17, 1009, 4654, 1731, 405, 67649, 481, 5419]]","[-0.9452065825462341, -0.3496866524219513, -0.06798095256090164, -0.3796779215335846, -8.821448318485636e-06, -0.004121263511478901, -0.0955495685338974, -0.10759095847606659, -0.15196458995342255, -0.0008100565755739808, -0.524644136428833, -0.005865622777491808, -0.18112093210220337, -0.047962576150894165, -1.4305104514278355e-06, -2.396077979938127e-05, -0.004047655034810305, -0.048152655363082886, -0.15911038219928741]",4.416667461395264,False,1.0,-3.0735267189082833,-0.16176456415306753,19.0,-3.0735267189082833,-0.16176456415306753,19.0,0.0552181014087245,1,19,22,22,0.8636363636363636,-2.0909245235576916,-1.111243459247566,True,13,0.6842105263157895,28.0,0.7272727272727273,11.0,1.9061282616768482
~/anvil/data/cve-targets/libxml2_repo_xmlregexp.c,4850,4774,4859,NEXTL(len);,NEXTL(len);,    NEXTL(len);,0.5473008155822754,"[[262, 45011, 43, 6901, 1215, 151643]]","[-0.04179663211107254, -0.1765681356191635, -0.0033745982218533754, -0.0003510097449179739, -0.16793988645076752, -0.026992948725819588]",6.567534446716309,True,0.0,-0.4170232108735945,-0.06950386847893242,6.0,-0.3900302621477749,-0.07800605242955498,5.0,0.006142772095147981,1,9,9,9,1.0,-7.0161327042735175,-1.0530681461547515,False,4,0.6666666666666666,0.0,1.0,0.0,0.9694372697796493
~/anvil/data/cve-targets/libsndfile_repo_src_ulaw.c,207,52,357,"0xaa, 0xaa, 0xaa, 0xaa, 0xaa, 0xaa, 0xaa, 0xaa, 0xaa, 0xaa, 0xaa, 0xaa,","0xaa, 0xaa, 0xaa, 0xaa, 0xaa, 0xaa, 0xaa, 0xaa, 0xaa, 0xaa, 0xaa, 0xaa,","	0xaa, 0xaa, 0xaa, 0xaa, 0xaa, 0xaa, 0xaa, 0xaa, 0xaa, 0xaa, 0xaa, 0xaa,
	0xaa, 0xaa, 0xaa, 0xaa, 0xaa, 0xaa,",0.0324247777462005,"[[197, 15, 43300, 11, 220, 15, 43300, 11, 220, 15, 43300, 11, 220, 15, 43300, 11, 220, 15, 43300, 11, 220, 15, 43300, 11, 220, 15, 43300, 11, 220, 15, 43300, 11, 220, 15, 43300, 11, 220, 15, 43300, 11, 220, 15, 43300, 11, 220, 15, 43300, 345, 197, 15, 43300, 11, 220, 15, 43300, 11, 220, 15, 43300, 11, 220, 15, 43300, 11, 220, 15, 43300, 11, 220, 15, 43300, 11]]","[-0.006653773132711649, -0.0007204797584563494, -0.010248536244034767, -0.00011157367407577112, -0.0023505459539592266, -6.139089964563027e-05, -0.0018933956744149327, -7.891343557275832e-05, -0.0004345426568761468, -1.645074735279195e-05, -0.0006503135664388537, -5.304672595229931e-05, -0.0002294515579706058, -7.986990567587782e-06, -0.0008541273418813944, -0.0001793938863556832, -0.0007637205999344587, -1.0371154530730564e-05, -0.00033778208307921886, -4.60137271147687e-05, -0.0002641328901518136, -1.3947389561508317e-05, -0.00030155404238030314, -0.0001486429391661659, -0.00028701478731818497, -1.537788011773955e-05, -0.00026639728457666934, -8.666139910928905e-05, -0.00018273114983458072, -1.2993727978027891e-05, -0.0020231986418366432, -0.002517152111977339, -0.0026276130229234695, -2.539125671319198e-05, -0.0006148116663098335, -0.0003951007383875549, -0.00036638224264606833, -2.5748875486897305e-05, -0.001095648156479001, -0.0025132279843091965, -0.0015764916315674782, -2.5629668016335927e-05, -0.0005653690313920379, -0.0024974129628390074, -0.000592890428379178, -7.033323527139146e-06, -0.00160089076962322, -0.3135039806365967, -0.0007951673469506204, -2.0861407392658293e-05, -0.0007963585085235536, -8.940656698541716e-06, -5.149708886165172e-05, -4.0531076592742465e-06, -0.0005937243695370853, -3.683499380713329e-05, -9.512448741588742e-05, -9.536697689327411e-06, -0.00041929035796783864, -9.369411418447271e-05, -7.211902266135439e-05, -7.033323527139146e-06, -0.002179153962060809, -0.0007338214782066643, -0.0003511289251036942, -1.0847986231965479e-05, -0.0008219677838496864, -0.00016723664884921163, -8.034383063204587e-05, -8.583032467868179e-06, -0.00047434045700356364, -0.00016783259343355894]",9.631945610046388,True,1.0,-0.3678547286308458,-0.005109093453206192,72.0,-0.3606504037970808,-0.007360212322389404,49.0,0.0019557113284910713,0,25,37,25,0.6756756756756757,-4.40541336661796,-1.0252149847620995,False,47,0.6527777777777778,0.0,1.0,0.0,1.193269236120601
~/anvil/data/cve-targets/poppler_repo_poppler_JPEG2000Stream.cc,280,273,351,jpxData.data = buf;,jpxData.buf = buf;,    jpxData.buf = buf;,0.6291838884353638,"[[262, 502, 1767, 1043, 44485, 284, 6607, 26, 151643]]","[-0.02308458834886551, -0.8618661165237427, -0.00036423723213374615, -0.00043442347669042647, -0.5213481783866882, -0.004938902799040079, -0.030989304184913635, -0.024294409900903702, -0.14754638075828552]",7.771006107330322,False,0.0,-1.6148665416112635,-0.17942961573458482,9.0,-1.467320160852978,-0.18341502010662225,8.0,0.09344959210150576,0,10,10,10,1.0,-3.4303836625245223,-1.0218565866276468,True,7,0.7777777777777778,4.0,0.8108108108108107,1.0,2.073630880983962
~/anvil/data/cve-targets/poppler_repo_utils_HtmlOutputDev.cc,1250,1172,1284,unsigned char zero[1];,unsigned char zero[1];,            unsigned char zero[1];,0.8984971046447754,"[[310, 3774, 1161, 7168, 58, 16, 5265, 151643]]","[-0.0010481346398591995, -0.26827219128608704, -0.013706495054066181, -0.011912398040294647, -0.11406421661376953, -0.6938591003417969, -0.3996444642543793, -0.1518828570842743]",10.209027290344238,True,0.0,-1.654389857314527,-0.20679873216431588,8.0,-1.5025070002302527,-0.21464385717575038,7.0,0.05770910527463181,1,11,11,11,1.0,-4.185990302574027,-1.0401130132505028,False,6,0.75,0.0,1.0,0.0,1.052723140678744
~/anvil/data/cve-targets/php_repo_ext_phar_phar.c,2336,2181,2486,},},"	}
	",4.533246994018555,"[[197, 532, 197]]","[-0.007795506622642279, -0.17494520545005798, -1.225766658782959]",8.73975658416748,True,1.0,-1.4085073708556592,-0.4695024569518864,3.0,-1.4085073708556592,-0.4695024569518864,3.0,0.29062427512194394,0,2,2,2,1.0,-9.655427627470567,-1.0026009828841846,False,1,0.3333333333333333,0.0,1.0,0.0,1.3075853269649296
~/anvil/data/cve-targets/sqlite3_repo_src_vdbe.c,5755,5600,5905,"** seek operation now, without further delay.  If the cursor seek has",** seek operation now. If the cursor was already pointing to the correct,"** seek operation now. If the cursor was already pointing to the correct
** record, this is a no",1.1618226766586304,"[[334, 5931, 5666, 1431, 13, 1416, 279, 8128, 572, 2669, 21633, 311, 279, 4396, 198, 334, 3255, 11, 419, 374, 264, 902]]","[-0.00014029949670657516, -0.14525654911994934, -0.16468848288059235, -0.38930580019950867, -0.5847035646438599, -1.2405734062194824, -0.6180799007415771, -0.1859222799539566, -0.8011231422424316, -0.44692736864089966, -0.4652506113052368, -0.14324691891670227, -0.013676510192453861, -0.0019417019793763757, -0.09972646087408066, -8.83301836438477e-05, -0.13950791954994202, -0.2762070298194885, -0.29087382555007935, -0.010593018494546413, -0.002195212058722973, -7.319182623177767e-05]",15.15625,False,1.0,-6.020101524889469,-0.27364097840406676,22.0,-5.300562997406814,-0.3533708664937876,15.0,0.11419087317547624,0,19,29,19,0.6551724137931034,-3.2878281341822375,-1.1770483913485885,True,15,0.6818181818181818,41.0,0.6099290780141844,11.0,1.7795885765125934
~/anvil/data/cve-targets/php_repo_ext_phar_zip.c,144,136,159,do {,do {,	do {,0.0643189698457717,"[[19935, 314, 151643]]","[-0.06502840667963028, -0.06352037936449051, -0.07987481355667114]",6.205556869506836,True,0.0,-0.20842359960079193,-0.06947453320026398,3.0,-0.1285487860441208,-0.0642743930220604,2.0,5.685365958019162e-07,0,3,3,3,1.0,-1.000693539395946,-1.0626410720367299,False,2,0.6666666666666666,0.0,1.0,0.0,0.8409888249184116
~/anvil/data/cve-targets/libxml2_repo_valid.c,694,599,739,if ((ocur == XML_ELEMENT_CONTENT_PLUS) ||,if ((ocur != XML_ELEMENT_CONTENT_ONCE) &&,	    if ((ocur != XML_ELEMENT_CONTENT_ONCE) &&,0.3500015139579773,"[[2760, 421, 1781, 509, 324, 961, 11874, 27156, 25560, 98814, 8, 1009, 151664, 151659, 13437, 14, 18, 6498]]","[-0.05424634367227554, -0.6164510250091553, -0.042624492198228836, -0.17047059535980225, -1.1086402082582936e-05, -0.5772196054458618, -0.0003097769513260573, -1.5735502529423684e-05, -8.702239938429557e-06, -0.02570471540093422, -0.003556119976565242, -0.36342814564704895, -0.2185692936182022, -0.6797968745231628, -1.6912436485290527, -2.0538558959960938, -2.6752207279205322, -0.0393962636590004]",8.040970802307129,False,0.0,-2.072615637423951,-0.1594319721095347,13.0,-1.8540463438057486,-0.15450386198381239,12.0,0.04944252063248653,0,11,11,11,1.0,-2.2653253418005015,-1.01498317739813,True,11,0.8461538461538461,7.0,0.8292682926829268,3.0,2.0847987215395998
~/anvil/data/cve-targets/libsndfile_repo_src_common.c,598,470,684,"header_put_le_int (psf, size) ;","header_put_le_int (psf, size) ;","						header_put_le_int (psf, size) ;",0.0082694375887513,"[[1144, 20883, 15557, 11751, 4042, 320, 1690, 69, 11, 1379, 8, 2587, 151643]]","[-0.0008207766804844141, -4.875540980719961e-05, -3.814689989667386e-06, -0.00012575789878610522, -8.511180931236595e-05, -0.0001839230244513601, -2.0265558760002023e-06, -2.3841855067985307e-07, -4.136476854910143e-05, -0.0009333306807093322, -0.007420714013278484, -0.10327828675508499, -0.6425933837890625]",13.163368225097656,True,0.0,-0.7555374844939422,-0.05811826803799555,13.0,-0.1129441007048797,-0.009412008392073309,12.0,0.0008050038718316268,1,11,11,11,1.0,-0.8786049952649565,-1.1198423284255528,False,11,0.8461538461538461,0.0,1.0,0.0,0.7682975438461314
~/anvil/data/cve-targets/libtiff_repo_libtiff_tif_next.c,123,39,140,break;,break;,"					break;
			",0.7604053020477295,"[[464, 3388, 280, 571]]","[-0.21604087948799133, -0.011188976466655731, -0.2597455382347107, -0.027476927265524864]",7.724998474121094,True,1.0,-0.5144523214548826,-0.12861308036372066,4.0,-0.5144523214548826,-0.12861308036372066,4.0,0.012214070801632799,1,4,4,4,1.0,-5.912348105630364,-1.0230325928895574,False,2,0.5,0.0,1.0,0.0,1.0112777196439673
~/anvil/data/cve-targets/libtiff_repo_libtiff_tif_predict.c,419,408,430,assert(rowsize > 0);,uint8_t* op = op0;,		uint8_t* op = op0;,0.5166553258895874,"[[197, 8254, 23, 528, 9, 1179, 284, 1179, 15, 26, 151643]]","[-0.09525146335363388, -0.8314394950866699, -0.003946968819946051, -0.0118802385404706, -0.6957617402076721, -0.020589781925082207, -0.13521772623062134, -0.046682778745889664, -9.810443589231e-05, -0.6948098540306091, -0.03577682748436928]",4.927257061004639,False,0.0,-2.5714549788608565,-0.23376863444189605,11.0,-2.535678151376487,-0.2535678151376487,10.0,0.10452870216122859,1,12,10,10,1.2,-2.0375429965712417,-1.0971488736633503,True,7,0.6363636363636364,16.0,0.3157894736842105,11.0,1.8783249367270605
~/anvil/data/cve-targets/php_repo_ext_phar_phar.c,901,632,1125,"PHAR_GET_32(buffer, manifest_flags);","PHAR_GET_32(buffer, tmp_len);","	PHAR_GET_32(buffer, tmp_len);",0.9208123087882996,"[[10025, 39, 934, 12702, 62, 18, 17, 12584, 11, 4174, 6043, 1215, 151643]]","[-0.11907622963190079, -4.625213477993384e-05, -3.576278118089249e-07, -0.0005538121913559735, -0.0001551984460093081, -0.000750736624468118, -1.156323378381785e-05, -0.00028761065914295614, -0.0004876854654867202, -0.0027808588929474354, -5.960462772236497e-07, -0.13083404302597046, -0.027407338842749596]",5.27933931350708,False,0.0,-0.28239228282268414,-0.021722483294052627,13.0,-0.25498494397993454,-0.021248745331661212,12.0,0.0021572946288709906,1,11,11,11,1.0,-43.33490257498941,-1.0875340845281631,True,11,0.8461538461538461,12.0,0.7692307692307692,1.0,1.9218711527052739
~/anvil/data/cve-targets/libsndfile_repo_src_alaw.c,257,98,274,"0xa9, 0xa9, 0xa9, 0xa9, 0xa9, 0xa9, 0xa9, 0xa9, 0xa8, 0xa8, 0xa8, 0xa8,","0xa9, 0xa9, 0xa9, 0xa9, 0xa9, 0xa9, 0xa9, 0xa9, 0xa8, 0xa8, 0xa8, 0xa8,","	0xa9, 0xa9, 0xa9, 0xa9, 0xa9, 0xa9, 0xa9, 0xa9, 0xa8, 0xa8, 0xa8, 0xa8,
	0xa8, 0xa8, 0xa8, 0xa8, 0xa8, 0xa8,",0.0238237679004669,"[[197, 15, 9591, 24, 11, 220, 15, 9591, 24, 11, 220, 15, 9591, 24, 11, 220, 15, 9591, 24, 11, 220, 15, 9591, 24, 11, 220, 15, 9591, 24, 11, 220, 15, 9591, 24, 11, 220, 15, 9591, 24, 11, 220, 15, 9591, 23, 11, 220, 15, 9591, 23, 11, 220, 15, 9591, 23, 11, 220, 15, 9591, 23, 345, 197, 15, 9591, 23, 11, 220, 15, 9591, 23, 11, 220, 15, 9591, 23, 11, 220, 15, 9591, 23, 11, 220, 15, 9591, 23, 11, 220, 15, 9591, 23, 11]]","[-0.00026544384309090674, -5.495397272170521e-05, -0.0015445933677256107, -0.008699849247932434, -1.9907753085135482e-05, -2.47952248173533e-05, -8.22540732769994e-06, -0.00018892886873800308, -7.045020902296528e-05, -9.97731985989958e-05, -4.815939246327616e-05, -1.1205610462639015e-05, -0.0019693044014275074, -0.00121174321975559, -0.00015293381875380874, -7.092700980138034e-05, -9.417489309271332e-06, -0.0014918637461960316, -0.0011886443244293332, -0.001440678839571774, -0.0002324311062693596, -1.3112935448589269e-05, -0.0065146214328706264, -0.07008227705955505, -0.00013422065239865333, -3.802703940891661e-05, -7.390948667307384e-06, -0.0002683041093405336, -0.0002150304353563115, -0.0007870675181038678, -0.00014256415306590497, -1.6093124941107817e-05, -0.002173325279727578, -0.0011861439561471343, -0.00038354191929101944, -0.00010918975021922961, -1.1086402082582936e-05, -0.000704159727320075, -0.0006459057331085205, -0.01118449680507183, -0.002796194050461054, -0.0001517419150331989, -0.01774987019598484, -0.2521597445011139, -8.725739462533966e-05, -9.095255518332124e-05, -9.417489309271332e-06, -5.328513361746445e-05, -4.9470632802695036e-05, -0.00013147920253686607, -0.00014768941036891192, -6.198863957251888e-06, -4.2199197196168825e-05, -3.755022044060752e-05, -6.90197994117625e-05, -1.4543427823809907e-05, -1.311301275563892e-06, -1.8358061424805783e-05, -4.7444173105759546e-05, -0.6326310634613037, -0.00027783826226368546, -3.0636318115284666e-05, -8.415821503149346e-05, -7.283422019099817e-05, -4.529942543740617e-06, -7.152531907195225e-06, -4.768370445162873e-07, -7.510157047363464e-06, -1.1324817933200393e-05, -8.702239938429557e-06, -7.986990567587782e-06, -1.1920922133867862e-06, -5.364403477869928e-06, -9.059865078597795e-06, -4.6491513785440475e-06, -7.867782187531702e-06, -8.344646857949556e-07, -1.2040065485052764e-05, -1.0132738680113107e-05, -0.0005720409681089222, -0.0005055579822510481, -5.364403477869928e-06, -6.711257447022945e-05, -0.00014888131408952177, -6.794906312279636e-06, -1.2397689715726301e-05, -1.7881377516459906e-06, -7.390948667307384e-06, -1.3947389561508317e-05, -2.610649426060263e-05]",13.749305725097656,True,1.0,-1.021647253925039,-0.011351636154722655,90.0,-1.0199934182828656,-0.01672120357840763,61.0,0.007413942831057376,0,25,37,25,0.6756756756756757,-1.4247639405114911,-1.1363670036362024,False,59,0.6555555555555556,0.0,1.0,0.0,0.8823309876356673
~/anvil/data/cve-targets/openssl_repo_crypto_asn1_a_type.c,71,54,98,case V_ASN1_NEG_ENUMERATED:,case V_ASN1_INTEGER:,"    case V_ASN1_INTEGER:
    case V_ASN1_ENUMER",0.208373874425888,"[[262, 1142, 647, 1566, 18966, 16, 25757, 510, 262, 1142, 647, 1566, 18966, 16, 31894, 640]]","[-0.06918007880449295, -0.004055490717291832, -0.0007599088130518794, -6.103329360485077e-05, -2.264974000354414e-06, -1.9073468138230965e-06, -0.7303773760795593, -0.027378341183066368, -0.10074134171009064, -0.0005342725198715925, -0.00014232576359063387, -5.245195097813848e-06, -7.152555099310121e-07, -1.0728830375228426e-06, -0.14701931178569794, -5.245195097813848e-06]",7.426389217376709,False,1.0,-1.0802659315198753,-0.0675166207199922,16.0,-0.932557742921972,-0.10361752699133023,9.0,0.050280343043305045,1,5,9,5,0.5555555555555556,-2.0109906159343374,-1.0306983456526493,True,10,0.625,11.0,0.7659574468085106,1.0,1.962904779433789
~/anvil/data/cve-targets/sqlite3_repo_ext_misc_zipfile.c,1493,1401,1575,zPath = (const char*)sqlite3_value_text(apVal[2]);,zPath = (const char*)sqlite3_value_text(apVal[1]);,      zPath = (const char*)sqlite3_value_text(apVal[1]);,0.0746766924858093,"[[414, 1147, 1820, 284, 320, 1024, 1161, 3764, 37042, 18, 3142, 4326, 34420, 2208, 58, 16, 14979, 151643]]","[-0.0013142528478056192, -0.1372271180152893, -0.00018952481332235038, -0.00026782741770148277, -0.030119363218545914, -0.011696922592818737, -0.00033301531220786273, -0.014920073561370373, -0.0017107388703152537, -0.00018535325943958014, -0.00010108436981681734, -0.0025090661365538836, -0.00027378625236451626, -3.6954811548639555e-06, -8.34430247778073e-05, -0.47591036558151245, -0.023633217439055443, -0.028661292046308517]",10.20486068725586,False,0.0,-0.7291401402403608,-0.04050778556890893,18.0,-0.7004788481940523,-0.041204638129061895,17.0,0.01284090626415992,1,26,26,26,1.0,-1.8123370541904928,-1.040004675440777,True,16,0.8888888888888888,1.0,0.98,1.0,2.166273455545001
~/anvil/data/cve-targets/sqlite3_repo_src_resolve.c,875,717,1141,pNC->nNcErr++;,pNC->nNcErr++;,              pNC->nNcErr++;,0.0864327549934387,"[[1060, 281, 9949, 405, 77, 45, 66, 7747, 19581, 151643]]","[-0.05245289206504822, -0.3781611919403076, -0.039250247180461884, -1.2755313036905136e-05, -0.00610368512570858, -0.002246358199045062, -9.536738616588991e-07, -1.311301275563892e-06, -0.2526782155036926, -0.06547590345144272]",10.373089790344238,True,0.0,-0.7963835137538808,-0.07963835137538808,10.0,-0.7309076103024381,-0.0812119567002709,9.0,0.016869768836930976,0,9,9,9,1.0,-1.0642860793569624,-1.0443878625693277,False,8,0.8,0.0,1.0,0.0,0.9616699493258731
~/anvil/data/cve-targets/lua_repo_ldebug.c,784,747,794,L->oldpc = pc;,L->oldpc = pc;  /* 'pc,    L->oldpc = pc;  /* 'pc,0.0093287015333771,"[[262, 444, 405, 813, 3992, 284, 13312, 26, 220, 1391, 364, 3992]]","[-0.06412285566329956, -0.013768225908279419, -2.145764938177308e-06, -8.391981828026474e-05, -0.00019751029321923852, -0.00031454383861273527, -0.026980532333254814, -0.019858354702591896, -0.4204779863357544, -0.0011756658786907792, -0.5888899564743042, -0.0009785869624465704]",10.116146087646484,False,0.0,-1.136850283973672,-0.09473752366447268,12.0,-1.136850283973672,-0.09473752366447268,12.0,0.035109735833825165,1,10,15,15,0.6666666666666666,-0.09846891888810723,-1.0377006414440533,True,7,0.5833333333333334,8.0,0.7777777777777778,6.0,1.9863504169344868
~/anvil/data/cve-targets/libtiff_repo_libtiff_tif_pixarlog.c,1152,1136,1165,*/,* This,	 * This,4.5429792404174805,"[[197, 353, 1096]]","[-0.5082929134368896, -0.6693965196609497, -1.7859947681427002]",6.309720993041992,False,0.0,-2.9636842012405396,-0.9878947337468466,3.0,-2.9636842012405396,-0.9878947337468466,3.0,0.3228075611077309,1,3,3,3,1.0,-4.5986470878198284,-1.0598774450857005,True,1,0.3333333333333333,5.0,0.25,3.0,2.15970655023627
~/anvil/data/cve-targets/poppler_repo_fofi_FoFiTrueType.cc,1313,1022,1326,} else if (needVerticalMetrics && i == t42VmtxTable) {,} else if (needVerticalMetrics && i == t42VmtxTable) {,                } else if (needVerticalMetrics && i == t42VmtxTable) {,0.0063234893605113,"[[394, 335, 770, 421, 320, 17046, 18612, 27328, 1009, 600, 621, 259, 19, 17, 53, 90310, 2556, 8, 314, 151643]]","[-0.0002557904226705432, -0.0004614718782249838, -0.0001110968878492713, -0.004701749421656132, -0.0003505330823827535, -0.0016383809270337224, -5.4238757002167404e-05, -7.152531907195225e-06, -8.21318244561553e-05, -0.00025900822947733104, -6.508615479106084e-05, -2.8490614567999728e-05, -3.4570634852570947e-06, -8.344646857949556e-07, -6.19869097135961e-05, -0.0009458358981646597, -1.4185804502631072e-05, -0.0009660820942372084, -0.018177354708313942, -0.6376293897628784]",14.184200286865234,True,0.0,-0.6658142574380008,-0.03329071287190004,20.0,-0.028184867675122405,-0.0014834140881643371,19.0,1.661708333342516e-05,1,15,15,15,1.0,-4.262794462425764,-1.1487894074668867,False,18,0.9,0.0,1.0,0.0,0.7327955312525228
~/anvil/data/cve-targets/lua_repo_lstate.h,162,7,312,} transferinfo;,} transferinfo;,    } transferinfo;,0.0198343135416507,"[[262, 335, 8317, 2733, 26, 151643]]","[-0.04507240280508995, -0.00020966715237591416, -0.07806447893381119, -0.0005295066512189806, -0.004655712284147739, -0.16229744255542755]",9.528471946716309,True,0.0,-0.2908292103820713,-0.04847153506367855,6.0,-0.12853176782664377,-0.025706353565328754,5.0,0.0009687002584369027,0,5,5,5,1.0,-0.7715724243520122,-1.0225663432926935,False,4,0.6666666666666666,0.0,1.0,0.0,0.9725173328969008
~/anvil/data/cve-targets/openssl_repo_ssl_statem_statem_dtls.c,385,375,412,if ((frag_off + frag_len) > msg_len) {,if ((frag_off + frag_len) > msg_len) {,"    if ((frag_off + frag_len) > msg_len) {
        /* reassembly overflow? frag",0.2762436270713806,"[[262, 421, 1781, 33198, 13651, 488, 8343, 6043, 8, 861, 3750, 6043, 8, 341, 286, 1391, 312, 14993, 16484, 30, 8343]]","[-0.24059389531612396, -0.13358139991760254, -0.3411644399166107, -0.12445751577615738, -0.023345256224274635, -0.03294598311185837, -5.23315102327615e-05, -2.169585604860913e-05, -0.0062605454586446285, -0.0010342017048969865, -0.0378686860203743, -0.001974658342078328, -0.03731724992394447, -0.5769171118736267, -0.005836942233145237, -1.1433496475219727, -1.1189261674880981, -0.8864940404891968, -1.5190865993499756, -0.6679600477218628, -0.08284810930490494]",5.8201398849487305,True,1.0,-6.9820365250616305,-0.33247792976483953,21.0,-1.5633719131856196,-0.10422479421237464,15.0,0.02546925259358885,1,19,23,19,0.8260869565217391,-2.650459798543619,-1.0729295573406334,False,13,0.6190476190476191,0.0,1.0,0.0,1.0087973434210749
~/anvil/data/cve-targets/openssl_repo_crypto_asn1_tasn_enc.c,20,-135,170,"unsigned char **out,","unsigned char **out, int contlen","                            unsigned char **out, int contlen",0.0606048814952373,"[[999, 3774, 1161, 3070, 411, 11, 526, 683, 2892]]","[-0.0017764277290552855, -0.15748023986816406, -0.0005515484372153878, -0.003592349123209715, -0.10345147550106049, -0.038598645478487015, -0.7920334339141846, -1.0305461883544922, -0.25133204460144043]",8.861285209655762,False,0.0,-2.379362353007309,-0.2643735947785899,9.0,-2.379362353007309,-0.2643735947785899,9.0,0.12894200876738382,0,10,12,12,0.8333333333333334,-0.22923954090798385,-1.005651732939798,True,5,0.5555555555555556,12.0,0.7692307692307692,2.0,2.079392938550779
~/anvil/data/cve-targets/libtiff_repo_libtiff_tif_predict.c,364,353,388,uint8_t *tmp;,uint8_t *tmp;,	uint8_t *tmp;,0.2358859330415725,"[[8254, 23, 528, 353, 5173, 26, 151643]]","[-0.4446607232093811, -0.0018933956744149327, -0.002524643437936902, -0.39601635932922363, -0.016927171498537064, -0.5529828071594238, -0.1801978200674057]",1.85486114025116,True,0.0,-1.5952029203763232,-0.2278861314823319,7.0,-1.4150051003089175,-0.23583418338481957,6.0,0.05448866937088006,1,7,7,7,1.0,-1.0002194323825757,-1.184741704469075,False,6,0.8571428571428571,0.0,1.0,0.0,0.557447145223941
~/anvil/data/cve-targets/lua_repo_ldebug.c,113,103,121,if (isLua(L->ci)),if (isLua(L->ci)),  if (isLua(L->ci)),0.1494299173355102,"[[220, 421, 320, 285, 58020, 4957, 405, 5855, 593, 151643]]","[-0.008043989539146423, -0.3488686978816986, -0.00525154173374176, -0.5385006666183472, -0.12488972395658493, -0.0029043657705187798, -0.0004898302140645683, -0.0005944392178207636, -0.30257412791252136, -0.2675459086894989]",7.187673091888428,True,0.0,-1.5996632915339433,-0.15996632915339432,10.0,-1.3321173828444444,-0.1480130425382716,9.0,0.03575238317550707,1,17,17,17,1.0,-1.0095726347688059,-1.0368678447186048,False,8,0.8,0.0,1.0,0.0,1.0779498087116355
~/anvil/data/cve-targets/lua_repo_ldebug.c,94,88,97,for (; ci != NULL; ci = ci->previous),StkId h = L->top.p;,"    StkId h = L->top.p;
    for (; h < L->stack",0.3089999854564667,"[[262, 794, 74, 764, 305, 284, 444, 405, 3481, 556, 280, 262, 369, 30375, 305, 366, 444, 405, 7693]]","[-0.7219881415367126, -0.734215497970581, -9.775113539944869e-06, -0.0020017840433865786, -0.9761203527450562, -0.05069032311439514, -0.7215427160263062, -0.008810692466795444, -0.2346985787153244, -0.37499600648880005, -0.5411028861999512, -0.007448757067322731, -0.7412680387496948, -0.19833961129188538, -0.07102875411510468, -0.35761505365371704, -0.3215794861316681, -6.8662193370983e-05, -0.1240905225276947]",5.399478435516357,False,1.0,-6.187615640151307,-0.32566398106059513,19.0,-4.3736255114881715,-0.36446879262401427,12.0,0.11924404067294148,0,21,23,14,0.9130434782608695,-0.847809172444651,-1.0842726001265974,True,12,0.631578947368421,30.0,0.2857142857142857,20.0,2.0021290026147684
~/anvil/data/cve-targets/libxml2_repo_HTMLparser.c,2808,2772,2812,"ret = xmlStrndup(q, CUR_PTR - q);","ret = xmlStrndup(q, len);","        ret = xmlStrndup(q, len);
        if (err == 0) {
           ",0.7227340340614319,"[[286, 2112, 284, 8396, 2580, 303, 454, 10583, 11, 2422, 317, 286, 421, 320, 615, 621, 220, 15, 8, 341, 310]]","[-0.04463186487555504, -0.6813294291496277, -0.0027581527829170227, -0.12369905412197113, -0.09911839663982391, -0.03830784931778908, -8.821448318485636e-06, -0.07095180451869965, -0.26003968715667725, -0.010124871507287025, -0.7166842222213745, -0.2549077272415161, -0.45537859201431274, -0.27964556217193604, -0.5304213762283325, -1.014817476272583, -0.0016788449138402939, -0.10356476902961731, -0.4037748873233795, -0.17727607488632202, -0.1876198947429657]",4.461804866790772,False,2.0,-5.456739358564846,-0.2598447313602308,21.0,-2.302561880981557,-0.19188015674846307,12.0,0.05852986711345413,1,17,26,14,0.6538461538461539,-3.766590804951596,-1.1099902003284237,True,13,0.6190476190476191,11.0,0.7586206896551724,4.0,1.9135998704869892
~/anvil/data/cve-targets/libsndfile_repo_src_flac.c,339,331,397,{	case FLAC__METADATA_TYPE_STREAMINFO :,{	case FLAC__METADATA_TYPE_STREAMINFO :,	{	case FLAC__METADATA_TYPE_STREAMINFO :,0.0708770304918289,"[[197, 90, 2722, 89099, 563, 44875, 39119, 4189, 23584, 6637, 549, 151664, 151659, 13437, 22755, 303]]","[-0.000251142424531281, -0.0045468988828361034, -0.004760360810905695, -0.002241124864667654, -1.823885577323381e-05, -3.302042750874534e-05, -3.576278118089249e-07, -1.0728830375228426e-06, -0.0009248746791854501, -7.509902934543788e-05, -0.6959599256515503, -0.6608322858810425, -0.8022183775901794, -1.1656378507614136, -1.6829307079315186, -0.0332426093518734]",12.86892318725586,True,0.0,-1.3696444020181957,-0.11413703350151631,12.0,-0.7088121161371532,-0.06443746510337757,11.0,0.03988504050995177,1,8,8,8,1.0,-1.0999351134952358,-1.1116292936839112,False,10,0.8333333333333334,0.0,1.0,0.0,0.7614852827697705
~/anvil/data/cve-targets/lua_repo_lstate.h,120,-35,270,TString **hash;,TString **hash;,  TString **hash;,0.1973156481981277,"[[220, 52226, 3070, 8296, 26, 151643]]","[-0.0014247277285903692, -0.6822393536567688, -0.0009954979177564383, -0.013510576449334621, -0.045798830687999725, -0.07865186780691147]",9.316146850585938,True,0.0,-0.8226208542473614,-0.13710347570789358,6.0,-0.74396898644045,-0.14879379728809,5.0,0.07140713091090918,0,9,9,9,1.0,-1.3261013012262277,-1.01715281143368,False,5,0.8333333333333334,0.0,1.0,0.0,1.0454111194367486
~/anvil/data/cve-targets/libsndfile_repo_src_alaw.c,307,301,313,{,{,		{,4.518162727355957,"[[197, 197, 90]]","[-0.0022540895733982325, -0.015735624358057976, -0.009793566539883614]",8.410590171813965,True,0.0,-0.027783280471339822,-0.009261093490446607,3.0,-0.027783280471339822,-0.009261093490446607,3.0,3.043372713252014e-05,1,2,2,2,1.0,-487.8649299909047,-1.0056474411365315,False,1,0.3333333333333333,0.0,1.0,0.0,1.2980320278698754
~/anvil/data/cve-targets/libsndfile_repo_src_ulaw.c,830,823,835,if (ptr [i] >= 0),if (ptr [i] >= 0.0),		if (ptr [i] >= 0.0),0.1967092156410217,"[[197, 743, 320, 3505, 508, 72, 60, 2604, 220, 15, 13, 15, 8, 151643]]","[-0.0038580286782234907, -0.003174030687659979, -0.024089265614748, -0.04724397137761116, -0.003278715768828988, -0.0003359945258125663, -0.00036197309964336455, -0.1913117617368698, -0.004970574285835028, -0.0005679901223629713, -0.26054030656814575, -0.00030596344731748104, -0.028782224282622337, -0.17029355466365814]",7.400173664093018,False,0.0,-0.7391143548593391,-0.052793882489952794,14.0,-0.5688208001956809,-0.04375544616889853,13.0,0.006407247014768178,1,17,17,17,1.0,-4.495651007230342,-1.0313740752462732,True,10,0.7142857142857143,2.0,0.9444444444444444,1.0,2.0965717483518813
~/anvil/data/cve-targets/php_repo_ext_exif_exif.c,1917,1911,1921,if ((offset + length) > (info->valid_end - info->valid_start)) {,if (offset + length > info->valid_length) {,	if (offset + length > info->valid_length) {,0.3723054826259613,"[[743, 320, 3176, 488, 3084, 861, 3546, 405, 1891, 5118, 8, 314, 151643]]","[-0.1467570662498474, -0.5814920663833618, -0.4422924816608429, -0.7853929996490479, -0.007744761649519205, -0.3442659080028534, -0.08513426780700684, -0.00044371772673912346, -0.10062471032142639, -0.7285242080688477, -0.18002358078956604, -0.1053488701581955, -0.11257494240999222]",3.839583158493042,False,0.0,-3.6206195808772463,-0.27850919852901895,13.0,-3.508044638467254,-0.2923370532056045,12.0,0.0714008996841054,1,31,19,19,1.631578947368421,-1.2735487292611996,-1.12739169424303,True,19,1.4615384615384615,25.0,0.7476635514018692,13.0,1.9997710716910633
~/anvil/data/cve-targets/openssl_repo_crypto_pkcs7_pk7_doit.c,75,45,86,if (*pbio == NULL),if (*pbio == NULL),    if (*pbio == NULL),0.0341046750545501,"[[262, 421, 4609, 16650, 815, 621, 1770, 8, 151643]]","[-0.016829179599881172, -0.016838908195495605, -0.03707513213157654, -5.9126061387360096e-05, -1.7881377516459906e-06, -0.0008526980527676642, -0.0004990047891624272, -0.009022773243486881, -0.03039855696260929]",10.206422805786133,True,0.0,-0.11157716717411859,-0.01239746301934651,9.0,-0.0811786102115093,-0.010147326276438662,8.0,0.0001499974661439975,0,15,15,15,1.0,-3.360951853271795,-1.0400452914982377,False,7,0.7777777777777778,0.0,1.0,0.0,1.038342702190119
~/anvil/data/cve-targets/sqlite3_repo_src_select.c,5799,5644,5949,** Deallocate a single AggInfo object,"** This routine is a Walker callback for ""expanding"" a","** This routine is a Walker callback for ""expanding"" a",2.199347496032715,"[[334, 1096, 14021, 374, 264, 22278, 4822, 369, 330, 4580, 25591, 1, 264]]","[-0.00125770119484514, -1.7862567901611328, -0.2083217203617096, -0.3883063793182373, -0.5598670244216919, -0.020967260003089905, -0.08766432851552963, -0.020259706303477287, -0.5751424431800842, -0.037207912653684616, -0.008712020702660084, -0.002090770285576582, -0.932964026927948]",10.659896850585938,False,0.0,-4.629018084029667,-0.35607831415612823,13.0,-4.629018084029667,-0.35607831415612823,13.0,0.250866410472429,0,8,17,17,0.47058823529411764,-6.176583657572519,-1.051903218902518,True,9,0.6923076923076923,41.0,0.3516483516483516,16.0,2.0760455323714972
~/anvil/data/cve-targets/lua_repo_ldo.c,371,348,395,if (hastocloseCfunc(wanted)) {  /* to-be-closed variables? */,if (hasmultret(nres)) {  /* 'res' contains function + results? */,      if (hasmultret(nres)) {  /* 'res' contains function + results? */,0.1736011952161789,"[[414, 421, 320, 4648, 25875, 2122, 1445, 416, 593, 314, 220, 1391, 364, 416, 6, 5610, 729, 488, 3059, 30, 639, 151643]]","[-0.00047124247066676617, -0.01645611599087715, -0.2566811740398407, -0.17219242453575134, -0.03527567535638809, -0.18125946819782257, -1.0472743511199951, -0.0020584126468747854, -0.1385434865951538, -0.41532132029533386, -0.07199463248252869, -0.0009764432325027883, -0.27022117376327515, -0.012113811448216438, -0.001505909371189773, -0.17666813731193542, -0.6293058395385742, -1.9571613073349, -1.0676835775375366, -0.06467423588037491, -0.3890591859817505, -0.13515929877758026]",13.083507537841797,False,0.0,-7.042057223909069,-0.32009351017768495,22.0,-6.906897925131489,-0.32889990119673757,21.0,0.22753667918273918,0,16,16,16,1.0,-0.5278237986223538,-1.1176087743828342,True,21,0.9545454545454546,41.0,0.5238095238095238,3.0,1.8428326626387954
~/anvil/data/cve-targets/php_repo_ext_phar_phar.c,174,159,201,if (phar->signature) {,if (phar->signature) {,	if (phar->signature) {,0.0819568336009979,"[[743, 320, 759, 277, 405, 34140, 8, 314, 151643]]","[-0.03640957921743393, -0.008137642405927181, -0.009300715290009975, -4.124556289752945e-05, -0.0005210472736507654, -0.5236850380897522, -0.06071964651346207, -0.011155732907354832, -0.6970997452735901]",5.866147041320801,True,0.0,-1.3470703925340786,-0.14967448805934205,9.0,-0.6499706472604885,-0.08124633090756106,8.0,0.028341033732504867,0,13,13,13,1.0,-1.0087450434438106,-1.0716962058160373,False,8,0.8888888888888888,0.0,1.0,0.0,0.9305676709140226
~/anvil/data/cve-targets/libsndfile_repo_src_double64.c,109,70,214,psf->read_float		= host_read_d2f ;,psf->read_float		= host_read_d2f ;,					psf->read_float		= host_read_d2f ;,0.0052376817911863,"[[464, 35009, 69, 405, 878, 17586, 197, 197, 28, 3468, 6443, 814, 17, 69, 2587, 151643]]","[-7.664863369427621e-05, -4.529942543740617e-06, -3.576278118089249e-07, -5.960462772236497e-07, -8.34461570775602e-06, -2.0265373677830212e-05, -2.95634672511369e-05, -3.707340147229843e-05, -1.1920928244535389e-07, -0.000444551813416183, -5.960446742392378e-06, -4.291525328881107e-06, -2.50339189733495e-06, -1.3589766240329482e-05, -0.06228823959827423, -0.6360103487968445]",14.768054962158203,True,0.0,-0.6989469836564624,-0.0436841864785289,16.0,-0.06293663485961787,-0.004195775657307858,15.0,0.0002410642191831523,0,10,10,10,1.0,-1.2483226509176522,-1.165680533774791,False,14,0.875,0.0,1.0,0.0,0.6287412338710169
~/anvil/data/cve-targets/sqlite3_repo_ext_misc_zipfile.c,1634,1592,1635,return a-aBuf;,return (int)(a - aBuf,  return (int)(a - aBuf,0.4477899670600891,"[[220, 470, 320, 396, 2376, 64, 481, 264, 15064]]","[-0.07437188178300858, -0.5200272798538208, -0.513611912727356, -0.04771643131971359, -0.22699688374996185, -0.0009845414897426963, -0.47908973693847656, -0.008921878412365913, -4.994744449504651e-05]",6.995832443237305,False,0.0,-1.871770493718941,-0.20797449930210454,9.0,-1.871770493718941,-0.20797449930210454,9.0,0.04820980056320797,0,8,11,11,0.7272727272727273,-2.153100349142458,-1.0418526237015389,True,5,0.5555555555555556,9.0,0.7428571428571429,7.0,1.9824777225388373
~/anvil/data/cve-targets/libxml2_repo_HTMLparser.c,323,168,473,*,*, *,1.8583368062973025,[[353]],[-0.2057875245809555],12.17986011505127,True,0.0,-0.2057875245809555,-0.2057875245809555,1.0,-0.2057875245809555,-0.2057875245809555,1.0,0.0,0,2,2,2,1.0,-9.030366685645438,-1.092643723967727,False,1,1.0,0.0,1.0,0.0,0.8704345150085907
~/anvil/data/cve-targets/openssl_repo_ssl_statem_statem_clnt.c,2575,2558,2611,"ckey = ssl_generate_pkey(s, skey);",ckey = ssl_generate_pkey(skey);,"    ckey = ssl_generate_pkey(skey);
    if (ckey == NULL)",1.001928687095642,"[[262, 272, 792, 284, 33537, 48851, 620, 792, 1141, 792, 317, 262, 421, 320, 377, 1195, 621, 1770, 8]]","[-0.057905424386262894, -1.0200963020324707, -1.6093124941107817e-05, -0.0039648981764912605, -0.5959818363189697, -0.11496233195066452, -0.3174664378166199, -0.00392618915066123, -0.43922579288482666, -0.018600326031446457, -0.12058322876691818, -0.0019866747315973043, -0.032933756709098816, -0.0052657718770205975, -0.0012896086554974318, -8.344646857949556e-07, -0.00040236959466710687, -0.00026341783814132214, -0.053098924458026886]",6.204165458679199,False,1.0,-2.787970218969008,-0.14673527468257935,19.0,-2.69471553537187,-0.22455962794765583,12.0,0.0929884565427791,1,14,24,12,0.5833333333333334,-4.4617489628598275,-1.062678036936981,True,12,0.631578947368421,3.0,0.9538461538461538,2.0,2.0309939472333376
~/anvil/data/cve-targets/libtiff_repo_libtiff_tif_predict.c,49,-106,199,PredictorSetup(TIFF* tif),PredictorSetup(TIFF* tif)<|fim_pad|><|fim_pad|><|fim_pad|><|fim_pad|>,PredictorSetup(TIFF* tif)<|fim_pad|><|fim_pad|><|fim_pad|><|fim_pad|>,0.1386177241802215,"[[53544, 269, 21821, 4140, 29035, 9, 259, 333, 8, 151662, 151662, 151662, 151662]]","[-0.052742768079042435, -0.00036221143091097474, -0.4079742431640625, -0.11750176548957825, -2.0146166207268834e-05, -0.011019564233720303, -0.002923264866694808, -3.790783375734463e-05, -0.5950464010238647, -0.03260865435004234, 0.0, 0.0, 0.0]",3.7888882160186768,False,0.0,-1.220236926637881,-0.1220236926637881,10.0,-1.220236926637881,-0.1220236926637881,10.0,0.032597563020669455,0,11,34,34,0.3235294117647059,-1.1359902421749761,-1.1288214264812189,True,9,0.9,44.0,0.5319148936170213,33.0,1.7522790182981234
~/anvil/data/cve-targets/php_repo_ext_phar_phar.c,986,632,1125,if (entry.filename_len + 20 > endbuffer - buffer) {,"PHAR_GET_32(buffer, entry.offset);","		PHAR_GET_32(buffer, entry.offset);
		if (entry.offset < offset) {
			MAP",1.0055121183395386,"[[197, 10025, 39, 934, 12702, 62, 18, 17, 12584, 11, 4343, 14760, 317, 197, 743, 320, 4085, 14760, 366, 4347, 8, 341, 298, 9209, 2537]]","[-0.025592591613531113, -0.7049213647842407, -4.3748852476710454e-05, -2.3841855067985307e-07, -0.0009064141195267439, -0.0011297041783109307, -0.10109901428222656, -1.5139465176616795e-05, -0.0004912600270472467, -0.0002212279650848359, -0.009342051111161709, -0.09895288199186325, -0.038651976734399796, -0.003444098401814699, -0.4234454333782196, -0.09938804805278778, -0.5700144171714783, -0.07213505357503891, -1.3752470016479492, -0.6643243432044983, -0.4065382778644562, -0.011891311965882778, -0.002397997537627816, -0.16122408211231232, -5.876845170860179e-05]",7.46961784362793,False,2.0,-4.771476446907371,-0.19085905787629487,25.0,-0.9848117119454116,-0.07034369371038654,14.0,0.032135857333456766,1,22,27,14,0.8148148148148148,-14.294275226424036,-1.0295850554970059,True,16,0.64,43.0,0.3058823529411765,19.0,2.2145488335048427
~/anvil/data/cve-targets/libtiff_repo_libtiff_tif_dirread.c,5739,5720,5775,return;,return;,            return;,0.2886285185813904,"[[310, 470, 26, 151643]]","[-0.3020390570163727, -0.0031457485165446997, -0.44721394777297974, -0.012887639924883842]",2.250694513320923,True,0.0,-0.765286393230781,-0.19132159830769524,4.0,-0.7523987533058971,-0.25079958443529904,3.0,0.03417883604033545,0,4,4,4,1.0,-1.1508333206821975,-1.173075515382154,False,2,0.5,0.0,1.0,0.0,0.5595911988769784
~/anvil/data/cve-targets/poppler_repo_poppler_Stream.cc,4046,3993,4088,if (i + repeat > numLitCodes + numDistCodes) {,if (i + repeat > numLitCodes + numDistCodes) {,            if (i + repeat > numLitCodes + numDistCodes) {,0.0231523234397172,"[[310, 421, 320, 72, 488, 13153, 861, 1629, 68954, 20871, 488, 1629, 23356, 20871, 8, 314, 151643]]","[-0.0012642494402825832, -0.008154314942657948, -0.006379951722919941, -0.0834227129817009, -0.003140519605949521, -0.0007298904820345342, -0.00570395914837718, -0.00036971885128878057, -3.802703940891661e-05, -1.4305104514278355e-06, -0.005061313509941101, -6.961580220377073e-05, -7.390948667307384e-06, -2.50339189733495e-06, -0.31709104776382446, -0.11285685002803802, -0.2844996154308319]",16.916669845581055,True,0.0,-0.8287931116004756,-0.04875253597649857,17.0,-0.5442934961696437,-0.03401834351060273,16.0,0.006369017046642377,0,19,19,19,1.0,-0.6805835043820153,-1.230007710073892,False,15,0.8823529411764706,0.0,1.0,0.0,0.552653857329569
~/anvil/data/cve-targets/sqlite3_repo_src_vdbemem.c,1155,1144,1179,if( pVal->flags & (MEM_Blob|MEM_Str) ){,if( (pVal->flags & MEM_Str)==0 ){,  if( (pVal->flags & MEM_Str)==0 ){,0.3015143573284149,"[[220, 421, 7, 320, 79, 2208, 405, 11161, 609, 24478, 46171, 15348, 15, 40023, 151643]]","[-0.009372284635901451, -0.060098614543676376, -0.0002494739310350269, -0.5711042881011963, -0.20183350145816803, -2.7418097943154862e-06, -8.4638240878121e-06, -5.590759246842936e-05, -0.13231760263442993, -0.5763499736785889, -0.0037176560144871473, -0.2839244306087494, -8.4638240878121e-06, -0.32909607887268066, -0.014398487284779549]",9.939064025878906,False,0.0,-2.182537968814131,-0.1455025312542754,15.0,-2.1681394815293515,-0.15486710582352511,14.0,0.04096010749240556,1,22,22,22,1.0,-1.9469231747121172,-1.0331168410636258,True,16,1.0666666666666667,14.0,0.8055555555555556,10.0,2.155801805170975
~/anvil/data/cve-targets/libxml2_repo_valid.c,540,530,558,switch (state->cont->type) {,xmlValidPrintElementContent(state->cont);,"	xmlValidPrintElementContent(state->cont);
    switch (state",0.0454946160316467,"[[48460, 4088, 8994, 1691, 2762, 8390, 405, 772, 317, 262, 3398, 320, 2454]]","[-0.6097811460494995, -0.8124501705169678, -0.2977605164051056, -1.0132291316986084, -0.008856184780597687, -0.23378315567970276, -0.004485070705413818, -0.0017459639348089695, -0.17717792093753815, -0.13355407118797302, -0.2877919673919678, -0.07439125329256058, -0.011400671675801277]",3.104339838027954,False,1.0,-3.6664072242565453,-0.2820313249428112,13.0,-3.2928233318962157,-0.3292823331896216,10.0,0.11669192403313859,0,16,15,12,1.0666666666666667,-0.13816294239341417,-1.148305999505822,True,9,0.6923076923076923,33.0,0.4347826086956522,10.0,1.748228935179318
~/anvil/data/cve-targets/poppler_repo_poppler_Stream.cc,573,564,616,"int readChars = str->doGetChars(inputLineSize, inputLine);",int readChars = 0;,"    int readChars = 0;
    while (readChars < inputLineSize) {
        const int c = get",1.3245114088058472,"[[262, 526, 1349, 32516, 284, 220, 15, 280, 262, 1393, 320, 878, 32516, 366, 1946, 2460, 1695, 8, 341, 286, 733, 526, 272, 284, 633]]","[-0.054434895515441895, -1.1363449096679688, -0.7032917737960815, -0.0020965994335711002, -0.0433637760579586, -0.2932826578617096, -0.0030529340729117393, -0.5492035746574402, -0.008868945762515068, -1.219565987586975, -0.047232601791620255, -0.19462577998638153, -0.0006126672378741205, -0.017141522839665413, -0.04401502013206482, -0.0016307639889419079, -0.0028114099986851215, -0.3226240277290344, -0.004250302445143461, -0.005117413122206926, -0.7186346054077148, -0.16290302574634552, -0.13988538086414337, -0.011669469997286797, -0.990842342376709]",7.015451431274414,False,2.0,-6.677502388076391,-0.26710009552305564,25.0,-2.7939400668255985,-0.31043778520284426,9.0,0.14568108217333503,1,18,24,8,0.75,-4.26659212228432,-1.041341746643896,True,16,0.64,41.0,0.4473684210526315,11.0,2.158420677640632
~/anvil/data/cve-targets/poppler_repo_poppler_GfxState.cc,2427,2418,2434,int i;,int i;,"    int i;
    if",1.8962078094482424,"[[262, 526, 600, 280, 262, 421]]","[-0.3284580111503601, -0.11968190222978592, -0.017433851957321167, -0.5187356472015381, -0.2243402749300003, -0.37217605113983154]",8.025867462158203,True,1.0,-1.5808257386088371,-0.26347095643480617,6.0,-1.2086496874690056,-0.24172993749380112,5.0,0.02995215584674833,1,5,6,5,0.8333333333333334,-7.844323417726728,-1.015366490664301,False,3,0.5,0.0,1.0,0.0,1.12291641479403
~/anvil/data/cve-targets/libsndfile_repo_src_common.c,611,470,684,"if (psf->header.indx + (sf_count_t) size > psf->header.len && psf_bump_header_allocation (psf, size))","if (psf->header.indx + (sf_count_t) size + 1 > psf->header.len && psf_bump_header_allocation (psf, size + 1))","					if (psf->header.indx + (sf_count_t) size + 1 > psf->header.len && psf_bump_header_allocation (psf, size + 1))",0.0456564128398895,"[[464, 743, 320, 1690, 69, 405, 2708, 28473, 87, 488, 320, 17246, 3180, 528, 8, 1379, 488, 220, 16, 861, 4726, 69, 405, 2708, 19406, 1009, 4726, 69, 880, 1510, 8757, 81267, 320, 1690, 69, 11, 1379, 488, 220, 16, 593, 151664, 151659, 13437, 14, 1690, 69, 520, 198, 3284, 334, 2955]]","[-0.04260152950882912, -0.10932119935750961, -0.020778946578502655, -0.05007947236299515, -2.622600959512056e-06, -0.00025519452174194157, -0.007100112270563841, -0.0007001094636507332, -1.5497195136049413e-06, -0.0012762743281200528, -0.016917560249567032, -0.0019445574143901467, -1.6093124941107817e-05, -4.768370445162873e-07, -0.0018629353726282716, -0.16300979256629944, -0.9445316791534424, -0.047708816826343536, -0.34119823575019836, -0.7135608196258545, -0.0013335392577573657, -2.0265558760002023e-06, -4.339123915997334e-05, -0.00010156115604331717, -0.0004892344586551189, -0.010820524767041206, -0.0007026110542938113, -1.6689286894688848e-06, -7.772143726469949e-05, -1.5497195136049413e-06, -7.629365427419543e-06, -2.50339189733495e-06, -0.0001382732152706012, -5.602820692729438e-06, -1.0728830375228426e-06, -4.6132929128361866e-05, -0.2661309242248535, -0.6334064602851868, -0.005257233511656523, -0.09101519733667374, -0.06846720725297928, -0.582837700843811, -0.7746024131774902, -1.368203043937683, -1.7266441583633423, -3.5619044303894043, -0.16438338160514832, -2.3516526222229004, -0.05131496116518974, -1.2253100872039795, -0.4913147985935211, -0.1698678582906723]",7.16753625869751,False,0.0,-4.123757744268005,-0.09818470819685726,42.0,-3.540920043424194,-0.08636390349815107,41.0,0.042511366205799817,1,42,48,48,0.875,-0.5286515661125362,-1.03738995699943,True,34,0.8095238095238095,8.0,0.9619047619047619,6.0,2.353376848084597
~/anvil/data/cve-targets/lua_repo_ldebug.c,723,718,739,"static int changedline (const Proto *p, int oldpc, int newpc) {","int luaG_getfuncline (const Proto *p, int pc) {","int luaG_getfuncline (const Proto *p, int pc) {
  int line = p->linedefined;
  if (",0.3487765789031982,"[[396, 20357, 38, 3062, 11894, 87934, 320, 1024, 57677, 353, 79, 11, 526, 13312, 8, 341, 220, 526, 1555, 284, 281, 405, 15121, 4006, 280, 220, 421, 320]]","[-0.26647207140922546, -0.0046298447996377945, -0.10152290761470795, -1.145593523979187, -0.74103182554245, -0.009753311984241009, -0.05486289784312248, -0.07992829382419586, -0.0017738097812980413, -0.02335224486887455, -0.0725698471069336, -0.00032586511224508286, -0.010769343003630638, -0.2611384689807892, -0.006719730328768492, -0.09008267521858215, -0.017385585233569145, -0.8267683982849121, -0.26530399918556213, -0.19648481905460358, -0.14298811554908752, -0.00012575789878610522, -0.625201940536499, -0.007200481370091438, -0.10458284616470337, -0.0013680632691830397, -0.022067822515964508, -0.0037225254345685244]",3.612674236297608,False,2.0,-5.08372701589542,-0.18156167913912213,28.0,-2.8879122466314584,-0.16987719097832107,17.0,0.09084341819858982,1,28,31,22,0.9032258064516129,-2.053110113809849,-1.1338052490600934,True,19,0.6785714285714286,30.0,0.6909090909090909,8.0,1.9461393900282618
~/anvil/data/cve-targets/libxml2_repo_xmlstring.c,649,628,685,goto error;,goto error;,                goto error;,0.0118490904569625,"[[394, 7986, 1465, 26, 151643]]","[-0.012247358448803425, -0.0004477690381463617, -3.0040289857424796e-05, -0.006763541139662266, -0.040335118770599365]",7.800172805786133,True,0.0,-0.05982382768706884,-0.011964765537413768,5.0,-0.019488708916469477,-0.004872177229117369,4.0,2.524805836104965e-05,0,5,5,5,1.0,-2.4319908533189896,-1.0211117536414558,False,3,0.6,0.0,1.0,0.0,0.9760241068147928
~/anvil/data/cve-targets/openssl_repo_ssl_statem_statem.c,454,444,456,return 0;,return 0;,"        return 0;
    s",0.7651186585426331,"[[286, 470, 220, 15, 280, 262, 274]]","[-0.021033329889178276, -0.3398864269256592, -0.006667036097496748, -0.25264856219291687, -0.25364550948143005, -0.007845421321690083, -0.14744867384433746]",6.947223663330078,True,1.0,-1.0291749597527087,-0.14702499425038695,7.0,-0.8817262859083712,-0.14695438098472854,6.0,0.01911083068252876,1,5,8,5,0.625,-5.20650458608746,-1.0431194729176023,False,4,0.5714285714285714,0.0,1.0,0.0,0.9668852635574517
~/anvil/data/cve-targets/libxml2_repo_parser.c,7863,7814,7865,*/,*/,"     */
   ",3.4355287551879883,"[[257, 735, 262]]","[-0.000931544229388237, -0.054313525557518005, -0.008782096207141876]",15.6875,True,1.0,-0.06402716599404812,-0.021342388664682705,3.0,-0.06402716599404812,-0.021342388664682705,3.0,0.0005538197950622778,1,3,3,3,1.0,-160.9720827956379,-1.1927853371303598,False,1,0.3333333333333333,0.0,1.0,0.0,0.7117200721447787
~/anvil/data/cve-targets/libxml2_repo_valid.c,1262,1186,1278,},},    },1.1112589836120603,"[[262, 335, 151643]]","[-0.1960454285144806, -0.050337620079517365, -0.003535807365551591]",5.139584541320801,True,0.0,-0.24991885595954955,-0.08330628531984985,3.0,-0.24638304859399796,-0.12319152429699898,2.0,0.005307691359729985,1,2,2,2,1.0,-9.020579864999132,-1.0913404320522078,False,1,0.3333333333333333,0.0,1.0,0.0,0.8221957088243887
~/anvil/data/cve-targets/libpng_repo_png.c,2441,2368,2463,goto PNG_FP_End; /* not a part of the number */,goto PNG_FP_End; /* not a part of the number */,            goto PNG_FP_End; /* not a part of the number */,0.0437077134847641,"[[310, 7986, 41639, 70981, 49953, 26, 1391, 537, 264, 949, 315, 279, 1372, 639, 151643]]","[-0.0006021831650286913, -0.002146204235032201, -7.331102824537084e-05, -0.00010168035078095272, -4.768258077092469e-05, -0.03082980215549469, -0.09334109723567963, -0.02542048878967762, -0.0005250982358120382, -0.004659153055399656, -1.3708974620385561e-05, -2.5748875486897305e-05, -3.290122185717337e-05, -0.34241998195648193, -0.0009139174944721162]",12.094446182250977,True,0.0,-0.5011529593548403,-0.033410197290322685,15.0,-0.5002390418603682,-0.03573136013288344,14.0,0.007836673803088815,0,6,6,6,1.0,-1.223231170664003,-1.0903130383258255,False,13,0.8666666666666667,0.0,1.0,0.0,0.796387209823037
~/anvil/data/cve-targets/libxml2_repo_xmlmemory.c,199,186,235,TEST_POINT,if (size,    if (size,2.028660297393799,"[[262, 421, 320, 2141]]","[-0.4718707203865051, -0.34067878127098083, -0.4328874945640564, -0.22927667200565338]",6.315971374511719,False,0.0,-1.4747136682271957,-0.36867841705679893,4.0,-1.4747136682271957,-0.36867841705679893,4.0,0.008747070807066534,1,2,4,4,0.5,-5.502519820901969,-1.0597118420659892,True,2,0.5,10.0,0.0,3.0,1.974209070072426
~/anvil/data/cve-targets/sqlite3_repo_src_where.c,2686,2336,2707,&& pProbe->aiRowLogEst[saved_nEq+1]>=42  /* TUNING: Minimum for skip-scan */,&& pProbe->aiRowLogEst[saved_nEq+1]>=42  /* TUNING: Minimum for skip-scan */,   && pProbe->aiRowLogEst[saved_nEq+1]>=42  /* TUNING: Minimum for skip-scan */,0.0379069969058036,"[[256, 1009, 281, 81426, 405, 2143, 3102, 2201, 13782, 11880, 4141, 1089, 27312, 10, 16, 73775, 19, 17, 220, 1391, 350, 1861, 1718, 25, 30925, 369, 10706, 1331, 4814, 639, 151643]]","[-0.012769714929163456, -0.0006955826538614929, -0.2513032853603363, -0.06926795095205307, -5.006777428206988e-06, -0.014794871211051941, -0.00027021096320822835, -0.0025115632452070713, -1.5616295058862306e-05, -0.0006872437661513686, -9.536738616588991e-07, 0.0, -2.861018856492592e-06, -0.023698879405856133, -0.0001954841281985864, -0.16469556093215942, -0.001824620645493269, -0.0023430532310158014, -0.3588603734970093, -6.854299135738984e-05, -0.002548306016251445, -8.916457591112703e-05, -1.490105023549404e-05, -0.09255940467119217, -0.05806010216474533, -0.19885899126529694, -0.00099323526956141, -1.811964830267243e-05, 0.0, -0.05098501965403557, -0.026091767475008965]",8.75694465637207,True,0.0,-1.3342303874678691,-0.04303968991831836,31.0,-1.3081386199928602,-0.046719236428316435,28.0,0.0073955255313116475,1,18,18,18,1.0,-0.8113787767907149,-1.0030318949115475,False,29,0.9354838709677419,0.0,1.0,0.0,1.1760405661850395
~/anvil/data/cve-targets/openssl_repo_crypto_bn_bn_gf2m.c,598,495,643,if (ubits <= BN_BITS2 && udp[0] == 1),if (ubits == 0),"            if (ubits == 0)
                goto err;
            if (ubits == 1)",0.8483578562736511,"[[310, 421, 320, 81402, 621, 220, 15, 340, 394, 7986, 1848, 280, 310, 421, 320, 81402, 621, 220, 16, 8, 151643]]","[-0.003472728654742241, -0.029179546982049942, -0.1400803178548813, -0.002506569027900696, -0.057082582265138626, -0.002844575559720397, -0.1603946089744568, -0.5920714139938354, -0.01095896027982235, -0.08518122881650925, -0.028889009729027748, -0.16275960206985474, -0.00499690743163228, -0.07953434437513351, -0.02641272358596325, -0.025492075830698013, -0.03748513385653496, -0.006728610955178738, -0.0001854724541772157, -0.5084595084190369, -0.17357562482357025]",8.856945037841797,False,2.0,-2.1382915459398646,-0.10182340694951736,21.0,-0.9985913035925478,-0.11095458928806086,9.0,0.032150621962619724,1,23,25,12,0.92,-7.645991587343361,-1.0055426213267953,True,16,0.7619047619047619,23.0,0.5384615384615384,12.0,2.282127019353593
~/anvil/data/cve-targets/libxml2_repo_HTMLparser.c,2744,2727,2765,NEXT;,NEXT;,    NEXT;,2.4021553993225098,"[[262, 45011, 26, 151643]]","[-0.15847928822040558, -0.921180248260498, -0.055298611521720886, -0.06350784748792648]",5.931249618530273,True,0.0,-1.198465995490551,-0.29961649887263775,4.0,-1.1349581480026245,-0.3783193826675415,3.0,0.14912333503683342,1,4,4,4,1.0,-6.349543558632494,-1.0699533698650583,False,2,0.5,0.0,1.0,0.0,0.9942773609722836
~/anvil/data/cve-targets/openssl_repo_crypto_x509_x509_vfy.c,45,-110,195,static int check_name_constraints(X509_STORE_CTX *ctx);,static int check_name_constraints(X509_STORE_CTX *ctx);,"static int check_name_constraints(X509_STORE_CTX *ctx);
static int check_id_error(X5",0.194901093840599,"[[1978, 526, 1779, 1269, 60267, 7644, 20, 15, 24, 40415, 44233, 353, 3773, 317, 1978, 526, 1779, 842, 4096, 7644, 20]]","[-0.058454398065805435, -0.030299333855509758, -0.6544312238693237, -0.9719045758247375, -0.10245849937200546, -0.0002217047003796324, -7.152555099310121e-07, -3.576278118089249e-07, -7.152555099310121e-07, -0.0014425835106521845, -4.410734163684538e-06, -0.00013743886665906757, -0.0003895000845659524, -0.5904724597930908, -0.04837564006447792, -0.028938578441739082, -0.09389928728342056, -0.41482895612716675, -0.42274805903434753, -0.1282355934381485, -2.0265558760002023e-06]",4.252776622772217,True,1.0,-3.5472460577609013,-0.1689164789409953,21.0,-2.410217916815725,-0.17215842262969464,14.0,0.09438801096463237,0,16,22,16,0.7272727272727273,-1.1321031574494782,-1.1158058651327474,False,14,0.6666666666666666,0.0,1.0,0.0,0.8493455401994114
~/anvil/data/cve-targets/php_repo_ext_exif_exif.c,3659,3617,3700,if (pos+length>=ImageInfo->Thumbnail.size) {,if (length < 2) {,		if (length < 2) {,0.1754875928163528,"[[197, 743, 320, 4129, 366, 220, 17, 8, 314, 151643]]","[-0.06910787522792816, -0.3823813498020172, -0.12093070894479752, -0.5054670572280884, -0.763690710067749, -0.01646408997476101, -0.033490266650915146, -0.27857786417007446, -0.25990328192710876, -0.5644640922546387]",9.37777614593506,False,0.0,-2.9944772962480783,-0.2994477296248078,10.0,-2.4300132039934397,-0.2700014671103822,9.0,0.05497521716140989,1,22,13,13,1.6923076923076923,-0.6499505158044561,-1.0187211796170241,True,13,1.3,31.0,0.42622950819672134,11.0,2.187243687259308
~/anvil/data/cve-targets/lua_repo_ldo.c,446,291,596,"** to be executed, if it was a Lua function. Otherwise (a C function)",** to be used for this call.,"** to be used for this call.
** In case of error during the call, 'prepcall' does the call to the",1.019431710243225,"[[334, 311, 387, 1483, 369, 419, 1618, 624, 334, 758, 1142, 315, 1465, 2337, 279, 1618, 11, 364, 1726, 3992, 541, 6, 1558, 279, 1618, 311, 279]]","[-0.0029900625813752413, -0.8147839903831482, -0.019134696573019028, -0.44394367933273315, -0.08972201496362686, -0.7934513688087463, -0.16116146743297577, -0.7526226043701172, -0.2677648365497589, -0.14894692599773407, -0.45178550481796265, -0.00010322991875000298, -0.3534654676914215, -0.5466852188110352, -0.018784135580062866, -0.2699035108089447, -0.011217622086405754, -0.2724177837371826, -0.18921056389808655, -0.4037044942378998, -2.264974000354414e-06, -0.25984987616539, -1.4649001359939575, -0.006565665826201439, -1.4628338813781738, -0.3979097604751587, -0.0015128131490200758]",9.361978530883787,False,1.0,-9.605373576542888,-0.35575457690899587,27.0,-3.0778098844457418,-0.3847262355557177,8.0,0.1134060907149973,0,24,39,12,0.6153846153846154,-2.649758753183825,-1.0183189249295572,True,18,0.6666666666666666,47.0,0.45360824742268047,22.0,2.2696981910885565
~/anvil/data/cve-targets/openssl_repo_crypto_asn1_tasn_dec.c,652,638,761,"ERR_raise(ERR_LIB_ASN1, ASN1_R_ILLEGAL_NULL);","ERR_raise(ERR_LIB_ASN1, ERR_R_PASSED_NULL_PARAMETER);","        ERR_raise(ERR_LIB_ASN1, ERR_R_PASSED_NULL_PARAMETER);",0.5821245908737183,"[[286, 10165, 55383, 68174, 26207, 1566, 18966, 16, 11, 10165, 2568, 1088, 1911, 20275, 18119, 33241, 1215, 151643]]","[-0.011241314932703972, -0.2705576717853546, -9.738924563862383e-05, -0.0004687402688432485, -6.842378934379667e-05, -0.0005297449533827603, -1.0728830375228426e-06, -6.079655122448457e-06, -0.001629335805773735, -0.31580308079719543, -9.369411418447271e-05, -0.018714290112257004, -0.00014911970356479287, -3.099436753473128e-06, -0.003764805383980274, -0.00043823651503771544, -0.10046300292015076, -0.020488061010837555]",8.778646469116211,False,0.0,-0.7445171633131622,-0.04136206462850901,18.0,-0.7240291023023246,-0.04258994719425439,17.0,0.008981391250760406,0,11,11,11,1.0,-13.66812192132161,-1.0035762328211817,True,15,0.8333333333333334,21.0,0.7142857142857143,1.0,2.1327661803565423
~/anvil/data/cve-targets/openssl_repo_crypto_pkcs7_pk7_doit.c,178,159,299,const char *propq;,p7_ctx = ossl_pkcs7,    p7_ctx = ossl_pkcs7,1.5813108682632446,"[[262, 281, 22, 15147, 284, 297, 24635, 33321, 4837, 22]]","[-0.2617253363132477, -1.2189244031906128, -0.00020930961181875318, -0.00027366707217879593, -0.0003449321957305074, -0.740087628364563, -0.018669478595256805, -0.0047838520258665085, -1.6689160474925302e-05, -6.198863957251888e-06]",7.567533493041992,False,0.0,-2.245041495393707,-0.2245041495393707,10.0,-2.245041495393707,-0.2245041495393707,10.0,0.15983570910867742,1,9,7,7,1.2857142857142858,-7.04357078257894,-1.0270678254732348,True,6,0.6,17.0,0.32432432432432434,9.0,2.11383367194119
~/anvil/data/cve-targets/libtiff_repo_libtiff_tif_predict.c,319,311,328,tmsize_t wc = cc / 2;,tmsize_t wc = cc / sizeof (uint16_t);,	tmsize_t wc = cc / sizeof (uint16_t);,0.1161383539438247,"[[3244, 1011, 551, 528, 26548, 284, 12527, 608, 3935, 320, 2496, 16, 21, 528, 1215, 151643]]","[-0.2703687250614166, -0.002222212729975581, -7.629103492945433e-05, -4.887569048150908e-06, -0.014082935638725758, -0.016146257519721985, -0.065139539539814, -0.33548152446746826, -0.35440734028816223, -0.08837313950061798, -0.0028834454715251923, -0.0004758894501719624, -3.576272320060525e-06, -8.046303264563903e-05, -0.19186176359653473, -0.0459350161254406]",3.2675342559814453,False,0.0,-1.3875430072985182,-0.08672143795615739,16.0,-1.3416079911730776,-0.08944053274487183,15.0,0.01603959732397214,1,11,16,16,0.6875,-1.298498011803084,-1.1436306152182423,True,11,0.6875,17.0,0.6896551724137931,6.0,1.70937017246201
~/anvil/data/cve-targets/sqlite3_repo_src_select.c,6330,6175,6480,"&& sqlite3ExprListCompare(sSort.pOrderBy, pEList, -1)==0",&& pGroupBy!=0 && p->pHaving==0 && !isAgg <|fim_pad|><|fim_pad|><|fim_pad|><|fim_pad|><|fim_pad|><|fim_pad|><|fim_pad|><|fim_pad|><|fim_pad|><|fim_pad|>,   && pGroupBy!=0 && p->pHaving==0 && !isAgg <|fim_pad|><|fim_pad|><|fim_pad|><|fim_pad|><|fim_pad|><|fim_pad|><|fim_pad|><|fim_pad|><|fim_pad|><|fim_pad|>,0.2534635365009308,"[[256, 1009, 281, 2808, 1359, 5824, 15, 1009, 281, 405, 79, 28032, 418, 15, 1009, 753, 285, 9042, 70, 220, 151662, 151662, 151662, 151662, 151662, 151662, 151662, 151662, 151662, 151662]]","[-0.389894038438797, -0.0007628867751918733, -1.1913213729858398, -0.5095445513725281, -1.2636104656849056e-05, -0.9621101021766663, -0.0016276695532724261, -0.5638145804405212, -0.7276752591133118, -0.31819984316825867, -0.006423659157007933, -0.45679038763046265, -0.0005604841862805188, -5.61460001335945e-05, -0.49431970715522766, -1.0089010000228882, -0.08066262304782867, -0.013287563808262348, -0.00011991735664196312, -1.0246800184249878, -0.6059174537658691, 0.0, 0.0, 0.0, 0.0, 0.0, 0.0, 0.0, 0.0, 0.0]",7.067536354064941,False,0.0,-8.356681900684634,-0.39793723336593495,21.0,-8.356681900684634,-0.39793723336593495,21.0,0.14240413230303653,1,16,80,80,0.2,-0.6369435057811011,-1.0399866739592485,True,19,0.9047619047619048,138.0,0.14423076923076927,87.0,2.065102446818854
~/anvil/data/cve-targets/openssl_repo_ssl_statem_extensions_srvr.c,335,180,485,},},"}
",9.767507553100586,[[532]],[-0.14250732958316803],5.743748664855957,True,1.0,-0.14250732958316803,-0.14250732958316803,1.0,-0.14250732958316803,-0.14250732958316803,1.0,0.0,0,2,2,2,1.0,-68.54038723250524,-1.0749805751631452,False,1,1.0,0.0,1.0,0.0,1.46896956450437
~/anvil/data/cve-targets/libpng_repo_png.h,2655,2500,2805,*/,*/,"    */
/*",4.377495765686035,"[[262, 735, 1057]]","[-0.04220813512802124, -0.37748682498931885, -1.0137308835983276]",8.348089218139648,True,1.0,-1.4334258437156677,-0.4778086145718892,3.0,-0.4196949601173401,-0.20984748005867004,2.0,0.028102949968777047,1,3,5,3,0.6,-20.86036851365647,-1.007220017513901,False,1,0.3333333333333333,0.0,1.0,0.0,1.2952369461011173
~/anvil/data/cve-targets/sqlite3_repo_src_vdbe.c,639,484,789,** Execute as much of a VDBE program as we can.,** Execute as much of a VDBE program as we can then return.,"** Execute as much of a VDBE program as we can then return.
**
** sqlite3V",0.7652082443237305,"[[334, 20848, 438, 1753, 315, 264, 647, 3506, 36, 2025, 438, 582, 646, 1221, 470, 624, 1019, 334, 22003, 18, 53]]","[-0.0052745467983186245, -1.0842204093933105, -0.001065401709638536, -0.0006659197388216853, -2.6702524337451905e-05, -0.000125281119835563, -0.00011443436960689723, -3.242440288886428e-05, -7.033100700937212e-05, -1.4185804502631072e-05, -0.00038235029205679893, -1.5616295058862306e-05, 0.0, -0.5261582136154175, -0.00025245340657420456, -0.31587401032447815, -0.2823464870452881, -0.0015218593180179596, -0.047535818070173264, -4.0531076592742465e-06, -0.002543787471950054]",8.478471755981445,False,2.0,-2.2682442858149443,-0.10801163265785449,21.0,-1.9342922808018557,-0.1289528187201237,15.0,0.08239621770750846,0,14,24,16,0.5833333333333334,-5.934017200388006,-1.0039422648861223,True,14,0.6666666666666666,12.0,0.8867924528301887,2.0,2.1785485806773663
~/anvil/data/cve-targets/libxml2_repo_HTMLparser.c,2761,2727,2765,"ret = xmlStrndup(q, CUR_PTR - q);","ret = xmlStrndup(q, len);","        ret = xmlStrndup(q, len);
        if (err == 0) {
           ",0.7205849289894104,"[[286, 2112, 284, 8396, 2580, 303, 454, 10583, 11, 2422, 317, 286, 421, 320, 615, 621, 220, 15, 8, 341, 310]]","[-0.04640024155378342, -0.8018254041671753, -0.003339668270200491, -0.09327290207147598, -0.05078505352139473, -0.01964014396071434, -1.3589766240329482e-05, -0.05061507970094681, -0.029989108443260193, -0.008538524620234966, -0.5901298522949219, -0.3706127405166626, -0.512268602848053, -0.28015628457069397, -0.8055904507637024, -1.0223140716552734, -0.0015960109885782003, -0.13006240129470825, -0.497928261756897, -0.06604182720184326, -0.10251347720623016]",4.432117938995361,False,2.0,-5.483633697172991,-0.2611254141510948,21.0,-2.065162308887011,-0.17209685907391759,12.0,0.06587383703469936,1,17,26,14,0.6538461538461539,-4.187089368550944,-1.1108143110803195,True,13,0.6190476190476191,11.0,0.7586206896551724,4.0,1.9111496840382758
~/anvil/data/cve-targets/openssl_repo_crypto_pkcs7_pk7_doit.c,793,784,824,X509 *x509;,X509 *x509 = NULL;,    X509 *x509 = NULL;,0.1473501920700073,"[[262, 1599, 20, 15, 24, 353, 87, 20, 15, 24, 284, 1770, 26, 151643]]","[-0.004504295997321606, -0.014120195992290974, -2.264974000354414e-06, -5.125986263010418e-06, -8.344646857949556e-07, -0.0006887924391776323, -0.00039569655200466514, -0.0004801789182238281, -2.145764938177308e-06, -2.622600959512056e-06, -0.7582979202270508, -0.0007615765207447112, -0.6252757906913757, -0.01538598258048296]",10.36267375946045,False,0.0,-1.4199234237095197,-0.10142310169353712,14.0,-1.4045374411290368,-0.10804134162531052,13.0,0.0626506577680836,1,7,11,11,0.6363636363636364,-1.363831565337467,-1.0441159385696948,True,10,0.7142857142857143,7.0,0.7586206896551724,4.0,1.9439320525687005
~/anvil/data/cve-targets/openssl_repo_ssl_statem_extensions_srvr.c,289,256,335,},},        },0.0759570077061653,"[[286, 335, 151643]]","[-0.018610037863254547, -0.06251906603574753, -0.011506620794534683]",13.64392375946045,True,0.0,-0.09263572469353676,-0.030878574897845585,3.0,-0.08112910389900208,-0.04056455194950104,2.0,0.00048200068876319557,1,2,2,2,1.0,-1.872497144815613,-1.1333771291379922,False,1,0.3333333333333333,0.0,1.0,0.0,0.6329353750009465
~/anvil/data/cve-targets/libsndfile_repo_src_alaw.c,338,332,352,"int			bufferlen, readcount ;","int			readcount, bufferlen ;","	int			readcount, bufferlen ;",0.1873147785663604,"[[2084, 298, 37043, 1830, 11, 4147, 2892, 2587, 151643]]","[-0.14864203333854675, -1.2833219766616821, -0.48138636350631714, -9.595887240720913e-05, -0.30531880259513855, -0.002400970784947276, -5.471556869451888e-05, -0.11344438046216965, -0.19002555310726166]",3.8743066787719727,False,0.0,-2.524690754897165,-0.28052119498857386,9.0,-2.334665201789903,-0.2918331502237379,8.0,0.16568810697634975,0,7,7,7,1.0,-0.6418557262009231,-1.126413443699311,True,8,0.8888888888888888,18.0,0.6071428571428572,2.0,1.716929219753436
~/anvil/data/cve-targets/openssl_repo_ssl_t1_lib.c,1141,1129,1192,if (clu->amask & s->s3.tmp.new_cipher->algorithm_auth) {,if (clu != NULL && s->s3.tmp.new_cipher->algorithm_auth == clu->amask) {,                if (clu != NULL && s->s3.tmp.new_cipher->algorithm_auth == clu->amask) {,0.1608616560697555,"[[394, 421, 320, 564, 84, 961, 1770, 1009, 274, 405, 82, 18, 44731, 4618, 76692, 405, 19688, 14014, 621, 1185, 84, 405, 309, 1073, 8, 314, 151664, 151659, 14, 53612, 12]]","[-0.13059231638908386, -0.11286536604166031, -0.09575323760509491, -0.47850000858306885, -3.2186455882765586e-06, -0.7390786409378052, -0.0003781795676331967, -0.5624088644981384, -0.856136679649353, -0.000105375460407231, -0.11933166533708572, -7.629365427419543e-06, -0.0003496989083942026, -0.07555463910102844, -5.6980417866725475e-05, -0.0038523285184055567, -0.004533726722002029, -0.0011689979583024979, -0.3223044276237488, -0.013446359895169735, -1.3470558769768104e-05, -8.689979586051777e-05, -0.0011066034203395247, -0.0003849719068966806, -0.1446789652109146, -0.03917723149061203, -0.6474541425704956, -0.5805433988571167, -1.4997695684432983, -0.6995230913162231, -1.4250385761260986]",10.267536163330078,False,0.0,-4.349330626179153,-0.16108631948811677,27.0,-3.7018764836086575,-0.14237986475417913,26.0,0.05703372973273906,0,28,35,35,0.8,-1.1298062148568933,-1.0416355224873695,True,20,0.7407407407407407,23.0,0.765625,11.0,2.1904320857750172
~/anvil/data/cve-targets/php_repo_ext_standard_http_fopen_wrapper.c,625,564,637,if (tmp_line[tmp_line_len - 1] == '\r') {,if (tmp_line_len && tmp_line[tmp_line_len - 1] == '\r') {,				if (tmp_line_len && tmp_line[tmp_line_len - 1] == '\r') {,0.072598673403263,"[[571, 743, 320, 5173, 6528, 6043, 1009, 4174, 6528, 68503, 6528, 6043, 481, 220, 16, 60, 621, 5196, 81, 863, 314, 151664, 151659, 81143, 14]]","[-0.38769134879112244, -0.0038191964849829674, -0.019764624536037445, -0.0046218945644795895, -5.94836674281396e-05, -0.4790438711643219, -0.6006163954734802, -0.020526017993688583, -4.291525328881107e-06, -0.0019568121060729027, -3.4570634852570947e-06, -5.006777428206988e-06, -0.03099115379154682, -0.0067248218692839146, -0.0006111184484325349, -0.0029356263112276793, -0.0006163604557514191, -0.0009386900928802788, -0.0029393110889941454, -0.001279965159483254, -0.07904870808124542, -0.4318867325782776, -0.9321343898773193, -0.8615840077400208, -1.1638215780258179]",20.88194465637207,False,0.0,-2.0760848880249796,-0.09436749491022635,22.0,-1.644198155446702,-0.07829515025936676,21.0,0.02952007463512917,1,24,27,27,0.8888888888888888,-0.9272435542018482,-1.3581891538515223,True,16,0.7272727272727273,16.0,0.8367346938775511,3.0,1.2550177917460104
~/anvil/data/cve-targets/poppler_repo_poppler_FileSpec.cc,237,195,266,name->del(0);,name->del(0);,            name->del(0);,0.4407072365283966,"[[310, 829, 405, 9588, 7, 15, 1215, 151643]]","[-0.0032695666886866093, -0.04148755222558975, -0.000566203030757606, -0.456073522567749, -0.02122626267373562, -0.10220980644226074, -0.3413656949996948, -0.07128509879112244]",9.177257537841797,True,0.0,-1.0374837074195966,-0.12968546342744958,8.0,-0.9661986086284742,-0.1380283726612106,7.0,0.029114342927914177,0,12,12,12,1.0,-3.1928742477469365,-1.0136271445706169,False,6,0.75,0.0,1.0,0.0,1.1062471312453557
~/anvil/data/cve-targets/lua_repo_ldebug.c,114,103,121,L->oldpc = L->ci->u.l.savedpc;,L->ci->u.l.trap = 1;  /* to trace inside 'luaV_execute,    L->ci->u.l.trap = 1;  /* to trace inside 'luaV_execute,0.4136888384819031,"[[262, 444, 405, 5855, 405, 84, 918, 5427, 391, 284, 220, 16, 26, 220, 1391, 311, 11655, 4766, 364, 27623, 53, 44329]]","[-0.003188884584233165, -0.13757094740867615, -0.002288105897605419, -1.298122763633728, -0.0006200536736287177, -0.1861206293106079, -0.0013171101454645395, -0.6890743970870972, -0.0023268787190318108, -0.0018753099720925093, -0.0036678914912045, -0.0023354417644441128, -0.016838790848851204, -0.05068579316139221, -0.0004568248405121267, -0.43207070231437683, -1.3787986040115356, -0.10827124118804932, -0.16892029345035553, -0.004865828901529312, -0.0013578252401202917, -0.0005197366117499769]",8.60486125946045,False,0.0,-4.4912940542562865,-0.20414972973892212,22.0,-4.4912940542562865,-0.20414972973892212,22.0,0.1557985357416047,1,22,37,37,0.5945945945945946,-2.0263991483650314,-1.0007750771527562,True,14,0.6363636363636364,42.0,0.3571428571428571,28.0,2.2538908152923374
~/anvil/data/cve-targets/libsndfile_repo_src_double64.c,76,70,214,if (psf->sf.channels < 1),if (psf->sf.channels > SF_MAX_CHANNELS),	if (psf->sf.channels > SF_MAX_CHANNELS),0.5720727443695068,"[[743, 320, 1690, 69, 405, 17246, 39895, 861, 23463, 6806, 77026, 8, 151643]]","[-0.15238936245441437, -0.2559199631214142, -0.3920801877975464, -2.276871418871451e-05, -0.0026326067745685577, -0.7553948760032654, -0.07084585726261139, -0.43693581223487854, -0.5928674936294556, -0.0025694710202515125, -0.2543611228466034, -0.2019396871328354, -0.01905563473701477]",5.198610305786133,False,0.0,-3.137014843729048,-0.2413088341330037,13.0,-3.1179592089920334,-0.25982993408266947,12.0,0.054653613150348716,1,18,18,18,1.0,-2.201719930342944,-1.0897311895964534,True,11,0.8461538461538461,16.0,0.71875,2.0,1.9710654601089195
~/anvil/data/cve-targets/php_repo_ext_iconv_iconv.c,1138,968,1463,--str_left;,--str_left;,								--str_left;,0.0608940944075584,"[[2683, 197, 313, 495, 9579, 26, 151643]]","[-0.01229175180196762, -0.06596292555332184, -0.10988752543926239, -0.006009841803461313, -8.105902816168964e-05, -0.12789137661457062, -0.024425525218248367]",10.323610305786133,True,0.0,-0.34655000545899384,-0.04950714363699912,7.0,-0.32212448024074547,-0.05368741337345758,6.0,0.0026126269683537234,1,6,6,6,1.0,-1.1342340891703997,-1.0430967669403184,False,4,0.5714285714285714,0.0,1.0,0.0,0.929410408136246
~/anvil/data/cve-targets/poppler_repo_poppler_GfxState.cc,2408,2399,2421,int i;,int i;,"    int i;
    if",1.7647857666015625,"[[262, 526, 600, 280, 262, 421]]","[-0.24945451319217682, -0.08434657007455826, -0.016763299703598022, -0.5228325128555298, -0.3432435691356659, -0.3630933165550232]",9.244619369506836,True,1.0,-1.579733781516552,-0.263288963586092,6.0,-1.2166404649615288,-0.24332809299230576,5.0,0.03295001726153966,1,5,6,5,0.8333333333333334,-7.252700437911896,-1.0153355772333659,False,3,0.5,0.0,1.0,0.0,1.1138766800358808
~/anvil/data/cve-targets/lua_repo_ldebug.c,438,356,568,},},    },0.0215797014534473,"[[262, 335, 151643]]","[-0.010104337707161903, -0.023715876042842865, -0.003341331612318754]",11.014063835144045,True,0.0,-0.03716154536232352,-0.012387181787441174,3.0,-0.03382021375000477,-0.016910106875002384,2.0,4.631849396592811e-05,0,2,2,2,1.0,-1.2761422274242284,-1.0612583083604166,False,1,0.3333333333333333,0.0,1.0,0.0,0.8305180741468262
~/anvil/data/cve-targets/libtiff_repo_libtiff_tif_pixarlog.c,213,160,226,},},	    },0.2017768025398254,"[[2760, 335, 151643]]","[-0.001262106467038393, -0.07903328537940979, -0.043726250529289246]",11.95642375946045,True,0.0,-0.12402164237573743,-0.041340547458579145,3.0,-0.08029539184644818,-0.04014769592322409,2.0,0.0015120890673550203,0,2,2,2,1.0,-5.025862578158671,-1.0865573305221117,False,1,0.3333333333333333,0.0,1.0,0.0,0.7723951917550413
~/anvil/data/cve-targets/libsndfile_repo_src_wavlike.c,286,95,384,buffer [--bit] = 0 ;,if (bit > 0),					if (bit > 0),0.635570228099823,"[[464, 743, 320, 4489, 861, 220, 15, 8, 151643]]","[-0.0022895331494510174, -0.34785646200180054, -0.022485656663775444, -0.05770706385374069, -0.4164678454399109, -0.01267955545336008, -0.6559828519821167, -0.13661067187786102, -0.07725795358419418]",11.571008682250977,False,0.0,-1.7293375940062106,-0.19214862155624562,9.0,-1.6520796404220164,-0.20650995505275205,8.0,0.05078204912286558,1,14,12,12,1.1666666666666667,-3.077673557855695,-1.0761382177352117,True,8,0.8888888888888888,12.0,0.5,15.0,1.967972362083379
~/anvil/data/cve-targets/poppler_repo_poppler_GfxState.cc,2395,2386,2402,int i;,int i;,"    int i;
    if",2.1343190670013428,"[[262, 526, 600, 280, 262, 421]]","[-0.17478828132152557, -0.17151932418346405, -0.016176989302039146, -0.48331373929977417, -0.12475356459617615, -0.878725528717041]",9.010589599609377,True,1.0,-1.84927742742002,-0.30821290457000333,6.0,-0.9705518987029791,-0.1941103797405958,5.0,0.02419858833975082,1,5,6,5,0.8333333333333334,-10.995388653886478,-1.0094124526853876,False,3,0.5,0.0,1.0,0.0,1.156074958923667
~/anvil/data/cve-targets/libpng_repo_pngrtran.c,1694,1673,1848,info_ptr->num_trans = 0;,info_ptr->num_trans = 0;,         info_ptr->num_trans = 0;,0.0668933317065239,"[[260, 3546, 4348, 405, 2413, 7965, 284, 220, 15, 26, 151643]]","[-0.09296835958957672, -0.04044194146990776, -2.145764938177308e-06, -1.7523612768854946e-05, -0.016838205978274345, -0.0002549561613705009, -0.0006948678637854755, -0.0006165986997075379, -0.0004530118894763291, -0.163962259888649, -0.009668191894888878]",5.111284255981445,True,0.0,-0.32591806281334357,-0.02962891480121305,11.0,-0.3162498709184547,-0.03162498709184547,10.0,0.002744554984680017,1,10,10,10,1.0,-2.1152050279815735,-1.0921128364015176,False,9,0.8181818181818182,0.0,1.0,0.0,0.8384266722699737
~/anvil/data/cve-targets/poppler_repo_poppler_SplashOutputDev.cc,1699,1633,1887,doAdjustFontMatrix = true;,"if (fileName && fileName->cmp(""NimbusSan","            if (fileName && fileName->cmp(""NimbusSan",0.4992692768573761,"[[310, 421, 320, 20464, 1009, 12665, 405, 7293, 445, 45, 95216, 23729]]","[-0.1128324642777443, -0.7397408485412598, -0.25489702820777893, -0.9620131850242615, -0.9936186075210571, -0.7776321172714233, -0.00560545502230525, -0.46107274293899536, -1.3308558464050293, -2.187990665435791, -0.46160370111465454, -0.23548920452594757]",7.777950763702393,False,0.0,-8.523351866286248,-0.7102793221905207,12.0,-8.523351866286248,-0.7102793221905207,12.0,0.3440043071229282,0,7,12,12,0.5833333333333334,-0.7029196278973969,-1.0216791909561005,True,7,0.5833333333333334,38.0,0.12121212121212122,12.0,2.031013898718938
~/anvil/data/cve-targets/libpng_repo_pngset.c,1031,950,1034,++np;,++np;,      ++np;,0.1484920084476471,"[[414, 3443, 6199, 26, 151643]]","[-0.03644808754324913, -0.073065847158432, -0.003565979190170765, -0.011574026197195053, -0.008238025940954685]",4.927778244018555,True,0.0,-0.13289196603000164,-0.026578393206000327,5.0,-0.12465394008904696,-0.03116348502226174,4.0,0.000732276050401715,0,6,6,6,1.0,-4.7649358966614725,-1.0971345783725641,False,3,0.6,0.0,1.0,0.0,0.784617491611704
~/anvil/data/cve-targets/libxml2_repo_parser.c,2591,2479,2636,"xmlLoadEntityContent(ctxt, ent);",if (ent->etype == XML_INTERNAL_PREDEFINED_ENTITY),"		    if (ent->etype == XML_INTERNAL_PREDEFINED_ENTITY)
			m",2.139101982116699,"[[6449, 421, 320, 306, 405, 16214, 621, 11874, 31752, 17427, 46651, 46599, 340, 298, 2109]]","[-0.36789122223854065, -1.0736844539642334, -0.25368833541870117, -0.21847252547740936, -0.010334550403058529, -1.0003741979599, -0.2053416222333908, -0.0009882333688437939, -0.32345372438430786, -0.33875179290771484, -0.00034505134681239724, -6.329813186312094e-05, -0.4795905351638794, -0.3294230103492737, -0.025119325146079063]",6.111805438995361,False,1.0,-4.627521878494008,-0.3085014585662672,15.0,-4.602402553347929,-0.32874303952485207,14.0,0.10629612714631288,1,11,16,15,0.6875,-6.506911857992324,-1.0651345960538878,True,9,0.6,47.0,0.1728395061728395,13.0,2.0690104005190646
~/anvil/data/cve-targets/libxml2_repo_HTMLparser.c,2500,2468,2509,c = CUR_CHAR(l);,c = CUR_CHAR(l);,	c = CUR_CHAR(l);,0.2542414367198944,"[[1444, 284, 18548, 20891, 2333, 1215, 151643]]","[-1.2365381717681885, -0.0009900197619572282, -0.0021556015126407146, -0.0004673104267567396, -0.003309964668005705, -0.2816912829875946, -0.2562868595123291]",2.880035161972046,True,0.0,-1.7814392106374726,-0.2544913158053532,7.0,-1.5251523511251435,-0.25419205852085724,6.0,0.2034519690771224,1,12,12,12,1.0,-1.000194255474874,-1.1547633478834454,False,6,0.8571428571428571,0.0,1.0,0.0,0.6992407461949445
~/anvil/data/cve-targets/libtiff_repo_libtiff_tif_read.c,89,46,147,uint8_t* new_rawdata;,uint8_t* new_rawdata;,                uint8_t* new_rawdata;,0.1080333590507507,"[[394, 2622, 23, 528, 9, 501, 16067, 691, 26, 151643]]","[-0.016077401116490364, -0.047973256558179855, -0.00013052565918769687, -0.022258806973695755, -0.1624515801668167, -0.005296365823596716, -0.0002008474839385599, -1.311301275563892e-06, -0.3158566355705261, -0.04779587313532829]",7.936806678771973,True,0.0,-0.6180426037890356,-0.06180426037890356,10.0,-0.5702467306537073,-0.06336074785041193,9.0,0.010345350038646959,0,7,7,7,1.0,-1.7050518296565267,-1.0176297426938676,False,8,0.8,0.0,1.0,0.0,1.0151524052347198
~/anvil/data/cve-targets/libsndfile_repo_src_file_io.c,292,268,299,break ;,break ;,			break ;,0.0723747462034225,"[[298, 3388, 2587, 151643]]","[-0.017199642956256866, -0.01587126962840557, -0.1302642822265625, -0.7063705325126648]",10.372220039367676,True,0.0,-0.8697057273238897,-0.21742643183097243,4.0,-0.16333519481122494,-0.05444506493707498,3.0,0.002874570951144952,0,4,4,4,1.0,-1.3293169231604334,-1.0443651538821304,False,2,0.5,0.0,1.0,0.0,0.9039389723004715
~/anvil/data/cve-targets/lua_repo_ldebug.c,154,146,160,if (n <= nextra) {,if (n <= nextra) {,    if (n <= nextra) {,0.0210797041654586,"[[262, 421, 320, 77, 2651, 308, 15460, 8, 314, 151643]]","[-0.0007595514762215316, -0.00268503837287426, -0.009956341236829758, -0.0010089550632983446, -0.03522883728146553, -0.00038628268521279097, -2.9801878554280847e-05, -0.01079965103417635, -0.07979919761419296, -0.12633536756038666]",11.600695610046388,True,0.0,-0.26698902420321247,-0.026698902420321247,10.0,-0.1406536566428258,-0.01562818407142509,9.0,0.0006261708128130586,1,13,13,13,1.0,-1.3488262020154462,-1.0769371951275337,False,8,0.8,0.0,1.0,0.0,0.911707260126976
~/anvil/data/cve-targets/poppler_repo_poppler_Annot.cc,5094,5076,5097,if (obj1.isArray()) {,if (obj1.isArray()) {,    if (obj1.isArray()) {,0.0703346654772758,"[[262, 421, 320, 2295, 16, 31809, 2140, 314, 151664, 151659, 14, 824]]","[-0.0010963627137243748, -0.017293497920036316, -0.01733696460723877, -0.0018701935186982155, -0.0001212284987559542, -0.0387020967900753, -0.0912153348326683, -0.06243373081088066, -0.28811901807785034, -0.7051358222961426, -1.8202301263809204, -2.087780714035034]",10.33142375946045,True,0.0,-0.5181884277699282,-0.05757649197443647,9.0,-0.2300694096920779,-0.028758676211509737,8.0,0.000962989803936412,0,17,17,17,1.0,-2.4456850850849183,-1.0433005415486216,False,7,0.7777777777777778,0.0,1.0,0.0,1.0544970215008889
~/anvil/data/cve-targets/lua_repo_lstate.h,267,112,417,const Instruction *oldpc;,StkId stack_last;  /* end,  StkId stack_last;  /* end,0.4074840247631073,"[[220, 794, 74, 764, 5611, 12195, 26, 220, 1391, 835]]","[-0.0024405713193118572, -0.3202162981033325, -5.125986263010418e-06, -2.861018856492592e-06, -0.050745394080877304, -0.004370898474007845, -0.00038068200228735805, -0.001909815357066691, -3.635817120084539e-05, -0.08004989475011826]",10.063368797302246,False,0.0,-0.4601578992633222,-0.04601578992633222,10.0,-0.4601578992633222,-0.04601578992633222,10.0,0.009037588382718495,1,9,11,11,0.8181818181818182,-8.8553086976331,-1.036332368613114,True,6,0.6,23.0,0.36,11.0,2.006455261937009
~/anvil/data/cve-targets/libtiff_repo_libtiff_tif_predict.c,40,-115,190,"static int swabHorDiff16(TIFF* tif, uint8_t* cp0, tmsize_t cc);","static int swabHorDiff16(TIFF* tif, uint8_t* cp0, tmsize_t cc);<|fim_pad|><|fim_pad|><|fim_pad|><|fim_pad|><|fim_pad|><|fim_pad|><|fim_pad|><|fim_pad|><|fim_pad|><|fim_pad|><|fim_pad|><|fim_pad|><|fim_pad|>","static int swabHorDiff16(TIFF* tif, uint8_t* cp0, tmsize_t cc);<|fim_pad|><|fim_pad|><|fim_pad|><|fim_pad|><|fim_pad|><|fim_pad|><|fim_pad|><|fim_pad|><|fim_pad|><|fim_pad|><|fim_pad|><|fim_pad|><|fim_pad|>",0.0005895537324249,"[[1978, 526, 2021, 370, 39601, 21751, 16, 21, 4140, 29035, 9, 259, 333, 11, 2622, 23, 528, 9, 12490, 15, 11, 259, 1011, 551, 528, 12527, 1215, 151662, 151662, 151662, 151662, 151662, 151662, 151662, 151662, 151662, 151662, 151662, 151662, 151662]]","[-0.007125441916286945, -0.0001081169830285944, -0.0037939015310257673, -3.3378546504536644e-06, -1.3351351299206726e-05, -9.42901024245657e-05, -0.0019822726026177406, -2.622600959512056e-06, -2.062299427052494e-05, -1.1920928244535389e-07, -0.00024720950750634074, -3.3378546504536644e-06, -4.768370445162873e-07, -3.635817120084539e-05, -4.8874615458771586e-05, -4.768360213347478e-06, -2.3841830625315197e-06, -0.00021360022947192192, -0.0003311085747554898, -0.0003060825983993709, -3.93382906622719e-05, -7.283422019099817e-05, 0.0, -1.1920928244535389e-07, -7.152555099310121e-07, -5.5549986427649856e-05, -0.0006023023161105812, -0.023352360352873802, 0.0, 0.0, 0.0, 0.0, 0.0, 0.0, 0.0, 0.0, 0.0, 0.0, 0.0, 0.0]",8.97986125946045,False,0.0,-0.038461497708667025,-0.0013736249181666796,28.0,-0.038461497708667025,-0.0014244999151358157,27.0,1.4453832390425215e-05,0,26,103,103,0.2524271844660194,-0.4138671586854326,-1.0086373112287204,True,27,0.9642857142857143,143.0,0.46840148698884754,90.0,2.2487077536669284
~/anvil/data/cve-targets/sqlite3_repo_ext_misc_zipfile.c,223,218,234,struct ZipfileLFH {,struct ZipfileLFH {,struct ZipfileLFH {,0.1091630756855011,"[[1235, 29232, 1192, 22609, 39, 314, 151643]]","[-0.012284805066883564, -0.0008481719414703548, -0.00028784899041056633, -0.000271521887043491, -2.13382354559144e-05, -0.6536293625831604, -0.5111943483352661]",8.941840171813965,True,0.0,-1.1785373970396904,-0.16836248529138434,7.0,-0.6673430487044243,-0.11122384145073738,6.0,0.05885977984269771,0,4,4,4,1.0,-0.9814719062176159,-1.0076790295469253,False,6,0.8571428571428571,0.0,1.0,0.0,1.0089227430639094
~/anvil/data/cve-targets/php_repo_ext_exif_exif.c,1560,1516,1562,return 0;,return 0;,	return 0;,0.3283724784851074,"[[853, 220, 15, 26, 151643]]","[-0.7404967546463013, -0.11520033329725266, -0.005985312629491091, -0.23892761766910553, -0.5391201376914978]",5.418228149414063,True,0.0,-1.6397301559336483,-0.32794603118672966,5.0,-1.1006100182421505,-0.27515250456053764,4.0,0.07897329695551572,0,5,5,5,1.0,-1.1934199145654536,-1.0837644742001107,False,4,0.8,0.0,1.0,0.0,0.8230747697962698
~/anvil/data/cve-targets/php_repo_ext_standard_http_fopen_wrapper.c,695,634,719,) {,) {,			) {,0.083389051258564,"[[298, 197, 8, 314, 151643]]","[-0.16443243622779846, -2.861018856492592e-06, -0.005178371910005808, -0.16164322197437286, -0.06475011259317398]",10.112675666809082,True,0.0,-0.3960070037242076,-0.07920140074484153,5.0,-0.3312568911310336,-0.0828142227827584,4.0,0.006440147714359946,0,3,3,3,1.0,-1.0069411805906034,-1.0376106139013017,False,2,0.4,0.0,1.0,0.0,0.9121991298253699
~/anvil/data/cve-targets/lua_repo_ldebug.c,355,326,359,"if (strchr(what, 'L'))","if (strchr(what, 'L'))","  if (strchr(what, 'L'))",0.0753996968269348,"[[220, 421, 320, 495, 16789, 7, 12555, 11, 364, 43, 3789, 151664, 151659, 14, 9835, 1630]]","[-0.0025038341991603374, -0.07891321182250977, -0.00394993694499135, -0.014978206716477871, -3.075552376685664e-05, -8.49926145747304e-05, -0.00026258357684127986, -0.0007886160165071487, -0.0004354958946350962, -0.007000679615885019, -0.10151956975460052, -0.5853685140609741, -0.7439348697662354, -1.6238476037979126, -1.4635528326034546, -0.9151495695114136]",8.24375057220459,True,0.0,-0.7958363967409241,-0.06631969972841034,12.0,-0.21046788267994998,-0.01913344387999545,11.0,0.001163878062934059,0,19,19,19,1.0,-3.9407279368962573,-1.0098507464255648,False,10,0.8333333333333334,0.0,1.0,0.0,1.1709692114385077
~/anvil/data/cve-targets/lua_repo_ldebug.c,788,747,794,L->hookcount = 1;  /* undo decrement to zero */,L->hookcount = 1;  /* undo decrement to zero */,      L->hookcount = 1;  /* undo decrement to zero */,0.103575512766838,"[[414, 444, 405, 20873, 1830, 284, 220, 16, 26, 220, 1391, 28721, 60832, 311, 7168, 639, 151643]]","[-0.00419130502268672, -0.572045087814331, -3.2543604902457446e-05, -0.04876502603292465, -0.0009501233580522239, -0.0026163177099078894, -0.009946544654667377, -0.06534581631422043, -0.001456272671930492, -0.02889329567551613, -0.0001454247540095821, -0.3359414339065552, -0.006749569438397884, -6.675497570540756e-05, -0.22624751925468445, -0.18561023473739624, -0.08531937748193741]",9.27777862548828,True,0.0,-1.5743226474078256,-0.0926072145534015,17.0,-1.4890032699258882,-0.09306270437036801,16.0,0.024675971020717908,0,11,11,11,1.0,-1.1129647850618165,-1.0161776205120656,False,15,0.8823529411764706,0.0,1.0,0.0,1.0643517790515984
~/anvil/data/cve-targets/libxml2_repo_xmlmemory.c,768,733,772,},},	},0.2038901895284652,"[[197, 92, 151643]]","[-0.03577728569507599, -0.08093784004449844, -0.020357713103294373]",7.118229389190674,True,0.0,-0.1370728388428688,-0.04569094628095627,3.0,-0.11671512573957443,-0.058357562869787216,2.0,0.0005098689172867849,0,2,2,2,1.0,-3.4938091911652274,-1.0386695067507539,False,1,0.3333333333333333,0.0,1.0,0.0,0.9062467116965544
~/anvil/data/cve-targets/poppler_repo_poppler_JPEG2000Stream.cc,215,202,276,if (oLen.isInt()) bufSize = oLen.getInt();,if (oLen.isInt()),"    if (oLen.isInt())
        bufSize = oLen.getInt();",0.6272263526916504,"[[262, 421, 320, 78, 11271, 2079, 1072, 2398, 286, 6607, 1695, 284, 297, 11271, 16957, 2129, 151643]]","[-0.02893684059381485, -0.8046727180480957, -0.08744589984416962, -0.05580899491906166, -0.00012766500003635883, -0.0205073319375515, -0.05712243914604187, -0.8131706714630127, -0.002172373700886965, -0.0067971679382026196, -6.41325386823155e-05, -0.004804257769137621, -0.16203096508979797, -0.0018167671514675021, -0.004947918001562357, -0.6137238144874573, -0.02221905067563057]",7.067534446716309,False,1.0,-2.6863690083046095,-0.15802170637085938,17.0,-1.8699649346526712,-0.20777388162807459,9.0,0.1039446533774851,1,27,27,16,1.0,-3.018793063771202,-1.0399867235496787,True,14,0.8235294117647058,25.0,0.576271186440678,12.0,2.2160566817707408
~/anvil/data/cve-targets/libsndfile_repo_src_common.c,620,470,684,psf->header.ptr [psf->header.indx] = 0 ;,count += 4 + size ;,"					count += 4 + size ;
					break ;
			case 'A' :
					/*
					**	Write an AIFF",0.2467421889305114,"[[464, 18032, 1421, 220, 19, 488, 1379, 4386, 464, 3388, 4386, 298, 2722, 364, 32, 6, 6260, 464, 197, 3284, 464, 197, 334, 60373, 458, 15235, 1748]]","[-0.0848890021443367, -0.9876711368560791, -0.000596107158344239, -0.007592274807393551, -0.0007476395112462342, -0.0006654431927017868, -0.02153700217604637, -0.02380446344614029, -0.0036505504976958036, -0.018070003017783165, -0.013367787934839725, -0.01835222914814949, -0.002063408959656954, -0.003644136479124427, -1.7110886573791504, -0.0004067785630468279, -0.03840295597910881, -0.01479440089315176, -0.02788926102221012, -0.31553539633750916, -0.0016751555958762765, -4.851700214203447e-05, -0.0008125579333864152, -0.11699074506759644, -0.25825077295303345, -0.40911078453063965, -9.107174992095679e-05]",3.861804962158203,False,4.0,-4.08174824033631,-0.15117586075319667,27.0,-1.131153619789984,-0.12568373553222045,9.0,0.0935150695654717,1,24,27,10,0.8888888888888888,-1.963199039920772,-1.1267655512623835,True,17,0.6296296296296297,35.0,0.2033898305084746,20.0,1.9132546236462658
~/anvil/data/cve-targets/sqlite3_repo_src_sqliteInt.h,2107,1952,2257,((X)->op==TK_COLUMN && (X)->y.pTab==0),((X)->op==TK_COLUMN && (X)->y.pTab->nModuleArg),  ((X)->op==TK_COLUMN && (X)->y.pTab->nModuleArg),0.4544180631637573,"[[220, 1781, 55, 3997, 453, 418, 15778, 36183, 1009, 320, 55, 3997, 88, 556, 8582, 405, 77, 3332, 2735, 8, 151643]]","[-0.37301960587501526, -0.3223680853843689, -0.008115294389426708, -0.0013909199042245746, -0.005047554615885019, -0.032884154468774796, -0.00020644917094614357, -0.15735496580600739, -0.0009970461251214147, -0.06639372557401657, -0.001053255284205079, -0.014742718078196049, -0.018303539603948593, -0.0040427870117127895, -0.0064313579350709915, -0.1463438868522644, -0.20517784357070923, -0.24714285135269165, -1.4066597032069694e-05, -0.22523124516010284, -0.07436546683311462]",3.972917318344116,False,0.0,-1.910626819592835,-0.09098222950442073,21.0,-1.8362613527597205,-0.09181306763798602,20.0,0.014037538737113437,1,31,31,31,1.0,-4.949383294276837,-1.123639955044955,True,17,0.8095238095238095,12.0,0.8235294117647058,3.0,2.0159480410128645
~/anvil/data/cve-targets/poppler_repo_poppler_GfxState.cc,2623,2566,2644,"GfxSeparationColorSpace *cs = (GfxSeparationColorSpace *)GfxSeparationColorSpace::parse(res, obj3.getArray(), out, state, recursion);","GfxSeparationColorSpace *cs = GfxSeparationColorSpace::parse(res, &obj3, out, state, recursion + 1);","                    GfxSeparationColorSpace *cs = GfxSeparationColorSpace::parse(res, &obj3, out, state, recursion + 1);",0.2785692811012268,"[[503, 479, 8298, 14492, 367, 1636, 9914, 353, 4837, 284, 479, 8298, 14492, 367, 1636, 9914, 486, 6400, 4590, 11, 609, 2295, 18, 11, 700, 11, 1584, 11, 50262, 488, 220, 16, 1215, 151664, 151659, 14, 3608, 14, 36975, 37361, 8194, 83, 3092, 5523, 333, 4334, 878, 520, 198, 322, 2955, 320, 66, 8, 220, 17, 15, 16]]","[-0.001329015358351171, -0.42412951588630676, -0.0011548285838216543, -0.033236727118492126, -1.156323378381785e-05, -0.00037019551382400095, -5.1377883210079744e-05, -0.010370416566729546, -0.0058023352175951, -0.08421584963798523, -0.11440514773130417, -5.4596363042946905e-05, -0.006181525997817516, -1.8000440832111053e-05, -0.00047958316281437874, -2.8729025871143676e-05, -0.0005461869877763093, -0.003011693712323904, -0.4625241160392761, -0.006641457322984934, -0.660085916519165, -0.031350862234830856, -0.007477864623069763, -0.1989629566669464, -0.06617672741413116, -0.014805441722273827, -0.010538287460803986, -0.07509603351354599, -0.02812364511191845, -0.15571226179599762, -0.0006623458466492593, -0.005897975992411375, -0.06911321729421616, -0.29210928082466125, -0.8204207420349121, -1.8971233367919922, -2.476062059402466, -0.9718508124351501, -2.0433194637298584, -0.012750530615448952, -1.3911913633346558, -1.892471432685852, -0.06802305579185486, -0.6812675595283508, -0.2191736400127411, -2.2476885318756104, -1.215613603591919, -0.2647758424282074, -0.03859337046742439, -1.097203254699707, -0.2920733392238617, -0.6678626537322998, -0.14375914633274078, -0.001321157906204462, -0.08778335899114609, -0.07117808610200882, -0.0001919085334520787, -0.8331766128540039]",9.077083587646484,False,0.0,-2.770675678804764,-0.0814904611413166,34.0,-2.478566397980103,-0.07510807266606373,33.0,0.022597350651920704,0,40,31,31,1.2903225806451613,-3.7089126536340142,-1.0110918446558548,True,38,1.1176470588235294,43.0,0.8154506437768241,18.0,2.420248628010569
~/anvil/data/cve-targets/libxml2_repo_xzlib.c,534,470,573,},},"        }
       ",0.603486180305481,"[[286, 456, 286]]","[-0.0037694370839744806, -0.10637810826301575, -0.23119401931762695]",10.087674140930176,True,1.0,-0.3413415646646172,-0.1137805215548724,3.0,-0.3413415646646172,-0.1137805215548724,3.0,0.008647721295296952,1,2,2,2,1.0,-5.303949850629227,-1.0369622703267503,False,1,0.3333333333333333,0.0,1.0,0.0,0.938761634340538
~/anvil/data/cve-targets/libtiff_repo_libtiff_tif_dirread.c,5768,5720,5775,"uint64_t nstrips64 = TIFFhowmany_64(bytecount, stripbytes);",/*,"	/*
	 * Compute number of strips needed for the image.
	 */
        uint64_t nstrips64 = TIFFhowmany_64(td->",0.2517092525959015,"[[197, 3284, 197, 353, 22603, 1372, 315, 29922, 4362, 369, 279, 2168, 624, 197, 735, 286, 2622, 21, 19, 528, 308, 29872, 1690, 21, 19, 284, 74121, 5158, 34576, 62, 21, 19, 61241, 405]]","[-1.4039592742919922, -0.44307056069374084, -0.007576657924801111, -0.004451841115951538, -2.108283519744873, -0.9427610635757446, -0.003236177610233426, -0.476993203163147, -1.3762362003326416, -0.5827128291130066, -0.7936538457870483, -0.09426581859588623, -0.5256797075271606, -0.004735089838504791, -0.08285600692033768, -0.7406972050666809, -0.30265384912490845, -0.02357581816613674, -7.629365427419543e-06, -0.023641716688871384, -0.08248791098594666, -0.005413159728050232, -5.006777428206988e-06, -0.001210314454510808, -3.814689989667386e-06, -0.27913737297058105, -0.3186519742012024, -0.33260783553123474, -0.2030891627073288, -0.010682659223675728, -0.05023276060819626, -8.940656698541716e-06, -0.5247163772583008, -0.00011443436960689723]",1.7265626192092896,False,3.0,-11.749409738809845,-0.3455708746708778,34.0,-1.8546064929105341,-0.6182021643035114,3.0,0.34031627450687857,1,15,9,3,1.6666666666666667,-0.4071633312372598,-1.1885478204065942,True,22,0.6470588235294118,59.0,0.0,14.0,1.6388281879032263
~/anvil/data/cve-targets/libtiff_repo_libtiff_tif_jbig.c,100,39,108,"decodedSize, (unsigned long)size);","decodedSize, size);","	                   decodedSize, size);",0.245880126953125,"[[197, 4293, 29213, 1695, 11, 1379, 1215, 151643]]","[-0.7694618105888367, -0.04559269919991493, -0.008078519254922867, -2.6464111215318553e-05, -0.005100097041577101, -0.4795916676521301, -0.5872589945793152, -0.46415433287620544]",3.555728912353516,False,0.0,-2.3592645853041176,-0.2949080731630147,8.0,-1.8951102524279122,-0.27073003606113033,7.0,0.09372278196493607,1,14,7,7,2.0,-0.9082114808184997,-1.1354205212446868,True,8,1.0,15.0,0.7169811320754718,11.0,1.7753933672023328
~/anvil/data/cve-targets/openssl_repo_crypto_evp_encode.c,247,239,250,ctx->length = 0;,ctx->length = 0;,    ctx->length = 0;,0.1631738394498825,"[[262, 5635, 405, 4129, 284, 220, 15, 26, 151643]]","[-0.03373740240931511, -0.07562305778265, -5.936446541454643e-05, -0.7069291472434998, -0.0006619884516112506, -0.09033069759607315, -0.032817017287015915, -0.12813585996627808, -0.1252606362104416]",5.425174236297607,True,0.0,-1.1935551714122994,-0.13261724126803326,9.0,-1.0682945352018578,-0.13353681690023222,8.0,0.04870063232291696,0,10,10,10,1.0,-1.2219389621350092,-1.0835762924846881,False,7,0.7777777777777778,0.0,1.0,0.0,0.8689468438911575
~/anvil/data/cve-targets/libtiff_repo_libtiff_tif_print.c,262,208,627,break;,break;,				break;,0.0017733068671077,"[[571, 3388, 26, 151643]]","[-0.001353420433588326, -6.890059739816934e-05, -0.0015135272406041622, -0.00227859104052186]",13.235416412353516,True,0.0,-0.005214439312112518,-0.0013036098280281294,4.0,-0.0029358482715906575,-0.0009786160905302192,3.0,4.180635041643787e-07,0,4,4,4,1.0,-1.8120557021976955,-1.1218612113347843,False,2,0.5,0.0,1.0,0.0,0.6826641893106883
~/anvil/data/cve-targets/openssl_repo_ssl_statem_statem.c,581,479,620,if (SSL_IS_DTLS(s)) {,if (SSL_IS_DTLS(s)) {,                if (SSL_IS_DTLS(s)) {,0.0762353241443634,"[[394, 421, 320, 22594, 12766, 1557, 45439, 1141, 593, 314, 151664, 151659, 14, 53612, 84229]]","[-0.10096205770969391, -0.28092852234840393, -0.04998263716697693, -0.07660217583179474, -0.0004941195948049426, -0.00039760314393788576, -3.2186455882765586e-06, -0.00023862851958256215, -0.009153308346867561, -0.048618216067552567, -0.2571466863155365, -0.5981038808822632, -1.6530208587646484, -0.4194869101047516, -1.3871158361434937]",13.584030151367188,True,0.0,-0.8245271736907398,-0.07495701579006725,11.0,-0.5673804873752033,-0.05673804873752033,10.0,0.006773624056439992,0,15,15,15,1.0,-1.3436366924960836,-1.1316813478956773,False,9,0.8181818181818182,0.0,1.0,0.0,0.7854166648954065
~/anvil/data/cve-targets/php_repo_ext_phar_phar.c,167,159,201,"pefree(phar->alias, phar->is_persistent);","pefree(phar->alias, phar->is_persistent);","		pefree(phar->alias, phar->is_persistent);",0.0018306862330064,"[[197, 197, 375, 10593, 57807, 277, 405, 14956, 11, 1319, 277, 405, 285, 620, 13931, 1215, 151643]]","[-0.0009005781612358987, -0.005125122144818306, -0.013122390024363995, -6.437280717364047e-06, -0.008980360813438892, -1.6689286894688848e-06, -3.814689989667386e-06, -3.3854863431770355e-05, -8.940297266235575e-05, -0.0013528252020478249, -3.814689989667386e-06, -5.125986263010418e-06, -6.651657167822123e-05, -8.583032467868179e-06, -8.106198947643861e-06, -0.0019591916352510452, -0.47638946771621704]",11.406944274902344,True,0.0,-0.50805726091221,-0.029885721230130002,17.0,-0.031667793195993,-0.0019792370747495625,16.0,1.3932888644792229e-05,0,17,17,17,1.0,-0.9249454026309815,-1.071733357946467,False,14,0.8235294117647058,0.0,1.0,0.0,0.9703544656599339
~/anvil/data/cve-targets/sqlite3_repo_ext_rtree_rtree.c,3385,3358,3390,"*pzErr = sqlite3_mprintf(""%s"", sqlite3_errmsg(db));","*pzErr = sqlite3_mprintf(""%s"", sqlite3_errmsg(db));","      *pzErr = sqlite3_mprintf(""%s"", sqlite3_errmsg(db));",0.0270133931189775,"[[414, 353, 66565, 7747, 284, 22003, 18, 717, 2517, 4430, 82, 497, 22003, 18, 9266, 3236, 9791, 5905, 151643]]","[-0.005260316655039787, -0.19376689195632935, -5.495397272170521e-05, -6.318072337307967e-06, -0.000285227142740041, -0.0019104102393612266, -2.2291887944447808e-05, -0.000105375460407231, -5.364403477869928e-06, -0.12095342576503754, -0.0014691284159198403, -0.009129801765084267, -0.006791010964661837, -1.5139465176616795e-05, -4.2914423829643056e-05, -2.062299427052494e-05, -0.00020323118951637298, -0.12718914449214935, -0.019871560856699944]",8.449479103088379,True,0.0,-0.4871031301227049,-0.025637006848563414,19.0,-0.46723156926600495,-0.02595730940366694,18.0,0.0031326351990553997,1,24,24,24,1.0,-1.040685407677938,-1.004670202405014,False,17,0.8947368421052632,0.0,1.0,0.0,1.2388917026558226
~/anvil/data/cve-targets/libpng_repo_pngrutil.c,1766,1740,1781,num > (unsigned int) PNG_MAX_PALETTE_LENGTH),num > PNG_MAX_PALETTE_LENGTH),       num > PNG_MAX_PALETTE_LENGTH),0.2276010364294052,"[[981, 1629, 861, 41639, 6806, 26191, 85448, 15023, 8, 151643]]","[-0.4524412155151367, -0.16872747242450714, -0.21252456307411194, -0.14983387291431427, -0.00017271934484597296, -5.364274329622276e-05, -1.4305104514278355e-06, -6.258291978156194e-05, -0.08842639625072479, -0.09125787764787674]",4.263194561004639,False,0.0,-1.1635017733450468,-0.11635017733450467,10.0,-1.07224389569717,-0.1191382106330189,9.0,0.020095881990717608,0,13,6,6,2.1666666666666665,-1.910394954062925,-1.1155152930593557,True,12,1.2,15.0,0.7945205479452055,7.0,1.8183366290472822
~/anvil/data/cve-targets/poppler_repo_poppler_GfxState.cc,2401,2386,2402,"alt->getGray(&color2, gray);","alt->getGray(&color2, gray);","        alt->getGray(&color2, gray);",0.0420786663889884,"[[286, 4797, 405, 455, 28174, 2099, 3423, 17, 11, 17545, 1215, 151643]]","[-0.26634201407432556, -0.02212635800242424, -0.0007926659309305251, -0.0065374793484807014, -0.001416275859810412, -0.0034338815603405237, -0.00013612773909699172, -7.652943895664066e-05, -0.0002015625941567123, -0.002652699826285243, -0.20418745279312134, -0.2464677095413208]",7.360416889190674,True,0.0,-0.7543707567092497,-0.06286422972577081,12.0,-0.5079030471679289,-0.046173004287993535,11.0,0.008157546968158963,1,16,16,16,1.0,-0.9113261534062709,-1.0323996875235393,False,10,0.8333333333333334,0.0,1.0,0.0,1.0716068979074924
~/anvil/data/cve-targets/libsndfile_repo_src_file_io.c,303,297,328,ssize_t	count ;,sf_count_t count ;,"	sf_count_t count ;
",1.935369849205017,"[[53024, 3180, 528, 1760, 4386, 151643]]","[-0.693305253982544, -0.0008345934911631048, -5.018585216021165e-05, -0.09834034740924835, -0.5056989789009094, -0.6399838328361511]",2.7376739978790283,False,1.0,-1.9382131924721762,-0.323035532078696,6.0,-1.298229359636025,-0.259645871927205,5.0,0.08179905228210328,1,5,5,5,1.0,-7.45388260880043,-1.1588805064425307,True,4,0.6666666666666666,8.0,0.6060606060606061,1.0,1.724938848271181
~/anvil/data/cve-targets/sqlite3_repo_src_expr.c,5730,5707,5837,"assert( !ExprHasProperty(pExpr, EP_TokenOnly|EP_Reduced) );","assert( !ExprHasProperty(pExpr, EP_TokenOnly|EP_Reduced) );","          assert( !ExprHasProperty(pExpr, EP_TokenOnly|EP_Reduced) );",0.0913741588592529,"[[688, 2060, 7, 753, 16041, 10281, 3052, 1295, 16041, 11, 19072, 1139, 1679, 7308, 91, 9197, 92940, 23967, 8, 6903, 151643]]","[-0.13345080614089966, -1.0231995582580566, -0.012989312410354614, -0.31064096093177795, -0.0007091629668138921, -0.00014447122521232814, -0.01376387570053339, -1.2874520507466514e-05, -6.55629628454335e-05, -2.729855441430118e-05, -0.0013377059949561954, -0.007786753587424755, -0.0034627497661858797, -0.0006767605082131922, -0.22705891728401184, -7.986990567587782e-06, -0.004559122025966644, -0.0028217521030455828, -0.017396949231624603, -0.08085252344608307, -0.0029483442194759846]",6.09375,True,0.0,-1.843913448828971,-0.0878054023251891,21.0,-1.840965104609495,-0.09204825523047475,20.0,0.052532224292659344,0,21,21,21,1.0,-0.9926767066954826,-1.0656154913984521,False,19,0.9047619047619048,0.0,1.0,0.0,1.0391083116609354
~/anvil/data/cve-targets/libsndfile_repo_src_aiff.c,1461,1448,1466,pos = psf_ftell (psf) ;,pos = psf_ftell (psf) ;,	pos = psf_ftell (psf) ;,0.1174205020070076,"[[28164, 284, 4726, 69, 41572, 613, 320, 1690, 69, 8, 2587, 151643]]","[-0.7072153091430664, -0.0012515101116150618, -0.0013174673076719046, -0.0001438752660760656, -0.47360295057296753, -0.0004573014739435166, -0.0030573313124477863, -1.2159273865108844e-05, -3.576272320060525e-06, -0.006087334360927343, -0.05113363638520241, -0.11514519155025482]",4.005034446716309,True,0.0,-1.359427643030358,-0.1132856369191965,12.0,-1.2442824514801032,-0.1131165864981912,11.0,0.053306258944917924,0,12,12,12,1.0,-1.0380484917557622,-1.1227381149328315,False,11,0.9166666666666666,0.0,1.0,0.0,0.7791555584040305
~/anvil/data/cve-targets/sqlite3_repo_src_select.c,2804,2535,2855,},},"  }
 ",1.3708728551864624,"[[220, 456, 220]]","[-0.10501900315284729, -0.370899498462677, -0.5627074241638184]",4.796701908111572,True,1.0,-1.0386259257793427,-0.34620864192644757,3.0,-1.0386259257793427,-0.34620864192644757,3.0,0.03521793431949898,1,2,2,2,1.0,-3.9596725476243484,-1.1007356849115133,False,1,0.3333333333333333,0.0,1.0,0.0,0.8139915622786812
~/anvil/data/cve-targets/libxml2_repo_xmlstring.c,439,430,455,len = xmlStrlen(str2);,"xmlGenericError(xmlGenericErrorContext,","        xmlGenericError(xmlGenericErrorContext,
                       ""xmlStr",0.4045341908931732,"[[286, 8396, 19964, 1454, 29932, 19964, 1454, 1972, 345, 5180, 330, 6455, 2580]]","[-0.2656518220901489, -0.5212142467498779, -0.5967977643013, -0.00016675988445058465, -0.006333754397928715, -0.0001820160250645131, -0.0005261705373413861, -4.970903682988137e-05, -0.3884024918079376, -1.531479835510254, -0.0012685356196016073, -0.04052974656224251, -0.006846658419817686]",3.061805963516236,False,1.0,-3.3594495109427953,-0.2584191931494458,13.0,-3.3108045703411335,-0.3310804570341134,10.0,0.20985875016977334,1,12,7,5,1.7142857142857142,-1.2218606755502075,-1.1495276965166497,True,8,0.6153846153846154,31.0,0.29508196721311475,10.0,1.7242953420146023
~/anvil/data/cve-targets/libsndfile_repo_src_paf.c,102,78,118,switch (subformat),switch (subformat),	switch (subformat),0.1441902667284011,"[[8961, 320, 1966, 2243, 8, 151643]]","[-0.4593222141265869, -0.004360097460448742, -0.0013867533998563886, -2.4199192921514623e-05, -0.25592660903930664, -0.3637080788612366]",4.4355902671813965,True,0.0,-1.0847279520803568,-0.1807879920133928,6.0,-0.7210198732191202,-0.14420397464382403,5.0,0.03450446564191652,0,6,6,6,1.0,-0.9999049407933672,-1.1107178874695147,False,5,0.8333333333333334,0.0,1.0,0.0,0.7463936202343386
~/anvil/data/cve-targets/sqlite3_repo_src_select.c,2116,2093,2124,"sqlite3ColumnsFromExprList(pParse, pSelect->pEList, &pTab->nCol, &pTab->aCol);",pTab->tabFlags |= TF_Ephemeral;,"  pTab->tabFlags |= TF_Ephemeral;
  pTab->nCol = pSelect->pEList->nExpr;
  pTab->aCol = pSelect->pEList->a;",0.0415117591619491,"[[220, 281, 8582, 405, 6192, 9195, 8662, 29145, 2089, 59941, 3253, 280, 220, 281, 8582, 405, 77, 6127, 284, 281, 3379, 405, 79, 36, 852, 405, 77, 16041, 280, 220, 281, 8582, 405, 64, 6127, 284, 281, 3379, 405, 79, 36, 852, 405, 64, 26, 151643]]","[-0.024849003180861473, -0.7313888072967529, -0.0016445695655420423, -0.0003618539194576442, -0.4872954487800598, -6.007967749610543e-05, -0.003330281935632229, -0.0012978235026821494, -0.001141492510214448, -0.0037030475214123726, -0.0015924404142424464, -0.5180278420448303, -0.012171754613518715, -0.8563114404678345, -0.015536229126155376, -0.0017225203337147832, -0.011312863789498806, -0.0018083186587318778, -0.0001392267586197704, -0.001077190856449306, -0.0003013156820088625, -0.0003328961320221424, -0.0004934046883136034, -2.5987286790041253e-05, -0.00015722469834145159, -0.0006569849792867899, -5.1377883210079744e-05, -1.0251946150674485e-05, -0.09006676822900772, -0.005653700791299343, -0.38987240195274353, -0.0011938833631575108, -7.748573807475623e-06, -0.002684919396415353, -1.9788545614574105e-05, -0.0002743821241892874, -0.2227581888437271, -0.5774735808372498, -0.00031096869497559965, -4.172316494077677e-06, -0.00012778419477399439, -0.0009377372916787863, -4.255681051290594e-05, -9.179073458653875e-06, -0.43066832423210144, -0.999977171421051]",6.914062976837158,False,2.0,-5.398884934942089,-0.1173670638030889,46.0,-1.7868644449627027,-0.13745111115097713,13.0,0.0612255056785057,0,28,40,10,0.7,-0.3020110846274086,-1.0439845954141551,True,30,0.6521739130434783,68.0,0.23853211009174313,22.0,2.1755856306263532
~/anvil/data/cve-targets/libxml2_repo_xmlregexp.c,1804,1763,1821,#endif,#endif,#endif,5.596097946166992,[[2663]],[-0.06477256864309311],10.505032539367676,True,0.0,-0.06477256864309311,-0.06477256864309311,1.0,-0.06477256864309311,-0.06477256864309311,1.0,0.0,0,2,2,2,1.0,-86.39610970196904,-1.0478385357226838,False,1,1.0,0.0,1.0,0.0,1.255085403340802
~/anvil/data/cve-targets/openssl_repo_ssl_record_rec_layer_s3.c,798,589,1025,|| (eivlen > 0,|| (eivlen > 0,                || (eivlen > 0,0.2513327002525329,"[[394, 1369, 320, 68, 344, 2892, 861, 220, 15, 151643]]","[-0.06499042361974716, -0.044453319162130356, -0.8301002383232117, -0.138992577791214, -9.179073458653875e-06, -0.00013124081306159496, -0.06916338950395584, -0.00112791801802814, -0.003258278826251626, -0.20465824007987976]",5.094444274902344,True,0.0,-1.3568848052109388,-0.1356884805210939,10.0,-1.152226565131059,-0.128025173903451,9.0,0.06354074100567458,0,7,7,7,1.0,-1.9631506256892346,-1.0925727121860003,False,8,0.8,0.0,1.0,0.0,0.8158593807859807
~/anvil/data/cve-targets/php_repo_ext_phar_phar.c,846,632,1125,efree(savebuf);,efree(savebuf);,					efree(savebuf);,0.0003386367461644,"[[464, 197, 823, 765, 33546, 5909, 1215, 151643]]","[-0.0006939148879610002, -0.0006450717919506133, -0.00015209948469419032, -2.3841855067985307e-07, -6.12716976320371e-05, -3.576278118089249e-07, -0.0005555993411689997, -0.055320605635643005]",12.034896850585938,True,0.0,-0.057429158885412335,-0.007178644860676542,8.0,-0.0021085532497693293,-0.0003012218928241899,7.0,8.543891061594602e-08,0,9,9,9,1.0,-1.124210272332521,-1.0886910606530251,False,5,0.625,0.0,1.0,0.0,0.8319951654096552
~/anvil/data/cve-targets/poppler_repo_utils_ImageOutputDev.cc,326,312,464,unsigned char zero[1];,unsigned char zero[4];,    unsigned char zero[4];,1.759394645690918,"[[262, 3774, 1161, 7168, 58, 19, 5265, 151643]]","[-0.008063146844506264, -0.46790868043899536, -0.10072172433137894, -0.008809392340481281, -0.317340612411499, -0.4710233211517334, -0.0702078640460968, -0.11313878744840622]",8.80295181274414,False,0.0,-1.5572135290130973,-0.19465169112663716,8.0,-1.444074741564691,-0.20629639165209873,7.0,0.036973683968655635,1,11,11,11,1.0,-8.52847997776901,-1.0041862247580973,True,6,0.75,1.0,0.9545454545454546,1.0,2.2128135833165916
~/anvil/data/cve-targets/libtiff_repo_libtiff_tif_luv.c,863,851,880,while (upper - lower > 1) {,while (upper > lower+1) {,	while (upper > lower+1) {,0.2405479699373245,"[[5217, 320, 13574, 861, 4722, 10, 16, 8, 314, 151643]]","[-0.41695311665534973, -0.04370434209704399, -0.7408092021942139, -0.7974773645401001, -0.028576262295246124, -0.9708772897720337, -0.00711490772664547, -0.009493798948824406, -0.01249320711940527, -0.061717383563518524]",6.520137786865234,False,0.0,-3.089216874912381,-0.3089216874912381,10.0,-3.0274994913488626,-0.3363888323720958,9.0,0.14286972467007358,0,16,16,16,1.0,-0.7150890481145428,-1.05431668353302,True,10,1.0,4.0,0.8846153846153846,4.0,2.0241956066066606
~/anvil/data/cve-targets/sqlite3_repo_src_vdbemem.c,1078,1001,1083,#endif,#endif,#endif,5.274438381195068,[[2663]],[-0.011369792744517326],11.906423568725586,True,0.0,-0.011369792744517326,-0.011369792744517326,1.0,-0.011369792744517326,-0.011369792744517326,1.0,0.0,0,2,2,2,1.0,-463.8992547809173,-1.0851999772036502,False,1,1.0,0.0,1.0,0.0,1.1284344448224375
~/anvil/data/cve-targets/openssl_repo_crypto_asn1_a_type.c,110,95,119,if (rt == NULL) {,if (rt == NULL) {,        if (rt == NULL) {,0.0364150665700435,"[[286, 421, 320, 3342, 621, 1770, 8, 314, 151643]]","[-0.002091722097247839, -0.0008736607851460576, -0.06299645453691483, -0.0003880701260641217, -0.00023505308490712196, -0.0001586549769854173, -0.002075186464935541, -0.02979230508208275, -0.6392332911491394]",13.821004867553713,True,0.0,-0.7378443983034231,-0.08198271092260256,9.0,-0.09861110715428367,-0.012326388394285459,8.0,0.0004562864903365409,0,14,14,14,1.0,-2.9542365050679082,-1.1384057437812363,False,7,0.7777777777777778,0.0,1.0,0.0,0.7525130910027046
~/anvil/data/cve-targets/sqlite3_repo_src_vdbe.c,2055,1933,2062,pIn3->flags = flags3;,pIn1->flags = flags1;,"  pIn1->flags = flags1;
  pIn3->",0.1790133863687515,"[[220, 281, 641, 16, 405, 11161, 284, 8042, 16, 280, 220, 281, 641, 18, 405]]","[-0.0038117149379104376, -0.5216349363327026, -0.00011121608258690685, -0.38697269558906555, -0.00016342257731594145, -0.00025948495022021234, -0.00035363141796551645, -0.030315641313791275, -0.000393432448618114, -0.48233938217163086, -0.004230953752994537, -0.07754404097795486, -0.0005376085755415261, -0.0028393452521413565, -3.766942609217949e-05]",8.125000953674316,False,1.0,-1.511545175806532,-0.10076967838710213,15.0,-1.430586511574802,-0.1300533192340729,11.0,0.04267286215886957,1,10,12,10,0.8333333333333334,-1.3764614961234412,-1.0128531857247003,True,9,0.6,2.0,0.9047619047619048,2.0,2.0675085638874067
~/anvil/data/cve-targets/libxml2_repo_xmlmemory.c,985,830,1135,"xmlGcMemGet(xmlFreeFunc *freeFunc, xmlMallocFunc *mallocFunc,","xmlGcMemGet(xmlFreeFunc *freeFunc, xmlMallocFunc *mallocFunc,","xmlGcMemGet(xmlFreeFunc *freeFunc, xmlMallocFunc *mallocFunc,",0.560065746307373,"[[6455, 38, 66, 18816, 1949, 29932, 10940, 9626, 353, 10593, 9626, 11, 8396, 53681, 9626, 353, 16166, 9626, 11, 151643]]","[-0.00013851160474587232, -0.0014024670235812664, -1.0847986231965479e-05, -1.07287787614041e-05, -0.00013505500101018697, -0.00016127715934999287, -2.372236667724792e-05, -9.536738616588991e-07, -4.053033626405522e-05, -0.00010597144137136638, -9.179073458653875e-06, -0.0015250729629769921, -0.0005440423847176135, -2.753696753643453e-05, -2.9802276912960224e-06, -5.364274329622276e-05, -5.054346183896996e-05, -4.327203714638017e-05, -0.0032471094746142626, -0.12896431982517242]",15.090279579162598,True,0.0,-0.13649776453030427,-0.006824888226515213,20.0,-0.007533444705131842,-0.00039649708974378114,19.0,6.437229087614261e-07,0,15,15,15,1.0,-1412.5343181441533,-1.175108731847093,False,19,0.95,0.0,1.0,0.0,0.6977631822021715
~/anvil/data/cve-targets/libsndfile_repo_src_common.c,178,84,318,"log_putchar (psf, lead_char) ;","log_putchar (psf, lead_char) ;","							log_putchar (psf, lead_char) ;",0.0106605244800448,"[[1662, 6725, 57969, 320, 1690, 69, 11, 2990, 9232, 8, 2587, 151664, 151659, 13437, 14, 1690]]","[-0.0033141232561320066, -0.00011324241495458409, -1.4424220353248529e-05, -2.062299427052494e-05, -1.1920922133867862e-06, -3.814689989667386e-06, -6.6756979322235566e-06, -0.001562089892104268, -6.794906312279636e-06, -0.0024650683626532555, -0.1023830696940422, -0.21460558474063873, -0.8951525092124939, -1.0623576641082764, -1.8394701480865479, -2.4810965061187744]",16.57447624206543,True,0.0,-0.3244967029615964,-0.027041391913466366,12.0,-0.10989111822095765,-0.009990101656450695,11.0,0.000854907561958755,0,11,11,11,1.0,-1.06710870886496,-1.2195300719672575,False,10,0.8333333333333334,0.0,1.0,0.0,0.4901313210299297
~/anvil/data/cve-targets/libsndfile_repo_src_paf.c,155,118,206,} ;,} ;,		} ;,0.2952193021774292,"[[197, 197, 92, 2587, 151664, 151659]]","[-0.0020223658066242933, -0.0036918832920491695, -0.05816661939024925, -0.5363843441009521, -0.20985613763332367, -0.7723883986473083]",11.266666412353516,True,0.0,-0.8101213502231985,-0.1620242700446397,5.0,-0.6002652125898749,-0.15006630314746872,4.0,0.05025741470305119,1,4,4,4,1.0,-1.9672591113763895,-1.067981429081923,False,2,0.4,0.0,1.0,0.0,0.8534758599370924
~/anvil/data/cve-targets/sqlite3_repo_src_pragma.c,1587,1460,1707,"sqlite3ExprCodeGetColumnOfTable(v, pTab, iDataCur, j, 3);",if( pTab->aCol[j].colFlags & COLFLAG_PRIMKEY ) continue;,          if( pTab->aCol[j].colFlags & COLFLAG_PRIMKEY ) continue;,0.2512766420841217,"[[688, 421, 7, 281, 8582, 405, 64, 6127, 3809, 936, 2074, 9195, 609, 25578, 22542, 10571, 1791, 4784, 873, 3060, 26, 151643]]","[-0.002877145539969206, -0.20460394024848938, -0.0011201781453564763, -1.4840545654296875, -0.1602085679769516, -0.0019434866262599826, -0.0075965337455272675, -1.585470999998506e-05, -9.285972191719338e-05, -0.00019691436318680644, -0.9982182383537292, -0.002526070224121213, -0.002917678328230977, -0.00045277358731254935, -0.0016246942104771733, -0.7511781454086304, -0.00339788431301713, -0.0008351890719495714, -0.07709153741598129, -0.0024711331352591515, -0.6947016716003418, -0.10813108831644058]",8.315279006958008,False,0.0,-4.5062561504728365,-0.20482982502149258,22.0,-4.398125062156396,-0.20943452676935218,21.0,0.16181891418874766,1,17,24,24,0.7083333333333334,-1.1997861382275796,-1.008046533981833,True,22,1.0,52.0,0.24778761061946908,21.0,2.165492402188134
~/anvil/data/cve-targets/php_repo_ext_intl_locale_locale_methods.c,967,951,983,while( (*str)!='\0' ){,while( *str != '\0' ){,		while( *str != '\0' ){,0.9298566579818726,"[[197, 5217, 7, 353, 495, 961, 5196, 15, 6, 40023, 151664, 151659, 14, 54675, 21324, 198]]","[-0.06577195972204208, -0.07614073902368546, -0.7223322987556458, -0.1305464804172516, -0.013819136656820774, -0.38456615805625916, -0.055630628019571304, -0.0007805161876603961, -0.46214866638183594, -0.2958282232284546, -0.12790794670581818, -0.7360190749168396, -1.707610845565796, -2.129629135131836, -0.07302828133106232, -0.03539005294442177]",6.916665077209473,False,0.0,-2.335472753155045,-0.21231570483227682,11.0,-2.207564806449227,-0.2207564806449227,10.0,0.05138686606688534,0,21,18,18,1.1666666666666667,-4.212137533925932,-1.043916683805479,True,10,0.9090909090909091,3.0,0.9090909090909091,3.0,2.1579171315497283
~/anvil/data/cve-targets/sqlite3_repo_src_resolve.c,301,220,632,if( zTab ){,if( zTab && sqlite3Match,        if( zTab && sqlite3Match,0.724237859249115,"[[286, 421, 7, 1147, 8582, 1009, 22003, 18, 8331]]","[-0.0578438825905323, -0.12934577465057373, -0.0007223857101053, -0.09077474474906921, -0.007998342625796795, -0.5784931182861328, -1.1149063110351562, -0.0008124388405121863, -0.8303673267364502]",9.84999942779541,False,0.0,-2.811264325224329,-0.3123627028027032,9.0,-2.811264325224329,-0.3123627028027032,9.0,0.15749195539134334,0,10,7,7,1.4285714285714286,-2.318579820032366,-1.0308190467589742,True,5,0.5555555555555556,15.0,0.5142857142857142,7.0,2.055207945147855
~/anvil/data/cve-targets/openssl_repo_crypto_bn_bn_gf2m.c,812,790,817,"ret = BN_GF2m_mod_exp_arr(r, a, b, arr, ctx);","ret = BN_GF2m_mod_exp_arr(r, a, b, arr, ctx);","    ret = BN_GF2m_mod_exp_arr(r, a, b, arr, ctx);
    if (ret <= 0)
        ERR",0.0542472302913665,"[[262, 2112, 284, 45316, 79365, 17, 76, 7480, 14214, 11210, 2601, 11, 264, 11, 293, 11, 2890, 11, 5635, 317, 262, 421, 320, 2122, 2651, 220, 15, 340, 286, 10165]]","[-0.08322704583406448, -0.10760294646024704, -0.0016285026213154197, -0.012395487166941166, -0.0025993152521550655, -3.659658250398934e-05, -7.510157047363464e-06, -0.00013302871957421303, -0.001652186387218535, -0.00025328766787424684, -0.01582210510969162, -0.00010466027742950246, -0.00027307120035402477, -5.5549986427649856e-05, -0.0014225849881768227, -0.00021050144277978688, -0.017708411440253258, -0.000647692708298564, -0.016724849119782448, -0.4910218417644501, -0.3559114634990692, -0.5112515687942505, -0.2575593888759613, -0.032346002757549286, -0.6589965224266052, -0.0005616756388917565, -5.3881147323409095e-05, -0.2528373599052429, -0.001019911258481443, -0.4938502311706543]",10.1953125,True,2.0,-3.3179151803606146,-0.11059717267868716,30.0,-1.1094386383856545,-0.05283041135169783,21.0,0.015651454651203038,0,20,32,20,0.625,-1.026818245465415,-1.0397564510834119,False,19,0.6333333333333333,0.0,1.0,0.0,1.0973660525844722
~/anvil/data/cve-targets/libpng_repo_png.h,2652,2497,2802,#define PNG_IMAGE_FLAG_INVALID 0x08,#define PNG_IMAGE_FLAG_FORMAT_SUPPORTED 0x08,"#define PNG_IMAGE_FLAG_FORMAT_SUPPORTED 0x08
   /* This",0.671375036239624,"[[1441, 41639, 19121, 11890, 14960, 52583, 220, 15, 87, 15, 23, 198, 256, 1391, 1096]]","[-0.5508399605751038, -0.0010355116100981832, -0.004623911809176207, -0.003717299783602357, -1.2193111181259155, -1.1130648851394653, -0.01789800450205803, -0.002567211864516139, -0.00023398046323563904, -0.004377069883048534, -0.001359610934741795, -0.015003925189375877, -0.025498468428850174, -0.0019255208317190409, -0.09502622485160828]",3.838369607925415,False,1.0,-3.056482703992515,-0.20376551359950099,15.0,-2.9595309583091876,-0.22765622756224518,13.0,0.18127396939670481,1,5,11,5,0.45454545454545453,-2.949073888418266,-1.127425898432646,True,10,0.6666666666666666,14.0,0.759493670886076,1.0,1.7249886433498096
~/anvil/data/cve-targets/openssl_repo_crypto_x509_x509_req.c,39,16,51,pktmp = X509_get0_pubkey(x);,if (x->cert_info->key->public_key == NULL) {,"    if (x->cert_info->key->public_key == NULL) {
        ERR_raise(ERR_LIB",0.1451800167560577,"[[262, 421, 320, 87, 405, 12246, 3109, 405, 792, 405, 888, 3097, 621, 1770, 8, 341, 286, 10165, 55383, 68174, 26207]]","[-0.1741601973772049, -0.8583694696426392, -0.9433291554450989, -0.34024131298065186, -0.0032891719602048397, -0.156606987118721, -5.364274329622276e-05, -0.1352187693119049, -0.0003583981015253812, -0.5760635137557983, -0.10000619292259216, -0.0012323412811383605, -0.6046500205993652, -0.00042417587246745825, -0.19498004019260406, -0.012287513352930546, -0.005596090108156204, -0.26670584082603455, -0.0001591317413840443, -0.006951907183974981, -6.079655122448457e-06]",7.789756774902344,False,1.0,-4.3806899521728155,-0.20860428343680074,21.0,-4.1068669927662995,-0.24158041133919408,17.0,0.0922999668037235,1,12,23,23,0.5217391304347826,-0.6009593905037931,-1.021377686553564,True,13,0.6190476190476191,36.0,0.3055555555555556,23.0,2.0640856664186353
~/anvil/data/cve-targets/sqlite3_repo_src_expr.c,5439,5367,5449,|| (pRight->op==TK_COLUMN && IsVirtual(pRight->y.pTab)),|| (pRight->op==TK_COLUMN && IsVirtual(pRight->y.pTab)),       || (pRight->op==TK_COLUMN && IsVirtual(pRight->y.pTab)),0.0121293440461158,"[[981, 1369, 320, 79, 5979, 405, 453, 418, 15778, 36183, 1009, 2160, 33026, 1295, 5979, 405, 88, 556, 8582, 593, 151643]]","[-0.16419747471809387, -0.005512038711458445, -0.0025043098721653223, -0.004940563812851906, -0.000362807244528085, -0.000580499938223511, -1.4543427823809907e-05, -2.1457441107486375e-05, -1.883488948806189e-05, -0.00013064485392533243, -0.0006735440110787749, -0.002938241232186556, -9.179073458653875e-06, -0.00016830935783218592, -0.00016723664884921163, -2.2053474822314456e-05, -0.00013684290752280504, -2.3364747903542593e-05, -0.0001685477327555418, -0.21169878542423248, -0.5388279557228088]",5.569443225860596,True,0.0,-0.9331172352431167,-0.044434154059196034,21.0,-0.3942892795203079,-0.019714463976015395,20.0,0.003203736307011728,1,26,26,26,1.0,-0.6152510187886596,-1.0796751704295877,False,19,0.9047619047619048,0.0,1.0,0.0,1.0511684739095026
~/anvil/data/cve-targets/openssl_repo_crypto_pkcs7_pk7_doit.c,601,587,741,const PKCS7_CTX *p7_ctx;,const OSSL_LIB_CTX *p7_ctx = ossl_pkcs7,    const OSSL_LIB_CTX *p7_ctx = ossl_pkcs7,1.289182424545288,"[[262, 733, 506, 22594, 26207, 44233, 353, 79, 22, 15147, 284, 297, 24635, 33321, 4837, 22]]","[-0.1609100103378296, -1.1113115549087524, -0.8477456569671631, -3.9457496313843876e-05, -0.5439414978027344, -0.018384883180260658, -0.0063499826937913895, -0.08171965926885605, -5.590759246842936e-05, -0.006074063945561647, -0.044055286794900894, -0.11302562057971954, -0.00022194306075107306, -0.0006744970451109111, -9.059865078597795e-06, -1.2993727978027891e-05]",6.004166603088379,False,0.0,-2.9345320752672706,-0.1834082547042044,16.0,-2.9345320752672706,-0.1834082547042044,16.0,0.10994015879093663,1,9,12,12,0.75,-7.029031635595926,-1.0680047022080952,True,10,0.625,21.0,0.6031746031746033,5.0,1.97925061525271
~/anvil/data/cve-targets/libxml2_repo_xmlmemory.c,898,874,902,"xmlGenericError(xmlGenericErrorContext,","xmlGenericError(xmlGenericErrorContext,","     xmlGenericError(xmlGenericErrorContext,",0.0029038477223366,"[[257, 8396, 19964, 1454, 29932, 19964, 1454, 1972, 11, 151643]]","[-0.3273920714855194, -0.0019327785121276975, -0.0002548369811847806, -2.4437606043647975e-05, -0.00040284625720232725, -9.179073458653875e-06, -7.271740287251305e-06, -9.179073458653875e-06, -0.0019584777764976025, -0.23347871005535126]",6.478472232818604,True,0.0,-0.5654697885611313,-0.05654697885611313,10.0,-0.33199107850578,-0.03688789761175334,9.0,0.010549657208133351,0,5,5,5,1.0,-0.07872087894245745,-1.0554154729235297,False,8,0.8,0.0,1.0,0.0,0.8796255535671278
~/anvil/data/cve-targets/lua_repo_ldebug.c,166,156,182,"return findvararg(ci, -n, pos);","name = luaG_findvararg(L, ci, -n);","      name = luaG_findvararg(L, ci, -n);",0.4657963514328003,"[[414, 829, 284, 20357, 38, 21814, 947, 858, 4957, 11, 11825, 11, 481, 77, 1215, 151643]]","[-0.012315302155911922, -0.3931749165058136, -0.000500196241773665, -1.2362892627716064, -0.778282642364502, -0.0406796969473362, -0.023637408390641212, -0.0007172634359449148, -0.30741459131240845, -0.005543336272239685, -0.10565201938152313, -0.13308772444725037, -0.29508256912231445, -0.0006380429258570075, -0.6106374263763428, -0.13851992785930634]",7.41475772857666,False,0.0,-4.082172326510772,-0.25513577040692326,16.0,-3.9436523986514658,-0.2629101599100977,15.0,0.12250817255510789,1,16,18,18,0.8888888888888888,-1.7716939946028698,-1.0309981031399524,True,11,0.6875,17.0,0.6461538461538461,9.0,2.1049434562829363
~/anvil/data/cve-targets/php_repo_ext_standard_dns.c,738,725,945,#if defined(HAVE_DNS_SEARCH),#if defined(HAVE_DNS_SEARCH),#if defined(HAVE_DNS_SEARCH),0.0835054069757461,"[[2653, 4512, 10896, 9493, 1557, 2448, 33708, 8, 151643]]","[-0.45247048139572144, -0.016232352703809738, -0.025430019944906235, -6.115249561844394e-05, -0.01104797888547182, -0.0009174905135296285, -0.000964414793998003, -0.16114716231822968, -0.13963305950164795]",4.601388931274414,True,0.0,-0.8079041125529329,-0.08976712361699254,9.0,-0.668271053051285,-0.08353388163141062,8.0,0.021988584758115957,0,7,7,7,1.0,-0.9996591244760998,-1.1061235272340926,False,8,0.8888888888888888,0.0,1.0,0.0,0.7663708958088965
~/anvil/data/cve-targets/libsndfile_repo_src_ulaw.c,810,804,816,{,{,		{,4.518250465393066,"[[197, 197, 90]]","[-0.0021858150139451027, -0.014248891733586788, -0.010428342968225479]",8.396007537841797,True,0.0,-0.02686304971575737,-0.008954349905252457,3.0,-0.02686304971575737,-0.008954349905252457,3.0,2.53392977655065e-05,1,2,2,2,1.0,-504.5872132763925,-1.0060141326875571,False,1,0.3333333333333333,0.0,1.0,0.0,1.2970143026409877
~/anvil/data/cve-targets/libsndfile_repo_src_common.c,1058,903,1208,"psf_memset (void *s, int c, sf_count_t len)","psf_memset (void *s, int c, size_t len)<|fim_pad|><|fim_pad|><|fim_pad|><|fim_pad|><|fim_pad|><|fim_pad|><|fim_pad|><|fim_pad|><|fim_pad|>","psf_memset (void *s, int c, size_t len)<|fim_pad|><|fim_pad|><|fim_pad|><|fim_pad|><|fim_pad|><|fim_pad|><|fim_pad|><|fim_pad|><|fim_pad|>",0.2751975059509277,"[[1690, 69, 12976, 746, 320, 1004, 353, 82, 11, 526, 272, 11, 1379, 528, 2422, 8, 151662, 151662, 151662, 151662, 151662, 151662, 151662, 151662, 151662]]","[-0.015820344910025597, -0.00026043839170597494, -0.4810605049133301, -0.30621108412742615, -0.017744481563568115, -0.002689318498596549, -0.023673616349697113, -0.4859057664871216, -0.0010619483655318618, -0.10725819319486618, -0.010669803246855736, -0.0005134217790327966, -0.0750962570309639, -1.537788011773955e-05, -0.009723680093884468, -0.023986387997865677, -0.2744237780570984, 0.0, 0.0, 0.0, 0.0, 0.0, 0.0, 0.0, 0.0]",5.371917724609375,False,0.0,-1.836114402887688,-0.1080067295816287,17.0,-1.836114402887688,-0.1080067295816287,17.0,0.02083225633825654,0,19,72,72,0.2638888888888889,-2.5479662889240666,-1.0850199406543952,True,17,1.0,106.0,0.39779005524861877,62.0,1.9749678547218976
~/anvil/data/cve-targets/php_repo_ext_iconv_iconv.c,162,146,183,},},	},0.2057922780513763,"[[197, 92, 151643]]","[-0.012612460181117058, -0.20574356615543365, -0.04083843529224396]",6.907812118530273,True,0.0,-0.25919446162879467,-0.08639815387626489,3.0,-0.2183560263365507,-0.10917801316827536,2.0,0.009324906023715676,0,2,2,2,1.0,-1.8849241901314873,-1.0441477531567849,False,1,0.3333333333333333,0.0,1.0,0.0,0.8910833058925435
~/anvil/data/cve-targets/libxml2_repo_parser.c,4965,4831,4974,"target, buf);","target, buf);","		                                     target, buf);",0.0354530327022075,"[[298, 10589, 2169, 11, 6607, 1215, 151664, 151659, 13437]]","[-0.2582431137561798, -0.3291434347629547, -0.0010069306008517742, -0.003936044406145811, -0.008959922008216381, -0.16319581866264343, -0.17140765488147736, -0.7074268460273743, -1.4981694221496582]",2.593055486679077,True,0.0,-0.9358929190784693,-0.1336989884397813,7.0,-0.7644852641969919,-0.12741421069949865,6.0,0.017391380284525172,0,7,7,7,1.0,-0.2782502242691129,-1.1630779791108452,False,4,0.5714285714285714,0.0,1.0,0.0,0.604014940845941
~/anvil/data/cve-targets/openssl_repo_crypto_asn1_a_int.c,158,85,161,},},    },0.7182341814041138,"[[262, 335, 151643]]","[-0.017199408262968063, -0.1630965769290924, -0.2591383755207062]",10.673786163330078,True,0.0,-0.43943436071276665,-0.14647812023758888,3.0,-0.18029598519206047,-0.09014799259603024,2.0,0.005321495956197884,1,2,2,2,1.0,-7.967278701619607,-1.052268537643773,False,1,0.3333333333333333,0.0,1.0,0.0,0.9039940974920341
~/anvil/data/cve-targets/php_repo_ext_phar_phar.c,1300,1190,1319,"mydata->alias = alias ? estrndup(alias, alias_len) : estrndup(mydata->fname, fname_len);","mydata->alias = alias ? estrndup(alias, alias_len) : estrndup(mydata->fname, fname_len);","		mydata->alias = alias ? estrndup(alias, alias_len) : estrndup(mydata->fname, fname_len);",0.1143102645874023,"[[197, 13624, 691, 405, 14956, 284, 15534, 937, 29507, 303, 454, 79965, 11, 15534, 6043, 8, 549, 29507, 303, 454, 13941, 691, 405, 23993, 11, 22548, 6043, 1215, 151643]]","[-0.017137303948402405, -0.21500976383686066, -1.2040065485052764e-05, -7.593343616463244e-05, -0.05733521282672882, -0.011030057445168495, -0.7330899834632874, -0.1706053912639618, -0.1933399885892868, -0.12713414430618286, -3.2186455882765586e-06, -0.004378731828182936, -0.0002022777043748647, -0.004912686999887228, -0.00015686711412854493, -0.005606877617537975, -0.001303061842918396, -0.436569482088089, -0.014315525069832802, -4.6132929128361866e-05, -0.7027343511581421, -1.1205610462639015e-05, -1.0847986231965479e-05, -0.0009648911654949188, -0.018912116065621376, -0.21459364891052246, -3.5523738915799186e-05, -0.04118867218494415, -0.21843400597572327]",7.596527099609375,True,0.0,-3.189149943817256,-0.10997068771783641,29.0,-2.9707159378415327,-0.10609699778005474,28.0,0.038844066809311746,0,32,32,32,1.0,-1.0774128107222614,-1.0263236352040712,False,27,0.9310344827586207,0.0,1.0,0.0,1.2754054835446937
~/anvil/data/cve-targets/poppler_repo_splash_SplashXPathScanner.cc,413,391,477,const int intersectionIndex = splashAASize * y + yy - yMin;,intersectionIndex = y * allIntersections.size() + yy;,            intersectionIndex = y * allIntersections.size() + yy;,0.9676181077957152,"[[310, 19246, 1552, 284, 379, 353, 678, 3306, 24661, 2486, 368, 488, 13197, 26, 151643]]","[-0.007556426804512739, -0.9762610793113708, -0.008116122335195541, -0.0291482862085104, -1.0251178741455078, -0.7713470458984375, -1.1101337671279907, -0.018666554242372513, -0.004005505703389645, -0.319638192653656, -0.12878543138504028, -0.16531172394752502, -0.1439862698316574, -0.1960795372724533, -0.15215277671813965]",7.479166030883789,False,0.0,-5.056306593585759,-0.33708710623905064,15.0,-4.90415381686762,-0.35029670120483,14.0,0.16571537351045768,1,19,20,20,0.95,-2.7622815301075794,-1.0293393180548687,True,16,1.0666666666666667,39.0,0.5535714285714286,17.0,2.1785126445839404
~/anvil/data/cve-targets/sqlite3_repo_src_pragma.c,602,591,634,** the locking-mode of the main database).,** the locking mode of any databases currently open).  */,      ** the locking mode of any databases currently open).  */,0.6067197918891907,"[[414, 3070, 279, 37855, 3856, 315, 894, 31806, 5023, 1787, 568, 220, 639, 151643]]","[-0.0017310886178165674, -1.7523612768854946e-05, -0.1476861536502838, -0.16101627051830292, -0.43611791729927063, -0.22665216028690338, -0.34481534361839294, -0.5457777976989746, -0.2773859202861786, -0.129479318857193, -0.4536368250846863, -0.22594885528087616, -0.49900391697883606, -0.6839685440063477]",13.049306869506836,False,0.0,-4.1332376357968315,-0.29523125969977365,14.0,-3.449269091790484,-0.26532839167619104,13.0,0.030034191320918953,0,16,17,17,0.9411764705882353,-2.286674969294792,-1.1166536086068501,True,9,0.6428571428571429,28.0,0.7070707070707071,13.0,1.8755756084161037
~/anvil/data/cve-targets/php_repo_ext_phar_util.c,254,206,284,return ret;,return ret;,				return ret;,0.0025195886846631,"[[571, 853, 2112, 26, 151664, 151659]]","[-0.0006005152827128768, -0.0006820021662861109, -0.00011944057769142091, -0.006788998376578093, -0.18254688382148743, -0.6578878164291382]",12.947915077209473,True,0.0,-0.19073784022475593,-0.03814756804495119,5.0,-0.008190956403268501,-0.0020477391008171253,4.0,7.539392217077149e-06,0,5,5,5,1.0,-1.2304246589117183,-1.1138267051617525,False,3,0.6,0.0,1.0,0.0,0.7165123182592876
~/anvil/data/cve-targets/sqlite3_repo_src_resolve.c,188,173,190,result = ((Bitmask)1)<<n;,result = ((Bitmask)1)<<n;,"  result = ((Bitmask)1)<<n;
  if( pEx",0.1997325122356414,"[[220, 1102, 284, 1781, 8344, 11258, 8, 16, 35392, 77, 280, 220, 421, 7, 281, 840]]","[-0.038950011134147644, -0.30132192373275757, -0.005835875868797302, -0.6696422696113586, -0.013323677703738213, -5.566918844124302e-05, -0.017674563452601433, -0.007222968153655529, -0.19717654585838318, -0.013262036256492138, -0.39910778403282166, -0.027765903621912003, -0.4642033576965332, -0.0018296183552592993, -0.6550745368003845, -0.3231112062931061]",6.550172805786133,True,1.0,-3.1355579477603897,-0.19597237173502435,16.0,-1.6913392286151065,-0.14094493571792555,12.0,0.041836304866920686,1,18,21,18,0.8571428571428571,-1.4170960539892543,-1.05352532013942,False,10,0.625,0.0,1.0,0.0,1.0462981419949815
~/anvil/data/cve-targets/openssl_repo_crypto_bn_bn_local.h,579,424,729,(c)=h&BN_MASK2; \,(c)=h&BN_MASK2; \,        (c)=h&BN_MASK2; \,0.055017601698637,"[[286, 320, 66, 11730, 71, 5, 15594, 11720, 17, 26, 1124, 151643]]","[-0.027450252324342728, -0.030791888013482094, -0.04927036166191101, -0.01525942888110876, -0.04604339972138405, -0.018949080258607864, -2.932505594799295e-05, -4.017272294731811e-05, -1.2040065485052764e-05, -0.0024889700580388308, -0.38792455196380615, -0.04369315877556801]",9.955729484558104,True,0.0,-0.6219526295026299,-0.05182938579188582,12.0,-0.5782594707270619,-0.05256904279336926,11.0,0.011539476952131424,0,13,13,13,1.0,-1.0465779625261997,-1.033547364894,False,9,0.75,0.0,1.0,0.0,1.035210116086902
~/anvil/data/cve-targets/libtiff_repo_libtiff_tif_next.c,34,26,38,case 1:	op[0] |= (v) << 4; break;	\,case 1:	op[0] |= (v) << 4; break;	\,	case 1:	op[0] |= (v) << 4; break;	\,0.0098481168970465,"[[2722, 220, 16, 25, 39703, 58, 15, 60, 8662, 320, 85, 8, 1115, 220, 19, 26, 1438, 26, 197, 59, 151643]]","[-0.0012416280806064606, -8.22540732769994e-06, -2.5748875486897305e-05, -3.576214658096433e-05, -0.03002624399960041, -0.0002739054325502366, -0.00030501006403937936, -5.23315102327615e-05, -0.018582656979560852, -0.009717423468828201, -0.06228823959827423, -0.0003962923656217754, -0.0022625343408435583, -0.00030858523678034544, -0.0005340342177078128, -0.000694153131917119, -0.00439475430175662, -0.0006793813081458211, -0.008382730185985565, -0.023515736684203148, -0.1630161702632904]",10.91336727142334,True,0.0,-0.32674154759934027,-0.015559121314254298,21.0,-0.16372537733604986,-0.008186268866802493,20.0,0.00022658659508129178,0,25,25,25,1.0,-1.2030043304567293,-1.0585900417137983,False,20,0.9523809523809523,0.0,1.0,0.0,1.0985169701119473
~/anvil/data/cve-targets/poppler_repo_poppler_Annot.cc,5212,5190,5241,if (path->getCoordsLength() != 0) {,if (path->getCoordsLength() > 0) {,            if (path->getCoordsLength() > 0) {,0.4537402391433716,"[[310, 421, 320, 2343, 405, 455, 34344, 4373, 368, 861, 220, 15, 8, 314, 151664, 151659, 91275, 12910, 14, 2082, 1921]]","[-0.0007203606073744595, -0.024759577587246895, -0.043770067393779755, -0.008857011795043945, -0.29430726170539856, -0.036967262625694275, -0.020639527589082718, -0.0011607821797952056, -0.16125328838825226, -0.21022477746009827, -0.00016127715934999287, -0.7007486820220947, -0.005716760642826557, -0.03826838359236717, -0.3235226571559906, -0.8354052305221558, -1.4211421012878418, -4.3748852476710454e-05, -1.03904390335083, -0.8734114170074463, -0.0035881916992366314]",13.42013931274414,False,0.0,-1.8710776779043954,-0.12473851186029303,15.0,-1.5475550207484048,-0.11053964433917177,14.0,0.03447823512561592,1,20,20,20,1.0,-4.104773828936414,-1.127054028929958,True,13,0.8666666666666667,2.0,0.9565217391304348,1.0,1.8813687383219664
~/anvil/data/cve-targets/sqlite3_repo_src_pragma.c,513,505,526,if( !zRight ){,if( !zRight ){,    if( !zRight ){,0.1897667199373245,"[[262, 421, 7, 753, 89, 5979, 40023, 151643]]","[-0.01355891302227974, -0.0400673933327198, -0.004430834669619799, -0.6564947366714478, -0.011992614716291428, -0.0006481691962108016, -0.11843196302652359, -0.4090918004512787]",9.30642318725586,True,0.0,-1.2547164250863716,-0.15683955313579645,8.0,-0.8456246246350929,-0.12080351780501328,7.0,0.04925859358612866,0,12,12,12,1.0,-1.5708708105969518,-1.0169055801974731,False,6,0.75,0.0,1.0,0.0,1.0796681049586967
~/anvil/data/cve-targets/openssl_repo_crypto_pkcs7_pk7_doit.c,605,587,741,return 0;,goto err;,        goto err;,1.049989104270935,"[[286, 7986, 1848, 26, 151643]]","[-0.08244926482439041, -0.5827655792236328, -0.00030560590676032007, -0.014415407553315163, -0.051918040961027145]",9.055556297302246,False,0.0,-0.7318538984691259,-0.14637077969382517,5.0,-0.6799358575080987,-0.16998396437702468,4.0,0.05776082659662969,0,5,5,5,1.0,-6.176989153765456,-1.010547839363369,True,4,0.8,7.0,0.33333333333333337,3.0,2.077608217884326
~/anvil/data/cve-targets/sqlite3_repo_src_expr.c,3680,3626,3723,"sqlite3ExprCompare(0,pFarg->a[0].pExpr, pFarg->a[1].pExpr,-1),","sqlite3ExprCompare(pParse,pFarg->a[0].pExpr, pFarg->a[1].pExpr,-1),","         sqlite3ExprCompare(pParse,pFarg->a[0].pExpr, pFarg->a[1].pExpr,-1),",0.0462706163525581,"[[260, 22003, 18, 16041, 27374, 1295, 14463, 7237, 37, 858, 405, 64, 58, 15, 936, 79, 16041, 11, 281, 37, 858, 405, 64, 58, 16, 936, 79, 16041, 4999, 16, 701, 151643]]","[-0.1026444137096405, -0.01687583141028881, -0.00033861625706776977, -7.593343616463244e-05, -0.0002165798214264214, -0.5787236094474792, -0.011089595966041088, -0.6670489311218262, -0.0076632569544017315, -3.2186455882765586e-06, -7.176141662057489e-05, -1.2278481335670222e-05, -5.61460001335945e-05, -0.005268261767923832, -3.3378546504536644e-06, -1.3470558769768104e-05, -8.34461570775602e-06, -0.3873227834701538, -0.0012215065071359277, -2.9802276912960224e-06, -5.960462772236497e-07, -9.536738616588991e-07, -3.4570634852570947e-06, -9.65590606938349e-06, -0.00021979777375236154, -5.960446742392378e-06, -2.264974000354414e-06, -6.556489552167477e-06, -0.06243675574660301, -0.00012420836719684303, -0.011489178985357285, -0.5137172937393188]",4.439061641693115,False,0.0,-2.366677536882264,-0.07395867302757075,32.0,-1.8529602431429453,-0.059772911069127264,31.0,0.026909664960198344,0,36,36,36,1.0,-0.7741067906002808,-1.1106214987079872,True,30,0.9375,6.0,0.9457364341085271,1.0,2.0807722177299026
~/anvil/data/cve-targets/openssl_repo_crypto_asn1_a_d2i_fp.c,99,89,226,uint32_t eos = 0;,uint32_t eos = 0;,    uint32_t eos = 0;,0.0628217682242393,"[[262, 2622, 18, 17, 528, 61794, 284, 220, 15, 26, 151643]]","[-0.011095608584582806, -0.4614253044128418, -0.007848851382732391, -1.5020257706055418e-05, -3.2782016205601394e-05, -0.0006821212591603398, -0.0026972838677465916, -0.06801770627498627, -0.0388382151722908, -0.005473863333463669, -0.15871845185756683]",11.613887786865234,True,0.0,-0.7548452084192832,-0.06862229167448029,11.0,-0.5961267565617163,-0.059612675656171635,10.0,0.01837338379959121,0,8,8,8,1.0,-1.0538323860277092,-1.07729243235124,False,9,0.8181818181818182,0.0,1.0,0.0,0.8567958420195199
~/anvil/data/cve-targets/libxml2_repo_parser.c,9750,9665,9759,"int m_tmp = xmlSwitchToEncoding(ctxt, handler);",if (ctxt->input->buf != NULL) {,"		if (ctxt->input->buf != NULL) {
		    xmlBufferSetEncodingHandler(ctxt->",3.4872360229492188,"[[197, 743, 320, 77492, 405, 1355, 405, 5909, 961, 1770, 8, 341, 6449, 8396, 4095, 1649, 14690, 3050, 40583, 2252, 405]]","[-0.2537256181240082, -0.9816454648971558, -0.14417214691638947, -0.06954988092184067, -0.00024732868769206107, -0.5372802019119263, -0.012204846367239952, -0.02487749233841896, -0.12498641014099121, -0.0015695883193984628, -0.4759576916694641, -0.024127552285790443, -0.041086968034505844, -0.8165101408958435, -1.0591975450515747, -0.6974948048591614, -0.7877842783927917, -0.025106538087129593, -0.031049862504005432, -6.437280717364047e-06, -0.00025102324434556067]",5.247396945953369,False,1.0,-6.108831820930391,-0.29089675337763765,21.0,-2.6914311906148214,-0.2070331685088324,13.0,0.0792522898044629,1,15,21,20,0.7142857142857143,-16.843851871978895,-1.0884028917153545,True,13,0.6190476190476191,40.0,0.2564102564102564,20.0,2.1431143619545536
~/anvil/data/cve-targets/libtiff_repo_libtiff_tif_predict.c,4,-151,154,*,*, *,0.4787162840366363,[[353]],[-0.47871628403663635],11.307117462158203,True,0.0,-0.47871628403663635,-0.47871628403663635,1.0,-0.47871628403663635,-0.47871628403663635,1.0,0.0,0,2,2,2,1.0,-0.9999999999999999,-1.0690619996169466,False,1,1.0,0.0,1.0,0.0,0.840473759612535
~/anvil/data/cve-targets/poppler_repo_poppler_GfxState.cc,3568,3519,3593,},},        },0.071524403989315,"[[286, 335, 151643]]","[-0.0006389960180968046, -0.029833728447556496, -0.03752956911921501]",19.083505630493164,True,0.0,-0.06800229358486831,-0.022667431194956105,3.0,-0.0304727244656533,-0.01523636223282665,2.0,0.00021308310040693633,0,2,2,2,1.0,-4.694322889962285,-1.298476082135399,False,1,0.3333333333333333,0.0,1.0,0.0,0.17166453485843103
~/anvil/data/cve-targets/php_repo_ext_exif_exif.c,133,118,137,exif_globals->decode_jis_be     = NULL;,exif_globals->decode_jis_be     = NULL;,	exif_globals->decode_jis_be     = NULL;,0.0005139499553479,"[[8122, 333, 58775, 405, 18196, 5374, 285, 21263, 257, 284, 1770, 26, 151664, 151659, 14, 62414, 31082, 408]]","[-0.0009059377480298281, -2.622600959512056e-06, -1.0847986231965479e-05, -3.2186455882765586e-06, -0.0009082006872631609, -0.00010418349120300263, -3.4570634852570947e-06, -0.00033182359766215086, -0.000979420612566173, -1.5139465176616795e-05, -0.00020394629973452538, -0.0032610115595161915, -0.0544949546456337, -0.7516249418258667, -1.8728998899459839, -2.0778908729553223, -0.26286259293556213, -0.009696881286799908]",11.518056869506836,True,0.0,-0.06122476440305036,-0.004709597261773104,13.0,-0.00672980975741666,-0.0005608174797847217,12.0,8.023124279898082e-07,0,11,11,11,1.0,-0.9164299863570362,-1.0747145735150838,False,12,0.9230769230769231,0.0,1.0,0.0,0.8937575363783558
~/anvil/data/cve-targets/libtiff_repo_libtiff_tif_jbig.c,71,39,108,{,{,	{,0.0299353115260601,"[[197, 90, 151643]]","[-0.0009488132782280445, -0.029951855540275574, -0.03651072829961777]",11.33420181274414,True,0.0,-0.06741139711812139,-0.02247046570604046,3.0,-0.030900668818503618,-0.015450334409251809,2.0,0.00021029411511352877,0,2,2,2,1.0,-1.937518679733854,-1.0697861159919462,False,1,0.3333333333333333,0.0,1.0,0.0,0.8072883059669522
~/anvil/data/cve-targets/lua_repo_liolib.c,213,205,217,LStream *p = newprefile(L);,LStream *p = newprefile(L);,  LStream *p = newprefile(L);,0.0198454614728689,"[[220, 444, 3027, 353, 79, 284, 501, 30552, 457, 4957, 1215, 151643]]","[-0.004130760673433542, -0.08881118893623352, -0.0001823735801735893, -0.0006376855308189988, -5.245195097813848e-06, -0.006350456736981869, -0.001400919514708221, -0.022280141711235046, -0.0005517867393791676, -0.0034166553523391485, -0.08356077969074249, -0.04737188667058945]",8.680728912353516,True,0.0,-0.25869988033173286,-0.021558323360977738,12.0,-0.2113279936611434,-0.019211635787376672,11.0,0.0010343683131308692,1,15,15,15,1.0,-1.032991760436594,-1.0011225439681184,False,10,0.8333333333333334,0.0,1.0,0.0,1.1460264363889818
~/anvil/data/cve-targets/openssl_repo_crypto_x509_x509_vfy.c,963,948,997,if (crl_score < best_score),if (crl_score < best_score),        if (crl_score < best_score),0.1697365641593933,"[[286, 421, 320, 66, 2381, 10405, 366, 1850, 10405, 8, 151643]]","[-0.017772004008293152, -0.09185410290956497, -0.03762027248740196, -0.012374293990433216, 0.0, -0.03998664766550064, -0.09585332125425339, -0.10797423124313354, -0.00010990492592100054, -0.24224038422107697, -0.236089825630188]",8.85763931274414,True,0.0,-0.8818749883357668,-0.08017045348506971,11.0,-0.6457851627055788,-0.07175390696728653,9.0,0.004974322239072209,1,12,12,12,1.0,-2.3655375899848665,-1.0055600745533921,False,9,0.8181818181818182,0.0,1.0,0.0,1.1099543120533146
~/anvil/data/cve-targets/openssl_repo_crypto_x509_v3_addr.c,74,68,78,return ((f != NULL &&,return ((f != NULL && f->address,    return ((f != NULL && f->address,0.1305584758520126,"[[262, 470, 1781, 69, 961, 1770, 1009, 282, 405, 4995]]","[-0.013589959591627121, -0.0077051338739693165, -0.5315505266189575, -0.09408994764089584, -0.09708419442176819, -0.00047946401173248887, -0.04615803435444832, -0.6099368333816528, -0.0007045170641504228, -0.011631174944341183]",6.320139408111572,False,0.0,-1.4129297859035432,-0.14129297859035433,10.0,-1.4129297859035432,-0.14129297859035433,10.0,0.04757207348145786,1,10,15,15,0.6666666666666666,-0.924026637095224,-1.0596014249547698,True,6,0.6,11.0,0.7924528301886793,5.0,1.9336208201074307
~/anvil/data/cve-targets/php_repo_ext_phar_phar.c,976,632,1125,if (buffer + 4 > endbuffer) {,"PHAR_GET_32(buffer, entry.offset);","		PHAR_GET_32(buffer, entry.offset);
		if (entry.offset",0.8546163439750671,"[[197, 10025, 39, 934, 12702, 62, 18, 17, 12584, 11, 4343, 14760, 317, 197, 743, 320, 4085, 14760]]","[-0.008766261860728264, -0.5883870124816895, -0.0001892864383989945, -4.768370445162873e-07, -0.0030555487610399723, -0.0005174727994017303, -0.011559532023966312, -2.276871418871451e-05, -0.00018165845540352166, -0.00019786784832831472, -0.007676032837480307, -0.04321514070034027, -0.22276143729686737, -0.0021093280520290136, -0.212340846657753, -0.07511074095964432, -0.2115950733423233, -0.02942751906812191]",8.781946182250977,False,1.0,-1.4171140051347493,-0.0787285558408194,18.0,-0.8886398251069068,-0.06347427322192191,14.0,0.024397662090222226,1,16,20,14,0.8,-13.463979981103762,-1.0036590240779066,True,11,0.6111111111111112,26.0,0.4444444444444444,14.0,2.2082752395836023
~/anvil/data/cve-targets/php_repo_ext_standard_http_fopen_wrapper.c,623,564,637,if (tmp_line[tmp_line_len - 1] == '\n') {,if (tmp_line_len && tmp_line[tmp_line_len - 1] == '\n') {,			if (tmp_line_len && tmp_line[tmp_line_len - 1] == '\n') {,0.1722331792116165,"[[298, 743, 320, 5173, 6528, 6043, 1009, 4174, 6528, 68503, 6528, 6043, 481, 220, 16, 60, 621, 5196, 77, 863, 314, 151664, 151659, 81143, 14]]","[-0.3593798279762268, -0.6095528602600098, -0.052481509745121, -0.1014527902007103, -0.0002213471452705562, -0.2183031141757965, -0.7274817824363708, -0.11154630780220032, -1.5139465176616795e-05, -0.014842323027551174, -2.50339189733495e-06, -6.6756979322235566e-06, -0.032330770045518875, -0.0031871020328253508, -0.00043418517452664673, -0.0013553252210840583, -0.0015513778198510408, -0.006283290684223175, -0.001872930210083723, -0.002174633787944913, -0.02992004156112671, -0.39206618070602417, -0.866371214389801, -0.9420952796936035, -1.22652006149292]",8.963367462158203,False,0.0,-2.666462018567472,-0.12120281902579419,22.0,-2.274395837861448,-0.108304563707688,21.0,0.040903799470344934,1,24,27,27,0.8888888888888888,-1.5902670516864887,-1.008221490481329,True,16,0.7272727272727273,16.0,0.8367346938775511,3.0,2.239060533016546
~/anvil/data/cve-targets/poppler_repo_splash_Splash.cc,2717,2504,2757,xa = 0;,xa = 0;,"                xa = 0;
            if (",0.3990589678287506,"[[394, 71800, 284, 220, 15, 280, 310, 421, 320]]","[-0.17260147631168365, -0.08303803950548172, -0.0030954801477491856, -0.0058884951286017895, -0.0002890407631639391, -0.31580159068107605, -0.007666096091270447, -0.029446618631482124, -0.0013768726494163275]",6.744616985321045,True,1.0,-0.6192037099099252,-0.06880041221221392,9.0,-0.5883802186290268,-0.08405431694700383,7.0,0.012437777410094423,0,7,9,7,0.7777777777777778,-4.747632035132199,-1.0484164509109986,False,5,0.5555555555555556,0.0,1.0,0.0,0.9494036943059326
~/anvil/data/cve-targets/libpng_repo_pngrutil.c,2620,2602,2642,size_t row_factor_l =,size_t row_factor_l =,      size_t row_factor_l =,0.4043068587779999,"[[414, 1379, 528, 2802, 18588, 907, 284, 151643]]","[-0.29561102390289307, -1.083959698677063, -1.1324817933200393e-05, -0.03920634835958481, -0.0006727101281285286, -0.0009398810216225684, -0.05339494347572327, -0.1914547085762024]",5.306249618530273,True,0.0,-1.6652506389591508,-0.20815632986989385,8.0,-1.4737959303829484,-0.21054227576899262,7.0,0.1366353786272931,1,4,4,4,1.0,-1.9203120005295569,-1.0868026837350355,False,6,0.75,0.0,1.0,0.0,0.8085012689656461
~/anvil/data/cve-targets/poppler_repo_poppler_Parser.cc,322,305,331,},},    },0.2325140833854675,"[[262, 335, 151643]]","[-0.04040587693452835, -0.13709242641925812, -0.405865877866745]",13.174304962158203,True,0.0,-0.5833641812205315,-0.1944547270735105,3.0,-0.17749830335378647,-0.08874915167689323,2.0,0.0023370722128157745,0,2,2,2,1.0,-2.6199020384101877,-1.120148555815132,False,1,0.3333333333333333,0.0,1.0,0.0,0.6807415354298567
~/anvil/data/cve-targets/sqlite3_repo_src_shell.c.in,9328,9173,9478,"utf8_printf(p->out, ""%12.12s: %s\n"",""stats"", zOut);","utf8_printf(p->out, ""%12.12s: %s\n"",""stats"", zOut);","    utf8_printf(p->out, ""%12.12s: %s\n"",""stats"", zOut);
    utf8_printf(p->out, ""%12.",0.0936070084571838,"[[262, 10644, 23, 21823, 1295, 405, 411, 11, 5962, 16, 17, 13, 16, 17, 82, 25, 1018, 82, 1699, 2198, 16260, 497, 1147, 2662, 317, 262, 10644, 23, 21823, 1295, 405, 411, 11, 5962, 16, 17, 13]]","[-0.003698771819472313, -0.023484647274017334, -1.1920922133867862e-06, -1.7881377516459906e-06, -7.652943895664066e-05, -4.768370445162873e-07, -3.933898824470816e-06, -0.1332509070634842, -0.001631121034733951, -0.000259365770034492, -0.0002044230350293219, -3.4689302992774174e-05, -2.753696753643453e-05, -6.0437283536884934e-05, -6.437280717364047e-06, -0.00017689094238448888, -0.006152617745101452, -0.0007812308613210917, -0.0025854038540273905, -0.25437766313552856, -0.004385378211736679, -0.0011199399596080184, -0.03955738618969917, -3.3378546504536644e-06, -0.26577338576316833, -0.035936690866947174, -0.6493932008743286, -3.4570634852570947e-06, -3.2782016205601394e-05, -0.00020323118951637298, -1.1205610462639015e-05, -0.0001699779968475923, -0.3252854347229004, -0.0014431786257773638, -0.0005801424849778414, -0.0006384003208950162, -3.8742269680369645e-05]",8.623090744018555,True,1.0,-1.7513919357955956,-0.04733491718366475,37.0,-0.7735921826205185,-0.02975354548540456,26.0,0.005137387378576558,0,25,34,25,0.7352941176470589,-3.146079128724414,-1.0003190907202415,False,24,0.6486486486486487,0.0,1.0,0.0,1.267028132152821
~/anvil/data/cve-targets/openssl_repo_crypto_asn1_tasn_dec.c,816,760,890,case V_ASN1_NEG_ENUMERATED:,case V_ASN1_NEG_ENUMERATED:,    case V_ASN1_NEG_ENUMERATED:,0.1051523089408874,"[[262, 1142, 647, 1566, 18966, 16, 62368, 31894, 640, 9005, 25, 151643]]","[-0.08926703035831451, -0.006428396794945002, -0.00034421717282384634, -8.22540732769994e-06, -2.622600959512056e-06, -2.145764938177308e-06, -0.3396528661251068, -0.005834334995597601, -2.8609820219571702e-05, -8.344646857949556e-07, -0.3872717022895813, -0.009013795293867588]",7.497220993041992,True,0.0,-0.8378547810883674,-0.06982123175736395,12.0,-0.8288409857944998,-0.07534918052677271,11.0,0.019175912512514368,1,5,5,5,1.0,-1.395533544038016,-1.0288748058362511,False,10,0.8333333333333334,0.0,1.0,0.0,0.9608283934779662
~/anvil/data/cve-targets/php_repo_ext_phar_phar.c,698,632,1125,"if (manifest_len < 10 || manifest_len != php_stream_read(fp, buffer, manifest_len)) {","if (manifest_len != php_stream_read(fp, buffer, manifest_len)) {","	if (manifest_len != php_stream_read(fp, buffer, manifest_len)) {
		efree(savebuf);
		MAPPHAR_ALLOC_FAIL(""internal corruption of",0.6682843565940857,"[[743, 320, 42315, 6043, 961, 24362, 12673, 6443, 17815, 11, 4147, 11, 14455, 6043, 593, 341, 197, 197, 823, 765, 33546, 5909, 317, 197, 9209, 2537, 10842, 934, 39333, 11878, 445, 10481, 21252, 315]]","[-0.14637704193592072, -0.10341299325227737, -0.19056206941604614, -0.000226472009671852, -0.010641850531101227, -0.014953427016735077, -2.622600959512056e-06, -0.0003177614707965404, -5.590759246842936e-05, -7.962863310240209e-05, -0.019869690760970116, -0.00039450492477044463, -0.01445594523102045, -1.3589766240329482e-05, -0.030712703242897987, -0.007349241059273481, -0.0015159078175202012, -0.21981866657733917, -0.036004193127155304, -7.986990567587782e-06, -0.004329000134021044, -3.3378546504536644e-06, -0.0068298461847007275, -0.0005353448214009404, -0.6165067553520203, -4.7801782784517854e-05, -0.0002821285743266344, -2.264974000354414e-06, -0.05089586228132248, -0.00012659224739763886, -0.0007857572636567056, -0.17455703020095825, -0.0016430224059149623, -0.0006995138246566057]",3.856944561004639,False,2.0,-1.654016461858646,-0.04864754299584253,34.0,-0.7607600238391115,-0.042264445768839524,18.0,0.004807892401416328,1,28,31,22,0.9032258064516129,-15.811974922117502,-1.1269024728955197,True,23,0.6764705882352942,21.0,0.8590604026845637,6.0,1.9875990861063721
~/anvil/data/cve-targets/libsndfile_repo_src_common.c,616,470,684,"header_put_le_int (psf, size) ;","header_put_le_int (psf, size) ;","						header_put_le_int (psf, size) ;",0.0060878633521497,"[[1144, 20883, 15557, 11751, 4042, 320, 1690, 69, 11, 1379, 8, 2587, 151643]]","[-0.0016126735135912895, -0.000163541772053577, -5.006777428206988e-06, -0.0007172634359449148, -0.0003277718205936253, -0.00024053541710600257, -4.291525328881107e-06, -2.3841855067985307e-07, -2.4676019165781327e-05, -0.0004048719711136073, -0.0015907741617411375, -0.06346555799245834, -0.3552495241165161]",13.07794952392578,True,0.0,-0.42380672694159216,-0.03260051745704555,13.0,-0.06855720282507605,-0.005713100235423004,12.0,0.00030351710301259054,0,11,11,11,1.0,-1.0655971541341158,-1.1174534930432651,False,11,0.8461538461538461,0.0,1.0,0.0,0.7748157798753756
~/anvil/data/cve-targets/poppler_repo_poppler_JPEG2000Stream.cc,31,25,39,opj_image_t *image;,OPJ_CODEC_FORMAT format;,"    OPJ_CODEC_FORMAT format;
    opj_image_t",0.911135196685791,"[[262, 13134, 41, 68199, 14960, 3561, 280, 262, 1179, 73, 4954, 528]]","[-0.04407444968819618, -1.5881922245025635, -0.00023409964342135936, -0.17468927800655365, -0.004347397480159998, -0.20527046918869019, -0.12435678392648697, -0.010214317589998245, -1.3184564113616943, -2.4199192921514623e-05, -0.9144525527954102, -0.01558716781437397]",4.501562118530273,False,1.0,-4.39989935119047,-0.3666582792658725,12.0,-2.15137902002607,-0.26892237750325876,8.0,0.2542479180176168,0,7,8,5,0.875,-3.388097357850966,-1.1088874944305827,True,7,0.5833333333333334,19.0,0.2790697674418605,4.0,1.8161250264801578
~/anvil/data/cve-targets/lua_repo_ldo.c,320,309,331,Proto *p = clLvalue(s2v(ci->func))->p;,Proto *p = ci_func(ci)->p;,      Proto *p = ci_func(ci)->p;,0.1994017511606216,"[[414, 57677, 353, 79, 284, 11825, 9596, 77434, 3997, 79, 26, 151643]]","[-0.0008075552177615464, -0.08957161009311676, -0.0010206258157268167, -4.386805812828243e-05, -0.001553639187477529, -0.09312281012535095, -0.013002962805330753, -0.002680401550605893, -0.0005782362422905862, -0.0487268790602684, -0.3160226345062256, -0.0485154464840889]",11.197223663330078,False,0.0,-0.615646669146372,-0.051303889095531,12.0,-0.5671312226622831,-0.05155738387838937,11.0,0.008170949881842124,1,26,18,18,1.4444444444444444,-3.8675692240506057,-1.066128948405542,True,16,1.3333333333333333,17.0,0.6875,9.0,2.101994418427056
~/anvil/data/cve-targets/poppler_repo_poppler_JBIG2Stream.cc,3121,2740,3214,buf0 <<= 1;,buf0 <<= 1;,                            buf0 <<= 1;,0.1967589557170868,"[[999, 6607, 15, 51178, 220, 16, 26, 151643]]","[-0.00020919041708111763, -0.0003573255962692201, -1.645074735279195e-05, -0.00011979816190432757, -2.3841830625315197e-06, -4.60137271147687e-05, -0.054904986172914505, -0.028759753331542015]",14.968924522399902,True,0.0,-0.08441590233724128,-0.01055198779215516,8.0,-0.05565614900569926,-0.007950878429385608,7.0,0.00036746148849175597,0,7,7,7,1.0,-24.746819796651202,-1.1715489997996948,False,6,0.75,0.0,1.0,0.0,0.5915647098602985
~/anvil/data/cve-targets/libtiff_repo_libtiff_tif_dirread.c,4239,4220,4241,m=o->tdir_tag+1;,m=o->tdir_tag;,		m=o->tdir_tag;,1.1497397422790527,"[[197, 2109, 85876, 405, 1296, 404, 9372, 26, 151643]]","[-0.003705304116010666, -0.1005060151219368, -0.10626384615898132, -2.169585604860913e-05, -2.6225699912174605e-05, -6.079655122448457e-06, -1.8715683836489916e-05, -0.03916175663471222, -0.23474250733852386]",7.503473281860352,False,0.0,-0.4844521462650846,-0.05382801625167607,9.0,-0.24970963892656073,-0.03121370486582009,8.0,0.0018933093889539445,0,13,10,10,1.3,-36.83445291808506,-1.0287139978432032,True,9,1.0,2.0,0.9333333333333333,3.0,2.1247234104528196
~/anvil/data/cve-targets/lua_repo_ldebug.c,764,747,794,resethookcount(L);  /* reset count */,L->hookcount = L->basehookcount;  /* reset count */,    L->hookcount = L->basehookcount;  /* reset count */,0.4152480065822601,"[[262, 444, 405, 20873, 1830, 284, 444, 405, 3152, 20873, 1830, 26, 220, 1391, 7585, 1760, 639, 151643]]","[-0.0008472190820612013, -0.10012052208185196, -2.825220326485578e-05, -0.003291548229753971, -0.00010632903286023065, -6.222531374078244e-05, -0.5843537449836731, -0.002283586421981454, -0.0014397265622392297, -6.913899414939806e-05, -8.344646857949556e-07, -0.006578692700713873, -0.029463864862918854, -0.0005272428970783949, -0.00037520044133998454, -0.12185339629650116, -0.02913682349026203, -0.03133711591362953]",12.164756774902344,False,0.0,-0.9118754639727058,-0.050659747998483655,18.0,-0.8805383480590763,-0.05179637341523978,17.0,0.01897132985324167,0,10,14,14,0.7142857142857143,-8.01693205918706,-1.0922312376010346,True,11,0.6111111111111112,23.0,0.7045454545454546,10.0,1.8622861040814294
~/anvil/data/cve-targets/poppler_repo_poppler_Parser.cc,167,68,191,shift();,shift();,            shift();,2.0041353702545166,"[[310, 6407, 2129, 151643]]","[-0.0070455437526106834, -0.06395703554153442, -0.08483632653951645, -0.05118630453944206]",10.444618225097656,True,0.0,-0.20702521037310362,-0.051756302593275905,4.0,-0.15583890583366156,-0.05194630194455385,3.0,0.0010806965085354114,1,8,8,8,1.0,-38.580905574253954,-1.0462571191107763,False,2,0.5,0.0,1.0,0.0,1.0782539961117967
~/anvil/data/cve-targets/libsndfile_repo_src_flac.c,137,129,257,"unsigned i = 0, j, offset, channels, len ;","int i, j, offset, len, channels ;","	int i, j, offset, len, channels ;
",1.023749828338623,"[[2084, 600, 11, 502, 11, 4347, 11, 2422, 11, 11744, 4386, 151643]]","[-0.5699352025985718, -0.9251924753189087, -0.019228368997573853, -0.07647893577814102, -0.0423038974404335, -0.8041932582855225, -0.1753920465707779, -0.4828782379627228, -0.14654293656349182, -0.0073394193314015865, -0.3705449402332306, -0.6231643557548523]",2.840972185134888,False,1.0,-4.243194074835628,-0.3535995062363024,12.0,-3.620029719080776,-0.3290936108255251,11.0,0.09699816263326294,1,17,13,13,1.3076923076923077,-3.1108164809719825,-1.1558916110580244,True,14,1.1666666666666667,20.0,0.72,7.0,1.8063440173262486
~/anvil/data/cve-targets/libpng_repo_pngrutil.c,1712,1691,1740,},},"   }
  ",2.65228533744812,"[[256, 456, 256]]","[-0.002974611707031727, -0.17211294174194336, -0.05291667953133583]",10.39670181274414,True,1.0,-0.22800423298031092,-0.07600141099343698,3.0,-0.22800423298031092,-0.07600141099343698,3.0,0.005034414861171776,1,2,2,2,1.0,-34.89784337921247,-1.0450045473062226,False,1,0.3333333333333333,0.0,1.0,0.0,1.0585774349607697
~/anvil/data/cve-targets/openssl_repo_crypto_bn_bn_gf2m.c,246,227,255,for (i = 0; i < bt->top; i++) {,for (i = 0; i < bt->top; i++) {,    for (i = 0; i < bt->top; i++) {,0.0033820762764662,"[[262, 369, 320, 72, 284, 220, 15, 26, 600, 366, 19592, 405, 3481, 26, 600, 2457, 314, 151643]]","[-0.023973004892468452, -0.031077712774276733, -0.0004887578543275595, -9.60780744208023e-05, -0.0002351722796447575, -0.0007921895012259483, -3.2782016205601394e-05, -0.0007599088130518794, -0.0011145814787596464, -0.0008287570672109723, -0.0040461113676428795, -1.0251946150674485e-05, -7.891343557275832e-05, -0.0007796823629178107, -0.00024303820100612938, -0.0022239969111979008, -0.0025242867413908243, -0.004715631250292063]",13.104859352111816,True,0.0,-0.0740208569677634,-0.0041122698315424104,18.0,-0.06930522571747133,-0.004076777983380666,17.0,7.586990210435908e-05,0,24,24,24,1.0,-0.8295954035891882,-1.1182055080099138,False,16,0.8888888888888888,0.0,1.0,0.0,0.9202555041178109
~/anvil/data/cve-targets/openssl_repo_crypto_x509_v3_addr.c,1020,865,1170,},},"}
",14.401103019714355,[[532]],[-0.026102915406227112],8.885592460632324,True,1.0,-0.026102915406227112,-0.026102915406227112,1.0,-0.026102915406227112,-0.026102915406227112,1.0,0.0,0,2,2,2,1.0,-551.7047730338516,-1.006263034385897,False,1,1.0,0.0,1.0,0.0,1.982592135234249
~/anvil/data/cve-targets/libxml2_repo_HTMLparser.c,2792,2772,2812,*/,*/,     */,0.5469260215759277,"[[257, 639, 151643]]","[-0.008854648098349571, -0.11426244676113129, -0.005686416290700436]",14.92361068725586,True,0.0,-0.1288035111501813,-0.0429345037167271,3.0,-0.12311709485948086,-0.06155854742974043,2.0,0.0027777010047333817,1,3,3,3,1.0,-8.884647939429684,-1.170222566807622,False,1,0.3333333333333333,0.0,1.0,0.0,0.5741294862435034
~/anvil/data/cve-targets/libpng_repo_pngset.c,473,444,497,"png_chunk_report(png_ptr, ""Invalid palette"", PNG_CHUNK_ERROR);","png_warning(png_ptr, ""Invalid palette"");","      png_warning(png_ptr, ""Invalid palette"");",0.751535952091217,"[[414, 36151, 38395, 95350, 4348, 11, 330, 7928, 26308, 5038, 151643]]","[-0.07560791075229645, -0.28793445229530334, -0.06232094764709473, -0.003350836457684636, -2.0265558760002023e-06, -0.05168996378779411, -0.010687730275094509, -0.7897636890411377, -0.008544553071260452, -0.44887545704841614, -0.054027605801820755]",5.788368701934815,False,0.0,-1.7928051727337788,-0.16298228843034354,11.0,-1.738777566931958,-0.1738777566931958,10.0,0.0618258140675342,1,16,14,14,1.1428571428571428,-4.322208696407838,-1.0737821019083635,True,14,1.2727272727272727,28.0,0.6666666666666667,3.0,2.005330754490859
~/anvil/data/cve-targets/libxml2_repo_parser.c,11751,11731,11756,},},	},0.3950921893119812,"[[197, 92, 151643]]","[-0.2753913104534149, -0.2639392912387848, -0.09207048267126083]",9.517358779907228,True,0.0,-0.6314010843634605,-0.2104670281211535,3.0,-0.5393306016921997,-0.26966530084609985,2.0,3.278718602306441e-05,1,2,2,2,1.0,-1.4651206071835823,-1.022282283995841,False,1,0.3333333333333333,0.0,1.0,0.0,0.9652777204750985
~/anvil/data/cve-targets/libxml2_repo_HTMLparser.c,544,389,694,*,*, *,1.1848833560943604,[[353]],[-0.20173227787017822],16.847915649414062,True,0.0,-0.20173227787017822,-0.20173227787017822,1.0,-0.20173227787017822,-0.20173227787017822,1.0,0.0,0,2,2,2,1.0,-5.873543731345136,-1.2278953212542807,False,1,1.0,0.0,1.0,0.0,0.44604139916500873
~/anvil/data/cve-targets/libpng_repo_pngrutil.c,823,760,919,max_palette_length = PNG_MAX_PALETTE_LENGTH;,max_palette_length = PNG_MAX_PALETTE_LENGTH;,      max_palette_length = PNG_MAX_PALETTE_LENGTH;,0.0556335672736167,"[[414, 1932, 66252, 5118, 284, 41639, 6806, 26191, 85448, 15023, 26, 151643]]","[-0.013318384066224098, -0.009359175339341164, -1.4305104514278355e-06, -8.344646857949556e-07, -0.003612541826441884, -0.24925756454467773, -0.00026341783814132214, -1.2516897186287679e-05, -3.2543604902457446e-05, -0.00032872517476789653, -0.27615880966186523, -0.2549380362033844]",8.028473854064941,True,0.0,-0.8072839801320697,-0.0672736650110058,12.0,-0.5523459439286853,-0.05021326762988048,11.0,0.010085102688467984,1,7,7,7,1.0,-1.1079455669702474,-1.0153003317446843,False,10,0.8333333333333334,0.0,1.0,0.0,1.0180175347031029
~/anvil/data/cve-targets/poppler_repo_poppler_FileSpec.cc,124,119,129,{,{,{,8.505533218383789,[[90]],[-0.255533367395401],12.593926429748535,True,0.0,-0.255533367395401,-0.255533367395401,1.0,-0.255533367395401,-0.255533367395401,1.0,0.0,0,2,2,2,1.0,-33.28541123642262,-1.104013142609488,False,1,1.0,0.0,1.0,0.0,1.3002769925914364
~/anvil/data/cve-targets/lua_repo_ldebug.c,155,146,160,*pos = ci->func - nextra + (n - 1);,*pos = ci->func + 1 + (nextra - n);,      *pos = ci->func + 1 + (nextra - n);,0.6843936443328857,"[[414, 353, 966, 284, 11825, 405, 2830, 488, 220, 16, 488, 320, 77, 15460, 481, 308, 1215, 151643]]","[-0.009997059591114521, -0.348197340965271, -6.258291978156194e-05, -0.0006323245470412076, -0.009782352484762669, -0.00015424491721205413, -0.0331655777990818, -0.020126642659306526, -0.1212286502122879, -0.002150010783225298, -0.05675126984715462, -0.6669535636901855, -0.1431298702955246, -0.0019240929977968335, -0.14370566606521606, -0.001482341205701232, -0.39308616518974304, -0.0263056717813015]",9.236979484558104,False,0.0,-1.978835427951708,-0.10993530155287266,18.0,-1.9525297561704065,-0.11485469153943567,17.0,0.03277024516101276,1,24,24,24,1.0,-5.958778306395062,-1.0151416695769973,True,16,0.8888888888888888,12.0,0.8,4.0,2.255303920743402
~/anvil/data/cve-targets/lua_repo_ldebug.c,318,273,330,ar->ftransfer = ci->u2.transferinfo.ftransfer;,ar->ftransfer = ci->u2.transferinfo.ftransfer;,          ar->ftransfer = ci->u2.transferinfo.ftransfer;,0.0156530551612377,"[[688, 796, 405, 69, 24188, 284, 11825, 405, 84, 17, 49428, 2733, 833, 24188, 26, 151664, 151659, 14, 9835, 1630, 275, 13437]]","[-0.00011884459672728553, -0.002063646912574768, -4.076874756719917e-05, -1.549708758830093e-05, -1.1920922133867862e-06, -0.0015881556319072843, -0.03559473156929016, -9.095255518332124e-05, -0.004015360493212938, -0.0002426806604489684, -0.0005677518784068525, -5.483612312673358e-06, -0.0008490057080052793, -0.00048744716332294047, -0.008089161477982998, -0.5827261209487915, -0.7581244111061096, -1.5920804738998413, -1.815530776977539, -0.905613899230957, -0.194371297955513, -1.010941982269287]",14.343751907348633,True,0.0,-0.6364968011355359,-0.03978105007097099,16.0,-0.05377068018674436,-0.0035847120124496237,15.0,7.759566827865285e-05,0,19,19,19,1.0,-4.366614418919844,-1.1533808387969946,False,14,0.875,0.0,1.0,0.0,0.7660784645608769
~/anvil/data/cve-targets/php_repo_ext_phar_util.c,1364,1252,1478,PHP_SHA512_CTX context;,PHP_SHA512_CTX context;,			PHP_SHA512_CTX context;,0.0033791458699852,"[[298, 10025, 6610, 38096, 20, 16, 17, 44233, 2266, 26, 151643]]","[-0.0009209443815052509, -0.0005771639989688993, -8.368142152903602e-05, -1.4066597032069694e-05, -0.00010430268594063818, -1.0728830375228426e-06, -4.768370445162873e-07, -0.0004689785710070282, -0.024897376075387, -0.004285675473511219, -0.31729641556739807]",12.711978912353516,True,0.0,-0.34865015449236125,-0.03169546859021466,11.0,-0.03135373892496318,-0.003135373892496318,10.0,5.413599338598364e-05,1,5,5,5,1.0,-1.0777489338902404,-1.10727624276222,False,8,0.7272727272727273,0.0,1.0,0.0,0.7348611657916112
~/anvil/data/cve-targets/openssl_repo_crypto_x509_x509_obj.c,79,17,173,"ascii2ebcdic(ebcdic_buf, q, (num > (int)sizeof(ebcdic_buf))",if (num > sizeof(ebcdic_buf)),"            if (num > sizeof(ebcdic_buf))
                num = sizeof(ebcdic_buf);
            ascii2ebcdic(ebcdic_buf, q, num);",0.3707587718963623,"[[310, 421, 320, 2413, 861, 3935, 2026, 91490, 292, 10363, 1171, 394, 1629, 284, 3935, 2026, 91490, 292, 10363, 317, 310, 47120, 17, 3065, 4385, 292, 2026, 91490, 292, 10363, 11, 2804, 11, 1629, 1215, 151643]]","[-0.01046396978199482, -1.8330153226852417, -0.3995358943939209, -0.1161976233124733, -0.3483373820781708, -0.5945363640785217, -0.007945597171783447, -7.390948667307384e-06, -1.6689286894688848e-06, -6.0794889577664435e-05, -0.4750879406929016, -0.004463708959519863, -0.2168000489473343, -0.0009983561467379332, -0.0833018571138382, -0.0006883158930577338, -0.00043752157944254577, -2.3007127310847864e-05, -2.753696753643453e-05, -0.06429245322942734, -0.007156926207244396, -0.8394885063171387, -0.00012408917245920748, -0.00021514961554203182, -2.169585604860913e-05, -9.059865078597795e-06, -0.20312632620334625, -4.768360213347478e-06, -1.1920922133867862e-06, -1.5139465176616795e-05, -0.0057337102480232716, -0.4101272225379944, -0.00908290408551693, -0.5552375316619873, -0.10073713213205338, -0.3226206600666046]",6.020833969116211,False,2.0,-6.609924768812789,-0.1836090213559108,36.0,-3.7896536579214626,-0.3158044714934552,12.0,0.253083329014508,1,24,38,17,0.631578947368421,-1.1740136868329492,-1.067559774279462,True,24,0.6666666666666666,30.0,0.6590909090909092,15.0,2.0871713827479113
~/anvil/data/cve-targets/poppler_repo_poppler_Stream.cc,532,507,538,if (width > INT_MAX / nComps) {,if (imgLineSize > INT_MAX / sizeof(unsigned char)) {,        if (imgLineSize > INT_MAX / sizeof(unsigned char)) {,0.6069900393486023,"[[286, 421, 320, 1892, 2460, 1695, 861, 9221, 6806, 608, 3935, 12266, 1161, 593, 314, 151664, 151659, 13437, 14]]","[-0.0006381620769388974, -0.008507084101438522, -0.020415179431438446, -0.21080462634563446, -0.006943264976143837, -0.00014435203047469258, -0.8411939144134521, -0.01586892269551754, -0.00041738382424227893, -0.05610883608460426, -0.09787370264530182, -0.09085606783628464, -0.0016213617054745555, -0.051651813089847565, -0.0020341435447335243, -0.6601910591125488, -0.90592360496521, -1.3040149211883545, -1.6993311643600464]",10.771007537841797,False,0.0,-2.065269873914076,-0.12907936711962975,16.0,-1.4050788148015272,-0.09367192098676848,15.0,0.04299174059650684,1,16,23,23,0.6956521739130435,-6.479957205471872,-1.054829223139844,True,12,0.75,29.0,0.5542168674698795,9.0,2.0482105902404983
~/anvil/data/cve-targets/sqlite3_repo_src_window.c,1445,1290,1595,** eDelete:,** eDelete:<|fim_pad|><|fim_pad|>,** eDelete:<|fim_pad|><|fim_pad|>,3.2577192783355717,"[[334, 384, 6435, 25, 151662, 151662]]","[-0.0009184433147311211, -0.46814262866973877, -0.0012182918144389987, -0.6549785733222961, -0.09686694294214249, 0.0]",12.541841506958008,False,0.0,-1.2221248800633475,-0.2444249760126695,5.0,-1.2221248800633475,-0.2444249760126695,5.0,0.06810140793647311,0,5,19,19,0.2631578947368421,-13.328094908626325,-1.1025765171617297,True,4,0.8,22.0,0.5,17.0,1.973966838923146
~/anvil/data/cve-targets/poppler_repo_fofi_FoFiType1C.cc,1459,1449,1462,if(ok) {,if (ok) {,                    if (ok) {,1.1026848554611206,"[[503, 421, 320, 562, 8, 314, 151664]]","[-0.00741172069683671, -0.016997961327433586, -0.02626178041100502, -0.025405729189515114, -0.14026682078838348, -0.10128206014633179, -0.6601064801216125]",10.51058864593506,False,0.0,-0.9777325526811182,-0.13967607895444548,7.0,-0.3176260725595057,-0.05293767875991762,6.0,0.002466241034269989,1,10,10,10,1.0,-20.829867899233076,-1.0479840933958713,True,4,0.5714285714285714,1.0,0.9411764705882353,0.0,2.033562078534791
~/anvil/data/cve-targets/libxml2_repo_valid.c,501,437,514,case XML_ENTITY_DECL:,case XML_ENTITY_DECL:,	case XML_ENTITY_DECL:,0.0103357890620827,"[[2722, 11874, 46599, 22732, 25, 151643]]","[-0.002859553089365363, -2.8729025871143676e-05, -0.0010450384579598904, -0.002873936202377081, -0.2522948086261749, -0.3826597034931183]",7.985416889190674,True,0.0,-0.6417617688948667,-0.10696029481581111,6.0,-0.2591020654017484,-0.05182041308034968,5.0,0.010048684776905925,0,5,5,5,1.0,-0.19945400755599216,-1.0163938139324213,False,5,0.8333333333333334,0.0,1.0,0.0,0.9890917028628962
~/anvil/data/cve-targets/poppler_repo_poppler_FileSpec.cc,132,126,139,if (!ok || !fileSpec.isDict()),if (!fileStream.isRef()),    if (!fileStream.isRef()),1.0014835596084597,"[[262, 421, 1505, 1192, 3027, 2079, 3945, 2140, 151643]]","[-0.001335563138127327, -0.024632344022393227, -0.3272981643676758, -0.2530071437358856, -0.5038971304893494, -0.04605000466108322, -0.6196942925453186, -0.1636749655008316, -0.14684157073497772]",9.198090553283691,False,0.0,-2.0864311791956425,-0.2318256865772936,9.0,-1.9395896084606647,-0.2424487010575831,8.0,0.04604221121429098,0,23,18,18,1.2777777777777777,-4.1307029290728225,-1.014155204821151,True,10,1.1111111111111112,15.0,0.6296296296296297,7.0,2.268713498560363
~/anvil/data/cve-targets/sqlite3_repo_src_expr.c,97,90,105,"Expr *pNew = sqlite3ExprAlloc(pParse->db, TK_COLLATE, pCollName, 1);","Expr *pNew = sqlite3ExprAlloc(pParse->db, TK_COLLATE, pCollName, dequote);","    Expr *pNew = sqlite3ExprAlloc(pParse->db, TK_COLLATE, pCollName, dequote);",0.0607075504958629,"[[262, 28819, 353, 79, 3564, 284, 22003, 18, 16041, 25154, 1295, 14463, 405, 1999, 11, 44299, 74317, 2336, 11, 281, 15265, 675, 11, 409, 2949, 1215, 151643]]","[-0.005374980624765158, -0.03190929442644119, -0.0006556744920089841, -1.4662635294371285e-05, -0.043207719922065735, -0.032067470252513885, -0.08061610162258148, -0.0010332489619031549, -0.028284043073654175, -0.3769751489162445, -0.010327116586267948, -0.002483737887814641, -4.911301948595792e-05, -0.0005561950383707881, -0.0014030622551217675, -0.0032474659383296967, -0.01441481988877058, -3.480850500636734e-05, -0.011179899796843529, -0.026001522317528725, -2.455681169521995e-05, -7.390948667307384e-06, -0.0020353333093225956, -0.014759162440896034, -1.1920928244535389e-07, -0.2604363262653351, -0.007507089525461197]",10.274999618530272,False,0.0,-0.9546060646716725,-0.03535578017302491,27.0,-0.9470989751462113,-0.03642688365946967,26.0,0.007232181575817703,1,24,24,24,1.0,-1.6665589915233152,-1.0418298956219207,True,25,0.9259259259259259,7.0,0.9436619718309859,1.0,2.13748006552427
~/anvil/data/cve-targets/libsndfile_repo_src_common.c,1453,1438,1462,#if CPU_CLIPS_NEGATIVE == 0,#if CPU_CLIPS_NEGATIVE == 0,#if CPU_CLIPS_NEGATIVE == 0,0.0116705419495701,"[[2653, 13940, 6843, 25944, 62368, 23215, 621, 220, 15, 151643]]","[-0.03730427101254463, -0.0502324178814888, -0.00032824851223267615, -4.6491513785440475e-06, -0.0047322423197329044, -0.0003271759778726846, -0.002508709440007806, -0.0003718638326972723, -0.0018444921588525176, -0.06390928477048874]",9.768925666809082,True,0.0,-0.16156335505729658,-0.016156335505729657,10.0,-0.09765407028680784,-0.01085045225408976,9.0,0.0003208618446906045,0,6,6,6,1.0,-1.0755811533266948,-1.0287318532559195,False,9,0.9,0.0,1.0,0.0,0.9660997145045638
~/anvil/data/cve-targets/sqlite3_repo_src_select.c,2823,2535,2855,if( !pKeyInfo ){,if( pKeyInfo==0 ){,    if( pKeyInfo==0 ){,0.3785644173622131,"[[262, 421, 7, 281, 1592, 1731, 418, 15, 40023, 151664, 151659, 14]]","[-0.0057062110863626, -0.01387968473136425, -0.0004469349514693022, -0.11222294718027115, -0.00048720886115916073, -3.576272320060525e-06, -0.043266285210847855, -6.532455881824717e-05, -0.06603814661502838, -0.4633174538612366, -0.7379145622253418, -1.5712608098983765]",9.0390625,False,0.0,-0.7054337733288776,-0.07054337733288776,10.0,-0.242116319467641,-0.026901813274182333,9.0,0.0013932531108651915,0,12,13,13,0.9230769230769231,-14.072078097632225,-1.0101312309817823,True,7,0.7,4.0,0.8823529411764706,4.0,2.1116926206355227
~/anvil/data/cve-targets/php_repo_ext_phar_phar.c,1513,1391,1530,},},			},0.1299596130847931,"[[298, 197, 92, 151643]]","[-0.1779150664806366, -2.1815061700181104e-05, -0.12995897233486176, -0.023026691749691963]",7.514584064483643,True,0.0,-0.3309225456268905,-0.08273063640672262,4.0,-0.30789585387719853,-0.1026319512923995,3.0,0.005647717856261075,0,2,2,2,1.0,-1.2662685591403868,-1.028428292084933,False,1,0.25,0.0,1.0,0.0,0.9297068070764408
~/anvil/data/cve-targets/libpng_repo_png.c,4019,4006,4022,"(void)png_safe_execute(image, png_image_free_function, image);",png_image_free_function(image);,      png_image_free_function(image);,0.5644603371620178,"[[414, 36151, 4954, 8905, 9174, 10075, 1215, 151643]]","[-0.058295730501413345, -0.0967177227139473, -0.6283275485038757, -0.009777394123375416, -0.10930100083351135, -0.08996283262968063, -0.42078086733818054, -0.03178874030709267]",6.551389217376709,False,0.0,-1.444951836951077,-0.18061897961888462,8.0,-1.4131630966439843,-0.20188044237771205,7.0,0.045635768997127034,1,18,9,9,2.0,-2.796012979335215,-1.053493282616298,True,14,1.75,32.0,0.6451612903225806,10.0,2.0717145688363696
~/anvil/data/cve-targets/openssl_repo_crypto_pkcs7_pk7_doit.c,739,587,741,EVP_MD_CTX_free(ctx_tmp);,EVP_MD_CTX_free(ctx_tmp);,    EVP_MD_CTX_free(ctx_tmp);,0.0860307067632675,"[[262, 72758, 46497, 44233, 8905, 7502, 16125, 1215, 151643]]","[-0.0037518602330237627, -0.0514024943113327, -1.2874520507466514e-05, -0.00040713604539632797, -0.0027114315889775753, -0.03824876248836517, -5.125986263010418e-06, -0.12741407752037048, -0.13989853858947754]",9.607638359069824,True,0.0,-0.36385230128371404,-0.040428033475968225,9.0,-0.2239537626942365,-0.027994220336779563,8.0,0.0017614643367287457,0,9,9,9,1.0,-3.0731595925262485,-1.0245921700691898,False,8,0.8888888888888888,0.0,1.0,0.0,1.0169124147908877
~/anvil/data/cve-targets/poppler_repo_poppler_Parser.cc,266,188,287,length += 5000;,length += 5000;,"            length += 5000;
            dict.dictSet",0.3971516788005829,"[[310, 3084, 1421, 220, 20, 15, 15, 15, 280, 310, 6451, 54777, 1649]]","[-0.004813748877495527, -0.6826969981193542, -0.1295737773180008, -0.04780087247490883, -0.06351076066493988, -0.22510161995887756, -0.004644795786589384, -0.0011071987682953477, -0.48125162720680237, -0.049889758229255676, -0.5414979457855225, -0.0025582939852029085, -0.024967605248093605]",9.298785209655762,True,1.0,-2.2594150024233386,-0.17380115403256452,13.0,-1.6903911574045196,-0.16903911574045197,10.0,0.04882496968048419,1,7,13,7,0.5384615384615384,-2.3494661401943335,-1.0167114211842665,False,8,0.6153846153846154,0.0,1.0,0.0,1.0377929918752655
~/anvil/data/cve-targets/php_repo_ext_exif_exif.c,1993,1981,2001,for (i=0; i<ImageInfo->file.count; i++) {,for (i = 0; i < ImageInfo->file.count; i++) {,		for (i = 0; i < ImageInfo->file.count; i++) {,0.1550207287073135,"[[197, 2023, 320, 72, 284, 220, 15, 26, 600, 366, 4654, 1731, 405, 1192, 6501, 26, 600, 2457, 314, 151664, 151659, 81143, 14, 20270, 62468]]","[-0.006542690098285675, -0.024461820721626282, -0.06436969339847565, -0.006827241275459528, -0.20212699472904205, -0.05204988643527031, -0.001471152063459158, -0.013905431143939495, -0.00752826826646924, -0.021278895437717438, -0.009625452570617199, -3.540453326422721e-05, -4.708655978902243e-05, -0.0002388668799540028, -0.0008719933102838695, -0.005292215384542942, -0.07925961911678314, -0.022633790969848633, -0.06336553394794464, -0.3612819314002991, -0.7931709289550781, -1.287937879562378, -1.1414859294891357, -0.6230614185333252, -0.6810678243637085]",8.093055725097656,False,0.0,-0.9432139682430716,-0.047160698412153576,20.0,-0.5819320368427725,-0.03062800193909329,19.0,0.002221494165758981,0,27,27,27,1.0,-5.061405213947258,-1.0136624044784797,True,16,0.8,4.0,0.9534883720930233,0.0,2.2567649418314937
~/anvil/data/cve-targets/libtiff_repo_libtiff_tif_dirwrite.c,1999,1971,2023,"if (!_TIFFmemcmp(tif->tif_dir.td_transferfunction[0],tif->tif_dir.td_transferfunction[2],m*sizeof(uint16_t)))","if (!_TIFFmemcmp(tif->tif_dir.td_transferfunction[0],tif->tif_dir.td_transferfunction[1],m*sizeof(uint16_t)) &&","		if (!_TIFFmemcmp(tif->tif_dir.td_transferfunction[0],tif->tif_dir.td_transferfunction[1],m*sizeof(uint16_t)) &&
		    !_TIFFmemcmp(tif->tif_dir.td_transferfunction[0],",0.0745693147182464,"[[197, 743, 24076, 26614, 1748, 61534, 1155, 333, 405, 84340, 4334, 734, 67, 35403, 1688, 58, 15, 1125, 84340, 405, 84340, 4334, 734, 67, 35403, 1688, 58, 16, 1125, 76, 32811, 8488, 16, 21, 528, 593, 6561, 6449, 45134, 26614, 1748, 61534, 1155, 333, 405, 84340, 4334, 734, 67, 35403, 1688, 58, 15, 1125]]","[-0.0013602061662822962, -0.03499473258852959, -0.5014942288398743, -0.000259365770034492, -3.683499380713329e-05, -0.000358159770257771, -0.004786699544638395, -1.07287787614041e-05, -9.179073458653875e-06, -5.125986263010418e-06, -8.34461570775602e-06, -1.5258672647178173e-05, -1.1920928244535389e-07, -0.0011376821203157306, -1.3232143828645349e-05, -0.000830901088193059, -0.18592624366283417, -0.008568545803427696, -0.0007110689766705036, -1.0251946150674485e-05, -1.5497195136049413e-06, -3.4570634852570947e-06, -9.65590606938349e-06, -1.7881377516459906e-06, -0.00015829740732442588, -8.344646857949556e-07, -0.0003500564198475331, -0.20380240678787231, -0.00043704494601115584, -0.0036128980573266745, -0.0006824786541983485, -0.0005221195751801133, -8.487341256113723e-05, -3.576272320060525e-06, -7.402622577501461e-05, -0.5610039234161377, -0.5705899000167847, -0.6872668862342834, -0.008947870694100857, -9.298280929215252e-06, -2.1934269170742482e-05, -1.1801649634435307e-05, -0.00043883229955099523, -7.748573807475623e-06, -1.6689286894688848e-06, -2.3841855067985307e-07, -5.960462772236497e-07, -3.933898824470816e-06, -1.1920928244535389e-07, -7.629365427419543e-06, -7.152555099310121e-07, -7.867782187531702e-06, -0.25718218088150024, -0.00015233787416946143]",9.817535400390623,False,1.0,-3.0359374558957057,-0.05622106399806862,54.0,-2.769142682468093,-0.0728721758544235,38.0,0.032625806630457874,1,50,62,46,0.8064516129032258,-1.0232892574418702,-1.0299827727205857,True,35,0.6481481481481481,4.0,0.9727272727272728,6.0,2.4669748346222713
~/anvil/data/cve-targets/libxml2_repo_valid.c,1217,1186,1278,},},	    },0.9819839000701904,"[[2760, 335, 151643]]","[-0.48355352878570557, -0.314228892326355, -0.012587503530085087]",10.883503913879396,True,0.0,-0.8103699246421456,-0.27012330821404856,3.0,-0.7977824211120605,-0.3988912105560303,2.0,0.007167708128022809,1,2,2,2,1.0,-2.46178374976316,-1.0578000103401577,False,1,0.3333333333333333,0.0,1.0,0.0,0.9068649797230508
~/anvil/data/cve-targets/sqlite3_repo_src_select.c,5223,5100,5396,if(,if( p,  if( p,0.040028765797615,"[[220, 421, 7, 281]]","[-0.09697243571281433, -0.07920388877391815, -0.0008939084364101291, -1.0465445518493652]",9.49392318725586,False,0.0,-1.2236147847725078,-0.30590369619312696,4.0,-1.2236147847725078,-0.30590369619312696,4.0,0.1841562304961002,1,3,4,4,0.75,-0.13085414231916812,-1.0216835146398422,True,2,0.5,2.0,0.75,1.0,1.9536572719957028
~/anvil/data/cve-targets/libxml2_repo_HTMLparser.c,6620,6607,6631,htmlCtxtReset(ctxt);,if (ctxt->input != NULL),"    if (ctxt->input != NULL)
        xmlFree",1.3944164514541626,"[[262, 421, 320, 77492, 405, 1355, 961, 1770, 340, 286, 8396, 10940]]","[-0.4409181773662567, -0.35819771885871887, -0.401999831199646, -0.5493617057800293, -0.0014188947388902307, -0.7574263215065002, -0.213251531124115, -0.0005062728887423873, -0.38928326964378357, -0.023805977776646614, -0.2555125057697296, -0.604860782623291]",4.468056678771973,False,1.0,-3.9965429892763495,-0.33304524910636246,12.0,-3.136169700883329,-0.3136169700883329,10.0,0.05738418599304185,0,9,17,16,0.5294117647058824,-4.446240428448158,-1.1098167276344244,True,7,0.5833333333333334,20.0,0.2727272727272727,13.0,1.8698172588964481
~/anvil/data/cve-targets/php_repo_ext_phar_util.c,399,288,436,return FAILURE;,return FAILURE;,					return FAILURE;,0.0301119331270456,"[[464, 853, 64024, 26, 151664, 151659]]","[-0.004125774838030338, -0.007742987480014563, -8.570780482841656e-05, -0.07899164408445358, -0.25315502285957336, -0.6110941171646118]",10.21458339691162,True,0.0,-0.34410113706690026,-0.06882022741338005,5.0,-0.0909461142073269,-0.022736528551831725,4.0,0.001062216032942387,0,5,5,5,1.0,-1.3243856931985198,-1.040257497753505,False,3,0.6,0.0,1.0,0.0,0.9238365909727605
~/anvil/data/cve-targets/libpng_repo_pngset.c,474,444,497,return;,return;,      return;,0.0316693112254142,"[[414, 470, 26, 151643]]","[-0.012948715128004551, -0.04502180218696594, -0.01865450106561184, -0.04566115140914917]",6.138194561004639,True,0.0,-0.1222861697897315,-0.030571542447432876,4.0,-0.07662501838058233,-0.025541672793527443,3.0,0.00019516371945351945,1,4,4,4,1.0,-1.2399074830149563,-1.06443212862781,False,2,0.5,0.0,1.0,0.0,0.8450845408891431
~/anvil/data/cve-targets/openssl_repo_ssl_t1_lib.c,1715,1599,1840,if (eticklen < 48) {,if (eticklen < mlen) {,    if (eticklen < mlen) {,1.0212416648864746,"[[262, 421, 320, 295, 865, 2892, 366, 296, 2892, 8, 314, 151643]]","[-0.002381229307502508, -0.03831002861261368, -0.021718988195061684, -0.12968206405639648, -6.735097849741578e-05, -7.712543447269127e-05, -0.4784613847732544, -0.8801848888397217, -2.9802276912960224e-06, -0.570058286190033, -0.01835562288761139, -0.2050076127052307]",12.12430477142334,False,0.0,-2.344307562208087,-0.19535896351734058,12.0,-2.139299949502856,-0.19448181359116876,11.0,0.08469651554876903,1,13,13,13,1.0,-5.251090814245925,-1.091127222394881,True,11,0.9166666666666666,4.0,0.8571428571428572,1.0,1.9415401280379503
~/anvil/data/cve-targets/php_repo_ext_exif_exif.c,3657,3617,3700,marker = c;,marker = c;,		marker = c;,0.1044930964708328,"[[197, 2109, 12856, 284, 272, 26, 151643]]","[-0.0702008605003357, -0.18056321144104004, -3.111314072157256e-05, -0.029383648186922073, -0.0965191200375557, -0.18977779150009155, -0.43119561672210693]",9.118228912353516,True,0.0,-0.9976713615287736,-0.14252448021839623,7.0,-0.5664757448066666,-0.09441262413444444,6.0,0.0050406204989091145,1,7,7,7,1.0,-1.1067703861512594,-1.0121324223068446,False,4,0.5714285714285714,0.0,1.0,0.0,1.0302553103257717
~/anvil/data/cve-targets/libtiff_repo_libtiff_tif_dirread.c,5771,5720,5775,nstrips = (uint32_t)nstrips64;,nstrips = (uint32_t) nstrips64;,"	nstrips = (uint32_t) nstrips64;
	/*
	 * If the number of",0.2054278403520584,"[[9038, 29872, 1690, 284, 320, 2496, 18, 17, 528, 8, 308, 29872, 1690, 21, 19, 280, 197, 3284, 197, 353, 1416, 279, 1372, 315]]","[-0.6593490242958069, -1.2278481335670222e-05, -1.1920928244535389e-07, -0.019984211772680283, -0.1275261491537094, -0.015104678459465504, -0.003506703767925501, -9.536738616588991e-07, -0.01889106072485447, -0.33535271883010864, -0.03282059356570244, -5.960462772236497e-07, -3.576278118089249e-07, -0.00014029949670657516, -1.7881377516459906e-06, -0.3980907201766968, -1.2314300537109375, -0.5117958188056946, -0.008831252343952656, -0.004805918782949448, -2.4587793350219727, -0.7076649069786072, -1.625173807144165, -0.0034410094376653433]",5.261980056762695,False,2.0,-8.162704355645921,-0.3401126814852467,24.0,-2.8422123071309144,-0.16718895924299496,17.0,0.10383818129767715,1,12,20,12,0.6,-1.228716544933368,-1.0880061565407848,True,15,0.625,1.0,0.9836065573770492,0.0,1.8822399046593488
~/anvil/data/cve-targets/poppler_repo_poppler_XRef.cc,1493,1486,1515,if ((!xRefStream) && mainXRefEntriesOffset) {,if (mainXRefEntriesOffset >= 0) {,"        if (mainXRefEntriesOffset >= 0) {
            // We have a main xref table",1.596885323524475,"[[286, 421, 320, 3817, 55, 3945, 24533, 6446, 2604, 220, 15, 8, 341, 310, 442, 1205, 614, 264, 1887, 856, 1097, 1965]]","[-0.003244614228606224, -0.23433716595172882, -0.11043485254049301, -1.7511522769927979, -0.001520430902019143, -0.0008212531101889908, -0.12372970581054688, -0.04497074708342552, -0.8384880423545837, -0.0054296404123306274, -0.0017315646400675178, -0.22168460488319397, -0.34935224056243896, -0.0035165634471923113, -0.23947063088417053, -2.2168874740600586, -0.8711921572685242, -0.3356204628944397, -0.7349870204925537, -0.793027937412262, -0.006836950313299894, -0.9031120538711548]",7.652777671813965,False,1.0,-9.791548390116077,-0.4450703813689126,22.0,-3.6904137029196136,-0.2636009787799724,14.0,0.21803502954551987,1,18,14,13,1.2857142857142858,-6.057964317565734,-1.0248813672530404,True,14,0.6363636363636364,22.0,0.717948717948718,8.0,2.2232925820743645
~/anvil/data/cve-targets/openssl_repo_crypto_asn1_tasn_dec.c,701,638,761,*/,*/,         */,0.0328954607248306,"[[260, 639, 151643]]","[-0.005330634769052267, -0.03289522975683212, -0.015024593099951744]",16.940279006958008,True,0.0,-0.053250457625836134,-0.01775015254194538,3.0,-0.03822586452588439,-0.019112932262942195,2.0,0.00018995172421008459,0,3,3,3,1.0,-1.7211100982454253,-1.2307339106281865,False,1,0.3333333333333333,0.0,1.0,0.0,0.3694846646714435
~/anvil/data/cve-targets/openssl_repo_crypto_x509_x509_vfy.c,966,948,997,if (crl_score == best_score) {,if (crl_score == best_score) {,        if (crl_score == best_score) {,0.0692988336086273,"[[286, 421, 320, 66, 2381, 10405, 621, 1850, 10405, 8, 314, 151643]]","[-0.0012948471121490002, -0.019247664138674736, -0.009486359544098377, -0.02066965587437153, -2.3841855067985307e-07, -0.018441880121827126, -0.0014249657979235053, -0.0019511011196300387, -3.659658250398934e-05, -0.36912307143211365, -0.04876638948917389, -0.018556445837020874]",11.126564025878906,True,0.0,-0.5089992154680374,-0.04241660128900312,12.0,-0.4904427696310165,-0.04458570633009241,11.0,0.010727143800809467,1,13,13,13,1.0,-1.5542836328658804,-1.0642473037247202,False,10,0.8333333333333334,0.0,1.0,0.0,0.9504863294307446
~/anvil/data/cve-targets/poppler_repo_poppler_GfxState.cc,4279,4099,4307,if (typeA == 5 && nVerticesA > 0) {,if (typeA == 5) {,    if (typeA == 5) {,0.3682286143302917,"[[262, 421, 320, 1313, 32, 621, 220, 20, 8, 314, 151643]]","[-0.0005958688561804593, -0.020340073853731155, -0.020985469222068787, -0.06296589970588684, -5.757642793469131e-05, -0.1621873676776886, -0.00017498392844572663, -0.32131731510162354, -0.02857394516468048, -0.07904231548309326, -0.09389874339103699]",12.72378635406494,False,0.0,-0.7901395588123705,-0.07183086898294277,11.0,-0.6962408154213335,-0.06962408154213336,10.0,0.009295779193441192,1,19,13,13,1.4615384615384615,-5.288811086254062,-1.1076031435004854,True,16,1.4545454545454546,18.0,0.6538461538461539,6.0,1.9183747784205634
~/anvil/data/cve-targets/php_repo_ext_phar_phar.c,2801,2646,2951,cleanup:,},"}
/* }}}",1.2784245014190674,"[[532, 1057, 97901]]","[-0.5663936734199524, -0.044376689940690994, -0.019435914233326912]",2.9348955154418945,False,1.0,-0.6302062775939703,-0.2100687591979901,3.0,-0.5663936734199524,-0.5663936734199524,1.0,0.0,0,6,7,2,0.8571428571428571,-2.2571306167665823,-1.1531806653271188,True,2,0.6666666666666666,8.0,0.0,5.0,1.7065978912459547
~/anvil/data/cve-targets/php_repo_ext_phar_phar.c,717,632,1125,"PHAR_GET_32(buffer, manifest_flags);","PHAR_GET_32(buffer, tmp_len);","	PHAR_GET_32(buffer, tmp_len);
	if (tmp_len > ",0.2450427412986755,"[[10025, 39, 934, 12702, 62, 18, 17, 12584, 11, 4174, 6043, 317, 743, 320, 5173, 6043, 861, 220]]","[-0.8494394421577454, -0.0001037067049765028, -1.9073468138230965e-06, -0.00121007626876235, -0.0003240775258745998, -0.007771613076329231, -1.2516897186287679e-05, -0.0005040090763941407, -0.000774917658418417, -0.6021040081977844, -2.50339189733495e-06, -0.6990244388580322, -0.6670933961868286, -0.057869985699653625, -0.5490393042564392, -1.0967194612021558e-05, -0.7553064823150635, -1.0579478740692139]",4.535590171813965,False,1.0,-5.2485412268820255,-0.2915856237156681,18.0,-2.1612732171602147,-0.1801061014300179,12.0,0.0986263423465716,1,11,15,11,0.7333333333333333,-1.3605465853353635,-1.1079445634950975,True,11,0.6111111111111112,12.0,0.7692307692307692,1.0,1.8179583084620294
~/anvil/data/cve-targets/lua_repo_ldebug.c,237,210,238,"luaO_chunkid(ar->short_src, ar->source, ar->srclen);","luaO_chunkid(ar->short_src, ar->source, ar->srclen);","  luaO_chunkid(ar->short_src, ar->source, ar->srclen);",0.2285838574171066,"[[220, 20357, 46, 30539, 307, 37544, 405, 8676, 16274, 11, 796, 405, 2427, 11, 796, 405, 15094, 564, 268, 1215, 151643]]","[-0.19400472939014435, -0.0962098240852356, -0.0063730813562870026, -0.020896747708320618, -2.372236667724792e-05, -0.00040141629870049655, -2.825220326485578e-05, -0.00039414744242094457, -0.0026204793248325586, -0.00199250434525311, -0.008433443494141102, -3.111314072157256e-05, -0.00036352223833091557, -0.010242282412946224, -0.08793850243091583, -0.0006789048202335835, -0.0009463122696615756, -5.6622808187967166e-05, -7.867782187531702e-06, -0.42944812774658203, -0.0662032887339592]",5.188194751739502,True,0.0,-0.9272948923990043,-0.04415689963804782,21.0,-0.8610916036650451,-0.043054580183252256,20.0,0.010132253380086371,0,22,22,22,1.0,-5.3091647031324,-1.0900149803953685,False,19,0.9047619047619048,0.0,1.0,0.0,0.9918755212280648
~/anvil/data/cve-targets/poppler_repo_fofi_FoFiType1C.cc,1230,1075,1380,case 0x000b: // return,case 0x000b: // return,"            case 0x000b: // return
                if (nOps",0.0556736588478088,"[[310, 1142, 220, 15, 87, 15, 15, 15, 65, 25, 442, 470, 198, 394, 421, 320, 77, 38904]]","[-0.0019535997416824102, -0.00039867559098638594, -3.015949550899677e-05, -1.168244216387393e-05, -5.125868119648658e-05, -0.00025769727653823793, -0.0002598424907773733, -0.004218489397317171, -0.3163873255252838, -0.0017103818245232105, -0.006837778724730015, -0.05294110253453255, -0.03409186378121376, -0.007868839427828789, -0.9214556217193604, -0.09737580269575119, -0.7583056092262268, -0.029335608705878258]",10.055556297302246,True,1.0,-2.2334913392814997,-0.12408285218230554,18.0,-0.42701869693428307,-0.030501335495305933,14.0,0.006512487338075063,0,6,9,6,0.6666666666666666,-1.8252859405574822,-1.0361299797125538,False,11,0.6111111111111112,0.0,1.0,0.0,0.9484994523283372
~/anvil/data/cve-targets/libpng_repo_pngset.c,683,602,757,else,else,         else,0.0133973117917776,"[[260, 770, 151643]]","[-0.002103260951116681, -0.00016485285595990717, -0.0759061872959137]",10.957637786865234,True,0.0,-0.07817430110299028,-0.026058100367663428,3.0,-0.0022681138070765883,-0.0011340569035382941,2.0,9.393564858423282e-07,0,2,2,2,1.0,-11.813615128110023,-1.0597622984689807,False,1,0.3333333333333333,0.0,1.0,0.0,0.8341268036746788
~/anvil/data/cve-targets/libtiff_repo_libtiff_tif_dir.c,248,243,249,{,{,"        {
           ",3.053863286972046,"[[286, 341, 310]]","[-0.5983220934867859, -0.05388642102479935, -0.1664515733718872]",3.932117938995361,True,1.0,-0.8186600878834724,-0.2728866959611575,3.0,-0.8186600878834724,-0.2728866959611575,3.0,0.05506591790181908,1,2,2,2,1.0,-11.190957024180946,-1.1247866350628863,False,1,0.3333333333333333,0.0,1.0,0.0,0.8637084566139134
~/anvil/data/cve-targets/libxml2_repo_parser.c,12664,12587,12769,xmlFree((xmlChar *) ctxt->encoding);,xmlFree(ctxt->encoding);,	    xmlFree(ctxt->encoding);,0.219814583659172,"[[2760, 8396, 10940, 40583, 2252, 405, 17159, 1215, 151643]]","[-0.26033681631088257, -0.012175522744655609, -0.024428317323327065, -0.48629194498062134, -5.960462772236497e-07, -3.3378546504536644e-06, -0.0009952597320079803, -0.00334596517495811, -0.39834079146385193]",7.589581966400146,False,0.0,-1.1859185516312323,-0.1317687279590258,9.0,-0.7875777601673803,-0.09844722002092254,8.0,0.02843468058985949,0,19,12,12,1.5833333333333333,-2.2328165651854444,-1.0265018495342086,True,10,1.1111111111111112,12.0,0.8,7.0,2.134506929039328
~/anvil/data/cve-targets/php_repo_ext_exif_exif.c,1920,1911,1921,return info->offset_base + offset;,return (char *)info->valid_start + offset;,	return (char *)info->valid_start + offset;,0.7565656900405884,"[[853, 320, 1762, 2586, 2733, 405, 1891, 4906, 488, 4347, 26, 151643]]","[-0.20721982419490814, -0.8035556674003601, -0.16333119571208954, -0.7756299376487732, -0.33839941024780273, -0.007685851771384478, -1.263352870941162, -0.015844399109482765, -0.014880494214594364, -0.3068978786468506, -0.11489463597536087, -0.042720671743154526]",2.6777777671813965,False,0.0,-4.054412837605923,-0.3378677364671603,12.0,-4.011692165862769,-0.36469928780570626,11.0,0.1520320581007593,1,11,18,18,0.6111111111111112,-2.0744918219956854,-1.1606171206802502,True,8,0.6666666666666666,18.0,0.6842105263157895,8.0,1.706414913601798
~/anvil/data/cve-targets/lua_repo_ldebug.c,776,747,794,const Proto *p = ci_func(ci)->p;,Proto *p = ci_func(ci)->p;,    Proto *p = ci_func(ci)->p;,0.5346075892448425,"[[262, 57677, 353, 79, 284, 11825, 9596, 77434, 3997, 79, 26, 151643]]","[-0.003363430267199874, -0.2791234850883484, -0.0012263881508260965, -7.664863369427621e-05, -0.00023112009512260556, -0.0026925283018499613, -0.008096729405224323, -0.02991066873073578, -0.0005684667266905308, -0.0890500396490097, -0.0900532603263855, -0.2755366563796997]",7.375173568725586,False,0.0,-0.7799294217547867,-0.06499411847956556,12.0,-0.504392765375087,-0.04585388776137155,11.0,0.006527427628203402,1,20,18,18,1.1111111111111112,-11.658937013737997,-1.0320188879860492,True,11,0.9166666666666666,6.0,0.896551724137931,2.0,2.152326233189648
~/anvil/data/cve-targets/sqlite3_repo_ext_misc_zipfile.c,1873,1762,1918,nName++;,nName = sqlite3,      nName = sqlite3,0.4904361963272095,"[[414, 308, 675, 284, 22003, 18]]","[-0.3161286413669586, -0.06415203958749771, -0.00013267113536130637, -0.38884130120277405, -0.38966330885887146, -3.707340147229843e-05]",11.023611068725586,False,0.0,-1.1589550355529354,-0.1931591725921559,6.0,-1.1589550355529354,-0.1931591725921559,6.0,0.030537512850802553,1,6,7,7,0.8571428571428571,-2.539026181079872,-1.0615116406159983,True,3,0.5,10.0,0.4347826086956522,4.0,1.9078230561463065
~/anvil/data/cve-targets/libtiff_repo_libtiff_tif_dir.c,1330,1306,1374,td->td_sampleformat = SAMPLEFORMAT_UINT;,td->td_planarconfig = PLANARCONFIG_CONTIG;,"	td->td_planarconfig = PLANARCONFIG_CONTIG;
	td->",0.339703619480133,"[[76373, 405, 1296, 26564, 277, 1676, 284, 72566, 934, 24652, 10710, 1914, 280, 76373, 405]]","[-0.14189784228801727, -4.6967357775429264e-05, -0.0002320735511602834, -0.7534815073013306, -0.0030151403043419123, -0.00010501786891836673, -0.0012667496921494603, -0.001717998180538416, -6.4490144723095e-05, -1.8358061424805783e-05, -0.0013619918609037995, -1.883488948806189e-05, -0.35051217675209045, -0.05686457082629204, -2.6940935640595853e-05]",3.4210081100463867,False,1.0,-1.3106306600147946,-0.08737537733431963,15.0,-1.253739148252862,-0.09644147294252783,13.0,0.04537163766217973,0,10,12,10,0.8333333333333334,-3.5223810785487677,-1.1392510874249817,True,10,0.6666666666666666,26.0,0.4878048780487805,2.0,1.7257588986039991
~/anvil/data/cve-targets/lua_repo_ldebug.c,778,747,794,if (npci == 0 ||,if (npci != getLineDefined(p)) {,    if (npci != getLineDefined(p)) { ,0.359849601984024,"[[262, 421, 320, 45383, 72, 961, 633, 2460, 29361, 1295, 593, 314, 220]]","[-0.0023049949668347836, -0.14265473186969757, -0.078670933842659, -0.001135300612077117, -7.855583680793643e-05, -1.396955132484436, -0.7544047236442566, -1.564803957939148, -0.6008830070495605, -0.051847077906131744, -0.6213873028755188, -0.40783536434173584, -0.19890373945236206]",8.589583396911621,False,0.0,-5.821864822821226,-0.44783575560163275,13.0,-5.821864822821226,-0.44783575560163275,13.0,0.25725319156235416,1,8,18,18,0.4444444444444444,-0.8035303065531109,-1.0011573927619508,True,8,0.6153846153846154,21.0,0.5,13.0,2.089993827953573
~/anvil/data/cve-targets/sqlite3_repo_src_resolve.c,184,173,190,assert( pExTab!=0 );,if( n<0 ) return pExTab->col,  if( n<0 ) return pExTab->col,0.6141527891159058,"[[220, 421, 7, 308, 27, 15, 873, 470, 281, 840, 8582, 405, 2074]]","[-0.03824325650930405, -0.35800254344940186, -0.0031499075703322887, -0.5979434251785278, -0.16313840448856354, -0.005784912966191769, -0.9067398309707642, -0.7299586534500122, -1.5068403482437134, -0.22072535753250122, -0.00029345019720494747, -0.010375135578215122, -0.03407999500632286]",5.131250381469727,False,0.0,-4.575275221141055,-0.35194424778008115,13.0,-4.575275221141055,-0.35194424778008115,13.0,0.19839645296475555,1,12,17,17,0.7058823529411765,-1.7450286316361971,-1.091567840882471,True,8,0.6153846153846154,20.0,0.375,13.0,1.900677706554321
~/anvil/data/cve-targets/poppler_repo_poppler_FileSpec.cc,118,88,122,},obj1,        obj1,1.4200677871704102,"[[286, 2839, 16]]","[-0.279712975025177, -0.3962497115135193, -0.0019606193527579308]",10.164756774902344,False,0.0,-0.6779233058914542,-0.22597443529715142,3.0,-0.6779233058914542,-0.22597443529715142,3.0,0.02735456335887652,1,2,2,2,1.0,-6.284196640664472,-1.0389624915649347,True,1,0.3333333333333333,4.0,0.0,1.0,1.9898809808036395
~/anvil/data/cve-targets/sqlite3_repo_src_where.c,2442,2336,2707,"** However, the nIn multiplier should only be applied once, not once","** Since pTerm is the first of these, make sure this is the first","        ** Since pTerm is the first of these, make sure this is the first
        ** of the terms with",0.779496967792511,"[[286, 3070, 8704, 281, 17249, 374, 279, 1156, 315, 1493, 11, 1281, 2704, 419, 374, 279, 1156, 198, 286, 3070, 315, 279, 3793, 448]]","[-0.0007931424188427627, -0.0005355831235647202, -1.5419795513153076, -1.147900938987732, -0.13436222076416016, -0.1922377645969391, -1.0310369729995728, -0.025948207825422287, -1.0692825317382812, -0.37634894251823425, -0.469078004360199, -0.23919887840747833, -0.0025070447009056807, -0.3752177059650421, -1.2986459732055664, -0.34620237350463867, -0.4634547829627991, -0.6689869165420532, -0.0002543602604418993, -0.0003685271949507296, -0.542249321937561, -0.42791712284088135, -0.6475319862365723, -0.9502969980239868]",11.28489589691162,False,1.0,-11.952335852431133,-0.49801399385129724,24.0,-9.383971896197181,-0.4938932576945885,19.0,0.22900720911840344,0,18,27,17,0.6666666666666666,-1.5782701133258492,-1.0684682587809227,True,15,0.625,55.0,0.40601503759398494,17.0,2.0448361289416925
~/anvil/data/cve-targets/libpng_repo_pngset.c,456,444,497,if (num_palette < 0 || num_palette > PNG_MAX_PALETTE_LENGTH),if (num_palette < 0 || num_palette > (int)max_palette_length),   if (num_palette < 0 || num_palette > (int)max_palette_length),0.4046760499477386,"[[256, 421, 320, 2413, 66252, 366, 220, 15, 1369, 1629, 66252, 861, 320, 396, 8, 2810, 66252, 5118, 8, 151643]]","[-0.03661336004734039, -0.02429022081196308, -0.20618267357349396, -0.1310264766216278, -9.417489309271332e-06, -0.17939919233322144, -0.004988604225218296, -0.011165517382323742, -0.030525637790560722, -0.3326297104358673, -9.417489309271332e-06, -0.0065695736557245255, -0.40657925605773926, -0.025030389428138733, -0.0009659630013629794, -0.1609388291835785, -6.318072337307967e-06, -2.3841855067985307e-07, -0.015101977623999119, -0.07185573875904083]",9.2744779586792,False,0.0,-1.6438885124007072,-0.08219442562003536,20.0,-1.5720327736416664,-0.08273856703377191,19.0,0.014081931121238631,1,18,23,23,0.782608695652174,-4.891020771275377,-1.0160937723779437,True,17,0.85,21.0,0.6611570247933884,6.0,2.1650399906710627
~/anvil/data/cve-targets/openssl_repo_crypto_x509_x509_obj.c,80,17,173,? (int)sizeof(ebcdic_buf) : num);,? num : sizeof(ebcdic_buf));,                         ? num : sizeof(ebcdic_buf));,0.1860014051198959,"[[5108, 937, 1629, 549, 3935, 2026, 91490, 292, 10363, 5905, 151643]]","[-0.40698960423469543, -0.044909775257110596, -0.8849416375160217, -0.04650720953941345, -0.20607848465442657, -0.0008485292200930417, -0.0001419681793777272, -5.960462772236497e-07, -7.033323527139146e-06, -0.06259700655937195, -0.057636283338069916]",1.5592007637023926,False,0.0,-1.7106581278683848,-0.15551437526076226,11.0,-1.6530218445303149,-0.1653021844530315,10.0,0.07260813936422816,1,20,14,14,1.4285714285714286,-1.1252204907960295,-1.193531177650092,True,13,1.1818181818181819,12.0,0.7540983606557377,13.0,1.6771698294927626
~/anvil/data/cve-targets/poppler_repo_poppler_Parser.cc,245,188,287,},},    },0.8867692947387695,"[[262, 335, 151643]]","[-0.0011731653939932585, -0.12875200808048248, -0.06999458372592926]",12.85694408416748,True,0.0,-0.199919757200405,-0.06663991906680167,3.0,-0.12992517347447574,-0.06496258673723787,2.0,0.004069090275305992,1,2,2,2,1.0,-13.650461585305923,-1.1112964354805555,False,1,0.3333333333333333,0.0,1.0,0.0,0.7508889959060672
~/anvil/data/cve-targets/libtiff_repo_libtiff_tif_predict.c,334,326,336,"TIFFSwabArrayOfLong(wp, wc);",while (wc-- > 0),"	while (wc-- > 0)
		*wp++ = sw",0.4794899523258209,"[[5217, 320, 24028, 313, 861, 220, 15, 340, 197, 197, 9, 8421, 1027, 284, 2021]]","[-1.1178572177886963, -0.6155505776405334, -0.009001744911074638, -0.20415373146533966, -0.004485901445150375, -0.0004981707315891981, -0.006090415176004171, -0.3894759714603424, -0.013268624432384968, -0.1326606124639511, -0.03376045450568199, -0.0015459026908501983, -0.02333955094218254, -0.013974321074783802, -1.3728718757629395]",0.9229166507720948,False,1.0,-3.9385350724915043,-0.26256900483276696,15.0,-2.4930429675150663,-0.24930429675150662,10.0,0.12182646181723977,0,11,22,14,0.5,-1.9233120270034947,-1.2126686078140283,True,10,0.6666666666666666,25.0,0.2272727272727273,12.0,1.541844680910094
~/anvil/data/cve-targets/php_repo_ext_phar_phar.c,905,632,1125,if (manifest_len < 10 + tmp_len),if (buffer + tmp_len > endbuffer) {,	if (buffer + tmp_len > endbuffer) {,0.9381487369537354,"[[743, 320, 7573, 488, 4174, 6043, 861, 835, 7573, 8, 314, 151643]]","[-0.7256953716278076, -0.2496313601732254, -0.8325072526931763, -0.22247575223445892, -0.3658151924610138, -7.867782187531702e-06, -0.12289899587631226, -0.005238734185695648, -1.168244216387393e-05, -0.07209612429141998, -0.5226462483406067, -0.04086017981171608]",2.845312595367432,False,0.0,-3.159884761919784,-0.263323730159982,12.0,-3.119024582108068,-0.28354768928255164,11.0,0.07949367965727865,1,15,16,16,0.9375,-3.3086100589551344,-1.1557661917683784,True,12,1.0,24.0,0.5074626865671642,8.0,1.7780227156870934
~/anvil/data/cve-targets/openssl_repo_crypto_bn_bn_gf2m.c,599,495,643,break;,break;,                break;,0.284325510263443,"[[394, 1438, 26, 151643]]","[-0.006653654854744673, -0.04022187739610672, -0.3915404975414276, -0.15154607594013214]",9.03055477142334,True,0.0,-0.5899621057324111,-0.1474905264331028,4.0,-0.438416029792279,-0.14613867659742633,3.0,0.030298831122080233,1,4,4,4,1.0,-1.9455870060099498,-1.0099164057700245,False,2,0.5,0.0,1.0,0.0,1.0148393093359127
~/anvil/data/cve-targets/php_repo_ext_exif_exif.c,2939,2908,2994,if (maker_note->offset >= value_len) {,if (maker_note->offset > value_len) {,	if (maker_note->offset > value_len) {,0.2451287806034088,"[[743, 320, 25766, 27207, 405, 3176, 861, 897, 6043, 8, 314, 151643]]","[-0.2836328148841858, -0.2648383378982544, -0.4556283950805664, -5.364403477869928e-06, -0.004638862796127796, -0.09294760972261429, -1.158050298690796, -0.11003703624010086, -3.0874729418428615e-05, -0.06550448387861252, -0.024138489738106728, -0.4964832663536072]",3.117360115051269,False,0.0,-2.955935834415868,-0.24632798620132235,12.0,-2.459452568062261,-0.22358659709656917,11.0,0.10681876807369743,1,16,16,16,1.0,-1.0963482775201205,-1.147932278777937,True,11,0.9166666666666666,1.0,0.9866666666666667,1.0,1.7631351265399955
~/anvil/data/cve-targets/php_repo_ext_phar_util.c,1475,1252,1478,},},	},0.2246332317590713,"[[197, 92, 151643]]","[-0.02818136475980282, -0.2246689349412918, -0.704547643661499]",10.015453338623049,True,0.0,-0.9573979433625937,-0.3191326477875312,3.0,-0.2528502997010946,-0.1264251498505473,2.0,0.00965184130895639,0,2,2,2,1.0,-1.776808111555494,-1.0350917033298914,False,1,0.3333333333333333,0.0,1.0,0.0,0.9176764979250822
~/anvil/data/cve-targets/libxml2_repo_xmlstring.c,636,628,685,goto error;,goto error;,        goto error;,0.2534957826137543,"[[286, 7986, 1465, 26, 151643]]","[-0.41349703073501587, -0.5803834795951843, -0.0001463782973587513, -0.011211492121219635, -0.05861731246113777]",8.634723663330078,True,0.0,-1.0638556932099164,-0.21277113864198327,5.0,-1.0052383807487786,-0.25130959518719465,4.0,0.06383111156581797,0,5,5,5,1.0,-1.0086991800887315,-1.0000282172369355,False,3,0.6,0.0,1.0,0.0,1.051670333289183
~/anvil/data/cve-targets/libsndfile_repo_src_ulaw.c,729,574,879,"0x82, 0x82, 0x82, 0x82, 0x82, 0x82, 0x82, 0x82, 0x82, 0x82, 0x82, 0x82,","0x82, 0x82, 0x82, 0x82, 0x82, 0x82, 0x82, 0x82, 0x82, 0x82, 0x82, 0x82,","	0x82, 0x82, 0x82, 0x82, 0x82, 0x82, 0x82, 0x82, 0x82, 0x82, 0x82, 0x82,
	0x82, 0x82, 0x82, 0x82, 0x82, 0x82,",0.0151241738349199,"[[197, 15, 87, 23, 17, 11, 220, 15, 87, 23, 17, 11, 220, 15, 87, 23, 17, 11, 220, 15, 87, 23, 17, 11, 220, 15, 87, 23, 17, 11, 220, 15, 87, 23, 17, 11, 220, 15, 87, 23, 17, 11, 220, 15, 87, 23, 17, 11, 220, 15, 87, 23, 17, 11, 220, 15, 87, 23, 17, 11, 220, 15, 87, 23, 17, 11, 220, 15, 87, 23, 17, 345, 197, 15, 87, 23, 17, 11, 220, 15, 87, 23, 17, 11, 220, 15, 87, 23, 17, 11, 220, 15, 87, 23, 17, 11, 220, 15, 87, 23, 17, 11, 220, 15, 87, 23, 17, 11]]","[-0.0011401826050132513, -0.00017391123401466757, -2.729855441430118e-05, -2.3007127310847864e-05, -0.0006071869283914566, -1.2874520507466514e-05, -2.1457441107486375e-05, -4.887569048150908e-06, -2.7179348762729205e-05, -7.152531907195225e-06, -0.00022957073815632612, -4.088794958079234e-05, -3.480850500636734e-05, -7.629365427419543e-06, -3.361645576660521e-05, -9.179073458653875e-06, -0.0002833203470800072, -0.0001137191939051263, -6.925819616299123e-05, -1.1324817933200393e-05, -1.728519782773219e-05, -1.3589766240329482e-05, -0.00015043080202303827, -0.00027378625236451626, -0.00043871314846910536, -1.156323378381785e-05, -1.2755313036905136e-05, -1.3708974620385561e-05, -8.868777513271198e-05, -0.00016711745411157608, -0.00030322244856506586, -1.645074735279195e-05, -1.6569954823353328e-05, -7.390948667307384e-06, -0.00010132275929208845, -0.00032085992279462516, -0.0005446380819194019, -1.5258672647178173e-05, -1.3589766240329482e-05, -5.006777428206988e-06, -0.00012206286191940308, -0.00028832571115344763, -0.00018594920402392745, -1.4185804502631072e-05, -1.5139465176616795e-05, -9.298280929215252e-06, -0.0004175029753241688, -0.0007813499541953206, -0.0006759266252629459, -1.3112935448589269e-05, -3.957670196541585e-05, -7.629365427419543e-06, -0.00013731967192143202, -0.0006074252305552363, -0.0004962643142789602, -6.318072337307967e-06, -2.7179348762729205e-05, -6.437280717364047e-06, -0.00017724849749356508, -0.0012401993153616786, -0.0015563768101856112, -1.07287787614041e-05, -1.8715683836489916e-05, -3.933898824470816e-06, -0.00015424491721205413, -0.0012256737099960446, -0.0001454247540095821, -1.1920858014491387e-05, -1.9192511899746023e-05, -1.597391747054644e-05, -0.0012986568035557866, -0.5232625603675842, -0.0009029601933434606, -0.00014184899919200689, -1.8954096958623268e-05, -7.152531907195225e-06, -0.00018892886873800308, -6.55629628454335e-05, -8.189342770492658e-05, -9.775113539944869e-06, -3.635817120084539e-05, -4.410734163684538e-06, -0.00023576818057335913, -7.60526381782256e-05, -6.985420623095706e-05, -1.07287787614041e-05, -2.5987286790041253e-05, -7.629365427419543e-06, -0.0002602000313345343, -0.00018368464952800423, -0.0001971527235582471, -7.390948667307384e-06, -2.6702524337451905e-05, -1.0251946150674485e-05, -0.0008203001925721765, -0.0015745873097330332, -0.0009865660686045885, -1.4424220353248529e-05, -3.802703940891661e-05, -1.2040065485052764e-05, -0.00026544384309090674, -0.00037555795279331505, -0.000408327643526718, -1.3232143828645349e-05, -6.19869097135961e-05, -1.0609570381348021e-05, -0.0003407612966839224, -0.0007712250226177275]",12.82656478881836,True,1.0,-0.5466645927863283,-0.0050617091924660025,108.0,-0.5393052153217468,-0.0073877426756403675,73.0,0.0036963314915601413,0,25,37,25,0.6756756756756757,-2.047198244301185,-1.1104527458389726,False,71,0.6574074074074074,0.0,1.0,0.0,0.954080550060559
~/anvil/data/cve-targets/sqlite3_repo_ext_misc_zipfile.c,1509,1401,1575,nPath++;,nPath = (int,          nPath = (int,0.4581924676895141,"[[688, 308, 1820, 284, 320, 396]]","[-0.0006093314150348306, -0.012766537256538868, -2.3483953555114567e-05, -0.3625911474227905, -0.09019237011671066, -0.015593270771205425]",12.829166412353516,False,0.0,-0.48177614093583543,-0.08029602348930591,6.0,-0.48177614093583543,-0.08029602348930591,6.0,0.016888133648435114,1,6,5,5,1.2,-5.706290894349677,-1.110524972687742,True,3,0.5,7.0,0.5,5.0,1.7687367971716026
~/anvil/data/cve-targets/poppler_repo_poppler_JPEG2000Stream.cc,256,202,276,const int componentPixels = priv->image->comps[component].w * priv->image->comps[component].h;,if (priv->image->comps[component].prec > 8) {,"            if (priv->image->comps[component].prec > 8) {
                priv->image->comps[component].data = (OPJ_INT32 *)gmallocn(priv->",0.7817798852920532,"[[310, 421, 320, 11887, 405, 1805, 405, 874, 1690, 58, 8571, 936, 10645, 861, 220, 23, 8, 341, 394, 6095, 405, 1805, 405, 874, 1690, 58, 8571, 936, 691, 284, 320, 3067, 41, 9161, 18, 17, 2586, 70, 16166, 77, 51750, 405]]","[-0.17152313888072968, -0.9105551242828369, -0.060043271631002426, -0.38428595662117004, -0.00012599628826137632, -0.24644041061401367, -0.00031001531169749796, -0.03240359574556351, -2.7418097943154862e-06, -0.0008418591460213065, -0.030048569664359093, -0.00035208225017413497, -0.7305450439453125, -0.3583851456642151, -0.022063158452510834, -0.1721877008676529, -0.8958689570426941, -0.24909979104995728, -0.010517289862036705, -1.3254845142364502, -0.0007298904820345342, -1.5203566551208496, -0.042755283415317535, -0.008580837398767471, -0.00023362292267847806, -0.0006108802044764161, -0.012702743522822857, -0.0005609607324004173, -0.683282732963562, -0.30194613337516785, -0.5098981261253357, -0.352512001991272, -7.664863369427621e-05, -0.03226348012685776, -0.0303322933614254, -6.794906312279636e-06, -0.14967642724514008, -0.6859290599822998, -0.011761016212403774, -0.07938559353351593, -0.6569414734840393, -0.00010179955279454589]",5.427778244018555,False,1.0,-10.681728818659622,-0.2543268766347529,42.0,-4.275599849130003,-0.2250315710068423,19.0,0.08775617685602975,1,41,50,27,0.82,-3.474089799018834,-1.0835057537549588,True,27,0.6428571428571429,58.0,0.5179856115107914,28.0,2.26437299114703
~/anvil/data/cve-targets/libxml2_repo_valid.c,1214,1186,1278,if (size - len < xmlStrlen(content->name) + 10) {,if (size - len < xmlStrlen(content->name) + 10) {,        if (size - len < xmlStrlen(content->name) + 10) {,0.0464934520423412,"[[286, 421, 320, 2141, 481, 2422, 366, 8396, 2580, 2892, 15063, 405, 606, 8, 488, 220, 16, 15, 8, 314, 151664, 151659, 13437, 14, 18, 6498, 32957, 8194, 6455, 17]]","[-0.3847913146018982, -0.02420225739479065, -0.03180178999900818, -0.010400618426501751, -0.0003669780562631786, -0.008867763914167881, -0.012635060586035252, -0.033159926533699036, -0.0005061537376604974, -4.7205765440594405e-05, -0.0036871323827654123, -3.671578815556131e-05, -0.003011218272149563, -0.008251030929386616, -0.0018385426374152303, -0.005671125371009111, -0.4522783160209656, -0.14621597528457642, -0.011970823630690575, -0.03847889602184296, -0.17437200248241425, -0.6970558166503906, -1.712814211845398, -1.9720678329467773, -2.985402822494507, -0.049953944981098175, -0.5978119373321533, -1.012371301651001, -0.9243566393852234, -0.2967672049999237]",5.8194451332092285,True,0.0,-1.3525908478368365,-0.0644090879922303,21.0,-1.1782188453544222,-0.05891094226772111,20.0,0.015469145148683633,1,27,27,27,1.0,-0.7892158952584979,-1.0729481929943805,False,19,0.9047619047619048,0.0,1.0,0.0,1.0837003764299888
~/anvil/data/cve-targets/sqlite3_repo_ext_fts5_fts5_hash.c,411,393,430,"if(pTerm==0 || 0==memcmp(fts5EntryKey(pIter), pTerm, nTerm)) {","if( pTerm==0 || fts5HashEntryMatch(pTerm, nTerm, pIter) ){","      if( pTerm==0 || fts5HashEntryMatch(pTerm, nTerm, pIter) ){",1.1068562269210815,"[[414, 421, 7, 281, 17249, 418, 15, 1369, 282, 2576, 20, 6370, 5874, 8331, 1295, 17249, 11, 308, 17249, 11, 281, 8537, 8, 40023, 151643]]","[-0.0033968149218708277, -0.17998106777668, -0.0030920335557311773, -1.3155431747436523, -0.5109114646911621, -0.29322361946105957, -0.001450201845727861, -0.2673899233341217, -1.0026624202728271, -3.3378546504536644e-06, -0.0003196682082489133, -0.687988817691803, -0.9941976070404053, -0.2378189116716385, -0.10311141610145569, -0.7859476804733276, -0.07961492985486984, -0.005871548317372799, -2.109982233378105e-05, -0.0008750900160521269, -0.01929689384996891, -0.016347993165254593, -0.11450380831956863, -0.16454418003559113, -0.2245597094297409]",9.836806297302246,False,0.0,-7.012673412455115,-0.2805069364982046,25.0,-6.788113703025374,-0.28283807095939056,24.0,0.14420140122698613,1,33,25,25,1.32,-3.913391938951536,-1.0304791095675343,True,25,1.0,29.0,0.6833333333333333,12.0,2.3440900096899147
~/anvil/data/cve-targets/sqlite3_repo_src_select.c,3867,3780,4171,|| IsVirtual(pSubSrc->a[0].pTab)     /* (3c) */,|| pSub->pOrderBy,     || pSub->pOrderBy,0.5436583161354065,"[[257, 1369, 281, 3136, 405, 79, 34605, 151643]]","[-0.33626025915145874, -0.004705783445388079, -0.7257795929908752, -0.7188435196876526, -0.8019842505455017, -0.17698697745800018, -0.8205313682556152, -2.2088048458099365]",8.559200286865234,False,0.0,-5.793896597344428,-0.7242370746680535,8.0,-3.5850917515344918,-0.5121559645049274,7.0,0.09546198006282113,1,20,6,6,3.3333333333333335,-1.061509293679574,-1.0019181385291047,True,21,2.625,37.0,0.3125,16.0,2.236997247493887
~/anvil/data/cve-targets/libtiff_repo_libtiff_tif_dirread.c,5769,5720,5775,"if ((nstrips64==0)||(nstrips64>0xFFFFFFFF)) /* something is wonky, do nothing. */",if( nstrips64 > UINT32_MAX ),        if( nstrips64 > UINT32_MAX ),1.5948408842086792,"[[286, 421, 7, 308, 29872, 1690, 21, 19, 861, 13661, 18, 17, 6806, 873, 151643]]","[-0.22188925743103027, -0.060373157262802124, -0.18694673478603363, -0.10481978952884674, -1.1444026313256472e-05, -2.0265558760002023e-06, -0.009761457331478596, -1.1920928244535389e-07, -0.48305511474609375, -1.4357329607009888, -0.1658972054719925, -5.483612312673358e-06, -0.0005716835148632526, -0.39436325430870056, -0.5619572997093201]",6.843922138214111,False,0.0,-3.6253869881959346,-0.24169246587972898,15.0,-3.0634296884866146,-0.21881640632047247,14.0,0.1361641861178218,1,25,12,12,2.0833333333333335,-7.288488605707742,-1.0458168502691134,True,29,1.9333333333333333,66.0,0.27522935779816515,14.0,2.2442433434148015
~/anvil/data/cve-targets/libxml2_repo_xmlmemory.c,943,788,1093,"xmlMallocFunc mallocAtomicFunc, xmlReallocFunc reallocFunc,","xmlMallocFunc mallocAtomicFunc, xmlReallocFunc reallocFunc,","	      xmlMallocFunc mallocAtomicFunc, xmlReallocFunc reallocFunc,",0.0234592016786336,"[[9103, 8396, 53681, 9626, 15731, 65857, 9626, 11, 8396, 693, 4742, 9626, 66015, 9626, 11, 151643]]","[-0.2983654737472534, -9.226373367710039e-05, -0.00045098623377270997, -7.867782187531702e-06, -0.0003455280384514481, -0.00013386306818574667, -0.00010287232726113871, -0.31364861130714417, -0.008624094538390636, -0.00013636612857226282, -1.6689286894688848e-06, -7.390948667307384e-06, -0.0006679449579678476, -8.511180931236595e-05, -0.0015774437924847007, -0.3018331527709961]",6.350869655609131,True,0.0,-0.9260806401130139,-0.05788004000706337,16.0,-0.6242474873420178,-0.04161649915613452,15.0,0.010766407167134897,0,9,9,9,1.0,-0.5636995459570167,-1.058787692221456,False,14,0.875,0.0,1.0,0.0,0.9170921040331483
~/anvil/data/cve-targets/libpng_repo_png.c,2391,2368,2463,default:  goto PNG_FP_End;,default:  goto PNG_FP_End; /* any other characters,      default:  goto PNG_FP_End; /* any other characters,0.028272183611989,"[[414, 1638, 25, 220, 7986, 41639, 70981, 49953, 26, 1391, 894, 1008, 5766]]","[-0.04272421449422836, -0.049438294023275375, -0.022382495924830437, -0.8067727088928223, -0.024012109264731407, -0.000979539705440402, -1.6212332411669195e-05, -0.0006862907321192324, -0.1248105987906456, -0.47978824377059937, -1.2871417999267578, -0.0087062306702137, -0.6829084157943726]",5.733332633972168,False,0.0,-3.530367154322448,-0.27156670417864986,13.0,-3.530367154322448,-0.27156670417864986,13.0,0.15895759101771992,0,8,16,16,0.5,-0.10410769500442946,-1.0752605373845117,True,8,0.6153846153846154,24.0,0.6842105263157895,9.0,1.8600698266057993
~/anvil/data/cve-targets/openssl_repo_crypto_asn1_a_type.c,70,54,98,case V_ASN1_NEG_INTEGER:,case V_ASN1_NEG_INTEGER:,    case V_ASN1_NEG_INTEGER:,0.2124200910329818,"[[262, 1142, 647, 1566, 18966, 16, 62368, 25757, 25, 151643]]","[-0.03661738336086273, -0.005540254060178995, -0.00045098623377270997, -3.015949550899677e-05, -3.576278118089249e-07, -1.0728830375228426e-06, -0.5223731994628906, -0.0016023189527913928, -0.22565323114395142, -0.06361960619688034]",6.351388931274414,True,0.0,-0.8558885694176865,-0.08558885694176865,10.0,-0.7922689632208062,-0.0880298848023118,9.0,0.02838045484252881,1,5,5,5,1.0,-2.4130452006158176,-1.0587739472435924,False,8,0.8,0.0,1.0,0.0,0.8847975225804485
~/anvil/data/cve-targets/libtiff_repo_libtiff_tif_predict.c,343,335,352,tmsize_t wc = cc / 4;,tmsize_t wc = cc / sizeof (uint32_t);,	tmsize_t wc = cc / sizeof (uint32_t);,0.1113548725843429,"[[3244, 1011, 551, 528, 26548, 284, 12527, 608, 3935, 320, 2496, 18, 17, 528, 1215, 151643]]","[-0.3377137780189514, -0.0009685831028036773, -4.625213477993384e-05, -8.22540732769994e-06, -0.020631704479455948, -0.014513048343360424, -0.051063183695077896, -0.4057498276233673, -0.3127995729446411, -0.11325833201408386, -0.005205173976719379, -0.002060435013845563, -3.3378546504536644e-06, -0.00014673586701974273, -0.2841031849384308, -0.05568711832165718]",3.1536457538604736,False,0.0,-1.6039584937361724,-0.10024740585851077,16.0,-1.5482713754145152,-0.10321809169430102,15.0,0.020902372642963168,1,11,16,16,0.6875,-1.0788309564387262,-1.1468914145534768,True,11,0.6875,17.0,0.6896551724137931,6.0,1.6999337186306491
~/anvil/data/cve-targets/openssl_repo_crypto_pkcs7_pk7_doit.c,1023,868,1173,void *value),void *value),                         void *value),0.0023425335530191,"[[5108, 737, 353, 957, 8, 151643]]","[-0.0027205857913941145, -0.007251135539263487, -2.90866428258596e-05, -0.00023362292267847806, -0.0015695883193984628, -0.034234948456287384]",11.191838264465332,True,0.0,-0.046038967671847786,-0.007673161278641298,6.0,-0.011804019215560402,-0.0023608038431120804,5.0,6.926522584805097e-06,0,6,6,6,1.0,-0.9922609876520296,-1.0659854198270315,False,4,0.6666666666666666,0.0,1.0,0.0,0.861438487305964
~/anvil/data/cve-targets/libpng_repo_png.c,4005,3952,4008,image->flags |= PNG_IMAGE_FLAG_INVALID;,/* Success. */,"   /* Success. */
   return 1;
}
#endif
#ifdef PNG",2.521716833114624,"[[256, 1391, 13047, 13, 735, 256, 470, 220, 16, 280, 532, 2663, 198, 5753, 41639]]","[-0.9154005646705627, -0.1250624656677246, -0.17831142246723175, -0.006267179735004902, -0.39117252826690674, -0.0005025792634114623, -0.002536058658733964, -0.0012230543652549386, -0.0003564914222806692, -0.025206860154867172, -0.38015902042388916, -0.5313515663146973, -0.8916721343994141, -0.9471760988235474, -0.0007347744540311396]",4.941144943237305,False,4.0,-4.397132799087558,-0.2931421866058372,15.0,-1.6167167400708422,-0.26945279001180705,6.0,0.10047006970465872,1,10,12,2,0.8333333333333334,-9.358659203358503,-1.0967680129253112,True,9,0.6,37.0,0.1132075471698113,9.0,1.9958940344343685
~/anvil/data/cve-targets/php_repo_ext_exif_exif.c,945,873,977,"{ 0x0079, ""IntelligentDRange""},","{ 0x0078, ""BurstMode2""},","  { 0x0078, ""BurstMode2""},
  { 0x007",0.8413793444633484,"[[220, 314, 220, 15, 87, 15, 15, 22, 23, 11, 330, 33, 32612, 3636, 17, 7115, 220, 314, 220, 15, 87, 15, 15, 22]]","[-0.0007516896002925932, -0.006860984489321709, -5.519237674889155e-05, -1.2397689715726301e-05, -4.482168878894299e-05, -4.7444173105759546e-05, -5.936446541454643e-05, -0.016291698440909386, -0.7338583469390869, -8.22540732769994e-06, -0.0002681849291548133, -2.7159056663513184, -0.0037955641746520996, -0.5748502612113953, -0.5287755727767944, -0.0827898383140564, -0.00012981049076188356, -0.0016004146309569478, -2.95634672511369e-05, -7.986990567587782e-06, -0.0002540027489885688, -4.184158387943171e-05, -3.755022044060752e-05, -0.002727600047364831]",12.122221946716309,False,1.0,-4.6692040232082945,-0.19455016763367894,24.0,-4.664505063518845,-0.2743826507952262,17.0,0.42659238518471054,0,10,14,10,0.7142857142857143,-3.066445134285389,-1.0910704082056357,True,15,0.625,17.0,0.5454545454545454,2.0,1.8951180705555761
~/anvil/data/cve-targets/libtiff_repo_libtiff_tif_next.c,118,39,140,while (n-- > 0 && npixels < imagewidth),if (n > imagewidth - npixels),"				if (n > imagewidth - npixels)
					n = (uint32_t)(imagewidth",0.6859683990478516,"[[571, 743, 320, 77, 861, 6532, 28357, 481, 2595, 10274, 340, 464, 9038, 284, 320, 2496, 18, 17, 528, 2376, 28016, 28357]]","[-0.21131661534309387, -0.32221969962120056, -0.6767565011978149, -0.8274255990982056, -0.4030058979988098, -0.7259504795074463, -8.4638240878121e-06, -0.42659178376197815, -0.041103899478912354, -5.328513361746445e-05, -0.2527950406074524, -0.4944540858268738, -0.19386078417301178, -0.0015922023449093103, -0.21793007850646973, -0.0975247174501419, -0.27117058634757996, -9.536738616588991e-07, -0.0006114759016782045, -0.388407826423645, -0.007535367272794247, -1.4305104514278355e-06]",7.948091983795166,False,1.0,-5.560316774004036,-0.25274167154563804,22.0,-4.381681351399493,-0.36514011261662443,12.0,0.07272193500853902,1,20,20,15,1.0,-1.8786443213048956,-1.0173426766399472,True,14,0.6363636363636364,27.0,0.5294117647058824,10.0,2.2038134256100896
~/anvil/data/cve-targets/poppler_repo_poppler_GfxState.cc,2433,2418,2434,"alt->getCMYK(&color2, cmyk);","alt->getCMYK(&color2, cmyk);","        alt->getCMYK(&color2, cmyk);",0.0267735887318849,"[[286, 4797, 405, 455, 9985, 56, 42, 2099, 3423, 17, 11, 272, 2408, 74, 1215, 151643]]","[-0.13982908427715302, -0.017030075192451477, -0.00039760314393788576, -0.0014141331193968654, -0.005279882811009884, -4.768370445162873e-07, -1.1920922133867862e-06, -0.000546425289940089, -5.0424259825376794e-05, -8.666139910928905e-05, -0.001259487122297287, -0.00043990471749566495, -3.290122185717337e-05, -2.145764938177308e-06, -0.2064203917980194, -0.26885688304901123]",7.539754867553711,True,0.0,-0.6416476720957007,-0.040102979505981295,16.0,-0.3727907890466895,-0.0248527192697793,15.0,0.003547922277580835,1,16,16,16,1.0,-1.0772901122510712,-1.0277813365108794,False,14,0.875,0.0,1.0,0.0,1.0834387268345873
~/anvil/data/cve-targets/openssl_repo_ssl_record_rec_layer_s3.c,1302,1129,1598,if (!peek) {,if (!peek) {,            if (!peek) {,0.2096273899078369,"[[310, 421, 1505, 29107, 8, 314, 151643]]","[-0.04401387646794319, -0.07701615989208221, -0.4827219247817993, -0.012136776931583881, -0.10277844965457916, -0.12751419842243195, -0.08915352821350098]",10.185589790344238,True,0.0,-0.9353349143639207,-0.1336192734805601,7.0,-0.8461813861504197,-0.14103023102506995,6.0,0.024753765393399477,1,12,12,12,1.0,-1.486400386528282,-1.039503750544166,False,5,0.7142857142857143,0.0,1.0,0.0,1.0179522280487496
~/anvil/data/cve-targets/php_repo_ext_exif_exif.c,3630,3617,3700,if (!data) {,if (!ImageInfo->Thumbnail,"
	if (!ImageInfo->Thumbnail",0.9302207827568054,"[[198, 743, 1505, 1906, 1731, 405, 45970]]","[-0.6815944314002991, -0.1974741518497467, -0.4055488705635071, -0.124411940574646, -1.6689160474925302e-05, -0.025765594094991684, -0.011143708601593971]",4.689061641693115,False,1.0,-1.4459553862452594,-0.2065650551778942,7.0,-1.4459553862452594,-0.2065650551778942,7.0,0.055088488736003874,1,12,9,9,1.3333333333333333,-4.503282425750559,-1.1037017610464277,True,5,0.7142857142857143,19.0,0.3783783783783784,10.0,1.888747305808695
~/anvil/data/cve-targets/lua_repo_ldo.c,329,309,331,if (isLua(ci->previous)),if (isLua(ci)),  if (isLua(ci)),0.5259213447570801,"[[220, 421, 320, 285, 58020, 77434, 593, 151643]]","[-0.023566387593746185, -0.5151011943817139, -0.030143192037940025, -0.4570479989051819, -0.013228626921772957, -0.0001928620331455022, -0.2097579538822174, -0.6933194398880005]",4.936805725097656,False,0.0,-1.9423576556437183,-0.2427947069554648,8.0,-1.2490382157557178,-0.1784340308222454,7.0,0.04242694427166995,1,17,14,14,1.2142857142857142,-2.947427361997997,-1.0968869972703492,True,8,1.0,10.0,0.736842105263158,3.0,1.9365177275344023
~/anvil/data/cve-targets/openssl_repo_crypto_asn1_tasn_dec.c,815,760,890,case V_ASN1_NEG_INTEGER:,case V_ASN1_NEG_INTEGER:,"    case V_ASN1_NEG_INTEGER:
    case V_A",0.2047671973705291,"[[262, 1142, 647, 1566, 18966, 16, 62368, 25757, 510, 262, 1142, 647, 1566]]","[-0.10403864830732346, -0.01766226626932621, -0.0008810452418401837, -0.00020597243565134704, -1.1920928244535389e-07, -1.7881377516459906e-06, -0.5126649737358093, -0.0006679449579678476, -0.6328774094581604, -0.011706466786563396, -0.0003936707798857242, -4.1483970562694594e-05, -2.145764938177308e-06]",6.693750381469727,True,1.0,-1.2811439350550629,-0.09854953346577407,13.0,-1.2807066345396763,-0.12807066345396761,10.0,0.0510612544497665,1,5,9,5,0.5555555555555556,-1.5988610650410855,-1.0497505335913986,False,8,0.6153846153846154,0.0,1.0,0.0,0.9094598402231533
~/anvil/data/cve-targets/poppler_repo_poppler_GfxState.cc,4327,4304,4344,return false;,return false;,            return false;,0.0128927668556571,"[[310, 470, 895, 26, 151643]]","[-0.050502993166446686, -0.00015877417172305286, -6.186770770000294e-05, -0.0032075406052172184, -0.2824191153049469]",14.99236011505127,True,0.0,-0.33635029095603386,-0.06727005819120677,5.0,-0.05393117565108696,-0.01348279391277174,4.0,0.00045843168639451043,0,5,5,5,1.0,-0.9562385169622946,-1.172235599544214,False,3,0.6,0.0,1.0,0.0,0.5541526149384487
~/anvil/data/cve-targets/php_repo_ext_phar_zip.c,390,165,664,if (read != entry.uncompressed_filesize) {,if (read != entry.uncompressed_filesize) {,			if (read != entry.uncompressed_filesize) {,0.047331366688013,"[[298, 743, 320, 878, 961, 4343, 6307, 45703, 2458, 2141, 8, 314, 151664, 151659, 81143, 89021, 277, 62468]]","[-0.01229128148406744, -0.03572506457567215, -0.03905044496059418, -0.2008010745048523, -0.04809880629181862, -0.020119046792387962, -0.0004943578969687223, -9.536738616588991e-07, -9.536738616588991e-07, -3.576278118089249e-07, -0.025906624272465706, -0.0700429379940033, -0.5977435111999512, -0.4949244558811188, -1.5401893854141235, -0.52363121509552, -0.023806443437933922, -1.5692462921142578]",10.662498474121094,True,0.0,-1.0502754149483167,-0.0807904165344859,13.0,-0.4525319037483655,-0.03771099197903046,12.0,0.002875301630592169,1,16,16,16,1.0,-1.2551079726126546,-1.0519716375317627,False,11,0.8461538461538461,0.0,1.0,0.0,1.0173259635993817
~/anvil/data/cve-targets/php_repo_ext_phar_util.c,1418,1252,1478,PHP_SHA1_CTX  context;,PHP_SHA1_CTX   context;,			PHP_SHA1_CTX   context;,0.0013632588088512,"[[298, 10025, 6610, 38096, 16, 44233, 256, 2266, 26, 151643]]","[-0.001459367573261261, -0.001973587553948164, -2.634490556374658e-05, -8.34461570775602e-06, -0.0032467530108988285, -0.0002829628065228462, -0.8217818140983582, -2.5152843591058627e-05, -0.003297964343801141, -0.4313945770263672]",10.518228530883787,False,0.0,-1.2634968687780201,-0.12634968687780201,10.0,-0.832102291751653,-0.0924558101946281,9.0,0.06649113140820649,1,5,5,5,1.0,-0.014744977151586396,-1.0481842744598076,True,7,0.7,1.0,0.9777777777777777,0.0,1.8997083760982219
~/anvil/data/cve-targets/lua_repo_ldebug.c,593,584,599,if (c->upvals[i]->v == o) {,if (c->upvals[i]->v == o) {,    if (c->upvals[i]->v == o) {,0.0194788891822099,"[[262, 421, 320, 66, 405, 454, 25596, 989, 6294, 85, 621, 297, 8, 314, 151643]]","[-0.0005286726518534124, -0.0712590143084526, -0.024406561627984047, -0.021808337420225143, -0.000566203030757606, -0.00011407678539399058, -0.020063316449522972, -0.0007516896002925932, -0.00863331276923418, -0.0027544675394892693, -0.0907830223441124, -0.0008516260422766209, -0.0011169631034135818, -0.008973508141934872, -0.3079645037651062]",11.289756774902344,True,0.0,-0.5605752755800495,-0.037371685038669965,15.0,-0.2526107718149433,-0.018043626558210235,14.0,0.0007429290262497584,0,24,24,24,1.0,-1.0795440217835028,-1.0685981090166623,False,13,0.8666666666666667,0.0,1.0,0.0,1.059879168187636
~/anvil/data/cve-targets/sqlite3_repo_ext_misc_zipfile.c,380,370,390,pTab->pWriteFd = 0;,pTab->pWriteFd = 0;,    pTab->pWriteFd = 0;,0.0384171828627586,"[[262, 281, 8582, 405, 79, 7985, 74476, 284, 220, 15, 26, 151643]]","[-0.023768261075019836, -0.025760367512702942, -0.000491021724883467, -1.9430925021879375e-05, -0.001555900671519339, -0.00030489088385365903, -0.00017045476124621928, -0.0004203628050163388, -0.002038069535046816, -2.1934269170742482e-05, -0.3137926757335663, -0.10112971812486649]",12.935589790344238,True,0.0,-0.469473088021914,-0.0391227573351595,12.0,-0.3683433698970475,-0.03348576089973159,11.0,0.007942475212098012,0,10,10,10,1.0,-1.147269222216376,-1.1134835521912205,False,10,0.8333333333333334,0.0,1.0,0.0,0.7767813533853947
~/anvil/data/cve-targets/openssl_repo_crypto_rsa_rsa_ameth.c,546,534,551,if (magma_int) {,if (magma_int == 0) {,"    if (magma_int == 0) {
       ",0.7443749308586121,"[[262, 421, 320, 76, 5716, 4042, 621, 220, 15, 8, 341, 286]]","[-0.10822127759456635, -0.06547534465789795, -0.03987153246998787, -0.007085079327225685, -3.2186455882765586e-06, -0.0002388668799540028, -1.2363616228103638, -0.06537652015686035, -0.7262668609619141, -0.3406575620174408, -0.26645079255104065, -0.010418432764708996]",8.076562881469727,False,1.0,-2.8664271108375488,-0.23886892590312905,12.0,-2.8664271108375488,-0.23886892590312905,12.0,0.13170152860706716,1,10,13,13,0.7692307692307693,-3.1162484950448768,-1.0140804450442424,True,7,0.5833333333333334,5.0,0.8648648648648649,3.0,2.103341140024931
~/anvil/data/cve-targets/libxml2_repo_xmlmemory.c,289,257,325,xmlMutexUnlock(xmlMemMutex);,xmlMutexUnlock(xmlMemMutex);,    xmlMutexUnlock(xmlMemMutex);,0.5798290371894836,"[[262, 8396, 38099, 49679, 29932, 18816, 38099, 1215, 151643]]","[-0.7452994585037231, -0.9552072882652283, -0.006915207486599684, -0.00033706706017255783, -8.093983342405409e-05, -8.344646857949556e-07, -2.861018856492592e-06, -0.26312869787216187, -0.0010619483655318618]",6.906424045562744,True,0.0,-1.9720343028703837,-0.21911492254115375,9.0,-1.9709723545048519,-0.24637154431310648,8.0,0.1314481744419972,1,9,9,9,1.0,-2.3534740540189807,-1.0441839876172387,False,7,0.7777777777777778,0.0,1.0,0.0,0.9965009885572012
~/anvil/data/cve-targets/libtiff_repo_libtiff_tif_predict.c,483,474,493,tmsize_t wc = cc/2;,tmsize_t wc = cc / sizeof (uint16_t);,	tmsize_t wc = cc / sizeof (uint16_t);,0.3124402165412903,"[[3244, 1011, 551, 528, 26548, 284, 12527, 608, 3935, 320, 2496, 16, 21, 528, 1215]]","[-0.20279479026794434, -0.0020745915826410055, -9.893881360767409e-05, -6.079655122448457e-06, -0.013841475360095501, -0.03538729250431061, -0.11484405398368835, -0.2447839379310608, -0.8540564775466919, -0.13519908487796783, -0.004169936757534742, -0.00044979469384998083, -4.0531076592742465e-06, -0.0001267114421352744, -0.28481680154800415]",3.1911470890045166,False,0.0,-1.8926540200723139,-0.12617693467148758,15.0,-1.8926540200723139,-0.12617693467148758,15.0,0.0470468276386848,1,11,16,16,0.6875,-2.4762070607813946,-1.145816669454126,True,10,0.6666666666666666,19.0,0.6428571428571428,6.0,1.7168979697370956
~/anvil/data/cve-targets/php_repo_ext_standard_dns.c,417,391,729,CHECKCP(dlen);,if (type == DNS_T_OPT,	if (type == DNS_T_OPT,0.565438449382782,"[[743, 320, 1313, 621, 27598, 1139, 28264]]","[-0.8302731513977051, -0.1316681206226349, -1.0345182418823242, -0.5792508721351624, -0.3262920379638672, -0.00395848648622632, -0.6632567048072815]",1.853472590446472,False,0.0,-3.5692176152952015,-0.5098882307564574,7.0,-3.5692176152952015,-0.5098882307564574,7.0,0.1198484472364073,1,9,7,7,1.2857142857142858,-1.108945873380744,-1.1847828320044749,True,5,0.7142857142857143,21.0,0.11428571428571432,8.0,1.6029439648490582
~/anvil/data/cve-targets/poppler_repo_poppler_GfxState.cc,519,511,523,*out++ = 0;,*out++ = 0;,        *out++ = 0;,0.2118354588747024,"[[286, 353, 411, 1027, 284, 220, 15, 26, 151664, 151659, 14, 3608]]","[-0.000545472139492631, -0.0005365362740121782, -9.65590606938349e-06, -5.5549986427649856e-05, -2.169585604860913e-05, -0.009778574109077454, -0.024043532088398933, -0.16064457595348358, -0.32197463512420654, -0.7257329821586609, -1.7155057191848755, -1.9808531999588013]",12.080556869506836,True,0.0,-0.517610227437217,-0.05751224749302411,9.0,-0.19563559231301042,-0.024454449039126303,8.0,0.0027121025210606648,0,11,11,11,1.0,-8.66245068681665,-1.0899345115786254,False,6,0.6666666666666666,0.0,1.0,0.0,0.8659371719627942
~/anvil/data/cve-targets/poppler_repo_poppler_FileSpec.cc,176,166,198,"Object fileName = fileSpec->dictLookup(""UF"");","Object fileName = fileSpec->dictLookup(""UF"");","        Object fileName = fileSpec->dictLookup(""UF"");",0.042597472667694,"[[286, 3002, 12665, 284, 1034, 8327, 405, 8477, 34247, 445, 20538, 5038, 151664, 151659, 13437, 14, 31685, 14]]","[-0.0016263603465631604, -0.07983563095331192, -0.036882590502500534, -0.13291436433792114, -0.008644540794193745, -1.9073304429184645e-05, -2.8013790142722428e-05, -0.0012043612077832222, -0.0006914132391102612, -0.0388144813477993, -0.03234242647886276, -0.10242686420679092, -0.5979287624359131, -0.7602157592773438, -1.6618307828903198, -1.6413500308990479, -3.6063215732574463, -1.172039270401001]",9.91736125946045,True,0.0,-1.033358882945322,-0.07948914484194784,13.0,-0.4354301205094089,-0.036285843375784076,12.0,0.0018936245324736218,0,19,19,19,1.0,-1.173941920724987,-1.0325564557641493,False,11,0.8461538461538461,0.0,1.0,0.0,1.1052961299531563
~/anvil/data/cve-targets/openssl_repo_crypto_rsa_rsa_ameth.c,545,534,551,"int magma_int = ossl_rsa_pss_to_ctx(ctx, NULL, sigalg, pkey);",/* Sanity check: make sure it is RSA */,"
    /* Sanity check: make sure it is RSA */
    if (EVP_PKEY_id(pkey) != EVP_PKEY_RSA) {
        ERR_raise",1.2152868509292605,"[[198, 262, 1391, 96302, 1779, 25, 1281, 2704, 432, 374, 45641, 735, 262, 421, 320, 36, 13378, 1088, 4784, 842, 1295, 792, 8, 961, 72758, 1088, 4784, 76994, 8, 341, 286, 10165, 55383]]","[-0.49555277824401855, -0.011456770822405815, -1.0853562355041504, -2.147862195968628, -0.001812126487493515, -0.12464012950658798, -0.2827581465244293, -0.002084703417494893, -1.2906564474105835, -0.40663060545921326, -1.602583646774292, -0.7600485682487488, -0.0008841419476084411, -0.01674688793718815, -0.03328803926706314, -0.846136212348938, -3.3378546504536644e-06, -0.005503502674400806, -2.706014311115723e-05, -0.7736175656318665, -0.0011132716899737716, -5.602820692729438e-06, -0.00045015214709565043, -0.002538080094382167, -0.002445684978738427, -1.0013530300057027e-05, -3.099436753473128e-06, -0.006017662119120359, -0.049080606549978256, -0.0005535738891921937, -0.0008649660157971084, -0.03342501446604729, -8.761498611420393e-05]",8.334896087646484,False,3.0,-9.984244444897058,-0.30255286196657755,33.0,-8.212326496315654,-0.6317174227935118,13.0,0.45551774487704905,1,20,17,2,1.1764705882352942,-1.9237823860471532,-1.0075522819341467,True,21,0.6363636363636364,51.0,0.24,19.0,2.267904883221367
~/anvil/data/cve-targets/php_repo_ext_phar_util.c,1445,1252,1478,PHP_MD5_CTX   context;,PHP_MD5_CTX  context;,			PHP_MD5_CTX  context;,0.0028411971870809,"[[298, 10025, 6610, 46497, 20, 44233, 220, 2266, 26, 151643]]","[-0.006564481183886528, -0.008110919035971165, -4.2676016164477915e-05, -0.00042965717148035765, -3.480850500636734e-05, -0.0007751559023745358, -0.303367018699646, -0.00014244495832826942, -0.008869181387126446, -0.28448060154914856]",9.357810974121094,False,0.0,-0.6128169444091327,-0.06128169444091327,10.0,-0.32833634285998414,-0.036481815873331574,9.0,0.008915732513852036,1,5,5,5,1.0,-0.0778798181797149,-1.0182128329084055,True,7,0.7,1.0,0.9767441860465116,0.0,1.9834924972583021
~/anvil/data/cve-targets/openssl_repo_crypto_rsa_rsa_ameth.c,832,677,982,};,};,};,7.801172256469727,[[11061]],[-0.17617228627204895],8.165972709655762,True,0.0,-0.17617228627204895,-0.17617228627204895,1.0,-0.17617228627204895,-0.17617228627204895,1.0,0.0,0,4,4,4,1.0,-44.28149524280449,-1.011816257535706,False,1,1.0,0.0,1.0,0.0,1.5315103840965028
~/anvil/data/cve-targets/poppler_repo_poppler_Stream.cc,520,507,538,if (nBits <= 0 || nVals > INT_MAX / nBits - 7 || width > INT_MAX / nComps) {,if (width > INT_MAX / nComps) {,    if (width > INT_MAX / nComps) {,0.8686808347702026,"[[262, 421, 320, 3098, 861, 9221, 6806, 608, 308, 1092, 1690, 8, 314, 151643]]","[-0.007834184914827347, -0.028289025649428368, -0.03619932010769844, -0.38763779401779175, -0.034708987921476364, -0.012185062281787395, -0.0006416169344447553, -0.019267074763774872, -0.1148369312286377, -0.1383531242609024, -1.9073468138230965e-06, -0.2837081253528595, -0.018349772319197655, -0.19210290908813477]",10.78749942779541,False,0.0,-1.2741158361877751,-0.09100827401341251,14.0,-1.0820129270996404,-0.08323176362304927,13.0,0.01363524562312783,1,34,16,16,2.125,-10.436890881039075,-1.0552642159935575,True,30,2.142857142857143,45.0,0.5794392523364487,18.0,2.2697135342225647
~/anvil/data/cve-targets/libsndfile_repo_src_common.c,617,470,684,"memcpy (&(psf->header.ptr [psf->header.indx]), strptr, size + 1) ;","memcpy (&(psf->header.ptr [psf->header.indx]), strptr, size) ;","					memcpy (&(psf->header.ptr [psf->header.indx]), strptr, size) ;",0.2611426115036011,"[[464, 25497, 15899, 7, 1690, 69, 405, 2708, 38740, 508, 1690, 69, 405, 2708, 28473, 87, 9719, 607, 3505, 11, 1379, 8, 2587, 151664, 151659, 13437, 14, 1690, 69, 520, 198, 3284, 334, 2955, 320, 34, 8, 220, 16]]","[-0.023088200017809868, -0.029127096757292747, -0.0018174811266362667, -0.001302585587836802, -4.172316494077677e-06, -3.576278118089249e-07, -6.318072337307967e-06, -2.50339189733495e-06, -2.3603161025675945e-05, -0.0007382289622910321, -1.1205610462639015e-05, -2.062299427052494e-05, -7.390948667307384e-06, -2.622600959512056e-06, -3.6477376852417365e-05, -3.576278118089249e-07, -0.0008647278300486505, -7.319182623177767e-05, -5.006777428206988e-06, -0.00011395759065635502, -0.001793206320144236, -0.009852115996181965, -0.16169017553329468, -0.12100919336080551, -0.7738450169563293, -1.3882598876953125, -1.7990915775299072, -3.498567819595337, -0.17588068544864655, -2.384746551513672, -0.05029431730508804, -1.121612548828125, -0.4903542101383209, -0.1790742427110672, -0.05861731246113777, -0.017297597602009773, -0.000683074293192476, -0.003183061955496669, -0.3877379298210144]",7.689062118530273,False,0.0,-0.3515907994152485,-0.014649616642302021,24.0,-0.230581606054443,-0.010025287219758391,23.0,0.0011008744432711942,1,38,35,35,1.0857142857142856,-26.048392009051547,-1.023952107453716,True,25,1.0416666666666667,4.0,0.96875,3.0,2.360404853832713
~/anvil/data/cve-targets/libsndfile_repo_src_wavlike.c,712,679,743,if ((psf->cart_16k = cart_var_alloc ()) == NULL),"if ((psf->cart_16k = calloc (1, sizeof (SF_CART_INFO_16K))) == NULL","	if ((psf->cart_16k = calloc (1, sizeof (SF_CART_INFO_16K))) == NULL",1.1831506490707395,"[[743, 1781, 1690, 69, 405, 11452, 62, 16, 21, 74, 284, 46013, 320, 16, 11, 3935, 320, 28667, 65172, 9068, 62, 16, 21, 42, 7705, 621, 1770]]","[-0.8448537588119507, -0.14265090227127075, -0.3151998817920685, -3.2186455882765586e-06, -7.676783570786938e-05, -0.00036590558011084795, -0.0045200795866549015, -4.577531944960356e-05, -1.680836794548668e-05, -2.47952248173533e-05, -0.0011339908232912421, -0.26282015442848206, -0.007758601568639278, -0.022813132032752037, -0.0009288049186579883, -0.19487518072128296, -0.0305832177400589, -0.0028473094571381807, -4.5060096454108134e-05, -0.0003524397616274655, -0.006548493169248104, -0.00034397884155623615, -1.5139465176616795e-05, -0.00014697425649501383, -0.029179316014051437, -0.000501030299346894, -0.0007227431051433086]",6.864757061004639,False,0.0,-1.869373460134966,-0.06923605407907282,27.0,-1.869373460134966,-0.06923605407907282,27.0,0.03013122220932539,0,26,29,29,0.896551724137931,-17.088649328852448,-1.0452722542809085,True,18,0.6666666666666666,32.0,0.6782608695652175,14.0,2.2285394319306233
~/anvil/data/cve-targets/libtiff_repo_libtiff_tif_print.c,518,208,627,for (i = 1; i < td->td_samplesperpixel; i++),for (i = 1; i < td->td_samplesperpixel; i++),				for (i = 1; i < td->td_samplesperpixel; i++),0.0325690023601055,"[[571, 2023, 320, 72, 284, 220, 16, 26, 600, 366, 17941, 405, 1296, 18297, 712, 29684, 26, 600, 2457, 151664, 151659, 8194, 83, 3092, 5523, 333, 4334, 878]]","[-0.002799165900796652, -0.007383203133940697, -0.13745270669460297, -0.015957152470946312, -0.014308239333331585, -0.001086479052901268, -0.030908631160855293, -0.010711672715842724, -0.005298618692904711, -0.01844925247132778, -0.13053026795387268, -1.5616295058862306e-05, -2.9682672902708873e-05, -0.001629097736440599, -4.529942543740617e-06, -7.390948667307384e-06, -0.023920979350805283, -0.01697651483118534, -0.0046170298010110855, -0.5194659233093262, -0.6342934370040894, -1.33219575881958, -0.1551283299922943, -0.0006742588011547923, -0.41439032554626465, -0.48540252447128296, -1.92869234085083, -1.1046147346496582]",8.500693321228027,True,0.0,-0.9415521544692638,-0.047077607723463186,20.0,-0.4220862311599376,-0.022215064797891454,19.0,0.0015473962873199711,1,23,23,23,1.0,-1.466077306387006,-1.0033846905640653,False,18,0.9,0.0,1.0,0.0,1.2315030537066227
~/anvil/data/cve-targets/libsndfile_repo_src_alaw.c,163,98,274,"0xb3, 0xb3, 0xb3, 0xb3, 0xb3, 0xb3, 0xb3, 0xb3, 0xb3, 0xb3, 0xb3, 0xb3,","0xb3, 0xb3, 0xb3, 0xb3, 0xb3, 0xb3, 0xb3, 0xb3, 0xb3, 0xb3, 0xb3, 0xb3,","	0xb3, 0xb3, 0xb3, 0xb3, 0xb3, 0xb3, 0xb3, 0xb3, 0xb3, 0xb3, 0xb3, 0xb3,",0.0173447504639625,"[[197, 15, 7929, 18, 11, 220, 15, 7929, 18, 11, 220, 15, 7929, 18, 11, 220, 15, 7929, 18, 11, 220, 15, 7929, 18, 11, 220, 15, 7929, 18, 11, 220, 15, 7929, 18, 11, 220, 15, 7929, 18, 11, 220, 15, 7929, 18, 11, 220, 15, 7929, 18, 11, 220, 15, 7929, 18, 11, 220, 15, 7929, 18, 11, 151643]]","[-0.0023658876307308674, -0.00013183678674977273, -0.0002917817619163543, -0.002939548809081316, -2.706014311115723e-05, -4.1960789531003684e-05, -4.410734163684538e-06, -3.576214658096433e-05, -0.00011097769311163574, -0.00010239553375868127, -9.786603914108127e-05, -4.887569048150908e-06, -5.602679812000133e-05, -6.0437283536884934e-05, -1.2993727978027891e-05, -2.4676019165781327e-05, -1.9073468138230965e-06, -2.2411095415009186e-05, -5.125868119648658e-05, -0.00024863966973498464, -0.0014247277285903692, -1.1444026313256472e-05, -0.00017212340026162565, -0.008793204091489315, -1.811964830267243e-05, -6.103329360485077e-05, -2.50339189733495e-06, -2.2411095415009186e-05, -0.0001461399078834802, -0.0001264730526600033, -0.001982629531994462, -1.07287787614041e-05, -2.276871418871451e-05, -0.00014959646796341985, -2.3007127310847864e-05, -3.40932747349143e-05, -2.145764938177308e-06, -2.13382354559144e-05, -7.30726242181845e-05, -0.008771933615207672, -0.012935183010995388, -2.682172998902388e-05, -7.712543447269127e-05, -0.04942751303315163, -2.5033637939486653e-05, -3.2782016205601394e-05, -9.536738616588991e-07, -1.2278481335670222e-05, -0.0005079409456811845, -0.00016497205069754273, -0.0005115154199302197, -2.7418097943154862e-06, -1.4305012882687151e-05, -0.0008347125840373337, -0.00018225439998786896, -5.566918844124302e-05, -8.344646857949556e-07, -1.168244216387393e-05, -0.00015221867943182588, -0.6931766271591187, -0.02592555806040764]",10.108333587646484,True,0.0,-0.8125809432652886,-0.013320999069922764,61.0,-0.786655385204881,-0.013110923086748017,60.0,0.007882775797853932,0,25,25,25,1.0,-1.3229236682422354,-1.0374979853288018,False,59,0.9672131147540983,0.0,1.0,0.0,1.1579274270775586
~/anvil/data/cve-targets/php_repo_ext_exif_exif.c,3994,3941,4007,} else {,} else {,				} else {,0.006269930396229,"[[571, 197, 92, 770, 314, 151664, 151659]]","[-0.0002693767019081861, -1.0371154530730564e-05, -0.0002361257211305201, -0.00011050090688513592, -0.018422802910208702, -0.18411438167095184, -0.7184895873069763]",15.21336841583252,True,0.0,-0.20316355906561512,-0.03386059317760252,6.0,-0.019049177394663275,-0.003809835478932655,5.0,5.339321447214065e-05,0,4,4,4,1.0,-1.6457220871872276,-1.1787303704493548,False,3,0.5,0.0,1.0,0.0,0.5241954174915822
~/anvil/data/cve-targets/libxml2_repo_HTMLparser.c,3862,3808,3891,},},"    }
   ",0.8126320242881775,"[[262, 456, 262]]","[-0.009308155626058578, -0.5380946397781372, -0.013836419209837914]",7.990277767181396,True,1.0,-0.5612392146140337,-0.1870797382046779,3.0,-0.5612392146140337,-0.1870797382046779,3.0,0.06160914809182669,0,2,2,2,1.0,-4.343773580648819,-1.016270307278957,False,1,0.3333333333333333,0.0,1.0,0.0,1.0110576884247047
~/anvil/data/cve-targets/libpng_repo_pngrutil.c,2895,2647,3067,bytes_to_copy = row_width;,bytes_to_copy = row_width;,               bytes_to_copy = row_width;,0.1292211264371872,"[[2290, 5820, 2346, 16096, 284, 2802, 7927, 26, 151643]]","[-0.019000312313437462, -0.08205696195363998, -3.2186455882765586e-06, -8.189342770492658e-05, -0.000619696278590709, -0.579658567905426, -2.5987286790041253e-05, -0.1779814213514328, -0.01504866685718298]",10.552779197692873,True,0.0,-0.8744767260197932,-0.09716408066886591,9.0,-0.8594280591626102,-0.10742850739532628,8.0,0.035306139546465436,1,7,7,7,1.0,-1.2028569471012591,-1.049090052234352,False,7,0.7777777777777778,0.0,1.0,0.0,0.9287852274846287
~/anvil/data/cve-targets/php_repo_ext_phar_util.c,379,288,436,},},"		}
	",0.9772699475288392,"[[197, 197, 532, 197]]","[-0.02439085766673088, -4.2199197196168825e-05, -0.3911327123641968, -0.027556253597140312]",13.376564979553224,True,1.0,-0.44312202282526414,-0.11078050570631603,4.0,-0.44312202282526414,-0.11078050570631603,4.0,0.026312444933496475,0,2,2,2,1.0,-8.821677977528145,-1.1258269317310665,False,1,0.25,0.0,1.0,0.0,0.7166036893841252
~/anvil/data/cve-targets/sqlite3_repo_src_printf.c,522,385,861,idx = precision;,if( xtype==etFLOAT,        if( xtype==etFLOAT,1.5662175416946411,"[[286, 421, 7, 60614, 418, 295, 50915]]","[-0.1962539255619049, -0.7552687525749207, -0.0019290901254862547, -1.1120221614837646, -0.12909099459648132, -3.540453326422721e-05, -0.18209457397460938]",5.82708215713501,False,0.0,-2.3766949028504314,-0.3395278432643473,7.0,-2.3766949028504314,-0.3395278432643473,7.0,0.15548747521178288,1,7,7,7,1.0,-4.612928137605569,-1.0727433592734774,True,4,0.5714285714285714,15.0,0.23529411764705888,8.0,1.962530346606264
~/anvil/data/cve-targets/sqlite3_repo_src_window.c,870,847,878,pSub->flags &= ~(EP_IntValue|EP_IsTrue|EP_IsFalse);,pSub->flags |= EP_IntValue;,          pSub->flags |= EP_IntValue;,0.2616848349571228,"[[688, 281, 3136, 405, 11161, 8662, 19072, 32054, 1130, 26, 151643]]","[-0.16598455607891083, -0.415388286113739, -0.1716686487197876, -0.006749569438397884, -0.8199580311775208, -0.8335309624671936, -0.03013937547802925, -0.2202969789505005, -0.0008372138836421072, -0.27543890476226807, -0.05354275181889534]",8.451563835144043,False,0.0,-2.993535278888885,-0.27213957080808043,11.0,-2.9399925270699896,-0.29399925270699895,10.0,0.08576698471720155,1,21,10,10,2.1,-0.8900867350772458,-1.0046178420650838,True,18,1.6363636363636365,25.0,0.6666666666666667,12.0,2.221242748669191
~/anvil/data/cve-targets/poppler_repo_utils_HtmlOutputDev.cc,1169,1146,1175,fclose(f1);,fclose(f1);,    fclose(f1);,0.5742303729057312,"[[262, 27204, 955, 16, 1215, 151643]]","[-0.033712390810251236, -0.5902664065361023, -0.0017206162447109818, -7.462222856702283e-05, -0.16529697179794312, -0.74066162109375]",8.444618225097656,True,0.0,-1.5317326287113247,-0.25528877145188744,6.0,-0.7910710076175747,-0.15821420152351492,5.0,0.05034366862697558,0,9,9,9,1.0,-3.6294489835691834,-1.0047922993054605,False,4,0.6666666666666666,0.0,1.0,0.0,1.1060954197305632
~/anvil/data/cve-targets/poppler_repo_poppler_GfxState.cc,3934,3805,4010,double b;,b = xMin *,        b = xMin *,2.4987986087799072,"[[286, 293, 284, 856, 6217, 353]]","[-0.005431418772786856, -0.7243930101394653, -0.004439260810613632, -0.49421632289886475, -0.08753644675016403, -0.0018541302997618914]",7.666840553283691,False,0.0,-1.3178705896716565,-0.21964509827860942,6.0,-1.3178705896716565,-0.21964509827860942,6.0,0.08120774440448554,0,5,5,5,1.0,-11.37652799157985,-1.024521110955066,True,3,0.5,10.0,0.21052631578947367,5.0,2.1392007022026243
~/anvil/data/cve-targets/openssl_repo_crypto_evp_encode.c,151,139,193,if ((ctx->num + inl) < ctx->length) {,if (ctx->num > 0) {,"    if (ctx->num > 0) {
        if (ctx->length - ctx->num < inl",0.2969503402709961,"[[262, 421, 320, 3773, 405, 2413, 861, 220, 15, 8, 341, 286, 421, 320, 3773, 405, 4129, 481, 5635, 405, 2413, 366, 304, 75]]","[-0.015592331066727638, -0.03232961520552635, -0.22411830723285675, -0.39180734753608704, -0.0002766464895103127, -0.2852361500263214, -0.7330507636070251, -0.6006460189819336, -0.040450070053339005, -0.21874010562896729, -0.2554590404033661, -0.0026698203291743994, -0.5458055734634399, -0.2689480781555176, -0.5832188129425049, -7.92710343375802e-05, -0.6015635132789612, -0.23915354907512665, -0.011280684731900692, -5.829164365422912e-05, -8.987976616481319e-05, -0.43093013763427734, -0.01418060902506113, -1.8715683836489916e-05]",8.143922805786133,False,1.0,-5.4957033329956175,-0.2289876388748174,24.0,-2.800376216560835,-0.2333646847134029,12.0,0.053814176364340216,1,25,28,16,0.8928571428571429,-1.2724733420383776,-1.0123741725765505,True,15,0.625,20.0,0.6071428571428572,11.0,2.2474901651848347
~/anvil/data/cve-targets/sqlite3_repo_src_build.c,3400,3379,3404,p->nKeyCol = nCol - 1;,p->nRef = 1;,    p->nRef = 1;,0.3791376054286957,"[[262, 281, 405, 77, 3945, 284, 220, 16, 26, 151643]]","[-0.026455216109752655, -0.22102051973342896, -0.0014174662064760923, -0.24969694018363953, -0.4468955099582672, -0.013290034607052803, -0.00019977481861133128, -0.0005034133209846914, -0.1026076227426529, -0.030686113983392715]",6.108332633972168,False,0.0,-1.0927726116642589,-0.10927726116642589,10.0,-1.0620864976808662,-0.11800961085342958,9.0,0.02188721609852569,0,13,10,10,1.3,-3.212768881168438,-1.0652270751877435,True,12,1.2,12.0,0.5882352941176471,4.0,1.9692662066796482
~/anvil/data/cve-targets/libtiff_repo_libtiff_tif_predict.c,606,576,615,assert(rowsize > 0);,,,0.6084403991699219,[[151643]],[-0.8843419551849365],2.202951431274414,False,0.0,-0.8843419551849365,-0.8843419551849365,1.0,-0.8843419551849365,-0.8843419551849365,1.0,0.0,1,12,-1,-1,-12.0,-0.6880148517240515,-1.1744765073261874,True,7,7.0,20.0,0.0,11.0,1.6687966424413196
~/anvil/data/cve-targets/sqlite3_repo_src_shell.c.in,3423,3268,3573,sqlite3_finalize(pStmt);,sqlite3_finalize(pStmt);,  sqlite3_finalize(pStmt);,0.211307093501091,"[[220, 22003, 18, 70616, 1295, 31063, 1215, 151643]]","[-0.004271787591278553, -0.15629728138446808, -2.884823152271565e-05, -0.0027694464661180973, -5.757642793469131e-05, -1.7165990357170813e-05, -0.20259495079517365, -0.11609423905611038]",10.406424522399902,True,0.0,-0.48213129594296333,-0.06026641199287042,8.0,-0.36603705688685295,-0.05229100812669328,7.0,0.006622718569203363,1,9,9,9,1.0,-4.040983355859684,-1.0452585850742253,False,6,0.75,0.0,1.0,0.0,0.9679102252084186
~/anvil/data/cve-targets/sqlite3_repo_ext_fts5_fts5_hash.c,144,138,166,int nNew = pHash->nSlot*2;,int nNew = pHash->nSlot*2;,  int nNew = pHash->nSlot*2;,0.2079657912254333,"[[220, 526, 308, 3564, 284, 281, 6370, 405, 77, 19877, 9, 17, 26, 151643]]","[-0.002195925684645772, -0.5276991724967957, -0.07178739458322525, -0.006003561429679394, -0.08538176864385605, -0.10171115398406982, -9.870042413240299e-05, -8.582700684200972e-05, -0.0008891443139873445, -0.005085271783173084, -0.4765480160713196, -0.0013338964199647307, -0.12866710126399994, -0.013401076197624207]",10.23767375946045,True,0.0,-1.4208880103033152,-0.10149200073595109,14.0,-1.407486934105691,-0.10826822570043777,13.0,0.030199345019021072,0,14,14,14,1.0,-1.92083863829859,-1.0408581691775187,False,12,0.8571428571428571,0.0,1.0,0.0,1.0367825258221277
~/anvil/data/cve-targets/php_repo_ext_exif_exif.c,2659,2639,2730,switch(ImageInfo->Thumbnail.filetype) {,switch (ImageInfo->Thumbnail.filetype) {,	switch (ImageInfo->Thumbnail.filetype) {,0.2888395488262176,"[[8961, 320, 1906, 1731, 405, 45970, 9715, 1313, 8, 314, 151643]]","[-0.14052042365074158, -0.16904392838478088, -0.002109446795657277, -1.1444026313256472e-05, -1.156323378381785e-05, -0.0037718121893703938, -0.0022399353329092264, -1.7404405298293568e-05, -0.006774671375751495, -0.07981570810079575, -0.03906385973095894]",2.6604158878326416,False,0.0,-0.4433801972263609,-0.0403072906569419,11.0,-0.40431633749540197,-0.040431633749540195,10.0,0.0038414806752912743,0,16,16,16,1.0,-7.143900011943059,-1.1611209923848202,True,9,0.8181818181818182,1.0,0.9873417721518988,0.0,1.7293470070297772
~/anvil/data/cve-targets/sqlite3_repo_src_whereexpr.c,933,919,942,if( pIdx->aiColumn[i]!=XN_EXPR ) continue;,assert( pIdx->aColExpr->nExpr==pIdx->nColumn );,      assert( pIdx->aColExpr->nExpr==pIdx->nColumn );,0.1294722855091095,"[[414, 2060, 7, 281, 11420, 405, 64, 6127, 16041, 405, 77, 16041, 418, 79, 11420, 405, 77, 2933, 6903, 151643]]","[-0.024345485493540764, -0.6599265336990356, -0.00289794709533453, -0.15676261484622955, -0.033488884568214417, -0.0009420248097740114, -0.28224751353263855, -0.005623473320156336, -9.97731985989958e-05, -0.38619062304496765, -0.07938988506793976, -0.007881495170295238, -0.5861214995384216, -0.0084703229367733, -0.0026035956107079983, -6.437280717364047e-06, -1.7762025890988298e-05, -0.3540169298648834, -0.07314053177833557, -0.002661735750734806]",5.906423091888428,False,0.0,-2.6668350686331905,-0.13334175343165952,20.0,-2.6641733328824557,-0.1402196490990766,19.0,0.041985758637112916,0,21,21,21,1.0,-0.9233533698092967,-1.0706176566389616,True,15,0.75,33.0,0.4044943820224719,17.0,2.0277876243021744
~/anvil/data/cve-targets/libxml2_repo_parser.c,4712,4564,4724,"""Double hyphen within comment\n"", NULL);","""Double hyphen within comment: ""","		                      ""Double hyphen within comment: ""
                                      ""<!--\n"", NULL);
",0.9055050015449524,"[[298, 2549, 330, 7378, 6275, 14769, 2878, 3980, 25, 6228, 8333, 4055, 2495, 59, 77, 497, 1770, 317]]","[-0.281361848115921, -0.013531040400266647, -0.0033275492023676634, -0.012493678368628025, -0.0009539344464428723, -0.0005164004978723824, -0.006521490402519703, -0.0015774437924847007, -0.6081700325012207, -0.3995218276977539, -0.2860582172870636, -0.05787268653512001, -0.00970738846808672, -0.576450526714325, -0.000532008707523346, -0.3362416923046112, -0.08733939379453659, -0.04044182598590851]",4.579166412353516,False,2.0,-2.7226189852226526,-0.15125661029014736,18.0,-1.6140334627125412,-0.1467303147920492,11.0,0.041277371171546735,1,11,16,7,0.6875,-6.17121964761176,-1.1067382192436626,True,10,0.5555555555555556,10.0,0.8333333333333334,7.0,1.8671894712386865
~/anvil/data/cve-targets/libtiff_repo_libtiff_tif_ojpeg.c,1299,1215,1349,if (OJPEGReadHeaderInfoSecStreamDqt(tif)==0),if (OJPEGReadHeaderInfoSecStreamDqt(tif)==0),				if (OJPEGReadHeaderInfoSecStreamDqt(tif)==0),0.0064545632340013,"[[571, 743, 320, 46, 73603, 4418, 4047, 1731, 8430, 3027, 35, 23044, 1155, 333, 15348, 15, 8, 151664, 151659, 14, 20921, 8194, 83, 3092, 8194]]","[-0.019009435549378395, -0.004922295920550823, -0.0015074567636474967, -0.004385853186249733, -6.985420623095706e-05, -0.0001858300092862919, -0.0020019030198454857, -6.508615479106084e-05, -4.1960789531003684e-05, -0.009989623911678791, -0.008531314320862293, -0.0009520289022475481, -0.0015103134792298079, -5.960446742392378e-06, -0.004927040543407202, -0.00023362292267847806, -0.06210318207740784, -0.06157156452536583, -0.7601150274276733, -1.6806062459945679, -3.089428663253784, -1.2839255332946777, -0.7083230018615723, -0.006534992251545191, -1.4129443168640137]",12.48419952392578,True,0.0,-0.18201432672913143,-0.010111907040507302,18.0,-0.1204427622037656,-0.007084868364927388,17.0,0.00021263097435442538,0,17,17,17,1.0,-0.9110350258522343,-1.1009887940080276,False,16,0.8888888888888888,0.0,1.0,0.0,0.8889931758319063
~/anvil/data/cve-targets/libtiff_repo_libtiff_tif_luv.c,1444,1428,1453,*/,* for,         * for,1.632100224494934,"[[260, 353, 369]]","[-0.16571500897407532, -0.7589966058731079, -0.6628207564353943]",8.807117462158203,False,0.0,-1.5875323712825775,-0.5291774570941925,3.0,-1.5875323712825775,-0.5291774570941925,3.0,0.06759410793257874,1,3,3,3,1.0,-3.0842209973514114,-1.0042908073976549,True,1,0.3333333333333333,4.0,0.2857142857142857,3.0,2.112773072250351
~/anvil/data/cve-targets/php_repo_ext_exif_exif.c,1807,1770,1852,typedef struct {,typedef struct {,"typedef struct {
	",0.9897909164428712,"[[5286, 2036, 341, 197]]","[-0.0748528316617012, -0.0034254465717822313, -0.17677083611488342, -1.3342770338058472]",5.438195705413818,True,1.0,-1.589326148154214,-0.3973315370385535,4.0,-1.589326148154214,-0.3973315370385535,4.0,0.29641710255819953,0,4,4,4,1.0,-2.491095783184285,-1.0832236060133114,False,3,0.75,0.0,1.0,0.0,0.8591506574942069
~/anvil/data/cve-targets/libxml2_repo_HTMLparser.c,1844,1672,1941,"{ 968,	""psi"",	""greek small letter psi, U+03C8 ISOgrk3"" },","{ 968,	""psi"",	""greek small letter psi, U+03C8 ISOgrk3"" },","{ 968,	""psi"",	""greek small letter psi, U+03C8 ISOgrk3"" },",0.0004914316232316,"[[90, 220, 24, 21, 23, 11, 197, 1, 30765, 497, 197, 59719, 10726, 2613, 6524, 38026, 11, 547, 10, 15, 18, 34, 23, 21940, 901, 74, 18, 1, 2470, 151643]]","[-3.373566141817719e-05, -1.9073304429184645e-05, -7.450303382938728e-05, -3.421248038648628e-05, -0.0035689487121999264, -3.9219088648678735e-05, -0.00010656742961145937, -0.00010287232726113871, -0.004340631887316704, -2.6702524337451905e-05, -0.0011556621175259352, -0.0001438752660760656, 0.0, -0.00012146688823122531, -3.4927710657939315e-05, -0.00029225845355540514, -0.0013756821863353252, -0.0009218971827067435, -2.3007127310847864e-05, -1.5020257706055418e-05, -1.4305104514278355e-06, -2.396077979938127e-05, -3.886147169396281e-05, -4.410734163684538e-06, -7.152555099310121e-07, -6.318072337307967e-06, -2.8132995794294402e-05, -0.0003937899600714445, -0.00046302087139338255, -0.016472650691866875]",18.525001525878903,True,0.0,-0.02986355498262583,-0.0009954518327541942,30.0,-0.013390904290758954,-0.00047824658181281975,28.0,1.034509102095491e-06,0,15,15,15,1.0,-1.0275695465899655,-1.2804719612848403,False,29,0.9666666666666667,0.0,1.0,0.0,0.36472746671177547
~/anvil/data/cve-targets/php_repo_ext_intl_locale_locale_methods.c,408,384,489,},},	},0.4020479023456573,"[[197, 92, 151643]]","[-0.00445587607100606, -0.32609158754348755, -0.03232869133353233]",9.465450286865234,True,0.0,-0.36287615494802594,-0.12095871831600864,3.0,-0.3305474636144936,-0.1652737318072468,2.0,0.02586238272360234,1,2,2,2,1.0,-2.4326182869432165,-1.0209565160939267,False,1,0.3333333333333333,0.0,1.0,0.0,0.9694623287292081
~/anvil/data/cve-targets/libpng_repo_pngrutil.c,1901,1856,1957,*/,*/,    */,0.0129443611949682,"[[262, 639, 151643]]","[-0.0002302858338225633, -0.012886463664472103, -0.0020651936065405607]",19.661283493041992,True,0.0,-0.015181943104835227,-0.005060647701611742,3.0,-0.013116749498294666,-0.006558374749147333,2.0,4.004470932025622e-05,0,3,3,3,1.0,-1.9737147830186312,-1.31736796343412,False,1,0.3333333333333333,0.0,1.0,0.0,0.1262134225065809
~/anvil/data/cve-targets/sqlite3_repo_src_printf.c,63,-92,213,"static const char aPrefix[] = ""-x0\000X0"";","static const char aPrefix[] = ""-x0\0X0 "";","static const char aPrefix[] = ""-x0\0X0 "";
static const et_info fmttypes[] = {
 ",0.3397095203399658,"[[1978, 733, 1161, 264, 14335, 1294, 284, 6523, 87, 15, 59, 15, 55, 15, 7620, 1978, 733, 1842, 3109, 8879, 9242, 1294, 284, 341, 220]]","[-0.09010271728038788, -0.007513951975852251, -0.3212645947933197, -0.005061906296759844, -0.005801861174404621, -0.00011324241495458409, -0.06654820591211319, -0.31544920802116394, -0.001678963890299201, -0.09962838143110275, -0.377855509519577, -0.0024701817892491817, -0.5697495937347412, -0.024015018716454506, -0.8875749111175537, -0.44727957248687744, -0.03019443154335022, -0.33576700091362, -0.0007645544828847051, -0.04214482009410858, -0.9034758806228638, -0.00025876989820972085, -0.0009205871028825641, -0.13050276041030884, -0.07921931147575378]",5.059721946716309,False,2.0,-4.745355937098793,-0.18981423748395174,25.0,-2.7748282480679336,-0.18498854987119556,15.0,0.06451737825493854,0,20,31,20,0.6451612903225806,-1.8363813359070056,-1.0935215406525782,True,17,0.68,3.0,0.963855421686747,2.0,1.9670744389946475
~/anvil/data/cve-targets/openssl_repo_crypto_asn1_a_type.c,23,-132,173,"void ASN1_TYPE_set(ASN1_TYPE *a, int type, void *value)","void ASN1_TYPE_set(ASN1_TYPE *a, int type, void *value)","void ASN1_TYPE_set(ASN1_TYPE *a, int type, void *value)",0.0035470791626721,"[[1004, 54855, 16, 4189, 2602, 7, 68134, 16, 4189, 353, 64, 11, 526, 943, 11, 737, 353, 957, 8, 151643]]","[-0.05867846682667732, -0.0030420003458857536, -1.0728830375228426e-06, -0.0001662831346038729, -0.0005220004240982234, -0.001095648156479001, -8.344646857949556e-07, -2.3841855067985307e-07, -7.033323527139146e-06, -4.005352093372494e-05, -0.0005022218101657927, -4.017272294731811e-05, -6.937739817658439e-05, -2.5987286790041253e-05, -5.1616290875244886e-05, -0.0019338493002578616, -0.00018106251081917435, -0.00042215018766000867, -0.00019059749320149422, -0.0009203489171341062]",5.361111164093018,True,0.0,-0.06789101541650666,-0.003394550770825333,20.0,-0.06697066649937256,-0.003524771921019608,19.0,0.0001695848017800117,0,24,24,24,1.0,-1.0063287049920777,-1.0853131135962548,False,19,0.95,0.0,1.0,0.0,1.0121038740320494
~/anvil/data/cve-targets/libxml2_repo_valid.c,1207,1186,1278,if (size - len < xmlStrlen(content->prefix) + 10) {,if (size - len < xmlStrlen(content->prefix) + 10) {,            if (size - len < xmlStrlen(content->prefix) + 10) {,0.1116080656647682,"[[310, 421, 320, 2141, 481, 2422, 366, 8396, 2580, 2892, 15063, 405, 11849, 8, 488, 220, 16, 15, 8, 314, 151664, 151659, 13437, 14, 18, 6498, 32957, 8194, 6455, 17]]","[-0.06821782141923904, -0.27727726101875305, -0.019590698182582855, -0.02233470045030117, -0.0008916454971767962, -0.005186436232179403, -0.011916756629943848, -0.1092318594455719, -0.0002802217786666006, -0.00012134769349358976, -0.018747635185718536, -1.0371154530730564e-05, -0.048811234533786774, -0.009076288901269436, -0.0052949427627027035, -0.03247445449233055, -0.39899227023124695, -0.17263518273830414, -0.009774324484169483, -0.16057676076889038, -0.43566879630088806, -0.7069686651229858, -1.7573262453079224, -2.0085151195526123, -2.833401679992676, -0.04748455062508583, -0.6324728727340698, -1.0837732553482056, -0.8680688738822937, -0.26787546277046204]",5.409028053283691,True,0.0,-1.807111009901746,-0.08605290523341648,21.0,-1.371442213600858,-0.0685721106800429,20.0,0.010962744050371325,1,27,27,27,1.0,-1.6276014338472216,-1.084013771302111,False,19,0.9047619047619048,0.0,1.0,0.0,1.0573264368640005
~/anvil/data/cve-targets/libtiff_repo_libtiff_tif_dirread.c,2124,2078,2230,},},					},0.1273046135902404,"[[464, 197, 92, 151643]]","[-0.002687059575691819, -0.00011467275908216834, -0.1273062825202942, -0.0179312601685524]",10.708507537841797,True,0.0,-0.14803927502362058,-0.037009818755905144,4.0,-0.13010801485506818,-0.04336933828502273,3.0,0.003523808166099913,0,2,2,2,1.0,-2.935359833105964,-1.0531823394416366,False,1,0.25,0.0,1.0,0.0,0.8604081281186435
~/anvil/data/cve-targets/openssl_repo_crypto_x509_v3_addr.c,1169,1014,1319,#undef validation_err,#ifndef OPENSSL_NO,#ifndef OPENSSL_NO,3.533931016921997,"[[5528, 29841, 22594, 9100]]","[-0.9046508073806763, -0.011028996668756008, -3.1709168979432434e-05, -0.002292744582518935]",1.427951097488403,False,0.0,-0.9180042578009306,-0.22950106445023266,4.0,-0.9180042578009306,-0.22950106445023266,4.0,0.1519592563525154,0,4,5,5,0.8,-15.398320811223646,-1.197453874005006,True,3,0.75,15.0,0.3589743589743589,4.0,1.716882090081298
~/anvil/data/cve-targets/libxml2_repo_valid.c,1629,1585,1639,"xmlBufferWriteCHAR(buf, elem->name);","xmlBufferWriteCHAR(buf, elem->name);","	    xmlBufferWriteCHAR(buf, elem->name);",0.0009061656892299,"[[2760, 8396, 4095, 7985, 15237, 10731, 11, 11750, 405, 606, 1215, 151643]]","[-0.00012516192509792745, -0.00026008085114881396, -1.4305012882687151e-05, -3.2186455882765586e-06, -6.508615479106084e-05, -1.9907753085135482e-05, -1.5616295058862306e-05, -0.00014280252798926085, -1.6689286894688848e-06, -4.637133679352701e-05, -0.005281305871903896, -0.14483563601970673]",14.600869178771973,True,0.0,-0.15081116132273564,-0.012567596776894637,12.0,-0.005975525303028917,-0.0005432295730026289,11.0,2.2506412951387403e-06,0,14,14,14,1.0,-1.6681081705864986,-1.1608185711601908,False,10,0.8333333333333334,0.0,1.0,0.0,0.6874697942565164
~/anvil/data/cve-targets/php_repo_ext_intl_msgformat_msgformat_parse.c,83,57,115,if(pattern && pattern_len) {,if(pattern_len) {,	if(pattern_len) {,0.5765544176101685,"[[743, 30948, 6043, 8, 314, 151643]]","[-0.48206424713134766, -0.2941949665546417, -0.12480733543634415, -0.7807698845863342, -0.06434990465641022, -0.3322228491306305]",3.111806869506836,False,0.0,-2.0784091874957085,-0.34640153124928474,6.0,-1.746186338365078,-0.3492372676730156,5.0,0.06768453298695978,0,13,10,10,1.3,-1.6508960267951291,-1.148091658586432,True,7,1.1666666666666667,11.0,0.7555555555555555,3.0,1.7516136700781384
~/anvil/data/cve-targets/libxml2_repo_valid.c,6151,6120,6153,ctxt->finishDtd = save;,ctxt->finishDtd = save;,    ctxt->finishDtd = save;,0.0734040066599845,"[[262, 59162, 405, 30150, 35, 1296, 284, 3581, 26, 151643]]","[-0.02992374263703823, -0.055811136960983276, -8.701899787411094e-05, -0.17191731929779053, -0.0006293461774475873, -1.8954096958623268e-05, -0.002042233245447278, -0.005910656414926052, -0.16410623490810394, -0.1088465005159378]",7.327951431274414,True,0.0,-0.5392931432525074,-0.05392931432525074,10.0,-0.43044664273656963,-0.04782740474850774,9.0,0.004438788796866481,0,10,10,10,1.0,-1.5347687595839032,-1.0332379608793272,False,8,0.8,0.0,1.0,0.0,1.0032598415779606
~/anvil/data/cve-targets/poppler_repo_poppler_GfxState.cc,4624,4513,4911,case 1:,case 1:,            case 1:,0.0700796470046043,"[[310, 1142, 220, 16, 25, 151643]]","[-0.0003296785580459982, -0.00010752100206445903, -1.1920922133867862e-06, -2.4437606043647975e-05, -0.043293341994285583, -0.4971762001514435]",17.32638931274414,True,0.0,-0.5409323714040966,-0.0901553952340161,6.0,-0.043756171252653075,-0.008751234250530615,5.0,0.0002983027607662129,0,5,5,5,1.0,-8.00797293254436,-1.242671408991546,False,4,0.6666666666666666,0.0,1.0,0.0,0.3614640512799264
~/anvil/data/cve-targets/libsndfile_repo_src_wav.c,902,828,934,"psf_binheader_writef (psf, ""44"", BHW4 (psf->instrument->loop_count), BHW4 (0)) ;","psf_binheader_writef (psf, ""44"", BHW4 (0), BHW4 (0)) ; /* MIDI unity note */","		psf_binheader_writef (psf, ""44"", BHW4 (0), BHW4 (0)) ; /* MIDI unity note */
		psf_binheader_writef (psf, ""44"", BHW4",0.1488395929336547,"[[197, 35009, 69, 21816, 2708, 9165, 69, 320, 1690, 69, 11, 330, 19, 19, 497, 425, 38252, 19, 320, 15, 701, 425, 38252, 19, 320, 15, 593, 2587, 1391, 47039, 30326, 5185, 735, 197, 35009, 69, 21816, 2708, 9165, 69, 320, 1690, 69, 11, 330, 19, 19, 497, 425, 38252, 19]]","[-0.014814838767051697, -0.3816804587841034, -1.1324817933200393e-05, -0.0017337066819891334, -9.536738616588991e-07, -0.00021669900161214173, -0.00013433984713628888, -0.00018451895448379219, -9.536738616588991e-07, -2.4437606043647975e-05, -1.4185804502631072e-05, -0.00032240914879366755, -0.05777952820062637, -0.19378840923309326, -0.1713220775127411, -0.001817957148887217, -7.867782187531702e-06, -0.00056429672986269, -0.013308855704963207, -0.7930412888526917, -0.03463944047689438, -0.0008916454971767962, -1.0847986231965479e-05, -0.0002131234941771254, -0.005436161067336798, -0.42206311225891113, -0.012960836291313171, -0.06287645548582077, -0.05607209354639053, -0.7934886813163757, -1.4539551734924316, -0.10158558934926987, -1.0655407905578613, -0.002049014437943697, -0.11192497611045837, -2.098061486321967e-05, -0.00024625606602057815, -2.3841855067985307e-07, -7.593343616463244e-05, -6.985420623095706e-05, -3.8980677345534787e-05, 0.0, -1.0728830375228426e-06, -9.417489309271332e-06, -9.727005090098828e-05, -0.01724756695330143, -0.058559074997901917, -0.04308920353651047, -0.000205018965061754, -2.145764938177308e-06, -0.00013207517622504383]",8.893924713134766,False,1.0,-5.874272138531381,-0.11518180663787023,51.0,-5.642552073184561,-0.16595741391719296,34.0,0.11719888907752617,1,34,39,29,0.8717948717948718,-0.8968541351694028,-1.0064726671612134,True,33,0.6470588235294118,37.0,0.6794871794871795,8.0,2.3559552145962352
~/anvil/data/cve-targets/libsndfile_repo_src_wavlike.c,287,95,384,buffer [--bit] = 0 ;,buffer [--bit] = 0 ;,                    buffer [--bit] = 0 ;,0.0854293033480644,"[[503, 4147, 73817, 4489, 60, 284, 220, 15, 2587, 151643]]","[-0.4808526635169983, -0.06606314331293106, -0.08597767353057861, -3.0278701160568744e-05, -0.00016068121476564556, -0.0003673355677165091, -0.001527096494100988, -0.00018273114983458072, -0.07995206862688065, -0.017222844064235687]",9.079167366027832,True,0.0,-0.7323365161792026,-0.07323365161792025,10.0,-0.7151136721149669,-0.07945707467944077,9.0,0.02139442257497154,1,14,14,14,1.0,-1.0751629567627277,-1.0111445183110321,False,8,0.8,0.0,1.0,0.0,1.1112352290254262
~/anvil/data/cve-targets/php_repo_ext_phar_phar.c,173,159,201,},},	},0.4868272542953491,"[[197, 92, 151643]]","[-0.00046361665590666234, -0.48681914806365967, -0.08308137208223343]",14.96892261505127,True,0.0,-0.5703641368017998,-0.19012137893393324,3.0,-0.48728276471956633,-0.24364138235978317,2.0,0.05913542573272945,0,2,2,2,1.0,-1.998130406174003,-1.1715489439358866,False,1,0.3333333333333333,0.0,1.0,0.0,0.5548892466513267
~/anvil/data/cve-targets/libsndfile_repo_src_wavlike.c,388,382,391,"psf_binheader_writef (psf, ""422b"", BHW4 (subformat->esf_field1),","psf_binheader_writef (psf, ""e8"", BHWv (subformat->esf_field1),","	psf_binheader_writef (psf, ""e8"", BHWv (subformat->esf_field1),",0.7990731596946716,"[[35009, 69, 21816, 2708, 9165, 69, 320, 1690, 69, 11, 330, 68, 23, 497, 425, 38252, 85, 320, 1966, 2243, 405, 288, 69, 5013, 16, 701, 151643]]","[-1.2183080911636353, -0.00415818439796567, -0.43586263060569763, -0.2331334799528122, -0.0030826451256871223, -0.004021890461444855, -0.02006915770471096, -0.001505909371189773, -3.6954811548639555e-06, -0.00938031543046236, -0.13637083768844604, -1.4285579919815063, -0.9243649244308472, -0.5444190502166748, -1.034980058670044, -0.002227684250101447, -0.9526497721672058, -0.016784049570560455, -0.02208298072218895, -2.9444261599564925e-05, -0.004273924510926008, -0.15288987755775452, -0.0003466005437076092, -0.27740517258644104, -0.02784404717385769, -0.3210025131702423, -0.7174164652824402]",1.242361068725586,False,0.0,-8.493171394479305,-0.3145619034992335,27.0,-7.775754929196864,-0.2990674972768025,26.0,0.18452095839100904,0,20,20,20,1.0,-2.67188232412661,-1.2030226704014306,True,28,1.037037037037037,5.0,0.9365079365079365,2.0,1.693241360678749
~/anvil/data/cve-targets/libtiff_repo_libtiff_tif_predict.c,531,376,681,},},"}
",1.3626916408538818,[[532]],[-0.3626916706562042],11.654338836669922,True,1.0,-0.3626916706562042,-0.3626916706562042,1.0,-0.3626916706562042,-0.3626916706562042,1.0,0.0,0,2,2,2,1.0,-3.757162766898991,-1.0783824236453803,False,1,1.0,0.0,1.0,0.0,0.8758346732648125
~/anvil/data/cve-targets/php_repo_ext_phar_phar.c,701,632,1125,"PHAR_GET_32(buffer, manifest_count);",if (buffer[0] != 'P' || buffer[1] != 'H,	if (buffer[0] != 'P' || buffer[1] != 'H,0.3755910396575928,"[[743, 320, 7573, 58, 15, 60, 961, 364, 47, 6, 1369, 4147, 58, 16, 60, 961, 364, 39]]","[-1.1012883186340332, -0.2661753296852112, -0.9217815399169922, -0.5463592410087585, -0.44077908992767334, -0.00883467961102724, -0.4030437469482422, -0.5450416803359985, -0.45203152298927307, -0.11103714257478714, -0.03435324877500534, -0.02079494297504425, -0.000798859924543649, -0.007580562029033899, -0.0007371568935923278, -0.0026686314959079027, -0.005922388285398483, -0.024432271718978882]",2.5668399333953857,False,0.0,-4.893660353729501,-0.271870019651639,18.0,-4.893660353729501,-0.271870019651639,18.0,0.10968257831670314,1,11,25,25,0.44,-1.3815095910128556,-1.1638404972748573,True,11,0.6111111111111112,36.0,0.2666666666666667,25.0,1.6709599455218298
~/anvil/data/cve-targets/libtiff_repo_libtiff_tif_ojpeg.c,735,727,747,(void)s;,if (sp->libjpeg,	if (sp->libjpeg,0.3477926552295685,"[[743, 320, 2154, 405, 2740, 30921]]","[-1.5134642124176025, -0.25763458013534546, -0.9612195491790771, -0.49552810192108154, -0.24582798779010773, -0.001473889802582562]",0.6946178674697876,False,0.0,-3.475148321245797,-0.5791913868742995,6.0,-3.475148321245797,-0.5791913868742995,6.0,0.2623497028039541,1,9,7,7,1.2857142857142858,-0.6004796740961361,-1.2196096661041886,True,3,0.5,13.0,0.17391304347826086,9.0,1.4905925290467423
~/anvil/data/cve-targets/libpng_repo_pngrutil.c,2365,2347,2397,limit = PNG_USER_CHUNK_MALLOC_MAX;,limit = PNG_USER_CHUNK_MALLOC_MAX;,      limit = PNG_USER_CHUNK_MALLOC_MAX;,0.0051157693378627,"[[414, 3930, 284, 41639, 9107, 70508, 86753, 6806, 26, 151643]]","[-0.006544466596096754, -0.0008313775178976357, -0.00263450900092721, -0.01011696457862854, -0.0009267802815884352, -0.00016759421851020306, -0.0003251500893384218, -4.708655978902243e-05, -0.03133907914161682, -0.02780880220234394]",11.737675666809082,True,0.0,-0.08074181018673698,-0.008074181018673698,10.0,-0.05293300798439304,-0.005881445331599227,9.0,9.162500883891347e-05,0,7,7,7,1.0,-0.86981499434794,-1.0806314900292475,False,8,0.8,0.0,1.0,0.0,0.8321022715747683
~/anvil/data/cve-targets/openssl_repo_crypto_asn1_a_d2i_fp.c,169,89,226,size_t chunk_max = want;,size_t chunk_max = ASN1_CHUNK_INITIAL_SIZE;,                size_t chunk_max = ASN1_CHUNK_INITIAL_SIZE;,1.069085955619812,"[[394, 1379, 528, 11879, 6345, 284, 54855, 16, 70508, 65872, 4098, 26]]","[-0.030793391168117523, -0.2749192416667938, -6.556489552167477e-06, -0.0011433976469561458, -0.0005570290377363563, -0.004922295920550823, -0.03411801531910896, -6.794906312279636e-06, -1.0251946150674485e-05, -0.0023097521625459194, -1.847726889536716e-05, -0.04235874488949776]",4.464582443237305,False,0.0,-0.3911639484222178,-0.03259699570185148,12.0,-0.3911639484222178,-0.03259699570185148,12.0,0.005563961433178991,1,8,8,8,1.0,-32.797070177822825,-1.1099131259385469,True,7,0.5833333333333334,23.0,0.5970149253731343,1.0,1.8355932781658881
~/anvil/data/cve-targets/libsndfile_repo_src_common.c,591,470,684,int padding = size & 1 ;,if (psf->header.indx + (sf_count,					if (psf->header.indx + (sf_count,2.3000290393829346,"[[464, 743, 320, 1690, 69, 405, 2708, 28473, 87, 488, 320, 17246, 3180]]","[-0.4385025203227997, -0.40819063782691956, -0.08593381196260452, -0.5930970907211304, -5.364403477869928e-06, -0.00048160876031033695, -0.04153386875987053, -0.0038569599855691195, -2.622600959512056e-06, -0.005555191542953253, -0.015299228020012379, -0.0006519814487546682, -8.4638240878121e-06]",4.489757061004639,False,0.0,-1.5931193501794496,-0.12254764232149612,13.0,-1.5931193501794496,-0.12254764232149612,13.0,0.04037117984290159,1,11,13,13,0.8461538461538461,-18.76844789350538,-1.1092148047437005,True,8,0.6153846153846154,25.0,0.3571428571428571,14.0,1.9571115498844105
~/anvil/data/cve-targets/libtiff_repo_libtiff_tif_predict.c,261,254,304,unsigned char* cp = (unsigned char*) cp0;,uint8_t* cp = cp0;,"	uint8_t* cp = cp0;
",0.3747917115688324,"[[8254, 23, 528, 9, 12490, 284, 12490, 15, 280, 151643]]","[-0.4929890036582947, -0.005978913977742195, -0.014295076951384544, -0.25887826085090637, -0.029991421848535538, -0.05241759866476059, -0.08468606323003769, -5.8410845667822286e-05, -0.7432310581207275, -0.555934727191925]",2.5583338737487797,False,1.0,-2.238460535339982,-0.2238460535339982,10.0,-1.682525808148057,-0.18694731201645076,9.0,0.06210708439797371,1,21,10,10,2.1,-2.0047986115780683,-1.1640880160087623,True,12,1.2,27.0,0.47457627118644063,12.0,1.783849720769748
~/anvil/data/cve-targets/libtiff_repo_libtiff_tif_lzw.c,704,542,732,} while (codep);,} while (--len);,			} while (--len);,1.1765166521072388,"[[298, 197, 92, 1393, 57619, 2892, 1215, 151643]]","[-0.005583050195127726, -4.768360213347478e-06, -0.0006126672378741205, -0.038587864488363266, -0.043016355484724045, -0.005872970446944237, -0.3456464111804962, -0.2647460401058197]",11.236981391906738,False,0.0,-0.7040701274995627,-0.08800876593744533,8.0,-0.43932408739374296,-0.06276058391339186,7.0,0.01361495329287163,1,10,12,12,0.8333333333333334,-18.746107488910624,-1.0671891468407402,True,6,0.75,4.0,0.75,3.0,1.9850677189135537
~/anvil/data/cve-targets/php_repo_ext_phar_phar.c,938,632,1125,if (manifest_count > ((manifest_len - 10 - tmp_len) / (5 * 4 + 1))) {,if (buffer + 5 * 4 + 1 > endbuffer) {,"	if (buffer + 5 * 4 + 1 > endbuffer) {
		MAPPHAR_FAIL(""internal corruption of phar \""%s\"" (truncated manifest header)"")
	}
",0.5811622142791748,"[[743, 320, 7573, 488, 220, 20, 353, 220, 19, 488, 220, 16, 861, 835, 7573, 8, 341, 197, 9209, 2537, 10842, 934, 11878, 445, 10481, 21252, 315, 1319, 277, 32328, 82, 2105, 320, 376, 38007, 14455, 4247, 19107, 197, 532]]","[-0.14459510147571564, -0.08184784650802612, -0.4035920798778534, -0.13527613878250122, -0.03704170137643814, -0.590087890625, -0.8205533027648926, -0.21041584014892578, -0.006853288970887661, -0.1584094911813736, -0.009913967922329903, -0.015015668235719204, -0.06867758184671402, -0.0014584152959287167, -2.9802276912960224e-06, -0.1602209508419037, -0.07972941547632217, -0.00099323526956141, -0.057690296322107315, -2.5748875486897305e-05, -2.098061486321967e-05, -5.960462772236497e-07, -0.006613273173570633, -0.00021205084340181202, -0.005289488006383181, -0.0001778444420779124, -0.0001823735801735893, -0.00016652150952722877, -1.8596476365928538e-05, -0.00032491172896698117, -1.3947389561508317e-05, -0.0012003129813820124, -0.0033690142445266247, -0.6646335124969482, -0.00014876213390380144, -0.019767779856920242, -0.2058820277452469, -0.49506229162216187, -0.00011073929636040702, -0.21341198682785034]",3.470313310623169,False,3.0,-4.599007953041848,-0.1149751988260462,40.0,-2.9246848968277845,-0.16248249426821026,18.0,0.04794182332460452,1,37,37,22,1.0,-3.5767681736830608,-1.137847677460976,True,27,0.675,51.0,0.39622641509433965,22.0,2.053262526444721
~/anvil/data/cve-targets/poppler_repo_poppler_XRef.cc,672,596,676,trailerDict = xrefStr->getDictObject()->copy();,trailerDict = dict->copy();,"        trailerDict = dict->copy();
    } else {
        trailerDict.dictAddAll(dict);
   ",1.3789193630218506,"[[286, 19253, 13448, 284, 6451, 405, 8560, 543, 262, 335, 770, 341, 286, 19253, 13448, 54777, 2212, 2403, 31278, 317, 262]]","[-0.004457537550479174, -0.3696749210357666, -0.017262564972043037, -0.04966246336698532, -0.23246118426322937, -0.11426510661840439, -0.07028542459011078, -0.33223292231559753, -0.20239712297916412, -0.12757715582847595, -0.01875828020274639, -0.1284143626689911, -0.0011195826809853315, -0.3011024594306946, -0.006226663943380117, -0.9132739901542664, -0.9011812806129456, -0.4170527160167694, -0.04013507440686226, -0.9738407135009766, -0.12757988274097443]",9.236286163330078,False,3.0,-5.348961409879848,-0.2547124480895166,21.0,-1.3926992476917803,-0.15474436085464227,9.0,0.01636772067823278,0,21,30,14,0.7,-8.910950650519188,-1.0151240742477636,True,14,0.6666666666666666,21.0,0.7027027027027026,8.0,2.2694905311520923
~/anvil/data/cve-targets/libxml2_repo_HTMLparser.c,4240,4227,4303,return;,return;,	return;,0.1605971157550811,"[[853, 26, 151643]]","[-0.5459955930709839, -0.030611081048846245, -0.12963996827602386]",6.066839218139648,True,0.0,-0.706246642395854,-0.23541554746528467,3.0,-0.5766066741198301,-0.28830333705991507,2.0,0.06640529880807423,0,4,4,4,1.0,-0.5570421674366741,-1.0663326462622795,False,2,0.6666666666666666,0.0,1.0,0.0,0.8487310623593884
~/anvil/data/cve-targets/libxml2_repo_xmlstring.c,445,430,455,size = xmlStrlen(str1);,size = xmlStrlen(str1);,    size = xmlStrlen(str1);,0.0500330962240695,"[[262, 1379, 284, 8396, 2580, 2892, 4199, 16, 1215, 151643]]","[-0.2560495436191559, -0.04427097365260124, -0.000904032145626843, -0.007020448800176382, -0.000770391256082803, -1.8954096958623268e-05, -0.0012879418209195137, -0.00023278864682652056, -0.0328429751098156, -0.007626465056091547]",11.646527290344238,True,0.0,-0.35102451420425496,-0.03510245142042549,10.0,-0.3433980491481634,-0.03815533879424038,9.0,0.0061722100917079485,1,12,12,12,1.0,-1.3113000121393783,-1.0781718483510552,False,8,0.8,0.0,1.0,0.0,0.8989069669123548
~/anvil/data/cve-targets/libxml2_repo_HTMLparser.c,2809,2772,2812,NEXT;,if (err,        if (err,1.8904006481170652,"[[286, 421, 320, 615]]","[-0.3654042184352875, -0.5773481130599976, -0.26058468222618103, -0.8116554021835327]",5.055556774139404,False,0.0,-2.014992415904999,-0.5037481039762497,4.0,-2.014992415904999,-0.5037481039762497,4.0,0.044622836492552276,1,4,4,4,1.0,-3.7526704978053718,-1.0936354142295985,True,2,0.5,7.0,0.0,4.0,1.8926194854122886
~/anvil/data/cve-targets/libsndfile_repo_src_wavlike.c,273,95,384,for (bit = k = 0 ; bit < ARRAY_LEN (channel_mask_bits) ; bit++),"for (bit = 0, k = 0 ; bit < ARRAY_LEN (channel_mask_bits) ; bit++)","					for (bit = 0, k = 0 ; bit < ARRAY_LEN (channel_mask_bits) ; bit++)",0.1878139078617096,"[[464, 2023, 320, 4489, 284, 220, 15, 11, 595, 284, 220, 15, 2587, 2699, 366, 31112, 15536, 320, 10119, 9999, 20034, 8, 2587, 2699, 2457, 151664, 151659, 13437, 14, 16108, 14, 16108, 520]]","[-0.05011008679866791, -0.31712576746940613, -0.0007605044520460069, -0.47546494007110596, -0.0007977878558449447, -0.13674615323543549, -0.026873890310525894, -0.0695645660161972, -0.00047803416964598, -0.0010390841634944081, -0.0009685831028036773, -0.003273487789556384, -0.02623971737921238, -0.020493432879447937, -0.07995910942554474, -0.7539756298065186, -0.00014447122521232814, -0.005943245254456997, -0.0025629312731325626, -0.0009182051289826632, -0.0003413571394048631, -0.007055960595607758, -0.027374977245926857, -0.06320776045322418, -0.03599844500422478, -0.4969492256641388, -0.8062983155250549, -1.1399919986724854, -1.813298225402832, -3.067462205886841, -1.3484833240509033, -0.1327805519104004, -2.2199153900146484]",9.163195610046388,False,0.0,-2.6043673539097654,-0.1001679751503756,26.0,-2.1074181282456266,-0.08429672512982506,25.0,0.0303155090900943,1,28,31,31,0.9032258064516129,-2.228009540969215,-1.013270868405447,True,21,0.8076923076923077,3.0,0.9767441860465116,4.0,2.271498946172722
~/anvil/data/cve-targets/php_repo_ext_phar_phar.c,77,69,145,"char *key, *lasts, *end;","char *key, *end, *lasts;","	char *key, *end, *lasts;",0.1045022010803222,"[[7450, 353, 792, 11, 353, 408, 11, 353, 4259, 82, 26, 151643]]","[-0.018808703869581223, -0.0013602061662822962, -0.17353984713554382, -0.07965819537639618, -0.001580062322318554, -0.5770666599273682, -0.10790906101465225, -0.0012194823939353228, -0.0009908534120768309, -7.223821739898995e-05, -0.16477027535438538, -0.09728863090276718]",5.92100715637207,False,0.0,-1.2242642160927062,-0.10202201800772552,12.0,-1.126975585189939,-0.1024523259263581,11.0,0.026650942182167372,0,15,15,15,1.0,-1.020008088010003,-1.0702273788676937,True,11,0.9166666666666666,10.0,0.75,2.0,1.9589615360381998
~/anvil/data/cve-targets/libsndfile_repo_src_sd2.c,225,141,230,"psf_fwrite (psf->header.ptr, psf->header.indx, 1, psf) ;",psf->header.ptr = psf->header.indx + 1 ;,	psf->header.ptr = psf->header.indx + 1 ;,0.2999568283557892,"[[35009, 69, 405, 2708, 38740, 284, 4726, 69, 405, 2708, 28473, 87, 488, 220, 16, 2587, 151643]]","[-1.0636703968048096, -0.0002470903273206204, -0.45189666748046875, -0.6711892485618591, -1.0300335884094238, -0.9041539430618286, -0.6823015809059143, -0.0001456631434848532, -0.08095092326402664, -0.32243698835372925, -0.5166205167770386, -0.00027366707217879593, -1.374985933303833, -1.0139976739883423, -1.0354952812194824, -1.1934187412261963, -0.24926379323005676]",2.27500057220459,False,0.0,-10.591081697129994,-0.623004805713529,17.0,-10.341817903899937,-0.6463636189937461,16.0,0.2023885257755139,0,27,22,22,1.2272727272727273,-0.46406824199474545,-1.1723629108478812,True,25,1.4705882352941178,21.0,0.75,10.0,1.8237311026999352
~/anvil/data/cve-targets/libpng_repo_pngrutil.c,128,-27,278,*/,*/, */,0.5933526158332825,[[639]],[-0.5933526158332825],16.670310974121094,True,0.0,-0.5933526158332825,-0.5933526158332825,1.0,-0.5933526158332825,-0.5933526158332825,1.0,0.0,0,3,3,3,1.0,-1.0,-1.2224554083703263,False,1,1.0,0.0,1.0,0.0,0.43151715183037387
~/anvil/data/cve-targets/libxml2_repo_parser.c,7503,7419,7540,return;,return;,		return;,0.0803313925862312,"[[197, 853, 26, 151643]]","[-0.6548952460289001, -0.08840195089578629, -0.04338043928146362, -0.0034511075355112553]",5.378646373748779,True,0.0,-0.7901287437416613,-0.19753218593541533,4.0,-0.78667763620615,-0.26222587873538333,3.0,0.07743243875668517,1,4,4,4,1.0,-0.30634425928378717,-1.084837438042528,False,2,0.5,0.0,1.0,0.0,0.7914912133377519
~/anvil/data/cve-targets/libpng_repo_pngrutil.c,3050,2647,3067,bytes_to_copy = row_width;,break;,                     break;,0.1346338987350464,"[[3824, 1438, 26, 151643]]","[-0.1372891664505005, -0.7667628526687622, -0.1283317357301712, -0.28596410155296326]",10.64044952392578,False,0.0,-1.3183478564023972,-0.3295869641005993,4.0,-1.032383754849434,-0.34412791828314465,3.0,0.08932351647575255,1,7,4,4,1.75,-0.3912321307923384,-1.0513919255658744,True,7,1.75,23.0,0.1875,5.0,1.9227341699056484
~/anvil/data/cve-targets/php_repo_ext_exif_exif.c,4354,4297,4370,exif_scan_thumbnail(&ImageInfo);,exif_discard_imageinfo(&ImageInfo);,"			exif_discard_imageinfo(&ImageInfo);
			RETURN",1.8241310119628904,"[[298, 8122, 333, 37745, 567, 4954, 2733, 2099, 1906, 1731, 317, 298, 89758]]","[-0.034197162836790085, -0.3816099166870117, -0.0012411518255248666, -0.2948709726333618, -5.364274329622276e-05, -0.002627375302836299, -0.0001006075763143599, -0.00031001531169749796, -3.313963316031732e-05, -4.768370445162873e-07, -0.10046634078025818, -0.008287682197988033, -0.4664842188358307]",8.541840553283691,False,1.0,-1.2902827032011146,-0.09925251563085496,13.0,-0.8237984843652839,-0.068649873697107,12.0,0.015613460677530338,1,11,14,11,0.7857142857142857,-26.571513008330005,-1.002353058697391,True,8,0.6153846153846154,13.0,0.7462686567164178,1.0,2.2224272003861083
~/anvil/data/cve-targets/openssl_repo_crypto_asn1_a_type.c,66,54,98,break;,break;,        break;,0.1194044649600982,"[[286, 1438, 26, 151643]]","[-0.0008877150830812752, -0.001522930571809411, -0.14282040297985077, -0.07554778456687927]",11.988889694213867,True,0.0,-0.22077883320162073,-0.05519470830040518,4.0,-0.14523104863474146,-0.04841034954491382,3.0,0.004456696344580011,1,4,4,4,1.0,-2.4665069780030806,-1.0874395910012815,False,2,0.5,0.0,1.0,0.0,0.7869391595090969
~/anvil/data/cve-targets/libxml2_repo_xmlstring.c,412,398,421,size = xmlStrlen(cur);,size = xmlStrlen(cur);,    size = xmlStrlen(cur);,0.1307468116283416,"[[262, 1379, 284, 8396, 2580, 2892, 17591, 1215, 151643]]","[-0.21044085919857025, -0.12308452278375626, -0.00197001826018095, -0.0990983173251152, -0.019455906003713608, -0.00011002412065863609, -0.003572037210687995, -0.17423641681671143, -0.05087999999523163]",9.209199905395508,True,0.0,-0.682848101714626,-0.0758720113016251,9.0,-0.6319681017193943,-0.07899601271492429,8.0,0.006260773127199265,1,12,12,12,1.0,-1.655106468476735,-1.014436909120403,False,7,0.7777777777777778,0.0,1.0,0.0,1.08246234849364
~/anvil/data/cve-targets/php_repo_ext_phar_phar.c,949,632,1125,"PHAR_GET_32(buffer, len);",ZVAL_UNDEF(&mydata->metadata_tracker.val);,"			ZVAL_UNDEF(&mydata->metadata_tracker.val);
		} else {
		",0.7055342197418213,"[[298, 35853, 5594, 98215, 2099, 2408, 691, 405, 17637, 50264, 10835, 317, 197, 197, 92, 770, 341, 298]]","[-0.05823972448706627, -1.1218442916870117, -0.006268245633691549, -0.40407687425613403, -0.015578951686620712, -0.0025648337323218584, -4.410734163684538e-06, -1.8715683836489916e-05, -0.0040613082237541676, -0.008132676593959332, -0.003869309788569808, -0.16092899441719055, -0.6953977942466736, -0.00011395759065635502, -0.024991091340780258, -0.003071236191317439, -0.1842004507780075, -0.002481597475707531]",8.149998664855957,False,2.0,-2.695844464547463,-0.1497691369193035,18.0,-2.48110008876165,-0.17722143491154643,14.0,0.10681163634170421,1,11,22,17,0.5,-3.9810885184061555,-1.0122204081850181,True,10,0.5555555555555556,34.0,0.26865671641791045,10.0,2.1172009470231528
~/anvil/data/cve-targets/openssl_repo_crypto_x509_x509_obj.c,87,17,173,if (q[j] != 0),if (q[j] == 0xff),                if (q[j] == 0xff),0.6689060926437378,"[[394, 421, 320, 80, 3809, 60, 621, 220, 15, 9020, 8, 151643]]","[-0.0023660066071897745, -0.033780623227357864, -0.7933745980262756, -0.1553439050912857, -0.011921468190848827, -0.04400942847132683, -0.5470156073570251, -0.4656241536140442, -0.27684810757637024, -0.543871283531189, -0.26289796829223633, -0.8400910496711731]",10.080729484558104,False,0.0,-3.9771441996563226,-0.33142868330469355,12.0,-3.1370531499851495,-0.28518664999864995,11.0,0.06543119083573784,0,17,17,17,1.0,-2.345502822964905,-1.0367822522882897,True,9,0.75,4.0,0.8387096774193549,2.0,2.1142616058552393
~/anvil/data/cve-targets/lua_repo_ldo.c,330,309,331,L->oldpc = ci->previous->u.l.savedpc;,L->oldpc = getcurrentpc(ci->previous);  /* set 'oldpc' for caller,    L->oldpc = getcurrentpc(ci->previous);  /* set 'oldpc' for caller,0.1929915249347686,"[[262, 444, 405, 813, 3992, 284, 633, 3231, 3992, 77434, 405, 19702, 1215, 220, 1391, 738, 364, 813, 3992, 6, 369, 19865]]","[-0.0027204668149352074, -0.5780423283576965, -1.4305012882687151e-05, -0.0012375799706205726, -0.00037353215157054365, -0.0012215065071359277, -0.5188648104667664, -1.106615424156189, -0.002542241709306836, -0.0571201853454113, -0.1310102641582489, -0.0002203936892328784, -0.16862283647060394, -0.030228320509195328, -0.0011974553344771266, -0.21836166083812714, -0.018638120964169502, -0.0030812190379947424, -1.7881377516459906e-06, -0.0007607426377944648, -0.0017949911998584867, -0.001090885023586452]",8.389583587646484,False,0.0,-2.8437610584935555,-0.12926186629516162,22.0,-2.8437610584935555,-0.12926186629516162,22.0,0.07082715756214623,1,22,32,32,0.6875,-1.493027529821395,-1.006175710278894,True,14,0.6363636363636364,38.0,0.5490196078431373,27.0,2.2234866376490787
~/anvil/data/cve-targets/libtiff_repo_libtiff_tif_predict.c,177,101,179,},if (,		if (,7.3390727043151855,"[[197, 743, 320]]","[-0.05149851739406586, -0.7196503281593323, -0.6373933553695679]",4.621702194213867,False,0.0,-1.408542200922966,-0.469514066974322,3.0,-1.408542200922966,-0.469514066974322,3.0,0.08849620144086447,0,2,3,3,0.6666666666666666,-15.631209415322083,-1.105561945389352,True,1,0.3333333333333333,4.0,0.0,2.0,2.2149527690971693
~/anvil/data/cve-targets/sqlite3_repo_ext_rtree_rtree.c,578,567,580,pNode->pNext = 0;,pNode->pNext = 0;,    pNode->pNext = 0;,0.2057883590459823,"[[262, 64566, 405, 89281, 284, 220, 15, 26, 151643]]","[-0.08413080871105194, -0.053973957896232605, -0.0007641970878466964, -0.01571015827357769, -0.0002917817619163543, -0.004647168796509504, -2.729855441430118e-05, -0.04346171021461487, -0.09021861851215363]",7.78194522857666,True,0.0,-0.2932256998083176,-0.032580633312035284,9.0,-0.20300708129616396,-0.025375885162020495,8.0,0.0008747115134864366,0,10,10,10,1.0,-8.109603181605701,-1.0215771695091729,False,8,0.8888888888888888,0.0,1.0,0.0,1.0450101183641782
~/anvil/data/cve-targets/libtiff_repo_libtiff_tif_predict.c,544,533,566,uint8_t *tmp;,uint8_t *tmp;,	uint8_t *tmp;,0.4860270023345947,"[[8254, 23, 528, 353, 5173, 26, 151643]]","[-0.4356568455696106, -0.0032212056685239077, -0.00016532962035853416, -0.48159289360046387, -0.008104297332465649, -0.6940120458602905, -0.04315999522805214]",3.261284589767456,True,0.0,-1.6659126128797652,-0.23798751612568075,7.0,-1.622752617651713,-0.27045876960861887,6.0,0.07742828814052745,1,7,7,7,1.0,-1.7970465629120655,-1.1438093119182433,False,6,0.8571428571428571,0.0,1.0,0.0,0.6891020467645689
~/anvil/data/cve-targets/libxml2_repo_valid.c,5242,5203,5259,(cont->c1->type == XML_ELEMENT_CONTENT_ELEMENT)){,(cont->c1->type == XML_ELEMENT_CONTENT_ELEMENT)){,	       (cont->c1->type == XML_ELEMENT_CONTENT_ELEMENT)){,0.0011587579501792,"[[20295, 320, 772, 405, 66, 16, 405, 1313, 621, 11874, 27156, 25560, 27156, 33794, 151643]]","[-0.0004950728034600616, -9.738924563862383e-05, -7.748573807475623e-06, -8.344646857949556e-07, -1.2755313036905136e-05, -2.861018856492592e-06, -8.106198947643861e-06, -2.8609820219571702e-05, -6.818538531661034e-05, -1.0967194612021558e-05, -3.099436753473128e-06, -4.768370445162873e-07, -3.111314072157256e-05, -0.007411011029034853, -0.43231064081192017]",11.011112213134766,True,0.0,-0.4404888712740558,-0.02936592475160372,15.0,-0.008178230462135616,-0.0005841593187239726,14.0,3.600509994515455e-06,0,16,16,16,1.0,-1.9836334250566618,-1.0611800004151333,False,12,0.8,0.0,1.0,0.0,0.9884095764236059
~/anvil/data/cve-targets/poppler_repo_fofi_FoFiTrueType.cc,1311,1022,1326,} else if (needVerticalMetrics && i == t42VheaTable) {,} else if (needVerticalMetrics && i == t42VheaTable) {,                } else if (needVerticalMetrics && i == t42VheaTable) {,0.0105886692181229,"[[394, 335, 770, 421, 320, 17046, 18612, 27328, 1009, 600, 621, 259, 19, 17, 53, 39933, 2556, 8, 314, 151643]]","[-0.000559292733669281, -0.002002378925681114, -7.295342220459133e-05, -0.0002119316632160917, -0.0007476395112462342, -0.0027088159695267677, -0.00011526874004630372, -2.264974000354414e-06, -5.2689116273541003e-05, -0.0003147821989841759, -9.417489309271332e-06, -6.198863957251888e-06, -1.1920922133867862e-06, -7.152555099310121e-07, -4.589452510117553e-05, -9.775113539944869e-06, -2.0861407392658293e-05, -0.0005710878176614642, -0.007615935988724232, -0.7001251578330994]",15.786283493041992,True,0.0,-0.7151942536413571,-0.03575971268206786,20.0,-0.01506909580825777,-0.0007931103056977774,19.0,3.092858154869612e-06,1,15,15,15,1.0,-13.350815317936139,-1.1957346649940297,False,18,0.9,0.0,1.0,0.0,0.6020186273776026
~/anvil/data/cve-targets/sqlite3_repo_src_pragma.c,1588,1460,1707,"sqlite3VdbeChangeP5(v, OPFLAG_TYPEOFARG);",if( pTab->aCol[j].colFlags & COLFLAG_VIRTUAL ) continue;,          if( pTab->aCol[j].colFlags & COLFLAG_VIRTUAL ) continue;,0.4276670217514038,"[[688, 421, 7, 281, 8582, 405, 64, 6127, 3809, 936, 2074, 9195, 609, 25578, 22542, 76959, 873, 3060, 26, 151643]]","[-0.024705614894628525, -1.0134239196777344, -0.00035851728171110153, -1.2499871253967285, -0.37414127588272095, -0.0024469930212944746, -0.014706303365528584, -4.184158387943171e-05, -0.0002488780301064253, -0.00020382710499688983, -1.2790031433105469, -0.007206280715763569, -0.0013329440262168646, -0.00017951308109331876, -0.00212848000228405, -0.4767929017543793, -0.15060938894748688, -0.03966715186834335, -0.16058091819286346, -0.007279775571078062]",5.640451431274414,False,0.0,-4.805044793709385,-0.24025223968546924,20.0,-4.797765018138307,-0.2525139483230688,19.0,0.1806362899635073,1,11,24,24,0.4583333333333333,-1.6936372211971533,-1.0777602257352528,True,15,0.75,46.0,0.3298969072164949,21.0,1.9149157839245134
~/anvil/data/cve-targets/libtiff_repo_libtiff_tif_dirread.c,2080,2074,2081,"return TIFFReadDirEntryLong8ArrayWithLimit(tif, direntry, value, ~((uint64_t)0));",uint64_t* data;,"	uint64_t* data;
	uint64_t* p;
	uint64_t* q;
	uint64_t* end;
	uint64_t* start;
	uint64_t* tmp;
	uint",0.6832927465438843,"[[8254, 21, 19, 528, 9, 821, 280, 8254, 21, 19, 528, 9, 281, 280, 8254, 21, 19, 528, 9, 2804, 280, 8254, 21, 19, 528, 9, 835, 280, 8254, 21, 19, 528, 9, 1191, 280, 8254, 21, 19, 528, 9, 4174, 280, 8254]]","[-0.9835971593856812, -0.30946993827819824, -5.006777428206988e-06, -0.011543151922523975, -0.5402852296829224, -0.32611748576164246, -0.5102683305740356, -1.0116970539093018, -0.6204934120178223, -9.417489309271332e-06, -0.013905784115195274, -1.6032794713974, -1.9378323554992676, -0.16838523745536804, -0.5901339650154114, -0.6930922269821167, -6.556489552167477e-06, -0.002648300724104047, -0.7583156824111938, -0.49771595001220703, -0.0372496023774147, -0.8909056186676025, -0.6677595973014832, -1.811964830267243e-05, -0.007585649378597736, -1.0959529876708984, -1.0715155601501465, -0.10016614198684692, -1.1918885707855225, -0.575251042842865, -2.7894584491150454e-05, -0.004880657885223627, -1.5799578428268433, -2.7875547409057617, -0.09821490198373795, -1.1164824962615967, -0.5428324341773987, -2.253030106658116e-05, -0.001958953682333231, -1.6483237743377686, -2.6678903102874756, -0.2592966854572296, -1.125197172164917]",0.6182293891906738,False,6.0,-28.049735001566205,-0.6523194186410746,43.0,-2.681286302382432,-0.38304090034034743,7.0,0.09928006468798511,0,26,40,7,0.65,-1.783863670790119,-1.221940994640855,True,28,0.6511627906976745,71.0,0.20833333333333337,24.0,1.7005625632747774
~/anvil/data/cve-targets/poppler_repo_poppler_FileSpec.cc,120,88,122,if (obj1.isString()),if (obj1.isString()),    if (obj1.isString()),0.0275219250470399,"[[262, 421, 320, 2295, 16, 2079, 703, 2140, 151643]]","[-0.0063223824836313725, -0.0026367679238319397, -0.06684573739767075, -0.0030882307328283787, -4.3987260141875595e-05, -0.0017948722233995795, -0.003791763912886381, -0.040715292096138, -0.6579193472862244]",9.921700477600098,True,0.0,-0.7831583813167526,-0.08701759792408363,9.0,-0.12523903403052827,-0.015654879253816034,8.0,0.0005299436090326044,1,16,16,16,1.0,-1.7580413493340201,-1.0326684740325123,False,7,0.7777777777777778,0.0,1.0,0.0,1.0698456038106003
~/anvil/data/cve-targets/lua_repo_lvm.c,884,783,922,}},}},"  }}
/*
",2.063377857208252,"[[220, 8096, 3284]]","[-0.05345212668180466, -0.12348403036594391, -0.08010733872652054]",4.631250381469727,True,2.0,-0.2570434957742691,-0.0856811652580897,3.0,-0.17693615704774857,-0.08846807852387428,2.0,0.0012261168834061392,0,3,5,3,0.6,-23.32341666775799,-1.105298074072326,False,1,0.3333333333333333,0.0,1.0,0.0,0.8607048938194765
~/anvil/data/cve-targets/openssl_repo_crypto_asn1_a_int.c,177,164,213,if (pneg),if (pneg != NULL),    if (pneg != NULL),0.4527022242546081,"[[262, 421, 320, 19958, 791, 961, 1770, 8, 151643]]","[-0.0018453251104801893, -0.03908265754580498, -0.008410747162997723, -0.11209986358880997, -1.0728830375228426e-06, -0.13015638291835785, -0.0016457597957924008, -0.005079104099422693, -0.06314721703529358]",12.01111125946045,False,0.0,-0.3614681301399969,-0.040163125571110764,9.0,-0.2983209131047033,-0.037290114138087915,8.0,0.0025015935462402764,0,9,13,13,0.6923076923076923,-12.140006398967296,-1.088043874082768,True,5,0.5555555555555556,8.0,0.6923076923076923,4.0,1.8652146073929248
~/anvil/data/cve-targets/libxml2_repo_parser.c,13525,13370,13675,*,*," *
",0.9043365120887756,[[1213]],[-0.31427207589149475],13.784028053283691,True,1.0,-0.31427207589149475,-0.31427207589149475,1.0,-0.31427207589149475,-0.31427207589149475,1.0,0.0,0,2,2,2,1.0,-2.8775592280142823,-1.1373538646016137,False,1,1.0,0.0,1.0,0.0,0.6793554677687655
~/anvil/data/cve-targets/openssl_repo_crypto_asn1_tasn_enc.c,523,454,567,case V_ASN1_NEG_INTEGER:,break;,        break;,0.1538106352090835,"[[286, 1438, 26, 151643]]","[-0.25714245438575745, -0.041462164372205734, -0.38863974809646606, -0.018194444477558136]",9.944619178771973,False,0.0,-0.7054388113319874,-0.17635970283299685,4.0,-0.6872443668544292,-0.22908145561814308,3.0,0.02048242226602066,1,5,4,4,1.25,-0.6714233362715799,-1.033260329077331,True,8,2.0,23.0,0.06666666666666665,4.0,1.9519627041002823
~/anvil/data/cve-targets/openssl_repo_crypto_pkcs7_pk7_doit.c,185,159,299,break;,break;,        break;,0.1554521918296814,"[[286, 1438, 26, 151643]]","[-0.003037602873519063, -0.051313262432813644, -0.029863348230719566, -0.02402782067656517]",10.775001525878906,True,0.0,-0.10824203421361744,-0.02706050855340436,4.0,-0.08421421353705227,-0.028071404512350757,3.0,0.00039002874879238584,0,4,4,4,1.0,-5.537741859737944,-1.0549345527807834,False,2,0.5,0.0,1.0,0.0,0.8801977386377859
~/anvil/data/cve-targets/libxml2_repo_HTMLparser.c,2461,2438,2471,in++;,in++;,	    in++;,0.203759416937828,"[[2760, 304, 19581, 151643]]","[-0.7643222808837891, -0.002152984729036689, -0.3987303674221039, -0.39761489629745483]",4.011979103088379,True,0.0,-1.5628205293323845,-0.3907051323330961,4.0,-1.1652056330349296,-0.38840187767830986,3.0,0.0968703448503656,1,6,6,6,1.0,-0.5246097628461771,-1.1225432060929066,False,2,0.5,0.0,1.0,0.0,0.717513373414337
~/anvil/data/cve-targets/openssl_repo_crypto_pkcs7_pk7_doit.c,331,307,546,const char *propq;,const char *propq;,"    const char *propq;
    p7",1.1807811260223389,"[[262, 733, 1161, 353, 2674, 80, 280, 262, 281, 22]]","[-0.27341943979263306, -0.3310375511646271, -0.0022348209749907255, -0.0010114560136571527, -0.0026003853417932987, -0.00010680581908673048, -0.544481635093689, -0.06967730820178986, -0.8525897860527039, -0.000331704446580261]",7.535417556762695,True,1.0,-2.077490892901551,-0.2077490892901551,10.0,-1.2245694024022669,-0.15307117530028336,8.0,0.037278217723390086,1,9,12,9,0.75,-7.713935191952191,-1.027892787730294,False,6,0.6,0.0,1.0,0.0,1.083717254486419
~/anvil/data/cve-targets/poppler_repo_poppler_SplashOutputDev.cc,3329,3315,3489,GfxRGB rgb;,GfxRGB rgb;,    GfxRGB rgb;,0.6377996802330017,"[[262, 479, 8298, 18184, 17993, 26, 151643]]","[-0.001423894427716732, -0.02775268629193306, -0.00025519452174194157, -0.006823452655225992, -0.0004601611872203648, -0.20330922305583954, -0.31890869140625]",11.191146850585938,True,0.0,-0.5589333035459276,-0.07984761479227538,7.0,-0.24002461213967763,-0.04000410202327961,6.0,0.0054252910929825544,0,5,5,5,1.0,-15.943357005285273,-1.0659669940584173,False,5,0.7142857142857143,0.0,1.0,0.0,0.8942529226259736
~/anvil/data/cve-targets/php_repo_ext_phar_phar.c,1074,632,1125,if (mydata->ext) {,if (mydata->ext) {,		if (mydata->ext) {,0.0433069467544555,"[[197, 743, 320, 2408, 691, 405, 427, 8, 314, 151664, 151659, 81143, 14]]","[-0.007439646404236555, -0.09091952443122864, -0.04215522110462189, -0.014250889420509338, -2.145764938177308e-06, -1.9430925021879375e-05, -0.00047946401173248887, -0.05578836426138878, -0.10052704066038132, -0.12403681874275208, -0.5496565103530884, -1.5791672468185425, -1.394897222518921]",9.243751525878906,True,0.0,-0.43561854572681113,-0.043561854572681115,10.0,-0.31158172698405906,-0.03462019188711767,9.0,0.0014147885954630466,0,13,13,13,1.0,-1.2509158497925659,-1.0153135486595608,False,8,0.8,0.0,1.0,0.0,1.0853064808403077
~/anvil/data/cve-targets/libxml2_repo_parser.c,3215,3152,3216,"return(xmlDictLookup(ctxt->dict, (end - len), len));",return((const xmlChar *) (BASE_PTR + startPosition));,    return((const xmlChar *) (BASE_PTR + startPosition));,0.971809446811676,"[[262, 470, 1188, 1024, 8396, 4768, 2586, 320, 18450, 20657, 488, 98342, 5905, 151643]]","[-0.18784359097480774, -1.30048406124115, -1.4695262908935547, -0.20951522886753082, -0.003659814829006791, -0.0005822870298288763, -0.17623376846313477, -1.4625509977340698, -0.6613695621490479, -0.11662057042121887, -0.014050140976905823, -0.005839905235916376, -0.22012099623680115, -0.30032938718795776]",6.510416030883789,False,0.0,-6.128726602240931,-0.43776618587435223,14.0,-5.8283972150529735,-0.4483382473117672,13.0,0.30666746780597326,1,26,23,23,1.1304347826086956,-2.1675809562058075,-1.0545729599130758,True,16,1.1428571428571428,41.0,0.36190476190476195,16.0,2.1878957876246
~/anvil/data/cve-targets/libpng_repo_pngrutil.c,2626,2602,2642,size_t row_factor = (png_uint_32)row_factor_l;,size_t row_factor = row_factor_l;,      size_t row_factor = row_factor_l;,0.7275009155273438,"[[414, 1379, 528, 2802, 18588, 284, 2802, 18588, 907, 26, 151643]]","[-0.11546387523412704, -0.9956084489822388, -1.1801649634435307e-05, -0.015777047723531723, -0.007341430988162756, -0.6431053280830383, -0.3804592490196228, -0.00011431517486926168, -0.00021979777375236154, -0.8199825286865234, -0.11146195977926254]",5.014583110809326,False,0.0,-3.0895457830947635,-0.2808677984631603,11.0,-2.978083823315501,-0.2978083823315501,10.0,0.13486776881861912,1,13,8,8,1.625,-2.442849022017845,-1.0947562444197916,True,15,1.3636363636363635,13.0,0.8354430379746836,5.0,1.9110101695508526
~/anvil/data/cve-targets/libpng_repo_pngrutil.c,2634,2602,2642,limit = limit < idat_limit? idat_limit : limit;,if (idat_limit < limit),"      if (idat_limit < limit)
         limit = idat_limit;",0.6371445059776306,"[[414, 421, 320, 307, 266, 14763, 366, 3930, 340, 260, 3930, 284, 877, 266, 14763, 26, 151643]]","[-0.34302324056625366, -0.32793566584587097, -0.0209992453455925, -1.025201678276062, -4.0531076592742465e-06, -2.0265373677830212e-05, -0.22139021754264832, -0.24547570943832397, -0.47865593433380127, -0.041083190590143204, -0.005814898293465376, -0.02404562570154667, -0.011131683364510536, -5.960446742392378e-06, -1.9550132492440753e-05, -0.1712534874677658, -0.0404561348259449]",6.472396373748779,False,1.0,-2.956516540652501,-0.17391273768544124,17.0,-2.703789200420033,-0.2703789200420033,10.0,0.08857098747136602,0,15,16,12,0.9375,-2.3564873544085847,-1.0555757989915437,True,14,0.8235294117647058,28.0,0.5428571428571429,14.0,2.0368564325614704
~/anvil/data/cve-targets/sqlite3_repo_src_select.c,1067,942,1302,#endif,#endif,#endif,5.274051189422607,[[2663]],[-0.056731559336185455],9.141666412353516,True,0.0,-0.056731559336185455,-0.056731559336185455,1.0,-0.056731559336185455,-0.056731559336185455,1.0,0.0,0,2,2,2,1.0,-92.96503130064019,-1.0127256424260247,False,1,1.0,0.0,1.0,0.0,1.3307588681075628
~/anvil/data/cve-targets/libsndfile_repo_src_alaw.c,253,98,274,"0xa9, 0xa9, 0xa9, 0xa9, 0xa9, 0xa9, 0xa9, 0xa9, 0xa9, 0xa9, 0xa9, 0xa9,","0xa9, 0xa9, 0xa9, 0xa9, 0xa9, 0xa9, 0xa9, 0xa9, 0xa9, 0xa9, 0xa9, 0xa9,","	0xa9, 0xa9, 0xa9, 0xa9, 0xa9, 0xa9, 0xa9, 0xa9, 0xa9, 0xa9, 0xa9, 0xa9,
	0xa9, 0xa9, 0xa9, 0xa9, 0xa9, 0xa9,",0.0217500012367963,"[[197, 15, 9591, 24, 11, 220, 15, 9591, 24, 11, 220, 15, 9591, 24, 11, 220, 15, 9591, 24, 11, 220, 15, 9591, 24, 11, 220, 15, 9591, 24, 11, 220, 15, 9591, 24, 11, 220, 15, 9591, 24, 11, 220, 15, 9591, 24, 11, 220, 15, 9591, 24, 11, 220, 15, 9591, 24, 11, 220, 15, 9591, 24, 345, 197, 15, 9591, 24, 11, 220, 15, 9591, 24, 11, 220, 15, 9591, 24, 11, 220, 15, 9591, 24, 11, 220, 15, 9591, 24, 11, 220, 15, 9591, 24, 11]]","[-0.000440262199845165, -0.00010251473577227443, -0.0001358893496217206, -6.747018051100895e-05, -5.2569914259947836e-05, -0.0002489972102921456, -1.4305012882687151e-05, -5.209310256759636e-05, -2.062299427052494e-05, -0.00027724236133508384, -0.00043883229955099523, -7.390948667307384e-06, -6.818538531661034e-05, -1.5020257706055418e-05, -7.259582343976945e-05, -9.667406266089529e-05, -3.099436753473128e-06, -3.0278701160568744e-05, -1.2159273865108844e-05, -0.002500861417502165, -0.00436377665027976, -1.490105023549404e-05, -7.60526381782256e-05, -2.5987286790041253e-05, -7.259582343976945e-05, -0.00010239553375868127, -2.50339189733495e-06, -6.318072337307967e-06, -5.245195097813848e-06, -0.0003916450368706137, -0.0008556757238693535, -5.364403477869928e-06, -1.2636104656849056e-05, -5.722029527532868e-06, -4.5298504119273275e-05, -5.864924969500862e-05, -1.5497195136049413e-06, -1.4185804502631072e-05, -3.6954811548639555e-06, -0.0232976246625185, -0.035116855055093765, -0.00015054999676067382, -0.0005725175142288208, -0.00019238528329879045, -5.566918844124302e-05, -7.259582343976945e-05, -1.6689286894688848e-06, -1.4066597032069694e-05, -8.583032467868179e-06, -0.000916537712328136, -0.0015987483784556389, -4.410734163684538e-06, -1.1801649634435307e-05, -1.2755313036905136e-05, -0.000433112756581977, -6.8662193370983e-05, -8.344646857949556e-07, -4.0531076592742465e-06, -8.821448318485636e-06, -0.4741111397743225, -0.00010918975021922961, -2.1934269170742482e-05, -3.3854863431770355e-05, -3.6000557884108275e-05, -4.0531076592742465e-06, -6.079655122448457e-06, -8.344646857949556e-07, -2.264974000354414e-06, -6.437280717364047e-06, -1.2993727978027891e-05, -1.4185804502631072e-05, -1.311301275563892e-06, -5.245195097813848e-06, -6.198863957251888e-06, -5.781483559985645e-05, -2.9205850296420977e-05, -8.344646857949556e-07, -7.152531907195225e-06, -9.179073458653875e-06, -0.003195420140400529, -0.0034133289009332657, -1.645074735279195e-05, -0.0001731960946926847, -0.0005004345439374447, -8.391981828026474e-05, -9.691245941212401e-05, -2.7418097943154862e-06, -5.364403477869928e-06, -1.156323378381785e-05, -0.0001629458274692297]",13.102256774902344,True,1.0,-0.5554017045330966,-0.00617113005036774,90.0,-0.5474838457321312,-0.00897514501200215,61.0,0.0036340064251341514,0,25,37,25,0.6756756756756757,-2.423359311488648,-1.1181327549724907,False,59,0.6555555555555556,0.0,1.0,0.0,0.9330977525799264
~/anvil/data/cve-targets/libtiff_repo_libtiff_tif_predict.c,437,429,475,unsigned char* cp = (unsigned char*) cp0;,uint8_t* cp = cp0 + stride;,"	uint8_t* cp = cp0 + stride;
",0.5717893242835999,"[[8254, 23, 528, 9, 12490, 284, 12490, 15, 488, 19228, 280, 151643]]","[-0.7327421307563782, -0.010560698807239532, -0.005895961541682482, -0.1335739940404892, -0.08970948308706284, -0.13279110193252563, -0.07706571370363235, -0.00010251473577227443, -0.6793634295463562, -0.31696444749832153, -0.8592602014541626, -1.1268976926803589]",1.286284327507019,False,1.0,-4.164927369783982,-0.3470772808153318,12.0,-3.038029677103623,-0.27618451610032935,11.0,0.09525383668671773,1,21,13,13,1.6153846153846154,-2.070316368046811,-1.2017023785263181,True,12,1.0,28.0,0.4117647058823529,13.0,1.692508544118937
~/anvil/data/cve-targets/libpng_repo_pngrutil.c,1633,1594,1691,"if (png_crc_finish(png_ptr, 0) != 0)","png_crc_finish(png_ptr, 0);","   png_crc_finish(png_ptr, 0);",0.1162532195448875,"[[256, 36151, 59084, 42980, 95350, 4348, 11, 220, 15, 1215, 151643]]","[-0.01658591814339161, -0.622336745262146, -0.027644850313663483, -0.00025090406415984035, -0.0004209585895296186, -4.768370445162873e-07, -0.00023707917716819793, -0.041264858096838, -0.00033444532891735435, -0.39719444513320923, -0.02672440931200981]",7.573090553283691,False,0.0,-1.1329950902580777,-0.10299955365982524,11.0,-1.1062706809460678,-0.11062706809460679,10.0,0.0425425496958773,0,19,11,11,1.7272727272727273,-1.0508569154654746,-1.0269251484398136,True,15,1.3636363636363635,10.0,0.8253968253968254,10.0,2.1261336814998923
~/anvil/data/cve-targets/poppler_repo_splash_Splash.cc,5090,5076,5179,},},"    }
   ",0.7644245028495789,"[[262, 456, 262]]","[-0.0005931286723352969, -0.48865920305252075, -0.03792550042271614]",14.26388931274414,True,1.0,-0.5271778321475722,-0.17572594404919073,3.0,-0.5271778321475722,-0.17572594404919073,3.0,0.049195896625307385,1,2,2,2,1.0,-4.350094728389079,-1.1510803364534365,False,1,0.3333333333333333,0.0,1.0,0.0,0.6313150002973159
~/anvil/data/cve-targets/libpng_repo_pngrtran.c,3987,3829,4027,else if (row_info->bit_depth == 16),else if (row_info->bit_depth == 16),      else if (row_info->bit_depth == 16),0.0104306871071457,"[[414, 770, 421, 320, 651, 3109, 405, 4489, 19061, 621, 220, 16, 21, 8, 151643]]","[-0.0009045085171237588, -0.02342386357486248, -0.05748007446527481, -0.00028868322260677814, -0.0004383556661196053, -5.125986263010418e-06, -3.099436753473128e-06, -0.00014208737411536276, -3.4570634852570947e-06, -0.0006020640721544623, -5.411955135059543e-05, -9.536697689327411e-06, -7.152531907195225e-06, -0.002069357316941023, -0.2330361306667328]",12.244617462158203,True,0.0,-0.31846761614337993,-0.021231174409558663,15.0,-0.08543148547664714,-0.0061022489626176525,14.0,0.0002383624149695614,0,16,16,16,1.0,-1.7093185104449258,-1.0944140743434128,False,13,0.8666666666666667,0.0,1.0,0.0,0.8962625310322653
~/anvil/data/cve-targets/poppler_repo_fofi_FoFiType1C.cc,769,741,1040,if (charset[i] >= nCIDs) {,if (charset[i] >= nCIDs) {,            if (charset[i] >= nCIDs) {,0.0647042691707611,"[[310, 421, 320, 25327, 989, 60, 2604, 308, 34, 30466, 8, 314, 151643]]","[-7.271502545336261e-05, -0.007285574451088905, -0.011464784853160381, -0.07755882292985916, -0.03064761497080326, -0.0012962757609784603, -0.24343521893024445, -0.07189112901687622, -0.0006871246150694788, -8.583032467868179e-06, -0.004033051431179047, -0.0025502084754407406, -0.22713793814182281]",15.087498664855955,True,0.0,-0.6780690416344441,-0.052159157048803396,13.0,-0.45093110349262133,-0.03757759195771845,12.0,0.004554019195222207,0,18,18,18,1.0,-1.7218843943902802,-1.1750270377698224,False,11,0.8461538461538461,0.0,1.0,0.0,0.6976839078573691
~/anvil/data/cve-targets/lua_repo_liolib.c,171,162,172,return 0;,return 0;,  return 0;,0.0160892866551876,"[[220, 470, 220, 15, 26, 151643]]","[-0.0029081692919135094, -0.005915515124797821, -0.00024875884992070496, -6.341733387671411e-05, -0.04307573288679123, -0.03208582475781441]",7.889584064483643,True,0.0,-0.08429741824511439,-0.014049569707519064,6.0,-0.05221159348729998,-0.010442318697459995,5.0,0.0002707650670766729,0,5,5,5,1.0,-1.5407772087152618,-1.0188318305465784,False,4,0.6666666666666666,0.0,1.0,0.0,0.9826841878872864
~/anvil/data/cve-targets/openssl_repo_crypto_x509_x509_vfy.c,1029,1021,1047,return 0;,return 0;,        return 0;,0.0116269886493682,"[[286, 470, 220, 15, 26, 151643]]","[-0.0005281960475258529, -4.017272294731811e-05, -0.0002212279650848359, -0.00028379703871905804, -0.01825999654829502, -0.004474864806979895]",13.650867462158203,True,0.0,-0.02380825512955198,-0.003968042521591997,6.0,-0.019333390322572086,-0.0038666780645144174,5.0,5.181631303095471e-05,0,5,5,5,1.0,-3.0069709594062966,-1.1335738920615177,False,4,0.6666666666666666,0.0,1.0,0.0,0.662009788642993
~/anvil/data/cve-targets/lua_repo_ldo.c,285,255,292,lua_lock(L);,lua_lock(L);,    lua_lock(L);,0.0037247822619974,"[[262, 20357, 9818, 4957, 1215, 151643]]","[-0.0008498394163325429, -0.0006934384000487626, -8.034383063204587e-05, -1.490105023549404e-05, -0.014231615699827671, -0.2009885013103485]",10.407812118530272,True,0.0,-0.21685863970742503,-0.036143106617904174,6.0,-0.015870138397076516,-0.0031740276794153034,5.0,3.0675277579948475e-05,0,9,9,9,1.0,-1.173519149235508,-1.0452948456223563,False,4,0.6666666666666666,0.0,1.0,0.0,0.9533943111546976
~/anvil/data/cve-targets/libpng_repo_pngrutil.c,312,278,370,*/,*/,    */,0.5980791449546814,"[[262, 639, 151643]]","[-0.021119236946105957, -0.49745357036590576, -0.0013874676078557968]",6.381250381469727,True,0.0,-0.5199602749198675,-0.17332009163995585,3.0,-0.5185728073120117,-0.25928640365600586,2.0,0.05672359929862125,0,3,3,3,1.0,-2.306635197687228,-1.0579838290688766,False,1,0.3333333333333333,0.0,1.0,0.0,0.8910567493288333
~/anvil/data/cve-targets/php_repo_ext_phar_phar.c,1755,1667,1791,"pos = memchr(pos + 1, '.', filename_len - (pos - filename) + 1);","pos = memchr(pos + 1, '.', filename_len - (pos - filename));","		pos = memchr(pos + 1, '.', filename_len - (pos - filename));",0.3323297798633575,"[[197, 28164, 284, 1833, 16789, 12259, 488, 220, 16, 11, 45669, 3899, 6043, 481, 320, 966, 481, 3899, 5905, 151643]]","[-0.003115682862699032, -0.28071480989456177, -0.5424376726150513, -0.14370524883270264, -0.001930517959408462, -0.05239316448569298, -0.025414561852812767, -0.0011302995262667537, -0.014532316476106644, -0.001261630211956799, -0.0016623024130240083, -0.024028286337852478, -0.001420085085555911, -0.4016968011856079, -0.04541398212313652, -0.016586270183324814, -0.10357207804918289, -0.0019822726026177406, -0.1694939136505127, -0.5271320343017578]",9.229340553283691,False,0.0,-2.359623930649832,-0.11798119653249159,20.0,-1.832491896348074,-0.09644694191305653,19.0,0.022332111153834683,1,34,31,31,1.096774193548387,-3.44572646132151,-1.0149478231511382,True,22,1.1,4.0,0.967741935483871,3.0,2.3450339297910103
~/anvil/data/cve-targets/php_repo_ext_phar_phar.c,945,632,1125,"PHAR_GET_32(buffer, len);","PHAR_GET_32(buffer, len);","	PHAR_GET_32(buffer, len);",0.1383114904165268,"[[10025, 39, 934, 12702, 62, 18, 17, 12584, 11, 2422, 1215, 151643]]","[-0.7212293148040771, -5.793403761344962e-05, -1.1920928244535389e-07, -0.00027021096320822835, -0.00011264643399044871, -0.00031716562807559967, -1.3351351299206726e-05, -0.00022587609419133514, -0.0007970731821842492, -0.013371199369430542, -0.16146957874298096, -0.017494533210992813]",4.62934160232544,True,0.0,-0.9153590030273264,-0.07627991691894387,12.0,-0.8978644698163336,-0.08162404271057579,11.0,0.043012407882698826,1,11,11,11,1.0,-1.6944944874508916,-1.1053508195786104,False,10,0.8333333333333334,0.0,1.0,0.0,0.8177886486741661
~/anvil/data/cve-targets/openssl_repo_crypto_mdc2_mdc2dgst.c,96,66,102,"l2c(tin0, p);","l2c(tin0, p);","        l2c(tin0, p);",0.0942069739103317,"[[286, 326, 17, 66, 1155, 258, 15, 11, 281, 1215, 151643]]","[-0.0002698534226510674, -0.0027278377674520016, -4.529942543740617e-06, -0.0001911934232339263, -0.025463605299592018, -0.0046298447996377945, -0.004085884429514408, -0.00038652101648040116, -9.30981186684221e-05, -0.10030654817819595, -0.5851991176605225]",13.42725658416748,True,0.0,-0.7233580340584922,-0.06575982127804475,11.0,-0.13815891639796973,-0.013815891639796973,10.0,0.000884684865964872,0,11,11,11,1.0,-6.818740068789081,-1.1272545855079406,False,9,0.8181818181818182,0.0,1.0,0.0,0.7535697862711869
~/anvil/data/cve-targets/libxml2_repo_xmlmemory.c,415,405,446,TEST_POINT,if (!str,    if (!str,2.370342969894409,"[[262, 421, 1505, 495]]","[-0.8036293983459473, -0.23186472058296204, -0.6549034118652344, -0.34157708287239075]",5.692534446716309,False,0.0,-2.0319746136665344,-0.5079936534166336,4.0,-2.0319746136665344,-0.5079936534166336,4.0,0.053231158326726424,1,2,6,6,0.3333333333333333,-4.666087763010614,-1.076357813894369,True,2,0.5,10.0,0.0,5.0,1.9514595390585314
~/anvil/data/cve-targets/libxml2_repo_xmlregexp.c,4854,4774,4859,} else {,} else {,    } else {,0.4922194480895996,"[[262, 335, 770, 314, 151664, 151659]]","[-0.6343945264816284, -0.0056110261939466, -0.0010377742582932115, -0.10952688753604889, -0.24021145701408386, -0.7136403918266296]",8.251562118530273,True,0.0,-0.990781671484001,-0.19815633429680019,5.0,-0.7505702144699171,-0.18764255361747928,4.0,0.06841155080029745,1,4,4,4,1.0,-2.623176025908381,-1.0096535532837903,False,3,0.6,0.0,1.0,0.0,1.0300095169452075
~/anvil/data/cve-targets/libsndfile_repo_src_common.c,356,201,506,**		1	- single byte value,**		1	- one byte value<|fim_pad|><|fim_pad|><|fim_pad|><|fim_pad|>,**		1	- one byte value<|fim_pad|><|fim_pad|><|fim_pad|><|fim_pad|>,0.7369244694709778,"[[334, 197, 197, 16, 197, 12, 825, 4922, 897, 151662, 151662, 151662, 151662]]","[-0.0027300964575260878, -0.03162393718957901, -1.226257085800171, -0.4456915259361267, -0.205503448843956, -0.00031919151660986245, -0.04399288818240166, -0.0018062957096844912, -0.00958684366196394, -0.34437623620033264, 0.0, 0.0, 0.0]",13.891666412353516,False,0.0,-2.3118875494983513,-0.23118875494983512,10.0,-2.3118875494983513,-0.23118875494983512,10.0,0.11192860758658257,0,11,35,35,0.3142857142857143,-3.1875446088668133,-1.1404185588271645,True,9,0.9,48.0,0.46153846153846156,32.0,1.7614462240779627
~/anvil/data/cve-targets/poppler_repo_poppler_GfxState.cc,2420,2399,2421,"alt->getRGB(&color2, rgb);","alt->getRGB(&color2, rgb);","        alt->getRGB(&color2, rgb);",0.0483230277895927,"[[286, 4797, 405, 455, 18184, 2099, 3423, 17, 11, 17993, 1215, 151664, 151659, 14, 3608, 14]]","[-0.05420637130737305, -0.010895640589296818, -0.00016878610767889768, -0.00139246741309762, -0.0009444067254662514, -0.0006877202540636063, -3.0636318115284666e-05, -0.0004365683125797659, -0.00020776021119672805, -0.0018004650482907891, -0.31720587611198425, -0.5949383974075317, -0.6872969269752502, -1.7470229864120483, -2.0830440521240234, -0.8380497694015503]",7.47916841506958,True,0.0,-0.9829150958066748,-0.0819095913172229,12.0,-0.38797669839914306,-0.03527060894537664,11.0,0.008181749799237234,1,16,16,16,1.0,-1.3700650267884589,-1.029339256701466,False,10,0.8333333333333334,0.0,1.0,0.0,1.080585359263935
~/anvil/data/cve-targets/php_repo_ext_exif_exif.c,2223,2210,2256,if ((f=image_info->info_list[section_index].list[i].name) != NULL) {,if ((f=image_info->info_list[section_index].list[i].name) != NULL) {,			if ((f=image_info->info_list[section_index].list[i].name) != NULL) {,0.0376114919781684,"[[298, 743, 1781, 69, 74655, 3109, 405, 2733, 2019, 89397, 3560, 936, 1607, 989, 936, 606, 8, 961, 1770, 8, 314, 151643]]","[-0.004212791565805674, -0.12098722159862518, -0.13894110918045044, -0.0078108832240104675, -0.024776440113782883, -2.5748875486897305e-05, -9.083335316972807e-05, -0.003112830687314272, -0.00032574593205936253, -0.0001541257370263338, -5.960462772236497e-07, -0.0007372760446742177, -0.0004906642716377974, -0.0006762839620932937, -0.00041797960875555873, -0.20800739526748657, -0.06916550546884537, -0.0012372228084132075, -0.003206471214070916, -0.003200054634362459, -0.18114788830280304, -0.1525377780199051]",7.542360305786133,True,0.0,-0.921262845917056,-0.04187558390532073,22.0,-0.7687250678971509,-0.036605955614150046,21.0,0.004161621517860543,0,39,39,39,1.0,-1.0274692013129596,-1.0277143931713946,False,20,0.9090909090909091,0.0,1.0,0.0,1.345741863963741
~/anvil/data/cve-targets/poppler_repo_fofi_FoFiType1C.cc,1222,1211,1225,if(ok) {,if (ok) {,                    if (ok) {,1.182798147201538,"[[503, 421, 320, 562, 8, 314, 151664]]","[-0.0028317375108599663, -0.009692395105957985, -0.01719694770872593, -0.010600332170724869, -0.09049808233976364, -0.03851514309644699, -0.5375056862831116]",10.046703338623049,False,0.0,-0.706840324215591,-0.10097718917365585,7.0,-0.16933463793247938,-0.02822243965541323,6.0,0.0009007243111900917,1,10,10,10,1.0,-41.90984768301809,-1.035900684690315,True,4,0.5714285714285714,1.0,0.9411764705882353,0.0,2.0728625781330656
~/anvil/data/cve-targets/libsndfile_repo_src_common.c,583,470,684,"double64_le_write (doubledata, psf->header.ptr + psf->header.indx) ;","double64_le_write (doubledata, psf->header.ptr + psf->header.indx) ;","						double64_le_write (doubledata, psf->header.ptr + psf->header.indx) ;",0.0019857785664498,"[[1144, 8646, 21, 19, 11751, 9165, 320, 4331, 691, 11, 4726, 69, 405, 2708, 38740, 488, 4726, 69, 405, 2708, 28473, 87, 8, 2587, 151643]]","[-0.0022594418842345476, -0.004784089047461748, -0.00016556799528189003, -2.145764938177308e-06, -0.0006295844214037061, -1.9907753085135482e-05, -0.0003575639275368303, -0.0002083561266772449, -5.125986263010418e-06, -8.749579137656838e-05, -0.0002874914789572358, -1.1920922133867862e-06, -6.437280717364047e-06, -7.629365427419543e-06, -6.318072337307967e-06, -0.00014625910262111574, -4.136476854910143e-05, -7.152555099310121e-07, -2.0265558760002023e-06, -3.576278118089249e-07, -1.2993727978027891e-05, -1.1920928244535389e-07, -0.000500196241773665, -0.029919346794486046, -0.351228803396225]",11.995831489562988,True,0.0,-0.3906805296680247,-0.015627221186720986,25.0,-0.039451726271799714,-0.0016438219279916548,24.0,3.5802820281060836e-05,0,26,26,26,1.0,-1.2080253539846204,-1.087628326955269,False,23,0.92,0.0,1.0,0.0,1.0282585583666148
~/anvil/data/cve-targets/lua_repo_lstate.c,220,200,221,L->errfunc = 0;,L->errfunc = 0;,  L->errfunc = 0;,0.0601786412298679,"[[220, 444, 405, 615, 2830, 284, 220, 15, 26, 151643]]","[-0.019924499094486237, -0.013703790493309498, -5.8887653722194955e-05, -0.002156077418476343, -0.0049071116372942924, -0.008053213357925415, -0.012838917784392834, -7.70062324590981e-05, -0.39310258626937866, -0.2637195587158203]",6.5078125,True,0.0,-0.7185416486572649,-0.07185416486572649,10.0,-0.4548220899414446,-0.05053578777127162,9.0,0.014709784458465729,1,10,10,10,1.0,-1.1908123704777391,-1.054641602478723,False,8,0.8,0.0,1.0,0.0,0.9425816184506928
~/anvil/data/cve-targets/openssl_repo_crypto_asn1_tasn_enc.c,524,454,567,case V_ASN1_NEG_ENUMERATED:,case V_ASN1_NEG_ENUMERATED:,    case V_ASN1_NEG_ENUMERATED:,0.153619036078453,"[[262, 1142, 647, 1566, 18966, 16, 62368, 31894, 640, 9005, 25, 151643]]","[-0.07814309000968933, -0.005099148489534855, -0.000557267339900136, -1.7762025890988298e-05, -3.576278118089249e-07, -4.768370445162873e-07, -0.21200038492679596, -0.007935307919979095, -1.6927575416048057e-05, -8.344646857949556e-07, -0.5766242146492004, -0.0391695536673069]",7.820138931274414,True,0.0,-0.9195653255332559,-0.076630443794438,12.0,-0.880395771865949,-0.08003597926054082,11.0,0.028470175862193057,1,5,5,5,1.0,-1.9193747299371142,-1.0206021896919886,False,10,0.8333333333333334,0.0,1.0,0.0,0.9872914427653028
~/anvil/data/cve-targets/libtiff_repo_libtiff_tif_pixarlog.c,731,684,813,},},	},0.2146088480949401,"[[197, 92, 151643]]","[-0.004804257769137621, -0.21462365984916687, -0.01764879748225212]",8.273612022399902,True,0.0,-0.2370767151005566,-0.07902557170018554,3.0,-0.2194279176183045,-0.10971395880915225,2.0,0.011006045372305246,1,2,2,2,1.0,-1.9560760583642125,-1.009097137564506,False,1,0.3333333333333333,0.0,1.0,0.0,0.9895582890908715
~/anvil/data/cve-targets/openssl_repo_crypto_pkcs7_pk7_doit.c,519,307,546,if (PKCS7_is_detached(p7) || (in_bio != NULL)) {,if (in_bio != NULL) {,    if (in_bio != NULL) {,0.7585165500640869,"[[262, 421, 320, 258, 89641, 961, 1770, 8, 314, 151643]]","[-0.00812298059463501, -0.16784211993217468, -0.03281032666563988, -0.13577114045619965, -1.2516897186287679e-05, -0.13903842866420746, -0.00015877417172305286, -0.018491733819246292, -0.07903967052698135, -0.05984724313020706]",8.361804962158203,False,0.0,-0.6411349348582007,-0.06411349348582007,10.0,-0.5812876917279937,-0.0645875213031104,9.0,0.004013808081001178,1,25,14,14,1.7857142857142858,-11.74401083615448,-1.0068747074213302,True,19,1.9,27.0,0.6086956521739131,11.0,2.294896404725378
~/anvil/data/cve-targets/poppler_repo_fofi_FoFiTrueType.cc,552,492,590,"cmapLen = getU16BE(pos + 8, &ok);","cmapLen = getU16BE(pos + 8, &ok);","        cmapLen = getU16BE(pos + 8, &ok);",0.0243497677147388,"[[286, 40778, 11271, 284, 633, 52, 16, 21, 11594, 12259, 488, 220, 23, 11, 609, 562, 1215, 151643]]","[-3.8265450712060556e-05, -0.005888613872230053, -1.1920858014491387e-05, -0.0032157397363334894, -0.00449741305783391, -7.998623186722398e-05, -0.003504327731207013, -1.5735502529423684e-05, -3.9934315282152966e-05, -4.8993817472364753e-05, -3.981510963058099e-05, -8.487341256113723e-05, -0.004769971128553152, -0.00012516192509792745, -5.471556869451888e-05, -1.6689286894688848e-06, -0.0074665057472884655, -0.009608451277017593]",17.032115936279297,True,0.0,-0.03949209367101503,-0.0021940052039452792,18.0,-0.029883642393997434,-0.0017578613172939666,17.0,6.090207284104893e-06,0,19,19,19,1.0,-13.851927609524157,-1.2335628274525452,False,17,0.9444444444444444,0.0,1.0,0.0,0.5428109754819431
~/anvil/data/cve-targets/libxml2_repo_valid.c,1210,1186,1278,},},            },0.2522498667240143,"[[310, 335, 151643]]","[-0.08229897171258926, -0.16044527292251587, -0.04179126024246216]",6.264583110809326,True,0.0,-0.2845355048775673,-0.09484516829252243,3.0,-0.24274424463510513,-0.12137212231755257,2.0,0.001526711098198144,1,2,2,2,1.0,-2.0783180017569363,-1.0610741357421698,False,1,0.3333333333333333,0.0,1.0,0.0,0.8470502028499043
~/anvil/data/cve-targets/php_repo_ext_intl_msgformat_msgformat_parse.c,80,57,115,},},	},0.7479141354560852,"[[197, 92, 151643]]","[-0.0017780937487259507, -0.7477746605873108, -0.08523564040660858]",10.79236125946045,True,0.0,-0.8347883947426453,-0.27826279824754846,3.0,-0.7495527543360367,-0.37477637716801837,2.0,0.1391277194337388,1,2,2,2,1.0,-1.9956277423557651,-1.05539248671329,False,1,0.3333333333333333,0.0,1.0,0.0,0.8973329022972576
~/anvil/data/cve-targets/libtiff_repo_libtiff_tif_read.c,439,414,449,stripsperplane=((td->td_imagelength+rowsperstrip-1)/rowsperstrip);,stripsperplane=(td->td_imagelength+rowsperstrip-1)/rowsperstrip;,	stripsperplane=(td->td_imagelength+rowsperstrip-1)/rowsperstrip;,0.3560718297958374,"[[18388, 75716, 712, 19025, 4539, 1296, 405, 1296, 88609, 301, 996, 10, 1811, 712, 13105, 12, 16, 5620, 1811, 712, 13105, 26, 151643]]","[-0.14611555635929108, -0.0013627061853185296, -8.689979586051777e-05, -3.814689989667386e-06, -0.6031163334846497, -0.18497277796268463, -6.3774932641536e-05, -1.9907753085135482e-05, -0.2345433086156845, -3.361645576660521e-05, -5.483612312673358e-06, -0.10908585786819458, -0.024114053696393967, -6.246371776796877e-05, -4.768370445162873e-07, -0.0025037152227014303, -0.00016366096679121256, -0.008652104064822197, -0.013592076487839222, -5.006777428206988e-06, -4.768370445162873e-07, -0.039634957909584045, -0.09755272418260574]",5.503645896911621,False,0.0,-1.4656917544155021,-0.06372572845284792,23.0,-1.3681390302328964,-0.062188137737858924,22.0,0.018343748001916255,1,25,22,22,1.1363636363636365,-5.7257194498536625,-1.0814526254849075,True,22,0.9565217391304348,2.0,0.9846153846153847,3.0,2.0587257373026
~/anvil/data/cve-targets/openssl_repo_crypto_mdc2_mdc2dgst.c,45,36,69,if (i + len < MDC2_BLOCK) {,if (i + len < MDC2_BLOCK) {,        if (i + len < MDC2_BLOCK) {,0.160446748137474,"[[286, 421, 320, 72, 488, 2422, 366, 386, 5626, 17, 18756, 8, 314, 151643]]","[-0.0004570631426759064, -0.012262549251317978, -0.21163038909435272, -0.6009146571159363, -0.053000908344984055, -0.10648860037326813, -0.018541116267442703, -0.003862184938043356, -5.960446742392378e-06, -1.8715683836489916e-05, -4.994744449504651e-05, -0.0016813441179692745, -0.3139817714691162, -0.06561188399791718]",12.31666660308838,True,0.0,-1.3885070916880977,-0.09917907797772127,14.0,-1.3228952076901805,-0.10176116982232158,13.0,0.029577850171709212,1,16,16,16,1.0,-1.5766991320718837,-1.0963871406285515,False,12,0.8571428571428571,0.0,1.0,0.0,0.9011708782236337
~/anvil/data/cve-targets/php_repo_ext_standard_dns.c,272,117,422,# define PHP_DNS_NS     0x00000002,# define PHP_DNS_NS     0x00000002,"# define PHP_DNS_NS     0x00000002
# define PHP_DNS_CNAME ",0.0039981519803404,"[[2, 6979, 13119, 1557, 2448, 33777, 257, 220, 15, 87, 15, 15, 15, 15, 15, 15, 15, 17, 198, 2, 6979, 13119, 1557, 2448, 920, 7535, 220]]","[-0.005633430555462837, -0.0010748092317953706, -0.0001774868869688362, -7.748573807475623e-06, -8.344646857949556e-07, -0.01154444832354784, -0.011672061868011951, -0.00015889335190877318, -1.6689286894688848e-06, -2.372236667724792e-05, -8.201262971851975e-05, -0.00025054652360267937, -0.00010072677832795307, -0.0010040724882856011, -0.0008973624208010733, -0.0023807534016668797, -0.00868082232773304, -0.03006557561457157, -1.0845232009887695, -0.04883405566215515, -0.0059161074459552765, -0.0016071987338364124, -0.0001380348257953301, -3.4689302992774174e-05, -0.5986392498016357, -0.5444694757461548, -0.003827153006568551]",8.201562881469727,True,1.0,-2.3617461422501265,-0.08747207934259728,27.0,-1.1582801777250324,-0.06096211461710697,19.0,0.05825624634427484,0,5,8,5,0.625,-0.06558420759273421,-1.0109163900642995,False,18,0.6666666666666666,0.0,1.0,0.0,1.0039448042516308
~/anvil/data/cve-targets/libxml2_repo_xmlregexp.c,2138,2132,2323,if ((type1 == XML_REGEXP_EPSILON) ||,if ((type1 == XML_REGEXP_EPSILON) ||,    if ((type1 == XML_REGEXP_EPSILON) ||,0.0203292351216077,"[[262, 421, 1781, 1313, 16, 621, 11874, 8064, 32337, 77292, 55016, 8, 1369, 151643]]","[-0.002325094770640135, -0.025388063862919807, -0.03385841101408005, -9.798523387871683e-05, -0.0015398323303088546, -0.0011035073548555374, -0.0003104920033365488, -2.13382354559144e-05, -1.9073468138230965e-06, -0.0021328814327716827, -1.1920922133867862e-06, -0.00038366109947673976, -0.0025100174825638533, -0.14634820818901062]",10.38906192779541,True,0.0,-0.21602259244832567,-0.015430185174880404,14.0,-0.06967438425931505,-0.0053595680199473115,13.0,0.00011058608405986936,0,11,11,11,1.0,-3.7930734428495136,-1.0448049735030325,False,12,0.8571428571428571,0.0,1.0,0.0,0.9786423526960861
~/anvil/data/cve-targets/libsndfile_repo_src_alaw.c,326,320,332,{,{,		{,4.759405612945557,"[[197, 197, 90]]","[-0.00039593485416844487, -0.009406295605003834, -0.002850400283932686]",12.032118797302246,True,0.0,-0.012652630743104964,-0.004217543581034988,3.0,-0.012652630743104964,-0.004217543581034988,3.0,1.4465640540771687e-05,1,2,2,2,1.0,-1128.478110895441,-1.0886154522342089,False,1,0.3333333333333333,0.0,1.0,0.0,1.0831340326721832
~/anvil/data/cve-targets/openssl_repo_ssl_statem_statem_dtls.c,599,560,646,"frag_len, 0, &readbytes);","frag_len, 0, &readbytes);","                                          frag_len, 0, &readbytes);",0.0278695616871118,"[[10503, 8343, 6043, 11, 220, 15, 11, 609, 878, 9651, 1215, 151643]]","[-0.004227867349982262, -0.07070125639438629, -7.4741430580616e-05, -0.05151210352778435, -0.010517054237425327, -0.06272610276937485, -0.019656391814351082, -0.002996480790898204, -0.0006379238329827785, -9.65590606938349e-06, -0.019185101613402367, -0.0900382250547409]",7.096527099609375,True,0.0,-0.3322829047219784,-0.027690242060164866,12.0,-0.2422446796672375,-0.0220222436061125,11.0,0.0006494794331838395,0,11,11,11,1.0,-1.2655187266830668,-1.0392331973144935,False,10,0.8333333333333334,0.0,1.0,0.0,0.99472258594713
~/anvil/data/cve-targets/lua_repo_ldebug.c,396,356,568,},},},10.353643417358398,[[92]],[-0.10364333540201187],14.415974617004396,True,0.0,-0.10364333540201187,-0.10364333540201187,1.0,-0.10364333540201187,-0.10364333540201187,1.0,0.0,0,2,2,2,1.0,-99.89685663046906,-1.1554652272190442,False,1,1.0,0.0,1.0,0.0,1.2849548394314998
~/anvil/data/cve-targets/sqlite3_repo_src_expr.c,5070,5063,5075,"Expr *pCopy = sqlite3ExprDup(db, pExpr, 0);","Expr *pCopy = sqlite3ExprDup(db, pExpr, 0);","  Expr *pCopy = sqlite3ExprDup(db, pExpr, 0);",0.0033740962389856,"[[220, 28819, 353, 79, 12106, 284, 22003, 18, 16041, 85713, 9791, 11, 281, 16041, 11, 220, 15, 1215, 151643]]","[-0.001536023453809321, -0.00732805859297514, -4.4225667807040736e-05, -0.00026890001026913524, -6.353653589030728e-05, -0.0073895929381251335, -0.00021860594279132783, -0.0002321927313460037, -0.00010191874753218144, -0.0010746901389211416, -0.0011992413783445954, -0.00041333239641971886, -7.617183291586116e-05, -5.745722592109814e-05, -0.00988020934164524, -0.006390849128365517, -0.0002224197960458696, -0.01940119080245495, -0.01504326518625021]",14.09375,True,0.0,-0.07094188184782979,-0.0037337832551489363,19.0,-0.05589861666157958,-0.003105478703421088,18.0,2.5275253929189027e-05,0,19,19,19,1.0,-1.0864979480518075,-1.1461946340112525,False,17,0.8947368421052632,0.0,1.0,0.0,0.785289982343605
~/anvil/data/cve-targets/libtiff_repo_libtiff_tif_dirwrite.c,2004,1971,2023,"if (!_TIFFmemcmp(tif->tif_dir.td_transferfunction[0],tif->tif_dir.td_transferfunction[1],m*sizeof(uint16_t)))","if (!_TIFFmemcmp(tif->tif_dir.td_transferfunction[0],tif->tif_dir.td_transferfunction[1],m*sizeof(uint16_t)))","		if (!_TIFFmemcmp(tif->tif_dir.td_transferfunction[0],tif->tif_dir.td_transferfunction[1],m*sizeof(uint16_t)))",0.0081449542194604,"[[197, 743, 24076, 26614, 1748, 61534, 1155, 333, 405, 84340, 4334, 734, 67, 35403, 1688, 58, 15, 1125, 84340, 405, 84340, 4334, 734, 67, 35403, 1688, 58, 16, 1125, 76, 32811, 8488, 16, 21, 528, 7705, 151643]]","[-0.0022469530813395977, -0.019804244861006737, -0.15895165503025055, -8.987976616481319e-05, -5.2569914259947836e-05, -0.000228140561375767, -0.004356417804956436, -1.2040065485052764e-05, -5.8412379075889476e-06, -3.814689989667386e-06, -4.291525328881107e-06, -5.960446742392378e-06, -1.1920928244535389e-07, -0.0002165798214264214, -2.145764938177308e-06, -4.672895011026412e-05, -0.04973834753036499, -0.004033644683659077, -0.0004741021548397839, -3.2186455882765586e-06, -1.6689286894688848e-06, -1.7881377516459906e-06, -6.318072337307967e-06, -5.960462772236497e-07, -2.7179348762729205e-05, -8.344646857949556e-07, -9.30981186684221e-05, -0.001759529928676784, -0.0002588890492916107, -0.0014662717003375292, -0.00016664070426486433, -0.00021360022947192192, -3.123234637314454e-05, -1.0728830375228426e-06, -1.5258672647178173e-05, -0.05308603495359421, -0.012126648798584938]",11.789756774902344,True,0.0,-0.30953335812846916,-0.008365766435904571,37.0,-0.2974067093298842,-0.008261297481385673,36.0,0.0007927481453534304,1,50,50,50,1.0,-0.9859170714784915,-1.0820394185473419,False,35,0.9459459459459459,0.0,1.0,0.0,1.3170179900361445
~/anvil/data/cve-targets/lua_repo_ldebug.c,780,747,794,"changedline(p, pcRel(L->oldpc, p), npci)) {",(npci == p->sizecode - 1 && p->lineinfo[npci] == -1)) {  /*,        (npci == p->sizecode - 1 && p->lineinfo[npci] == -1)) {  /*,0.9299420714378356,"[[286, 320, 45383, 72, 621, 281, 405, 2141, 1851, 481, 220, 16, 1009, 281, 405, 1056, 2733, 7669, 55387, 60, 621, 481, 16, 593, 314, 220, 1391]]","[-0.008046945556998253, -0.9675769805908203, -0.720459520816803, -2.4437606043647975e-05, -1.41002357006073, -0.4116254448890686, -0.0005495230434462428, -0.5364248156547546, -0.004858711268752813, -0.2813278138637543, -0.0022306579630821943, -0.008968782611191273, -0.4499022960662842, -1.0570456981658936, -0.004564580507576466, -0.6642093062400818, -0.0004542034293990582, -0.0014415121404454112, -0.0003165697562508285, -0.014820946380496025, -0.18965984880924225, -0.15186013281345367, -0.00518038822337985, -0.10337493568658829, -0.2800104320049286, -0.3255981206893921, -0.0018067717319354415]",5.947221755981445,False,0.0,-7.602362946570793,-0.2815689980211405,27.0,-7.602362946570793,-0.2815689980211405,27.0,0.14276643603920264,1,23,32,32,0.71875,-3.3027147092664464,-1.069526219094873,True,17,0.6296296296296297,46.0,0.3529411764705882,29.0,2.1091474643365626
~/anvil/data/cve-targets/openssl_repo_crypto_bn_bn_local.h,611,456,761,"return ((((((bits+BN_BITS2-1))/BN_BITS2)) <= (a)->dmax)?(a):bn_expand2((a),(bits+BN_BITS2-1)/BN_BITS2));",if (bits > (INT_MAX - 1) * BN_BITS2),"    if (bits > (INT_MAX - 1) * BN_BITS2)
        return NULL;
    if (bits == 0)
        bits = 1;
    if (a->top > (bits + BN_BITS2 - 1) / BN_BITS2) {
        /* Only valid if the existing contents",0.6041544675827026,"[[262, 421, 320, 11516, 861, 320, 3221, 6806, 481, 220, 16, 8, 353, 45316, 32695, 17, 340, 286, 470, 1770, 280, 262, 421, 320, 11516, 621, 220, 15, 340, 286, 9472, 284, 220, 16, 280, 262, 421, 320, 64, 405, 3481, 861, 320, 11516, 488, 45316, 32695, 17, 481, 220, 16, 8, 608, 45316, 32695, 17, 8, 341, 286, 1391, 8278, 2697, 421, 279, 6350, 8794]]","[-0.031585708260536194, -0.905373215675354, -0.09121435135602951, -0.3659096956253052, -0.061268314719200134, -0.32818785309791565, -0.5101017951965332, -5.602820692729438e-06, -0.0029856651090085506, -0.3049270212650299, -0.10946054011583328, -0.1049681305885315, -0.0015836328966543078, -0.0005290300468914211, -0.0022611068561673164, -0.004436768591403961, -0.40422162413597107, -0.004436056595295668, -0.033707667142152786, -0.0297870971262455, -0.2696225047111511, -0.013770812191069126, -0.17016646265983582, -0.16400687396526337, -0.5998157262802124, -1.0916070938110352, -0.03690694645047188, -0.00034314466756768525, -0.26334062218666077, -0.011543269269168377, -0.16600990295410156, -0.3170984089374542, -0.48801445960998535, -0.07070236653089523, -0.29879632592201233, -0.009501473978161812, -0.6511061191558838, -0.11843958497047424, -0.2862480580806732, -0.38879603147506714, -0.1814422458410263, -0.42940762639045715, -0.031979724764823914, -0.007482715882360935, -0.4297322928905487, -0.013687445782124996, -0.0001774868869688362, -3.4450891689630225e-05, -0.0038379596080631018, -0.00028772983932867646, -0.00045313104055821896, -0.00034290633630007505, -0.00022504181833937764, -0.00012218205665703863, -3.099436753473128e-06, -5.447716102935374e-05, -0.31852248311042786, -0.06560876220464706, -0.01097876951098442, -0.23375457525253296, -0.7206368446350098, -1.0808608531951904, -0.1450582891702652, -0.019144169986248016, -1.07073175907135, -0.5873167514801025]",4.430729389190674,False,5.0,-14.064670839271685,-0.21310107332229825,66.0,-3.2334561129523536,-0.1796364507195752,18.0,0.05739768450379365,1,71,72,21,0.9861111111111112,-3.3632064381289135,-1.1108528722744846,True,43,0.6515151515151515,83.0,0.3285714285714286,59.0,2.51659336370306
~/anvil/data/cve-targets/libtiff_repo_libtiff_tif_dirwrite.c,3257,3122,3530,else,else if,        else if,0.204119324684143,"[[286, 770, 421]]","[-0.018354570493102074, -0.2045983076095581, -0.01985870487987995]",8.816842079162598,False,0.0,-0.24281158298254013,-0.08093719432751338,3.0,-0.24281158298254013,-0.08093719432751338,3.0,0.007646412539119598,0,2,5,5,0.4,-2.5219471267829174,-1.0045349956659937,True,1,0.3333333333333333,3.0,0.7272727272727273,4.0,2.0015675756086546
~/anvil/data/cve-targets/sqlite3_repo_src_whereexpr.c,1369,985,1371,*/,*/,"  */
 ",1.314948320388794,"[[220, 735, 220]]","[-0.0003084660565946251, -0.31500041484832764, -0.016345882788300514]",16.159027099609375,True,1.0,-0.3316547636932228,-0.11055158789774093,3.0,-0.3316547636932228,-0.11055158789774093,3.0,0.02094252787663987,1,3,3,3,1.0,-11.89443177971453,-1.2069293044024194,False,1,0.3333333333333333,0.0,1.0,0.0,0.5249748227960751
~/anvil/data/cve-targets/lua_repo_lstate.h,278,123,428,l_uint32 nCcalls;  /* number of nested (non-yieldable | C)  calls */,lua_Hook maskhook;,  lua_Hook maskhook;,0.3050278425216675,"[[220, 20357, 2039, 1941, 6911, 20873, 26, 151643]]","[-0.01170717366039753, -0.5208288431167603, -0.2065364569425583, -3.71926071238704e-05, -0.8928714394569397, -0.3074823319911957, -0.25475049018859863, -0.272568941116333]",9.247221946716309,False,0.0,-2.466782869079907,-0.30834785863498837,8.0,-2.194213927963574,-0.3134591325662249,7.0,0.0832747515398464,1,6,5,5,1.2,-0.9731024265411182,-1.015401641613395,True,24,3.0,61.0,0.18604651162790697,3.0,2.0236891646466413
~/anvil/data/cve-targets/openssl_repo_crypto_asn1_a_int.c,130,85,161,if (blen == 0),if (blen == 0),    if (blen == 0),0.1479163914918899,"[[262, 421, 320, 2024, 268, 621, 220, 15, 8, 151643]]","[-0.01067251618951559, -0.08221377432346344, -0.025966444984078407, -0.05095862224698067, -5.960462772236497e-07, -0.02438422664999962, -0.0026754082646220922, -0.003250911831855774, -0.1304789036512375, -0.10887419432401657]",10.940972328186035,True,0.0,-0.43947559851204687,-0.04394755985120469,10.0,-0.3306014041880303,-0.03673348935422559,9.0,0.0017374402911485664,1,12,12,12,1.0,-4.026744915668474,-1.0593208548162556,False,8,0.8,0.0,1.0,0.0,0.9583368029753595
~/anvil/data/cve-targets/php_repo_ext_exif_exif.c,960,873,977,"{ 0x009d, ""InternalNDFilter""},","{ 0x0097, ""TimerRecordingTime""},","  { 0x0097, ""TimerRecordingTime""},
  { 0x0098",1.033465027809143,"[[220, 314, 220, 15, 87, 15, 15, 24, 22, 11, 330, 10105, 52856, 1462, 7115, 220, 314, 220, 15, 87, 15, 15, 24, 23]]","[-0.0006850994541309774, -0.0053953747265040874, -6.532455881824717e-05, -9.536697689327411e-06, -9.059495641849935e-05, -0.0003651905863080174, -0.0006326819420792162, -0.15985780954360962, -0.7529364824295044, -1.0847986231965479e-05, -0.0005964645533822477, -2.1510396003723145, -0.017202220857143402, -0.22663486003875732, -0.027719756588339806, -6.5205356804654e-05, -0.001570064458064735, -2.2411095415009186e-05, -6.9141146923357155e-06, -0.00030310326837934554, -0.00011455356434453279, -0.00010549465514486656, -0.02565161883831024, -0.6241170763969421]",11.439064025878906,False,1.0,-3.9951982870393294,-0.1664665952933054,24.0,-3.3433070506480362,-0.20895669066550226,16.0,0.28583068736944556,0,10,14,10,0.7142857142857143,-4.945833629531936,-1.0725942987795334,True,15,0.625,16.0,0.5806451612903225,2.0,1.9600427001067016
~/anvil/data/cve-targets/libsndfile_repo_src_ulaw.c,811,804,816,if (ptr [i] >= 0),if (ptr [i] >= 0),		if (ptr [i] >= 0),0.0342880114912986,"[[197, 743, 320, 3505, 508, 72, 60, 2604, 220, 15, 8, 151643]]","[-0.009517061524093151, -0.009002690203487873, -0.023101944476366043, -0.09077714383602142, -0.007096916437149048, -0.00030322244856506586, -0.002540695946663618, -0.16770312190055847, -0.002999095479026437, -0.001807366730645299, -0.022861603647470474, -0.04589322954416275]",5.761979579925537,True,0.0,-0.38360409217420965,-0.031967007681184136,12.0,-0.3377108626300469,-0.030700987511822445,11.0,0.0024812654603398065,1,17,17,17,1.0,-1.116837413718202,-1.0744907398092776,False,10,0.8333333333333334,0.0,1.0,0.0,0.9649096038783188
~/anvil/data/cve-targets/sqlite3_repo_src_build.c,2315,2288,2556,if( db->init.busy ){,if( db->init.busy ){,"  if( db->init.busy ){
    p->tn",0.4171481132507324,"[[220, 421, 7, 2927, 405, 2327, 48067, 88, 10959, 262, 281, 405, 1517]]","[-0.020188327878713608, -0.006083305925130844, -0.00010442188795423135, -0.01856592483818531, -6.437280717364047e-06, -5.006777428206988e-06, -0.00024148885859176517, 0.0, -0.04511866718530655, -0.010478244163095951, -0.19993393123149872, -0.0009601273923180997, -0.041185926645994186]",13.215453147888184,True,1.0,-0.34287181006493483,-0.026374754620379602,13.0,-0.10079182479512383,-0.011199091643902648,9.0,0.0001918926580687053,1,16,17,16,0.9411764705882353,-37.24838821886496,-1.1213014507281343,False,8,0.6153846153846154,0.0,1.0,0.0,0.8494346417746833
~/anvil/data/cve-targets/poppler_repo_poppler_JBIG2Stream.cc,720,673,858,for (yy = y0; yy < y1; ++yy) {,for (yy = y0; yy < y1; ++yy) {,    for (yy = y0; yy < y1; ++yy) {,0.0092938411980867,"[[262, 369, 320, 4807, 284, 379, 15, 26, 13197, 366, 379, 16, 26, 3443, 4807, 8, 314, 151643]]","[-0.005621339660137892, -0.08992873132228851, -0.001634215353988111, -0.0037314328365027905, -8.83301836438477e-05, -0.006941134110093117, -9.42901024245657e-05, -0.0007714632665738463, -0.00016616393986623734, -0.0006445952458307147, -0.00025018901214934886, -6.437280717364047e-06, -0.00025185750564560294, -0.011192984879016876, -0.000125281119835563, -0.0007680088747292757, -0.02981533110141754, -0.1284448653459549]",11.285589218139648,True,0.0,-0.2804766511408161,-0.015582036174489784,18.0,-0.1520317857948612,-0.008943046223227129,17.0,0.0004611732896990679,1,21,21,21,1.0,-1.03922544579368,-1.068486778734558,False,16,0.8888888888888888,0.0,1.0,0.0,1.0253918403466524
~/anvil/data/cve-targets/libsndfile_repo_src_common.c,594,470,684,return count ;,break ;,						break ;,2.414356470108032,"[[1144, 3388, 2587, 151643]]","[-0.005495322402566671, -0.0008322112844325602, -0.038380470126867294, -0.18639719486236572]",11.351560592651367,False,0.0,-0.23110519867623225,-0.05777629966905806,4.0,-0.044708003813866526,-0.014902667937955508,3.0,0.0002792276986941799,1,5,4,4,1.25,-162.00833838341944,-1.070250471286058,True,3,0.75,11.0,0.38095238095238093,3.0,2.005658729612001
~/anvil/data/cve-targets/openssl_repo_crypto_x509_x509_obj.c,147,17,173,*(p++) = 'x';,*(p++) = 'x';,                *(p++) = 'x';,0.0397576950490474,"[[394, 12861, 79, 2457, 284, 364, 87, 6967, 151643]]","[-0.00015639036428183317, -8.11782301752828e-05, -1.5497195136049413e-06, -9.417489309271332e-06, -1.9550132492440753e-05, -0.005148130003362894, -0.0007726544863544405, -0.0015122179174795747, -0.1461399644613266]",14.171006202697754,True,0.0,-0.15384105280429594,-0.01709345031158844,9.0,-0.007701088342969342,-0.0009626360428711678,8.0,2.7506520572485477e-06,0,17,17,17,1.0,-41.30085855757666,-1.1484105393522237,False,7,0.7777777777777778,0.0,1.0,0.0,0.7589023158675997
~/anvil/data/cve-targets/openssl_repo_ssl_statem_statem_clnt.c,2623,2608,2643,"ckey = ssl_generate_pkey(s, skey);",ckey = ssl_generate_pkey(skey);,"    ckey = ssl_generate_pkey(skey);
    if (ckey == NULL)",0.8678164482116699,"[[262, 272, 792, 284, 33537, 48851, 620, 792, 1141, 792, 317, 262, 421, 320, 377, 1195, 621, 1770, 8]]","[-0.06258200109004974, -0.873591423034668, -1.9550132492440753e-05, -0.0030440206173807383, -0.26590389013290405, -0.05928117036819458, -0.6366441249847412, -0.001746677909977734, -0.3632393181324005, -0.08770254999399185, -0.33638373017311096, -0.0026473496109247208, -0.0172489732503891, -0.004501566756516695, -0.0017610769718885422, -7.152555099310121e-07, -0.00033742457162588835, -0.00019167017308063805, -0.0397818349301815]",5.866145610809326,False,1.0,-2.756609068090029,-0.14508468779421205,19.0,-2.6927858061808365,-0.22439881718173638,12.0,0.07459694070669758,1,14,24,12,0.5833333333333334,-3.86729510926451,-1.071696244142881,True,12,0.631578947368421,3.0,0.9538461538461538,2.0,1.9965018878860485
~/anvil/data/cve-targets/libsndfile_repo_src_common.c,630,470,684,"if (psf->header.indx + (sf_count_t) size > psf->header.len && psf_bump_header_allocation (psf, size))","if (psf->header.indx + (sf_count_t) size > psf->header.len && psf_bump_header_allocation (psf, size))","					if (psf->header.indx + (sf_count_t) size > psf->header.len && psf_bump_header_allocation (psf, size))",0.0230091866105794,"[[464, 743, 320, 1690, 69, 405, 2708, 28473, 87, 488, 320, 17246, 3180, 528, 8, 1379, 861, 4726, 69, 405, 2708, 19406, 1009, 4726, 69, 880, 1510, 8757, 81267, 320, 1690, 69, 11, 1379, 593, 151664, 151659, 13437, 14, 1690, 69, 520, 198, 3284, 334, 2955, 320, 34, 8, 220, 16, 24]]","[-0.02559247612953186, -0.03544873744249344, -0.00858863815665245, -0.03060160204768181, -1.1920922133867862e-06, -0.00026222606538794935, -0.006990617606788874, -0.0014073477359488606, -1.0728830375228426e-06, -0.011565894819796085, -0.10854271054267883, -0.004913636017590761, -1.3470558769768104e-05, -3.099436753473128e-06, -0.0026601902209222317, -0.20532289147377014, -0.2490096539258957, -0.00035696811391972005, -1.1920922133867862e-06, -1.0251946150674485e-05, -1.6689160474925302e-05, -0.0001408954558428377, -0.004935937467962503, -0.0002547178009990603, -0.00011503035057103261, -0.00011205045302631333, -5.960462772236497e-07, -5.8412379075889476e-06, -6.079655122448457e-06, -6.544376083184034e-05, -2.622600959512056e-06, -3.3378546504536644e-06, -0.00010287232726113871, -0.0321299247443676, -0.07101087272167206, -0.18890219926834106, -0.7358492612838745, -1.3930326700210571, -1.7621009349822998, -3.5910887718200684, -0.14999045431613922, -2.443270444869995, -0.055962421000003815, -1.2871049642562866, -0.4960212707519531, -0.177368625998497, -0.06272128969430923, -0.017302870750427246, -0.0006787856691516936, -0.0032743194606155157, -0.42962533235549927, -0.0005036516231484711]",8.636981010437012,True,0.0,-0.9890989802144645,-0.027474971672624013,36.0,-0.8001967809461235,-0.02286276516988924,35.0,0.003053923387168694,1,42,42,42,1.0,-1.0064043627095027,-1.0000282172369355,False,34,0.9444444444444444,0.0,1.0,0.0,1.4561197147209233
~/anvil/data/cve-targets/lua_repo_lvm.c,1678,1669,1682,L->oldpc = pc + 1;,trap = 0;  /* no more calls */,          trap = 0;  /* no more calls */,1.1779677867889404,"[[688, 22862, 284, 220, 15, 26, 220, 1391, 902, 803, 6738, 639, 151643]]","[-0.028531426563858986, -1.2137973308563232, -0.5012591481208801, -0.06930843740701675, -0.030699407681822777, -0.003957892768085003, -0.6366357207298279, -0.004533252213150263, -0.8266632556915283, -0.4132574200630188, -0.11543837934732437, -0.5182457566261292, -0.012340265326201916]",7.050173282623291,False,0.0,-4.374667693395168,-0.33651289949193597,13.0,-4.362327428068966,-0.3635272856724138,12.0,0.14055829780776016,1,13,8,8,1.625,-3.2403834133387313,-1.0404382060249104,True,10,0.7692307692307693,26.0,0.25,9.0,2.0939491179777563
~/anvil/data/cve-targets/libtiff_repo_libtiff_tif_predict.c,26,-129,176,*,*, *,0.0831144973635673,[[353]],[-0.08311449736356735],14.517362594604492,True,0.0,-0.08311449736356735,-0.08311449736356735,1.0,-0.08311449736356735,-0.08311449736356735,1.0,0.0,0,2,2,2,1.0,-0.9999999999999993,-1.1583976991809173,False,1,1.0,0.0,1.0,0.0,0.5635739404786972
~/anvil/data/cve-targets/sqlite3_repo_src_sqliteInt.h,3863,3708,4013,# define SQLITE_CORRUPT_PGNO(P) sqlite3CorruptError(__LINE__),# define SQLITE_CORRUPT_PGNO(P) SQLITE_CORRUPT_BKPT,# define SQLITE_CORRUPT_PGNO(P) SQLITE_CORRUPT_BKPT,0.1222130060195922,"[[2, 6979, 55252, 47696, 36003, 2828, 85644, 8996, 5304, 8, 55252, 47696, 36003, 2828, 1668, 42, 2828, 151664, 151659, 14, 81772, 14, 81772, 18, 14, 81772, 18]]","[-0.006242064759135246, -0.0014281797921285033, -0.001167331007309258, -4.8636207793606445e-05, -5.960462772236497e-07, -3.099436753473128e-06, -4.529942543740617e-06, -7.688703772146255e-05, -0.0960778295993805, -0.000683074293192476, -0.43558675050735474, -9.894321920000948e-06, -3.85038583772257e-05, -4.541770613286644e-05, -0.032332729548215866, -8.463501580990851e-05, -0.00013124081306159496, -0.9188176393508911, -0.7242281436920166, -1.4289101362228394, -2.811296224594116, -2.043221950531006, -1.5040273666381836, -1.6222645044326782, -1.4280043840408325, -1.5419450998306274, -0.614154577255249]",11.177776336669922,False,0.0,-1.4927790392439988,-0.08293216884688882,18.0,-0.5739613998931077,-0.033762435287829864,17.0,0.010628041529217324,0,9,9,9,1.0,-3.6197923810207366,-1.0656107404397073,True,18,1.0,27.0,0.6607142857142857,1.0,1.9048994131030121
~/anvil/data/cve-targets/libtiff_repo_libtiff_tif_pixarlog.c,877,866,919,: LogK1*log(v*LogK2) + 0.5 ),: (v>(float)24.)  ? 2046			\,"		  : (v>(float)24.)  ? 2046			\
		  : (v>(float)",2.489588975906372,"[[7847, 549, 320, 85, 2235, 3649, 8, 17, 19, 6138, 220, 937, 220, 17, 15, 19, 21, 298, 197, 5661, 7847, 549, 320, 85, 2235, 3649, 8]]","[-0.2984294891357422, -0.002243860624730587, -0.672399640083313, -0.6678711175918579, -0.2686024010181427, -0.00233258749358356, -0.007360719610005617, -0.3316326439380646, -0.731207549571991, -0.1135401576757431, -0.23378778994083405, -0.00031895318534225225, -0.975769579410553, -0.103920578956604, -0.1865730881690979, -0.08184521645307541, -0.8338268995285034, -0.16572046279907227, -9.131014667218551e-05, -0.01844082586467266, -0.10665351897478104, -0.00034278715611435473, -0.6712883114814758, -0.8019247055053711, -0.6584229469299316, -0.004300275351852179, -0.012048444710671902]",2.855729103088379,False,1.0,-7.950895861307799,-0.29447762449288145,27.0,-5.802568390172382,-0.27631278048439917,21.0,0.09081875180358064,0,18,24,16,0.75,-9.010039172064053,-1.1554652547674824,True,17,0.6296296296296297,24.0,0.3571428571428571,17.0,1.9206870399800107
~/anvil/data/cve-targets/libxml2_repo_valid.c,4300,4193,4382,},},    },0.0655905604362487,"[[262, 335, 151643]]","[-0.008262972347438335, -0.06436142325401306, -0.0016030330443754792]",9.284028053283691,True,0.0,-0.07422742864582688,-0.024742476215275627,3.0,-0.0726243956014514,-0.0363121978007257,2.0,0.0007867590485293437,1,2,2,2,1.0,-1.8062955262635705,-1.0163363961316199,False,1,0.3333333333333333,0.0,1.0,0.0,0.9589980398511249
~/anvil/data/cve-targets/libtiff_repo_libtiff_tif_dirread.c,5699,5652,5716,newoffsets[i] = offset;,newoffsets[i] = offset;,        newoffsets[i] = offset;,0.0222747512161731,"[[286, 501, 3176, 82, 989, 60, 284, 4347, 26, 151643]]","[-0.013075679540634155, -0.06150016188621521, -0.0009266611887142062, -2.9802276912960224e-06, -0.00021217002358753234, -0.00037126801908016205, -0.0007213136414065957, -0.008139770478010178, -0.1060018315911293, -0.3186633288860321]",7.576387882232666,True,0.0,-0.5096151654825007,-0.050961516548250076,10.0,-0.19095183659646864,-0.02121687073294096,9.0,0.0012451165441749476,1,12,12,12,1.0,-1.0498603444658636,-1.0268404991783078,False,8,0.8,0.0,1.0,0.0,1.0402986350464392
~/anvil/data/cve-targets/poppler_repo_poppler_XRef.cc,1483,1472,1489,gen = -1;,gen = 0;,        gen = 0;,1.7409753799438477,"[[286, 4081, 284, 220, 15, 26, 151643]]","[-0.0029103087726980448, -0.726329505443573, -0.06312281638383865, -0.035412032157182693, -0.037826791405677795, -0.09682074189186096, -0.2928043305873871]",8.26475715637207,False,0.0,-1.2552265266422182,-0.1793180752346026,7.0,-0.9624221960548311,-0.16040369934247187,6.0,0.06487176066280421,0,7,7,7,1.0,-10.853710899938518,-1.009320547790994,True,5,0.7142857142857143,2.0,0.8235294117647058,1.0,2.15174474994603
~/anvil/data/cve-targets/poppler_repo_poppler_FileSpec.cc,121,88,122,desc = obj1.getString()->copy();,desc = obj1.getString()->copy();,"        desc = obj1.getString()->copy();
    obj1 =",0.1072631180286407,"[[286, 6560, 284, 2839, 16, 7109, 2759, 8560, 543, 262, 2839, 16, 284]]","[-0.10294204205274582, -0.0021893836092203856, -0.0003040566807612777, -0.02069195918738842, -3.6477376852417365e-05, -0.0008914072532206774, -0.012683321721851826, -0.02705398015677929, -0.5000144839286804, -0.3829403221607208, -0.6001662611961365, -0.0010985060362145305, -0.0216788612306118]",9.525001525878906,True,1.0,-1.6726910625911842,-0.12866854327624494,13.0,-1.0497474341282214,-0.10497474341282213,10.0,0.02983844944069116,1,21,23,21,0.9130434782608695,-1.0217992875373778,-1.0224776287525743,False,8,0.6153846153846154,0.0,1.0,0.0,1.1606543318313332
~/anvil/data/cve-targets/php_repo_ext_phar_util.c,1391,1252,1478,PHP_SHA256_CTX context;,PHP_SHA256_CTX context;,			PHP_SHA256_CTX context;,0.023348219692707,"[[298, 10025, 6610, 38096, 17, 20, 21, 44233, 2266, 26, 151643]]","[-0.0008335214806720614, -0.0013384203193709254, -8.880697714630514e-05, -1.2755313036905136e-05, -0.00028308198670856655, -2.3841574147809297e-05, -1.9073468138230965e-06, -0.000491021724883467, -0.1637790948152542, -0.0033391928300261497, -0.5775390863418579]",11.0848970413208,True,0.0,-0.7477307307099181,-0.06797552097362893,11.0,-0.17019164436806022,-0.01701916443680602,10.0,0.002394103851218109,1,5,5,5,1.0,-1.3718781423965576,-1.0631392815249527,False,8,0.7272727272727273,0.0,1.0,0.0,0.8594800363932658
~/anvil/data/cve-targets/lua_repo_ldebug.c,754,747,794,lu_byte mask = L->hookmask;,lu_byte mask = L->hookmask;,  lu_byte mask = L->hookmask;,0.0916903242468833,"[[220, 24743, 19737, 6911, 284, 444, 405, 20873, 11258, 26, 151643]]","[-0.0027465024031698704, -0.5070226192474365, -0.0021997320000082254, -0.007138343527913094, -0.023453325033187866, -0.09243692457675934, -0.00019596086349338293, -0.0038607600145041943, -7.521823135903105e-05, -0.16166512668132782, -0.1965709924697876]",9.596528053283691,True,0.0,-0.9973655050489469,-0.09066959136808608,11.0,-0.8007945125791593,-0.08007945125791593,10.0,0.02282532955270302,1,11,11,11,1.0,-1.1449919149866754,-1.0243076212809312,False,9,0.8181818181818182,0.0,1.0,0.0,1.0408271675160872
~/anvil/data/cve-targets/php_repo_ext_exif_exif.c,2970,2908,2994,},},	},0.400640606880188,"[[197, 92, 151643]]","[-0.002441046992316842, -0.4006248116493225, -0.028698360547423363]",11.197917938232422,True,0.0,-0.4317642191890627,-0.14392140639635423,3.0,-0.40306585864163935,-0.20153292932081968,2.0,0.03963757760910642,1,2,2,2,1.0,-1.9879659777207395,-1.0661474532304231,False,1,0.3333333333333333,0.0,1.0,0.0,0.8431896582276518
~/anvil/data/cve-targets/openssl_repo_ssl_statem_extensions_srvr.c,284,256,335,if (PACKET_remaining(&responder_id_list) > 0 && s->ext.ocsp.ids == NULL) {,if (PACKET_remaining(&responder_id_list) > 0) {,"    if (PACKET_remaining(&responder_id_list) > 0) {
        if (s->ext.ocsp.ids != NULL) {
            SSLfatal(s, SSL_AD_INTERNAL_ERROR",0.221255362033844,"[[262, 421, 320, 17279, 1348, 59244, 2099, 416, 20328, 842, 2019, 8, 861, 220, 15, 8, 341, 286, 421, 320, 82, 405, 427, 77984, 2154, 56202, 961, 1770, 8, 341, 310, 25316, 74394, 1141, 11, 25316, 22510, 31752, 5414]]","[-0.015198259614408016, -0.06062484532594681, -0.1342751830816269, -0.24276083707809448, -1.2397689715726301e-05, -0.0005324853118509054, -0.1014246791601181, -9.83428253675811e-05, -4.6491513785440475e-06, -1.311301275563892e-06, -9.179073458653875e-06, -0.005280950106680393, -0.3743738830089569, -0.0036075529642403126, -0.0009972843108698726, -0.07940112054347992, -0.3873274028301239, -0.0011931689223274589, -0.27505072951316833, -0.041861340403556824, -0.014601750299334526, -1.9788545614574105e-05, -0.0004166688595432788, -4.768360213347478e-06, -8.344646857949556e-07, -0.00016675988445058465, -0.030701836571097374, -0.00024482590379193425, -0.05924780294299126, -0.06910231709480286, -0.0025027638766914606, -0.3665037453174591, -0.00022921319759916514, -0.0004655231023207307, -0.00028320116689428687, -0.0009465504554100335, -6.758938252460212e-05, -0.20371955633163452, -1.0847986231965479e-05]",11.288888931274414,False,2.0,-2.4732719459599366,-0.06341722938358811,39.0,-1.40712353229992,-0.07817352957221778,18.0,0.015426813001937906,1,36,41,20,0.8780487804878049,-2.830310505929571,-1.0685749248666727,True,25,0.6410256410256411,27.0,0.7768595041322314,16.0,2.210319046945312
~/anvil/data/cve-targets/libtiff_repo_libtiff_tif_dir.c,113,82,118,},},	},0.2817803919315338,"[[197, 92, 151643]]","[-0.008695358410477638, -0.281267374753952, -0.008391478098928928]",7.471528053283691,True,0.0,-0.2983542112633586,-0.09945140375445287,3.0,-0.28996273316442966,-0.14498136658221483,2.0,0.018573876023386816,1,2,2,2,1.0,-1.9435628079263836,-1.0295358885881432,False,1,0.3333333333333333,0.0,1.0,0.0,0.9371569023096221
~/anvil/data/cve-targets/poppler_repo_splash_SplashXPathScanner.cc,283,203,293,"if (!addIntersection(segYMin, segYMax, y, x0, x1, count))","if (!addIntersection(segYMin, segYMax, y, x0, x1, count))","                if (!addIntersection(segYMin, segYMax, y, x0, x1, count))",0.0173334442079067,"[[394, 421, 1505, 718, 72927, 68915, 56, 6217, 11, 4810, 56, 5974, 11, 379, 11, 856, 15, 11, 856, 16, 11, 1760, 593, 151643]]","[-0.007462009321898222, -0.0621543787419796, -0.03536704182624817, -0.0015561387408524752, -0.0006384003208950162, -0.0032511495519429445, -0.0017692878609523177, -0.00030393750057555735, -0.00021479207498487085, -0.00012170527770649642, -0.0002019201492657885, -7.557583012385294e-05, -0.00034457468427717686, -0.0009899006690829992, -0.0005617947317659855, -0.005519744474440813, -0.0003120412293355912, -0.0006182666402310133, -0.0016676579834893346, -0.0012003129813820124, -0.001503052655607462, -0.003985083196312189, -0.05707661435008049, -0.7077396512031555]",11.955729484558104,True,0.0,-0.8946350319965859,-0.03727645966652441,24.0,-0.18689538079343038,-0.008125886121453495,23.0,0.00030348599903071285,0,26,26,26,1.0,-2.1331143396341647,-1.0865384714486659,False,22,0.9166666666666666,0.0,1.0,0.0,1.0323672331069047
~/anvil/data/cve-targets/libxml2_repo_valid.c,713,599,739,"xmlValidBuildAContentModel(content, ctxt, name);","xmlValidBuildAContentModel(content, ctxt, name);","	    xmlValidBuildAContentModel(content, ctxt, name);",0.0043804985471069,"[[2760, 8396, 4088, 11066, 32, 2762, 1712, 15063, 11, 59162, 11, 829, 1215, 151643]]","[-0.007681592833250761, -0.02014475129544735, -0.0010536124464124441, -1.8715683836489916e-05, -3.290122185717337e-05, -8.34461570775602e-06, -1.0728830375228426e-06, -9.500529267825186e-05, -0.004125181119889021, -0.0002656822034623474, -9.131014667218551e-05, -0.00047874910524114966, -0.029856868088245392, -0.6378369331359863]",8.400869369506836,True,0.0,-0.7016907200717242,-0.05012076571940887,14.0,-0.06385378693573784,-0.004911829764287527,13.0,8.161979902417649e-05,0,13,13,13,1.0,-0.8918262149385183,-1.0058918633342258,False,12,0.8571428571428571,0.0,1.0,0.0,1.108909129956912
~/anvil/data/cve-targets/php_repo_ext_phar_phar.c,2299,2285,2321,"written = php_stream_write(newfile, ZSTR_VAL(newstub), phar->halt_offset);","php_stream_write(newfile, ZSTR_VAL(newstub), ZSTR_LEN(newstub));","			php_stream_write(newfile, ZSTR_VAL(newstub), ZSTR_LEN(newstub));
			written = ZSTR_LEN(newstub);",0.1884541660547256,"[[298, 197, 1208, 12673, 9165, 1755, 1192, 11, 1863, 6666, 6096, 1755, 59398, 701, 1863, 6666, 15536, 1755, 59398, 1106, 298, 6692, 12153, 284, 1863, 6666, 15536, 1755, 59398, 1215, 151643]]","[-0.4244145154953003, -1.199736475944519, -0.1694064736366272, -0.002232323167845607, -0.027585245668888092, -0.25756198167800903, -5.61460001335945e-05, -0.000674616196192801, -0.01859155111014843, -0.00027426297310739756, -0.00036638224264606833, -0.0034196253400295973, -2.6940935640595853e-05, -0.004153791815042496, -0.4180838167667389, -2.52720492426306e-05, -0.0008298290777020156, -9.357491217087954e-05, -1.585470999998506e-05, -0.40494102239608765, -0.040798380970954895, -0.4094514548778534, -0.0001070442158379592, -0.0017383478116244078, -0.10850003361701965, -7.73638384998776e-05, -0.0004345426568761468, -0.0001517419150331989, -1.7762025890988298e-05, -0.1649002730846405, -0.019575266167521477]",9.135590553283691,False,1.0,-3.678241913297825,-0.11865296494509112,31.0,-2.973288083087027,-0.14158514681366796,21.0,0.0778636332059394,0,24,34,23,0.7058823529411765,-1.33103062217917,-1.0125718246515152,True,20,0.6451612903225806,27.0,0.7246376811594203,9.0,2.228040619516124
~/anvil/data/cve-targets/poppler_repo_poppler_Parser.cc,270,188,287,"str = baseStr->makeSubStream(pos, true, length, std::move(dict));","str = new BaseStream(baseStr, pos, length, &dict);","    str = new BaseStream(baseStr, pos, length, &dict);",0.645214855670929,"[[262, 607, 284, 501, 5351, 3027, 12663, 2580, 11, 1133, 11, 3084, 11, 609, 8477, 1215, 151643]]","[-0.012489557266235352, -0.6410723924636841, -0.02479434758424759, -0.20149929821491241, -1.1748549938201904, -0.000321336614433676, -0.16707955300807953, -0.00042298430344089866, -0.052391353994607925, -0.18685971200466156, -0.007066022139042616, -0.04069159924983978, -0.7080222964286804, -1.5348808765411377, -0.018813500180840492, -0.6083983182907104, -0.03714554384350777]",9.812499046325684,False,0.0,-5.416803685948253,-0.3186355109381325,17.0,-5.379658142104745,-0.33622863388154656,16.0,0.20742350099225476,0,29,21,21,1.380952380952381,-1.9189765256525961,-1.0298530969363162,True,19,1.1176470588235294,33.0,0.6434782608695653,15.0,2.268326590214911
~/anvil/data/cve-targets/poppler_repo_poppler_FileSpec.cc,85,79,91,int c;,int c;,    int c;,0.3013952374458313,"[[262, 526, 272, 26, 151643]]","[-0.00488160690292716, -0.42062774300575256, -0.0484352670609951, -0.184723362326622, -0.2793142795562744]",6.94027853012085,True,0.0,-0.9379822588525712,-0.18759645177051426,5.0,-0.6586679792962968,-0.1646669948240742,4.0,0.02623983680475595,1,5,5,5,1.0,-1.83033180248315,-1.0433006037341817,False,3,0.6,0.0,1.0,0.0,0.9341782328617554
~/anvil/data/cve-targets/libtiff_repo_libtiff_tif_predict.c,511,502,521,tmsize_t wc = cc/4;,tmsize_t wc = cc / 4;,	tmsize_t wc = cc / 4;,0.2430363446474075,"[[3244, 1011, 551, 528, 26548, 284, 12527, 608, 220, 19, 26, 151643]]","[-0.23941686749458313, -0.0023475727066397667, -3.421248038648628e-05, -6.9141146923357155e-06, -0.012062696740031242, -0.03562188148498535, -0.08378992974758148, -0.3541947901248932, -0.8229831457138062, -0.01526130735874176, -0.304178386926651, -0.20479491353034973]",3.287501335144043,False,0.0,-2.0746926184233416,-0.17289105153527848,12.0,-1.869897704892992,-0.16999070044481746,11.0,0.05849168305621797,1,11,11,11,1.0,-1.4297037662145653,-1.1430598836024646,True,10,0.8333333333333334,2.0,0.95,0.0,1.719775571213294
~/anvil/data/cve-targets/libsndfile_repo_src_common.c,596,470,684,"header_put_be_int (psf, size) ;","header_put_be_int (psf, size) ;","						header_put_be_int (psf, size) ;",0.019063577055931,"[[1144, 20883, 15557, 21263, 4042, 320, 1690, 69, 11, 1379, 8, 2587, 151664, 151659, 13437, 14, 1690, 69]]","[-0.010269067250192165, -0.0008212531101889908, -1.3708974620385561e-05, -0.002614653203636408, -0.01975971646606922, -0.0002873722987715155, -1.5497195136049413e-06, -2.3841855067985307e-07, -3.3854863431770355e-05, -0.02097601443529129, -0.18660187721252441, -0.00920551735907793, -0.434391051530838, -0.7559450268745422, -1.39952552318573, -1.807396650314331, -3.46761155128479, -0.14249315857887268]",12.413888931274414,True,0.0,-0.6849758748427064,-0.05269045191097742,13.0,-0.2505848233118684,-0.020882068609322364,12.0,0.0025513133968551286,1,11,11,11,1.0,-0.9129161201692664,-1.0990552145296397,False,11,0.8461538461538461,0.0,1.0,0.0,0.8270855702067649
~/anvil/data/cve-targets/libsndfile_repo_src_alaw.c,308,301,313,if (ptr [i] >= 0),if (ptr [i] >= 0),		if (ptr [i] >= 0),0.0364059060811996,"[[197, 743, 320, 3505, 508, 72, 60, 2604, 220, 15, 8, 151643]]","[-0.009764999151229858, -0.011756893247365952, -0.019582046195864677, -0.09139181673526764, -0.0043462105095386505, -0.000388665939681232, -0.002403705846518278, -0.14886774122714996, -0.0028679927345365286, -0.0022646752186119556, -0.027954643592238426, -0.06507565081119537]",5.764583587646484,True,0.0,-0.38666504120919853,-0.03222208676743321,12.0,-0.32158939039800316,-0.029235399127091197,11.0,0.002049904116794184,1,17,17,17,1.0,-1.2452679685656762,-1.0744207925315292,False,10,0.8333333333333334,0.0,1.0,0.0,0.9652519677482886
~/anvil/data/cve-targets/libsndfile_repo_src_wavlike.c,416,409,457,int format = 0 ;,int format ;,"	int format ;
",0.5639211535453796,"[[2084, 3561, 4386, 151643]]","[-0.1906779259443283, -0.08220015466213226, -0.7599462270736694, -0.6247026920318604]",2.7932288646698,False,1.0,-1.6575269997119904,-0.4143817499279976,4.0,-1.03282430768013,-0.34427476922671,3.0,0.08835261824470035,0,8,5,5,1.6,-1.6379973322239865,-1.157272087340895,True,6,1.5,4.0,0.8571428571428572,3.0,1.668286091845512
~/anvil/data/cve-targets/libsndfile_repo_src_ulaw.c,555,400,705,"0x8a, 0x8a, 0x8a, 0x8a, 0x8a, 0x8a, 0x8a, 0x8a, 0x8a, 0x8a, 0x8a, 0x8a,","0x8a, 0x8a, 0x8a, 0x8a, 0x8a, 0x8a, 0x8a, 0x8a, 0x8a, 0x8a, 0x8a, 0x8a,","	0x8a, 0x8a, 0x8a, 0x8a, 0x8a, 0x8a, 0x8a, 0x8a, 0x8a, 0x8a, 0x8a, 0x8a,
	0x8a, 0x8a, 0x8a, 0x8a, 0x8a, 0x8a,",0.0205175299197435,"[[197, 15, 87, 23, 64, 11, 220, 15, 87, 23, 64, 11, 220, 15, 87, 23, 64, 11, 220, 15, 87, 23, 64, 11, 220, 15, 87, 23, 64, 11, 220, 15, 87, 23, 64, 11, 220, 15, 87, 23, 64, 11, 220, 15, 87, 23, 64, 11, 220, 15, 87, 23, 64, 11, 220, 15, 87, 23, 64, 11, 220, 15, 87, 23, 64, 11, 220, 15, 87, 23, 64, 345, 197, 15, 87, 23, 64, 11, 220, 15, 87, 23, 64, 11, 220, 15, 87, 23, 64, 11, 220, 15, 87, 23, 64, 11, 220, 15, 87, 23, 64, 11, 220, 15, 87, 23, 64, 11]]","[-0.0018434212543070316, -6.687417771900073e-05, -2.4676019165781327e-05, -3.015949550899677e-05, -0.0002867764269467443, -2.2411095415009186e-05, -3.4689302992774174e-05, -7.390948667307384e-06, -3.2543604902457446e-05, -6.437280717364047e-06, -0.00016699827392585576, -4.339123915997334e-05, -3.838465272565372e-05, -1.490105023549404e-05, -3.2543604902457446e-05, -4.529942543740617e-06, -0.0001811817055568099, -3.671578815556131e-05, -3.528532761265524e-05, -9.179073458653875e-06, -3.373566141817719e-05, -5.960446742392378e-06, -0.00032729512895457447, -0.00019429226813372225, -0.0006181474891491234, -1.4066597032069694e-05, -5.94836674281396e-05, -5.960446742392378e-06, -0.00015686711412854493, -9.047575440490618e-05, -0.0005589353386312723, -2.002696055569686e-05, -2.825220326485578e-05, -5.602820692729438e-06, -0.0001387499796692282, -0.0003240775258745998, -0.0014321081107482314, -2.9444261599564925e-05, -1.3470558769768104e-05, -3.4570634852570947e-06, -6.878139538457617e-05, -0.0001250427303602919, -0.0002445875434204936, -9.179073458653875e-06, -3.9219088648678735e-05, -2.9802276912960224e-06, -0.000176652567461133, -0.0005899119423702359, -0.0008814025786705315, -1.0847986231965479e-05, -2.4437606043647975e-05, -2.861018856492592e-06, -0.00010442188795423135, -0.00017295771976932883, -0.0003332536434754729, -3.814689989667386e-06, -2.8490614567999728e-05, -3.4570634852570947e-06, -0.00011050090688513592, -0.0015290009323507547, -0.0017996320966631174, -7.152531907195225e-06, -1.1086402082582936e-05, -3.6954811548639555e-06, -8.475421054754406e-05, -0.0009305914281867445, -0.00020144341397099197, -6.556489552167477e-06, -1.2993727978027891e-05, -7.986990567587782e-06, -0.0007967158453539014, -0.3486027419567108, -0.00030250742565840483, -2.47952248173533e-05, -7.033323527139146e-06, -4.410734163684538e-06, -0.00012766500003635883, -8.940656698541716e-06, -1.5258672647178173e-05, -5.364403477869928e-06, -2.0146166207268834e-05, -3.2186455882765586e-06, -8.463501580990851e-05, -2.3841574147809297e-05, -2.098061486321967e-05, -2.9802276912960224e-06, -1.4662635294371285e-05, -3.3378546504536644e-06, -7.64102369430475e-05, -3.7431014789035544e-05, -2.52720492426306e-05, -3.576272320060525e-06, -1.680836794548668e-05, -4.529942543740617e-06, -0.00013565097469836473, -0.00015352977789007127, -9.381330892210826e-05, -6.9141146923357155e-06, -1.9907753085135482e-05, -4.0531076592742465e-06, -8.606540359323844e-05, -0.00019500737835187465, -0.00010287232726113871, -7.748573807475623e-06, -2.8371408916427754e-05, -4.0531076592742465e-06, -9.202533692587167e-05, -0.0002791491860989481]",10.40208339691162,True,1.0,-0.36594901927242063,-0.0033884168451150058,108.0,-0.36420855887945436,-0.004989158340814443,73.0,0.0016400275350273875,0,25,37,25,0.6756756756756757,-4.112423081844735,-1.0451451512625791,False,71,0.6574074074074074,0.0,1.0,0.0,1.1367965468872754
~/anvil/data/cve-targets/libsndfile_repo_src_common.c,1264,1258,1275,BUF_UNION	ubuf ;,union,"	union
	{	int ibuf [1024",1.5821847915649414,"[[73924, 198, 197, 90, 2084, 18668, 1704, 508, 16, 15, 17, 19]]","[-0.9547935128211975, -0.37691497802734375, -0.000809818331617862, -0.015664156526327133, -0.5569186210632324, -0.7339063286781311, -2.6702524337451905e-05, -0.0533740371465683, -1.1583757400512695, -0.503434419631958, -0.09543200582265854, -0.006104988511651754]",0.7480900883674622,False,1.0,-4.455755309136293,-0.37131294242802443,12.0,-1.3325183091801591,-0.4441727697267197,3.0,0.15394262016413626,0,5,7,2,0.7142857142857143,-3.5620931750012303,-1.2179803744330042,True,7,0.5833333333333334,15.0,0.09523809523809523,4.0,1.5354041587348288
~/anvil/data/cve-targets/php_repo_ext_standard_dns.c,502,391,729,cp += n;,cp += n;,"			cp += n;
			",0.2956464886665344,"[[298, 52018, 1421, 308, 280, 298, 197]]","[-0.002878928557038307, -0.030551422387361526, -0.007254922762513161, -0.0026622111909091473, -0.3917587101459503, -0.0034937553573399782, -0.7199971675872803]",10.14670181274414,True,1.0,-1.1585971179883927,-0.1655138739983418,7.0,-1.1585971179883927,-0.1655138739983418,7.0,0.06873150230658451,1,7,7,7,1.0,-1.7862338758954814,-1.038493636675636,False,4,0.5714285714285714,0.0,1.0,0.0,0.9699275569637585
~/anvil/data/cve-targets/libtiff_repo_libtiff_tif_jbig.c,98,39,108,"TIFFWarningExt(tif->tif_clientdata, ""JBIG"",","TIFFWarningExt(tif->tif_clientdata, ""JBIG"",","	    TIFFWarningExt(tif->tif_clientdata, ""JBIG"",",0.0168056786060333,"[[2760, 74121, 12087, 6756, 1155, 333, 405, 84340, 8179, 691, 11, 330, 46107, 1914, 497, 151643]]","[-0.07904782146215439, -0.058782558888196945, -0.20380240678787231, -0.0006827168981544673, -0.0021308590658009052, -1.7881377516459906e-06, -1.585470999998506e-05, -7.271740287251305e-06, -2.753696753643453e-05, -6.318072337307967e-06, -0.008497155271470547, -0.001128989621065557, -0.005818809382617474, -6.318072337307967e-06, -0.006726834923028946, -0.0308151226490736]",5.058332443237305,True,0.0,-0.3974983626496851,-0.024843647665605317,16.0,-0.3666832400006115,-0.0244455493333741,15.0,0.0028288792007336197,1,13,13,13,1.0,-0.6874739600590393,-1.0935595276119896,False,15,0.9375,0.0,1.0,0.0,0.8650002356494252
~/anvil/data/cve-targets/libpng_repo_pngrutil.c,2655,2647,3067,png_uint_32 row_width = png_ptr->width;,unsigned int row_width = png_ptr->width;,   unsigned int row_width = png_ptr->width;,0.2774134874343872,"[[256, 3774, 526, 2802, 7927, 284, 36151, 4348, 405, 3098, 26, 151643]]","[-0.02203960344195366, -0.7313740253448486, -0.0006053998949937522, -0.00189482350833714, -5.876845170860179e-05, -0.0012500813463702798, -0.01283068023622036, -0.00012396997772157192, -5.483612312673358e-06, -0.08757205307483673, -0.005630230065435171, -0.012865632772445679]",10.057117462158203,False,0.0,-0.8762507517271843,-0.07302089597726535,12.0,-0.8633851189547386,-0.07848955626861259,11.0,0.04322706572180641,1,11,13,13,0.8461538461538461,-3.534399996924468,-1.0361704197444814,True,13,1.0833333333333333,10.0,0.8354430379746836,3.0,2.0206025057815777
~/anvil/data/cve-targets/libxml2_repo_parser.c,6689,6634,7035,},},    },0.1236085593700409,"[[262, 335, 151643]]","[-0.0062719183042645454, -0.051814932376146317, -0.012239115312695503]",9.826388359069824,True,0.0,-0.07032596599310637,-0.02344198866436879,3.0,-0.05808685068041086,-0.02904342534020543,2.0,0.0005185415326879053,0,2,2,2,1.0,-4.255991086524045,-1.0302107578221182,False,1,0.3333333333333333,0.0,1.0,0.0,0.9242890677683369
~/anvil/data/cve-targets/libsndfile_repo_src_alaw.c,327,320,332,if (ptr [i] >= 0),if (ptr [i] >= 0.0),		if (ptr [i] >= 0.0),0.138102188706398,"[[197, 743, 320, 3505, 508, 72, 60, 2604, 220, 15, 13, 15, 8, 151643]]","[-0.003161315806210041, -0.0027455512899905443, -0.014683043584227562, -0.03838586434721947, -0.0025813612155616283, -0.0003849719068966806, -0.0003477922291494906, -0.15056990087032318, -0.003513831179589033, -0.0004951919545419514, -0.48560699820518494, -0.00020692592079285532, -0.039229616522789, -0.23739337921142578]",7.6972222328186035,False,0.0,-0.9793057442439022,-0.06995041030313587,14.0,-0.7419123650324764,-0.05707018192557511,13.0,0.016877654374832737,1,17,17,17,1.0,-2.4198659272980114,-1.0237432396036943,True,10,0.7142857142857143,2.0,0.9444444444444444,1.0,2.113807637515355
~/anvil/data/cve-targets/libsndfile_repo_src_common.c,599,470,684,"memcpy (&(psf->header.ptr [psf->header.indx]), strptr, size) ;","memcpy (&(psf->header.ptr [psf->header.indx]), strptr, size) ;","					memcpy (&(psf->header.ptr [psf->header.indx]), strptr, size) ;",0.0238640774041414,"[[464, 25497, 15899, 7, 1690, 69, 405, 2708, 38740, 508, 1690, 69, 405, 2708, 28473, 87, 9719, 607, 3505, 11, 1379, 8, 2587, 151664, 151659, 13437, 14, 1690, 69, 520, 198, 3284, 334, 2955]]","[-0.026180261746048927, -0.056208912283182144, -0.008176425471901894, -0.0042596799321472645, -4.529942543740617e-06, -8.344646857949556e-07, -1.9073468138230965e-06, -4.887569048150908e-06, -1.1801649634435307e-05, -0.0009482178138568997, -1.6569954823353328e-05, -4.768370445162873e-07, -1.311301275563892e-06, -3.099436753473128e-06, -1.9430925021879375e-05, -9.536738616588991e-07, -0.005040675401687622, -0.00033468366018496454, -8.344646857949556e-07, -0.0014211564557626843, -0.1076907217502594, -0.30128636956214905, -0.10201788693666458, -0.19309058785438538, -0.7067922949790955, -1.4681967496871948, -1.7461637258529663, -3.3788187503814697, -0.15299351513385773, -2.4693570137023926, -0.05062573030591011, -1.182846188545227, -0.4777557849884033, -0.1801648586988449]",7.686806678771973,True,0.0,-0.806722216434423,-0.03361342568476763,24.0,-0.6136316285800376,-0.026679636025219028,23.0,0.0043637058954524,1,35,35,35,1.0,-0.8944678773572393,-1.0240098456388567,False,22,0.9166666666666666,0.0,1.0,0.0,1.3096759360097106
~/anvil/data/cve-targets/openssl_repo_crypto_asn1_a_type.c,125,-30,275,},},"}
",3.336258888244629,[[532]],[-0.08625898510217667],5.991147041320801,True,1.0,-0.08625898510217667,-0.08625898510217667,1.0,-0.08625898510217667,-0.08625898510217667,1.0,0.0,0,2,2,2,1.0,-38.67723326784703,-1.0683523826178192,False,1,1.0,0.0,1.0,0.0,1.0408849648678808
~/anvil/data/cve-targets/lua_repo_ldebug.c,80,74,81,"return luaG_getfuncline(ci_func(ci)->p, currentpc(ci));","return getline(ci->func, ci->u.l.base_ci->u.l.savedpc);","  return getline(ci->func, ci->u.l.base_ci->u.l.savedpc);
}",0.7569194436073303,"[[220, 470, 55198, 77434, 405, 2830, 11, 11825, 405, 84, 918, 8928, 43514, 405, 84, 918, 81346, 3992, 317, 92, 151643]]","[-0.05217922106385231, -1.2277777194976807, -1.0303726196289062, -0.13698068261146545, -0.6021304130554199, -0.7675836086273193, -0.11112621426582336, -0.6085308194160461, -0.034590497612953186, -0.06724371761083603, -0.028756510466337204, -0.7150788903236389, -0.8205744028091431, -1.7994909286499023, -0.7113185524940491, -0.008935465477406979, -0.32953500747680664, -0.0021766559220850468, -0.9446099996566772, -0.7674874067306519, -0.03829878568649292]",3.4696176052093506,False,1.0,-10.804778119083494,-0.5145132437658807,21.0,-9.99899192666635,-0.5262627329824394,19.0,0.24206488491778477,0,25,34,33,0.7352941176470589,-1.4382919332283168,-1.1378674678028113,True,16,0.7619047619047619,37.0,0.5818181818181818,27.0,1.9290483499316142
~/anvil/data/cve-targets/libxml2_repo_valid.c,1205,1186,1278,case XML_ELEMENT_CONTENT_ELEMENT: {,case XML_ELEMENT_CONTENT_ELEMENT: {,        case XML_ELEMENT_CONTENT_ELEMENT: {,0.133848950266838,"[[286, 1142, 11874, 27156, 25560, 27156, 25, 314, 151664, 151659]]","[-0.169889897108078, -0.03852546587586403, -0.00015853578224778175, -8.821448318485636e-06, -8.785339014139026e-05, -0.002314747544005513, -0.29112905263900757, -0.5795313119888306, -0.5979788303375244, -0.6672312617301941]",8.510415077209473,True,0.0,-1.6796245161140178,-0.18662494623489087,9.0,-1.0816456857764933,-0.13520571072206167,8.0,0.038090021602160906,1,6,6,6,1.0,-0.9899652133924082,-1.003140853668871,False,7,0.7777777777777778,0.0,1.0,0.0,1.046034994511433
~/anvil/data/cve-targets/libsndfile_repo_src_flac.c,8,-147,158,** (at your option) any later version.,** (at your option) any later version.,** (at your option) any later version.,0.0019810986705124,"[[334, 320, 266, 697, 2999, 8, 894, 2937, 2319, 13, 151643]]","[-0.0006246999255381525, -0.005442326422780752, -0.0010971962474286556, -0.0007831366965547204, -5.7338023907504976e-05, -0.0019192148465663195, -0.00043883229955099523, -0.00010156115604331717, -8.129743218887597e-05, -0.008662385866045952, -0.06402569264173508]",14.94600772857666,True,0.0,-0.08323368155834032,-0.007566698323485484,11.0,-0.019207988916605245,-0.0019207988916605245,10.0,7.386472565444953e-06,0,16,16,16,1.0,-1.0313930724937823,-1.1708779883638774,False,10,0.9090909090909091,0.0,1.0,0.0,0.6821854064276496
~/anvil/data/cve-targets/sqlite3_repo_src_expr.c,5438,5367,5449,if( (pLeft->op==TK_COLUMN && IsVirtual(pLeft->y.pTab)),if( (pLeft->op==TK_COLUMN && pLeft->y.pTab!=0) && (pRight->op!=TK_COLUMN ||,      if( (pLeft->op==TK_COLUMN && pLeft->y.pTab!=0) && (pRight->op!=TK_COLUMN ||,0.1175027936697006,"[[414, 421, 7, 320, 79, 5415, 405, 453, 418, 15778, 36183, 1009, 281, 5415, 405, 88, 556, 8582, 5824, 15, 8, 1009, 320, 79, 5979, 405, 453, 5824, 15778, 36183, 1369]]","[-0.001738585764542222, -0.016495633870363235, -0.01828153431415558, -0.3690985143184662, -0.10036434233188629, -0.008007329888641834, -2.8967437174287625e-05, -0.000647692708298564, -0.005844172090291977, -7.86750388215296e-05, -0.0004010588163509965, -0.026003148406744003, -0.3175530433654785, -0.002298215636983514, -2.777537883957848e-05, -0.0005994430393911898, -4.0411134250462055e-05, -8.666139910928905e-05, -0.00615214416757226, -5.364274329622276e-05, -0.15110792219638824, -0.9539321064949036, -0.5816422700881958, -0.07152263075113297, -0.005514172837138176, -0.002994698006659746, -0.005375099368393421, -0.3132803738117218, -0.00010168035078095272, -0.04353567212820053, -0.4202211797237396]",9.85850715637207,False,0.0,-3.4230287976079126,-0.11042028379380363,31.0,-3.4230287976079126,-0.11042028379380363,31.0,0.04592064696406964,1,27,35,35,0.7714285714285715,-1.0641413844681171,-1.0310383182934684,True,20,0.6451612903225806,39.0,0.6666666666666667,16.0,2.205645405137885
~/anvil/data/cve-targets/openssl_repo_crypto_x509_v3_addr.c,77,68,78,: 0);,: 0);,            : 0);,0.0380070023238658,"[[310, 549, 220, 15, 1215, 151664, 151659]]","[-0.03152760863304138, -0.0005575056420639157, -0.2898482382297516, -0.010112126357853413, -0.11314315348863602, -0.5089666247367859, -0.6873217821121216]",4.108333110809326,True,0.0,-0.9541552570881322,-0.15902587618135536,6.0,-0.4451886323513463,-0.08903772647026927,5.0,0.011654269345881558,1,6,6,6,1.0,-0.4268640252910858,-1.1198424218724825,False,4,0.6666666666666666,0.0,1.0,0.0,0.7135441001678656
~/anvil/data/cve-targets/poppler_repo_poppler_Stream.cc,1341,1334,1352,return pred->lookChar();,return pred->lookChar();,        return pred->lookChar();,0.1776086241006851,"[[286, 470, 4162, 405, 7201, 4768, 2129, 151643]]","[-0.003983065020292997, -0.36798757314682007, -0.10051755607128143, -0.02142137475311756, -0.17004407942295074, -0.007102952804416418, -0.0817975401878357, -0.714738667011261]",7.156423568725586,True,0.0,-1.467592808417976,-0.183449101052247,8.0,-0.7528541414067149,-0.1075505916295307,7.0,0.014382820474197913,0,12,12,12,1.0,-1.6513960677452768,-1.0376782018615767,False,6,0.75,0.0,1.0,0.0,1.0208258273379704
~/anvil/data/cve-targets/libsndfile_repo_src_aiff.c,1425,1408,1432,{    size_t chanmap_size = psf->sf.channels * sizeof (psf->channel_map [0]) ;,{	int chanmap_size = map_info->channel_count * sizeof (int) ;,		{	int chanmap_size = map_info->channel_count * sizeof (int) ;,0.420969694852829,"[[197, 197, 90, 2084, 26023, 2186, 2368, 284, 2415, 3109, 405, 10119, 3180, 353, 3935, 320, 396, 8, 2587, 151664, 151659, 13437, 14, 16108, 14, 16108, 520, 198, 3284, 334, 2955, 320, 34, 8, 220, 17, 15, 15, 19]]","[-0.0009014118695631623, -0.023879891261458397, -0.06427076458930969, -0.7105721235275269, -0.11192092299461365, -0.006963745225220919, -0.01254818495362997, -0.3375129699707031, -1.0380117893218994, -0.00021872512297704816, -0.0006009918288327754, -1.0022451877593994, -0.18748342990875244, -0.07413547486066818, -0.03212692216038704, -0.0481165312230587, -0.7903091311454773, -0.01584475114941597, -0.2721201777458191, -0.5094994306564331, -0.7361068725585938, -1.3761820793151855, -1.6789634227752686, -2.8068039417266846, -1.12380850315094, -0.24468697607517242, -2.2981505393981934, -0.06919921189546585, -0.7043898105621338, -0.30864834785461426, -0.10748165845870972, -0.07437586784362793, -0.010519294999539852, -0.0005241450853645802, -0.004088496323674917, -0.6331723928451538, -0.0003197873884346336, -0.5015314817428589, -2.114081621170044]",9.93906307220459,False,0.0,-5.239282557275146,-0.26196412786375733,20.0,-4.729783126618713,-0.24893595403256386,19.0,0.12019449601757334,1,33,22,22,1.5,-1.6910763111292515,-1.033116816432201,True,25,1.25,42.0,0.6521739130434783,16.0,2.2890969431731136
~/anvil/data/cve-targets/poppler_repo_poppler_XRef.cc,1491,1486,1515,{,{,{,9.764351844787598,[[90]],[-0.3893514573574066],12.018925666809082,True,0.0,-0.3893514573574066,-0.3893514573574066,1.0,-0.3893514573574066,-0.3893514573574066,1.0,0.0,1,2,2,2,1.0,-25.07850339397696,-1.0882564552981762,False,1,1.0,0.0,1.0,0.0,1.4316836288052843
~/anvil/data/cve-targets/libsndfile_repo_src_sd2.c,351,276,385,rsrc.type_offset = rsrc.map_offset + 30 ;,"rsrc.type_offset = rsrc.map_offset + read_rsrc_short (&rsrc, rsrc.map","	rsrc.type_offset = rsrc.map_offset + read_rsrc_short (&rsrc, rsrc.map",0.2076196521520614,"[[7000, 3548, 4852, 6917, 284, 435, 3548, 4770, 6917, 488, 1349, 1710, 3548, 16673, 15899, 81, 3548, 11, 435, 3548, 4770]]","[-0.21532835066318512, -1.3828182090946939e-05, -0.08402888476848602, -0.011694801971316338, -0.001862221397459507, -0.02790549211204052, -3.2186455882765586e-06, -0.032442834228277206, -0.00014137222024146467, -0.0033742417581379414, -0.5053218603134155, -0.0008120815036818385, -1.3947389561508317e-05, -0.03611366078257561, -0.0008239926537498832, -2.5510462364763953e-05, 0.0, -6.568216485902667e-05, -0.0012659162748605013, -4.768370445162873e-07, -0.0008547228644602001]",3.031943798065185,False,0.0,-0.9220930971933967,-0.04390919510444746,21.0,-0.9220930971933967,-0.04610465485966984,20.0,0.012932368476480424,1,16,21,21,0.7619047619047619,-4.503225385462699,-1.150386201593633,True,14,0.6666666666666666,31.0,0.6909090909090909,13.0,1.753679011236384
~/anvil/data/cve-targets/libsndfile_repo_src_common.c,1260,1105,1410,} /* psf_strlcpy_crlf */,return ;,"	return ;
} /* psf_strlcpy_crlf */
void
ps",0.3804259598255157,"[[853, 4386, 92, 1391, 4726, 69, 2895, 75, 7641, 666, 2381, 69, 735, 1004, 198, 1690]]","[-0.19373586773872375, -0.002132286550477147, -0.001916716224513948, -0.0011320855701342225, -0.008145919069647789, -0.002760649425908923, -0.004680511076003313, -0.003667297540232539, -0.0023035677149891853, -0.017253659665584564, -8.689979586051777e-05, -0.00031096869497559965, -0.15595953166484833, -1.2627296447753906, -0.010103747248649597, -0.0878281220793724]",5.674479007720947,False,3.0,-1.7547474748353125,-0.10967171717720703,16.0,-0.1958681542892009,-0.09793407714460045,2.0,0.009177983081040252,0,3,10,4,0.3,-3.8845105903618586,-1.0768437763855931,True,11,0.6875,21.0,0.1875,4.0,1.8232850019570825
~/anvil/data/cve-targets/libpng_repo_pngset.c,1095,940,1245,},},},8.759181022644043,[[92]],[-0.2591809630393982],9.169445037841797,True,0.0,-0.2591809630393982,-0.2591809630393982,1.0,-0.2591809630393982,-0.2591809630393982,1.0,0.0,0,2,2,2,1.0,-33.79561878282147,-1.0134291898510879,False,1,1.0,0.0,1.0,0.0,1.570804593560343
~/anvil/data/cve-targets/openssl_repo_ssl_statem_extensions_srvr.c,627,570,758,EVP_MD_CTX_free(hctx);,EVP_MD_CTX_free(hctx);,    EVP_MD_CTX_free(hctx);,0.0025662512052804,"[[262, 72758, 46497, 44233, 8905, 3203, 3773, 1215, 151643]]","[-0.0011973362416028976, -0.007864226587116718, -0.006991091184318066, -5.483612312673358e-06, -0.0019386084750294685, -7.867782187531702e-06, -3.576278118089249e-07, -0.0011888825101777911, -0.0808568149805069]",10.468924522399902,True,0.0,-0.10005066900106385,-0.011116741000118205,9.0,-0.019193854020556955,-0.0023992317525696194,8.0,8.909532794809203e-06,0,9,9,9,1.0,-1.0696137221974908,-1.0468930782286423,False,8,0.8888888888888888,0.0,1.0,0.0,0.9488515310028046
~/anvil/data/cve-targets/libxml2_repo_HTMLparser.c,2762,2727,2765,NEXT;,if (ret,        if (ret,1.9347625970840452,"[[286, 421, 320, 2122]]","[-0.4317755699157715, -0.4554196000099182, -0.24248221516609192, -0.7642182111740112]",5.1041669845581055,False,0.0,-1.8938955962657928,-0.4734738990664482,4.0,-1.8938955962657928,-0.4734738990664482,4.0,0.03498853035560073,1,4,4,4,1.0,-4.0863131017334435,-1.0923071752775761,True,2,0.5,7.0,0.0,4.0,1.899408510330815
~/anvil/data/cve-targets/libxml2_repo_HTMLparser.c,694,539,844,"static const char* const object_attrs[] = { ATTRS, ""declare"", ""classid"", ""codebase"", ""data"", ""type"", ""codetype"", ""archive"", ""standby"", ""height"", ""width"", ""usemap"", ""name"", ""tabindex"", NULL } ;","static const char* const object_attrs[] = { ATTRS, ""declare"", ""classid"", ""codebase"", ""data"", ""type"", ""codetype"", ""archive"", ""standby"", ""height"", ""width"", ""usemap"", ""name"", ""tabindex"", ""align"", ""border"", ""hspace"", ""vspace"", NULL } ;","static const char* const object_attrs[] = { ATTRS, ""declare"", ""classid"", ""codebase"", ""data"", ""type"", ""codetype"", ""archive"", ""standby"", ""height"", ""width"", ""usemap"", ""name"", ""tabindex"", ""align"", ""border"", ""hspace"", ""vspace"", NULL } ;",0.2594795823097229,"[[1978, 733, 1161, 9, 733, 1633, 39578, 1294, 284, 314, 37918, 50, 11, 330, 18471, 497, 330, 1040, 307, 497, 330, 1851, 3152, 497, 330, 691, 497, 330, 1313, 497, 330, 20116, 16214, 497, 330, 16019, 497, 330, 2685, 1694, 497, 330, 2563, 497, 330, 3098, 497, 330, 810, 2186, 497, 330, 606, 497, 330, 6192, 1252, 497, 330, 6612, 497, 330, 9461, 497, 330, 4997, 1306, 497, 330, 85, 8746, 497, 1770, 335, 2587, 151664, 151659, 14, 3608, 14, 36975, 37361, 14, 10940, 1906, 14, 3608, 14, 10940, 1906, 14]]","[-0.003405606606975198, -6.4490144723095e-05, -0.00012814177898690104, -6.687417771900073e-05, -1.2278481335670222e-05, -0.07063283026218414, -0.13742434978485107, -0.0006176709430292249, -0.0033031923230737448, -0.0017130000051110983, -0.2661776840686798, -7.271740287251305e-06, -0.00630615372210741, -0.005345575045794249, -0.10444100201129913, -0.003008247120305896, -0.0024509173817932606, -0.013575847260653973, -3.0040289857424796e-05, -0.004524707794189453, -0.0011985269375145435, -0.004466319922357798, -6.723177648382261e-05, -0.003608859609812498, -0.0015053142560645938, -0.014802740886807442, -0.003483895445242524, -0.001303180935792625, -0.0018856617389246821, -0.006233061198145151, -0.007597125135362148, -0.00027724236133508384, -4.291525328881107e-06, -0.0036086218897253275, -0.0049768611788749695, -0.014876971021294594, -0.009217328391969204, -0.008393842726945877, -0.0019302800064906478, -5.006777428206988e-06, -0.0029589226469397545, -0.006354247219860554, -0.055880580097436905, -0.001039679627865553, -0.0005482124397531152, -0.00010609064338495955, -0.02016321010887623, -0.12954403460025787, -0.001423656358383596, -1.168244216387393e-05, -0.0050485036335885525, -0.024639438837766647, -0.005331701599061489, -0.00782791618257761, -0.06321447342634201, -0.0008374521275982261, -0.00011038171214750037, -0.015463808551430702, -0.07990694791078568, -0.028694886714220047, -0.007654502522200346, -0.10196825861930847, -0.005627740640193224, -0.0028761946596205235, -0.008656831458210945, -0.0005069877952337265, -2.622600959512056e-06, -0.0017114529618993402, -0.001177809201180935, -0.0005647733341902494, -1.7404405298293568e-05, -0.033585138618946075, -0.17204007506370544, -0.04611876234412193, -0.03006233647465706, -0.6693639159202576, -0.7919803261756897, -1.7979909181594849, -3.2525441646575928, -0.8094924092292786, -1.2075576782226562, -0.02547301910817623, -1.252073049545288, -2.389252185821533, -0.35735923051834106, -0.9127727746963501, -0.2787601053714752, -0.7902292013168335, -0.636658251285553, -0.007742987480014563, -0.3938353955745697]",9.976390838623049,False,0.0,-2.243718878165282,-0.02952261681796424,76.0,-1.5743549622450246,-0.020991399496600328,75.0,0.0020073278615477543,0,90,110,110,0.8181818181818182,-12.36123310176375,-1.0340813649979164,True,61,0.8026315789473685,39.0,0.9078014184397163,20.0,2.922917160925465
~/anvil/data/cve-targets/libsndfile_repo_src_ulaw.c,808,653,958,"i2ulaw_array (const int *ptr, int count, unsigned char *buffer)","i2ulaw_array (const int *ptr, int count, unsigned char *buffer)<|fim_pad|><|fim_pad|><|fim_pad|><|fim_pad|><|fim_pad|><|fim_pad|><|fim_pad|><|fim_pad|><|fim_pad|>","i2ulaw_array (const int *ptr, int count, unsigned char *buffer)<|fim_pad|><|fim_pad|><|fim_pad|><|fim_pad|><|fim_pad|><|fim_pad|><|fim_pad|><|fim_pad|><|fim_pad|>",0.0008972639334388,"[[72, 17, 360, 672, 3858, 320, 1024, 526, 353, 3505, 11, 526, 1760, 11, 3774, 1161, 353, 7573, 8, 151662, 151662, 151662, 151662, 151662, 151662, 151662, 151662, 151662]]","[-0.0026982349809259176, -2.0265558760002023e-06, -3.540453326422721e-05, -1.5258672647178173e-05, -2.13382354559144e-05, -0.0006823595031164587, -0.007121654227375984, -0.0006482883472926915, -0.0011609011562541127, -0.00018130090029444546, -5.94836674281396e-05, -0.0004959068610332906, -0.00013660451804753393, -5.376194530981593e-05, -0.0008311392739415169, -1.6331539882230572e-05, -0.0006001578294672072, -0.00029988560709170997, -0.0028758379630744457, -0.5851529836654663, 0.0, 0.0, 0.0, 0.0, 0.0, 0.0, 0.0, 0.0]",10.71250057220459,False,0.0,-0.6030888599832451,-0.030154442999162256,20.0,-0.6030888599832451,-0.030154442999162256,20.0,0.01176728930133624,0,25,78,78,0.32051282051282054,-0.029755612911295613,-1.0532874795211906,True,19,0.95,99.0,0.56,61.0,2.112700386850253
~/anvil/data/cve-targets/libsndfile_repo_src_ulaw.c,829,823,835,{,{,		{,4.51186466217041,"[[197, 197, 90]]","[-0.00045277358731254935, -0.015182644128799438, -0.00364841241389513]",11.614757537841797,True,0.0,-0.019283830130007118,-0.006427943376669039,3.0,-0.019283830130007118,-0.006427943376669039,3.0,4.002441054800331e-05,1,2,2,2,1.0,-701.914188999664,-1.0773158570095365,False,1,0.3333333333333333,0.0,1.0,0.0,1.0974935338518366
~/anvil/data/cve-targets/poppler_repo_poppler_SplashOutputDev.cc,2214,2203,2320,if (t3GlyphStack->haveDx) {,if (t3GlyphStack->haveDx) {,    if (t3GlyphStack->haveDx) {,0.096967302262783,"[[262, 421, 320, 83, 18, 82039, 4336, 405, 19016, 35, 87, 8, 314, 151643]]","[-0.0004138090298511088, -0.001947650802321732, -0.06469602882862091, -0.02247038669884205, -4.470248313737102e-05, -0.008575164712965488, -0.0014637719141319394, -0.2895152270793915, -0.11573424935340881, -0.007184148300439119, -0.08906737715005875, -0.05143069103360176, -0.029891347512602806, -0.05584642291069031]",11.87430477142334,True,0.0,-0.7382809778100636,-0.05273435555786169,14.0,-0.6824345548993733,-0.05249496576149026,13.0,0.005975573843720614,1,13,13,13,1.0,-1.8471733595055921,-1.0843289440046804,False,12,0.8571428571428571,0.0,1.0,0.0,0.8963388869688165
~/anvil/data/cve-targets/libxml2_repo_xmlmemory.c,142,129,178,TEST_POINT,if (size,    if (size,1.705805778503418,"[[262, 421, 320, 2141]]","[-0.5421056151390076, -0.27002081274986267, -0.4340968728065491, -0.2679620087146759]",6.695138454437256,False,0.0,-1.5141853094100952,-0.3785463273525238,4.0,-1.5141853094100952,-0.3785463273525238,4.0,0.013461045642457758,1,2,4,4,0.5,-4.50620084055095,-1.0497141059649966,True,2,0.5,10.0,0.0,3.0,1.9797038959876807
~/anvil/data/cve-targets/libsndfile_repo_src_common.c,478,470,684,unsigned int 	data ;,unsigned int		data ;,	unsigned int		data ;,0.0964000821113586,"[[9955, 526, 197, 8924, 2587, 151643]]","[-0.2827891707420349, -0.06565698981285095, -1.1097898483276367, -0.0093770083039999, -0.028704732656478882, -0.051217902451753616]",3.902083396911621,False,0.0,-1.547535652294755,-0.2579226087157925,6.0,-1.4963177498430014,-0.2992635499686003,5.0,0.17380651822278,0,7,7,7,1.0,-0.3221243687093641,-1.1256315135055563,True,5,0.8333333333333334,1.0,0.95,0.0,1.7127992154009979
~/anvil/data/cve-targets/libpng_repo_png.c,2261,2226,2361,*/,*/,       */,0.0160126443952322,"[[981, 639, 151643]]","[-0.0012704405235126615, -0.01863659918308258, -0.00369473360478878]",17.668230056762695,True,0.0,-0.023601773311384022,-0.007867257770461341,3.0,-0.019907039706595242,-0.009953519853297621,2.0,7.539586664733882e-05,1,3,3,3,1.0,-1.608741895453916,-1.2533368104148075,False,1,0.3333333333333333,0.0,1.0,0.0,0.3052040874173773
